global_signal	global_signal_derivative1	global_signal_power2	global_signal_derivative1_power2	csf	csf_derivative1	csf_power2	csf_derivative1_power2	white_matter	white_matter_derivative1	white_matter_power2	white_matter_derivative1_power2	csf_wm	tcompcor	std_dvars	dvars	framewise_displacement	rmsd	t_comp_cor_00	t_comp_cor_01	t_comp_cor_02	t_comp_cor_03	c_comp_cor_00	c_comp_cor_01	c_comp_cor_02	c_comp_cor_03	c_comp_cor_04	c_comp_cor_05	w_comp_cor_00	w_comp_cor_01	w_comp_cor_02	w_comp_cor_03	w_comp_cor_04	w_comp_cor_05	w_comp_cor_06	w_comp_cor_07	w_comp_cor_08	w_comp_cor_09	w_comp_cor_10	w_comp_cor_11	w_comp_cor_12	w_comp_cor_13	w_comp_cor_14	w_comp_cor_15	w_comp_cor_16	w_comp_cor_17	w_comp_cor_18	w_comp_cor_19	w_comp_cor_20	w_comp_cor_21	w_comp_cor_22	w_comp_cor_23	w_comp_cor_24	w_comp_cor_25	w_comp_cor_26	w_comp_cor_27	w_comp_cor_28	w_comp_cor_29	w_comp_cor_30	w_comp_cor_31	w_comp_cor_32	w_comp_cor_33	w_comp_cor_34	w_comp_cor_35	w_comp_cor_36	w_comp_cor_37	w_comp_cor_38	w_comp_cor_39	a_comp_cor_00	a_comp_cor_01	a_comp_cor_02	a_comp_cor_03	a_comp_cor_04	a_comp_cor_05	a_comp_cor_06	a_comp_cor_07	a_comp_cor_08	a_comp_cor_09	a_comp_cor_10	a_comp_cor_11	a_comp_cor_12	a_comp_cor_13	a_comp_cor_14	a_comp_cor_15	a_comp_cor_16	a_comp_cor_17	a_comp_cor_18	a_comp_cor_19	a_comp_cor_20	a_comp_cor_21	a_comp_cor_22	a_comp_cor_23	a_comp_cor_24	a_comp_cor_25	a_comp_cor_26	a_comp_cor_27	a_comp_cor_28	a_comp_cor_29	a_comp_cor_30	edge_comp_00	edge_comp_01	edge_comp_02	edge_comp_03	edge_comp_04	edge_comp_05	edge_comp_06	edge_comp_07	edge_comp_08	edge_comp_09	edge_comp_10	edge_comp_11	edge_comp_12	edge_comp_13	edge_comp_14	edge_comp_15	edge_comp_16	edge_comp_17	edge_comp_18	edge_comp_19	edge_comp_20	edge_comp_21	edge_comp_22	edge_comp_23	cosine00	cosine01	cosine02	cosine03	trans_x	trans_x_derivative1	trans_x_power2	trans_x_derivative1_power2	trans_y	trans_y_derivative1	trans_y_power2	trans_y_derivative1_power2	trans_z	trans_z_derivative1	trans_z_power2	trans_z_derivative1_power2	rot_x	rot_x_derivative1	rot_x_derivative1_power2	rot_x_power2	rot_y	rot_y_derivative1	rot_y_derivative1_power2	rot_y_power2	rot_z	rot_z_derivative1	rot_z_power2	rot_z_derivative1_power2	motion_outlier00	motion_outlier01
5333.817728102272	n/a	28449611.55661808	n/a	13787.848832848957	n/a	190104775.43749437	n/a	5403.7590910199615	n/a	29200612.31378088	n/a	6878.294595856362	7086.493814535869	n/a	n/a	n/a	n/a	-0.0851890188	-0.0975065508	0.1952477423	-0.0756240553	0.4095122747	-0.0397687212	0.1903686236	-0.218625003	0.2437732752	-0.5578377792	-0.0148726792	0.0928021709	0.0236826234	-0.0142444992	0.1233185553	-0.2534784609	0.0538745937	-0.1208996089	0.1688039083	-0.1831530364	0.1041666736	-0.1661461709	0.0820218864	-0.1318497106	0.0126198323	-0.0542305428	0.181131418	-0.171707017	0.0187813975	-0.0297996018	0.102119492	-0.1041691956	-0.0292312855	0.0244667696	0.1222772989	-0.0855869978	0.060447336	0.0231063774	0.0194447462	-0.0847090085	-0.0461445079	-0.0201925716	0.0577497702	0.0524860064	-0.1033590203	-0.0684898308	0.0467616595	0.0730933953	0.022121436	-0.10677196	0.2628276827	-0.0873568369	0.0586820008	-0.0367600432	0.0631225194	-0.0322399802	0.5771313124	-0.1474874303	0.0512400937	-0.1074649657	0.2390564699	-0.1696139005	-0.1097195813	0.0777666388	-0.0626821096	0.0426698632	-0.0214290283	0.0597763359	-0.128523898	0.0272324074	-0.02864276	0.0563419375	-0.1129507428	0.0210225105	-0.0604525288	0.1686858972	0.0077135473	0.046137917	-0.0246770826	-0.030343978	-0.0072107161	0.1085534394	-0.2046214383	0.1844559484	-0.3689691605	0.0556285147	-0.11853124	0.0464326545	0.0160674377	-0.0363813791	0.0621076061	-0.0446102988	0.0307831551	-0.023088845	0.2155898818	-0.0308619275	0.0932705117	-0.2005859379	0.0563719995	-0.1211933412	0.0251647473	-0.2554741478	0.0749425559	-0.1544527003	0.1824537697	0.1269899372	0.1269593695	0.1269084288	0.1268371232	-0.020087416598912	n/a	0.0004035043056182	n/a	-0.0589970938345345	n/a	0.0034806570809208	n/a	-0.0620171780014615	n/a	0.0038461303672649	n/a	0.0044508195920996	n/a	n/a	1.980979504141765e-05	-0.0011778622502653	n/a	n/a	1.3873594806000365e-06	0.0005141237298174	n/a	2.643232095613549e-07	n/a	0.0	0.0
5313.044889411962	-20.77283869030998	28228445.996906564	431.5108272536393	13611.267744926556	-176.5810879224009	185266609.62407804	31180.88061185868	5402.723942674606	-1.0351483453550827	29189426.000749443	1.0715320968913655	6840.262162683365	7042.947788345081	1.281266	28.800117	0.0962613921763776	0.0546612868355112	0.0353319018	-0.0150300984	0.0401847339	-0.1673331256	0.2060895131	-0.0683050487	0.0871695618	0.0220873014	0.1600237651	-0.0558558291	-0.0325554662	0.101777749	0.047024339	-0.1201913152	-0.0567270659	-0.205384557	0.0098532297	-0.2390655242	0.2153373114	-0.0921212354	0.0959050214	0.0769248473	-0.0357687338	-0.1131054738	-0.0405273234	-0.0936556394	-0.0195403256	-0.0676590931	0.0240935935	0.1135228732	0.0281044241	0.1174632672	0.1755843155	0.1553309503	0.0959453448	-0.1011082589	0.0200598787	0.0018886397	-0.0031628759	0.0174459837	-0.0186339364	0.0537734357	0.0674698876	-0.064076428	0.2182976999	0.0299452504	-0.0698312693	0.0916451886	-0.1000125891	0.1856871852	0.1509317987	-0.0823447972	-0.0136961925	-0.1034846927	-0.0078049636	0.0886094163	0.3263668477	-0.0310620019	-0.1077635752	0.1068962856	0.0926558593	-0.0999789773	0.1078154739	-0.0554495506	0.0292636453	0.1868020868	0.0377196913	0.0362319822	-0.0201341204	-0.1308699957	0.1849771294	-0.0550060737	0.0370503453	0.070044619	0.0319460114	-0.2133548654	0.1413810056	-0.093050266	0.0912219596	0.0488829422	0.0555355556	-0.0078112169	-0.1713359181	0.0433533052	-0.400354828	0.04743204	-0.0217685084	0.0173031131	0.0049025506	-0.017169778	-0.0246186572	-0.0859169552	-0.0128859537	-0.1253265065	0.2112567545	-0.1468288365	-0.004164901	0.0378669912	0.2391236826	0.0052055828	0.0130997746	0.2059081068	-0.0150684718	-0.1401414309	0.1114051801	0.1269084288	0.1266334666	0.1261756376	0.1255356027	-0.0242368508858419	-0.0041494342869299	0.0005874249408625	1.7217804901549452e-05	-0.057372444944292	0.0016246488902424	0.0032915974388858	2.639484016566177e-06	-0.0971009018512418	-0.0350837238497803	0.0094285851403244	0.0012308676791676	0.0049450694746991	0.0004942498825995	2.442829464496195e-07	2.4453712109600838e-05	-0.0009752516743306	0.0002026105759346	4.1051045480590837e-08	9.511158282846388e-07	0.0001029124853631	-0.0004112112444543	1.0590979643610273e-08	1.6909468756565405e-07	0.0	0.0
5300.048345795214	-12.996543616747658	28090512.467766587	168.9101459820243	13518.330277743406	-92.93746718315016	182745253.4981541	8637.372806419111	5392.402373335959	-10.32156933864735	29078003.355959285	106.5347936125051	6814.331797368476	6891.8203936244745	1.140724	25.641027	0.1274623104159246	0.101791393244592	0.1107661144	0.0004232397	-0.0684873458	-0.0255466602	0.0202271911	-0.1094486767	0.0097498826	-0.0426205354	0.1209293615	0.0099120473	-0.1120301523	0.0448819534	0.0179799099	-0.0713468455	-0.1927295771	-0.0453298984	-0.0491034556	-0.0874954926	0.0493964905	-0.0247736371	0.0429291191	-0.0054434138	-0.0852019273	0.013270946	0.138812259	0.1184868576	0.0124440521	0.1747022476	-0.0686470046	-0.0480292848	0.0615796248	0.0562107851	-0.0635930963	0.0421615466	0.0586423586	-0.0479477784	0.0042235059	0.0082780146	-0.1026945819	-0.0129316979	-0.0409642551	0.123181213	-0.0658266511	0.0070070157	-0.2039746789	0.1273643565	-0.0496955685	0.0285597414	-0.0783658374	-0.0291725114	0.0750634663	-0.0880979283	-0.121631163	-0.0985553779	-0.0785608897	0.0366040782	0.1245434139	0.0991706615	-0.0754040517	0.0280962074	-0.037046336	0.0202940433	0.0980712053	-0.1154246417	0.0624326004	-0.0034672635	-0.1629031635	-0.0850031684	0.183284414	-0.0532155272	-0.0432593688	0.0095736971	0.0382883521	-0.0640006087	0.0544662572	-0.0554129565	-0.0419666344	0.1438441677	-0.2041947659	0.1503712122	0.0561450948	-0.0784249222	-0.1025561939	-0.0279001834	-0.2614478964	0.1389702088	-0.0237461919	0.084035076	0.0234696312	0.0119708589	0.0559997129	0.0371219519	-0.1557861182	0.0071622374	0.0609179749	-0.0013532363	-0.044024598	0.0940851064	-0.0174411382	-0.0551325407	-0.1774435014	0.1050172646	0.0705532968	0.1281550173	-0.2537140593	0.1267454643	0.1259824975	0.1247142864	0.122945917	-0.0190361766091626	0.0052006742766793	0.0003623760198952	2.704701293211376e-05	-0.0590434488028677	-0.0016710038585757	0.0034861288465368	2.7922538953748808e-06	-0.0807463476436822	0.0163545542075596	0.0065199726577943	0.000267471443328	0.0031010559966732	-0.0018440134780259	3.400385707141177e-06	9.616548294502812e-06	-0.0007578063687634	0.0002174453055672	4.7282460913213e-08	5.742704925383702e-07	0.0001261752632322	2.3262777869099996e-05	1.592019705171496e-08	5.411568341870883e-10	0.0	0.0
5311.235531283146	11.187185487931856	28209222.86876456	125.15311914139312	13479.503244687434	-38.8270330559717	181697007.72353905	1507.5384959295188	5394.545057834904	2.142684498944618	29101116.381010983	4.591096862017549	6799.237804364144	6882.9736918302	1.101418	24.757528	0.0857282292663471	0.0459438628972387	0.0663702634	0.0195029987	-0.0884794752	0.0871576845	-0.0824035542	0.0250550696	-0.0375922474	-0.1166339364	0.0196402692	0.0627822106	-0.0652131656	-0.0650094566	-0.0830868794	-0.0317658079	-0.0838358222	-0.2786218516	-0.1716095174	0.0626741752	-0.0971101978	0.1218338746	0.1727371597	-0.0024853868	-0.0687702099	-0.0658265475	0.0085293656	0.0055477882	-0.0664223033	0.0922321572	-0.0175805923	-0.0129488267	-0.0532670924	-0.1955223411	-0.148365165	-0.0889689271	-0.0198356082	0.0567846405	-0.0194227448	-0.0010793241	0.086888588	-0.0783238873	0.0178728352	0.1099992541	-0.0810223876	-0.0708987204	0.0623561843	-0.0021147887	0.0243142104	0.0646830612	0.0478924216	-0.130763191	-0.1092053114	0.0235065839	-0.0746255692	0.0311820228	-0.0916869965	-0.0689104757	0.1460397534	0.2053131174	-0.0311073531	0.0844558206	0.0089683984	0.1803088165	-0.0149241851	-0.0041351742	0.0469208912	-0.1518896122	0.0585195305	-0.2081666589	-0.07281518	-0.1941507535	0.0407157217	0.0540835265	0.1095603876	0.0471311185	0.1137417704	0.0351608551	-0.0046711389	0.019445936	-0.0532176365	-0.0678539685	-0.0397527776	-0.0612583507	0.0263503609	-0.013300686	-0.2067111859	0.1861621986	-0.1080303697	-0.0155708349	-0.0003977032	-0.008648452	0.0923407276	0.024007239	0.0050632306	-0.0704690857	-0.1968894842	0.1461750369	0.0920255064	0.0650173771	-0.1223254497	-0.0071054687	-0.1329694027	-0.0622120662	-0.0323204718	0.1921260702	-0.1071443279	0.1265011483	0.125008133	0.1225328133	0.1190946399	-0.0179630971301207	0.0010730794790419	0.0003226728585061	1.1514995683408376e-06	-0.0199871545095788	0.0390562942932889	0.0003994863453897	0.0015253941239239	-0.0671828521101858	0.0135634955334963	0.004513535617659	0.0001839684110871	0.0027675711731468	-0.0003334848235263	1.1121212752243394e-07	7.659450198433157e-06	-0.0005566791882982	0.0002011271804652	4.0452142721881145e-08	3.098917186843428e-07	0.000232270458451	0.0001060951952188	5.3949565869037725e-08	1.1256190448515284e-08	0.0	0.0
5319.508420086265	8.272888803118803	28297169.83136867	68.44068914876847	13469.295588454155	-10.207656233278612	181421923.64915055	104.19624577679171	5405.210118804564	10.665060969660772	29216296.428427253	113.74352548658156	6809.099043566115	6940.4622550978565	1.026811	23.080515	0.1250374144473928	0.0670350418654644	0.0207260112	-0.0034370195	0.0066592226	0.1098756799	-0.103513293	0.0343386195	-0.0102250891	-0.0612106802	-0.1415035659	0.0108293573	0.0441312592	-0.1039609548	-0.0327063352	-0.0070733144	0.0814207565	-0.1777428724	0.1258212704	0.2491863995	0.0864882878	-0.0177171589	-0.0732882339	-0.0016559807	-0.1623148104	0.1051930131	0.0818041824	-0.0005369312	-0.0635972029	0.0045697817	-0.0059518136	-0.1416312682	-0.1275440331	-0.0975864389	-0.0511540196	-0.1647957574	-0.0728822783	-0.056173336	0.086829082	0.1777557844	0.0971854491	0.1187740002	0.0361786229	-0.0302052369	0.0885580395	-0.0409673231	0.0403513724	-0.004330776	-0.1537977196	-0.1037080006	-0.014766609	0.0304993543	-0.1043249981	0.0158424376	0.0551961465	0.0895127688	-0.0304146587	-0.0883590666	0.062181577	0.0663721757	0.1313660994	0.191999768	-0.0375456711	0.2172728492	0.1304759407	0.0914351995	-0.0511402098	-0.0572994277	-0.0308486635	-0.2293632336	0.0647795832	0.22582468	0.0625294515	0.1537419957	-0.0292369948	0.0475172037	-0.0215000584	-0.1624197214	-0.1101784086	-0.0502851784	0.033613606	-0.0781643036	0.0586680845	0.0506792341	0.0619196284	0.0216009928	-0.0953355703	0.1352228493	-0.1019094739	-0.0891842664	0.0377752639	-0.0758340138	-0.0544698951	0.0310399335	-0.0092850172	-0.0622091729	-0.2400799714	0.0793161671	0.0583853861	0.0228911829	-0.1572599705	0.0576341782	0.2769870428	0.0119950636	-0.2095673117	0.1723152682	0.0881822365	0.1261756376	0.1237128745	0.1196438145	0.1140212905	-0.0176605065446864	0.0003025905854343	0.0003118934914149	9.15610623934725e-08	-0.0645475848289862	-0.0445604303194074	0.0041663907072551	0.0019856319502507	-0.0423610605983526	0.0248217915118332	0.0017944594550173	0.0006161213338569	0.0022470162015735	-0.0005205549715733	2.709774784296792e-07	5.049081810133801e-06	-0.000942965167973	-0.0003862859796748	1.4921685809332002e-07	8.891833080103481e-07	3.205936908474158e-05	-0.0002002110893662	1.0278031461116844e-09	4.0084480305223926e-08	0.0	0.0
5312.664020214835	-6.8443998714301415	28224398.99168525	46.845809600032936	13492.298011257224	23.00242280306884	182042105.62457564	529.1114548111414	5401.782890326882	-3.4272284776825472	29179258.39422824	11.74589503823823	6809.471624301343	6936.12130546925	0.943144	21.19985	0.0650306855223184	0.0338298477557901	0.0534228852	-0.0125207925	0.0671295502	0.0829226039	-0.0195460097	0.0121763203	0.0305317813	-0.0064542806	-0.1114326309	0.0833031512	0.0200944469	-0.1383925311	0.0649754838	0.009736004	0.1114481831	-0.0464492693	0.1063983379	0.0110773965	0.0730963265	0.0659260967	-0.2520383913	-0.0382381604	-0.1008637966	-0.1185613963	0.0250646509	0.1188731592	-0.122296223	0.0508562267	0.0097013908	0.1176663263	-0.0782934626	-0.0880478477	0.116945472	-0.1169730469	0.0358264862	0.1093918639	-0.0016757631	-0.0155618498	0.0004361035	-0.0667273645	0.0453865917	-0.1541869122	-0.1956211492	0.0266314972	-0.0968097785	-0.0283645774	0.1575501796	-0.052137896	0.0025495998	0.0912998303	-0.038392634	-0.0061765784	0.0848307607	0.1205864747	-0.0491520445	0.0074680432	-0.0464393705	-0.0412213952	0.066450074	0.1458342074	0.0611825124	0.1282116732	0.2699261677	-0.0093307473	-0.1067200449	-0.1594263612	0.0387915142	0.0089315364	-0.0387982669	-0.0753217444	-0.1963230812	-0.1442991705	-0.0076232433	0.1203809604	-0.1064179948	0.0111051079	-0.0635725515	0.0195661929	0.004867307	-0.0726309745	0.0379139383	0.1295497616	0.0268616141	-0.0318645354	-0.0504764019	0.0956278232	-0.1015333287	-0.0873288885	-0.0104164854	-0.0886218048	-0.0495954323	0.0266666838	0.0317399528	0.118021651	-0.1780139368	0.0726453794	0.1042906112	-0.0112215121	-0.1521977471	0.1142310178	-0.0012799443	-0.0454586942	-0.0171200813	0.1503316441	0.0006773677	0.1257691411	0.1221000468	0.1160639717	0.1077779285	-0.0264701109315552	-0.0088096043868688	0.0007006667727288	7.7609129453138e-05	-0.054474040144413	0.0100735446845732	0.0029674210496551	0.000101476302512	-0.0387120085994183	0.0036490519989343	0.0014986196098014	1.3315580490926436e-05	0.0017079101403572	-0.0005391060612163	2.906353452401532e-07	2.9169570475349508e-06	-0.0010406574447376	-9.769227676459998e-05	9.5437809394512e-09	1.082967917287791e-06	-0.0001811119819732	-0.0002131713510579	3.280155001426072e-08	4.544202491186816e-08	0.0	0.0
5309.736603325734	-2.927416889100641	28193302.796697102	8.569769642591675	13468.383341959076	-23.91466929814851	181397349.8459607	571.911407639807	5400.778793687847	-1.0040966390351969	29168411.578348357	1.0082100605217783	6800.143644097511	6906.277212018629	1.178496	26.490078	0.0980322095783456	0.0459550628007727	0.0852537669	-0.0147400553	0.1341038382	-0.0296557416	0.0820130003	0.014002759	-0.0355889846	0.089522424	-0.0652125212	0.1487670715	-0.0266759224	0.0963056219	0.0407592734	-0.2201768297	0.0785125846	0.0991893231	-0.0247073017	-0.0960308248	0.0388587339	-0.0373428823	-0.0848745659	0.0745346852	0.0217946648	-0.0093533804	0.1388752825	-0.0967534716	-0.1696981435	-0.0604054612	-0.1645258135	0.0386548346	0.1153686782	0.0969291342	0.1465307082	-0.0233575212	0.0042767727	-0.0389060941	-0.0435409025	-0.0271619485	0.0177544014	0.0136997396	-0.1430126015	-0.1934006199	0.0492085428	0.0309528888	0.0395413588	0.0351711672	0.0495007851	-0.0253858015	0.0149018132	0.019566042	0.121053568	0.0849785401	0.0290014802	0.0595083419	-0.0684302694	0.0988025124	-0.1058673158	-0.1587363716	-0.0783926309	0.0310824455	-0.0345706265	-0.0409840887	0.0796698757	-0.1691687018	-0.0427465098	0.1170740433	-0.1010148027	-0.0431331827	0.2292206946	0.1195690887	0.0436837742	-0.0851319681	-0.0441885324	0.0325578829	0.0140170207	0.0860968929	0.0786504826	-0.0619886395	0.0319088496	-0.1611002199	0.0093053673	0.0982119726	-0.1197579698	-0.092521799	0.0745410973	-0.0753730234	-0.002926666	-0.1005014122	-0.0881597986	-0.0098664094	-0.0635986266	-0.0188245629	0.0015720791	0.2479223552	0.0642680922	-0.0486386612	-0.1582650456	0.0506848242	-0.1684801198	0.1344535316	0.1191898998	-0.0200579144	0.0775529404	-0.0072162558	0.0503538416	0.1252819198	0.12017379	0.1118139553	0.100428619	-0.0164768046225844	0.0099933063089708	0.0002714850905708	9.98661709849156e-05	-0.0497185630293302	0.0047554771150827	0.0024719355097014	2.261456259207621e-05	-0.0227405019893112	0.0159715066101071	0.0005171304307258	0.0002550890233966	0.0012889788882743	-0.0004189312520829	1.755033939717464e-07	1.66146657441685e-06	-0.0014054815646942	-0.0003648241199565	1.330966385021076e-07	1.9753784286952564e-06	-0.0007435950008174	-0.0005624830188442	5.52933525240629e-07	3.1638714648808464e-07	0.0	0.0
5323.224441761247	13.487838435513368	28336718.457364343	181.9217856625117	13449.864369849636	-18.518972109439343	180898851.56735075	342.9523279901924	5400.113987021927	-0.6648066659199685	29161231.07282985	0.4419679030516246	6792.798728261096	6955.301459854098	1.151439	25.881889	0.0866918731988262	0.0446349037655506	-0.0284038148	0.04777218	0.0456211948	-0.1081865089	0.0207359542	0.0922272779	-0.0955007186	0.1351962608	0.0450377048	0.1606722412	-0.038082859	0.1251026838	-0.0819453281	-0.0935919999	0.0515908432	0.260465678	0.0194147355	-0.0120183723	-0.0497126319	-0.1728247433	0.0652014133	-0.0552535265	0.0834600182	0.0049887105	0.0188859661	0.147963659	-0.0125492076	0.0318374693	-0.0129942725	-0.0731986082	-0.1644762938	-0.039387192	0.003840592	-0.1386352894	0.0279498837	-0.0594138564	-0.1470791241	0.0710537838	0.007234017	-0.0427101536	0.1603108188	0.0754810402	-0.0207181172	0.1568370078	0.0502988847	0.0756243327	-0.024626975	-0.0424346407	0.1269295839	-0.015581906	0.0572577691	0.1383893073	-0.0487992634	-0.0154843771	0.0410626754	0.1004441095	-0.1153323294	-0.1243443774	-0.080635545	0.0015077409	-0.1197878796	-0.0690188923	-0.0930572987	0.1372529618	0.0786110711	-0.0762113605	0.0074842217	0.0685464824	0.148898575	0.0221416943	-0.1772492407	0.0190576542	0.1598477247	-0.136113971	-0.0473919708	-0.0687281418	-0.0218367857	-0.0066823729	-0.0116697753	-0.0251481149	0.1425815538	-0.051334755	-0.106334327	-0.0609836065	0.0870090368	-0.2048241534	0.0235529175	-0.0081814435	-0.048360616	0.1020461931	-0.0288359413	-0.0205310944	-0.1776130722	0.1471054309	-0.0836914674	-0.1618056776	-0.0816570899	-0.0568938705	0.0471510717	0.1506984651	0.1412104129	0.147951714	0.0315884747	-0.0751536178	-0.0574325184	0.1247142864	0.1179390489	0.1069183059	0.092048776	-0.0315653151794634	-0.015088510556879	0.0009963691223788	0.000227663150825	-0.0699304956434332	-0.020211932614103	0.0048902742209362	0.000408522219997	-0.0273500891744404	-0.0046095871851292	0.0007480273778498	2.124829401730736e-05	0.0006301107057978	-0.0006588681824764	4.341072818798864e-07	3.970395015610017e-07	-0.0012471998883056	0.0001582816763886	2.5053089080385493e-08	1.5555075613895009e-06	-0.0006251080028282	0.0001184869979891	3.907600151998609e-07	1.4039168692492676e-08	0.0	0.0
5338.187288018994	14.962846257746603	28496243.521967582	223.8867681329616	13451.943278064466	2.0789082148294256	180954777.95626372	4.321859365685269	5404.906039736427	4.792052714500642	29213009.29837931	22.96376921855297	6799.634419347884	7039.996779429402	0.988713	22.224144	0.106215642887534	0.0528554643693011	-0.0566137014	0.1369331669	-0.0272507421	-0.1105630295	-0.1040286243	0.0485120952	-0.0204704277	0.1272457757	0.1156056206	0.0696128366	0.0041640071	0.0326028	-0.0896147048	-0.0224010411	-0.0346084021	0.0352383979	-0.0358436564	-0.1246563078	-0.0664294236	-0.0325520291	0.0166118066	0.1033858783	-0.1102064523	0.0048393612	-0.2383048074	0.1470131624	0.0360532109	0.0619148643	0.0049864667	0.0432541189	0.0003968654	0.108340236	0.0791490656	-0.0497005015	0.0168060961	0.1433317434	-0.1165246397	0.0426331358	0.0167841833	0.1925906442	-0.0494806788	-0.0098633688	0.0409056186	-0.0441256784	0.0591396031	0.0351563012	0.0543408663	-0.0392558356	0.0196054925	-0.0127903919	-0.0477549684	0.0789512737	-0.0283749411	-0.0653294752	0.0441758484	0.1505554431	-0.0178755172	0.1031143886	-0.0885333593	0.0668655278	-0.0839778914	-0.0493895161	0.0143695556	0.0494459734	0.1555772096	0.0444279263	-0.0602905517	0.0814141999	-0.0135697688	-0.0926210152	-0.1750245247	-0.0116728628	0.0516764714	-0.0003450275	-0.0069037247	-0.03988559	0.0180216733	-0.0677775875	-0.1261889921	0.0112794495	-0.0961951383	-0.1239111859	0.0016479298	-0.0711432552	0.0250719765	-0.165137249	-0.037429708	0.0608084623	-0.0648503358	0.0836025516	-0.0245082277	-0.0359583066	-0.0672053273	0.0394656464	-0.0941112034	-0.0464006597	-0.0567879041	0.0537161365	0.0716627245	0.1429930809	0.1781731377	0.169661016	0.0567004052	-0.1403475376	-0.1240701644	0.1240666051	0.1154015599	0.1014052916	0.082724388	-0.0267196481513281	0.0048456670281352	0.0007139395973307	2.3480488947557568e-05	-0.0363079864530533	0.0336225091903799	0.0013182698802751	0.0011304731242571	-0.0367745815046092	-0.0094244923301688	0.0013523698448391	8.882105568141057e-05	0.0009839204184195	0.0003538097126216	1.2518131274544988e-07	9.680993897828038e-07	-0.0008775897227977	0.0003696101655078	1.366116744467772e-07	7.701637215601439e-07	-0.0001820683941808	0.0004430396086474	3.3148900159575166e-08	1.9628409483044133e-07	0.0	0.0
5335.708904217604	-2.478383801390009	28469789.510547023	6.142386266992394	13513.3831101509	61.43983208643476	182611523.0817116	3774.852966809299	5410.781563023965	5.875523287537362	29276557.122760057	34.52177390239385	6806.845035569211	7060.647351341318	1.03189	23.194691	0.0441422572423106	0.0296114482406586	0.0294396628	0.1681856997	-0.0809816322	-0.0272627084	-0.0903046279	0.0030979117	0.1137142661	0.0784484939	0.0401643697	0.1466367231	0.0794843747	-0.0021339816	-0.039624518	-0.0052687914	-0.048668758	0.0915079828	-0.0463893737	-0.0982183317	-0.0729369887	0.0204122585	-0.0911856123	-0.0616238931	0.2095303943	0.098913664	-0.1265278689	0.0407593801	0.1228547244	-0.1153533484	0.043339492	0.1830635658	-0.0232021204	0.0488454708	-0.0634922487	0.0505005905	-0.0251787632	-0.0530642433	-0.0339801265	-0.0897019718	0.0318807775	-0.0572078386	0.0792935761	-0.0571803218	0.0451283837	-0.1097607999	-0.2260758524	0.11408576	0.073196327	0.0354446493	0.0055445302	0.1154116545	-0.0706516948	0.0657561412	0.0493989181	-0.0964803575	-0.0471646151	0.0677273091	-0.1112131976	0.0721702996	-0.0576178574	-0.0741165151	-0.0360918564	-0.2022249709	-0.0138047167	-0.0936765586	-0.0406818164	0.0216304335	0.010822404	0.1865109047	-0.1753067035	-0.0205116144	-0.0466619986	0.0385673003	0.0179207943	-0.0584999616	-0.1624814048	0.0248486394	0.0281784966	0.0445496491	0.0299011383	-0.035979185	-0.1019561535	-0.110086834	0.036934875	-0.106928604	0.0796848272	-0.0724398126	-0.0453756387	0.0655854046	0.0006818622	0.0941003894	-0.0713699148	-0.0287166756	0.0113172846	0.1119881592	-0.0138690281	0.0702799951	-0.0621277009	0.1494128201	-0.0508406197	0.115789189	0.0201253063	-0.039500038	0.145672645	-0.0418110142	-0.0961213526	0.1233392918	0.1125678367	0.0953067456	0.0725511359	-0.0267203271807545	-6.790294263987751e-07	0.0007139758846465	4.610809619154495e-13	-0.0170906862669539	0.0192173001860993	0.0002920915570754	0.0003693046264426	-0.0145765368141894	0.0221980446904198	0.0002124754254954	0.0004927531880778	0.0009529227380252	-3.099768039429988e-05	9.60856189827163e-10	9.08061744645444e-07	-0.0008540874794424	2.35022433553e-05	5.523554427317431e-10	7.29465422540272e-07	-0.0001820931371585	-2.474297770000528e-08	3.31579106002243e-08	6.122149454629586e-16	0.0	0.0
5326.021436619713	-9.687467597890643	28366504.343332715	93.84702846018116	13531.241220552629	17.85811040172848	183094488.9687826	318.912107120323	5409.75313859599	-1.0284244279746415	29265429.020549167	1.057656804054969	6813.917321257895	7030.559043358602	0.993523	22.332268	0.1051479916340255	0.0549502613406674	0.0084699985	0.0853513953	-0.1016778086	0.084723157	-0.0794340033	0.0221654766	0.1225937722	-0.0109532076	-0.0760304345	0.0850002389	0.0866189435	-0.01837094	-0.0586683592	0.0320559244	-0.0726032565	0.0731023551	-0.1012032628	0.1062144787	0.0002221328	-0.0285272396	0.0305968869	0.0252238467	0.0644027947	0.0295475084	-0.2299653744	0.1113920655	0.0743601672	0.0195939661	-0.1015348248	-0.0682965681	-0.1033548622	0.1261863038	-0.1219875384	0.0931632822	0.0921291182	0.0908326246	-0.0088505607	-0.0922162301	-0.1523438111	-0.0025221003	-0.0117964683	0.038691612	-0.0236252261	-0.0521993231	0.0197068778	-0.0982347648	0.0026467994	0.120078907	-0.0361691241	-0.1411392767	-0.0746774897	0.0166970095	0.056884238	-0.0831216274	-0.06707122	-0.0986845764	-0.0718462196	0.067404123	-0.017110341	0.0858246299	-0.0382487641	0.0106338791	-0.0637924484	0.0328857319	0.089108137	-0.0203435229	-0.0254189931	0.1830219559	-0.1569063618	0.0136935973	-0.1005071681	0.0299700423	-0.0151359043	-0.1837186629	0.0592698895	0.0099905226	-0.0314819892	0.1618902274	0.1094496028	0.0645728043	-0.1494568665	-0.081786988	0.0718083936	-0.0368267691	0.1475903013	0.0131061929	-0.0243928051	0.0867231577	0.0592767402	0.0874247257	-0.1346606732	-0.0055855367	-0.0267884941	-0.1015873609	-0.1588741733	0.0752476447	0.0859203589	0.010851524	-0.0565979167	-0.0144319927	-0.02699901	0.0352316848	0.0884652991	-0.0435002965	-0.0461201033	0.1225328133	0.1094451535	0.088657882	0.0616334109	-0.0168188006882132	0.0099015264925413	0.0002828720565898	9.804022688249722e-05	-0.056018994442013	-0.0389283081750591	0.0031381277382942	0.0015154131773723	-0.0015983837455593	0.01297815306863	2.5548305980681767e-06	0.0001684324570727	0.0005139607364938	-0.0004389620015314	1.926876387884528e-07	2.6415563865724935e-07	-0.0004270466488287	0.0004270408306136	1.8236387101123882e-07	1.8236884027582306e-07	-0.0001828903829693	-7.97245810799991e-07	3.3448892182657225e-08	6.35600882838135e-13	0.0	0.0
5312.508944002631	-13.512492617081987	28222751.280107956	182.58745672669525	13446.839212495986	-84.40200805664244	180817484.8067197	7123.698963993536	5402.50781475847	-7.245323837520118	29187090.68852634	52.49471751053725	6802.653282620045	6937.218051761222	1.03922	23.359453	0.0542803599997543	0.0259748667400788	-0.0863559126	-0.0216510041	-0.0920827796	0.10002265	-0.1484997612	0.0088999425	-0.0094864191	-0.0367238787	-0.1234624662	-0.0582294914	0.0364226356	-0.0538686208	-0.0299673663	0.1991505232	-0.019294489	0.080544895	-0.0228409915	0.0763505534	-0.0839882653	0.0055492544	0.0593638154	0.0727140652	0.1139841628	0.0603386122	-0.0580332148	0.1438128859	0.0167728634	-0.1127555745	-0.0763929261	-0.124791472	0.082343538	0.0464782539	-0.0530404882	0.1140419683	-0.0585099762	0.048928105	0.002451387	0.0376816371	-0.06193499	0.0256427147	-0.0954402774	0.0237722598	0.0281365106	0.1123093748	0.0129517185	-0.1049961343	-0.0999339676	-0.0513154798	0.0586211523	0.0601583516	-0.1075188501	-0.0441762942	0.0091602727	-0.0111978558	0.0710955997	-0.1621097554	-0.10074853	0.0702588599	0.004197714	0.0178546083	0.0049863017	-0.0448264313	-0.1850696483	0.0122492854	0.0961510141	0.0501865067	-0.0450501817	0.0834590177	-0.051278312	0.0682879657	0.1080662117	0.0030433075	0.0587288843	-0.029242547	-0.0650544386	0.001233205	-0.0166602764	-0.0822462805	-0.0010522597	0.1030988638	-0.0370198332	-0.0367490068	0.1356793688	0.0817337247	0.1718728392	0.0297743134	0.0329041109	0.0341346637	0.0474599435	0.035482179	-0.0600735194	-0.0472967964	-0.0645808747	-0.1679862628	-0.0235587331	0.0875211712	-0.0840999762	0.000449768	-0.017883155	0.0149228013	0.1266851829	-0.0743252232	0.0177669261	-0.0074831059	0.0414640835	0.1216476871	0.1060415262	0.0814970925	0.0500832437	-0.0273424672959095	-0.0105236666076963	0.0007476105178278	0.0001107475588699	-0.064007522009831	-0.0079885275678179	0.0040969628738389	6.38165727017881e-05	0.0210435977613698	0.0226419815069291	0.0004428330067423	0.0005126593265601	0.000632990545748	0.0001190298092541	1.4168095491091234e-08	4.006770310063509e-07	-0.0004310136948202	-3.967045991500008e-06	1.573745389867628e-11	1.857728051225605e-07	-4.3363551868781886e-05	0.0001395268311005	1.8803976306765368e-09	1.9467736596952513e-08	0.0	0.0
5305.29723266891	-7.211711333721723	28146178.72696439	52.00878036093036	13407.862222958918	-38.97698953706822	179770769.38984886	1519.2057133727255	5395.660967266636	-6.846847491833614	29113157.273684733	46.879320576428256	6790.797602422187	6896.834087975642	0.955533	21.478348	0.0575918572545667	0.0336310495676542	-0.1470912743	-0.0885126375	-0.0750629354	-0.0122638662	-0.1285233176	-0.0372892615	-0.0904574407	0.0330676778	-0.0130269598	-0.0673834934	-0.0415029829	-0.0647119348	-0.0355358328	0.2286320986	-0.0456027706	-0.0872656847	0.1870880141	0.0202650877	-0.1128500073	0.086543895	0.1313428087	0.1510568031	0.0710253554	0.0954481869	-0.0458335541	-0.2431462445	-0.0266001205	0.0051303281	0.0383665645	-0.0922872506	-0.1507282988	0.0312994279	-0.0522848565	0.0618082829	-0.0425037624	0.0397644262	0.1997931444	-0.02390138	-0.0679153734	-0.0230467826	-0.0732484325	-0.1311465426	-0.0236572053	-0.1058083448	0.0435306451	0.0115346421	-0.063995671	-0.1332704845	0.0512564717	-0.0853093752	-0.0778620282	-0.0510094107	-0.0643490786	0.0068711299	0.169818001	-0.0393815006	-0.0366392909	0.1352882778	0.0845250952	0.0158189593	-0.0045796898	0.1119745159	-0.179178515	-0.0528616577	-0.0849030325	0.0970902798	0.2320449957	-0.0371821891	0.0527635035	0.1168563353	0.0955752977	0.048390038	-0.073215557	-0.048271346	-0.0471300137	0.180259665	-0.0735455774	0.049394833	-0.0615815458	-0.0208045667	-0.1176771529	-0.01180063	0.1421896011	0.1188610561	0.0956572205	-0.0616175335	0.1197856958	0.0518014106	-0.006187779	-0.009847004	-0.0354133666	0.0795116869	0.025128068	-0.062604249	0.0509348917	0.1215873742	0.0268067038	-0.0276621158	0.0047814252	-0.0330175095	-0.101121911	-0.1980476414	0.1594420238	-0.068405603	0.1085918587	0.1206844814	0.1023656918	0.0738657246	0.0380191546	-0.0290759378651728	-0.0017334705692633	0.0008454101627393	3.0049202145020314e-06	-0.0624595825110532	0.0015479394987777	0.003901199447455	2.396116691876451e-06	0.0011037650974401	-0.0199398326639297	1.2182973903269536e-06	0.0003975969266655	0.0010109770681924	0.0003779865224444	1.428738111496109e-07	1.0220746324109006e-06	-0.0002610924805885	0.0001699212142317	2.8873219045975284e-08	6.816928341985626e-08	-0.0001828681056446	-0.0001395045537758	3.3440744062044594e-08	1.9461520524190133e-08	0.0	0.0
5301.753241015818	-3.543991653091325	28108587.42862173	12.559876837180983	13393.03856167728	-14.823661281638124	179373481.91457462	219.7409337927372	5394.093844855747	-1.5671224108891693	29096248.407110658	2.455872650711082	6795.967456314412	6930.604823618628	1.015629	22.829172	0.060554186208618	0.0358893586839408	-0.0480516246	-0.0547120375	-0.0518690687	-0.1665628417	-0.1008317143	-0.1205955739	-0.1011383786	0.1387601283	-0.0177038922	-0.0453280244	-0.0272845021	-0.1008269586	0.0309325475	0.1288823453	-0.0732163195	0.0068698764	0.0605162416	0.0140685502	-0.1685906592	-0.0595825459	0.0032169071	0.0557376489	-0.0095422687	-0.0724859868	0.1356822212	0.1231995411	0.0145819058	-0.0954691073	-0.0025751576	-0.001994805	0.0778446443	0.0182453037	-0.068764523	-0.1241706234	-0.1579814743	-0.0070774365	-0.0319379407	-0.1004158538	-0.0390614094	-0.0541182988	0.049919752	-0.0445744272	0.1000299261	-0.0787177748	0.2157873362	-0.0593038389	-0.0275607609	0.1007003047	-0.0024945598	-0.0799574034	-0.0636869388	-0.1259076902	-0.0504333018	0.024902348	0.1164389895	0.1014407808	-0.0986943016	0.1083039157	0.0790274032	0.0675859079	0.0173594052	0.022477979	-0.1351614229	0.1143731037	0.0592880749	-0.0880786984	-0.1471729457	-0.0075362475	0.0668645894	-0.030877492	0.0673283464	-0.0841028012	0.0436110673	0.0155342013	0.0541181382	0.0191462186	-0.0860297461	-0.0574631494	0.156541353	-0.0399644494	-0.0341611722	0.0340002916	0.1366221391	0.0077671327	0.0501841317	-0.1332531546	0.1900410647	0.1345380657	-0.0166607118	-0.1245869863	0.0218069598	-0.0199776831	0.0590203618	-0.1164065746	-0.0977701707	-0.0570024839	0.0345443742	-0.1180169946	0.055861407	0.0313750946	-0.1800539381	-0.0141448888	0.0143334366	-0.0454162127	0.1375799269	0.1196438145	0.0984270862	0.0658078432	0.0255649376	-0.0221622539172443	0.0069136839479285	0.0004911654986924	4.779902573184421e-05	-0.0772240513182396	-0.0147644688071864	0.0059635541020021	0.0002179895391583	0.0210755545295882	0.0199717894321481	0.0004441789987296	0.000398872373122	0.0006329758723367	-0.0003780011958557	1.428849040683393e-07	4.006584549604063e-07	-0.000261058044737	3.443585150001262e-08	1.1858278685309217e-15	6.81513027219055e-08	-0.0001829173543645	-4.9248719899994224e-08	3.3458758527708075e-08	2.4254364117880866e-15	0.0	0.0
5292.843254186881	-8.90998682893769	28014189.71339157	79.38786529184311	13419.367617463413	26.32905578613281	180079427.25262567	693.2191785892937	5400.940567680027	6.846722824279823	29170159.015611853	46.87761343251427	6797.990535784782	6866.584074933214	1.038068	23.333538	0.0327996023524126	0.0185830801677565	0.0847139782	-0.0343502638	-0.0175703602	-0.1082249131	-0.0443443123	-0.1136196358	-0.0556778117	0.0454558595	-0.0172297688	0.0058478969	0.0294948743	-0.0644864318	0.1032952025	0.0709546479	-0.0903591721	-0.0246432537	0.0035290491	-0.0262428391	-0.2300025939	0.0525719513	-0.143962576	-0.0327589873	-0.0196387982	-0.0049614696	0.0973869793	-0.0265752436	0.0026736836	-0.041521902	0.062115909	0.0294915533	0.1997973377	0.0016557457	0.0357553524	0.0834230032	-0.1216891145	-0.1707630786	-0.1246621788	-0.0419982032	-0.0642794969	-0.0191924394	0.1563895078	0.0073653023	0.0110911732	0.0015667139	0.0091024566	-0.0839930444	-0.077028515	-0.0342730955	0.0241356841	0.0307407812	-0.0447947809	-0.1137864617	0.0122527847	0.057227648	-0.0210041152	0.0903554365	-0.17585027	0.1041198768	0.0883940861	-0.1441402057	0.1280435932	-0.0313178519	-0.1035585317	0.0073678091	-0.0784421304	-0.0119601445	-0.0722461725	-0.0064770143	0.0728061867	-0.1245977563	0.1035235299	-0.0807791299	-0.0444453354	0.0596943516	-0.0347676761	-0.0089906965	0.0289751761	-0.0473302373	0.1731349068	0.1206036845	0.0045886172	0.0765466066	0.104803185	-0.0770527951	0.0854990047	-0.0353919441	0.168780909	0.0411716919	-0.0436440672	-0.1665588462	0.0259892422	0.0090134936	0.0824414491	0.0276452261	0.0752208621	0.1052659028	-0.1197020451	-0.0420447759	-0.0114312141	0.014916181	-0.0880902116	0.0951385689	-0.0481880713	-0.1133690206	0.0865770778	0.1185263543	0.0942358196	0.0573699759	0.0128483897	-0.0240968363756621	-0.0019345824584177	0.0005806575233154	3.742609288417849e-06	-0.06966105436382	0.0075629969544196	0.004852662495079	5.719892293256017e-05	0.0130547077478979	-0.0080208467816903	0.000170425394383	6.433398309535164e-05	0.0006329484689919	-2.7403344799933893e-08	7.50943306224064e-16	4.0062376439919037e-07	-0.000566057572271	-0.000304999527534	9.302471179596325e-08	3.204211751253384e-07	-0.0001823207620856	5.965922789000027e-07	3.3240860287473964e-08	3.559223472430986e-13	0.0	0.0
5287.3145336327225	-5.528720554158099	27955694.977563813	30.56675096597024	13437.574075568213	18.20645810479982	180568397.0363829	331.4751167218311	5401.79508538824	0.8545177082132795	29179390.144524544	0.7302005136500755	6796.099358351687	6802.7369868670985	0.965485	21.702036	0.0472929212130937	0.0191754248359218	0.0967411207	-0.0811041134	0.0509768804	0.0477823931	0.0281288451	-0.0561852619	-0.0289105238	-0.0338737621	-0.1043011615	-0.0022420547	0.0518510143	-0.0869188704	0.1685366835	0.0190004207	-0.0283915629	0.0420662375	0.0401688122	0.0274034757	-0.0404768903	0.0384454065	-0.0604400101	0.0622365832	0.0281120077	0.0103970947	-0.0222377549	-0.09202546	-0.122514655	0.0956677159	0.0760718539	-0.1051553678	0.036485499	-0.1646639392	-0.0031955712	0.0140570024	-0.0622211432	0.0025213304	0.0914777231	-0.0917166841	0.0035193223	0.0937149565	0.0527762907	0.0690600172	-0.0831456976	0.1046884088	-0.077925302	0.0764569466	-0.088456181	0.0039248004	-0.2551430497	0.071579093	-0.0202599437	-0.0713258197	0.0716955569	0.1342750265	-0.0560238132	-0.0146391494	-0.1582601924	-0.0290757288	0.0624387865	-0.0461138866	0.0589432517	0.0690156175	0.0642569969	-0.0168071747	-0.008265216	-0.0154626165	0.0876163503	0.0352750813	0.1282373777	-0.0255613018	0.167503138	0.1422381366	-0.1434116975	0.0235029267	0.1236628554	0.1871844161	-0.0656278293	-0.0652131079	-0.0891059115	0.0443922305	0.1029032061	0.1318891795	0.0573330083	-0.0582169369	0.1449408184	0.0352433998	0.0987342906	-0.0823083144	-0.1044840835	-0.172788374	0.0165235261	0.0289265381	0.125975701	0.0977995618	0.0460026904	0.0932865786	0.061112053	-0.0452447201	-0.0425105494	-0.0910954533	-0.1385149071	0.0749153031	0.0061636972	0.0352043376	0.0986986484	0.117332818	0.089802651	0.0486008445	0.0	-0.0268278400097017	-0.0027310036340396	0.0007197329995861	7.458380849137508e-06	-0.0598912283815735	0.0097698259822465	0.0035869592370537	9.544949972337883e-05	0.0031190995893553	-0.0099356081585426	9.7287822483164e-06	9.87163094800983e-05	0.0004833631876139	-0.000149585281378	2.237575640493545e-08	2.336399711402703e-07	-0.0007090936390088	-0.0001430360667378	2.0459316387820374e-08	5.028137888827424e-07	-0.0003868290827351	-0.0002045083206495	1.4963673924967885e-07	4.1823653214878716e-08	0.0	0.0
5293.412629818821	6.098096186098701	28020217.26952541	37.18677709491152	13474.159258698764	36.58518313055174	181552967.72877765	1338.4756246960076	5395.874524817877	-5.920560570363705	29115461.887578547	35.0530374673454	6791.500876828458	6786.3280852617945	0.906858	20.384218	0.0456580941597201	0.0242466348588974	0.0877653565	-0.0681856291	0.1295124326	0.0812589487	0.1120243977	0.0290545054	-0.0130706993	-0.0236245754	-0.1001732391	0.0416370792	0.001470219	-0.0205206769	0.075601473	-0.1417103647	0.0773170179	0.1006475304	0.0354255618	0.1638533033	0.0146764539	0.1553122343	-0.0115348832	-0.0067072328	0.1302695003	0.0678869838	-0.0202644976	0.091146694	-0.06577768	0.0683009085	0.0756271934	0.1070473114	-0.0320061901	-0.0634277124	0.0408323939	0.1183414664	0.0531153665	0.0073145965	0.123795615	0.0951005905	-0.0547717607	-0.0444860456	-0.0030129218	0.019355796	0.1077748754	-0.0633721861	0.1150512175	0.0947444303	-0.0185925554	-0.0309591516	-0.0296892654	-0.0880453671	0.0658088472	0.0332838461	0.0529882534	0.1184480413	-0.0865051702	-0.0194563409	-0.116535576	-0.2042379923	0.013119724	-0.0098080087	-0.092422194	0.1157237173	0.0021732977	-0.0290444717	0.0204805993	-0.0649820634	-0.0113235057	0.1016202591	-0.0876530084	-0.0980335034	0.1049344718	0.0393231701	-0.0469034904	0.0234568579	-0.0591103962	0.0951752048	-0.0049078091	0.0705054174	0.0032749276	0.0237318383	-0.0045863923	0.1335521877	-0.0384298434	-0.0482682335	0.1851722827	0.0181993787	0.0382995293	-0.126595337	-0.0708519703	-0.0735950394	0.0481271432	-0.0485310372	0.1591448605	0.0418221824	0.0721569366	-0.0238538551	0.1477792492	-0.0277314275	-0.0700576928	-0.0974835982	-0.0331059777	0.0847549249	-0.0247776664	-0.0555380549	0.031331137	0.1160639717	0.0851389603	0.0395510834	-0.0128483897	-0.0267424105732914	8.542943641029824e-05	0.0007151565232704	7.29818860538119e-09	-0.041383115619709	0.0185081127618645	0.0017125622583942	0.0003425502380058	0.0109104298653406	0.0077913302759853	0.0001190374798465	6.070482746948518e-05	0.0006667912595388	0.0001834280719248	3.364585757008628e-08	4.4461058379733933e-07	-0.0007091957215146	-1.0208250580002327e-07	1.0420837990411784e-14	5.029585714146141e-07	-0.0005887633620136	-0.0002019342792785	3.4664229644955745e-07	4.0777453147727255e-08	0.0	0.0
5304.95206435869	11.539434539869037	28142516.40514353	133.1585494999225	13499.187195660315	25.02793696155095	182228054.94347945	626.3976285513681	5393.705308714804	-2.1692161030723582	29092056.95725826	4.705498501828428	6784.052690416701	6823.2435647975135	0.871967	19.599957	0.0526852080665224	0.0252897767117636	0.0602722042	-0.0011630906	0.1271530371	0.1053814609	0.1418681981	0.1119991084	-0.0041468552	-0.0646059616	-0.0568665087	0.120533511	-0.0409059818	0.1227343052	0.0859767609	-0.1330135145	0.0324955306	0.0740089994	-0.0402857953	0.1663009913	0.0313702775	0.0657281774	-0.0134417891	-0.0078327191	-0.0354198066	-0.1253302742	-0.0095606474	-0.0235035527	-0.0308630591	-0.0725816201	0.1105702054	0.0466987974	-0.0591011176	0.1294234975	-0.0653880269	-0.1974183053	-0.0138923651	0.0275284364	0.0233587648	0.00768491	0.0276724262	-0.0532423986	-0.09592893	0.119586734	0.0190102124	0.1994341773	-0.1032328477	-0.0199611759	-0.0221011183	-0.1877184791	-0.0350883373	-0.1247086479	0.1055659271	0.1368128713	0.0119383143	0.0669594617	-0.1221122567	-0.0279788548	-0.0862583012	-0.1555056859	-0.0517623333	-0.0300503548	-0.0190370616	0.0817177549	-0.0576528392	0.1070018398	0.0008517089	0.0191752448	-0.0089733914	0.0088367612	-0.0855213555	0.1180404153	0.102380926	-0.0782274857	0.1168823591	0.0634034077	-0.0103424673	0.1003792882	0.1100948428	0.0807936609	0.0600406889	0.0027254129	0.0079052415	0.0706527151	-0.1134998709	-0.0567094699	0.2179563922	-0.0261935855	-0.0299645652	-0.1105382075	-0.0353534502	0.0514435269	0.0328777679	-0.0286065638	0.0912490999	-0.0042376953	0.0102954796	-0.1019517549	0.2275676385	-0.0063532612	-0.0109848403	-0.1138140505	-0.0376922283	-0.0114524942	-0.0165185268	-0.0847940607	0.0732697221	0.1147206298	0.0802567191	0.0302729475	-0.0255649376	-0.0267778110798531	-3.540050656169677e-05	0.0007170511662283	1.253195864824736e-09	-0.050421938347128	-0.009038822727419	0.0025423718666815	8.170031629770628e-05	-0.0002310280102761	-0.0111414578756167	5.3373941532133775e-08	0.0001241320835941	0.0002928696716592	-0.0003739215878795	1.3981735388240141e-07	8.577264457776762e-08	-0.0005440698535339	0.0001651258679807	2.7266552276379573e-08	2.960120055243994e-07	-0.0004784202787354	0.0001103430832782	2.2888596310525785e-07	1.2175596027339788e-08	0.0	0.0
5316.154011726473	11.20194736778285	28261493.476395477	125.48362483057711	13501.133940396245	1.9467447359293144	182280617.67651945	3.789815066868497	5399.9487385992425	6.243429884438228	29159446.37949955	38.98041672189635	6785.757653159284	6903.198594844541	0.935623	21.030809	0.0614046229878946	0.0363114569672499	0.045352613	0.0912533671	0.035403632	0.0534074473	0.0585453012	0.1196945785	0.0613768688	-0.0306424693	0.0107067841	0.1359814648	-0.0003156068	0.1074996268	-0.0845567565	-0.1727675816	0.0159158229	0.2256878573	0.0101266755	0.0515551613	0.0710829375	-0.0098570191	0.0610612676	-0.0775186811	0.0736068596	0.0362894523	0.0116464322	-0.188077056	0.0036668966	0.088265351	0.1475735132	-0.0315978069	0.103459662	-0.0188155413	0.0783545529	0.0391343178	0.0024290044	-0.0110344074	0.0880765717	-0.1705285946	0.0135736873	0.1038549698	0.197239737	-0.0127308296	-0.0948182702	-0.0189551498	-0.0087707018	-0.0290074491	-0.0068844662	-0.0999067271	0.1557607521	0.0697171704	0.0416869403	0.1443406153	-0.0034784356	-0.0354202394	-0.1006725076	0.0167431578	-0.0966127318	-0.2173094956	-0.0448946338	-0.0870547207	-0.0669001931	0.0207258166	0.0463987399	0.0593439272	-0.1225725592	0.0473193396	0.0769861577	-0.0313594887	0.0952923717	0.0279540159	-0.0282806577	0.0314506357	-0.1139771086	-0.089573946	0.0631971641	-0.0126784928	0.078274961	-0.1421902329	0.0266719826	0.1003748737	0.0288288417	-0.0513419077	-0.1058911829	-0.0966555687	0.1635171234	-0.0722053721	-0.0192939928	-0.1496407335	0.0007574362	0.1198646526	-0.0397534025	0.0533732519	0.0260920205	0.0500048597	0.1148060253	-0.0466022367	0.065809729	0.0731020095	0.1056128861	-0.1679554674	-0.0382883953	0.0024921335	-0.1197628393	-0.0220174992	-0.0456966464	0.1133036545	0.0751684601	0.0208200103	-0.0380191546	-0.0339406710568539	-0.0071628599770008	0.0011519691517895	5.130656305011996e-05	-0.0492280107153391	0.0011939276317888	0.0024233970389895	1.4254631899490423e-06	-0.0328087509893961	-0.03257772297912	0.0010764141414841	0.0010613080345042	0.0003997810792064	0.0001069114075471	1.1430049063723493e-08	1.598249112914339e-07	-0.0007091232355129	-0.0001650533819789	2.7242618902705665e-08	5.028557631442838e-07	-0.0006158577372089	-0.0001374374584734	3.792807524800665e-07	1.8889054991655027e-08	0.0	0.0
5315.37123260641	-0.7827791200634238	28253171.340419784	0.612743150807268	13488.915606564038	-12.218333832206554	181950844.24100688	149.2876816352433	5394.439142359505	-5.5095962397372205	29099973.660620358	30.35565072492652	6772.175734175013	6915.057526146234	0.9636070000000002	21.659817	0.0684625904338866	0.0360431420034806	0.0522445035	0.1421993542	-0.0582785682	-0.0031532654	-0.0058194034	0.079907889	0.0545617374	-0.0745301812	0.130278103	0.1317071108	-0.0170890973	0.0610009281	-0.0642736276	-0.0263454488	-0.080525322	0.1864140932	-0.0403328011	-0.0048108656	-0.1644113253	0.0266196488	-0.1237810973	-0.1624346834	-0.1158020346	0.0836915127	-0.0293429658	-0.019661643	0.0979513641	-0.0146245396	-0.0280785767	-0.179703598	0.015961675	0.0140012151	-0.0590088121	0.1405241158	0.0424791613	-0.0151792442	-0.0578698305	-0.051713125	0.1183485136	0.2055112535	-0.1480403562	0.0090182556	0.0175588164	-0.007141669	-0.0308313545	-0.0305039401	-0.0737406904	0.0503274614	0.0140902814	0.0798593271	-0.0434491024	0.1139986066	-0.0783158099	-0.0627780483	-0.0970960833	0.0889631945	-0.1513630689	0.0009803735	-0.04359868	-0.2141920655	0.1050448235	-0.0510220522	-0.0130323261	0.1007823968	-0.0042618424	0.0342915417	-0.0379483537	-0.0804575709	-0.089501912	0.0393005448	-0.1696068934	0.0500946769	-0.1384391135	-0.2035695636	0.0208070844	-0.1447156074	0.0401116838	-0.0364581466	-0.0862613425	0.1083904996	0.0325029593	-0.1242145796	-0.0110504142	-0.131604113	0.0980954503	-0.0841470015	-0.0152192843	0.0238768227	-0.0045181245	0.157650609	0.090113451	0.0711833943	-0.0396943465	0.0433142055	0.0795554766	-0.0141539372	0.0233993059	0.0798727992	0.0784158865	-0.1963190969	-0.1963121856	0.0048452456	-0.0576223145	-0.1256750047	0.0082095516	0.1118139553	0.0698872447	0.0112468548	-0.0500832437	-0.0302072157838182	0.0037334552730357	0.0009124758854101	1.3938688275758086e-05	-0.0266587055347713	0.0225693051805678	0.0007106865807896	0.0005093735363336	-0.026709717135148	0.006099033854248	0.0007134089894396	3.719821395526439e-05	0.0004289585915287	2.9177512322300003e-05	8.513272253179684e-10	1.8400547324628609e-07	-0.0004500391003772	0.0002590841351356	6.712458907901366e-08	2.025351918683195e-07	-0.0001829034621462	0.0004329542750627	3.3453676465066416e-08	1.874494042950681e-07	0.0	0.0
5341.025811072633	25.65457846622303	28526556.714544076	658.1573962795943	13446.954185172302	-41.96142139173571	180820576.8581229	1760.7608852148155	5412.892309141203	18.4531667816982	29299403.15035999	340.5193642731699	6789.2004700681	6953.3165970559	1.165927	26.207542	0.0855606317995182	0.0508507689433183	-0.0857783702	0.1556560037	-0.0282382064	0.1088903686	-0.0969299491	0.1782850571	0.0130562561	-0.0477930872	0.0053269493	-0.0564372789	0.0992833883	0.0748799271	-0.1677346086	0.0215811034	0.1015350894	0.019135404	-0.0336699823	0.0099558135	0.0347383384	0.1901396878	-0.0855586332	0.1084301267	-0.0681101323	0.1468830898	-0.0023787063	-0.0159463478	0.1477001491	-0.0330172324	-0.030701112	-0.0478653051	0.0394723335	-0.0196889374	0.1774210543	-0.0188105243	-0.0110465482	0.0503363461	0.0350302192	0.1777033343	-0.0396638549	-0.1322097827	0.032943201	0.0172199632	-0.0966803761	-0.0838225805	-0.0498510523	-0.0627495663	0.0790515543	0.0304906829	0.1617237535	0.082750703	-0.0995016003	0.1441643526	0.0365463015	-0.0287322265	0.0348818808	-0.042707714	0.0059947049	0.0696426756	0.0278180309	-0.1288152383	-0.1652117789	-0.0083269486	0.0799158489	0.016187515	0.0984677575	0.0911931832	0.0521121287	-0.0275713581	-0.1811828687	0.0861854453	-0.0487798317	-0.0834022577	-0.1824126651	0.1386723089	-0.0032690935	-0.0626218309	-0.0355577386	-0.0329835901	0.0167533098	0.0265285458	0.0305386907	-0.1232038883	0.0598682492	0.0011752438	0.111498427	-0.0367365249	-0.1261841363	0.0375764454	0.0679893363	0.0967155888	0.1264954872	0.0648463101	0.001634305	-0.2140350787	-0.0828836214	-0.0018132424	-0.0187389418	0.0098195909	0.0747847122	-0.0752073942	0.0129382489	-0.0674314145	-0.105426317	-0.0040768796	0.0476431503	0.1102524885	0.0644266298	0.001608758	-0.0616334109	-0.0292368107094347	0.0009704050743834	0.0008547911004593	9.41686008389246e-07	-0.0267359636728059	-7.725813803459783e-05	0.0007148117535135	5.968819892572972e-09	-0.0044901112494315	0.0222196058857165	2.0161099032271308e-05	0.0004937108857165	7.601663034110468e-05	-0.0003529419611875	1.2456802796694602e-07	5.778528088416157e-09	0.000353996398394	0.0008040354987711	6.464730832842522e-07	1.2531345007592358e-07	-9.401366807732146e-05	8.888979406887853e-05	8.838569785352773e-09	7.901395489607633e-09	0.0	0.0
5339.151391925802	-1.8744191468304048	28506537.58590323	3.513447138004424	13477.49086312072	30.53667794841749	181642759.9655025	932.4887001253672	5422.781657202171	9.889348060967675	29406560.901688326	97.79920507096516	6818.930891515854	7091.396759118447	1.097347	24.666002	0.071066440713196	0.0447347370423562	-0.1825883356	0.1147277758	-0.0757874829	0.0668948398	-0.1222534151	0.0383514616	0.1268180734	0.0779333888	-0.0317688694	-0.1425584653	0.2103056366	0.0235232548	-0.0313542293	0.1778886041	-0.0417724549	-0.0159872542	-0.0595066912	-0.0254508043	0.0712709277	-0.1108007846	-0.0270780177	-0.0206075166	-0.0335323138	0.1932813056	0.0233101644	-0.0869937195	-0.0080041378	0.1165106961	0.1007116966	0.1141664595	0.0217175192	-0.0741296829	-0.1077126159	0.0419277729	-0.0175725654	-0.1723738907	-0.1829350973	0.0761769762	-0.0424979115	0.0225912521	0.0152251312	-0.00863704	0.0775967626	-0.0458336083	-0.1415590076	-0.1713666405	0.0148751516	0.0144925068	0.0345872121	0.0446135516	-0.1059996797	-0.0313048893	0.1522054892	-0.151250357	0.143524485	-0.1154700458	0.0002558195	0.0816208143	0.0408165751	-0.1905571953	-0.0724265925	-0.1316197545	0.0252237587	-0.0836306433	0.0063180096	0.0472236951	0.0929287009	-0.0666338144	0.0155585133	-0.017164942	-0.0299305873	0.1598481818	0.0616047288	-0.0988773794	0.024076516	-0.051976783	-0.0752745028	0.0151015691	0.1519727701	-0.0136772271	0.0664387915	-0.1076423735	0.1321109928	0.1065783195	0.0870709182	-0.0263914398	-0.1004055439	0.115682967	0.1380387925	0.081276526	-0.0183007856	0.0741844761	0.0572036152	-0.127818012	0.0664385302	0.0151681084	-0.1301057396	0.046811651	0.0449097791	-0.0687320402	0.0885238587	-0.15798675	-0.1282834332	0.0909898742	-0.0413700493	0.1086202561	0.0588006326	-0.008038628	-0.0725511359	-0.026847378813386	0.0023894318960487	0.0007207817491494	5.709384785854892e-06	-0.0344768942315454	-0.0077409305587395	0.0011886562358531	5.992200591522707e-05	0.027942019933377	0.0324321311828085	0.0007807564779572	0.0010518431330588	-0.000350999337911	-0.0004270159682521	1.823426371422825e-07	1.232005352139604e-07	0.0003030003336248	-5.099606476920002e-05	2.600598621944444e-09	9.18092021767401e-08	-1.946759586639394e-06	9.206690849068208e-05	3.789872888172385e-12	8.476315639031626e-09	0.0	0.0
5299.323594411798	-39.82779751400449	28082830.558289576	1586.253454816542	13439.4312372077	-38.05962591301977	180618311.9796341	1448.5351246390062	5407.023723422323	-15.757933779847916	29235905.545651805	248.3124770100721	6804.683357011511	6965.205240544438	1.07724	24.214043	0.1076752267832445	0.0720356398439837	-0.1181170222	-0.0263575957	-0.1125954777	0.0371897491	-0.1172921473	-0.031364161	0.0646154372	0.0265012637	-0.038187393	-0.0924712407	0.1274930808	-0.0733212496	0.0191009803	0.191175764	0.0106295455	0.0356495608	-0.0725824746	0.0002900296	-0.0628331667	-0.0022617797	0.0375825847	0.0056839846	0.0597218068	0.0911816767	0.1544874263	-0.1518295407	0.0256038092	-0.0094882144	-0.0285154546	0.0994822129	0.0199834307	0.042696533	0.0347289851	-0.0884820037	0.136100984	-0.0199873315	0.0346738539	-0.1207580852	0.1427390882	0.0688660051	0.0150011704	0.0425247155	0.0976309575	0.0685701784	0.1027028525	-0.1309514175	0.112269895	0.1521626441	-0.0203401711	0.077802527	-0.0850454179	-0.0918499158	0.0815284699	-0.0831101552	0.0859816378	-0.1128302952	-0.0761910345	0.0021684593	-0.0110036599	-0.0637899774	0.0439997554	-0.057085704	-0.1018140676	-0.1418499601	0.0152805581	0.0490573142	0.0051666032	-0.0045889956	0.0041895055	-0.0186002351	-0.0172556813	-0.0192514705	-0.0475338092	0.0262145891	-0.0503960866	-0.1417367993	-0.0253307586	-0.0548887643	0.0905462613	-0.1740514568	-0.0170324454	-0.0496502678	0.130211808	0.1139344769	0.0409880036	0.0616555759	0.0236134168	0.083907455	0.1233234606	0.0337533546	-0.0610161805	0.0322102	0.0538772502	-0.1049690387	0.0486092172	-0.020061283	-0.1485797828	0.0005964868	0.0876045825	0.0069579934	-0.0958467674	-0.0851941465	-0.0364024393	0.0430856843	0.0858258404	0.1069183059	0.053023695	-0.0176395976	-0.082724388	-0.026888876622209	-4.149780882299961e-05	0.0007230116860043	1.7220681371102243e-09	-0.0476289109014089	-0.0131520166698635	0.0022685131536543	0.0001729755424843	0.0071153970895068	-0.0208266228438702	5.062887574136184e-05	0.0004337482190808	0.0008800008871613	0.0012310002250723	1.5153615541280534e-06	7.74401561404675e-07	8.398896747419116e-05	-0.0002190113661506	4.7965978503156054e-08	7.054146657380741e-09	-2.5036957577487284e-05	-2.309019799084789e-05	6.268492447368978e-10	5.331572432565561e-10	0.0	0.0
5279.527565546429	-19.7960288653685	27873411.315364607	391.8827588385028	13370.164667834972	-69.26656937272855	178761303.24502262	4797.857632667017	5395.183144540284	-11.840578882039154	29108001.163131587	140.19930826179157	6793.190195611182	6827.359630506576	0.916535	20.601757	0.0743426791063548	0.0439610028809491	-0.112252246	-0.1424595124	-0.1185659126	0.0029035769	-0.1117441437	-0.1004198652	-0.0558791656	0.0232586795	-0.0556743919	-0.117545166	0.0312025074	-0.1030937289	0.0620932258	0.2413892812	0.0326065725	0.014800613	-0.0429039387	-0.017952968	0.092540008	0.0702463352	-0.0384306912	-0.0734067461	0.0105724318	-0.0790893837	0.0545761498	0.0202624525	0.0246688324	-0.0885380534	0.0240600545	-0.0561210075	0.0740459965	-0.062694692	0.0015913722	0.0880529989	0.1121008872	0.1625120588	-0.0056724878	0.0720998992	-0.0394330913	-0.1234802912	0.0750216531	-0.0502698452	-0.0241726909	-0.026488484	-0.1582468894	0.1542148737	0.1015285422	0.0101111782	-0.111477545	-0.0513900901	-0.0772189108	-0.1624914175	-0.0058382529	-0.0301464386	0.1419304895	-0.0986803727	-0.0423826845	0.0126701832	0.0457334454	-0.0862674654	0.0915141408	0.0069981971	-0.0076854378	-0.0503986339	-0.0553134976	0.0081810101	-0.0451929746	-0.0165954203	-0.0386047041	-0.0223050349	-0.0830101853	-0.1472213436	-0.0601562254	0.0171724234	0.0579403926	0.0212652181	-0.0777244177	0.1565618043	-0.1390538154	-0.0344305849	-0.0239031338	0.0037713232	0.1486175383	0.1514983963	0.0067090773	0.0618633435	0.1280698692	0.0667525237	0.068541837	-0.0427764885	0.0482596762	0.0861759468	-0.0711430389	0.0560887932	0.0218905713	-0.0188402375	-0.093175452	-0.0428291625	0.151942672	0.0401499007	-0.0399979399	-0.0322939311	-0.0081208756	0.0555722449	-0.1443893295	0.1051477302	0.0471106464	-0.0271387131	-0.092048776	-0.0268711000091883	1.77766130206973e-05	0.0007220560157037	3.1600797048762487e-10	-0.0680817579524131	-0.0204528470510041	0.0046351257658909	0.0004183189524917	0.0261378339386553	0.0190224368491484	0.0006831863630047	0.0003618531036798	0.0003660048898633	-0.000513995997298	2.641918852383656e-07	1.3395957940384638e-07	5.89665285499752e-05	-2.5022438924215955e-05	6.261224497161177e-10	3.4770514892350407e-09	-0.0001830108932189	-0.0001579739356414	3.349298703677961e-08	2.4955764342037204e-08	0.0	0.0
5270.534463671647	-8.993101874782042	27778533.532750577	80.87588133020827	13338.04483283056	-32.11983500441238	177903439.96259797	1031.6838007106749	5388.017342566562	-7.1658019737224095	29030730.883798037	51.34871792660398	6784.271607646537	6757.3176003568	0.804905	18.092533	0.0396449793351331	0.0187940793620581	-0.0773036682	-0.1808226239	-0.0516469191	-0.0013680901	-0.0366509664	-0.1190916	-0.1397132336	0.0128846303	-0.0830317695	-0.1018232393	-0.0505472779	-0.1164556245	0.088013276	0.1923985157	0.0733232612	-0.0125902117	0.0108011881	0.0015816522	0.0166668224	0.0477275437	0.022078796	-0.1153946244	-0.2403786403	-0.005162158	0.1873401271	-0.0728474434	0.0134278625	-0.035138877	0.0801821441	-0.0637777746	-0.002385619	0.1237277978	-0.0962749982	0.0534535678	0.1069977212	0.1355794076	-0.1360138226	0.0234172164	-0.0066480189	-0.0862442471	-0.0290370834	0.0725712212	-0.0637231539	0.2416418042	0.1508620396	0.1843442878	0.1320552537	0.0032424347	0.0009248179	-0.0958833398	-0.021583194	-0.1647123834	-0.0433841485	0.070104671	0.1407257998	-0.0802802504	-0.0368365719	0.0216672578	0.111948017	-0.1065402124	0.0589608953	0.0110739376	-0.0448489825	0.0024420231	-0.1242194469	-0.124794833	0.0115132435	-0.1265898159	0.0015964333	0.0537214752	-0.0932150373	-0.2633848242	0.0724566379	-0.0597766365	0.123101149	-0.0460795083	0.1059415653	0.1386688952	-0.0285435614	-0.0318471803	0.1131313785	0.079026183	0.1019149997	0.1357282427	0.0015111759	0.0652331327	0.138703522	0.066057404	0.0332191299	-0.0930035191	0.0718347604	0.076025321	-0.0474622274	0.0782768115	0.0525392565	-0.0193426531	-0.1140742113	-0.0539360091	0.1189148787	0.0662534402	-0.0703475185	-0.0550150656	-0.0859593383	0.0549460791	-0.112515271	0.1033096655	0.0410766654	-0.036481125	-0.100428619	-0.0228633719136723	0.004007728095516	0.0005227337752628	1.6061884487588305e-05	-0.083549357501198	-0.0154675995487849	0.0069804951388629	0.0002392466358015	0.0361579730315071	0.0100201390928518	0.0013073990137471	0.00010040318744	0.0004850056392068	0.0001190007493435	1.4161178344314525e-08	2.3523047006239666e-07	9.29677550984831e-05	3.4001226548507894e-05	1.156083406802958e-09	8.643003488051531e-09	-0.0001330226171513	4.998827606759998e-05	1.7695016673781337e-08	2.4988277442105884e-09	0.0	0.0
5264.446445868617	-6.088017803030198	27714396.381418712	37.06396077001264	13316.951773029485	-21.09305980107456	177341204.52519313	444.9171717717076	5385.6587419959815	-2.3586005705801654	29005320.085237738	5.562996651541082	6775.66980447972	6705.951863493111	0.8223439999999999	18.484533	0.0475534074191619	0.0229055824499421	-0.074792932	-0.2118692271	0.0002387084	0.0285858359	-0.0175089754	-0.0824875074	-0.1790526842	-0.002413587	-0.0774422103	-0.1481221348	-0.0600595108	-0.0564441874	0.0296482505	0.1037510353	0.136402877	-0.0475630211	0.10395485	-0.0119784777	-0.0083683421	-0.0638184123	0.0500822375	-0.041153179	0.051806433	0.01169287	0.0542775535	-0.0809675858	0.0675347257	0.1462541292	-0.1035202579	0.1728107909	-0.0800257443	-0.0364757189	0.1282153672	0.0474878861	-0.1844440688	-0.0096378161	-0.0523891922	0.1181268785	0.0059776487	-0.0858249085	-0.0380269366	0.0753351884	-0.0894768451	0.0373286614	0.0049378995	-0.0150344782	0.0694496609	0.0770794596	0.0051131952	0.1618514092	0.0068836635	-0.0972541718	-0.053162165	0.1095098293	0.1412066765	-0.0645955765	0.0258706413	0.0127081213	0.1088306759	-0.1111084179	-0.0584612699	-0.0632676439	-0.0121604797	-0.1222519524	-0.109743122	-0.1010201397	0.1105374297	0.0656742677	0.1320186307	0.0348227313	-0.011357537	-0.0223397219	0.1649897499	0.164532677	-0.0702420728	-0.0283786973	0.0210883467	-0.0695115245	-0.1067785456	0.1069951726	0.0708485912	0.112259097	0.0540505306	0.1465898327	0.0131305892	0.0727811172	0.1272920266	-0.0195320949	0.0083811121	-0.0861516248	0.0434966759	0.0546782053	-0.0558469958	0.1163160027	0.1016026671	-0.0508521339	-0.1124448658	-0.1289241659	0.1159822945	-0.0189633166	0.0665507955	0.0067823099	-0.0756231898	0.0876644061	-0.1530640755	0.1014052916	0.0349372413	-0.0456128885	-0.1077779285	-0.0268342989028695	-0.0039709269891971	0.0007200795976085	1.5768261153534736e-05	-0.0770377108364925	0.0065116466647055	0.005934808890927	4.240154228597038e-05	0.023582782459087	-0.01257519057242	0.0005561476285126	0.0001581354179326	0.0006269806359832	0.0001419749967763	2.0156899709658785e-08	3.931047178978979e-07	-0.0002050571174208	-0.0002980248725192	8.881882464013495e-08	4.2048421404927765e-08	-0.0001829356117124	-4.99129945611e-05	3.3465438032589986e-08	2.491307026056398e-09	0.0	0.0
5266.59468437961	2.1482385109929965	27737019.569535565	4.614928700113406	13399.208908708128	82.25713567864295	179538799.37920326	6766.236370054676	5385.392731249277	-0.2660107467045236	29002454.869792547	0.0707617173622982	6777.843720196663	6707.697951844285	1.102277	24.776836	0.048037524352207	0.030102606674984	0.0557401071	-0.1505368663	0.099697886	0.0879066586	0.1287862509	-0.022811356	-0.0958492127	-0.0702126417	-0.1251263663	0.0182770455	-0.0856982024	0.0439719249	0.089554613	-0.0721106674	0.0718037345	0.0159335692	0.0250125742	0.0083394249	0.0085058532	-0.0995783758	0.0166952502	-0.0304648886	0.1850393245	0.028914547	0.0485157987	-0.136242135	-0.0884104662	0.0170373048	-0.0414781665	-0.0051512804	-0.0495715115	0.1316314284	0.1016640881	-0.1348012689	-0.0605868691	-0.0426694611	0.0287902848	-0.2159735667	0.0228198777	-0.1229750504	0.0020924065	0.1003752934	-0.0366739902	0.1538677752	0.0146421108	0.0479028295	0.0224329666	-0.0047953729	0.1563075371	-0.2183460482	0.1188645887	0.014057151	-0.027728562	0.114116842	-0.0447324272	-0.0944489425	0.0386862877	-0.0682238142	-0.0132912602	0.0196966548	-0.0721775306	0.0075066632	-0.0166076374	-0.0221147388	-0.109945969	-0.0803488276	0.0228884879	0.1331810968	0.1547790952	0.0357901598	0.0706730401	-0.0339349933	-0.0334998869	-0.0553508326	-0.0111591387	0.0370444088	0.0620638228	-0.0794997468	0.1076981756	-0.1324375468	0.0767190724	0.1260072073	-0.0735930547	0.0306636067	0.0456774832	0.1091709257	0.0523008727	-0.1081873131	-0.0224419179	-0.0463276825	0.0211877755	-0.0338837642	0.0811230955	-0.0821241418	0.0324856875	-0.04765654	0.0100006655	-0.0870143258	0.004423875	-0.0629194969	0.0367492284	0.0478856905	-0.1275892787	-0.0532114755	-0.0777465942	0.0994358308	0.0287081337	-0.0544812754	-0.1140212905	-0.0293664459723288	-0.0025321470694592	0.0008623881490457	6.411768781371311e-06	-0.0605725641030829	0.0164651467334095	0.003669035522022	0.0002711010569527	0.0019440327769189	-0.0216387496821681	3.779263437735009e-06	0.0004682354878075	0.0007749816578927	0.0001480010219094	2.1904302486256292e-08	6.005965700701178e-07	-0.0002050710367094	-1.3919288600010684e-08	1.9374659513038736e-16	4.2054130097068085e-08	-0.0001829209355671	1.4676145300017604e-08	3.3460068668743144e-08	2.1538924086722879e-16	0.0	0.0
5268.471770077767	1.877085698157316	27756794.792106364	3.5234507182267385	13435.149476351804	35.94056764367633	180503241.45191616	1291.724402549674	5387.305063986977	1.912332737700126	29023055.85245973	3.657016499679659	6779.1440589093145	6700.706217305842	1.092631	24.560013	0.0554063242148979	0.0320621178008737	0.1321192593	-0.068516885	0.0047057073	0.0213302228	0.1193771001	-0.038164633	-0.0286834135	-0.0680217789	0.0503483079	0.0863729268	-0.05943662	0.081412902	0.1189394135	-0.1896445693	0.0392312738	-0.0238982437	0.0097367029	0.1151145009	0.0792114124	0.016119934	0.0398948787	-0.0031598586	0.0706017125	-0.1045034996	0.0123075998	-0.090975645	-0.0033767414	0.0982776168	-0.0347954574	0.0304706581	0.1284451413	0.1017490507	-0.0354071845	0.1146516567	-0.0727179543	0.0981875243	0.0337923795	0.0951839266	0.0618748482	0.1092882945	0.0305199895	-0.0749411401	0.0179611716	-0.0636855463	-0.0398440638	-0.0578928679	0.0409863297	-0.0125007786	-0.0640623976	-0.1092082284	0.1147190842	0.0127939669	-0.0629408448	-0.0008464152	-0.1200799009	0.0121888264	-0.0111396197	-0.1283651171	0.062624254	-0.0420664085	-0.1183493758	0.0539491353	0.0228663235	0.0136376111	-0.0835380083	0.0318791249	-0.0430069722	0.0233314494	0.0201077039	0.0683758451	0.0312490182	-0.0025768754	0.0622489169	0.0364339867	0.1249160323	0.1364675153	0.0348882235	0.0577522093	-0.0807446993	0.066562016	-0.1045761384	0.0041601046	-0.137908983	-0.0751944085	0.0369199477	0.0270508106	0.1005140302	-0.0575458725	0.0626431643	0.0987093573	-0.0005805419	0.0930212618	-0.0277048822	0.1482298048	0.0533289552	-0.080967084	0.1330159384	-0.033083763	-0.0111970623	-0.0471146023	-0.0021787766	-0.0817608339	-0.0822832673	0.0784432908	0.0301926837	0.0974025471	0.0224053327	-0.0630350779	-0.1190946399	-0.0330406185427278	-0.003674172570399	0.001091682473686	1.3499544077072413e-05	-0.0658598552379174	-0.0052872911348345	0.0043375205319594	2.795544754449954e-05	0.0119341160432284	0.0099900832663094	0.0001424231257332	9.980176366779706e-05	0.0003659483081407	-0.0004090333497519	1.673082812093419e-07	1.3391816423104076e-07	-0.0002050919072102	-2.0870500799986423e-08	4.355778036422339e-16	4.206269040311728e-08	-0.0005029622601814	-0.0003200413246143	2.529710351667823e-07	1.0242644946087577e-07	0.0	0.0
5293.560135219141	25.088365141373288	28021778.905181285	629.4260654668743	13404.090853860933	-31.05862249087113	179669651.61855832	964.638031030446	5387.98134616566	0.6762821786833229	29030342.98662912	0.4573575852046618	6770.488215474879	6770.139766273996	1.159878	26.071583	0.0974768583930634	0.0557920101557483	0.0962642372	0.06169217	-0.0686092744	-0.0761686152	0.0092203173	0.0141264162	-0.0426462385	-0.060483538	0.1811046525	0.1064789235	-0.0439709602	0.0265912049	-0.0575149014	-0.1291987884	-0.1468883743	0.0943896209	-0.0537466863	-0.0135453439	0.0608752288	0.2279490957	0.0039887278	-0.0696803082	-0.0139180225	-0.1327187311	-0.0588790226	-0.0059513803	0.0032301108	0.082623818	-0.0163847007	-0.0434460238	0.0220918348	-0.1102124656	-0.0334092275	0.0779402188	-0.034556637	-0.0170310935	-0.0010312502	0.0669470492	-0.0502393282	-0.0100211104	-0.2511120338	0.1444595476	-0.0339303828	-0.0868275277	-0.0151361703	-0.0233598571	0.0628396233	-0.0810693366	0.0956696759	0.0144408328	0.0138925631	0.0486172725	-0.1027010469	-0.0811535347	-0.0905819299	0.1274295591	-0.037734675	-0.0024652296	-0.0805351356	-0.1948050075	-0.0091516808	0.0197294821	0.0438596188	0.0594061126	-0.0141615707	0.0116171419	-0.0537683457	-0.056385675	-0.0917687744	0.0288025471	0.0376177027	0.1101766861	0.1231336023	0.0263501264	0.0295829506	-0.0507472997	0.0009887734	0.0469877123	-0.2070352895	0.021788586	-0.1265112599	-0.1234210072	-0.0634625926	-0.1425892165	-0.0410436076	-0.0411883733	0.0618910211	-0.0079068624	0.0028969705	0.1684820696	0.0889575705	0.0519201254	-0.1355523389	-0.0204050425	0.1092573839	0.0667592669	-0.0447148878	0.0538880968	-0.0433535237	-0.0142645485	-0.0291907075	0.0621655966	-0.0642671869	-0.0294637491	-0.063151293	0.0953067456	0.0160450176	-0.071224905	-0.122945917	-0.0345883159756397	-0.0015476974329119	0.0011963516020306	2.395367343842089e-06	-0.0317921827904683	0.0340676724474491	0.0010107428865825	0.0011606063059866	-0.029576161034484	-0.0415102770777124	0.0008747493015377	0.0017231031030684	0.0002789811088552	-8.696719928550002e-05	7.563293751563874e-09	7.783045909807695e-08	-0.0002050254940073	6.641320289999214e-08	4.410713519435525e-15	4.203545319293741e-08	-0.00018297164397	0.0003199906162113	3.3478622497084445e-08	1.023939944633515e-07	0.0	0.0
5314.253947523328	20.693812304187304	28241295.018767275	428.2338676809339	13416.68059362124	12.589739760307566	180007318.1512528	158.50154723226922	5399.322316214732	11.340970049071984	29152681.47437442	128.61760165394782	6784.473168782985	6981.870727368573	1.319393	29.657143	0.0326145668818148	0.0162739859105564	-0.0806490439	0.074806923	-0.0578568849	-0.1505957944	-0.1005791636	-0.0015057976	0.0431868016	0.0566611269	0.1465323733	-0.0632821426	0.0695231947	-0.0635699045	-0.1032865588	-0.0173092937	0.0237129953	0.0635170172	-0.0489711592	-0.0852596373	-0.0584056578	-0.1023583212	0.0232325834	0.043444375	-0.1966551414	0.0163322356	0.0779222519	0.1303670533	0.057210599	-0.1430308245	-0.0858694727	0.0455315418	-0.1769968726	0.0590172429	0.0886885932	0.0916251063	-0.1419393284	0.0573445203	0.1905107497	-0.0448247514	0.2274609547	-0.0126607635	-0.07754299	-0.1617099178	0.0349483196	-0.1462443242	-0.0514614268	0.0616006763	0.0215144662	-0.0347284782	0.0331098334	0.1014287913	-0.1074846952	0.0050271485	0.0129317241	-0.0707382384	0.0541173361	0.1152210887	0.0298407448	0.0330322385	0.0111486605	0.0063414843	0.0261738429	-0.1526507575	0.0292361882	0.1123389871	0.2099817466	-0.1502301944	0.05018355	-0.1510196476	-0.0687987012	0.151557085	-0.0291617481	-0.0335194564	-0.0623748639	0.070831507	-0.1908602818	0.0741625266	0.1053160665	-0.1454023505	0.0340832829	-0.0361102374	0.0394845672	-0.0775120879	0.0783781036	-0.0070391212	-0.0956429597	-0.1211458059	0.0266531401	-0.045538831	-0.0506313112	-0.1039019364	-0.0148077436	0.0464064593	0.145244331	-0.0548473464	-0.1163730135	0.0271942023	-0.0731964728	0.0981521738	0.141858626	-0.122076866	0.1414880861	0.040849272	0.0744273513	0.1812579651	0.0795189874	0.0931497716	0.0096435152	-0.0790034671	-0.1255356027	-0.0309505326739554	0.0036377833016843	0.0009579354728015	1.3233467350013136e-05	-0.020710113171944	0.0110820696185242	0.0004289087875947	0.0001228122670298	-0.0242320011009127	0.0053441599335712	0.0005871898773546	2.8560045395588775e-05	0.0003119587753166	3.297766646140002e-05	1.0875264852393472e-09	9.731827749703295e-08	-0.0002050626722938	-3.717828649999725e-08	1.3822249870758773e-15	4.2050699568274415e-08	-0.0004009678797828	-0.0002179962358128	1.6077524061751397e-07	4.7522358828549916e-08	0.0	0.0
5295.101462069863	-19.15248545346458	28038099.493614405	366.8176990451723	13377.335619991773	-39.34497362946786	178953108.28990066	1548.0269499035212	5395.170089001792	-4.152227212940488	29107860.2892596	17.240990827883536	6787.040430888724	6884.047235186984	1.278108	28.729136	0.1285971774848919	0.0693317719910829	-0.102954809	-0.0559046455	0.0653607245	0.0283880075	0.0074571364	0.0286766839	-0.0543779176	0.0396807926	-0.0975755444	-0.1387371841	0.0335003965	-0.0431933202	0.0297391052	0.0833768389	0.1516199079	0.0180946573	0.0180341413	0.0421024264	0.0172838054	-0.0091087173	0.0222632714	0.0087162603	0.0533144327	-0.1448574391	-0.1086609593	0.0646885474	0.1138650614	0.0388430441	0.1920447898	0.0590103857	0.1275908311	-0.0914175228	0.1230914156	-0.1309645262	0.091358851	0.1262953692	-7.92184e-05	-0.0405811815	0.0520688687	0.0944545362	-0.0107104428	-0.0354512854	0.0097039543	-0.0640473764	0.1302887766	0.0562982985	-0.1076814018	-0.0673200157	-0.0597510515	0.131816863	0.0084082637	-0.0411157051	0.0649525597	0.0896778883	0.1243834387	-0.0681957927	-0.0265671597	-0.1013684699	0.0563350581	-0.0227051916	0.0873388659	-0.0449499665	0.0698319374	0.0084717634	0.0242923355	0.1150047445	0.0892769446	0.0916937177	-0.0661656859	-0.1737734576	-0.0180865394	0.0385291238	0.0660591515	0.1846040568	0.1048130031	-0.0644947886	-0.0383839866	-0.2134801654	-0.0474079332	-0.0145523001	-0.0499065296	0.1020013236	0.053652847	0.1171404763	-0.0040037554	0.0160931336	-0.0683557886	0.0126159018	-0.0237766938	-0.15138943	0.054643666	-0.0757008328	0.0950904595	0.1146661409	0.0187230255	-0.1536207833	-0.116241706	0.010036211	-0.0486451193	0.0248648613	0.0970349353	0.0050509287	0.0858917694	-0.0427076297	-0.2227244335	0.0909330095	0.0032172579	-0.0863258496	-0.1268371232	-0.0267973675165364	0.004153165157419	0.0007180989058163	1.72487808247992e-05	-0.0289673222201827	-0.0082572090482387	0.0008391057566078	6.818150126631504e-05	0.0281554053650765	0.0523874064659892	0.0007927268512717	0.0027444403562327	-0.0001239613640522	-0.0004359201393688	1.9002636790731405e-07	1.536641977768206e-08	0.0004170112865209	0.0006220739588147	3.869760102353931e-07	1.7389841308581617e-07	-0.0001829740417014	0.0002179938380814	3.347949993654567e-08	4.7521313441459645e-08	0.0	0.0
5299.264508162549	4.163046092685363	28082204.32747126	17.33095276982287	13400.796670783056	23.461050791283924	179581351.41167024	550.4209042312041	5385.745835832707	-9.424253169085205	29006258.208189342	88.81654779501253	6779.245231595953	6879.189358304555	1.04413	23.46981	0.0584191270003518	0.0332858477727954	-0.0143596768	-0.0168669084	0.1227571979	0.1139734615	0.0967468567	0.0446912596	-0.0558337246	-0.0132456444	-0.1107716705	-0.0193737302	-0.0463756448	0.1030004291	-0.0031036997	-0.0769804879	0.1442615366	0.029390992	-0.0930782495	-0.0694801419	0.1056547097	0.0098848948	-0.0209482584	-0.0538165233	0.0581850492	-0.0372863418	0.0630727738	-0.0425221469	0.080654807	0.0588526414	-0.0970265559	0.0079830358	-0.0879571589	-0.0909188203	-0.1349130577	0.0988756021	-0.1862054988	-0.0543519463	0.0316961261	0.1090319261	-0.1642694907	0.1572056157	-0.0240233913	-0.1198540966	0.0093400246	0.0495076549	0.0990199504	0.0052022172	-0.0059412452	0.1194816731	-0.1642054448	-0.2193283768	0.1089347223	0.0511202436	0.0218413853	0.0838591481	0.0037943603	-0.1050179434	0.062640088	-0.0703486264	-0.0247385995	-0.0257631667	-0.1393932585	-0.0785717881	0.0687709295	0.0554803038	-0.0134773886	-0.1535572727	0.0294924324	0.0942725961	-0.0347334255	0.0419821754	0.0732085221	-0.0070887028	0.0733207551	0.046024634	0.0736251496	-0.0510072683	-0.0849227447	0.1832066502	-0.0963650011	-0.14116333	0.0990251384	0.083968751	-0.0629176509	0.066340118	0.025554944	0.0679457355	-0.1137544546	-0.0498960312	0.025881143	-0.0300975476	0.0469384122	-0.1469919119	0.0575331454	-0.1029077978	-0.0061266176	-0.1002123432	-0.0491892102	-0.0417163672	-0.0122884149	0.0187687813	0.1375484396	-0.0558754325	-0.0089618568	-0.0239651131	-0.0888184977	0.088657882	-0.0032172579	-0.0931497716	-0.1268371232	-0.0331688822006697	-0.0063715146841333	0.0011001747464419	4.059619937012627e-05	-0.0335630125520793	-0.0045956903318966	0.001126475811571	2.1120369626687914e-05	0.0232067258631545	-0.004948679501922	0.0005385521252876	2.448942881274299e-05	0.0004090086638281	0.0005329700278803	2.840570506187277e-07	1.672880870864477e-07	9.996241845500188e-05	-0.0003170488680658	1.0051998474186729e-07	9.9924851033729e-09	-0.0001830199954032	-4.595370179999101e-08	3.3496318717387355e-08	2.111742709122497e-15	0.0	0.0
5296.888616912076	-2.375891250472705	28057029.019972727	5.6448592340727535	13476.846721074353	76.05005029129643	181625397.54333252	5783.610149308716	5385.385564445898	-0.3602713868085629	29002377.677742265	0.1297954721529652	6790.336120930124	6952.549027426949	1.141183	25.651346	0.062630041791837	0.0370462186166106	0.077718628	0.0553311169	0.0562569788	0.0064790223	0.1214759717	-0.0109607839	0.1078299562	0.0171817032	-0.0585939824	0.1034861763	-0.0487552406	0.1091266429	0.0536814228	-0.0930667557	-0.1119353715	-0.002862225	-0.0562375914	0.1227645929	0.093210734	0.0753519281	0.1016260206	-0.00106551	-0.0372899154	-0.0711440183	-0.0535006718	-0.0102314006	0.0053070109	-0.1196742248	-0.1012230054	-0.1166741381	-0.1998361111	-0.0923275056	0.0599901331	0.020702193	-0.1014149722	0.0403916387	-0.0970549777	-0.1528360314	0.0464014778	-0.0641397603	0.141046729	0.0285158018	-0.0282232367	-0.0605645795	0.0162144853	-0.1552551653	0.0363566069	0.0738393878	-0.1244132516	0.0667355896	0.1258476543	0.0291120912	0.0222068953	-0.0421492471	-0.1224796154	-0.0296057044	0.0046967818	-0.0499236272	-0.0931666116	0.1321040046	-0.0785822168	0.0795717438	-0.0846492721	0.0610707084	0.0359763586	-0.0810466064	-0.0645539613	-0.0092373392	-0.1794513204	0.1070417582	0.1340539219	-0.0593316552	0.0198557074	0.0562496655	0.0534636041	-0.0121103124	0.0767490165	-0.1111784499	0.0450283212	0.0285001716	0.0107582242	-0.0042190362	-0.1634022019	-0.0561326195	-0.0141754002	-0.0044083769	-0.0246226389	-0.0242810001	0.0791046716	0.0880079182	-0.110210756	-0.075068895	0.1181511138	0.0144384742	0.0011667717	-0.1032662074	0.0487079063	-0.0446107109	-0.0180995454	0.0506498905	0.0166436505	-0.0474528233	-0.1123511703	0.0225403115	-0.0414670616	0.0863258496	-0.0096435152	-0.0994358308	-0.1255356027	-0.0334196504057473	-0.0002507682050775	0.0011168730332423	6.288469267784083e-08	-0.0402931411175302	-0.0067301285654508	0.0016235372211172	4.529463050749814e-05	-0.0029857989264741	-0.0261925247896286	8.914995229333889e-06	0.0006860483548553	0.0006650399891414	0.0002560313253133	6.555203954168487e-08	4.422781871571935e-07	0.0004329393384612	0.0003329769200061	1.1087362925681408e-07	1.8743647078722149e-07	-0.0001831441547173	-1.2415931409999906e-07	3.3541781407114326e-08	1.541553527778222e-14	0.0	0.0
5269.804140589171	-27.08447632290517	27770835.68017077	733.568857686011	13371.270653084532	-105.57606798982124	178790878.87803963	11146.306132191356	5375.469628319048	-9.915936126850283	28895673.72498052	98.3257892717746	6766.838734598363	6861.478662018448	1.336437	30.040253	0.1138005605891524	0.0622017651332148	-0.0400219158	-0.0856099736	-0.0783365911	-0.148020663	-0.0050367783	-0.0680293036	-0.0728868626	0.0821435026	0.1319468651	0.0831778709	-0.10988587	0.0238495205	-0.009703868	-0.0348082409	-0.1295214748	0.1095005086	0.0492155823	0.0012301707	-0.0037115796	0.122287975	0.1365940191	0.0968447294	-0.0837023153	0.1092952327	-0.065017494	-0.1131656253	0.0294319145	-0.0102673514	-0.0706008954	0.1199442137	0.0250578853	-0.0162699901	-0.2427263184	-0.1478656038	0.0556799677	0.0030983041	0.0854544165	-0.0236810266	0.0167143251	-0.1413512563	-0.1012813437	-0.1651166865	-0.0473302973	-0.0565926365	-0.044494315	0.0395741761	-0.038635101	0.1216388216	0.0763298147	0.0453485632	0.0571070925	-0.0267857528	-0.1766204009	-0.1403956664	0.0351255525	0.0754680312	0.0041942909	-0.0884133687	-0.047527518	0.1343069966	-0.0378218723	0.0482757381	-0.091000688	-0.236524276	0.089318095	-0.0219704827	0.1044266518	-0.1526772082	-0.0515400566	0.0638124866	-0.0184724972	0.1136528977	0.0018700033	-0.0884368707	0.0574469732	0.094402419	0.0354396617	0.1371626267	0.0373762889	-0.0685570968	-0.1571982652	-0.1180213892	-0.0757887812	0.0396264541	-0.1157993045	-0.0880972512	0.124914505	-0.1234733566	-0.0215034232	0.1974733563	-0.1161408218	-0.0377541771	-0.0013963907	-0.0748597481	0.0264540873	0.0546826792	-0.1050385565	0.0098796095	-0.0934277287	0.0489149759	-0.1149107897	0.0750423767	0.1054344904	0.0684717952	0.0781424807	0.0839384089	-0.0160450176	-0.1051477302	-0.122945917	-0.0267564863955414	0.0066631640102058	0.0007159095642347	4.439775462690314e-05	-0.0401143734081017	0.0001787677094284	0.0016091629539246	3.1957893934312046e-08	-0.0383038220960472	-0.035318023169573	0.0014671827871656	0.0012473627606065	0.0012919625368467	0.0006269225477052	3.93031880821304e-07	1.6691671966153604e-06	-0.0002052266301388	-0.0006381659686	4.072558034791762e-07	4.211796971812781e-08	-0.0003508677524109	-0.0001677235976936	1.2310817968187662e-07	2.8131205223284583e-08	0.0	0.0
5274.274475875784	4.47033528661359	27817971.24687478	19.98389757474261	13319.890269240288	-51.38038384424362	177419476.7846021	2639.943843981812	5368.62169630984	-6.847932009207398	28822098.91808875	46.89417280272727	6741.27904698798	6678.999772453663	1.240598	27.885992	0.1286596325937443	0.0690637364812317	-0.0441830505	-0.0933661694	-0.0971502286	0.0697153932	-0.0962925334	0.0960084052	-0.1745556167	-0.1539192791	0.0228330356	-0.0551656551	-0.1784905663	-0.0837392183	-0.0597861531	0.0981762433	0.020844758	0.0696086965	-0.130944683	-0.0267405164	-0.0476202512	-0.0779620202	0.0286928218	0.1802123729	-0.0803625568	-0.1308605436	-0.1804503271	-0.0650221816	-0.0135791969	0.090695192	-0.0330978555	-0.0017067764	-0.0726809047	0.0763435516	0.0143170791	0.0603480182	0.0228787734	-0.0947881394	0.0402791525	-0.0140161186	-0.0230054319	0.068217739	-0.0384551763	-0.0668408818	0.1757292116	0.1138433178	-0.0413185101	-0.1225724633	0.0835386345	-0.0566206005	-0.1382608066	0.0465947404	-0.0922552126	0.0378911688	-0.2046713255	0.0780165402	0.0490243271	-0.0970049392	0.0076372863	0.0095468672	-0.0358633173	0.0701943085	0.1607680583	-0.0547550919	0.0989417269	0.0517660831	0.2429154363	0.0980856106	0.195136623	0.0388017267	0.0470833169	-0.034151741	0.013721616	0.0907879812	-0.0094873203	-0.008483736	-0.0258149589	0.049811849	0.189504853	0.0767645748	0.0376148554	-0.0358939733	-0.0481812488	-0.069484928	0.04924167	0.056600041	-0.024597627	0.0470953471	0.0042956851	-0.1588480454	-0.0457358225	0.0694795591	0.1100601132	-0.0088010659	-0.0466611352	0.0165082711	-0.1316650324	-0.0535534762	-0.0756325123	0.1274087838	-0.0057862054	-0.0077210772	0.0503102087	0.0940918277	0.1824789913	0.0849852938	0.1063828605	0.0814970925	-0.0224053327	-0.1102524885	-0.1190946399	-0.0422243792340566	-0.0154678928385151	0.0017828982017014	0.0002392557088637	-0.0044674577605832	0.0356469156475185	1.995817884259506e-05	0.0012707025951812	-0.0342585516180165	0.0040452704780307	0.0011736483589643	1.6364213240426745e-05	0.0001869108953503	-0.0011050516414964	1.221139130373888e-06	3.4935682800650793e-08	-0.0002760601360487	-7.083350590989998e-05	5.017385559487836e-09	7.620919871522674e-08	-0.0006449736775982	-0.0002941059251872	4.159910447945468e-07	8.649829523027768e-08	0.0	0.0
5309.786537999185	35.51206212340094	28193833.079117376	1261.1065562562876	13403.809404138015	83.91913489772742	179662106.5424587	7042.421201982972	5382.1089786384855	13.487282328645051	28967097.057941	181.90678461258108	6755.754467578645	6780.430536337627	1.38221	31.069115	0.1271331968585401	0.0566592478580372	0.0688324534	0.0643905244	0.1295188469	0.0816062826	0.0433780747	0.1382675749	-0.0733165115	-0.0840855102	0.0256543654	0.0166127896	-0.0668405442	-0.0355469169	-0.0303971202	0.0156061743	0.1289997564	-0.0784964977	-0.0107374108	0.0729207195	-0.0822089864	0.0177970964	-0.2352115115	-0.0027088479	-0.0935895404	0.0623674049	-0.1477938275	-0.0823785637	0.0062644706	0.0282728619	0.0938049813	0.0063950777	0.0963185031	-0.0304123113	0.060749872	-0.0049953038	0.1018755201	-0.0923889169	0.0535066461	-0.0620993365	0.0715263087	-0.0206487491	0.0528768997	-0.129234978	-0.0217018712	-0.0489179169	0.0042647573	0.1340175904	-0.0838068404	-0.0375780439	-0.0003922981	0.019391109	-0.0273246916	0.1177964183	-0.0219841675	0.1661468755	-0.0231407043	0.0223228867	-0.0102006412	0.0534985678	0.1468712645	0.1031705608	0.1086463599	-0.0118340259	0.1276138322	-0.0069622574	-0.0664011679	0.0975347879	0.00948025	-0.0531302629	-0.1305537938	-0.125691263	-0.0024226191	0.0800722208	-0.2152605819	0.025055837	0.0656878808	-0.0290037559	-0.0181743409	-0.0898241304	0.0941991757	0.0099692526	-0.0272295282	0.0935951726	0.0146346409	-0.0716078037	0.0058970104	0.0296569283	-0.1397939576	-0.0454460041	-0.0468014599	-0.1859144472	0.1842883502	-0.0840962784	-0.0537855014	-0.006847159	-0.0248150013	-0.0308023242	0.0486166871	0.0197460589	-0.0448744958	0.0415245473	-0.013159312	0.1338715254	0.1796674432	0.0136350743	-0.0843896203	0.0790034671	-0.0287081337	-0.1147206298	-0.1140212905	-0.0266955944179443	0.0155287848161123	0.0007126547613273	0.0002411431578651	-0.0227877285896056	-0.0183202708290224	0.0005192805742735	0.0003356323232487	-0.0133962626963111	0.0208622889217054	0.0001794598542285	0.0004352350990527	-0.0001764209914629	-0.0003633318868131	1.3201005997523994e-07	3.1124366228752635e-08	0.0004880282985222	0.0007640884345709	5.838311358450085e-07	2.381716201584736e-07	-0.0003239569531483	0.0003210167244498	1.0494810749312985e-07	1.03051737376543e-07	0.0	0.0
5332.782152547218	22.99561454803279	28438565.486526143	528.7982884416973	13469.138098938824	65.32869480080808	181417681.12828532	4267.8383643771285	5409.248893349619	27.139914711133315	29259973.590204075	736.5749705275905	6803.749810433895	7034.121137167933	1.226736	27.574404	0.0566802040428302	0.0301562851334565	0.0262269611	0.1633580519	0.1708040657	-0.0594921247	0.1139440249	0.0513003347	0.1157175382	0.1595644984	0.0434827098	0.0643255366	0.1701844194	0.109809967	-0.0029500672	-0.0549045212	0.1115510139	0.0430403474	0.0911142057	-0.1207549179	0.0393960296	0.0479554519	-0.0948472898	0.0699694466	-0.0499513355	-0.06153178	-0.012861652	0.051353308	-0.0602871522	0.1028587967	0.0765691051	-0.0137948906	0.0004404147	-0.0610843684	-0.0988837655	-0.0251643776	0.0417920286	0.0632106528	-0.0678621825	0.1788253523	0.0260916367	0.0700209304	0.016291688	0.2222987806	0.0644825244	-0.0039053123	0.0801326704	-0.028507581	0.0725476626	0.0652858499	-0.0390338916	0.1574633824	0.0983675133	0.0892072052	0.1784530733	-0.0406413417	0.016550929	0.1436184152	-0.0106135705	0.0061308758	0.0533173817	0.0304180468	-0.1188286772	0.0184272084	0.1695816976	0.0613328621	0.032377851	0.0834337129	0.0214141043	0.005226903	0.0172548582	-0.0984775592	0.0413201448	0.0228647956	0.032536097	0.0791067816	-0.0199899083	-0.1764470475	-0.110575818	0.1804342822	-0.0654858897	0.0330146427	0.0184601285	0.0400334663	-0.1189052786	-0.0792384856	-0.0130173417	-0.1211280094	-0.1463495204	0.0820211747	0.0325877114	-0.0771404589	0.0116582117	-0.0592925133	0.0334872481	-0.0183017688	-0.0229589382	-0.1207545251	0.1228865345	-0.0264224518	-0.0102484553	0.1018305586	0.1120897681	-0.1512706906	0.0100863432	0.0906629721	0.0543238725	0.0764591335	-0.0349372413	-0.1185263543	-0.1077779285	-0.0267476830153725	-5.208859742819941e-05	0.0007154385466908	2.713221982037022e-09	-0.0450612161885004	-0.0222734875988947	0.0020305132043867	0.0004961082498181	0.0070871745363589	0.02048343723267	5.022804290881399e-05	0.0004195712008647	-7.495217778225597e-05	0.0001014688136806	1.0295920149757254e-08	5.617828954302905e-09	0.0005230065136809	3.497821515870001e-05	1.2234755356883111e-09	2.735358133526495e-07	-0.0001829801697109	0.0001409767834374	3.3481742507429763e-08	1.987445346835558e-08	0.0	0.0
5302.372611899921	-30.409540647297035	28115155.31542639	924.7401623796106	13433.128258065002	-36.009840873821304	180448934.79762447	1296.7086397579317	5404.688412647794	-4.560480701824417	29210656.83780933	20.79798423171293	6800.529981507646	7084.746092869139	1.386359	31.162384	0.1059669423111182	0.0573114649763159	-0.1302519864	0.0441769768	-0.012127578	-0.1305781106	0.0093829231	-0.0096544085	0.1059620399	0.2195652661	0.0286744301	0.0624409211	0.1081509908	0.132961348	-0.0315640576	-0.0238059071	-0.1145810089	0.0194285897	0.266778152	0.0189809107	0.0586016083	0.0295774701	0.2565917269	-0.1073235772	0.0340717724	-0.1096044507	-0.0960349069	0.0871280053	-0.1875483176	-0.1226306778	0.0448885392	-0.0163803807	0.082076683	-0.0632963478	0.0030679811	0.0470314304	-0.0583155358	-0.0280507156	0.0167452041	0.0339528373	-0.0033479523	-0.0007368715	0.1326468249	-0.0191126916	0.0059952348	-0.0771993686	-0.0338895648	-0.089758361	-0.1026684476	-0.0314963992	-0.0063863938	-0.0353584175	0.0737337856	-0.0002029627	0.0678016013	-0.2203931085	0.0816118995	0.0713574867	-0.0073784168	-0.1483107879	-0.0820102607	0.1409349334	-0.0195359861	0.1979054375	-0.1682749835	0.0391954732	-0.1099763301	0.0653223055	0.0218570154	-0.0767304908	0.0429616608	-0.1623994141	-0.0237945822	0.0703417485	0.0926798709	0.0198983948	0.0082720456	-0.010392536	0.005965856	-0.0722490346	-0.0654371935	0.1556695043	-0.0398026473	-0.0956906738	-0.085590675	0.079665778	-0.0775118558	-0.1499851617	-0.0111960719	0.0326972422	0.0997916257	0.1426797172	-0.2028219119	-0.0880286316	-0.0283774152	-0.0002521423	0.0560899955	-0.0275292232	0.0908030247	-0.1579953196	-0.1414068307	0.1121964778	-0.1017720594	-0.0437023169	-0.2187631726	0.1249257384	0.0726404601	0.0738657246	-0.0410766654	-0.1216476871	-0.100428619	-0.0326372043383855	-0.005889521323013	0.0010651871070255	3.468646141422484e-05	-0.051713387022005	-0.0066521708335046	0.0026742743972876	4.425137679812935e-05	-0.0229875784373589	-0.0300747529737178	0.0005284287624137	0.0009044907664301	0.0004639810255832	0.0005389332033654	2.904489976897518e-07	2.152783921012381e-07	-0.0002050422515316	-0.0007280487652125	5.30055004527446e-07	4.204232491314792e-08	-0.0001829521946712	2.7975039699985665e-08	3.347150553500866e-08	7.82602846215774e-16	0.0	0.0
5274.512824891869	-27.85978700805208	27820485.539948806	776.1677321340275	13386.582491312942	-46.545766752060445	179200590.7967262	2166.508402537216	5383.255670341047	-21.43274230674706	28979441.61225904	459.36244278742527	6768.287419875124	6841.468549959264	1.344771	30.227568	0.0854027671342706	0.0492121769228721	-0.0023005437	-0.0346980061	-0.138870933	0.110169337	-0.0846674927	0.0012248514	-0.0011041	-0.0809771297	-0.0490773766	0.0166330719	-0.0306337344	-0.0299369783	-0.0256547268	0.0656825544	-0.1177532843	-0.0955997215	-0.0374701029	-0.0118964771	0.228228722	-0.0931963011	-0.1172279696	0.1250238335	0.0741846093	0.1310152739	-0.0625646085	0.0443382193	0.0173873484	-0.1897017139	-0.1580872982	0.0490559247	-0.1893988171	0.0067689951	-0.0388913682	-0.2331673073	0.0553387599	-0.1328854801	-0.2562126865	-0.00548121	-0.0157570858	0.0597379332	-0.0393788033	-0.0404196848	0.0184372388	-0.0189806391	0.0137319291	0.011731484	-0.059135416	-0.1386706207	0.0212599704	0.0019128731	-0.0662843484	-0.0050993873	-0.0596615017	-0.0652130345	-0.03029835	-0.1411157726	0.0507831145	0.01597026	-0.1281533547	0.217489339	0.0605315392	-0.0341231064	0.1104579625	-0.154554051	0.0418121348	-0.0188340404	0.1214674281	0.016130007	-0.0559331737	0.1291361994	0.0501574479	-0.0644061318	0.0933554984	-0.1212179505	-0.1003577015	-0.1645257905	-0.1058098703	-0.129715054	0.0872355104	-0.1198340076	0.0421551133	-0.1106371003	0.0333575828	0.0514490033	-0.0293464966	0.1181562913	-0.0418370197	-0.0437034776	0.0309238367	0.1339992895	-0.0508793413	-0.1181237073	-0.0600750782	-0.0215106901	-0.0122651452	0.0526992917	-0.0059779937	-0.0061474462	-0.0562374299	-0.0512370917	-0.0239841292	0.0891551428	0.2099925156	0.140925529	0.1108146903	0.071224905	-0.0471106464	-0.1240666051	-0.092048776	-0.0268218640381263	0.0058153403002592	0.0007194123904797	3.381818280781878e-05	-0.0114840695509883	0.0402293174710167	0.0001318838534519	0.0016183979841838	-0.0372179023994121	-0.0142303239620531	0.0013851722590121	0.0002025021200649	0.0007330029281052	0.000269021902522	7.237278403655648e-08	5.37293292610797e-07	2.843297129873079e-05	0.0002334752228303	5.4510679675672615e-08	8.084338568744488e-10	-0.0001830107773377	-5.8582666500001195e-08	3.349294462174921e-08	3.4319288142503616e-15	0.0	0.0
5283.515148486154	9.002323594285372	27915532.324282672	81.04183009622709	13359.96942786648	-26.613063446462547	178488783.11352697	708.255146005441	5382.387430619797	-0.8682397212505748	28970094.45329398	0.7538402135572758	6772.269238605905	6877.565986391775	1.231678	27.685484	0.0479479858144785	0.0317565234395267	0.0918060909	0.0203902393	-0.0721035131	-0.1179312603	-0.0844345215	-0.1123542531	-0.0321417749	0.0029549731	0.0685192688	0.040094894	-0.0573441878	-0.1434208221	0.0351723755	-0.0011054679	-0.0652035211	0.0129821043	0.0382718514	-0.0310286717	-0.0716854657	-0.148603114	0.0760828434	0.0281595011	-0.0635918391	-0.091759738	0.0427540063	0.0533840033	-0.0253687519	0.1010531304	-0.015295262	0.0002271229	0.2217142172	0.1474432627	0.0964264594	-0.0028294824	0.1330278385	0.0062908898	0.0071852914	-0.0240256457	0.0290925486	-0.0673381536	-0.0860948292	0.0949239679	0.042215656	-0.132388284	-0.0557990334	-0.0200524183	-0.1340310829	-0.0277747239	-0.1881445778	-0.0651843036	-0.0845371392	-0.078816284	-0.0466817827	0.0433230039	-0.0331631247	0.1258464297	0.0234260754	0.0609646068	0.0263471278	0.1006837667	0.1295123093	-0.0693331943	-0.0361781259	-0.0264206291	0.0489663583	0.1223087204	-0.1382813661	0.0219980292	0.1725668502	-0.1168516891	0.0170454268	0.049243742	-0.052102543	0.0480176681	0.098464167	-0.0573951894	0.0683837024	-0.0405139473	0.0787690026	-0.0332852751	-0.0751655242	0.0026756245	0.0676213476	-0.1035024904	-0.088140072	-0.0352263494	0.0761792013	-0.0026414329	-0.0827688656	-0.1964015262	-0.0025646781	-0.1349770494	-0.0631496347	0.0389977526	0.0290160083	0.0987357913	0.0319539015	0.0699934729	-0.0882435181	-0.00734714	0.0176248767	0.0059723895	0.0179109522	-0.0267510179	-0.0377598267	0.0685383697	-0.053023695	-0.1257691411	-0.082724388	-0.0268421865137895	-2.0322475663199505e-05	0.000720502976841	4.1300301708133605e-10	-0.0172679559787809	-0.0057838864277926	0.0002981823036851	3.345334220960347e-05	-0.0230011171023178	0.0142167852970942	0.0005290513879545	0.0002021169841836	0.0002720114533597	-0.0004609914747454	2.1251313978803093e-07	7.399023075885625e-08	0.0001259750726927	9.75421013939692e-05	9.514461544351368e-09	1.5869718939931046e-08	-0.0001830170334768	-6.256139099987661e-09	3.3495234542648135e-08	3.9139276438394425e-17	0.0	0.0
5286.479572836501	2.964424350346235	27946866.27401759	8.787811728925696	13374.720395858974	14.750967992495134	178883145.66740605	217.59105671561596	5377.852670957158	-4.534759662638862	28921299.350521035	20.56404519789653	6767.1939476500165	6853.743834170549	1.349276	30.328829	0.0822913105832156	0.0381837418578709	-0.0875095301	-0.0948301727	0.0857497889	-0.0098735131	0.0672770356	0.0321618986	-0.079942025	0.0707672481	-0.0715078023	-0.0186309381	-0.1054198205	-0.0313100831	0.0307987466	-0.029840839	0.0742604998	0.0068251336	0.0551774238	-0.0006592545	-0.0759156273	-0.070369473	-0.0945410429	-0.1326481359	0.1627822243	-0.010419704	-0.0828437458	0.1517732324	-0.0698424889	0.0957555652	-0.0422435965	0.1004521477	-0.051144485	-0.0614586061	-0.136886258	-0.1445395717	0.0503960683	0.1017300177	-0.0266274869	-0.0144302289	-0.0958465966	-0.0446120372	0.0495387998	-0.0710469451	0.1425429284	0.0199557323	0.0646744643	-0.1974801819	0.0967428641	0.0170607097	-0.0456566913	-0.0007221603	0.0668694388	0.0505787239	-0.0318776565	0.1236143561	0.0671098769	0.0167265059	0.0079846597	-0.0694266063	-0.0289083805	0.1301130431	0.0045206683	0.0011354736	-0.0055361291	-0.031612973	-0.0760847754	-0.1208422656	-0.08959824	0.1432408831	-0.0099874072	-0.1234168305	-0.1169741227	0.1324918147	0.0096538592	0.023839759	-0.0918655154	0.0712759302	0.0324426644	0.1159575139	0.109485735	-0.0575644829	-0.1521945501	0.0982082529	-0.0401427196	0.1217143889	0.0010226908	-0.0480025758	-0.0195168181	-0.1046149747	-0.1035519473	-0.0514272349	-0.0270698472	-0.147272901	-0.0729541057	0.0201358445	0.0733369699	-0.0196225826	0.003960786	-0.0440835697	-0.1561398208	0.076783476	-0.0155697941	-0.0092171183	-0.0105638978	-0.0309886988	0.0310116152	0.0658078432	-0.0588006326	-0.1267454643	-0.0725511359	-0.0377772386787711	-0.0109350521649815	0.0014271197621928	0.0001195753658508	-0.0411068867189072	-0.0238389307401263	0.001689776135721	0.0005682946188325	-0.01218113167387	0.0108199854284478	0.0001483799688561	0.0001170720846718	0.0003379469034387	6.593545007899999e-05	4.3474835771202995e-09	1.1420810954380603e-07	-0.0002050878390451	-0.0003310629117377	1.0960265152831035e-07	4.2061021724188856e-08	-0.0005199655166532	-0.0003369484831764	2.703641385084292e-07	1.135342803148767e-07	0.0	0.0
5293.1242868750005	6.644714038499842	28017164.716305982	44.15222465343688	13399.097503035036	24.37710717606205	179535813.89583975	594.2433542732161	5370.477084206608	-7.375586750549701	28842024.111988317	54.399279914884296	6749.980948330493	6829.259053491347	1.299817	29.217113	0.053464404349327	0.0344909088604881	0.0666516486	0.0753074398	0.0021941482	0.0679049944	0.0515775406	0.1242966067	-0.0629078216	-0.0568423288	-0.0019747163	0.146166207	-0.2098341471	0.0818869744	-0.1892928348	-0.1724786741	0.0548186991	-0.0405822861	-0.0513454352	-0.0555994335	0.0027590982	-0.149295724	-0.1036315243	-0.047440279	-0.0349887544	0.2471444912	-0.0015280363	0.0281770486	-0.069608445	-0.229879624	0.1012088653	0.0246302002	0.1410039086	0.0205005977	-0.0502567056	-0.1307503834	0.0339477738	0.1342258044	-0.014066521	0.019143774	-0.1256790162	0.0673075245	-0.0355937158	0.0766268121	-0.2026202507	-0.0356454639	-0.1025198162	-0.0502307999	0.0448543214	-0.0353416732	-0.0235995799	-0.032764512	0.0233475749	0.1791187106	-0.1812867869	0.0273149048	-0.0934781694	-0.0134466297	0.0421126646	-0.0146167331	-0.0026661284	0.1253980947	-0.1022736818	-0.1992357996	0.0173078459	0.0567765273	-0.2062298115	0.2378180604	-0.116690682	-0.1886079221	0.0239239176	0.0153321875	-0.0848836679	-0.0477471798	-0.0314614012	-0.0625922393	-0.0484031276	-0.0360277161	-0.1671631926	0.0011933632	0.0306049388	0.0263402305	0.0387722471	-0.0852191152	-0.1098169448	-0.0670032449	0.0194657803	-0.0106732417	-0.0629932965	-0.0809540929	0.03717451	0.0706807938	0.0304737814	-0.1089685684	-0.1515207078	0.0589600881	-0.0055786245	0.0664731336	0.0757917413	-0.0955978329	0.0151759768	-0.0132577503	-0.0098297242	-0.0551238265	0.0055056584	0.1098859624	0.0817853118	0.0630350779	-0.0644266298	-0.1269899372	-0.0616334109	-0.0335278278172523	0.0042494108615188	0.0011241152381433	1.8057492669993974e-05	-0.0362394891811703	0.0048673975377368	0.0013133005761121	2.369155879036723e-05	-0.0441030939706053	-0.0319219622967353	0.00194508289778	0.0010190116768741	0.0004059789136895	6.803201025080003e-05	4.628354418764961e-09	1.648188783605065e-07	-9.309167840187982e-05	0.0001119961606432	1.2543139998821984e-08	8.666060587679018e-09	-0.0004514810144805	6.848450217269997e-05	2.0383510643634146e-07	4.690127037842546e-09	0.0	0.0
5325.153052799433	32.028765924432264	28357255.03573912	1025.8418466420733	13390.643052401609	-8.454450633427768	179309321.35683146	71.4777355130672	5385.654850651885	15.177766445276577	29005278.17035017	230.36459426736351	6760.927551918841	6953.345576707211	1.217807	27.373695	0.1571500194357749	0.0849011737756191	0.0071161011	0.199889768	-0.0415897548	-0.098539531	-0.0759989624	0.087788872	-0.0210261296	0.0289839117	0.1337073755	0.0062966865	-0.0842395573	0.0071724125	-0.2368469429	0.0362193288	-0.0750438265	-0.1780705959	-0.0089375113	-0.2064793652	-0.0266105764	0.0137521766	-0.0235337533	-0.0044131847	-0.0022925355	-0.1135405722	0.0358148051	0.0301922141	-0.0697353271	-0.0143019186	0.0383755232	0.0191647436	0.0101595764	-0.001814666	-0.0745572734	-0.0396025231	0.0066629347	0.0494396529	0.1801074962	-0.1942536619	0.0712073106	-0.02318842	-0.0177946552	0.0525298874	-0.2019042637	0.0006358808	0.0046443901	-0.0791852768	0.1028075617	-0.0863785767	0.0600491498	0.0133019839	-0.1020975968	0.1458364605	-0.0890804042	-0.0222381672	0.0192905555	0.1546474318	0.1079033845	0.1928709243	-0.1724393922	-0.0024067487	0.0419201729	-0.0300252147	0.0324322534	0.0034953437	-0.1358569102	0.0059386515	-0.0031199334	0.0166265825	0.0644352993	0.0444114274	0.0492542733	-0.0447542427	-0.0153385072	0.0303266861	-0.0112487512	0.174261805	-0.1607348718	-0.0526735148	0.0835025867	0.1222198908	0.0566233636	-0.1542899571	0.0204740618	-0.1335899857	-0.0757074343	-0.1180888036	-0.0989655357	0.1515470079	-0.040178798	0.0594840467	0.1559405056	-0.0664897905	-0.1311362775	0.0255259661	0.0521600006	0.0793335125	0.0837558124	-0.0315263933	-0.0216113474	0.0433686462	0.0208800587	-0.1412231452	0.0522395991	-0.0786114637	0.0064329802	0.0602218536	-0.0698872447	-0.1265011483	-0.0500832437	-0.0294701184767092	0.004057709340543	0.0008684878830312	1.6465005092330694e-05	0.0343027505431479	0.0705422397243182	0.0011766786948254	0.0049762075853231	-0.044120950243645	-1.785627303969861e-05	0.0019466582504021	3.188464868682675e-10	-0.0004179574050993	-0.0008239363187888	6.788710574192391e-07	1.746883924773404e-07	0.0004650379085389	0.0005581295869407	3.115086358186855e-07	2.162602563782343e-07	-0.0001829026382526	0.0002685783762279	3.3453375079761465e-08	7.21343441772154e-08	0.0	0.0
5338.5141252764215	13.361072476988738	28499733.065775875	178.51825773534597	13447.980876974863	57.33782457325469	180848189.6674816	3287.6261267933296	5403.481566818195	17.82671616630978	29197613.04294401	317.7918092741704	6797.473862798163	7136.945661860916	1.251482	28.130632	0.1283930886096999	0.0771959335217388	-0.1112365102	0.1990060581	-0.0198280084	-0.1421961505	-0.1504872808	0.0134186436	0.1351021038	0.1853155231	0.0997346575	-0.0457223107	0.1060518408	-0.063067969	-0.1303744182	0.0853043515	-0.0563037893	-0.0822260527	0.0110466696	0.0535969711	0.0185517256	-0.0108934455	-0.1069829854	0.0660589942	-0.012969492	-0.1098041877	-0.0101152338	0.0696248103	-0.1496956252	-0.1059483104	-0.05197574	0.0681088159	-0.0357809171	0.1341207884	-0.0590284602	-0.0376162956	-0.0154423386	-0.0898256801	0.021101133	0.0725954934	-0.112867906	-0.0297531397	0.0441098264	0.082420646	-0.054756435	-0.0248016753	0.1681308965	0.0573753955	-0.0333331376	-0.0878139694	0.1196489766	-0.0604959075	-0.1336936647	0.0040963468	0.0860614883	-0.0999214726	0.1039542518	0.0971912836	0.0525347663	0.139790831	0.0254999824	0.208054291	0.0476171472	0.0276908433	0.0806903165	0.1298665335	-0.0240517214	-0.0469036479	-0.1281631859	0.0540976858	-0.0395096384	0.0368319508	0.0963067118	-0.1656470359	0.0430598787	0.0272422606	-0.0203989254	0.0878264463	-0.0367666661	0.0990964686	0.0233310905	0.0995292183	-0.0213183468	-0.0719631698	0.104256219	0.0038125767	-0.0947310764	-0.1810670495	-0.0677038448	0.1350219391	0.013772742	-0.1795453745	-0.0785540257	-0.1312487547	-0.032156296	-0.080406849	-0.1383896472	0.1031761745	0.1779092632	0.0188109984	-0.0303030976	-0.0958187898	0.0188084785	0.0413866635	0.0111964871	-0.0692701552	0.0369624973	0.0573699759	-0.0751684601	-0.1252819198	-0.0380191546	-0.0267986074934754	0.0026715109832337	0.0007181653635893	7.136970933538816e-06	-0.038302909185063	-0.0726056597282109	0.0014671128520391	0.0052715818245687	-0.0203644833324148	0.0237564669112302	0.0004147121813962	0.0005643697201043	0.000168042237508	0.0005859996426073	3.433955811358835e-07	2.8238193586695084e-08	0.0004639845447413	-1.0533637976000009e-06	1.1095752900942952e-12	2.1528165775879145e-07	-0.0001830386515882	-1.3601333560001258e-07	3.350314797522648e-08	1.8499627461041644e-14	0.0	0.0
5305.167420348959	-33.34670492746227	28144801.35793203	1112.0027295192365	13431.3336662397	-16.647210735163753	180400724.053864	277.1296252609513	5403.510069389237	0.0285025710427362	29197921.06999088	0.0008123965560462	6801.024761443443	7019.95807953165	1.256769	28.249489	0.048256368537639	0.0328407965857305	-0.1534002468	0.0034577082	-0.0466196391	-0.0555514518	-0.1062318165	-0.04585015	0.1083924707	0.1420389064	-0.0555250447	-0.0695806191	0.0973340286	-0.0650213596	0.0467902654	0.0943165734	-0.0819030478	-0.0105421462	-0.0434188033	-0.11707935	0.1176785608	0.0633116778	0.1042132605	-0.1007483375	0.0604101719	0.1184475081	-0.0651409972	0.1460800856	-0.0396447534	0.0342548069	-0.043480394	-0.0329838684	0.0121005295	0.126433029	0.0533334382	0.0653931141	-0.1916898438	-0.0649405169	0.0779005065	0.1130258984	0.176127498	-0.0770255478	0.018521675	0.0125980267	0.0202412129	0.1955771355	0.0518280056	0.0314225666	-0.1387308503	-0.0040793044	-0.0436224494	-0.153775514	-0.0884401543	-0.0986967582	0.0949164827	-0.0784820291	0.1154606201	-0.0210229463	-0.0406545175	0.0337739031	-0.1244566909	0.0732180887	0.0449233235	0.0820172243	-0.0095958776	-0.0630881136	-0.0345858706	0.0441971261	-0.2079983352	-0.0036039178	-0.0367769318	0.0445203771	-0.0250536097	0.0486933468	0.0392847225	-0.0603755799	0.0072676879	0.1075565969	0.2833391151	0.0613413381	-0.1709551769	0.0715302069	0.2887871385	0.0156058783	0.1310931801	0.158181022	-0.0751988434	-0.0365113739	-0.0223749336	0.1431744188	-0.0397437063	-0.0741679187	-0.1248829588	-0.0540884691	-0.0800592567	0.1457005303	0.0138048045	0.1650183628	0.0974926277	0.1563742247	0.0406109485	0.0207151951	0.0158753322	-0.081600131	0.0093244551	-0.109008104	0.1011306395	0.0544812754	-0.0802567191	-0.1233392918	-0.0255649376	-0.0268427839337306	-4.417644025519682e-05	0.0007205350493129	1.951557873620974e-09	-0.041119770906107	-0.0028168617210439	0.0016908355593707	7.934709955482961e-06	-0.0202461247848333	0.0001183585475814	0.000409905568803	1.4008745785602184e-08	0.0005769964488307	0.0004089542113227	1.672435469585716e-07	3.329249019632386e-07	-3.2552766574767134e-05	-0.000496537311316	2.4654930152898896e-07	1.0596826116712763e-09	-0.0001829907376518	4.7913936400011046e-08	3.348561006634989e-08	2.295745301344303e-15	0.0	0.0
5276.663291854812	-28.504128494147157	27843175.49560806	812.4853412108516	13386.7487471071	-44.58491913259968	179205042.01817352	1987.815014060453	5388.530015971901	-14.98005341733642	29036255.733030133	224.40200038625255	6786.145070956616	6860.287330556404	1.182036	26.569633	0.0950475465353948	0.0520462696567471	-0.0226094278	-0.070893849	-0.0330392258	0.090453475	-0.0962982599	-0.0114708631	-7.31183e-05	-0.0023380268	-0.2035010935	-0.0451717924	-0.022268933	-0.1219160185	0.0286023251	0.1134260642	0.0005068823	0.0867392909	-0.1025576434	0.077917627	0.0430148977	-0.2249009343	-0.0622661751	0.0180895737	0.0942673186	-0.05394397	-0.014877421	0.0461243284	0.1070782196	-0.0881906243	0.0404166402	-0.0293494737	0.061597046	0.0260678159	0.1224532666	-0.0071037395	0.0290463835	-0.0749402023	0.0999935264	0.1910576899	-0.0553576646	0.0095550938	-0.1450333065	0.0852029723	0.0294934945	-0.0863813228	-0.077641785	0.1408802609	-0.1290348055	0.2067078675	0.0618668227	-0.057712627	-0.0686531061	-0.0616024114	0.0028805025	0.0252943251	0.0327297063	-0.1930856999	-0.0501435679	-0.0138930671	-0.0080737246	0.1798162193	0.0868721333	-0.2300285905	-0.0198419845	0.0944381316	0.0018565937	0.0735567672	-0.1649948183	0.1423959335	0.0506961965	-0.0044599378	-0.0196718785	0.0656282069	-0.0123294502	0.0413484088	0.0475287134	-0.0379748275	-0.0152176286	0.0699733498	-0.1214978601	-0.0430117929	0.0539153044	0.0599987204	0.1098667908	0.0822073492	0.0407734499	0.099570352	-0.0175225209	0.063696322	0.0429899745	-0.1288082797	0.0221125722	-0.3071661177	-0.1874279859	0.0035583895	0.0207867711	0.1105463625	0.0336996699	-0.0023967997	0.015709328	0.0547488811	-0.0534338051	0.1881230282	-0.0585863232	-0.1607965909	-0.0918137616	0.0515576061	-0.0851389603	-0.1206844814	-0.0128483897	-0.0167982893499498	0.0100444945837807	0.0002821825250846	0.0001008918714436	-0.0382749176466887	0.0028448532594183	0.0014649693208608	8.09319006762293e-06	-0.0034625021724252	0.0167836226124081	1.198892129404923e-05	0.0002816899879957	-1.793781674878502e-05	-0.0005949342655794	3.539467803606013e-07	3.217652697129924e-10	0.0006800013815848	0.0007125541481595	5.077334140594062e-07	4.624018789572367e-07	-0.0001829938455085	-3.1078566999911354e-09	3.3486747493988764e-08	9.65877326767979e-18	0.0	0.0
5289.327702854505	12.664410999693246	27976987.54818412	160.38730596915127	13444.836984712783	58.08823760568339	180763641.54550076	3374.24334813433	5393.225131533302	4.695115561401508	29086877.319402408	22.0441101349146	6797.578776193172	6837.620243619496	1.918068	43.114063	0.2581363338548864	0.113562485347524	0.0966603428	-0.1317051641	0.2206944497	0.0756279693	0.1176555073	-0.1171741519	0.0153836225	-0.0642532663	-0.2756965962	-0.1064493568	-0.0186019501	-0.0668254956	0.1927486694	-0.034897413	0.0792858657	-0.1762206763	-0.2914803213	-0.2586025727	-0.112628554	0.2657006831	0.0814711646	-0.1085037575	0.1099018823	-0.0677340233	-0.0503769905	-0.0469135349	-0.1136717035	0.01013417	-0.0010218679	-0.2891252909	-0.0938432558	0.0578455522	-0.0104724149	-0.1295554125	0.0069934067	-0.1262630771	-0.0432720187	-0.065247353	0.0307483058	0.1323498696	0.1078009833	-0.0491425484	0.0365416889	-0.062854023	-0.1263164405	0.0939919327	-0.098322689	0.0958000957	0.0995575173	0.1699199	0.0513996295	-0.068298104	0.1976638152	0.3609552652	-0.0931692925	-0.0032693407	0.0900623156	0.2363245827	-0.598962464	-0.2096188452	0.0911563575	0.1779518154	-0.0768660317	0.0863539214	-0.0191221606	0.0297012227	0.1099268905	-0.0496682051	0.0414955264	0.0409156965	-0.043883393	-0.0034393222	-0.0277233591	-0.0855809302	0.0312087997	-0.0253292065	-0.0405330349	0.0066937727	0.0746569292	-0.0181378516	-0.0461808793	0.3003976634	0.0220403041	-0.0265869813	0.0198201114	0.1459973338	-0.1552921707	0.3685566848	-0.6905576541	0.3227502809	-0.0760291786	0.1334394145	0.0535379584	-0.1125635725	0.0029205485	-0.0313767145	-0.0287365706	0.0016692582	-0.0087703945	-0.0238473411	0.0035366263	0.0079435595	-0.017480408	0.0727460105	-0.0044880394	0.0486008445	-0.089802651	-0.117332818	-0.0	-0.0405156234459127	-0.0237173340959629	0.0016415157432109	0.0005625119366195	0.039074167808593	0.0773490854552817	0.001526790589934	0.0059828810207684	-0.0290389442150313	-0.025576442042606	0.0008432602811236	0.0006541543875587	-0.0015427545891486	-0.0015248167723998	2.3250661893917896e-06	2.3800917223390657e-06	0.0011651611673486	0.0004851597857638	2.3538001772237645e-07	1.3576005458971524e-06	0.0004368990415486	0.0006198928870571	1.908807725060853e-07	3.842671914239866e-07	1.0	0.0
5300.049854246488	10.72215139198306	28090528.457498223	114.9645304726043	13473.652881988108	28.81589727532446	181539321.98430645	830.3559357820516	5403.588092983927	10.362961450624423	29198764.27863767	107.39097002712788	6818.345238608503	6823.943893034809	1.751976	39.38068	0.519420822277689	0.2728606724559378	0.1586570334	-0.0499730322	0.0806873781	0.0037513009	0.1005363788	-0.1248394863	0.0585681484	-0.1180320651	0.0014008469	-0.0846286018	0.0392887508	-0.0353129366	0.1397049185	-0.0857752561	0.0661504525	-0.2562049062	0.1807188385	0.0405331837	-0.067003294	0.0232847128	0.0669592746	0.0331824658	0.0059131973	0.0692470916	0.0027216849	0.0704851837	0.1212062899	0.0061924207	0.0814290418	0.0223795328	0.0129591488	0.0753666114	-0.0170561033	0.134963674	0.0693444168	-0.0314839248	0.0272979675	-0.0814356477	-0.0931259746	0.2106536024	0.0202088124	0.0699527468	0.0766163279	0.1516705181	-0.0384488979	0.0350625298	0.2714862285	0.1042674652	0.2335296368	0.0302065962	0.0593086437	-0.1309186614	0.1061394571	0.1229445133	-0.1108928076	0.0718916707	0.1303922299	0.0740614253	0.1948448714	-0.0912886839	0.0180544184	0.1385718669	-0.0586397811	-0.0499239321	-0.0439566921	0.0977215433	-0.0253854172	0.0057038332	0.0972489829	0.1118606786	-0.233684735	-0.120479866	0.0940865342	-0.0936239698	-0.2039985952	0.0402555164	-0.0158563646	-0.0909852546	-0.0317286889	0.1622907953	-0.0978155835	0.1749954043	-0.0286773721	-0.1092494693	0.0046992156	0.0829578191	0.0834883171	0.0170859031	0.0938025042	-0.0764272808	-0.2961410491	0.4941966221	-0.2600828104	-0.1350492879	0.1226768068	0.0323296866	0.0851399688	-0.0366529181	0.0379941356	0.0922777667	0.0569229215	0.1313381404	0.1289772317	0.0407806523	-0.020934392	0.0456128885	-0.0942358196	-0.1133036545	0.0128483897	-0.0707260656296426	-0.0302104421837299	0.0050021763594485	0.0009126708169364	-0.1878711453602335	-0.2269453131688265	0.0352955672589659	0.0515041751692967	-0.0729591407970389	-0.0439201965820076	0.0053230362258421	0.0019289836678021	0.0007658869743641	0.0023086415635127	5.329825868778365e-06	5.865828575005955e-07	0.00068006523675	-0.0004850959305986	2.3531806188332185e-07	4.6248872623583366e-07	-0.0011362608712026	-0.0015731599127512	1.2910887674260913e-06	2.4748321110873627e-06	0.0	1.0
5294.366936781468	-5.682917465020182	28030321.261284787	32.29555091423141	13463.585195881047	-10.06768610706058	181268126.3267473	101.35830355030065	5396.795628324468	-6.792464659458346	29125403.053902093	46.13757614999059	6809.591438390854	6819.733756607027	1.032326	23.204485	0.1546137840193296	0.1194206950130967	0.1116782337	-0.0306579331	0.0702581181	0.0542875543	0.0909223855	-0.0109728457	0.0419854251	-0.0791850517	-0.022132364	0.0464500474	-0.0104066734	0.0963835169	0.0054800568	-0.0747179153	0.103442348	-0.1331793093	0.0300155331	0.0578748481	-0.0414620839	-0.1345684089	-0.0117158503	-8.19948e-05	-0.0262906838	0.2248979278	0.0337093427	0.0901981968	0.0381270877	0.0296516005	-0.1628237742	-0.0109702855	-0.0549286429	-0.1216231352	0.1136154393	0.1959316961	0.0337041615	0.1077170041	-0.0278470141	-0.0582506642	-0.0967424819	-0.2172969242	-0.016515179	0.0518038296	0.0572159708	-0.1169402418	0.0320637068	0.1645115195	-0.0936445211	0.1153589011	-0.0387990738	0.0042658585	0.099652843	0.0166740281	0.022997642	-0.0073194076	-0.0750501518	-0.0366327561	0.1333483502	0.0316760451	0.1937509141	0.0220765193	-0.1862761794	-0.0478115662	-0.0861724256	-0.0585804231	-0.0528208895	-0.1455625459	-0.0799538279	-0.005898512	0.0009362135	-0.1664551633	-0.0654325164	-0.1140668834	-0.1320185792	-0.128169265	-0.1220743029	-0.0160494409	0.0046066626	-0.0163187236	-0.0226093168	0.0169669846	0.0211452804	0.0774921497	-0.0756097119	-0.049063982	0.0232337412	0.0855066158	0.0384815947	-0.0320790809	0.1706696506	-0.0573030237	-0.0033015117	0.1631375438	0.0182568437	0.0071203946	-0.0547612587	-0.0795094192	0.1495509395	0.0398743372	0.0319273657	0.0683703104	-0.0673802417	-0.0239409062	0.2132416489	-0.0822872846	0.0998221507	0.042595656	-0.0984270862	-0.1086202561	0.0255649376	-0.0600428519429101	0.0106832136867325	0.0036051440694382	0.0001141310546763	-0.0701188749717403	0.1177522703884932	0.0049166566273025	0.0138655971816448	-0.06361274200394	0.0093463987930988	0.0040465809452598	8.735517039964053e-05	0.000708261175628	-5.76257987361e-05	3.320732679973504e-09	5.016338929019566e-07	0.0005051343943121	-0.0001749308424379	3.060079963603341e-08	2.551607563170521e-07	-0.0010321794893565	0.000104081381846	1.0653944982482452e-06	1.0832934046993652e-08	0.0	0.0
5298.567786930313	4.200850148844438	28074820.59269559	17.647141973046338	13495.187875408015	31.60267952696813	182120095.7925595	998.7293532842508	5408.329588488668	11.533960164199923	29250028.93772201	133.03223706935077	6813.716721490089	6850.700678123886	0.929803	20.899975	0.0739681736590111	0.0429577337061178	0.0979699062	-0.0085895336	0.0439049275	0.1114862073	0.1342007014	0.0162313876	0.0843743036	-0.0963387417	-0.0927677556	0.0756834662	0.0666562173	0.1793693634	0.0022532379	-0.0511937161	-0.0355291754	-0.0984857796	0.0836947775	0.141371808	-0.1024527917	0.1249951098	0.0543741705	0.1882064867	0.0345231393	0.0518830702	0.0359321543	0.130952745	-0.101862388	-0.0871440406	-0.0422174685	-0.0483081369	-0.189868923	0.018648889	0.0656808709	0.0254628939	0.1385336559	0.0524393717	0.0435760922	-0.0343281585	-0.0515008638	0.1148899159	0.0439848762	0.0159538597	0.0763082746	0.1263922894	-0.0743885066	0.0445181636	-0.0287839922	0.0706226582	0.0052439899	0.0433435837	0.1087386471	0.042700321	0.0708381815	-0.0367827103	-0.1242969486	-0.0852208869	0.0435939161	0.0577073389	0.0564829112	0.0641663216	-0.0994027091	0.2576420333	-0.1012521046	0.062329236	0.1853569236	0.0475749451	0.1222217259	0.0402820736	-0.0608697586	-0.0530519014	0.0547331311	-0.1261663037	-0.0577693841	-0.0176563966	-0.2746276918	-0.0866529653	-0.0032254726	-0.0026338376	-0.0452923477	0.0269333947	0.0291675216	0.0009572823	-0.1456641745	-0.0271406761	0.0379211319	0.1376866899	-0.0035350787	-0.0017031281	0.1251127023	0.0716242715	0.0265097106	0.1221833835	0.2366242169	-0.1198094572	-0.0953114995	-0.016269415	0.0430040779	-0.0405197587	0.1020086482	0.1363763161	0.0491790594	0.0577197503	0.0297727771	-0.0192712544	0.0164844551	0.0395510834	-0.1023656918	-0.1033096655	0.0380191546	-0.059032005591149	0.001010846351761	0.0034847776841134	1.021810346868716e-06	-0.0395671002391395	0.0305517747326007	0.0015655554213341	0.0009334109393115	-0.0720067226997542	-0.0083939806958141	0.0051849681139592	7.045891192170133e-05	0.0010779223903034	0.0003696612146754	1.366494136352923e-07	1.1619166795173956e-06	0.0008149439647358	0.0003098095704237	9.598196992611753e-08	6.641336656593048e-07	-0.0010329401418341	-7.606524775999844e-07	1.0669653366122506e-06	5.785921916789948e-13	0.0	0.0
5285.672399798636	-12.895387131676216	27938332.71799308	166.29100927580055	13459.121524340486	-36.06635106752947	181147952.20696536	1300.781679326284	5404.717314968057	-3.61227352061178	29210969.25471552	13.04851998771302	6804.617737920234	6799.094743440937	1.104982	24.837622	0.0834798063679662	0.0473118817033482	0.1118435777	0.0175353266	-0.1389770946	0.0440195886	-0.0176074803	-0.0605176681	0.0920872894	-0.0926223869	0.0800331447	0.1521644356	0.0505216889	0.0771264443	-0.0581496183	-0.0191416963	-0.2287990887	0.0384473503	-0.068845519	0.0758338767	-0.0633274092	-0.2694798296	-0.0504762341	0.1424454183	0.0355496351	-0.0339549173	0.1638884329	-0.1673468419	0.0325082867	0.0233362611	0.1127091161	0.0230342354	-0.0592093315	-0.1839446654	0.0433843774	0.0572307964	-0.0242543548	0.1131501228	0.0372825261	0.016024075	0.1455115451	0.0538269708	0.0380824616	0.0285940325	-0.0238784721	0.1830293916	0.044745995	0.197035302	0.0456762261	0.1086466222	0.0168651947	-0.0004790038	0.011400273	-0.0239523116	-0.0557730054	-0.2002352269	-0.1719600346	-0.0599341297	-0.0063194956	0.0148812475	0.0724814431	-0.077671876	-0.074789155	-0.0858640074	-0.0078651416	-0.0055165473	0.0599975144	-0.1956397532	0.1466770487	0.0960356746	0.1732885607	-0.1049517592	0.0429362007	-0.1291459253	-0.0794488169	-0.0220490531	0.0735029157	0.1190160809	-0.024679819	-0.0934784796	-0.0001142379	-0.0021426082	0.0118844777	-0.1531635865	-0.0713166861	-0.0517032181	-0.024669793	0.1334063579	0.0838427557	-0.012591847	0.0730082594	0.0284150879	0.0300743554	0.0667845755	0.1868393572	-0.009021645	0.0433972009	0.1082184249	0.0794290359	-0.0680026468	0.0195892593	-0.0519287816	-0.0024369252	0.1475936457	0.1578604311	-0.0495908068	-0.111654044	0.036481125	-0.1060415262	-0.0974025471	0.0500832437	-0.0541855437690088	0.0048464618221402	0.0029360731535431	2.348819219346257e-05	-0.0135140163553302	0.0260530838838093	0.0001826286380521	0.0006787631798568	-0.1021551997046259	-0.0301484770048717	0.010435684826692	0.0009089306657132	0.001394854237671	0.0003169318473675	1.004457958758396e-07	1.9456183443487464e-06	0.0006832809835035	-0.0001316629812323	1.733514062697698e-08	4.668729024175102e-07	-0.0010329809863771	-4.084454299996612e-08	1.0670497182166065e-06	1.6682766928760817e-15	0.0	0.0
5294.071892355467	8.39949255683041	28027197.201428197	70.55147521224946	13451.46889610813	-7.65262823235571	180942015.46296448	58.56271886264768	5401.329498827402	-3.3878161406546496	29174360.354903072	11.477298202880164	6803.430903463161	6789.547387945363	1.019158	22.908501	0.1030385342068338	0.0589486894927703	0.1299912923	0.0307200186	-0.1351319848	0.0143004395	-0.0499371219	-0.0760628917	0.0618063275	-0.1538709233	0.1549149547	0.0274847124	0.0324023255	-0.0790410703	-0.0183158999	-0.0631087898	-0.163084045	-0.1057750173	-0.1428828898	0.0292721403	0.0787170795	0.0718141034	0.0366974514	-0.0079990769	-0.0544203497	0.0189441676	-0.017777079	-0.0068018507	-0.0101692269	0.0720387747	0.1619905415	0.1541768457	0.0365485975	-0.1077044201	0.0316917653	0.0879527273	0.1441814342	-0.0663542225	-0.1610877472	0.0123537066	0.0683601335	-0.0807681593	0.0508353611	-0.2074120563	-0.1913277798	0.0153763651	0.0598035708	-0.0247825187	-0.0851983803	-0.0290555577	-0.0067416918	-0.0945693582	-0.0780772559	-0.088823656	-0.0428167162	-0.0763822182	-0.148308152	0.0154562145	0.055978165	0.0710101117	0.0470922586	-0.1706199451	0.0098398201	0.0754454031	0.1237477853	-0.1265085462	0.0293030433	0.0083868549	0.0131628748	-0.0339279475	-0.1553837976	-0.1882987123	-0.0482150091	0.0317909835	0.1612318208	-0.0316836026	0.1365722367	0.1245169773	-0.0304977011	0.0215472497	0.0355216387	-0.1366324934	0.1010549686	-0.0771393109	0.0651557039	-0.1321627845	-0.0910284658	0.1231849949	0.0529123264	-0.0063454862	0.0057817144	0.0301050023	0.1391344564	0.0844032326	0.1954357846	0.0100207004	-0.0456622302	0.0981942658	-0.0309983111	0.1798934399	-0.0221209503	0.1310861529	0.0149928823	-0.047835793	-0.1042950329	-0.1934702821	-0.0630888788	0.0333877512	-0.1094451535	-0.0909330095	0.0616334109	-0.0519142783259667	0.002271265443042	0.0026950922941059	5.158646712757215e-06	0.032376263898854	0.0458902802541842	0.0010482224640482	0.0021059178218075	-0.0796740926963934	0.0224811070082324	0.0063479610469934	0.0005054001723156	0.0008263944417993	-0.0005684597958716	3.231465395224948e-07	6.829277734367766e-07	0.0007620741754126	7.879319190910001e-05	6.2083670912242635e-09	5.807570488307942e-07	-0.0010323163441304	6.646422466998793e-07	1.0656770343587546e-06	4.417493160982632e-13	0.0	0.0
5305.120658107499	11.048765752032525	28144305.197078947	122.0752246432868	13460.282369535264	8.813473427133431	181179201.46762183	77.6773138507871	5412.23864079845	10.909141971048484	29292327.10495186	119.0093785444916	6809.417697533141	6817.066693325504	0.926806	20.832607	0.0762305449904563	0.0433407299965229	0.1220192945	0.0245884651	-0.0284187014	-0.0173143985	-0.0181331736	-0.073911454	0.0739879454	-0.0689332554	0.1197524826	-0.0107909655	0.1097955316	-0.0721210891	-0.0061602654	-0.1602678413	-0.000111622	-0.1025761535	0.0703576041	0.1682185043	-0.1076246618	0.0848590648	-0.0705865845	-0.0223877751	0.0539019396	0.0507546161	0.0667042132	0.0142942603	0.0780251295	0.0253438818	0.0045927745	0.0266782938	0.0897896178	0.0845884704	0.0279555183	-0.0541485767	-0.1092947195	0.145771828	-0.1301565187	0.1775472552	0.041918388	-0.042666967	0.0575039693	0.0112776209	0.0868677054	0.1065199573	-0.1490567228	-0.1353879727	-0.1004600936	0.008687337	-0.0830290604	0.0563130535	-0.0514883485	-0.0668253591	0.0437111671	-0.0205274067	-0.1182069553	0.0667010613	0.0153744558	0.0028850321	0.1891009745	-0.1235335359	-0.0594164922	0.1123749452	0.0097548487	0.0001855554	-0.0879265435	0.0467204661	-0.1232614689	0.0855115598	-0.0370177295	0.0528639238	0.006045431	0.0993416936	0.0760887768	0.0238103945	-0.066050221	-0.0725293204	0.1021748293	0.0211384545	-0.0506279904	-0.0924893525	-0.1632490036	0.0284165685	0.0744455878	-0.1240607889	-0.0984206219	0.0518785685	0.0180058028	-0.0682326363	0.0700713651	-0.0228658846	0.0942654983	0.1167628004	0.1099334034	0.0846025944	0.0449270186	0.112054736	0.0012070779	0.1986042894	-0.0083455201	-0.0458995249	0.0144128584	-0.0596772913	-0.0946452879	-0.103115349	0.1014677236	0.0302729475	-0.1125678367	-0.0839384089	0.0725511359	-0.0542899112278263	-0.0023756329018596	0.0029473944611252	5.64363168439788e-06	-0.005863999255979	-0.038240263154833	3.438648727412227e-05	0.0014623177261508	-0.0849836189510071	-0.0053095262546137	0.0072222154900099	2.8191069048432186e-05	0.0012127844408661	0.0003863899990668	1.492972313788418e-07	1.470846100006899e-06	0.0005423744451968	-0.0002196997302158	4.82679714568953e-08	2.941700388025366e-07	-0.0010323290684308	-1.2724300400010838e-08	1.0657033055272035e-06	1.6190782066971594e-16	0.0	0.0
5307.9919501241575	2.871292016658117	28174778.54258285	8.244317844924637	13448.84387520568	-11.438494329582682	180871401.57965732	130.83915252789515	5400.245020750824	-11.993620047626791	29162646.284144063	143.84692184683527	6815.9650512046	6919.288625962241	1.021708	22.965799	0.0616431021456757	0.0377241727569861	0.080621899	0.0030693783	0.0695044756	-0.1312618007	0.0157537751	-0.1215897582	0.049779021	0.0274840631	0.0604183237	-0.0362188526	0.0286030453	-0.0775922241	0.1143410066	-0.0565236053	-0.0094358119	0.0099791672	0.0213646162	-0.1219331817	0.0177558707	0.0685740145	0.0498898039	0.087009785	0.0380874689	-0.0140675911	0.0680744696	0.0220822499	0.1059696825	0.1601544423	0.00665344	-0.1002391381	-0.048598068	-0.1045427028	0.1856560159	-0.0577629299	0.055172561	-0.0010543947	-0.0903098123	-0.0363168293	0.0614478779	0.0206170217	-0.1079770448	-0.0283650266	-0.0440925342	-0.0491573763	0.0668013348	0.1085079879	0.0522909706	-0.1017887985	0.0884470011	-0.0299939313	0.0312996564	-0.1496028723	0.0631347279	0.0606856612	-0.0220891061	0.1020714823	-0.0001577621	0.0215208743	0.0006981799	-0.1119597158	-0.0633740473	-0.0083773654	0.0863552841	-0.0380204143	0.1549706526	-0.0561876405	-0.0189674803	0.0604573579	0.0484687422	-0.012533646	-0.0555920525	0.1295046236	-0.0308060789	0.1027086379	0.0322271784	-0.0592594048	-0.0150365487	-0.1825862332	-0.1304585779	-0.1259468348	0.0642163098	0.108043416	0.0383813144	-0.1115180725	-0.1009162011	-0.0191291005	0.01598213	0.0678473743	0.0754536903	0.0263974673	0.0900478566	0.0563437159	0.0635911813	-0.03297322	-0.0543870324	-0.1143329566	-0.1501165096	0.1623331235	0.0228070109	0.0669263086	-0.089316137	0.0476558251	-0.1442785533	-0.1318131827	0.169802225	0.0271387131	-0.1154015599	-0.0764591335	0.082724388	-0.0599843637788524	-0.005694452551026	0.0035981238979536	3.242678985588761e-05	-0.0194567762717383	-0.0135927770157593	0.0003785661428884	0.0001847635870001	-0.0691214976283518	0.0158621213226552	0.0047777814343862	0.0002516068928546	0.0007107949557968	-0.0005019894850693	2.51993443120141e-07	5.052294691861749e-07	0.0005701337041825	2.7759258985699995e-05	7.705764594351658e-10	3.250524406448584e-07	-0.0010322027873611	1.2628106970009878e-07	1.0654425942360242e-06	1.5946908564601207e-14	0.0	0.0
5303.329693314872	-4.662256809285282	28125305.835995216	21.736638555726977	13431.730003670473	-17.11387153520809	180411370.8915016	292.8845989236057	5401.140484297309	0.895463546485189	29172318.531115368	0.8018549630838322	6819.44968469498	6891.780064190344	1.204009	27.063555	0.0754366944467213	0.0398594888210316	-0.0469645226	-0.0723719757	0.0720524362	-0.1618398629	0.104137825	-0.0759195882	-0.0468403496	0.1355159879	0.0882935619	-0.0532466064	-0.0203443738	0.1396654072	0.1248564716	0.0803200592	-0.0061328373	0.0030491017	0.1960370259	-0.1277914705	-0.0184437271	-0.1096607332	0.0639998157	-0.1991361	-0.047954702	0.094460211	-0.0206685675	-0.0593957717	0.0944119795	0.1188560905	-0.0424730325	-0.1088617604	-0.0247385299	-0.0971292849	-0.000921163	0.0881719178	0.1075566719	0.0349738963	-0.0342524978	0.0767864396	-0.0712886654	-0.0303991421	0.0963963592	-0.1819314514	0.082994775	0.0015920803	0.0666125014	-0.1655520977	-0.0703716611	-0.2789353716	0.0360674348	-0.0149235308	0.1807801789	-0.0861484779	-0.023981283	-0.0751501628	0.1390566093	0.0835056413	-0.008878127	0.0179494949	0.0886905241	-0.0074045943	-0.004387668	0.0223473193	-0.0721978263	-0.0266934486	-0.0455627053	-0.1264212606	0.1562519926	-0.0264660563	-0.0005100299	0.0239348041	-0.1178608993	0.1723940127	-0.0916913378	-0.0605672816	0.0136564892	-0.0129752129	0.0186990117	-0.0694066492	-0.0247750327	-0.0455390779	0.0767105563	0.0215936236	-0.1289502595	0.0784507898	-0.0660633513	-0.0949958433	0.0934070847	0.0337238432	0.0571407806	-0.001555989	0.0395992651	0.091573979	0.1691457355	0.0338132605	-0.1316423598	-0.0396276984	-0.1773510285	-0.0190669467	-0.0452259543	-0.0336275224	0.0051226038	-0.0233623555	-0.0442675071	-0.0354389355	-0.0506960104	0.0239870598	-0.1179390489	-0.0685383697	0.092048776	-0.0609968603342565	-0.001012496555404	0.0037206169706367	1.0251492747051663e-06	-0.053927080553521	-0.0344703042817827	0.0029081300170259	0.0011882018772786	-0.0657025959876023	0.0034189016407495	0.00431683111951	1.1688888429119698e-05	0.0009882417005879	0.000277446744791	7.697669619517771e-08	9.766216587808643e-07	0.0003738630868539	-0.0001962706173285	3.852215522654973e-08	1.3977360771192677e-07	-0.0012891852646171	-0.0002569824772559	1.661998646505862e-06	6.603999361663051e-08	0.0	0.0
5292.195608482501	-11.134084832371627	28007334.358441465	123.96784505444792	13410.769598137842	-20.96040553263083	179848741.2143382	439.3386000923411	5391.849466187991	-9.29101810931752	29072040.66603173	86.3230175076661	6793.940860374938	6770.679943347554	1.218238	27.383377	0.0873564295996489	0.0510703825295388	-0.0777972254	-0.0967420526	-0.1085470251	0.0797167601	0.0033386775	0.0138052144	-0.0786297617	-0.092231088	0.0762965143	-0.0319114861	-0.0535953454	-0.0356040225	0.0120406991	0.0875585473	-0.0412576021	0.0789920942	0.0419513951	-0.0285744965	0.1011852938	-0.1065135893	0.015426424	-0.11824574	0.1540574029	-0.0760611623	0.0945275668	-0.0681539047	0.0047025159	0.0204908687	-0.0562551291	-0.0193148031	0.0746201957	0.0107889617	-0.121967987	-0.0519506187	-0.1437745127	-0.0856922608	0.0639981501	-0.0433350039	-0.0668497012	0.0185249788	0.0556043892	0.0184121876	-0.0900722087	0.0326260804	-0.0704503514	0.0781076599	-0.0324107117	-0.0444539004	0.0784731716	0.1941183549	0.0229869415	-0.0248984102	-0.1166371195	-0.0595122449	0.0494359854	-0.1223235541	0.0313391677	-0.0746574951	-0.0607624716	-0.0949936005	0.0676641621	-0.0340816879	0.0274742817	-0.005579563	-0.0181860475	-0.0956173201	-0.0522941827	0.0419020747	0.1529849338	0.0841170533	0.057048244	0.1845994366	-0.0108470238	-0.0187544619	0.0029409171	0.005827132	-0.1120566555	0.0389420307	0.1033490786	0.155117864	-0.0625533797	-0.1035523749	-0.048517771	0.1320990879	0.0046438688	0.1121513068	0.0427617184	-0.0193501894	0.0041205033	0.0161529265	0.0509599016	0.0906716536	0.0007281795	0.0898297677	-0.0752749458	-0.0626769429	-0.1066377284	-0.06983988	-0.0210624341	-0.0685809824	0.0446920785	0.0909496244	0.0213843804	0.0242118931	0.0753055812	0.0208200103	-0.12017379	-0.0602218536	0.100428619	-0.0707848297884652	-0.0097879694542087	0.0050104921281819	9.580434603652268e-05	-0.0382991857401435	0.0156278948133775	0.001466827628358	0.0002442310962979	-0.1008108115035	-0.0351082155158977	0.0101628197159942	0.0012325867967107	0.0014522295876645	0.0004639878870766	2.1528475935380774e-07	2.1089707752882034e-06	0.0003736169247345	-2.461621194000145e-07	6.059578902750698e-14	1.3958960644806504e-07	-0.0012167723174898	7.241294712729998e-05	1.4805348726094986e-06	5.243634911661142e-09	0.0	0.0
5303.564659563774	11.369051081273028	28127798.098173805	129.2553224885954	13450.316725848472	39.547127710629866	180911020.02563915	1563.9753101608685	5398.286237379669	6.436771191677508	29141494.300682742	41.43202337400948	6800.410623168946	6799.899022903301	1.24033	27.879955	0.0818800809643542	0.0431971131947514	0.0870347241	0.018388431	-0.1029003643	0.0373714551	-0.060793822	0.0215152512	0.014001396	-0.192884766	0.0783362212	0.0246579594	0.016001614	-0.1612721374	-0.0001464504	-0.0935819593	-0.0710534029	0.0997179009	0.0640351113	0.058425574	-0.0946463458	-0.1398999107	0.0311226748	0.0494398909	-0.1209474404	-0.0023637353	0.0780636867	-0.0203296017	0.0099491549	0.061639695	-0.0489971182	-0.0336059016	-0.0396811936	-0.0583273526	-0.0263366308	0.1218797157	0.0107299315	-0.1363797648	0.1552251052	-0.0980902755	-0.0847782523	-0.0926455784	0.1600788319	0.1546350938	-0.042448878	-0.0592917471	0.0596314392	-0.0082135507	0.0138828846	-0.0612341704	0.2034971403	-0.042196758	-0.1151807628	-0.0143198885	-0.0456053523	0.0237800455	-0.1145814859	0.0062222683	0.0322005947	-0.0752094397	0.1339983969	-0.0358373743	0.0688342522	-0.0365413177	-0.0573247494	0.0601418676	0.1618368941	-0.1393541505	0.0311088665	-0.0476559982	0.0684698948	-0.0157698089	0.0946625439	0.0284145813	-0.1474254439	-0.1039409425	-0.1021732143	0.0213742557	0.0228553895	0.1274991799	0.1323005932	0.1844286721	0.1059151463	-0.0466436071	0.067711187	-0.1091017676	-0.0291671327	0.0849505543	0.0089440195	-0.1572888149	0.0145177471	-0.0036334306	0.0403415909	0.0314015984	0.0239295072	0.0462497826	-0.089396508	-0.1100590281	-0.0696941703	0.0411641679	-0.0234093043	-0.0420511318	0.014948638	0.0208388211	-0.0654710001	-0.0277721977	-0.0544671453	0.0176395976	-0.1221000468	-0.0515576061	0.1077779285	-0.0632847205011017	0.0075001092873634	0.0040049558489025	5.625163932239621e-05	-0.0030694533794104	0.0352297323607331	9.421544048373924e-06	0.0012411340422088	-0.0978139866289424	0.0029968248745576	0.0095675759802469	8.980959328767187e-06	0.0009507696005415	-0.000501459987123	2.514621186853993e-07	9.039628333138434e-07	0.0003738172942688	2.0036953430002885e-07	4.0147950275610445e-14	1.397393694944466e-07	-0.0014381802496665	-0.0002214079321767	2.0683624305307964e-06	4.9021472430762216e-08	0.0	0.0
5317.742512819601	14.177853255827358	28278385.432648923	201.0115229437744	13448.310866473472	-2.005859375	180857065.16130847	4.023471832275391	5405.7820413679465	7.4958039882776575	29222479.4787762	56.18707743067924	6803.962902312584	6901.146677738239	1.254361	28.195353	0.0916875231870106	0.0559337165828738	-0.029338514	-0.0012263244	0.1229787264	-0.1139558299	0.059175078	0.0502142267	-0.0323734951	0.0305984415	0.0838487094	-0.0562644591	0.046105078	0.0003650917	0.079963903	-0.0513487422	0.1696900928	0.0806324512	0.0569858113	0.0041499865	-0.0538734052	0.0504379563	0.0091050363	0.034512566	-0.0537826335	-0.0632828044	0.0890898527	-0.0212140258	-0.0351325559	-0.0045823293	0.1568015211	-0.0205339865	-0.0169541019	0.044000956	-0.0909158793	0.0647165558	0.0552923228	-0.2075190235	-0.1353538897	0.0495008085	0.0159497008	-0.017987025	-0.1794630555	-0.1670074834	-0.0286503587	-0.1440894983	0.008405394	-0.1205351954	0.1359073369	-0.0016102031	-0.033952693	-0.2413872152	0.0185196749	0.0412570671	0.063353016	0.1001329652	0.0466671121	0.1537777755	-0.0402374464	-0.0980363517	0.1017609113	-0.1225334043	0.1176905156	-0.0324231707	-0.0266244665	0.0492089708	0.0904716851	0.0378493394	0.0645517849	-0.0559225029	-0.0052668373	0.0625408101	0.0758116093	-0.0156462013	0.0683231515	-0.1115940151	0.0310890927	-0.0429359813	0.0220444161	0.0617544463	-0.0258802156	-0.2207155565	-0.0415607081	0.1211492888	0.0049336786	-0.0530216364	-0.0465673342	-0.1522808834	0.010078881	-0.0950018654	0.0159018279	-0.0372180148	0.0133327332	0.0896764984	-0.1012607611	-0.0653707599	-0.0667659589	-0.0984523374	-0.1434601774	0.0379363631	-0.0725684715	-0.0581687654	-0.0489774634	-0.0247760961	-0.0616329538	0.0158001714	-0.0589072257	0.0144478629	-0.1237128745	-0.042595656	0.1140212905	-0.0705641561356742	-0.0072794356345724	0.0049793001311398	5.2990183157883824e-05	-0.0523329716780267	-0.0492635182986163	0.0027387399246531	0.0024268942351581	-0.0829119692779656	0.0149020173509768	0.0068743946495503	0.0002220701211288	0.0007267136476826	-0.0002240559528589	5.020107001150961e-08	5.2811272572815e-07	0.0002799467734386	-9.38705208302e-05	8.811674680933014e-09	7.837019595868283e-08	-0.0015251048140343	-8.692456436780005e-05	2.3259446937905967e-06	7.555879890531814e-09	0.0	0.0
5344.29064304584	26.548130226238754	28561442.477347314	704.8032185093318	13445.466163530742	-2.844702942729782	180780560.35465008	8.092334832375482	5412.988212592507	7.206171224560421	29300441.38966542	51.92890371768264	6809.950711579018	6935.725960473997	1.182317	26.575966	0.0295083981331406	0.0236888083350866	-0.1460989172	0.0707215266	0.1543195953	-0.0293736382	0.1113871576	0.2061480525	-0.073185412	0.1483615406	0.0799237428	-0.0768161444	0.0501838087	0.1532231343	-0.0994359892	0.0636945286	0.0691366053	0.0636013725	0.1585166479	-0.0613866914	-0.1474448233	0.0298688657	-0.0692108685	-0.0694461332	0.0009332879	-0.0487008983	0.0873621993	-0.0701351718	0.0831630152	-0.1186358264	0.0189425176	-0.0736405658	-0.0695596539	0.0581948667	-0.036727763	0.025264316	-0.0598192692	-0.0259840751	-0.1524899084	0.0068263011	-0.0129152359	-0.0431296339	0.1011781731	0.0781431811	-0.1308088631	-0.1472198184	0.0334386573	0.0642249691	0.0405635262	0.0989947002	-0.2999101171	-0.0917927262	0.080137526	0.1636562381	0.0530019111	-0.0301043175	0.1753165453	0.0877772852	0.0118877871	-0.0302018422	0.1094682701	-0.0630604578	0.036757708	0.026471636	-0.1609050042	0.0758885152	-0.0586674793	-0.0592374698	0.0325651497	0.0558502931	0.0196547681	0.022019706	0.064600745	-0.0669520838	-0.026114826	-0.0375887479	0.1790852009	-0.2033123944	-0.1454205809	0.0884505099	0.1069911661	-0.00088841	0.1410114013	0.0048578847	-0.1293530191	0.0922946699	0.0288084137	-0.1882555414	-0.0505063847	-0.0183442384	0.0111767566	-0.0897258936	0.0318868176	0.1681132246	0.000172099	-0.018339822	-0.0998004209	0.029602517	0.0818958195	-0.0927582967	0.0216635514	0.0368532469	0.0699887806	-0.1059791444	-0.0386675615	-0.0626369099	-0.1839545879	0.0112468548	-0.125008133	-0.0333877512	0.1190946399	-0.0705772033623048	-1.3047226630605311e-05	0.0049811416344441	1.7023012275037648e-10	-0.0569879931747294	-0.0046550214967026	0.003247631366083	2.16692251347642e-05	-0.0827221324424982	0.0001898368354674	0.0068429511958342	3.60380241002776e-08	0.0007270740149391	3.603672564999813e-07	1.2986455955732332e-13	5.286366231996626e-07	0.0007319324364378	0.0004519856629992	2.042910395568264e-07	5.357250915097742e-07	-0.0015657686352654	-4.066382123109986e-05	2.451631419180873e-06	1.6535463571148479e-09	0.0	0.0
5353.690851447891	9.400208402051248	28662005.732876845	88.36391800199489	13513.423219863682	67.95705633293983	182612607.1191509	4618.161505438357	5430.6932177689205	17.70500517641358	29492428.82552135	313.46720829683164	6826.829741457676	7059.414375290969	1.219927	27.421345	0.1105864957521398	0.0570571181734842	-0.167317845	0.1304244876	0.0143021647	0.0953409123	0.0105037454	0.1570042234	0.1532700953	0.1120917277	0.0012652578	-0.0207962707	0.1957136967	0.1565861159	-0.070676156	0.0773642816	0.0072938405	-0.0024543607	-0.016698152	0.0553941125	-0.0482859612	0.0438335198	0.0958794438	0.1088206526	-0.0043721844	-0.0075928618	0.0583765207	0.045723333	-0.0556592952	0.0816416951	0.0893052743	0.1204177545	0.0733682126	-0.0009778792	0.1455524005	-0.1117470442	-0.05073037	-0.0706969127	-0.0069430182	-0.1816827772	-0.0557301811	-0.042737576	-0.179497531	-0.0278754486	-0.0045631829	0.0001331452	0.0013808261	-0.0704362759	-0.2076371939	-0.0803689833	-0.0229047287	0.0323575934	-0.0010775532	0.1430710626	0.1623775825	-0.1617779735	0.0722662398	-0.0713148559	-0.0167742567	-0.0122505339	0.0049763057	-0.0590032678	-0.0423532844	0.0711965207	-0.0507458361	-0.1074418833	0.0724428191	0.1016674169	-0.0421122253	-0.0911906044	0.115059101	-0.0710103023	0.0963982819	0.0537831961	0.0720874442	0.1448113925	-0.0105448071	0.1284708622	-0.005019104	-0.0784462553	0.195681584	-0.0157955385	-0.1278693757	-0.1242244595	-0.0513196719	0.1119398119	0.0822541486	-0.0168036703	-0.1357977725	-0.0322456258	-0.0124427545	-0.0520409844	-0.1164664406	0.0548250525	0.0916583743	-0.0384592731	0.1347338983	0.1364217386	-0.0923508574	-0.0804708187	-0.1118064311	0.0004946627	0.1673025068	0.0193844711	-0.0821130023	-0.0081639906	0.0213371379	0.008038628	-0.1259824975	-0.0239870598	0.122945917	-0.0564271675819014	0.0141500357804034	0.0031840252413159	0.0002002235125866	-0.0137456047347797	0.0432423884399496	0.0001889416495247	0.0018699041579914	-0.103070344259585	-0.0203482118170868	0.0106234958657893	0.000414049724153	0.0009878559629918	0.0002607819480527	6.800722443016113e-08	9.758594036184563e-07	0.0005108134374631	-0.0002211189989747	4.8893611707573386e-08	2.609303678928684e-07	-0.0013907523879988	0.0001750162472665	1.934192204724365e-06	3.0630686807283614e-08	0.0	0.0
5315.946778135228	-37.7440733126632	28259290.147966307	1424.6150702316947	13514.92575804828	1.5025381845989614	182653218.2455569	2.2576209961779425	5409.29021544902	-21.403002319900224	29260420.634952508	458.0885083056544	6820.951861572265	7064.433804275825	1.413114	31.763781	0.043422330380106	0.020207505579778	0.031912589	0.1096702128	-0.1409784908	0.0096444234	-0.0784734428	-0.0456556046	0.1928176352	-0.027246891	-0.0420790696	-0.0072910276	0.128495803	-0.0627850449	0.006579202	-0.07433726	-0.1037126826	0.0597174628	-0.0511609187	-0.1370462902	0.1005864	0.1093965644	-0.1329639621	0.0766506857	-0.0222524324	0.1154845979	0.1358649246	-0.0764988822	-0.0893040569	-0.0055775292	-0.0990491598	-0.1350434105	0.1664820497	0.0741066153	-0.027449495	-0.0520985488	-0.0265020317	0.0487471909	0.2138678735	0.1185125514	0.0043351593	-0.0395503706	0.06225762	0.0669149966	0.1060649895	0.1050926825	-0.0741801008	-0.0622825024	0.1456784424	-0.0924472227	-0.1566769935	-0.0117871651	-0.0920829495	-0.0672507317	0.0998031204	-0.0859842853	-0.0778659408	0.0154106918	-0.0269460348	-0.078561097	-0.0941085408	0.0108690394	0.0138001572	-0.0676764477	0.0910964746	-0.101138768	0.009171984	0.0496593691	-0.0309764284	-0.0308591724	0.118861552	0.1255887707	0.1974904323	-0.1192573678	-0.2030836097	0.0032135227	0.0395213066	0.0434513109	-0.0122742194	0.0564876984	-0.1146416078	-0.0140388935	0.2045374332	-0.1033720841	0.0429666878	-0.0662289753	-0.0090649196	0.0383547727	-0.0334538937	-0.0141082087	-0.0330168173	-0.0642144659	-0.2477545142	-0.0816333502	0.0966403664	0.1245764191	-0.0721262376	-0.0781978109	0.0219169023	0.0269974108	0.1600010754	-0.0238426604	-0.1198942499	-0.162536026	0.0558540403	0.0838158055	-0.1239044909	0.0048252416	-0.1266334666	-0.0144478629	0.1255356027	-0.0625613895760608	-0.0061342219941594	0.0039139274656876	3.762867947362896e-05	-0.0036664055377144	0.0100791991970653	1.344252956698282e-05	0.0001015902564541	-0.1035798618139764	-0.0005095175543913	0.0107287877734024	2.596081382329881e-07	0.0008541661809427	-0.000133689782049	1.7872957824335846e-08	7.295998646662374e-07	0.0002208592864414	-0.0002899541510216	8.40734096947148e-08	4.8778824407404385e-08	-0.0015010962876178	-0.0001103438996189	2.2532900646999406e-06	1.2175776183127925e-08	0.0	0.0
5292.161910175857	-23.784867959370786	28006977.68351617	565.719943844703	13377.390702339068	-137.53505570921334	178954582.00302774	18915.89154893641	5393.881973026639	-15.40824242238159	29093962.738941744	237.4139345468797	6796.395244647087	6858.797242859	1.309639	29.437887	0.0846699523177071	0.0452558915242647	-0.0874378892	-0.1120337279	-0.082876185	-0.019567909	-0.0916746606	-0.0378990876	-0.0799310111	0.001571737	-0.0353403731	-0.0660421346	-0.0387166176	-0.0902634999	-0.0006956826	0.024802129	0.0718441512	0.1135742933	-0.0913090575	0.1366474583	0.1460729344	-0.0026506099	-0.0848050801	-0.1445110648	-0.2740474351	-0.0022329648	-0.1331819483	0.0306089256	-0.1530053776	0.0003980516	-0.2157894802	-0.1049062222	0.0473592556	0.2115005712	0.0894366447	0.129036195	0.0462266332	-0.033301162	-0.0029403464	-0.1449404571	-0.0838265174	0.0248757708	0.142694882	-0.0280077578	-0.0409042536	0.0577293023	0.0524003166	-0.0111839549	0.0067119979	0.0116691505	-0.0462899372	0.0680116902	-0.082408066	-0.0843048163	-0.0413790895	0.0562808829	0.0632352784	-0.0346161529	-0.043932878	-0.1487649598	-0.0076800332	0.0189288315	0.0683267255	0.0278174857	0.0975523961	0.0984707207	0.0118966142	-0.0378287538	-0.173703376	-0.1269827026	-0.094733482	-0.0393319143	-0.1019436279	-0.2017432883	-0.0181968356	-0.1136757066	0.0852983379	-0.0468648043	0.2060126377	-0.0225729397	0.0399349745	0.060291268	-0.0432355428	0.0340774864	0.1251590015	0.0920449351	-0.0449986467	-0.0230079504	0.0520765273	-0.1157606513	-0.0242808974	0.0661405181	-0.1115524709	0.0158103984	-0.1640486536	0.1569128047	0.0401432655	-0.0689633234	0.0659112817	0.0103009728	-0.0396328428	-0.0339606912	-0.0666124306	-0.0383921604	-0.0422518602	0.0555847776	0.0391969659	0.001608758	-0.1269593695	-0.0048252416	0.1268371232	-0.0706457644804032	-0.0080843749043423	0.0049908240390205	6.535711759396116e-05	-0.0416763433445197	-0.0380099378068053	0.0017369175945702	0.0014447553720772	-0.0829008569760887	0.0206790048378876	0.0068725520873699	0.0004276212410853	0.0009029792667425	4.881308579979997e-05	2.3827173452986336e-09	8.153715561668229e-07	-2.915119260693544e-05	-0.0002500104790483	6.250523963397819e-08	8.497920304066473e-10	-0.0014419871570925	5.910913052529989e-05	2.07932696121971e-06	3.4938893114569383e-09	0.0	0.0
5301.71019784347	9.548287667613296	28108131.021917447	91.16979738349612	13449.8537177517	72.46301541263165	180898565.0289192	5250.888602691291	5387.757820178798	-6.124152847840378	29027934.3288978	37.50524810371141	6792.203266549618	6799.854103125674	1.401499	31.502707	0.0602586378477214	0.0370032157306979	0.0979071411	-0.021123211	0.0977818734	0.1358446995	0.1017634484	0.0319465455	-0.0582250395	-0.0872500665	-0.1160098532	0.0482297192	-0.130767573	0.0923448481	0.142468741	0.033506175	0.0367674269	0.0151585979	-0.0908636469	0.1019223483	-0.0324048347	0.1025189678	0.0918903238	0.0028336116	-0.0710004255	-0.0581038093	0.0147483383	0.078739126	-0.0305174705	-0.0661845912	-0.0759085204	0.2737518767	0.0715659101	0.0320687581	-0.1164928056	-0.0033181886	-0.0230749855	-0.1033964705	0.0240364519	0.1900309073	0.1150963357	0.0742942213	-0.0129450021	-0.0112612609	0.0459864557	-0.0314330263	0.0075272048	0.0978113864	-0.0464109491	-0.0794946376	0.105921581	0.0428620119	0.1118667263	0.0654908043	-0.0452054147	0.1061311753	-0.0580143448	-0.0793003834	-0.0863808879	0.0640215494	0.0276996576	0.0407268052	0.0190462223	-0.0804563534	-0.0977074543	-0.1707791727	0.0908338386	0.0216451022	-0.0741543175	-0.1938306883	-0.0818334981	0.0280805918	0.0338274611	-0.0034063471	0.2177028805	0.1429651984	0.0092906683	-0.0401657629	-0.0398434154	0.1289668547	-0.0255627338	0.0867465816	-0.0262064076	0.0920609312	-0.0878900572	-0.0510812086	0.0898443141	0.0706685618	-0.0805899308	-0.0752621751	0.0288987828	0.026650384	0.0633993441	-0.1072874263	-0.0818761408	0.0528298117	-0.0650636306	0.1162349983	-0.085555948	-0.0354025225	0.1799481044	0.0735970062	-0.0535250984	-0.0778602403	0.008554044	0.0839900073	-0.0178716566	-0.001608758	-0.1269593695	0.0048252416	0.1268371232	-0.0707396160770912	-9.38515966879966e-05	0.0050040932827342	8.808122200886371e-09	-0.0160513555864412	0.0256249877580785	0.0002576460161623	0.0006566399976016	-0.0828044124905105	9.644448557820372e-05	0.0068565707278986	9.301538798444348e-09	0.0008018747958221	-0.0001011044709203	1.0222114040094006e-08	6.430031881747346e-07	0.0004978979431864	0.0005270491357933	2.777807915405018e-07	2.479023618292477e-07	-0.0015027006305263	-6.0713473433799976e-05	2.25810918498414e-06	3.686125856396735e-09	0.0	0.0
5328.723021034855	27.012823191385	28395289.034906834	729.692616769027	13458.59764329048	8.743925538781696	181133850.52398407	76.45623382775877	5408.378392673884	20.62057249508598	29250556.838341743	425.2080100250964	6802.573272445354	6949.387282813727	1.335692	30.023502	0.0430751327175848	0.0244381023227718	0.0093467413	0.0832252385	0.0182323279	-0.1278356213	0.0549074019	0.0137159046	-0.0060681406	0.0579811348	0.1227507725	0.066043294	0.0080245009	0.1179060536	-0.082715266	0.0322730385	-0.0454110204	-0.0238341096	0.132128902	0.021085741	0.0974473544	0.0173343602	-0.0465349207	0.0759508549	-0.0390555403	-0.0331945347	-0.0588101301	0.0345021835	0.2039380974	-0.0017788962	0.0804734455	-0.2030133137	0.033767174	-0.1341954304	-0.1008825036	0.0327318148	-0.1508938012	-0.0034605596	-0.1313776591	-0.1006678292	0.1063912887	-0.0188276962	-0.1760629584	0.0466182185	0.1108860083	0.0740972117	-0.0079667607	0.0754158059	0.1427934239	-0.1020563919	0.0066625917	0.0767188937	0.0554575129	0.0910381548	-0.0518459535	-0.1143054569	0.0136049052	0.0899476266	-0.0217669867	0.0992633047	0.0923621662	-0.0543848041	0.0521966375	-0.0274232467	0.0949282886	0.0810295497	-0.0016501454	0.0310361473	0.0711676319	0.0698025322	-0.1233492777	0.1609682597	0.0979346278	0.0133376918	0.0894252524	-0.1208697345	0.0918182037	0.0640146314	-0.0655311471	-0.2400834559	-0.1587020604	-0.1061092292	-0.0362036247	-0.0862279271	-0.0943686756	-0.0368142553	0.0211148948	-0.0967115184	0.023233371	0.0827145805	-0.0671982533	-0.0876311061	0.029615645	-0.0197523696	-0.022232612	0.0768153622	-0.0198375768	0.1034480387	-0.0865026512	-0.0989107338	0.0440076867	-0.1802032063	0.1154354761	0.0147291708	0.0188108289	-0.0588536753	-0.0263125003	-0.0048252416	-0.1266334666	0.0144478629	0.1255356027	-0.0705802357475846	0.0001593803295066	0.0049815696781846	2.5402089433633412e-08	-0.0269692443551718	-0.0109178887687306	0.0007273401410889	0.0001192002951663	-0.1047259324161231	-0.0219215199256126	0.0109675209204263	0.000480553035849	0.0006803146321435	-0.0001215601636786	1.4776873393568029e-08	4.628279987085457e-07	0.0004179890117448	-7.990893144160002e-05	6.385437324138332e-09	1.747148139393946e-07	-0.0015026428517718	5.7778754500043695e-08	2.257935539980888e-06	3.338384471576319e-15	0.0	0.0
5331.631186688368	2.9081656535126967	28426291.11086801	8.45742746827093	13460.743520867334	2.1458775768533087	181191616.1345719	4.604790574841828	5407.955668489101	-0.4227241847829646	29245984.512343403	0.178695736400422	6813.747817798371	6988.427232397779	1.325115	29.78574	0.0979091874281079	0.0682693409690682	-0.1663360577	0.0153933411	-0.0964563206	0.0314045405	-0.1006315063	0.0416166466	0.0760262046	0.0231792874	0.006439801	-0.0928521612	0.0552795426	-0.008495097	-0.0543142636	0.0734372766	-0.0416695976	0.0168225471	-0.0673146459	-0.039984817	0.0397971812	0.1066694209	0.0447388779	-0.1294566403	0.1121907809	-0.0769347414	0.0369059287	-0.113540002	0.0786241819	-0.0188786437	-0.1581211669	0.1646818093	-0.0369708547	-0.0552964468	-0.0110508154	-0.0107421705	-0.0675971473	0.1622591974	-0.0344991253	-0.0318391149	-0.0958464183	0.076513318	-0.0583897565	0.0057610318	0.0107192811	0.0016111475	0.0770988297	-0.0877278265	-0.0187555999	-0.0943199007	0.1102161399	0.011572562	-0.0825405933	0.015486772	0.0262486105	-0.106386734	0.0964446809	-0.0566974651	0.0404830304	-0.0446941193	-0.1341267625	-0.0469991801	-0.0519681018	0.0272076911	-0.1013621343	-0.1062427073	-0.070488801	-0.1173591627	-0.0857986505	0.0798431529	-0.0457653248	0.0681946981	-0.021279822	-0.0109395586	-0.0334064751	0.1595886697	0.0684262979	-0.0315843182	-0.0755658533	0.0114581716	-0.0783848579	-0.009128554	-0.1241184653	-0.1356951326	0.0443693782	0.1557157287	0.0094913032	-0.0119008691	-0.0464637281	-0.0530085389	-0.124459276	0.016048482	-0.0659777013	-0.0393867952	0.09504938	0.0718805988	0.0047850815	0.1239281834	0.0087372648	-0.0498379378	0.1066876892	0.0314272104	-0.062106789	0.106043677	-0.0453916293	-0.0276160347	0.0244087347	-0.008038628	-0.1259824975	0.0239870598	0.122945917	-0.0705444444913752	3.579125620939427e-05	0.0049765186485967	1.281014021046504e-09	0.0312914152763141	0.0582606596314859	0.0009791526699947	0.0033943044606958	-0.1025017733072104	0.0022241591089127	0.0105066135311227	4.946883741759343e-06	0.0012301655162827	0.0005498508841392	3.0233599478866e-07	1.513307197451082e-06	0.0002200758317358	-0.000197913180009	3.9169626821274847e-08	4.8433371714204156e-08	-0.00150263536729	7.484481799949205e-09	2.257913047030753e-06	5.60174678137709e-17	0.0	0.0
5314.208470097413	-17.422716590955133	28240811.663655084	303.55105340874326	13497.512060296043	36.76853942870912	182182831.81783715	1351.9254917205371	5404.801868929232	-3.153799559869185	29211883.24238092	9.946451663831064	6810.299243943235	6974.779757764309	1.27737	28.712549	0.0511303512396766	0.0370249582958431	0.0431491405	0.0489914193	-0.1011159121	0.0890110972	-0.0697748394	-0.0022239709	0.1115759818	-0.1034736674	-0.0612848592	0.0243223174	0.0657763633	-0.1272104135	0.0087812975	-0.0708993944	-0.000286127	0.0284070029	-0.1666714543	0.0782163487	0.1512453402	0.0562351142	-0.0390606768	0.0486219929	0.0387608206	-0.045846919	0.0793652676	0.0863618433	0.1835574663	-0.1885745223	-0.0053475721	0.0013933868	-0.0732945889	-0.1359753196	-0.0913874008	0.0350137333	-0.0218268092	-0.1156865935	0.0401463642	-0.0804332995	0.005623344	0.0644635545	-0.0332726217	0.0068140144	0.0440375517	0.0584921749	0.0988680751	-0.0242725166	0.0470308493	-0.1183542411	-0.0863409315	0.0332467723	-0.1073534254	-0.0223881596	0.0365208567	-0.0277899679	-0.1108479215	-0.0931351708	-0.0013980123	-0.1331530585	-0.0563632577	-0.0247900912	0.1086491665	-0.0604676359	0.0910589246	-0.007592927	0.06028269	-0.0497715455	-0.1124734913	-0.0220336499	-0.1720646381	0.1652262155	0.1117688697	0.069656172	0.0893256576	0.0058352943	-0.0591733697	-0.0275953705	-0.0895616783	-0.0528426828	0.0018296872	-0.0536112241	-0.0190324418	-0.0549047377	0.0995113644	-0.0507329033	0.0146844071	0.1217949317	-0.04159821	-0.0800047886	-0.0170593917	0.0373910536	-0.1408375982	-0.0729215812	0.0063145164	-0.0193749701	0.0536652575	0.0430260286	-0.1210430803	-0.0918331864	-0.0365419388	-0.0705582167	-0.0486982621	-0.0543360637	-0.0245044097	-0.0867466211	-0.0126488771	-0.0112468548	-0.125008133	0.0333877512	0.1190946399	-0.0706011525718395	-5.670808046430442e-05	0.0049845227444721	3.215806389946025e-09	-0.0024540007712516	-0.0337454160475657	6.022119785303448e-06	0.0011387531042233	-0.109120885267437	-0.0066191119602266	0.0119073676015491	4.381264314201487e-05	0.0010166669399327	-0.0002134985763499	4.5581642103476763e-08	1.0336116667521205e-06	0.0002207367430064	6.609112706000054e-07	4.3680370760611363e-13	4.8724709713073487e-08	-0.0015026125518822	2.281540780000452e-08	2.257844481073937e-06	5.205428330805069e-16	0.0	0.0
5301.2963695288845	-12.91210056852833	28103743.197580133	166.72234109178964	13408.066058224194	-89.44600207184885	179776235.4217037	8000.587286637189	5394.4060860350655	-10.395782894166588	29099617.02105216	108.0723019826466	6804.193834475253	6924.813479744967	1.139794	25.620129	0.0330905293369597	0.0231623326128468	0.0374753021	-0.0443255946	-0.0508085125	-0.1273929741	-0.0434452718	-0.102263426	-0.0520894876	-0.0069763726	0.0046734681	-0.0204774892	-0.0261816375	-0.1159074596	0.0248527934	-0.1190492072	-0.0086694268	0.0588086391	0.0410767244	0.0264886255	0.0087324134	-0.1159316517	0.0686416368	-0.0960329947	-0.1505836719	-0.0851321671	-0.0257851485	0.073020721	0.2492070884	0.063323439	0.100021645	-0.0108415194	0.0663359335	0.1108430152	-0.1520408008	-0.1875616315	-0.0332939935	-0.035926378	0.1500764729	-0.0360214623	-0.0716588297	-0.0575321394	-0.037345675	-0.0434701275	-0.0192356329	-0.1005147686	0.0290271202	-0.028310203	-0.0051243422	0.1121780379	-0.0138749169	0.1130223719	-0.0556717639	-0.099707393	-0.0394638928	0.0514865336	-0.0195458243	0.101637062	0.0184259718	-0.1050527438	0.0214553528	0.0738901553	-0.0136361249	-0.0994725312	-0.0062066359	0.0670846157	0.0304038803	-0.0413133064	-0.0322169455	-0.0664051539	-0.0013855299	0.1893721281	-0.1965804541	0.1299844149	0.1080514488	0.1047790531	0.1685033644	0.097606262	-0.0570488949	-0.028735985	0.1824182812	0.0759166742	-0.066199974	0.0516433068	0.0870075202	-0.0752153234	-0.0684373882	-0.0796444628	0.0772197746	-0.11673903	-0.0573103439	0.0181146966	-0.1318033455	-0.0938470005	-0.0498390991	0.0210321754	-0.0528159674	0.0320475758	0.0121441089	0.0081663271	0.0717307834	-0.2053214768	-0.0387556474	0.0167416241	-0.0564010064	0.0341073908	0.0580134453	-0.0144478629	-0.1237128745	0.042595656	0.1140212905	-0.0705750404580669	2.611211377261113e-05	0.0049808363356577	6.81842485673788e-10	-0.0152636617060153	-0.0128096609347637	0.0002329793686756	0.0001640874132636	-0.0897924461157586	0.0193284391516784	0.0080626833794514	0.0003735885600401	0.0010166525494341	-1.4390498600039271e-08	2.0708644995773222e-16	1.0335824062708552e-06	0.0002022360597777	-1.8500683228700004e-05	3.4227527992870163e-10	4.089942387440944e-08	-0.0015026012828746	1.1269007600114496e-08	2.2578106152963936e-06	1.2699053229143831e-16	0.0	0.0
5305.378356671958	4.081987143073093	28147039.50744324	16.66261903621403	13370.959830297184	-37.10622792700997	178782566.78342092	1376.8721509712143	5383.073314458546	-11.332771576519916	28977478.30883571	128.43171160557773	6782.2826043960895	6789.60618827152	1.262631	28.381239	0.0478501205223012	0.0356916090064005	-0.0914719936	-0.1295047661	0.0807695721	0.0291345323	0.048442994	0.0308087525	-0.1893475078	0.0353893051	-0.0126760583	-0.0692894482	-0.1522576789	0.0115261782	0.0602666098	0.1082014137	0.1138296415	0.1391466298	-0.0658573397	-0.0009443505	-0.0378672651	0.0800405366	0.0892273347	0.0148971453	0.0464202828	-0.0272880711	0.0311092805	0.006926907	0.0419208349	-0.0404018312	0.0117293698	0.0384319358	-0.0116551677	-0.0695519017	0.1485496947	0.0288737267	-0.0666505497	0.0865767551	0.0765585204	0.0906386514	-0.0976329418	0.0428304499	0.0596455866	-0.0140121916	0.0917761617	-0.0519711361	-0.2569780139	-0.0007841826	0.0355630623	0.0468601852	0.1134909107	-0.1494656768	0.0712511684	0.0016761696	-0.1050080782	0.1364276801	0.1282645014	-0.0305457603	-0.0649612102	-0.0428293683	-0.0602101279	-0.0569758575	-0.012493347	-0.0061341609	-0.0256262414	0.0081921236	0.1125646713	0.1100836522	-0.0591190264	0.0320044372	0.0329998966	0.0449706877	-0.1124458504	0.0042152913	-0.1439929995	0.1835199435	-0.1288635844	0.1215190765	0.0068407613	0.0483191824	-0.1255489816	0.0264158872	-0.0346175039	0.0988209135	-0.0206963743	0.1281140817	0.0302375899	-0.0562764433	0.0043851482	-0.0450796484	-0.0254434778	0.0719796099	0.0393702754	0.046319465	-0.194782014	0.1665770297	-0.0599260544	-0.0043526735	-0.0408139084	0.0225099332	0.0668833859	-0.0747428155	-0.1198406841	-0.0815871951	-0.0430171586	-0.0520260854	0.1272849772	-0.0176395976	-0.1221000468	0.0515576061	0.1077779285	-0.0705189637065046	5.607675156230063e-05	0.0049729242422393	3.1446020657799863e-09	-0.0497753665670472	-0.0345117048610319	0.0024775871168839	0.0011910577724149	-0.0898243848325108	-3.1938716752208385e-05	0.0080684201105389	1.0200816277777963e-09	0.001091009149741	7.435660030689992e-05	5.52890400920007e-09	1.1903009648185798e-06	1.21798951036034e-05	-0.000190056164674	3.612134573062733e-08	1.4834984473478208e-10	-0.0015020060439965	5.952388780999622e-07	2.256022156202016e-06	3.543093220017017e-13	0.0	0.0
5327.976287132889	22.59793046093182	28387331.31625037	510.6664611171103	13443.203209654926	72.24337935774201	180719712.5360765	5219.1058610266255	5408.250133927281	25.17681946873563	29249169.51112445	633.8722385613055	6805.751360694399	6879.430846969065	1.168245	26.259647	0.0696365382638079	0.0426528863945402	-0.035929983	0.014943187	0.0809897288	0.1902789894	0.0928069031	0.1836114306	-0.0776008043	-0.0511387796	-0.0913856439	0.0308941829	-0.0047072768	0.2153218021	-0.0783489521	0.1252669487	0.1032121288	-0.0034674087	-0.1395358734	0.1001241433	-0.0784158627	0.0346645596	0.0577035827	0.0459442552	-0.1231920175	-0.1367607478	0.0174568498	-0.0845766039	0.117586878	0.0312657965	0.0855200391	0.0084391499	-0.1192944789	0.1039314835	0.1318301063	-0.0404917863	0.0201190292	0.0722174835	-0.0778908888	0.0039277859	-0.1328201186	-0.0232955274	0.0381283097	-0.0544270928	-0.0744018061	0.0555281873	-0.0803789037	-0.0274083638	-0.0948296602	0.153969892	-0.1167233739	0.0650617796	0.0881546975	0.1629191252	-0.0039064323	0.0128006187	0.0253536629	-0.1760321266	0.017368318	0.0696433763	0.0641677356	-0.0715502798	-0.0184060351	0.0061858873	-0.0085975986	0.1276877997	0.1475329179	0.1338762518	0.1155987386	0.0366733007	0.0415035124	0.0097072316	-0.1781794936	-0.1787310465	0.046995489	0.1952058952	0.1363388647	-0.0059422853	0.0162525883	0.1092823626	0.0473686041	-0.0688364338	-0.0039367996	-0.0137591569	-0.1141267861	0.0873138971	0.1581756474	0.0510116402	-0.1123157315	0.0201642881	0.0090654689	-0.0392120649	0.0799525328	-0.054519748	-0.1715912018	-0.0185035637	-0.1400631172	0.0045616207	-0.0894365191	-0.0625582739	0.0210484985	-0.1273827394	-0.0335244503	-0.0095760021	-0.1937028374	-0.0107050388	0.1306770266	-0.0208200103	-0.12017379	0.0602218536	0.100428619	-0.0706590878703394	-0.0001401241638347	0.0049927066986683	1.96347812904014e-08	-0.0382647132641125	0.0115106533029347	0.0014641882811847	0.0001324951394603	-0.0900292333005694	-0.0002048484680585	0.0081052628486883	4.1962894865955e-08	0.000545967890352	-0.000545041259389	2.970699744363472e-07	2.980809372954135e-07	0.0006220909026755	0.0006099110075718	3.719914371573662e-07	3.869970911916185e-07	-0.0015026720236152	-6.659796186999148e-07	2.2580232105558e-06	4.435288525236839e-13	0.0	0.0
5326.405296036209	-1.5709910966807	28370593.37764257	2.468013025850029	13499.900125163877	56.69691550895004	182247303.38939965	3214.54022822902	5413.519490145843	5.26935621856137	29306193.270188905	27.766114958091386	6817.427120257438	7004.111419308341	1.184162	26.617424	0.0871826956988362	0.0459954700545789	0.0264728486	0.1047165768	-0.0362779416	0.1008724595	-0.0336101851	0.0371545797	0.1194483033	-0.0362124132	-0.0738278136	0.0828739455	0.0971711717	0.0574291324	-0.0243939099	-0.0604010167	0.0267155562	0.0122528688	-0.0683000735	0.087458059	-0.0745469271	-0.0885658056	0.0022299454	0.0187170101	-0.1080131515	-0.119501012	-0.0769230193	-0.2617546539	-0.0753817866	-0.0616133867	-0.0926701376	-0.0525701494	-0.0193691809	0.0088752337	0.0294241698	-0.0754826473	0.0734117995	0.092034466	0.0090708053	0.0275254539	0.0217243814	-0.1991253535	-0.0275611969	0.0607737687	0.0387043085	-0.1028387763	-0.0754268326	-0.0697545327	0.1288865408	0.0631494838	0.0530636221	-0.0068126996	-0.027349374	0.0524593161	0.0729312225	-0.0964087776	-0.1196404018	-0.0754132526	-0.007914859	0.0178239683	0.0044505912	0.0308493491	-0.0213873224	-0.0609668664	-0.0502703854	0.1541748665	-0.0832204931	-0.0516262148	0.1145836238	-0.0939513074	0.0733656622	0.006798014	-0.047099554	-0.1514154049	-0.0998788024	-0.0638864076	0.0538421905	-0.1084810565	0.0385145553	0.0581777063	0.006598298	0.0021483386	-0.2125064843	-0.0998478387	-0.0234566067	-0.0177424347	0.0995088384	0.095352468	-0.0493229333	0.1074976567	0.0182756153	-0.0746074042	-0.0337233055	-0.0336168915	-0.0522088013	-0.1170608184	0.0624461707	-0.1022330087	0.0347427075	-0.1704857342	-0.0975499074	-0.1563821413	0.014865367	0.0006589313	0.0140462437	-0.093606099	-0.189364552	-0.0239870598	-0.1179390489	0.0685383697	0.092048776	-0.0557724084766988	0.0148866793936405	0.0031105615472917	0.000221613223369	-0.0499091319413338	-0.0116444186772212	0.0024909214511374	0.0001355924863304	-0.1245352936358088	-0.0345060603352394	0.0155090393609571	0.0011906681998591	0.0006487838934791	0.000102816003127	1.0571130499031828e-08	4.209205404379001e-07	0.0010420144544356	0.00041992355176	1.7633578932281739e-07	1.0857941232527212e-06	-0.0015028432145827	-1.7119096750004177e-07	2.258537727617263e-06	2.930634735360036e-14	0.0	0.0
5297.288657532894	-29.11663850331479	28061267.12122665	847.7786377327133	13428.055866607248	-71.84425855662812	180312684.3567253	5161.597487551633	5399.930581402492	-13.588908743350656	29159250.283965856	184.65844083511195	6799.628968453914	6954.689203613963	1.262577	28.380026	0.1074623878993255	0.0596557471469699	0.0777431428	0.0671941446	-0.0987244835	-0.0905258537	-0.108851014	-0.0426880463	0.0218706206	-0.0210145199	0.0166071652	0.060801302	0.0609925094	-0.141474815	-0.0071519979	-0.0504749554	-0.0486112898	0.0413451019	-0.033506514	0.028449363	-0.0381478279	-0.1492245223	-0.1447568974	-0.1141226318	0.1619788929	-0.0370515047	-0.1437174714	-0.0282580022	-0.2860143838	-0.0506355451	0.0405220479	-0.0587765657	0.1016839879	-0.0808847134	-0.0509551523	0.0208144455	0.0431971849	0.0075519675	0.0303068508	0.0465484285	0.0006299802	-0.0259431253	-0.2353903406	-0.0953060322	0.1299054741	-0.0579042981	0.0098082862	0.0938178351	0.0524525077	0.0112718434	0.065517999	0.0548187581	-0.1187985174	-0.0514928628	0.0103006371	-0.0298958332	-0.0706086308	0.0524392517	-0.1050543288	-0.0404455774	-0.0147938472	0.0951776501	0.1109128975	-0.0788137591	0.0394196982	0.1710506758	-0.2141435932	0.0707562973	-0.0210106672	0.0355691865	0.0314686913	-0.1176476515	0.1041714318	0.1047248756	0.0799512345	-0.0849199068	-0.1504596282	0.0823582488	0.0240211793	0.0531190633	-0.0907322	-0.1427470385	-0.0601938915	-0.0264017566	0.1384533234	-0.1396790392	0.0118413435	-0.0269200362	0.0870455168	0.1265453763	0.1164577948	-0.0670889225	-0.0032621678	0.0506332745	-0.0758200998	-0.111762474	0.1578458253	-0.2224670065	0.0631574983	-0.0289516698	-0.2044510804	0.0979238121	0.0802909908	-0.098663785	0.1125592827	0.0726413407	0.0862267507	-0.0271387131	-0.1154015599	0.0764591335	0.082724388	-0.0702967967446852	-0.0145243882679863	0.0049416396325635	0.0002109578545592	-0.0463172286753774	0.0035919032659563	0.0021452856721672	1.2901769071988228e-05	-0.0820168118590061	0.0425184817768027	0.0067267574275156	0.0018078212926043	0.0003931922631884	-0.0002555916302906	6.532708147465785e-08	1.54600155831216e-07	0.001147592381604	0.0001055779271683	1.114669870517596e-08	1.316968274315541e-06	-0.0020782259488952	-0.0005753827343125	4.319023094661356e-06	3.310652909449293e-07	0.0	0.0
5298.717070555623	1.4284130227288188	28076402.59379756	2.040363763501281	13402.380502152117	-25.675364455131785	179623803.12446722	659.2243399038447	5394.919104760494	-5.011476641998343	29105152.14690977	25.114898133294982	6799.747633524144	6901.138350474324	1.132182	25.449038	0.0551634772760206	0.0283293571866743	0.0412792733	-0.0172816574	0.0839881863	-0.1309430734	-0.0320695761	-0.080620429	-0.042857459	0.1076159812	-0.0435301952	-0.0111570409	0.002174091	-0.1018791582	0.0234218725	0.0141893365	-0.0554645739	0.0013217734	0.0608620297	-0.0875201636	-0.080385469	0.0555647166	-0.0772479245	0.0475876958	0.1345346871	-0.0371540657	-0.1213384729	0.0047517471	0.0365104277	0.0338879446	-0.0891325684	-0.0988979195	-0.0277743074	0.0737085341	0.0145981855	-0.0560090338	0.265564124	0.0772148211	-0.0511200799	0.0703420841	-0.0356268571	-0.0010871257	0.2218922429	-0.0678497816	0.0161678078	0.0206404407	0.0955752173	-0.0224657603	0.0380693365	0.1067943309	0.1671412016	-0.0636764117	-0.0142144476	-0.0709177977	0.0319757173	0.0931988555	0.0076300773	0.1151467584	-0.0519825595	0.0506490538	-0.05126199	0.0902892006	-0.0118782762	0.037433065	0.0180764739	0.0267734045	0.0363608434	0.0354878062	0.0673395246	0.1915815607	-0.0153446045	-0.0304712163	-0.1186786942	-0.0370892099	-0.1904466564	0.01560973	-0.0003354657	-0.1378612208	0.0998961935	0.0775615338	0.0489587981	-0.06010791	-0.0015557108	0.1304693569	0.0669240902	-0.0620609824	0.0196802882	-0.1158475701	0.0665654587	0.0958794795	0.0662227008	-0.0011912715	0.0860264962	-0.0922370021	-0.0504550725	-0.1339964308	0.0822054347	-0.166246777	0.0019177862	0.1302869289	-0.0527642928	0.04021627	0.0445119493	0.0340705602	0.0560224411	0.1171401401	0.0571957581	-0.0302729475	-0.1125678367	0.0839384089	0.0725511359	-0.0554523231197947	0.0148444736248904	0.0030749601393821	0.0002203583972	-0.0253266116678645	0.0209906170075129	0.0006414372585748	0.000440606002356	-0.0753921080130339	0.0066247038459721	0.0056839699506489	4.388670104683874e-05	0.0003000703869394	-9.3121876249e-05	8.671683836134071e-09	9.004223711796124e-08	0.0010767030405873	-7.088934101669988e-05	5.0252986697819685e-09	1.1592894376099372e-06	-0.001988163510208	9.006243868720041e-05	3.952794143322595e-06	8.111242862285733e-09	0.0	0.0
5299.940873998665	1.2238034430420155	28089373.26788173	1.4976948672014925	13390.854113644116	-11.52638850800031	179314973.89289954	132.85763203736158	5384.031403124277	-10.88770163621666	28987794.14982837	118.54204691927497	6791.727793981674	6922.299957531124	0.865894	19.463434	0.019977541092397	0.0130805614796159	0.0338191757	-0.0171597258	0.1074777184	-0.1359789122	0.0281773658	-0.0996391805	-0.0706932065	0.1617101717	-0.0461843973	0.0355356915	-0.0937622761	-0.0102009648	0.0753146292	-0.0098954597	0.0415899293	-0.0326957268	0.07868209	-0.2088912753	-0.1110520973	-0.0707272361	0.0559186132	0.1558688346	0.0085930366	0.0403225971	-0.0257319765	0.0754946105	-0.20089705	0.087811384	-0.0650253018	0.0125233152	0.0853779545	-0.0738064875	-0.1112951286	-0.0389736563	-0.031683223	0.2224589416	-0.1102120282	-0.0261001061	0.075217781	-0.0015497312	-0.0552765194	-0.0585060203	-0.0447270781	0.0309508755	-0.1556169713	-0.0287724599	-0.1521506938	0.095468247	-0.0062877671	-0.0219352074	0.06575348	-0.0562664375	-0.0199870764	0.0953748246	0.0360212967	0.1227394378	-0.0812623636	0.1443938393	-0.0801706369	0.1193310487	-0.1382574163	-0.0711756058	0.0054562714	-0.0490393469	0.0160885142	0.0147999414	0.0401554492	0.0034209524	0.1095013218	-0.2104169022	-0.0076358357	0.0050077596	-0.0289781209	-0.0777143936	-0.0336886247	0.0529662008	-0.0084693577	-0.0699348465	-0.1270488406	-0.0555013957	-0.0864999056	0.1144990797	0.0083079127	-0.0694449088	0.0061531239	-0.1057647301	0.0485871573	0.1356293417	0.0907232641	0.0240288114	0.090025997	-0.1484520754	0.0513352021	-0.1353822197	-0.0105918137	-0.1097355681	0.0234934343	0.0972678103	0.0431014124	0.1129155527	-0.0679928535	0.0791488871	0.0465453539	0.0920279802	0.0434220265	-0.0333877512	-0.1094451535	0.0909330095	0.0616334109	-0.0546680885344983	0.0007842345852963	0.0029885999040157	6.150238847750109e-07	-0.0141354237795781	0.0111911878882864	0.0001998102054282	0.0001252426863509	-0.0752644216746247	0.0001276863384092	0.0056647331700157	1.6303801016350096e-08	0.0003930115440272	9.29411570878e-05	8.638058680819114e-09	1.5445807373864377e-07	0.0010211135127773	-5.558952781000012e-05	3.0901956021387766e-09	1.042672805976397e-06	-0.0019792055494977	8.957960710299917e-06	3.917254607162492e-06	8.024506008727699e-11	0.0	0.0
5289.907892971985	-10.032981026679408	27983125.51612731	100.660708281709	13392.239144312192	1.3850306680760696	179352069.29844776	1.918309951511244	5384.911764732453	0.8803616081759174	28997274.71395398	0.7750365611500875	6795.27074909616	6919.164211308712	1.015077	22.816761	0.0625715350827942	0.0319516160766298	-0.0352425494	-0.086927867	0.0793738798	-0.0966107654	0.0565091827	-0.0729815544	-0.0974260193	0.1453201251	-0.0331774624	0.0442403754	-0.1308788436	0.0993647111	0.09153501	0.035783631	-0.0653946425	0.0596304719	0.107616067	0.0331738699	0.0329716319	0.1175980679	-0.1084398728	0.0494746409	0.1033309453	0.1554893733	-0.1045909844	0.0241190292	-0.032059278	0.0091136804	-0.0437583914	0.0236843432	0.0212884589	0.0450118839	-0.0266642133	-0.0212954745	0.124598939	-0.0516410391	0.0325261825	-0.051791267	0.1833460978	-0.2068274164	-0.0656393652	0.1317524621	0.0376191349	0.0080078706	0.117677267	0.0427000896	0.0371020256	-0.0102017468	-0.108158103	-0.0590466309	0.1412033571	-0.0369755087	-0.0739840546	0.0182342326	0.0937868894	0.0531831791	-0.1101041186	0.069771339	-0.0231996037	0.1200746039	-0.0682616579	0.0815618817	-0.0506859573	-0.0657815268	-0.0492307378	0.0028936614	0.0303775107	0.0810573114	-0.2195805333	0.0052791898	0.1912551638	0.0163506962	-0.074675142	-0.1180449792	-0.071355196	-0.0279571849	0.0687468315	-0.0258775895	0.0173425505	-0.0032603356	0.1153382943	0.0490929065	-0.0986834329	0.0854628245	0.0359296946	-0.1025109853	0.0933417416	0.0997571289	0.0281516214	0.0618001412	0.08575745	-0.1274751247	0.2301807415	-0.0364187191	-0.0261344731	0.0155389974	0.0090703571	0.0442377955	0.0165897474	0.0586957209	-0.0210123283	-0.0370583109	0.0420460535	0.0609098359	0.0055281536	-0.036481125	-0.1060415262	0.0974025471	0.0500832437	-0.0607498446932197	-0.0060817561587213	0.0036905436302503	3.698775797414565e-05	0.0028191686210021	0.0169545924005802	7.947711713642882e-06	0.0002874582034698	-0.0649596334431521	0.0103047882314726	0.0042197539770686	0.0001061886604954	0.0008549496686988	0.0004619381246716	2.133868310251147e-07	7.309389360081879e-07	0.0009391365256448	-8.197698713249997e-05	6.720226419322066e-09	8.81977413800186e-07	-0.002019898403534	-4.069285403630017e-05	4.079989560599202e-06	1.655908369619631e-09	0.0	0.0
5273.665858112926	-16.24203485905946	27811551.583025943	263.8036963629026	13362.827798503718	-29.411345808473925	178565166.77246374	865.0272622656368	5381.183225393516	-3.728539338936571	28957132.90525657	13.90200560199756	6783.709619270487	6773.126936956935	1.062463	23.881891	0.0296195984608102	0.0160807915091099	-0.0759258358	-0.1436117008	-0.0578086182	-0.0001818139	0.0211543415	-0.0601972885	-0.1420322205	0.0820362106	0.0305555987	0.0618788433	-0.1553485567	0.0758942289	-0.0280569919	0.1704609296	-0.0519735742	-0.0121961204	0.0090192885	0.032220002	0.1291689788	0.048690321	-0.1351614651	0.0411009917	0.0375495362	0.0623442577	0.0376964363	-0.0205204416	-0.1572905205	-0.0591283154	0.13779683	0.0006324566	0.0515954701	-0.0403004435	0.0613833574	0.0960817717	-0.1190445805	0.0708610611	-0.0964714228	-0.09091922	-0.0475417538	0.0515881121	0.0937462575	-0.0387143949	0.1270819359	-0.2007025473	0.0537098788	0.1082622801	0.0602785646	-0.0258948114	-0.0076523784	-0.0257690992	0.097260166	-0.0294680247	-0.1528853328	-0.0262828598	0.1368763162	-0.0711249887	-0.0846850407	0.083176766	0.0056246706	-0.030246616	-0.0524832033	0.0802041404	0.1473418403	0.0356273985	-0.1579165439	-0.0238753929	-0.0391852403	-0.0237891253	-0.0356040824	-0.0746253398	0.1669949822	-0.1478097978	-0.0570310804	-0.0616256918	-0.0435201094	-0.0169685314	-0.0454526792	-0.0333622025	-0.0165081744	-0.0254964055	-0.080265306	-0.0593156897	-0.0579595173	0.1504564484	0.0604170877	0.0176883675	0.1262793183	0.0894928056	0.0219460069	0.0856263526	0.160943113	-0.0166004028	0.0733205218	0.065386533	0.0567244162	0.0184643053	0.0494222765	-0.0525413222	-0.1401824554	0.0735463584	0.0032247338	-0.0118300121	0.0822380048	0.094184372	-0.0312471397	-0.0395510834	-0.1023656918	0.1033096655	0.0380191546	-0.063668816687624	-0.0029189719944043	0.0040537182184022	8.520397504116625e-06	-0.0101746974914078	-0.0129938661124099	0.0001035244690416	0.0001688405565472	-0.0734636935222781	-0.008504060079126	0.0053969142659352	7.23190378293846e-05	0.0008549226267522	-2.7041946600047696e-08	7.312668759198313e-16	7.308926977328814e-07	0.0009541763077167	1.5039782071900082e-05	2.2619504477024715e-10	9.104524262078746e-07	-0.0019309112220551	8.898718147890006e-05	3.72841814745832e-06	7.918718467558694e-09	0.0	0.0
5285.120384097295	11.454525984368956	27932497.474400736	131.20616552658362	13340.182949954517	-22.644848549201924	177960481.13825718	512.7891658162926	5387.457399832331	6.274174438814953	29024697.235008143	39.36526488867893	6786.497863185152	6735.260693853794	0.944347	21.226894	0.0670381096655988	0.0392056944764485	-0.0837831379	-0.1116062626	-0.1255957426	0.073740425	-0.0825910314	-0.0219565755	-0.141002802	-0.0183061691	-0.0100846836	-0.0235022901	-0.1015642059	0.0164784861	-0.0700339434	0.0801467144	-0.0653560207	0.0653656814	-0.0498500714	-0.1266588515	0.0802209815	0.092851344	0.0556445368	-0.021864134	-0.051196801	0.21860854	-0.018437448	-0.0603229158	-0.005775533	0.2130111733	0.0806866136	0.130861872	-0.1308666866	-0.0313552724	0.1060482901	-0.0856394627	-0.0203455724	0.0054217338	0.176278258	0.0628670031	-0.1344221207	0.0419721582	0.0388582867	0.0994181727	0.0740782585	0.007472243	0.0400900093	0.0147306565	0.0371258324	-0.0420713395	-0.0218058339	-0.0524076637	-0.0206136032	-0.02347743	-0.1402770976	-0.0448444279	0.1064399749	-0.0986861976	-0.0084992059	0.0317662708	-0.0987315651	-0.0873549932	-0.2261413145	0.0127536697	0.1157709838	-0.0820089612	-0.0211497391	-0.0466578233	0.1174529452	-0.0726204298	0.0046377439	-0.0022701283	-0.0117611085	0.133917065	-0.1142653149	0.1402442345	-0.1349157849	0.0379467957	0.1111233917	0.090789106	-0.0284368821	0.0400074174	0.0377067147	-0.1060812782	0.0273649678	0.1212527636	0.0471324989	0.0884422406	0.0770021005	0.0448308489	-0.027166079	0.0803628821	0.1979650871	-0.0475276311	0.0112947098	0.0386779087	0.1089583761	-0.0938955939	-0.0472563084	-0.0195084781	-0.0035715653	0.1332157554	0.0258622382	0.0596870742	0.0544977122	0.1067427703	-0.0263033599	-0.042595656	-0.0984270862	0.1086202561	0.0255649376	-0.0595218028946646	0.0041470137929594	0.0035428450198313	1.7197723398995547e-05	0.0217521135319884	0.0319268110233962	0.0004731544431085	0.0010193212621236	-0.0917603089513363	-0.0182966154290581	0.0084199542988446	0.0003347661361588	0.0008551660021587	2.4337540649997137e-07	5.92315884890263e-14	7.313088912480936e-07	0.0012041760611007	0.0002499997533839	6.249987669206079e-08	1.4500399861279967e-06	-0.0019340214816683	-3.11025961320004e-06	3.740439091554447e-06	9.673714861503264e-12	0.0	0.0
5292.087352986798	6.966968889502823	28006188.55164281	48.5386555073002	13417.803744590448	77.62079463593182	180037457.32834545	6024.987759913502	5396.377590239434	8.920190407102382	29120891.09643836	79.56979689896136	6792.567610980095	6841.814860622754	1.117857	25.127026	0.0421939102585246	0.0261231937091358	0.0445127686	-0.0367378203	-0.1126407742	0.1478167504	-0.0695986067	0.0211035714	-0.0056916169	-0.1720210686	-0.088876823	0.014796887	0.0065321855	-0.1497429829	-0.0802694283	-0.0593515359	-0.0036230357	-0.0982931041	0.0658658747	0.153226678	0.0850750258	-0.0411087822	0.0620543125	-0.1103605228	0.0776538252	0.1837971753	-0.0253008053	-0.0008679226	0.0382138652	0.1545211121	-0.0118509641	0.154473504	-0.0563401671	0.0485876186	-0.0761548343	-0.0460599556	0.0379325175	-0.0651531743	-0.0250658322	-0.0405547606	0.0941904076	0.209588484	0.0526026992	0.0113789411	-0.0854309525	0.0330907714	-0.1410403416	0.143507103	0.067808142	-0.0036402901	-0.20085565	0.0561546209	-0.1256891275	0.0042742274	-0.0291981952	0.0235589688	-0.1015430521	-0.1444182878	0.078890422	-0.0861630147	0.0358304781	0.0185721611	0.0022370874	0.1239172763	0.0506910368	-0.0963221752	-0.0497761883	-0.0750893389	0.1094345259	0.0160826142	0.0125796906	-0.0365479505	-0.0610083625	0.1994424175	0.1512610009	-0.1325182813	-0.0084626101	-0.1122442907	0.0218767721	-0.0760400542	0.0554645	0.1042380345	0.0776133028	-0.0459916393	0.1073779834	-0.0205831232	0.0489921598	0.1433877679	0.0117636959	-0.0888207107	-0.002968094	0.0460628892	0.0260475235	-0.0723709409	0.0337425854	-0.1043113674	-0.0116505742	-0.0721244743	0.0064010914	-0.080381062	-0.0092975718	0.0176268601	0.0865758539	0.0436544489	0.0214410366	0.0153262715	0.0166592161	-0.0456128885	-0.0942358196	0.1133036545	0.0128483897	-0.0617024612751322	-0.0021806583804676	0.0038071937274091	4.755270972303593e-06	0.0217132599875071	-3.885354448130221e-05	0.000471465659285	1.5095979187605295e-09	-0.092492525206822	-0.0007322162554856	0.0085548672191346	5.361406447974939e-07	0.0005817933688166	-0.000273372633342	7.47325966603942e-08	3.384835239989684e-07	0.0007829118182502	-0.0004212642428505	1.7746356230440507e-07	6.129509151558342e-07	-0.0020242282470375	-9.02067653692001e-05	4.097499996104511e-06	8.137260518373919e-09	0.0	0.0
5284.530216942176	-7.557136044621984	27926259.61377492	57.110305196924806	13401.251614505298	-16.552130085150566	179593544.83528084	273.97301035574645	5397.533651431328	1.1560611918939685	29133369.5183336	1.336477479403303	6801.130020206532	6827.864417404658	1.136169	25.538645	0.0502087864148297	0.034632826498035	0.125817196	-0.0462467396	-0.0249412938	-0.0387030224	-0.0207685166	-0.1057467065	-0.0327492221	-0.0365823999	0.0031910658	-0.0001907638	0.0222091209	-0.1394537086	0.0483954438	-0.0942871413	0.0288971768	0.0599430283	0.0708769459	-0.0508707752	0.1007609218	-0.0397758496	-0.0473600152	0.0916497283	-0.0346993801	-0.0986063899	-0.0232549864	0.0341172515	0.0504979155	0.0338832806	0.0686476916	0.1893146892	-0.1346254513	0.0037665237	-0.0260193103	0.1794426542	-0.1058599696	0.0268747734	-0.0476192957	-0.1374781801	0.1460288196	-0.0412144828	0.0450470846	0.0086182888	-0.0860880478	-0.0334072745	-0.0793890421	-0.1514750545	-0.1709620136	0.0224501795	0.0381160823	-0.0113867771	-0.0472513768	-0.1222834444	0.0184120976	0.0792106712	-0.0820875094	0.0764320668	-0.0356967921	-0.1203480945	0.0359310306	-0.037852098	0.0124870276	-0.051161344	0.1527532416	-0.0375842134	0.0159286339	0.0196516267	0.0942532113	0.0687499326	-0.0043788236	-0.0245643245	-0.0086836787	0.0042055186	0.1094452473	-0.00700554	-0.0898470602	0.040878474	-0.0121306349	-0.0218991557	0.1472105018	0.2392607455	0.0102687511	0.0962170545	0.0857245658	-0.1433285976	-0.0116005072	0.0059913126	0.0697367879	-0.1059396269	0.0133544003	0.0281349583	-0.0344731919	-0.0623284133	-0.0692017144	-0.0598657384	0.1691789519	-0.0159259412	-0.0213359078	0.0847325706	-0.0309430857	0.0102646631	0.0475543403	-0.1424852694	0.0101129948	0.0310806088	-0.0524606896	-0.0486008445	-0.089802651	0.117332818	0.0	-0.0624715080593887	-0.0007690467842564	0.0039026893192142	5.914329563752567e-07	-0.0109221360666253	-0.0326353960541324	0.0001192930562578	0.00106506907561	-0.0845114133557061	0.0079811118511158	0.007142178987379	6.369814638002266e-05	0.0005237451652372	-5.804820357940008e-05	3.369593938795476e-09	2.743089981093419e-07	0.0007169576611869	-6.595415706329999e-05	4.349950833930443e-09	5.140282879345897e-07	-0.0020766905209013	-5.2462273863799775e-05	4.312643519601312e-06	2.752290178960329e-09	0.0	0.0
5298.957178495646	14.426961553470392	28078947.17953054	208.1372196653128	13376.269942819255	-24.98167168604232	178924597.58316985	624.0839202292085	5385.665691986225	-11.867959445102317	29005394.945837468	140.84846139059326	6780.156442520466	6838.065682125269	1.272166	28.595581	0.0752130390682429	0.0362290148475477	-0.0051418249	-0.0676707602	0.1362552332	-0.1142751195	0.0949748429	0.0316300584	-0.184919062	0.1014803271	0.0531510484	0.0248973621	-0.0814450783	0.0519385846	0.1137647829	0.0528131175	0.0788539241	0.0916701493	0.044284355	0.0073444062	-0.0530867774	0.0660742383	0.0506119396	-0.138367083	-0.167740619	-0.0399859114	-0.127275933	0.0935538985	-0.0888208822	-0.0564319951	0.0532069085	0.1468393235	-0.0190397808	-0.0620556625	-0.0463559284	-0.0200183858	-0.0504766556	0.0028430711	-0.0417699741	-0.0304768724	0.0618091065	0.0941521036	-0.0355275049	0.1075311833	0.0277709136	0.0442136189	0.0382799953	0.0725072411	0.0266910487	0.1232517133	-0.0115244283	-0.0195139833	0.1144938672	0.0493607341	-0.0734932849	0.0663241966	0.0853964722	0.1033368173	-0.0979925934	-0.0762060753	0.0252538132	0.0136450171	0.1284067999	0.0143933136	-0.049930931	0.0570023005	0.0388211263	-0.0781627949	0.0509782763	-0.162434944	-0.124979929	-0.1373324014	-0.017669715	0.0675983699	0.1156409601	0.1023518349	0.0535560537	-0.0633627715	0.0557788369	0.0296961848	-0.0571699143	0.0141623836	-0.0183744453	0.0774354404	-0.0873416218	-0.0124206799	0.0130629409	-0.1474095757	0.0796474671	-0.0945181896	-0.0359266207	-0.0130127587	0.0660942762	-0.0416840009	-0.0510686678	-0.2075347137	-0.0560222451	0.0086052543	-0.0473430975	-0.0543548812	-0.0416912341	-0.0073330771	-0.0778844275	-0.0295400413	0.0153260294	0.1201052049	-0.0643528752	-0.0515576061	-0.0851389603	0.1206844814	-0.0128483897	-0.0702489401424628	-0.0077774320830741	0.0049349135911393	6.04884498068304e-05	-0.0357228820170831	-0.0248007459504578	0.0012761242996064	0.0006150769996991	-0.0922928600218071	-0.007781446666101	0.0085179720110048	6.055091221737445e-05	0.0009187104301718	0.0003949652649346	1.559975605048588e-07	8.440288545064538e-07	0.0006209532116059	-9.600444958100004e-05	9.21685433935078e-09	3.855828910036816e-07	-0.0022827890937579	-0.0002060985728565	5.211126046580013e-06	4.2476621733527216e-08	0.0	0.0
5330.143227574755	31.18604907910867	28410426.826461025	972.5696571645748	13423.401259748904	47.131316929648165	180187701.3802285	2221.36103552294	5394.531872434378	8.86618044815259	29100974.122710355	78.60915573920327	6777.471748579309	6910.544450074379	1.217572	27.368414	0.0482461475784081	0.0312133674984101	-0.1308876102	0.0516911477	0.0627735588	0.0162103636	0.0172272671	0.2360153653	-0.0772378816	0.0644063043	0.0890045727	0.0002215738	-0.0436854393	0.1324192312	-0.1230686364	0.054995979	0.0967850113	-0.0251820247	0.0241569869	-0.005024308	-0.1086996548	0.0211029735	-0.0217425501	-0.0434384658	0.107885785	0.0798896767	-0.0206388235	0.1393094475	-0.0322351653	-0.0896309336	0.0554050876	-0.0565238252	0.1026122266	-0.0795260038	-0.0084100098	0.0514319542	0.0291429854	-0.1896919582	0.2127852994	0.0248597883	0.0896806403	0.0137903214	-0.0742739342	0.0144901775	-0.159333965	0.1903830168	0.0563292624	-0.164956562	0.0296878063	0.1344058333	-0.0595773876	0.0735836492	-0.0035528387	0.2034078201	-0.0549346913	-0.0177591948	0.100663683	0.0147300174	-0.0171744452	-0.0318871555	0.078302501	0.0075275812	0.1134301066	0.0865533124	-0.1492204578	0.0290479717	-0.044436651	0.1220443094	-0.0640661484	0.0063991191	-0.0546859829	-0.067657673	-0.0097025329	0.0665050427	0.0162798622	-0.0312058445	-0.0466211253	0.1146950416	-0.1187869468	-0.0446775176	0.0168980751	0.0160034848	0.2782953729	-0.0725268674	-0.0778033127	0.0837087552	0.0590011276	-0.1370998174	-0.004790526	-0.0692842413	-0.0914799915	-0.1161023559	0.044622563	0.1543312938	-0.037367345	-0.1395476343	0.0442293075	0.0978675409	0.100113539	-0.1168317663	-0.000498434	0.0268413295	0.040593069	0.0117353003	0.0326532116	0.0314566537	-0.0946858674	-0.0544812754	-0.0802567191	0.1233392918	-0.0255649376	-0.0611170301550885	0.0091319099873743	0.0037352913749779	8.33917800175065e-05	-0.0357790398130362	-5.6157795953096223e-05	0.0012801396899428	3.15369804630959e-09	-0.1214532301781829	-0.0291603701563757	0.0147508871207146	0.0008503271876568	0.0008937893170614	-2.4921113110399967e-05	6.21061878661349e-10	7.988593432930839e-07	0.0007150155660093	9.406235440340008e-05	8.847726515910839e-09	5.112472596355996e-07	-0.0022038183684976	7.897072526029999e-05	4.856815401327422e-06	6.2363754481377825e-09	0.0	0.0
5336.67875567752	6.535528102765056	28480140.14129976	42.71312758203182	13433.36915316647	9.967893417566302	180455406.80524445	99.3588991839616	5398.212566986225	3.6806945518474095	29140698.91836801	13.547512383999202	6770.868409079694	6956.308406495959	1.12361	25.256359	0.1520350011322218	0.1014229100462163	-0.1797307228	0.1111306744	-0.0469269688	0.1114128149	-0.1161197311	0.2137607133	0.0200758721	-0.045508055	0.0416131035	-0.0981494698	-0.0236868273	-0.0371580927	-0.3324645739	0.0276188253	0.1478749632	0.0896632089	-0.0516855148	-0.0643200089	0.0229689062	0.0203719029	0.0777048047	-0.041143802	-0.0094226709	-0.0529545879	-0.1043227247	-0.098086908	-0.1392703985	-0.0609880705	0.1362753688	0.000391241	-0.0737806363	-0.0729618346	0.0791901092	0.0619219765	0.0934413415	-0.1063904502	-0.0432001809	0.1338193708	0.0435841194	-0.0250006459	0.0381032034	0.0190397443	0.0352945088	0.0549898838	0.0340526722	0.0525802877	-0.0336886849	-0.1068014383	0.0120390919	-0.0248804149	-0.1959323499	0.2122634707	-0.0391347567	0.0322130408	0.0813208168	-0.0301400278	0.0919899073	-0.0991348694	-0.1017659909	-0.0760239645	-0.0337171258	-0.1034383913	0.0122407395	-0.0004497229	-0.0650781021	0.0845966324	0.1762705394	-0.0546496478	-0.0269058183	-0.1493167719	0.0259069109	-0.1251082969	0.0211115021	0.0163429959	-0.0827359014	0.0480778156	0.0842550551	-0.0006169249	-0.0482106897	0.0455849547	0.0567953377	-0.1260522098	0.1194130187	0.0808633437	0.0264803823	-0.0486816235	-0.1613157511	-0.0679342468	-0.0709990098	-0.0074678658	0.0889723965	0.1062972637	0.072970296	0.0591667919	0.1941766234	-0.0814729742	0.1089004634	-0.0114348494	-0.0007324714	0.0671937791	-0.0283366714	0.0035151584	0.1347633281	0.02349581	0.073632128	-0.0573699759	-0.0751684601	0.1252819198	-0.0380191546	-0.0612757988612884	-0.0001587687061999	0.003754723526089	2.52075020683904e-08	0.0626997437617404	0.0984787835747766	0.0039312578677879	0.0096980708143676	-0.1154129488734625	0.0060402813047203	0.0133201487676684	3.648499824015473e-05	0.0003479346628706	-0.0005458546541908	2.979573035017578e-07	1.2105852962687806e-07	0.0009276505872199	0.0002126350212105	4.52136522452323e-08	8.605356119694254e-07	-0.0020151646929685	0.000188653675529	4.0608887397868295e-06	3.559020929063882e-08	0.0	0.0
5344.034090596258	7.3553349187377535	28558700.36145497	54.10095176680292	13410.67713154832	-22.692021618149735	179846261.12663308	514.9278451185751	5407.039682675908	8.827115689682614	29236078.130031984	77.91797139904098	6795.902482442653	7031.319272941717	1.01419	22.79682	0.0945511561943726	0.0509254532434747	-0.1750492674	0.1015556196	0.0586550323	0.0947698367	-0.0984171904	0.1589433742	0.0076338021	0.0522718825	-0.0790933651	-0.1503175812	0.0929062877	-0.0712557759	-0.1054350661	0.0274164755	0.1904200838	-0.0773392827	0.0403186975	-0.0003923182	0.0417347626	0.0025422249	0.0145168333	-0.0963184917	0.0040126578	-0.0033660304	0.0141127653	-0.0112184109	-0.0087271151	-0.0153708919	-0.036327385	-0.0320191459	0.0284782636	0.1576093819	-0.0025131428	0.0851521281	-0.162005808	0.069145794	0.0593447961	-0.043201054	0.1969252835	0.1067188452	-0.0415632846	-0.0806724804	-0.0390574021	0.1258806716	0.0368588724	-0.1168234584	-0.1052127943	0.0681624147	0.1330858204	-0.0328657746	-0.1433320507	0.1092126252	0.131414888	0.0955681512	0.1231604992	-0.0136786207	0.0596661752	-0.0449318877	0.0258816642	-0.0137692437	-0.020635823	-0.0022624978	-0.0205168755	-0.0644969521	-0.1562532604	0.0128335507	0.052161748	-0.0341931577	-0.0111953014	0.0765898641	-0.0401293722	-0.0713276446	0.1293878079	0.013953665	-0.0276583432	0.039687431	0.1468235093	-0.1679331072	0.0308318295	0.0299701642	0.0423118832	0.0423408258	0.1459678386	0.0802891484	0.0050246011	-0.0900494759	-0.1924934511	-0.075695196	0.0462923834	-0.0073551793	0.0327152854	0.0480455196	0.0436282336	0.0475562247	0.1979856698	-0.0482106399	0.0900733237	0.1269521584	-0.0027890791	0.0112891318	0.0449679287	0.008780086	-0.1422253529	0.0848655386	-0.0969286385	-0.0602218536	-0.0698872447	0.1265011483	-0.0500832437	-0.0588853393408896	0.0023904595203987	0.0034674831892917	5.714296718665251e-06	0.0342022186174943	-0.028497525144246	0.0011697917583588	0.0008121089393469	-0.0831961738704976	0.0322167750029648	0.00692160334669	0.0010379205915916	7.015283525214173e-05	-0.0002777818276184	7.716274375505087e-08	4.921420293914139e-09	0.0010089209911032	8.127040388329989e-05	6.604878547354686e-09	1.0179215662886632e-06	-0.002285040392002	-0.0002698756990335	5.221409593080655e-06	7.283289292882031e-08	0.0	0.0
5320.153240600829	-23.880849995428434	28304030.503475506	570.2949965041543	13487.299434296072	76.62230274775175	181907246.03036317	5870.977278368125	5404.200087131779	-2.8395955441292244	29205378.581755124	8.063302854238547	6807.855960407663	7068.602891861616	1.248229	28.057518	0.0820055345816774	0.0407651460580955	-0.0284331122	0.0730193208	0.0744091296	0.1212017501	-0.0057980197	0.0363601986	0.14941286	0.0143669559	-0.2258443914	-0.0426649386	0.1106960082	-0.0057910427	0.0737813648	-0.0519676865	0.0778212112	-0.0047113294	-0.0346695691	-0.0037975959	-0.0258035134	0.0201941361	-0.027637595	-0.0319108099	0.1226491955	-0.0232220252	0.1250166493	-0.0699703901	0.0026111833	-0.1500457083	-0.1495850232	-0.0127244754	-0.0762301094	0.0222484061	-0.0356941489	-0.1240601669	0.019042603	0.0454817937	0.0109403392	-0.0093871305	0.015303716	0.1031286416	0.0231537847	0.0300357662	-0.2625894496	-0.0853506203	0.021813243	0.0590296689	-0.1614927272	0.0073959398	-0.0564206188	0.0104660892	-0.0106203939	0.0354012715	0.1956958666	0.0504852058	-0.0239293684	-0.0902599903	-0.0140655956	-0.0590814301	-0.0772653539	0.1037470453	0.0138785363	-0.0411305	-0.108665893	-0.1357037739	-0.090360662	-0.0459050463	-0.0115108629	0.0638794483	0.0210663575	0.0455013553	-0.0317717079	-0.0268933622	-0.0287781852	-0.0456632701	-0.0286074862	-0.0840455592	-0.142818183	-0.0418222522	-0.0995091453	-0.0161668342	-0.0135453589	0.0849115882	0.0410523225	0.0151130847	0.0483828705	0.0465412586	-0.1765983278	-0.0321008298	0.1035750956	0.0332803003	-0.1848084081	-0.0720790888	0.0770338822	0.0214365751	0.0669852378	-0.046477348	-0.0044515677	0.0671496489	0.1262748477	-0.0349924099	-0.0931070424	0.1072427277	0.0560443295	-0.0709991358	-0.1151258113	-0.0630350779	-0.0644266298	0.1269899372	-0.0616334109	-0.0571709924094676	0.001714346931422	0.0032685223730834	2.938985401276029e-06	0.0119293013993484	-0.0222729172181459	0.0001423082318764	0.0004960828414063	-0.0954850540053442	-0.0122888801348465	0.0091173955384034	0.0001510165749686	0.0006338920798355	0.0005637392445833	3.178019358834155e-07	4.0181916887817605e-07	0.0008538394953419	-0.0001550814957612	2.4050270327562084e-08	7.290418838057105e-07	-0.0020892733264014	0.0001957670656006	4.36506303241237e-06	3.832474397386977e-08	0.0	0.0
5292.664115154869	-27.48912544595987	28012293.43584808	755.6520177837185	13473.856399118084	-13.44303517798835	181544806.2640553	180.71519479663223	5391.092560463763	-13.107526668015453	29063878.99548773	171.80725535273626	6801.9043288210605	6918.61550971516	1.233719	27.731365	0.0635714300702773	0.0366739369039813	0.1385012872	0.0057394168	0.0588639615	0.0233529352	0.1055408116	-0.0915170389	0.0965827	0.0351176817	-0.094993152	0.1480845026	-0.005822089	0.0734651925	0.1291768376	0.0545373146	-0.0750950877	-0.0754846071	-0.0257310154	0.0363094704	-0.0007200799	-0.0385568997	0.0395014497	-0.1022965179	-0.1958496884	0.0797879302	-0.0434739494	-0.1229122517	0.0590029544	0.0100238263	-0.1030012357	-0.0366635264	0.123131628	0.049490787	0.0493532242	-0.2226769448	-0.079026952	-0.0611704404	-0.0613686757	0.0688654245	-0.1408728267	0.0333488782	-0.0832501051	0.0178610536	-0.0648123725	-0.0217600699	0.1355008478	-0.1132045519	0.1066365825	-0.0718625321	-0.0115827888	0.120200985	0.1168112152	-0.0166926773	0.0633605592	-0.0325384603	-0.0850461641	-0.0349983064	-0.0870917719	0.0668098521	-0.0106834093	0.1039418084	0.1163909299	0.0032389128	-0.0316113363	-0.1057010121	-0.1244322546	0.0625889475	0.0171989814	-0.1593479461	0.0608204069	0.071546437	-0.1117643113	-0.0123972582	-0.0063958649	0.0778043566	0.2140003138	-0.0717212238	0.0492182036	-0.0175858808	0.0860901489	-0.0075313393	0.0453663995	0.0577262558	-0.1170336026	-0.0963370932	0.0443391819	0.0557229608	-0.0067037336	-0.0072836514	0.0459823851	-0.0423632464	-0.1352375732	-0.11039004	0.0858503351	0.0316605681	0.0265686537	0.1030469471	-0.0647659876	0.0575936627	-0.0183593117	0.0059878774	-0.1430737399	-0.0825946006	0.0658020444	0.0508314545	-0.0341784971	-0.0658078432	-0.0588006326	0.1267454643	-0.0725511359	-0.0570637407203094	0.0001072516891582	0.0032562705049946	1.1502924827288311e-08	-0.0205717528913282	-0.0325010542906766	0.0004231970170218	0.0010563185300055	-0.0953505913131067	0.0001344626922374	0.0090917352637591	1.808021560375433e-08	0.0008756669231581	0.0002417748433225	5.845507486366776e-08	7.667925603131737e-07	0.0006020317515391	-0.0002518077438028	6.340713983905656e-08	3.624422298612366e-07	-0.0022122639672401	-0.0001229906408387	4.894111860748906e-06	1.5126697733914142e-08	0.0	0.0
5287.679090515996	-4.985024638873256	27959550.16428007	24.850470650173435	13408.998614585564	-64.85778453251987	179801243.84595758	4206.532214466774	5380.621605293492	-10.470955170270829	28951088.85935112	109.64090217782136	6780.628309404089	6913.626065728385	1.191336	26.77869	0.0590964891685867	0.0349306401708685	0.0343275885	-0.0402898723	-0.0611326786	-0.1360882041	0.003192222	-0.0808199214	-0.0205707321	0.0396301003	0.0725711505	0.1309004596	-0.0966513894	0.0466350739	0.0037958261	0.0430982295	-0.1437901945	0.0473534815	0.084058716	-0.0692677272	-0.1278566317	-0.0296749944	-0.0214732702	0.0255889804	0.033633354	-0.0702211969	0.0688599853	-0.0564907051	-0.1022287994	-0.0577137769	-0.0245968238	0.0352716688	-0.1192170419	-0.0573013337	-0.0489646061	0.0487744425	-0.0395214508	0.0900672875	0.0885975477	0.0522568796	-0.0498948365	0.0676574912	-0.0668431207	-0.055742727	0.0468313289	0.0053155838	0.0050484201	0.0179139403	0.0469409908	0.0191587709	-0.0836701345	0.1956349531	0.0641201019	-0.019331031	-0.1286857872	-0.1102033452	-0.0150511184	0.0472702202	-0.0622866483	0.0236810299	-0.0916839227	0.1210633178	0.071037142	-0.0541661136	-0.0739121519	0.0008887831	-0.0353315675	-0.0556394766	0.0870333228	0.0086674407	0.1724983516	0.047049029	0.0212754503	-0.0068978626	-0.0018278191	0.1029920885	-0.0565521402	-0.0539614578	-0.0248324856	0.0481043729	-0.0258774315	-0.0494090592	-0.097567883	-0.0867747447	-0.0869636761	-0.0061760846	-0.0218530621	-0.0410860909	0.1331592146	0.0119911897	-0.0937272139	-0.0792028231	-0.0791095807	-0.0391233519	0.0042707422	-0.00339949	-0.0273559417	0.047705392	-0.0652732313	-0.0793770719	0.1316925502	-0.0599711568	0.0157948252	0.1759393179	0.0303434656	0.1561776286	0.1390269871	-0.0685383697	-0.053023695	0.1257691411	-0.082724388	-0.0659446561990364	-0.008880915478727	0.0043486976812091	7.887065974029292e-05	-0.015399052619955	0.0051727002713732	0.0002371308215921	2.6756828097464382e-05	-0.1213354064563532	-0.0259848151432464	0.0147222808599284	0.0006752106180286	0.0011741390176267	0.0002984720944686	8.908559117647294e-08	1.3786024327133925e-06	0.0006017505316888	-2.812198502999451e-07	7.908460420272355e-14	3.621037023877536e-07	-0.0021298561160542	8.240785118590003e-05	4.536287075093482e-06	6.7910539370774446e-09	0.0	0.0
5291.532212038902	3.8531215229058944	28000313.151045315	14.846545470280638	13354.12356901822	-54.87504556734348	178332616.29660794	3011.270626018023	5375.173459768516	-5.448145524976098	28892489.72259984	29.682289661317085	6768.87903455369	6836.372465733932	1.194118	26.841209	0.1280696789442774	0.0657923294886222	-0.095471545	-0.0774997591	-0.1178472173	-0.0397869643	-0.1136464392	-0.0239759754	-0.0993768879	-0.0587319575	0.095661325	-0.0373595273	-0.1504283992	-0.0661212825	-0.1268729308	0.0193489721	-0.0521848964	-0.0392531105	0.012187855	-0.0297761948	0.1619515305	0.0108795897	0.0702583294	0.1656721708	0.0787089667	-0.0079733858	0.1141592592	0.0736321001	0.0212401334	-0.0119232368	0.1467881341	-0.1178554606	0.0723885698	0.121934559	-0.0902601455	0.1079160992	-0.0115281339	0.2130965921	-0.1578116208	-0.106206348	-0.0232901713	-0.0125152621	-0.0495195711	-0.1481230564	0.0323617793	0.1654549703	0.0221155247	-0.0490701781	0.0275779829	-0.0547065411	-0.0579439468	-0.0261002878	-0.0792238588	-0.0317611497	-0.1863764259	-0.0084736963	0.0796471004	-0.0023262528	0.1133412056	-0.006646295	-0.0395083496	-0.0290657625	-0.1191328384	0.0560101829	0.0651828875	0.0232345573	0.0388692087	0.0795736137	-0.0469652496	0.112073729	0.0230330898	-0.0044503313	0.0116536994	-0.172057965	0.0486124403	-0.2024304467	0.1347324503	0.175891492	-0.0735522546	-0.0504227821	-0.0357555422	-0.1509861056	-0.0655310952	-0.0938140799	0.0919525346	0.0926492358	-0.0687016962	-0.024555803	0.0542110151	0.0147956175	-0.092436766	0.0489256719	0.1100257322	0.0572466179	0.0742316042	0.1366897463	-0.1219829745	-0.0176616226	0.2362174654	-0.051195782	-0.0250502731	-0.0396205959	-0.0055709724	0.0528473485	0.1269817294	-0.0405036876	-0.003307573	-0.071224905	-0.0471106464	0.1240666051	-0.092048776	-0.0703272113383803	-0.0043825551393438	0.0049459166546332	1.9206789549389575e-05	0.0332029263940825	0.0486019790140375	0.0011024343211308	0.0023621523640809	-0.0954417187751772	0.025893687681176	0.00910912168276	0.0006704830617302	0.0005461955560277	-0.000627943461599	3.943129909649349e-07	2.983295854244084e-07	0.0007309806502346	0.0001292301185457	1.6700423539361507e-08	5.343327110173986e-07	-0.0019032005540046	0.0002266555620495	3.6221723487634167e-06	5.1372743808020026e-08	0.0	0.0
5317.572143249065	26.03993121016356	28276573.49865846	678.0780174300502	13379.878145609817	25.75457659159656	179021139.19136718	663.2982154124135	5399.0987023733815	23.92524260486516	29150266.79796993	572.417233701655	6789.308676861702	6874.993464265678	1.119635	25.167002	0.0380481916578564	0.0196283935168184	-0.1105728	-0.0210437601	-0.0236134525	0.0722162127	-0.1017946796	0.0341389277	-0.0507283089	-0.0406851909	-0.0020044291	-0.1127760594	0.0401334899	-0.1178565927	-0.1526665536	-0.0011103291	0.0992882845	-0.1392640357	-0.0975655954	-0.0206413603	0.052194717	-0.0202408098	0.1365261232	0.0009168131	0.1210011095	0.1186442052	-0.0585199831	-0.0185716823	-0.0571968188	0.0754800119	0.0369786344	-0.0397520227	0.0659708585	0.0660701495	0.0370170883	-0.0160110559	-0.1653129818	-0.0221082205	-0.0974304385	0.0869562304	0.0010740078	-0.0758583798	-0.0306588119	0.1494570864	-0.0408299062	-0.149425501	-0.0884282692	0.0106305304	0.1538292951	0.0823860673	0.0264831002	-0.0760445088	-0.1437621713	0.01799745	0.0259119573	0.0710233528	0.0867176727	-0.0628570231	0.1530010679	0.0489049626	-0.0135177611	-0.0920393467	-0.2365383048	-0.0165481215	0.0135448644	0.0558586404	-0.1127003576	0.0700981945	-0.1156340809	0.0120959002	0.0168890646	-0.0246045526	0.047540506	0.0455311519	0.0427848866	-0.0297407475	0.0443904725	0.0019118241	0.1713939879	0.0084557802	0.0233027568	0.0218476291	-0.0453792763	0.0190438932	0.1456172437	0.0795806076	-0.0365003834	-0.0002402207	-0.0671179798	-0.0296606144	0.0163897575	0.1239371382	0.1220008382	0.0253837459	-0.0491373648	0.1137155342	0.0686232374	0.0567815476	0.1529426796	0.1203692672	0.0385373429	0.0292845651	0.1239267627	0.0906132617	-0.0790412333	-0.0388454282	0.0089073529	-0.0738657246	-0.0410766654	0.1216476871	-0.100428619	-0.0644113446013534	0.0059158667370268	0.0041488213133542	3.499747925026118e-05	0.0413581525576063	0.0081552261635237	0.0017104967829782	6.6507713778223e-05	-0.0863538699123864	0.0090878488627907	0.0074569908488453	8.25889969529279e-05	0.0002917371820117	-0.0002544583740159	6.474906410686653e-08	8.511058336812778e-08	0.0007742244358812	4.324378564659996e-05	1.870024997049085e-09	5.994234771155623e-07	-0.0019031177157769	8.283822770013134e-08	3.621857040103885e-06	6.8621719684988045e-15	0.0	0.0
5319.435824386567	1.8636811375017717	28296397.4897672	3.4733073822798968	13467.21361029638	87.33546468656277	181365842.42535204	7627.483392017853	5406.163799839919	7.065097466537736	29226607.030699592	49.915602211677935	6811.458338116585	7000.188691577876	1.059193	23.808382	0.1242630066738637	0.0690543293163656	-0.025729309	0.0196416554	0.0372263165	0.1186148501	-0.0496326753	0.0095211912	0.1158771918	-0.0339601048	-0.1917928897	-0.069433937	0.1513786835	-0.1040566449	-0.003730907	-0.0364184391	0.0416356111	0.0450409863	-0.025549835	0.0722017556	0.0589832579	-0.1414416344	0.169236654	0.0501395753	0.0706765836	-0.0087384066	-0.1804133492	-0.1643066122	0.0492916528	0.1299311332	-0.0537557896	-0.1067000481	-0.0490746412	0.0582544068	-0.0110471643	-0.0826696384	0.0393358841	0.041876018	-0.0030669909	0.0588980385	0.0892670281	0.0195082533	0.0632126189	0.014492878	-0.0009068036	-0.0219774827	0.0766965028	0.126832196	-0.0364637303	-0.0541252822	-0.1390517839	-0.0424522661	-0.0651275092	-0.0517665123	0.1584228178	0.0330470606	0.005712287	-0.1386473757	0.0843006845	-0.0246303934	0.0590343499	0.1482193503	-0.1285870463	-0.03900629	-0.034341728	0.0919077984	0.0694205453	0.0186481135	0.0913385878	0.1207981327	0.031480133	0.0076680163	-0.002976285	0.188094325	-0.0497720166	-0.0962996095	0.2486646627	-0.1043177464	0.1822415371	0.054109193	-0.087618747	0.0634620737	-0.0097131302	0.0991054737	0.1005339952	0.0327250489	0.0023164549	0.0671428184	-0.1100824092	0.0067716721	0.1397121211	0.086939552	-0.0915064791	-0.010382595	-0.0735280446	-0.0261043414	-0.0446558396	-0.0368032297	0.0984483459	0.0237215729	0.0740877929	-0.1055532033	0.0889100985	0.1416869563	-0.113971992	-0.1555257186	-0.0907376878	-0.0764591335	-0.0349372413	0.1185263543	-0.1077779285	-0.0524475632961269	0.0119637813052265	0.0027507468957012	0.0001431320631192	-0.0221229796946147	-0.0634811322522209	0.0004894262305683	0.0040298541520239	-0.0787076584731352	0.0076462114392512	0.0061948955023236	5.846454937373599e-05	0.0006172108875552	0.0003254737055435	1.0593313300021695e-07	3.809492797166777e-07	0.0012719130951515	0.0004976886592703	2.476940015662687e-07	1.6177629216178685e-06	-0.0019033929845064	-2.752687295001256e-07	3.622904853468181e-06	7.577287344061333e-14	0.0	0.0
5298.790032824845	-20.645791561722035	28077175.811963923	426.2487092100728	13506.523024049524	39.30941375314433	182426164.1991799	1545.2300096158924	5400.02698487909	-6.136814960828815	29160291.43742236	37.66049786345237	6813.897990514877	6934.856860169707	1.070364	24.059484	0.0618555636071021	0.0350327193736817	0.1073467631	-0.0229745584	0.0814578597	0.0957464417	0.0784330227	-0.0595480672	0.1459710923	-0.0245327061	-0.1527744591	0.0381597661	0.0832104423	0.0199348152	0.2286497004	-0.0083502798	0.0705127354	-0.026843707	-0.1927617414	-0.0180182183	-0.0658579233	-0.060154153	0.0706656732	0.2358659565	0.0223926978	0.0266774867	-0.0545565197	0.1497669875	0.0776511874	-0.0746419109	-0.0618203248	-0.0143313406	0.1266050806	-0.2194356289	0.1629106881	-0.0330874244	0.0144521234	-0.0096557052	0.2166416292	0.0177198283	-0.1074073208	-0.0046875706	-0.0199296922	-0.0475783865	-0.1021874119	0.0728614637	0.0395816559	-0.12377183	0.1045876788	-0.1176819719	-0.102666493	-0.0794007229	0.082433264	-0.0642780075	0.1523459944	0.0534853749	-0.1113551263	-0.1175833903	-0.0574213925	0.0583165427	0.047731781	0.0887651234	-0.0696262358	-0.1352859188	-0.0521175941	0.0513946414	0.1624940698	0.0246782682	-0.0942821298	-0.0308963421	-0.1029843804	-0.0966995608	-0.0010594143	0.0319616173	-0.1726607995	0.126363488	0.0346039042	0.2490143136	-0.1518812531	-0.0697669607	-0.0616267182	-0.0073076272	0.0361069819	0.1237529914	-0.0214837011	-0.0423745915	0.0605667497	0.1184933308	-0.0515241629	0.1147015178	0.1218471949	0.0623411955	-0.0797817432	-0.0423296646	-0.0250083597	-0.0054864454	-0.0858838476	0.0236034782	0.1322814987	0.005181453	0.05562408	0.0324848686	-0.0116400996	0.0533421781	0.0230755777	0.007498054	0.0358165513	-0.0790034671	-0.0287081337	0.1147206298	-0.1140212905	-0.0703058021517506	-0.0178582388556236	0.004942905816201	0.0003189166950245	-0.023717685681845	-0.0015947059872302	0.0005625286141027	2.5430871857081634e-06	-0.0619802843663421	0.0167273741067931	0.0038415556501326	0.0002798050445086	0.0002203215215304	-0.0003968893660248	1.5752116886356766e-07	4.854157284947051e-08	0.0013882921974572	0.0001163791023057	1.3544095453480624e-08	1.927355225520541e-06	-0.0019031565596878	2.3642481860003221e-07	3.622004890682703e-06	5.5896694850058137e-14	0.0	0.0
5284.973261266235	-13.816771558610526	27930942.37229906	190.90317630282877	13462.83054926624	-43.692474783283615	181247806.39825636	1909.032352687875	5389.503937416888	-10.523047462202156	29046752.69143214	110.73452789175929	6796.219465929396	6864.765704476412	0.950974	21.375868	0.1273701717584499	0.0650716495688647	0.1579040683	-0.0363774701	0.0459892102	0.0058153967	0.1290840995	-0.1318672529	0.0620591162	-0.0159022847	-0.0283638401	0.0424451809	-0.0231559637	0.0575327607	0.1859712353	0.0368440401	-0.047219538	-0.0847325234	-0.0230711901	0.0454808568	-0.0377094897	-0.0379186577	-0.2139144859	0.0165483563	0.0215077024	-0.0624438453	-0.1069710166	0.0139997272	0.0817960589	0.1015596923	-0.0731299043	0.1119285557	-0.0247914428	0.0794276239	-0.0211899158	0.2032718307	-0.0269373216	0.0683373254	-0.0132542205	0.0284936786	0.1008845273	-0.0147144783	0.026762043	0.1342437724	-0.1483018582	-0.0521967524	-0.0317927505	-0.1046468346	0.0862730031	-0.1810506811	0.1593843139	-0.000991113	0.1314856836	-0.0554276728	0.0345618351	0.0086618496	-0.1168163191	-0.0115064921	-0.0791816086	0.1409192149	0.0407973602	-0.0135564622	0.1279450087	-0.0300811199	0.0630399288	-0.1499642814	-0.0968301514	-0.0209475404	-0.015606973	0.1502402016	-0.0891346949	0.013274698	-0.0348387397	-0.0330418007	0.0108033705	-0.0243927797	0.0170486504	-0.0222747996	0.045555592	0.0256606371	0.0255493228	0.1943831964	-0.0397018379	0.0747133157	-0.123163671	-0.0713970658	0.0139077181	0.0841234269	0.0670081436	0.0939223696	0.0407987493	0.011699155	-0.0831554881	-0.0545978514	0.0243264018	0.0540178316	0.0402003914	0.2138768076	0.0470247895	0.1088333134	0.1045086445	0.0822402983	0.030478108	-0.0462136907	0.0522704838	-0.0256899732	0.0589577457	-0.0814970925	-0.0224053327	0.1102524885	-0.1190946399	-0.0574179699216017	0.0128878322301489	0.0032968232699179	0.0001660962195924	-0.003168642614213	0.020549043067632	1.0040296016606594e-05	0.0004222631709953	-0.0882537629255111	-0.026273478559169	0.0077887266705123	0.0006902956755991	0.0010801542152129	0.0008598326936825	7.39312261125304e-07	1.166733128642196e-06	0.0010958648400434	-0.0002924273574138	8.551375936401833e-08	1.200919747643347e-06	-0.0021040928666215	-0.0002009363069336	4.427206791367481e-06	4.0375399444154055e-08	0.0	0.0
5280.424878307999	-4.548382958235379	27882886.89545405	20.68778753476602	13435.790499752517	-27.04004951372372	180520466.35324	731.1642777046302	5388.203785602524	-1.3001518143646535	29032740.03518137	1.6903947403957005	6794.013182035405	6836.874479865673	0.79984	17.978691	0.0665898393546465	0.0298447779786906	0.1690548738	-0.0418314377	0.0301668152	-0.0440744141	0.1146651057	-0.1412007702	0.0196608061	-0.0300115537	0.006741182	0.0929934848	-0.0478023062	0.0755702503	0.1127435503	-0.0591322281	-0.1049702689	-0.1175655475	-0.0298566111	0.0106265339	-0.0465330756	0.0383184901	-0.1117009848	-0.1332814237	0.0373820159	0.0423827846	-0.0092024107	0.0317874123	0.1459856209	-0.0557233917	0.2085281066	-0.0546108858	-0.1475793888	0.121530646	-0.0653394041	-0.0271736557	0.0457541715	0.0174575261	0.1122425719	0.0303956367	0.024060445	-0.111046565	-0.0302550902	0.0622340913	0.1871198969	-0.1211232012	-0.0715320376	-0.0298130453	-0.1816499916	-0.0395428865	0.0012441166	0.0559354411	0.1474801102	-0.0658171203	-0.0299761959	-0.0152610659	-0.1020808067	-0.0065474147	-0.0210248353	0.1626792978	0.0229461822	-0.0699560434	-0.0095581323	-0.0323404681	-0.0102690798	0.0319464478	-0.0602568186	0.0965641716	-0.0613374685	0.0206921308	-0.1257308943	0.1058323649	-0.0076645593	0.1102215674	0.0136645008	0.0861394219	-0.1465839252	-0.0459134939	0.0272777826	0.1342867155	0.0994433129	0.0108519769	0.0112209905	0.0342674463	-0.1415166116	-0.0758884695	0.0156053308	0.0673350845	0.1081908582	0.124576338	0.0178827869	-0.0153407656	0.0063188635	-0.0305893691	-0.0341687598	0.0546319469	0.0091953214	0.1743963918	-0.0270043601	0.024016589	0.0185785204	0.0917312134	0.0999146188	-0.0276166631	-0.07973708	-0.0425718079	0.066202444	-0.0839384089	-0.0160450176	0.1051477302	-0.122945917	-0.0659108080150758	-0.0084928380934741	0.0043442346132001	7.212829888196488e-05	-0.0131953789493053	-0.0100267363350922	0.0001741180256157	0.0001005354415334	-0.080477767080886	0.0077759958446251	0.0064766709943253	6.046611137562682e-05	0.0007372943911601	-0.0003428598240528	1.1755285894951705e-07	5.436030192361425e-07	0.0013588001509179	0.0002629353108744	6.913497770466992e-08	1.846337850134508e-06	-0.0019040026199197	0.0002000902467018	3.625225976661081e-06	4.00361068251872e-08	0.0	0.0
5286.565337755639	6.1404594476398415	27947773.070359398	37.70524222810939	13443.934809854583	8.144310102066811	180739383.1716198	66.32978703862752	5387.575813907479	-0.6279716950448346	29025973.150600832	0.3943484497774828	6791.554881448948	6823.199460759509	0.830735	18.673147	0.0639122488547263	0.0295174419320829	0.1589918365	-0.0030823455	-0.045372755	-0.0187706508	0.1001256347	-0.1035906299	0.0409911659	-0.0454950724	0.0730300887	0.1232368101	-0.0567405818	0.1348273797	0.0974763671	-0.039166779	-0.1037927101	-0.0923339601	-0.0336273273	0.0846621827	-0.0458099186	-0.0041591015	-0.0191806162	0.0229550357	0.000369822	0.066820817	0.0099968479	0.0863368127	0.0466548282	-0.0981681262	0.0439660913	-0.1112701528	0.0115444337	0.1716278222	0.1330254214	0.1215902544	-0.0095601683	-0.0889775791	-0.0271175662	0.0057437519	0.1501163557	0.0254329007	0.0148761169	0.0395609831	-0.0898293776	-0.0502867911	0.0398004443	0.0840925468	0.0391195138	-0.0560337892	0.0724019141	-0.0244633603	0.1167823621	-0.0550312633	-0.0618657087	-0.0863365526	-0.1150744309	-0.0229101426	-0.0283552875	0.1764500432	0.0861928436	-0.0227308613	0.0323277475	0.077558347	-0.0600569163	-0.0078856581	0.055889572	0.1979747364	-0.1258287745	0.0290270088	-0.0437342634	0.1125919366	0.0254263656	0.001567297	0.0452819197	-0.0128941717	-0.0155523225	-0.0315719114	0.1117466429	-0.0799018667	-0.0402231115	-0.0211043259	0.2147625496	-0.0462569133	-0.1296881534	-0.0807611386	0.01696565	0.0875591612	0.1161609285	0.1580012302	0.0193145556	-0.030272643	0.0029493232	0.0575536511	-0.0558749985	0.1102412319	-0.0505629031	0.1379049129	0.0635874843	-0.0399256746	-0.0112643374	0.011152456	0.1314253745	-0.0577228803	-0.1268778508	-0.0035986271	-0.0334620181	-0.0863258496	-0.0096435152	0.0994358308	-0.1255356027	-0.0531306470338392	0.0127801609812366	0.0028228656542344	0.0001633325147063	-0.0305012502860648	-0.0173058713367595	0.0009303262690131	0.0002994931827244	-0.0942224715619062	-0.0137447044810202	0.0088778741472342	0.0001889169012705	0.0004981395892633	-0.0002391548018967	5.719501927029762e-08	2.481430503914093e-07	0.0011970270721197	-0.0001617730787982	2.6170529023848625e-08	1.4328738113874615e-06	-0.0019033002595005	7.023604191999048e-07	3.6225518778146704e-06	4.93310158458666e-13	0.0	0.0
5283.622616053938	-2.9427217017009752	27916667.94887666	8.659611013661884	13413.376823111756	-30.55798674282778	179918677.79879162	933.7905537748384	5391.720670151336	4.144856243857248	29070651.784937173	17.179833282242416	6799.12676294205	6862.751862964595	0.939908	21.127125	0.146804303191004	0.0792151575669823	0.1461658285	0.0147497352	-0.1449846964	-0.051974478	-0.0082656671	-0.1166048518	0.0388707931	-0.0442744237	0.1208940205	0.0925845911	0.0109883901	0.0383724401	0.0346665681	-0.0596061688	-0.1547785738	0.0063425567	-0.1326492422	0.0630627176	-0.0814695691	-0.0185176914	-0.0192421895	0.0360694328	0.0335690913	0.0985912638	0.1500241689	0.0108357034	-0.0190161688	-0.0119278697	0.0454892657	0.1009150878	0.0780532444	-0.0101118617	0.1313605562	-0.1114332419	-0.0514068414	-0.123531625	-0.1716624055	-0.0162957813	-0.0560075583	-0.0352365217	0.042540994	-0.0888124633	0.0943503499	0.0276658212	0.0692404065	-0.0919994422	-0.0019472489	0.106310399	0.0410122374	-0.0885366722	0.0107039507	-0.0926276641	-0.0546410494	-0.1384509456	-0.1413214989	0.0223769661	0.0029807407	0.0365356544	-0.0420454483	-0.1496754409	-0.1040804356	-0.0493288848	-0.0688112914	-0.0393437412	0.0256423837	-0.030645333	-0.1174495648	-0.0071583563	0.0682629307	-0.1032700093	0.0508449832	-0.0834053465	0.0423684972	0.0978295124	-0.0021198954	-0.1068041371	-0.0287735056	-0.0985605064	0.2203176096	-0.1254291548	0.0190002177	-0.1266094753	-0.0531625649	-0.0987362467	-0.0477943019	0.1127506979	0.1298673325	0.053032448	-0.0933863097	-0.0406828637	-0.0407976106	-0.0418111146	0.0079057098	0.0300820285	0.1088232672	0.0589658528	-0.0642430579	0.0043539349	-0.0427977792	0.0308614206	0.1019440343	-0.036684017	-0.1360967031	0.0498686783	-0.0356360597	-0.088657882	-0.0032172579	0.0931497716	-0.1268371232	-0.0607848721781749	-0.0076542251443357	0.003694800685717	5.8587162560180926e-05	0.0305413769541047	0.0610426272401695	0.0009327757062527	0.0037262023403822	-0.11605859507371	-0.0218361235118037	0.0134695974904833	0.0004768162900227	0.0009760897770353	0.000477950187772	2.2843638199129007e-07	9.527512528328216e-07	0.0006020464900635	-0.0005949805820562	3.540018930239345e-07	3.624599761977801e-07	-0.0019557960355662	-5.249577606569983e-05	3.825138132736464e-06	2.755806504740102e-09	0.0	0.0
5276.705259639136	-6.917356414802271	27843618.39710332	47.849819769406125	13374.824562386291	-38.55226072546429	178885932.07461163	1486.2768070441766	5388.759526904703	-2.9611432466326733	29038729.238806203	8.76836932707829	6787.887930622506	6883.880694341393	1.03862	23.345964	0.0324123271651626	0.0159188863783342	0.0758162582	-0.0478051609	-0.149619535	-0.1599853407	-0.0730315539	-0.1183532551	-0.0291643789	-0.0657195298	0.1581273853	-0.0104712745	-0.0023730249	-0.1162123743	0.0180692338	-0.0815470613	-0.2015856193	0.0406522989	0.0612708187	-0.0927366917	-0.0102659078	0.1202219414	-0.1068094331	-0.0161542755	-0.0801170228	-0.0205717171	-0.0130537069	-0.1238746634	0.0596458736	-0.0558248475	0.1039550306	0.1043988336	0.0373676315	-0.0608644975	-0.0245736964	0.020709862	-0.017605493	-0.0311917325	-0.0041476529	-0.0416265587	-0.168346209	0.1041775261	0.0615961405	0.1314130307	0.0491206786	0.0177298692	0.1040972254	0.0654187477	-0.0666020235	0.1311869181	-0.0641682518	-0.0821999143	-0.0641675005	-0.1528210581	-0.0838115136	-0.0515287972	-0.0750397198	0.1463186442	0.0197889575	-0.0782939166	-0.0541515682	-0.083178513	-0.0198766598	0.03374118	0.0584483628	0.0300982083	0.0088147358	-0.089209158	0.0305243143	-0.0175726175	-0.0515273741	0.0261868198	0.1727351442	0.0316119635	-0.1005545037	0.1539998171	0.093033663	-0.0520776713	-0.078322634	0.2103213649	0.0938203434	0.0769745124	-0.0028322299	-0.0575929172	0.0556144278	-0.080112735	-0.1324252918	0.0152960481	0.1582708529	-0.0515812041	-0.1098737176	-0.016538966	-0.0427467296	-0.0343401973	0.0545718726	-0.0173553318	-0.0907798031	-0.121225386	0.0003032211	-0.0104015647	0.0891103816	0.0452521534	0.0811269696	-0.0455112796	-0.1433713833	-0.1147524507	0.1085901065	-0.0909330095	0.0032172579	0.0863258496	-0.1268371232	-0.0702940320073963	-0.0095091598292213	0.0049412509358568	9.042412065767789e-05	0.0359506158562936	0.0054092389021888	0.0012924467804467	2.9259865500953745e-05	-0.1120446813568776	0.0040139137168323	0.0125540106203642	1.6111503326175235e-05	0.0011930713873654	0.00021698161033	4.7081019221443323e-08	1.42341933535e-06	0.0006018645424468	-1.8194761670009205e-07	3.3104935222843614e-14	3.622409274546959e-07	-0.0019033592991746	5.2436736391599714e-05	3.6227766217544248e-06	2.7496113234021182e-09	0.0	0.0
5281.617924768313	4.912665129177185	27895487.90323394	24.13427867143349	13335.333520758642	-39.49104162764888	177831120.1098691	1559.542368836697	5385.973206413332	-2.7863204913710438	29008707.380202312	7.763581880634172	6782.695907787566	6824.469395926989	1.060221	23.831493	0.0731475050401778	0.0384738852346804	-0.0138752945	-0.1093980509	-0.016908525	-0.1229940288	-0.0429721956	-0.0431344106	-0.1309779287	0.0078376649	0.0900235861	-0.0802052903	-0.0306038826	-0.103426753	0.0054285571	-0.0255911742	0.0044986165	0.1155597379	0.1081339994	-0.0833646659	0.0768197544	0.048243852	-0.0254336924	-0.0211252942	-0.0416426941	-0.0900265651	0.0185502241	-0.0642520367	0.099807364	-0.1515542679	0.0365509525	-0.1403894409	-0.0093509245	-0.1447157242	0.0754489512	-0.0795498219	0.1367942099	-0.0531940352	-0.0648650551	0.034167383	0.1180272299	0.0946888043	0.0125901267	0.0288289403	0.1120853881	-0.0227225525	0.0035300796	-0.079308688	-0.0170220795	0.1045972772	0.1349114147	-0.1587146929	-0.0466890162	-0.1096767645	-0.0673291972	0.0499773028	0.0755218644	0.1638621907	0.0483969624	-0.1099333467	-0.0036696967	-0.0161804638	0.0202400559	0.0359299281	-0.0320834088	0.1468506747	0.1102909816	-0.0492821232	0.0151680956	-0.0017612607	-0.1063997958	0.0350610989	0.0125321175	-0.0573593182	-0.1005004958	-0.0113453819	0.0894748507	-0.1345121121	-0.1106058757	-0.044432002	-0.0218798195	-0.1014162696	0.0579524388	0.0659140994	0.0678428058	-0.0143632112	-0.1321423617	-0.0772797286	0.1256522423	-0.135729976	-0.0569805592	0.0767003144	0.0387156435	-0.0279501484	-0.0514454608	-0.160834455	-0.1580860535	-0.0632972432	0.0725733671	0.0270159715	0.0385730724	-0.0697308869	-0.0573865703	-0.0804325273	-0.0882542567	-0.0055273221	-0.1351873168	-0.0931497716	0.0096435152	0.0790034671	-0.1255356027	-0.0668501278012598	0.0034439042061364	0.0044689395870447	1.1860476181044638e-05	0.0174689113753174	-0.0184817044809761	0.0003051628646386	0.0003415734005221	-0.0969170308481324	0.0151276505087452	0.0093929108684178	0.0002288458099147	0.0008876996295834	-0.0003053717577819	9.325191045086845e-08	7.880106323625056e-07	0.0006019709445941	1.064021473000951e-07	1.1321416950071136e-14	3.6236901813551306e-07	-0.0023197660561317	-0.000416406756957	5.381314555180821e-06	1.7339458723952925e-07	0.0	0.0
5312.125680703986	30.50775593567323	28218679.24759479	930.7231722306052	13376.476015900913	41.14249514227049	178930110.60397235	1692.704906531751	5385.428151062746	-0.5450553505861535	29002836.37025911	0.2970853352025947	6779.496255493164	6803.288686201781	1.237506	27.81649	0.0397579798721283	0.0239253483454474	-0.0978204355	-0.0572895273	0.1303738994	-0.0212694215	0.1134191322	0.1078523508	-0.1096974633	0.0947084465	0.0732947293	-0.0778606245	-0.0479729115	0.0942404372	-0.0214659936	0.0040234967	0.1039222398	0.0519247702	0.0183020263	-0.0361347353	0.1538141061	0.0200750835	-0.1372382978	0.1550774801	0.1344370726	-0.0830253908	0.1785971535	0.1134955361	0.0353157364	0.1985853684	-0.130297279	-0.1577262233	0.0503955153	-0.0937137208	-0.1154704827	-0.0348840433	0.0737935378	-0.0338307833	-0.0317964549	0.0136157435	0.0761751388	-0.1373860822	0.0784319665	-0.0407923269	0.0010989372	-0.0907684356	0.1047117126	0.029104405	-0.0979022659	0.0588449425	0.0093766018	0.169415005	0.097908612	0.0765023132	-0.0120571167	0.0623167885	0.1379711813	0.0581388079	0.0687881465	-0.0334360581	-0.0176112574	-0.0525943797	0.0175317001	0.1089904329	0.1550969336	-0.1004430901	0.158972883	-0.1310949063	-0.1788608874	0.1161970679	0.0479306685	-0.0669057426	0.0168097762	0.0150721201	0.0103634912	-0.2129054018	0.0365319266	-0.0354416253	-0.2451765881	-0.0797922352	0.0363831287	0.0340387244	0.0257878125	0.0690491092	-0.0917885604	0.0997189333	-0.0513765915	-0.0952753066	-0.0152008872	-0.100220468	-0.0582776592	0.0044268786	0.1108583186	0.1227747467	0.0286460436	-0.0572447462	-0.1028704241	0.1151076086	0.0087703762	0.0788496739	-0.0558231824	0.0250954496	-0.0722579807	-0.1429591665	0.0444085619	-0.1018768538	-0.1097721149	-0.0953067456	0.0160450176	0.071224905	-0.122945917	-0.0699960307868394	-0.0031459029855795	0.0048994443259121	9.896705594678617e-06	0.0183696820777043	0.0009007707023869	0.0003374452196359	8.113878582785906e-07	-0.1085020119443243	-0.0115849810961918	0.0117726865959662	0.0001342117869991	0.0007991484912559	-8.855113832750003e-05	7.841304099096045e-09	6.386383110765812e-07	0.0009915752762028	0.0003896043316086	1.517915352082618e-07	9.83221528376659e-07	-0.0023153950243085	4.371031823199867e-06	5.36105411859256e-06	1.9105919199425952e-11	0.0	0.0
5329.777238717664	17.65155801367746	28406525.414352883	311.5775003102209	13409.614199285636	33.13818338472265	179817752.97368294	1098.1391980395083	5398.839572281886	13.411421219139813	29147468.727236856	179.86621911719357	6776.565413324884	6927.510666746001	1.109078	24.92971	0.0426345448975908	0.0321210454488124	-0.1412590237	0.0598286412	0.0453477898	0.0916055801	0.0217645965	0.2279925528	0.0102917117	0.0450658338	0.0431114543	-0.0038255386	0.058048922	0.118696287	-0.1574865301	0.0560207884	0.0247684136	0.0334481137	-0.0928264546	-0.0259911876	-0.043087966	-0.012577928	0.025480159	-0.0727511016	-0.0277882135	-0.0429801592	0.2117804254	0.2017793585	-0.0455143978	0.1661611021	-0.0418804626	0.0190561683	0.0746157606	0.0499716761	-0.1198766092	0.0408281373	0.187284817	-0.0295152863	0.1093290136	0.0749560913	-0.0722704901	0.0526443106	0.0942096174	0.0446175786	-0.0347974558	-0.0024169288	0.0954353176	-0.0329902283	-0.0631553903	0.0001124222	0.0567301009	0.0444684834	0.0119425748	0.1930138119	0.015958032	-0.0786700457	0.0871405503	-0.0540607296	0.001810796	-0.0080894599	-0.009084834	-0.0774967426	0.0595826706	0.0928308671	0.0672599777	-0.0483098667	0.162362934	-0.0436682198	-0.1726516141	-0.0378843486	0.1437297497	-0.1050046343	-0.0943190447	-0.0013848219	-0.0022018492	0.0282852061	-0.0650696526	-0.034594413	-0.0113723277	0.1468912073	0.0749815181	0.0790145123	0.0800719926	-0.0859841252	-0.0995951676	0.135894806	0.0230267163	-0.0140241989	-0.0880838892	-0.0975521911	-0.0791536814	-0.1123276971	-0.0232638332	0.1054046604	-0.0142199292	-0.092996087	0.0544740912	0.0754599928	-0.1242529312	0.1624807017	-0.013644516	0.1414563454	-0.0419182245	0.0646842495	-0.0837564502	-0.0236236303	0.1586294377	-0.0974025471	0.0224053327	0.0630350779	-0.1190946399	-0.0700548285029754	-5.879771613599705e-05	0.0049076789965812	3.4571714228092874e-09	0.0181795925763452	-0.0001900895013591	0.0003304975862419	3.613401852695166e-08	-0.133161721346525	-0.0246597094022007	0.0177320440319695	0.0006081012678009	0.0010966441007508	0.0002974956094949	8.850363766874204e-08	1.202628283711531e-06	0.0010052556816451	1.3680405442300031e-05	1.8715349306571235e-10	1.0105389854797546e-06	-0.0022720520736878	4.3342950620700246e-05	5.162220625549032e-06	1.8786113685084603e-09	0.0	0.0
5328.728253729908	-1.04898498775583	28395344.8020994	1.1003695045370987	13460.094637727085	50.48043844144922	181174147.65656945	2548.2746652409446	5397.084954613783	-1.754617668102583	29128526.007318463	3.078683161217745	6784.821484959379	6997.405432788131	1.173439	26.376394	0.0839957311140849	0.0540370781342875	-0.01117951	0.1484449059	-0.0587329225	0.1074680545	-0.0617340146	0.1489041151	0.1270117315	-0.1068013603	-0.0342560432	0.0001270371	0.0808466023	-0.0130983863	-0.1195473459	-0.0562749814	-0.072264901	-0.126359826	-0.0159292464	0.0476667925	0.0056453296	0.0066671104	0.0399680596	-0.0610361069	-0.073432332	-0.2173602839	0.0704379158	0.0665446812	-0.0354370098	-0.1119913655	-0.0028176709	0.0915444588	0.0059099247	-0.0265201511	-0.0643693121	0.0295558565	0.0701404797	0.008454122	0.0859002347	0.1334594825	-0.0447990755	-0.1859262239	0.1346030789	-0.0774675144	0.1318527604	0.0798026116	-0.0832020819	0.1435290616	-0.0283421614	-0.0767004839	0.0324884906	0.0357140999	-0.1129569947	0.1054126851	0.0589096114	-0.0329629776	-0.0842283032	-0.0150297449	0.1198240675	-0.0409655848	-0.0164352841	0.0679577003	0.1674818405	0.0475565681	0.0016133865	0.0130954572	0.0593481119	-0.1375124619	0.023563564	-0.0713215868	0.0512837398	-0.0419406619	-0.0123922828	-0.1229434048	0.0312077203	0.0878867125	-0.1168083836	0.1014620696	-0.0649604167	0.089292509	-0.1038266771	0.0263689565	0.0456542496	-0.12557795	0.0188291848	-0.0357081377	-0.0069815612	0.0779993486	-0.152884965	-0.0544104265	-0.1052737268	-0.0878747779	0.0049425194	0.0823798845	0.0336855185	-0.0710763954	-0.0295785526	-0.1016994643	-0.0683761019	-0.0738162478	-0.0411417039	0.0145129381	-0.1473145461	-0.053060048	0.0385703799	-0.0519115736	-0.0179358186	-0.0994358308	0.0287081337	0.0544812754	-0.1140212905	-0.0702425300441405	-0.000187701541165	0.0049340130270019	3.5231868555752715e-08	0.0641147479967543	0.0459351554204091	0.0041107009106873	0.0021100385034971	-0.1333057031427458	-0.0001439817962207	0.0177704104903818	2.073075764296769e-08	0.0004541320997234	-0.0006425120010274	4.128216714642337e-07	2.062359639991841e-07	0.0010340039728078	2.874829116269995e-05	8.26464244775372e-10	1.0691642157823137e-06	-0.0021887345187521	8.331755493569968e-05	4.790558793576988e-06	6.941814960463332e-09	0.0	0.0
5329.829330846022	1.101077116113629	28407080.695946548	1.212370815629106	13433.500852401943	-26.593785325141653	180458945.1514837	707.2294179197195	5394.86707547988	-2.2178791339028976	29104590.76209684	4.918987852601867	6784.623372893638	7037.1313558681495	1.103468	24.803608	0.0884097504195719	0.043806065997768	0.0811478652	0.1813735487	-0.0201350416	-0.0581027388	-0.0667584829	-0.0096744042	0.0999977203	-0.0670962659	0.1226249611	-0.0124802184	0.0707936054	-0.1185142144	0.000307809	-0.0959614844	0.0310070829	-0.0341835016	0.0441746188	-0.0423842206	-0.0818473584	-0.0542389062	-0.0560349775	0.0008649331	-0.0291525522	-0.0126263356	0.1046723243	0.031673604	-0.1234462296	0.0120655398	-0.0357510012	0.080990373	-0.2742571736	-0.0126548288	0.0008870884	0.1141864228	0.1461399109	-0.094911141	-0.0051909583	-0.0602809859	-0.0694471708	0.0526222533	-0.0763838478	-0.0513432722	0.0026637909	0.000448393	-0.0681951219	-0.1140224489	0.1013162078	0.0304787577	-0.0823152852	-0.0267479609	-0.1191545969	0.0063642911	0.0503105784	0.0034003579	-0.1082208921	0.1229707409	0.0031240017	-0.0379091591	0.1042547917	0.0033101188	0.0957286149	-0.0246552252	0.0375753844	-0.0886130109	-0.0428254132	0.0491282609	0.0293482625	0.0586327079	0.0641900891	0.0386068351	-0.0466981082	0.0391499001	0.1067055902	0.0160623936	-0.2174736384	0.0088055852	-0.067900568	0.1186843587	-0.0072068661	-0.24390133	0.0634187846	-0.0319672678	0.0978422985	-0.1838533331	-0.0787309946	-0.0098340978	-0.1246516196	-0.0118415315	0.0142976758	-0.0435565084	0.0026952882	0.0441031818	0.0273383248	0.0796419279	0.0807983937	0.0015052402	-0.1670027398	-0.1265278081	-0.1330656251	-0.077487883	0.0297799111	-0.0598386707	-0.0138508491	-0.0188297918	0.067370355	-0.1014052916	0.0349372413	0.0456128885	-0.1077779285	-0.052717781554719	0.0175247484894214	0.002779164492051	0.0003071168096174	0.0572338264036602	-0.0068809215930941	0.0032757108848043	4.734708197030874e-05	-0.1045709134774952	0.0287347896652506	0.0109350759455177	0.0008256881371061	8.39766872046861e-05	-0.0003701554125187	1.3701502941689925e-07	7.052083993873691e-09	0.0013189086777039	0.0002849047048961	8.117069087193392e-08	1.7395201001226505e-06	-0.0022390602147734	-5.032569602129999e-05	5.013390645381105e-06	2.5326756800282893e-09	0.0	0.0
5321.649246837703	-8.180084008318772	28319950.70636829	66.91377438315251	13403.875020066353	-29.62583233559053	179663865.55355877	877.6899415765215	5400.407622698167	5.54054721828652	29164402.491296463	30.69766347806249	6803.223795919215	7052.243535956413	1.301665	29.258656	0.1212112472298485	0.0601416868604026	-0.0811151006	0.0208800882	0.0965142397	-0.1181966991	-0.0191113263	-0.0444932656	0.0345536167	0.0989205314	-0.003198276	-0.1238295212	0.0813025517	-0.0480392326	0.0068801577	-0.0829190384	0.1140885571	-0.0331276977	0.1570730429	-0.1407963831	-0.0418450617	-0.0636945527	0.1006778912	-0.0595688729	-0.0533606747	0.1059870936	0.0560965669	-0.058386593	0.0434991067	-0.1244665992	-0.1861026801	0.1053419304	0.0253869187	0.0144218384	0.0111677816	0.0159530666	0.0492276364	0.1437433339	-0.0881152919	-0.0640519614	-0.1274060971	0.0885049434	-0.0932337925	0.1160259359	0.1335250161	-0.0215083202	0.0124204872	0.1219687141	-0.1331003396	-0.1710417318	0.0331964451	0.0099319126	-0.0078716511	-0.0334806938	0.1209788967	0.0411786139	0.0973058625	0.1500818942	0.1152833163	-0.0545185887	0.004506225	0.096163999	-0.0695537607	-0.1057736195	-0.1139337689	-0.0996895764	-0.019335284	-0.0568055463	-0.0153374584	-0.1272343875	0.0459449849	0.0466330777	0.0181788043	0.0029154441	-0.061566294	-0.0443430233	-0.0929808657	-0.1718087157	0.0111574801	-0.0297954769	-0.1104955418	0.0065265461	-0.1670328685	0.1018350807	0.0402544812	0.0209092559	-0.1172778292	-0.1456004578	-0.0608330177	-0.091712462	0.0424269206	0.0759697336	-0.1266142954	0.0477940024	0.0927695573	0.0248953078	-0.0171916627	0.024929418	-0.1325931518	0.0088293972	-0.0411065531	-0.1221117407	-0.0194709142	0.0616109179	0.0526798454	0.0810048348	-0.1122083937	-0.1033096655	0.0410766654	0.036481125	-0.100428619	-0.0637164546801045	-0.0109986731253855	0.0040597865970018	0.000120970810519	0.0158141752544906	-0.0414196511491695	0.0002500881389797	0.0017155875013189	-0.1075866241340079	-0.0030157106565126	0.0115748816925522	9.094510763804237e-06	0.0008099163351077	0.000725939647903	5.269883723975518e-07	6.559644698742882e-07	0.0007940682851454	-0.0005248403925585	2.754574376609605e-07	6.305444414737563e-07	-0.0023038244202875	-6.47642055140998e-05	5.307606959513035e-06	4.1944023158725564e-09	0.0	0.0
5302.874704538379	-18.77454229932391	28120480.132033	352.4834385491028	13437.8478891033	33.97286903694658	180575755.890678	1154.1558306015231	5383.212380436589	-17.195242261577732	28978975.53288577	295.67635643434886	6782.4083266887255	6919.99089510614	1.269849	28.543499	0.087969966735101	0.0467443765731177	-0.0259126895	-0.0222448004	-0.0078861012	0.0616044886	0.0759186616	0.0381991716	0.0364290339	-0.017088518	0.0135202468	0.0294370255	-0.0347385954	0.0897054418	0.0477743325	0.1075876826	-0.0227596466	0.0583000237	0.0547092469	0.1228781862	0.0963618973	-0.0505372042	0.0060830914	0.1438227694	-0.0267689204	-0.0795647136	-0.0008947869	-0.0903041775	0.1385969594	-0.0082551121	-0.0293224654	0.0654323885	0.0415145658	0.0674444013	-0.1119917739	-0.11473284	0.0990602026	0.0144216862	0.0904842401	-0.0857115008	0.0065409558	0.0013551977	0.1185754321	-0.1117093383	0.0596471016	0.0544581743	-0.2269750669	0.0023081189	0.0022813389	0.0144308175	0.0530250667	0.002344348	0.0743875162	0.0125349921	-0.0356101841	-0.0679503813	-0.0130221188	-0.099960759	-0.0346999677	-0.0466655373	0.0412794639	0.0517555511	0.1600151487	0.0441534956	0.080317093	-0.1057745125	0.1368113073	0.0466035421	0.0570334444	0.0782697117	0.0567052905	0.20227946	-0.1370353584	-0.1294205607	-0.0401948501	-0.0600669437	0.0208306132	0.054002328	-0.0329152877	-0.0746183734	0.0630671201	0.0796925913	-0.2362027416	-0.0470155515	-0.099730154	0.0960210524	0.0198590152	0.062829217	-0.0371835753	-0.0661156518	-0.0338678127	-0.0938232953	-0.1381880652	0.0581192764	-0.050071402	-0.0528963404	-0.0680031008	-0.0470412075	-0.0607723086	0.1052541768	-0.054270743	-0.0543626256	-0.0379096313	0.0243916287	0.1609356189	-0.0842040333	0.0059300237	-0.1051477302	0.0471106464	0.0271387131	-0.092048776	-0.0616310887017732	0.0020853659783313	0.0037983910945658	4.348751263581675e-06	-0.0106932240255162	-0.0265073992800067	0.0001143450400598	0.0007026422165897	-0.1325245027848609	-0.0249378786508529	0.0175627438383746	0.0006218977916046	0.0012995730001573	0.0004896566650496	2.3976364962749617e-07	1.6888899827378457e-06	0.0008899384279259	9.587014278049996e-05	9.191084276753449e-09	7.919904054992222e-07	-0.0024070840689756	-0.000103259648688	5.79405371511613e-06	1.0662555047189798e-08	0.0	0.0
5307.326794556439	4.452090018060517	28167717.70421673	19.82110552891409	13421.125291798213	-16.72259730508631	180126604.09814566	279.64526062807994	5373.301473696953	-9.91090673963663	28872368.72723384	98.22607240177476	6762.053669251787	6864.35839150427	1.217047	27.356613	0.1541895254155503	0.0759686978681831	0.1025405008	0.0903354346	-0.0594916517	0.0446029494	-0.0077008441	0.0695386499	0.022946017	-0.1772355708	0.0974560686	0.0972420184	-0.1183413701	0.0032749548	-0.1037038288	-0.076816861	-0.0544919434	-0.0699257024	0.0390365552	0.0599554618	-0.085959891	0.0558450225	-0.0582907492	-0.1048380662	-0.0192229063	0.0197806877	-0.147928328	-0.1045510357	0.0500288909	0.0486825775	-0.2031738164	0.0002274283	0.094122773	-0.1492520964	0.0207654505	0.1058623535	-0.0276527719	-0.0869947202	-0.0530881444	-0.0004039837	-0.0604597451	-0.1124159147	0.0243984689	-0.2296010965	-0.0821181162	0.157431497	0.0102967326	0.0337317333	-0.1259479994	0.0959857542	-0.0215067849	-0.032627975	-0.0297831617	0.0827363857	-0.1268286216	-0.0098994291	-0.1569865359	0.0126945719	0.0578173301	0.0177303892	0.0387320047	0.0250634521	0.1226647311	0.0435271028	-0.0519737568	-0.0760602305	-0.1130854966	-0.0929217063	0.0947800903	0.0098487897	-0.0635068118	-0.0755008522	-0.1200573936	0.0364456154	-0.1805372053	-0.0804404922	0.1444785371	0.0946395675	0.0221489052	-0.0134603165	-0.0085491069	-0.0405553265	-0.027514516	-0.0953286251	-0.016941611	-0.1157757649	-0.0125039451	0.0818487119	-0.0775884233	0.0138749236	-0.0612730097	-0.1214079267	0.1047738529	0.0483895873	-0.1126706734	-4.41243e-05	-0.0833726139	-0.063258309	-0.0102502465	-0.1198397107	-0.046964858	0.0059950333	-0.2339504132	-0.0625060169	0.0434898806	0.0455716621	0.0521450593	-0.1069183059	0.053023695	0.0176395976	-0.082724388	-0.0594037564684555	0.0022273322333177	0.0035288062825635	4.961008877576031e-06	0.0433662876238543	0.0540595116493705	0.0018806349022748	0.0029224307997684	-0.149182224932133	-0.0166577221472721	0.0222553362357015	0.0002774797071357	0.0002229278812275	-0.0010766451189298	1.1591647121153633e-06	4.9696840228582356e-08	0.0012732520333798	0.0003833136054538	1.469293201260681e-07	1.6211707405057951e-06	-0.0022421436056475	0.000164940463328	5.027207948345971e-06	2.720535644288829e-08	0.0	0.0
5341.825843148936	34.499048592496365	28535103.33853384	1190.1843537874254	13415.776855677774	-5.348436120439146	179983068.64133942	28.605768934418144	5396.656215671253	23.35474197430085	29123898.310143173	545.44397268617	6779.505941642599	6950.817708844801	1.200899	26.99365	0.0988498007164186	0.0576039794979199	0.049585987	0.1573490471	0.0325204592	-0.0395272439	-0.073018069	0.0773614656	0.0524996431	-0.039548058	0.0984861219	-0.0428157657	0.0599709068	-0.1163779594	-0.0920615109	-0.1021663817	0.0236261736	-0.0442028803	0.1648596895	-0.0255747966	-0.0063532797	0.0465291243	-0.1105500754	0.1497754764	-0.0849405244	-0.1760705874	-0.0830284644	0.0144051593	-0.0033985077	0.0401872	0.0034590389	-0.1044356628	0.0078658318	-0.0377268104	0.1089051326	-0.0454824663	-0.1957451808	-0.0830332658	-0.0539803857	-0.0373261258	-0.3181584435	0.0518127148	-0.088255788	0.080968404	-0.0097211055	0.1037139035	-0.1448092332	0.0546925091	-0.1433830769	0.0277676355	0.08930896	-0.05189085	-0.1462192926	0.0628975725	0.0398813442	0.0673522158	-0.0548289015	0.1677431836	0.0828457424	0.032525704	0.093948104	-0.033464209	0.0154560936	0.0435997526	0.0751020685	0.126473588	-0.028186613	0.0334210897	0.0769795289	0.1000879424	0.1036600782	0.0879175895	0.1137107692	0.0104552055	0.1147869559	0.0598001482	0.0282129819	-0.0021641344	-0.0422871317	0.0273776467	-0.1715820949	0.0841203424	-0.1294711514	0.0210236919	0.12281959	-0.1601782708	-0.0796271475	-0.0626400738	-0.1569474955	0.0629332583	0.0639661673	-0.0182912917	0.1487976083	0.1531231809	-0.0947413978	0.1660245017	0.0489543712	0.0387702932	-0.0643641962	-0.1498451333	-0.0515818902	-0.0836932975	0.0347605027	-0.0230620038	0.0227055521	-0.0194111425	0.0622855838	-0.1086202561	0.0588006326	0.008038628	-0.0725511359	-0.0483902624141876	0.0110134940542679	0.0023416174965139	0.0001212970512833	0.0483937754393508	0.0050274878154965	0.0023419575012743	2.5275633734965775e-05	-0.1102992356391538	0.0388829892929792	0.0121659213825815	0.0015118868563579	-0.0004163165449778	-0.0006392444262053	4.086334364345432e-07	1.7331946562225257e-07	0.001481974855702	0.0002087228223222	4.35652165581447e-08	2.196249472932964e-06	-0.0022726929481935	-3.0549342546000186e-05	5.165133236768463e-06	9.33262329992857e-10	0.0	0.0
5339.578824941927	-2.247018207008296	28511102.027768213	5.049090822626775	13461.93527514314	46.15841946536602	181223701.3521432	2130.599687540681	5414.881583892229	18.225368220975724	29320942.567575216	332.1640467901518	6823.953311287089	7174.754257514712	1.30685	29.375193	0.1040373305938859	0.0515681984839501	-0.0321758783	0.1267300243	0.1472786781	-0.1400266519	0.0040176805	-0.0228230796	0.1495835629	0.16600845	-0.0134462701	-0.0860943785	0.2331153045	0.0060630256	0.008615558	-0.128851204	0.0383019732	0.0922409812	0.0102628181	-0.114833472	-0.1379066569	-0.0146858059	0.0511240847	-0.0392508371	-0.0724153545	0.0652210919	0.067476375	0.0611822266	-0.0453699837	0.0716126748	0.123295683	-0.0586930211	-0.0915652616	0.1356659906	-0.0622703095	-0.0843212299	-0.1958893097	-0.0103421806	0.0239591388	-0.0574143858	0.0712633882	-0.1759053777	0.0275804903	-0.1642125667	0.0952691204	-0.0884879559	0.0272629196	0.0905166491	0.1754133397	-0.0149134338	-0.0399518419	-0.07098808	0.0093005221	-0.0344482515	0.2413356511	-0.0246825208	0.0330293155	0.1688925215	0.0090157885	0.0277189016	-0.0054620052	0.0419321111	-0.1377795346	-0.0348904728	-0.0508318294	0.1152604324	0.0885813224	-0.0593993576	-0.0313203281	-0.1139212163	0.1084785818	0.0783784291	-0.0344177298	0.09896023	-0.0150643959	-0.066203473	-0.0048170841	0.1525998278	0.1516489132	0.0962150213	0.1978101365	-0.1131491667	0.0441411341	0.1036758924	0.0376047659	-0.0721270133	-0.0863084111	-0.1485107987	-0.1150400584	0.1247230298	0.120807335	-0.0020108923	-0.107210081	0.017792609	0.0631927691	-0.0395703491	-0.1077607514	-0.0040711668	-0.0484475793	-0.1385651317	-0.0016266972	-0.0971013664	-0.0392563024	0.1933816666	0.006477882	0.0119738423	0.0377886615	-0.1102524885	0.0644266298	-0.001608758	-0.0616334109	-0.0531898545358728	-0.0047995921216852	0.0028291606255473	2.303608453454266e-05	0.0099970943210792	-0.0383966811182716	9.994189486455398e-05	0.0014743051208982	-0.1026301845782597	0.007669051060894	0.0105329547865676	5.881434417460079e-05	0.0002709042826441	0.0006872208276218	4.722724659173291e-07	7.338913035491442e-08	0.0014752450067947	-6.729848907299947e-06	4.5290866315086287e-11	2.1763478300726944e-06	-0.001903203498862	0.0003694894493315	3.6221835580805584e-06	1.365224531672952e-07	0.0	0.0
5301.635819601077	-37.943005340850505	28107342.36367718	1439.67165429581	13428.181515001272	-33.75376014186804	180316058.79982185	1139.3163237147596	5402.536592637026	-12.34499125520324	29187401.634782087	152.39880909104448	6819.497151865858	7012.6792860262	1.302973	29.288054	0.0609316488703526	0.0290981743615882	-0.1124292509	-0.0609269365	0.076213167	-0.0964712409	0.0934740846	-0.1064950671	0.0726881299	0.2164390658	-0.0229959147	-0.0680243442	0.1442973715	0.08750517	0.1742143952	0.07287898	0.0153198898	0.0448459614	0.0005251116	-0.1479855887	0.1912164196	-0.02143268	0.0612187148	-0.0364106525	-0.066831256	0.1019905272	-0.1316481035	0.1202061223	-0.0383771387	-0.0378573204	0.1342784357	-0.063545178	-0.0844955021	0.0327884966	-0.0282970475	-0.0005257974	-0.0399069219	-0.0964715018	0.0366481455	-0.096264448	-0.2036329361	-0.209051108	0.0256559443	-0.0684438606	-0.0803400677	0.0807129747	-0.0821565556	0.0735425791	0.046442382	-0.046390572	-0.0465964354	0.1013020498	0.1483483405	-0.1396051854	0.1458849835	-0.0860908364	0.1454052423	-0.0013073633	-0.0357382946	-0.0236065606	-0.0967809021	-0.0026764447	0.0309384476	0.0036520469	0.1370095945	0.121158571	0.051007353	0.082565996	0.0735309836	-0.1149368641	-0.0666362655	-0.0083092777	-0.0629056795	0.0178417208	0.0540777021	-0.2162033921	-0.0757583251	0.2106849834	-0.1432393536	0.0521966645	0.0504771843	0.0493148743	0.0850485735	0.0875525316	-0.05713673	0.1464292149	-0.058728894	-0.0893876681	0.005444323	0.1342360764	0.1081530827	0.0786500856	-0.093078545	0.0491223422	0.0319769547	0.1245464247	-0.1549753949	0.0043315144	-0.000415273	0.0132677842	-0.1355195076	0.0960078899	-0.135236766	-0.0274892915	0.0077542848	-0.2137411039	-0.1420253478	-0.1118139553	0.0698872447	-0.0112468548	-0.0500832437	-0.0564655782392691	-0.0032757237033963	0.003188361525895	1.0730365780992376e-05	-0.0126616093969857	-0.0226587037180649	0.0001603163525218	0.000513416854183	-0.0895328576487983	0.0130973269294614	0.0080161325987599	0.0001715399726971	0.0006258273176496	0.0003549230350055	1.2597036077751538e-07	3.916598315164933e-07	0.0013929072283302	-8.233777846449993e-05	6.779509762469068e-09	1.94019054673452e-06	-0.0019039405757806	-7.370769186001817e-07	3.624989716103763e-06	5.432823839331389e-13	0.0	0.0
5286.386395731956	-15.24942386912062	27945881.124979906	232.54492834010568	13402.350918495493	-25.830596505778885	179623010.14249697	667.2197158443564	5392.133410317053	-10.403182319972984	29075102.71465741	108.22620238259849	6801.954110717774	6860.546949418564	1.122889	25.240143	0.0522787665238124	0.0233846574184954	-0.0389232485	-0.1056759653	-0.0232712643	0.0669627519	0.0912078852	-0.0460339755	-0.0139108517	0.0230591799	-0.0990560386	-0.0225930341	0.0443228295	0.1201430516	0.1193123974	0.1194591274	-0.0782333018	-0.0218746661	0.0301324919	0.1365920877	0.0855370961	-0.0209365322	-0.0839192392	-0.0739265302	0.038654261	0.0008413685	0.1267674731	-0.0679561886	-0.1047761573	0.0420493461	-0.0037684848	-0.1064329301	-0.0772454116	0.0322521056	-0.0361224138	0.0209008758	-0.0044411075	0.0699924523	0.0786393979	0.0813589028	-0.1081978036	0.1471409182	-0.2056961061	-0.1177598932	-0.1769774705	-0.1932705764	0.0055418405	0.0429948101	0.0292696863	0.0271414464	0.0841943517	-0.0348832851	0.1350483643	-0.0660708209	0.0300580873	-0.0937678347	0.0679519012	-0.1700820423	-0.0763947022	0.0151913027	-0.0039832662	-0.0687965507	0.0324483157	0.0600142367	0.0712939288	0.1657405791	-0.0723842945	0.0090511439	-0.0461954867	-0.0347375038	0.0708896005	0.1312678321	0.0223033808	0.0166160413	-0.0241171175	0.0255384959	-0.0113948815	-0.0400677974	-0.1408529723	0.0135530768	-0.1010084543	-0.0751212256	-0.1519075461	-0.0194082613	-0.1003041964	0.1295383009	0.0553396612	0.1012152013	0.0403731264	0.1159576544	0.0508573656	-0.007904744	-0.0171022187	-0.0078651225	-0.0609144007	0.0909707389	-0.0863955656	-0.0716359718	-0.0645513564	0.0558693764	-0.1345036779	-0.0636296809	0.048213997	0.0830388894	0.0071497361	0.015561598	0.1182715931	-0.1133036545	0.0751684601	-0.0208200103	-0.0380191546	-0.0702220824495896	-0.0137565042103205	0.0049311408635569	0.0001892414080885	-0.008021871476231	0.0046397379207547	6.435042198116853e-05	2.1527167973289143e-05	-0.1020973761123755	-0.0125645184635772	0.0104238742090318	0.0001578671242215	0.0005130282765258	-0.0001127990411238	1.2723623678448728e-08	2.631980125150327e-07	0.0010800123575989	-0.0003128948707313	9.790320012995707e-08	1.166426692566334e-06	-0.0019032743690525	6.662067280999943e-07	3.622453323892192e-06	4.438314045656997e-13	0.0	0.0
5277.106876264118	-9.279519467838329	27847856.98351404	86.1094815539905	13395.799627643742	-6.551290851750309	179447447.66398022	42.91941182422729	5374.435617339269	-17.697792977784047	28884558.20492493	313.21187628450235	6781.691091854014	6858.481847269353	1.13512	25.515078	0.1011091046629204	0.0575704498201623	0.087829816	-0.0453360029	-0.1399514551	0.0648942024	-0.0150280583	-0.10984775	0.0114625672	-0.1270139912	-0.027089534	0.0880716282	-0.092981407	-0.0571292059	0.0418203419	-0.0025358174	-0.1226753394	0.0327923172	-0.0219396492	0.0997617701	-0.0283315376	-0.1380760208	0.145249409	-0.1482020659	-0.0916832337	0.0284505019	-0.0175252051	0.162640471	-0.0162361192	0.1001440396	-0.0303741913	-0.1283724593	-0.0460707548	-0.1684849577	0.0971139254	-0.0628858832	-0.0112584868	0.0167697243	-0.0529099664	0.0288834118	0.1162489834	0.0068288528	-0.1323404507	-0.0443042941	-0.066564484	-0.0176312239	0.0205127531	-0.0246054016	0.0884361208	0.0871033808	0.0432561371	0.0551972324	0.0044364398	-0.080855049	-0.0951083759	-0.0334802362	-0.1201668487	-0.1234288464	-0.0150230527	0.0177813212	-0.052015352	0.0133835826	-0.0463223196	-0.0502342499	-0.1021252887	0.2077666052	-0.0143193022	-0.1968831522	-0.0082495439	-0.0701974911	-0.0146413065	-0.0524887586	-0.1375866217	0.090268852	0.1126357973	0.0323971802	-0.1015800652	-0.0008390325	0.0164364626	-0.2188766951	-0.0806772725	-0.0525413922	0.0704590579	-0.0941602778	-0.0114598355	-0.0233164246	0.0141303732	0.1692218865	0.0838192295	0.0458560438	-0.0142949543	-0.0071009198	-0.0274547937	-0.0503245499	-0.0287064719	0.0390118048	-0.0556730196	-0.1694916073	-0.0231412278	-0.0589048195	-0.0759207817	-0.0282821078	-0.113829693	0.0905455312	-0.0382695705	-0.0349398231	-0.0302038539	-0.1147206298	0.0802567191	-0.0302729475	-0.0255649376	-0.0698550441341865	0.0003670383154031	0.0048797271909891	1.347171249739503e-07	0.0386830006189455	0.0467048720951765	0.0014963745368853	0.0021813450774267	-0.1224776127882663	-0.0203802366758907	0.0150007656343124	0.0004153540469653	0.0006523534257252	0.0001393251491994	1.941149719943509e-08	4.255649920554041e-07	0.0011352250855192	5.52127279203e-05	3.0484453244010757e-09	1.2887359947920749e-06	-0.0023818756434618	-0.0004786012744093	5.673331580916565e-06	2.290591798662062e-07	0.0	0.0
5271.67705736954	-5.429818894577693	27790578.997196376	29.48293322791292	13343.821009387708	-51.97861825603468	178057559.1305768	2701.7767558065816	5368.273914037205	-6.16170330206387	28818364.816132333	37.9665875826648	6779.103941507542	6861.080981462362	1.14499	25.736919	0.0382739543720977	0.0250493632687714	0.0528294374	-0.0972784479	-0.1248988673	-0.1698769081	-0.0507709767	-0.1765939621	-0.0714610578	-0.0739040375	0.0987308329	8.09822e-05	-0.1471837678	-0.1000498205	-0.0230098858	-0.065523069	-0.0509560996	-0.004275581	0.1018664059	-0.0285202587	-0.0467635438	0.070122059	0.0964065955	0.0173216304	-0.1044334741	0.1298582072	-0.0140292726	-0.031536628	0.0082976563	-0.1108185675	0.0225426186	-0.024308285	0.0797235703	-0.06811014	0.1380295151	-0.0854709999	-0.0342124657	0.086245634	0.0047670003	0.0851075646	0.0927933544	-0.0591461545	0.1165226743	0.0267315442	0.1015333558	0.04712608	-0.0228897328	-0.058741251	0.0500862613	-0.006892647	0.0023896878	0.114333867	-0.0461256154	-0.1349850425	-0.147571727	0.0156256835	-0.0368442665	0.094832244	0.069565316	-0.0095593193	0.0319180117	0.0109946931	-0.187474864	-0.0181549264	-0.0966647994	0.0677507148	-0.0641337059	0.022847562	0.0591672635	-0.131616122	-0.0634495648	0.0569407458	0.0326266809	-0.0861845561	-0.0819004713	0.0995456478	-0.0535617673	0.0574701143	0.0621567271	-0.068849045	0.0096699746	0.0015880214	0.0041774389	-0.0101184598	0.0733614646	-0.0617863045	-0.1023830991	-0.0169322475	0.1770461059	-0.0352554946	-0.0516437392	0.0385426135	-0.0188146389	-0.0168107876	0.0629032677	0.0417293388	-0.0872730457	-0.040024253	-0.0259801078	-0.1245704471	-0.0237726192	-0.0875670287	0.1819240897	-0.0249700137	0.0472514056	0.0716072409	0.0978773645	-0.1160639717	0.0851389603	-0.0395510834	-0.0128483897	-0.0700335691527698	-0.0001785250185833	0.0049047008082757	3.187118226016775e-08	0.0386700405187809	-1.2960100164598198e-05	0.0014953720337241	1.6796419627641822e-10	-0.1101734976933315	0.0123041150949348	0.0121381995939825	0.0001513912482694	0.0006058541406769	-4.649928504830005e-05	2.1621835100030604e-09	3.67059239775345e-07	0.0007383023363893	-0.0003969227491298	1.5754766877683746e-07	5.450903399178991e-07	-0.0023097305944717	7.214504899010019e-05	5.334855419038593e-06	5.204908093783957e-09	0.0	0.0
5271.286873201474	-0.3901841680662983	27786465.299586173	0.1522436850095893	13304.915706477754	-38.90530290995412	177020781.95647842	1513.6225945152842	5369.61656754994	1.3426535127346142	28832782.082506794	1.8027184552585989	6763.591594744743	6704.429776523811	1.340294	30.126936	0.0443500658239467	0.0234066984119883	-0.0547045307	-0.1896416201	0.0350227286	0.0722219566	0.047964143	0.0316508098	-0.2204979756	-0.0560177736	-0.0741950469	-0.1200248651	-0.1577138078	-0.0346369522	-0.009211525	0.0857797277	0.1521557881	0.0533163225	-0.0614304728	0.1176483999	0.080623309	-0.0064440428	0.1039797611	0.1129413808	0.0020838343	-0.0089106953	0.1259649808	0.1099316616	-0.0523551507	0.0547895243	0.0113105155	-0.0594536903	0.1271361115	0.0108631769	-0.034090258	0.0187792527	-0.0382355234	-0.0163605247	-0.1286251456	-0.1326724324	0.0383594049	0.0748481069	0.1541082528	0.1256024756	0.0247837732	-0.2386270316	-0.08014516	-0.0143429345	0.0090780964	-0.1241610373	0.0480207696	-0.0208942251	0.0363784975	-0.0144706764	-0.1106759519	0.1829445636	0.1051543088	-0.1273461542	0.0122526029	-0.0411063374	0.0266508087	-0.0983877651	-0.0555997152	-0.0185125486	0.065491453	0.0595334009	0.164925994	0.0082747819	-0.1664953331	-0.041820763	0.0542302343	-0.0445642367	0.1392698783	0.0048500539	0.0189732588	-0.0847365964	-0.0573103308	-0.0835795598	0.0629920101	-0.1561444475	0.0151787465	0.1265769551	-0.1392868266	0.1240777966	0.0203615358	0.1097529873	0.014189219	0.0244919558	0.0339580225	-0.0953730275	0.0239430013	0.1735475507	0.1034562872	-0.0246451758	-0.0606259096	0.0433806476	-0.144734105	-0.0545718617	0.0047942774	0.090820503	0.0637407392	-0.1118750489	0.104673714	-0.119453346	0.1603257928	-0.0828180571	0.0370468109	-0.117332818	0.089802651	-0.0486008445	-0.0	-0.0700139862399709	1.9582912798896124e-05	0.0049019582692108	3.8349047368916955e-10	0.0321523661454392	-0.0065176743733417	0.0010337746487503	4.24800792369152e-05	-0.0992238027883303	0.0109496949050011	0.0098453630397774	0.0001198958185126	0.0006182025246692	1.2348383992300004e-05	1.52482587221291e-10	3.821743615073728e-07	0.0011123352397341	0.0003740329033448	1.3990061278454058e-07	1.2372896855543178e-06	-0.0021588496091527	0.0001508809853189	4.660631634938766e-06	2.2765071730832278e-08	0.0	0.0
5316.548879844799	45.26200664332464	28265691.991778985	2048.649245380364	13392.603719841944	87.68801336418983	179361834.39672425	7689.187687758334	5393.35438084492	23.737813294980697	29088271.47737909	563.4837800273623	6783.879146754488	6784.644355290873	1.42598	32.052975	0.0525880588190282	0.0260171063299179	0.0636553361	0.0253299073	0.1158383632	0.1492835709	0.1454140581	0.1378911265	-0.0705194061	-0.0749769799	-0.0653390735	0.0881662551	0.009876918	0.1601209458	0.0035997485	0.0359900476	0.1095144702	-0.1710554193	-0.1591868504	0.0704326525	-0.1557479511	-0.1145257946	0.0337286031	-0.069424015	0.0142582469	-0.0314646495	-0.0043879805	-0.0720656434	-0.1283111363	0.0592672313	0.1500365442	0.0038639733	-0.013016456	0.0200186915	-0.0621742051	0.0186564172	0.0683142563	0.0409697192	0.0090476238	-0.102433467	-0.0534622221	0.0416639404	-0.0239090216	0.0353767402	0.1476720935	0.0045666842	0.0541813518	0.0454023295	-0.0186971458	-0.1372476414	-0.0233275979	0.053075168	0.0944255001	0.1618362413	0.0285007478	0.0376743396	-0.0515695922	-0.0864984519	0.024481117	0.1707718278	0.107741301	-0.0678192963	0.0978749399	-0.0165558417	-0.0688766936	0.0754945166	0.0038477608	0.03554944	-0.0051456449	-0.0488996297	0.1355131512	-0.1427121798	0.0989418148	0.0801837043	0.0931667938	-0.059150889	0.0027993539	0.0202953105	0.0608065298	0.0733393456	0.0482727311	-0.2340777287	-0.0302564345	0.0236472415	-0.1271904295	-0.0254674867	0.1180363161	0.0747358358	-0.0539842526	0.0047977144	0.0203380786	-0.0657991063	0.1329825007	-0.0235725122	-0.1370718626	-0.1706863547	-0.0370610602	0.0473634702	-0.1337520911	0.0298884162	-0.0130382271	0.0481231637	0.0390676968	0.0230485024	-0.0177773873	-0.1602950749	0.1156242831	-0.1185263543	0.0942358196	-0.0573699759	0.0128483897	-0.0615739042369085	0.0084400820030624	0.0037913456829759	7.123498421841792e-05	0.021173385695647	-0.0109789804497921	0.0004483122618166	0.0001205380117169	-0.119852550594949	-0.0206287478066186	0.0143646338841148	0.000425545236069	0.000599382272957	-1.8820251712200036e-05	3.5420187451056825e-10	3.592591091350997e-07	0.0011983099651153	8.597472538119993e-05	7.391653404372742e-09	1.4359467724946316e-06	-0.0023048596032504	-0.0001460099940976	5.312377790695591e-06	2.1318918376410355e-08	0.0	0.0
5340.622782687338	24.07390284253961	28522251.706959046	579.5527980720367	13464.447343173091	71.84362333114768	181291342.2570809	5161.506213347828	5413.976418409603	20.62203756468261	29311140.659095272	425.2684333191809	6811.637346438144	7075.539345085954	1.388911	31.219738	0.0311645809540936	0.0187752277592665	-0.0413306823	0.1350079919	-0.0251761056	-0.0159144364	-0.0215651568	0.0373245673	0.1814976539	0.0750658664	0.0240577524	0.0123585578	0.2123563163	0.1407913496	-0.0836140461	0.0698483816	-0.0876326299	-0.0181016709	0.074413416	0.051836871	0.0136295363	0.0590096519	-0.0062586775	0.0787517168	-0.038165095	-0.0451967658	-0.0559001679	-0.0445621932	-0.0343854126	0.1656967757	-0.1347730122	0.0086039512	0.1358502131	0.0500770487	-0.0420651742	0.0074817515	0.1157856496	-0.1296791239	-0.0986971242	0.0037235069	0.1089144378	0.026964346	-0.0997727196	-0.0691410227	0.0316705457	0.1098858255	-0.1614354855	0.1160868713	0.037874783	0.0633147563	0.1037028624	-0.0534815003	-0.0217573228	0.0511505948	0.1447774756	-0.1882499594	-0.0094341515	0.020341889	-0.0172810796	0.0308374416	0.0724223859	0.0016773276	0.0675718054	0.1476594616	0.0721106835	-0.0765593328	0.1034152138	0.06624981	0.0600069555	0.0366433586	0.1090048344	0.0442581099	-0.0044550484	-0.0321523313	-0.0308285434	-0.0233811344	0.0919279277	0.0277524517	0.2094694035	0.0112927797	-0.1617421649	0.0099751491	0.0193989115	-0.0927303578	-0.0529301543	0.0146633779	0.0487596464	-0.026531029	-0.0424986823	0.0551215111	-0.0541689568	-0.1902149039	-0.1178992265	0.0497193219	-0.0181022326	0.0701750098	-0.0028939462	-0.1199480955	0.0811810169	0.1485826512	0.3008302739	-0.0076041124	0.1590531837	-0.0808035423	0.0538858644	0.1335821499	0.049331125	-0.1196438145	0.0984270862	-0.0658078432	0.0255649376	-0.0590336099617587	0.0025402942751497	0.003484967105117	6.453095004358834e-06	0.019618925797701	-0.001554459897946	0.0003849022494556	2.4163455743222884e-06	-0.1368106100405768	-0.0169580594456277	0.0187171430196747	0.0002875757801614	0.0005841789676994	-1.5203305257599996e-05	2.3114049075576768e-10	3.412650663023366e-07	0.0010318336527253	-0.0001664763123899	2.7714362586972857e-08	1.064680686896435e-06	-0.0022843038741906	2.055572905980017e-05	5.218044189642184e-06	4.2253799717991315e-10	0.0	0.0
5305.798952635715	-34.82383005162319	28151502.52579025	1212.6991394643344	13438.336661978945	-26.11068119414631	180588892.2406874	681.7676724223458	5401.604894421037	-12.371523988565968	29177335.435433306	153.05460579966322	6800.110370911943	7046.276021975157	1.342346	30.173065	0.0666508971081348	0.0482653142934218	-0.0300638831	0.0295088911	-0.1041429762	-0.0316025878	-0.0847615123	-0.0066676054	0.136306647	-0.0145281767	0.0356960803	-0.0218859053	0.1619044179	-0.0825355105	0.0154912382	0.0299502133	-0.0960783119	0.1191343695	-0.059317316	0.036445214	-0.014880268	0.1200004805	0.1078070836	-0.1669352302	0.1303449374	-0.081997724	0.0666256266	-0.0468244	-0.0179286258	-0.0821742196	-0.0926851344	0.0743880893	0.002202339	-0.0253552185	0.0947244518	0.0813601976	0.1285348752	0.1486044502	-0.1134548907	-0.0520558174	0.0444090005	-0.1170914374	-0.1361738475	0.1811474757	-0.0251766034	-0.0030258456	-0.0395337783	-0.1030087505	0.00449923	-0.0965762924	-0.0872535605	0.0966302888	-0.102639487	-0.0507659337	0.0798841325	-0.1117262523	-0.0506878912	-0.0080695986	-0.055005824	-0.2055504185	-0.1274519144	-0.1303786859	0.1435578164	0.0444975423	-0.1577550264	-0.0473846927	-0.040910435	-0.0527979692	0.0115470395	0.0441377622	-0.0611607286	-0.1544712645	0.1050291721	-0.1134553556	-0.01366223	0.008129382	-0.0875322898	-0.1062091914	0.0452911435	0.0365530438	-0.0470947759	-0.059156167	-0.0833445717	-0.0722792145	0.090686635	0.0005726556	-0.0138363137	0.0291710174	-0.013907461	-0.0535794588	-0.0345577385	0.0158729342	-0.1729753433	-0.0394684062	0.1142124464	-0.037743422	0.0329299351	-0.1033547993	-0.1144503701	-0.042814318	-0.100007639	-0.0166252859	0.1301593563	-0.1596012628	0.1795899023	-0.2763138745	-0.0039666236	-0.1206844814	0.1023656918	-0.0738657246	0.0380191546	-0.0698487833466288	-0.0108151733848701	0.0048788525350042	0.0001169679753448	0.0653771644727072	0.0457582386750061	0.0042741736344914	0.0020938164066388	-0.1381027511505053	-0.0012921411099285	0.0190723698753383	1.6696286479672751e-06	0.0007121715320625	0.0001279925643631	1.6382096532242306e-08	5.071882910802485e-07	0.0010121776439058	-1.965600881950009e-05	3.863586827122653e-10	1.0245035828226964e-06	-0.0023123621797746	-2.805830558400002e-05	5.347018850451939e-06	7.872685122451267e-10	0.0	0.0
5291.508812641945	-14.290139993770026	28000065.514267366	204.2081010415456	13361.223544604158	-77.11311737478718	178522294.60888448	5946.432871257704	5381.441040377833	-20.163854043204083	28959907.671062853	406.5810098756376	6778.581340189183	6885.174022994228	1.390202	31.248775	0.0938355430848675	0.048931464254144	-0.0238666557	-0.107150853	0.077252056	-0.0211292623	0.0173017746	-0.0135718804	-0.0773710367	-0.0078764335	-0.0638042068	-0.0626408509	-0.0194009335	-0.046420236	0.0807974261	0.0386946076	0.1374972695	0.1038756033	0.0459011097	0.0549506548	0.0462583049	0.0766964236	0.2052540385	0.0595940641	-0.111143659	0.1440086377	0.0153415348	-0.0224050592	-0.128256008	-0.2301576531	-0.0899978281	0.0699754183	0.0925947617	-0.1558725272	-0.1162157646	0.0595677276	0.0522277712	-0.1025356842	-0.028963808	-0.0627021216	0.0307479343	0.0509892187	0.0054643874	0.0139005793	-0.0235978457	0.0051646518	-0.0318204103	0.0808911896	0.0226938705	0.0719093883	-0.0007801391	0.0416344765	0.0258586791	-0.0524012594	0.0165776836	0.1306073878	0.0424811377	-0.0155671421	-0.081685652	-0.1746682418	0.0079020599	0.0321037719	0.0462314711	0.0154146516	-0.0773326288	-0.1826155427	0.1267739016	0.1151720496	0.0133854763	-0.2665771893	-0.0765637808	-0.0959680682	0.0450519769	-0.03869495	-0.0119346661	-0.0838899366	-0.0317484805	0.0222570741	-0.0756984438	-0.051462588	-0.1055538769	-0.0115683756	-0.0606829721	0.136560607	0.0411226135	0.0458366791	-0.0213359959	-0.0594578805	0.003297491	-0.1719506052	0.0525140996	0.1446062491	-0.0439269044	-0.0437130349	-0.0480472466	-0.0700637267	0.0819049177	0.1546031921	-0.1056273414	-0.0439606845	-0.0729885435	0.2276015663	-0.0903702032	-0.0223938581	-0.0053501766	0.0060241612	0.030554374	-0.1216476871	0.1060415262	-0.0814970925	0.0500832437	-0.0698480683004589	7.150461699134691e-07	0.0048787526453055	5.112910251079217e-13	0.0253563978651669	-0.0400207666075402	0.0006429469126966	0.0016016617598552	-0.112987425790088	0.0251153253604173	0.0127661583866706	0.0006307795679596	0.0009138904852502	0.0002017189531877	4.0690536075141525e-08	8.351958190308461e-07	0.0007378999117595	-0.0002742777321462	7.522827435131745e-08	5.444962797746779e-07	-0.0024103402158554	-9.797803608080012e-05	5.809739956169856e-06	9.599695554250568e-09	0.0	0.0
5305.508901065354	14.00008842340867	28148424.699283697	196.00247586326145	13370.25044940269	9.026904798532996	178763597.07975286	81.48501024177803	5372.343034290804	-9.098006087028809	28862069.678092923	82.77371475961323	6761.78790913034	6868.07019435094	1.401671	31.506575	0.0366293401221373	0.0285173409023197	0.0266597553	0.0309755615	0.0230467726	0.0832159321	0.0437255117	0.0947665903	-0.0877217443	-0.0454525871	-0.0483911302	0.0536409116	-0.1356827447	0.0672787916	-0.0503780217	0.1062011646	-0.1076723399	-0.0656030338	0.0236019426	-0.0445774526	-0.1382423993	-0.1247780724	-0.0507519538	-0.0237493507	0.0591962425	-0.1953954171	-0.0544249877	0.0100086659	-0.017754614	0.0028764	-0.164509237	0.0060190458	-0.0515917423	-0.0171792481	0.1077403952	-0.0171801193	-0.1522496734	-0.1839775114	-0.0125970753	0.1282436162	0.1075495499	0.0780035255	0.1467609808	0.0370098672	0.0696834561	-0.0169154236	-0.1080078758	0.0171093348	0.1891719445	-0.1562450111	-0.1604702745	-0.0634204432	0.0477991309	0.1149375348	-0.1190807266	0.0213473748	-0.0186683842	-0.0363767583	-0.0289624572	0.1152712767	-0.0589912598	0.0519525068	0.1964336933	-0.0556589245	-0.121353055	0.0834242841	0.041035194	-0.1607813553	0.0421619714	0.1622289241	0.1216675538	0.0607844851	0.0755486697	-0.0020254131	0.0615412885	0.111941385	-0.0175880635	-0.0338938737	0.0932093037	-0.0902930532	-0.1018874112	0.1246323818	0.1041773963	-0.058431273	-0.1199818712	0.0067978256	0.0772233452	0.0018749572	0.0119041094	-0.0466249878	-0.1021366773	-0.1104385034	-0.0116557906	-0.0514347242	-0.1313685916	-0.0481636456	-0.0486772185	-0.0344276084	-0.0345845108	0.1277795583	0.2393478176	0.0822806731	-0.087022497	-0.2418842352	0.0510206206	0.0530924846	-0.1031907448	-0.1225328133	0.1094451535	-0.088657882	0.0616334109	-0.0700228246738845	-0.0001747563734256	0.0049031959753095	3.053979005287055e-08	0.0253607180194848	4.320154317900837e-06	0.0006431660184638	1.866373333047725e-11	-0.1417131865998868	-0.0287257608097988	0.0200826272562943	0.0008251693341017	0.000843922037456	-6.996844779420005e-05	4.895583686729699e-09	7.122044053038862e-07	0.0007379486551497	4.874339019998036e-08	2.3759180881875417e-15	5.445682176372509e-07	-0.0024948130803629	-8.447286450750024e-05	6.224092305949823e-06	7.135664838102494e-09	0.0	0.0
5328.428422354732	22.91952128937828	28392149.45215774	525.3044561342642	13377.306221321838	7.055771919147446	178952321.73901597	49.78391737502964	5374.244890662942	1.9018563721383543	28882508.14481674	3.617057660243263	6757.162651743787	6962.3245893368285	1.331305	29.924896	0.0880327208556883	0.0589123988875752	-0.1171867174	0.0781404056	-0.0056311344	0.0006243987	-0.1016355521	0.1386620692	-0.0222340833	-0.0170437418	0.0743354691	-0.0232198002	-0.1468247404	-0.0658900326	-0.1392047441	-0.0003788735	0.0503396829	-0.016358438	0.0403335923	0.1277368381	-0.0430502637	0.1762922017	-0.0249766125	-0.1813288456	0.1806309888	-0.0551853017	0.0448533113	0.0750821786	0.1288318674	0.0808412685	-0.0145550472	0.0383876895	0.0002318427	0.0790006097	0.1656849409	-0.0669239495	-0.0583758822	-0.0377234272	0.0170792234	-0.1461268735	-0.0944109911	-0.0966185125	-0.1504659472	-0.0991180628	0.0712826372	0.0899293208	0.1161869609	0.1605028273	0.07090808	-0.0028737665	-0.0334853729	0.0883803363	-0.122335223	0.1283363255	-0.1174205535	0.0742294922	0.0605921211	0.0608708245	0.0662979186	-0.0282044415	-0.0396175089	0.0065937947	-0.0227234228	0.1971595636	-0.1496900444	-0.1412348273	-0.0584507751	-0.0665109891	-0.2068209735	0.1963160437	-0.1126807204	0.0877661681	-0.102731779	0.0423820768	-0.0434017403	0.0956076602	0.0797038712	0.0754509492	0.0421187221	-0.0305501361	0.0715630611	-0.1485859274	0.0630833183	-0.0802627097	0.0558435183	0.019428638	-0.0206026389	-0.0985609792	-0.0401822882	-0.1409068281	-0.1260928499	-0.0354917782	-0.016217365	0.0288100033	0.0775696473	-0.1169274056	0.0847266311	0.1021642608	0.1049128138	-0.111385732	0.0238196802	0.3015352367	-0.1318299942	0.148284049	-0.1138724546	-0.0646028386	-0.0400673099	-0.1233392918	0.1125678367	-0.0953067456	0.0725511359	-0.069730574415729	0.0002922502581555	0.0048623530083475	8.541021339195919e-08	0.0746524501424517	0.0492917321229669	0.0055729883122712	0.0024296748556823	-0.1723021011926278	-0.0305889145927409	0.0296880140753945	0.000935681695962	0.0009259493276642	8.202729020820006e-05	6.728476338900274e-09	8.57382157401784e-07	0.000737311921543	-6.367336066999494e-07	4.0542968590112585e-13	5.43628869649431e-07	-0.0025693455341845	-7.453245382159964e-05	6.601536474033832e-06	5.555086672668883e-09	0.0	0.0
5331.182008388424	2.753586033692045	28421501.606564432	7.582236044943888	13443.10484000428	65.79861868244188	180717067.7393465	4329.45822051739	5381.2978445612425	7.052953898300075	28958366.491879474	49.74415869154623	6768.52641121073	6971.981816012988	1.338579	30.088394	0.1649471649074411	0.091684061255497	0.032725607	0.1342254205	0.135783466	0.0941081168	0.0067934442	0.1290111484	0.0467180646	-0.0579856372	-0.0739539021	-0.050597848	-0.0322585985	-0.0798595059	-0.0032290652	-0.0739770503	0.1894662673	0.0218827689	-0.1828532262	-0.1029753575	-0.2239166343	-0.0248884022	-0.0523869799	0.1021208541	-0.0077850562	0.0876814048	-0.0067666835	-0.0796728441	0.1768606235	-0.0103344601	-0.0045465872	-0.0101481779	-0.022459368	-0.1036129962	-0.1908316178	0.081486151	0.0504938716	-0.0525318066	-0.0491896618	-0.0051049783	-0.0119364038	-0.0512598691	-0.0298780797	0.078737138	-0.0764781362	0.0720530386	-0.0209434022	0.0384573797	-0.094186383	-0.2585965649	-0.0421382033	-0.0327450358	-0.0571897304	0.1425751872	0.0586278524	0.1923617618	-0.0515420612	0.018738371	0.0069492421	0.1160195163	0.0504929891	-0.043049929	-0.0513648514	-0.2660402963	-0.0892756801	-0.176003914	-0.008861527	-0.0955643793	-0.0424535681	-0.0979155548	-0.0661141016	0.057305799	0.0794513881	0.0786146075	-0.0590320321	-0.1121958009	0.0303013761	-0.0619401324	-0.0770334068	0.1017615246	-0.1439332496	0.0985849058	0.0243756847	0.0928967835	0.0584693887	-0.0843988688	0.0524918685	-0.0069923576	-0.232463451	0.0223696179	0.109759719	0.0597115601	0.158694444	0.0008337087	0.0587157613	0.1132239409	0.0455364737	0.0926893411	-0.1095375244	-0.1484846095	0.1950633688	0.1008137296	-0.0476982728	0.0479940945	0.0850355916	0.1410937232	0.1032127578	-0.1240666051	0.1154015599	-0.1014052916	0.082724388	-0.0568210943254428	0.0129094800902861	0.0032286367603408	0.0001666546762014	0.0774036319740076	0.0027511818315558	0.0059913222427676	7.56900147028327e-06	-0.1237837538120487	0.048518347380579	0.0153224177078018	0.0023540300325425	-0.0002509158836242	-0.0011768652112884	1.3850117255408904e-06	6.29587806549131e-08	0.0013512962049933	0.0006139842834502	3.769767003239784e-07	1.8260014336292944e-06	-0.0023448319168228	0.0002245136173616	5.498236718150886e-06	5.040636438083581e-08	0.0	0.0
5342.295956281359	11.113947892935355	28540126.084500164	123.51983776688226	13407.545612073924	-35.55922793035643	179762279.33984274	1264.4586910030407	5399.5504632574	18.252618696157697	29155145.205263205	333.1580892673255	6794.8184238515005	7090.812770253897	1.286721	28.922731	0.092689114359918	0.045912016702789	-0.0720369644	0.1303545992	0.1979284012	-0.1153726785	0.078800195	0.0861202848	0.034585101	0.2424654706	0.0534891553	-0.007992404	0.1000123749	0.132619044	-0.0019861808	0.0704556957	0.0743564422	-0.0405959053	0.1042148655	-0.09408318	-0.0248730515	0.0746811136	-0.1165077315	0.0782305892	-0.0132247412	-0.0498833915	-0.2327494299	-0.0304863157	0.0951648465	-0.005001529	-0.1050137054	0.1045185182	0.136985064	-0.0042088274	-0.0869293028	-0.1041258335	-0.0805662329	0.0345828975	0.1058701448	-0.0706792511	0.1238686364	0.0239697471	0.0594046394	0.0827971086	-0.0773436098	-0.081498876	0.1612429665	0.0918716979	0.0093345377	0.0660254026	-0.0542977993	-0.1599998725	0.0916942965	0.132322528	0.1299754177	-0.0101275022	0.132114791	0.1580126802	-0.029851786	0.135921196	0.0438695258	0.0358142868	-0.0064742508	-0.0669398255	0.0722222549	-0.0940575296	-0.0653049788	-0.1145443186	0.1263663845	0.0538455603	-0.1423916616	0.0271997176	0.0938528208	-0.0273579195	0.0310540529	0.0584125385	0.1310108875	0.0285758848	0.0600043189	-0.0542700619	0.0671854204	0.1682747056	-0.0760517272	0.0491528882	-0.0718719901	-0.0392923507	0.0158144716	-0.185938217	-0.0706306682	0.1720019619	0.0607705095	-0.0945593272	0.0738487475	0.0351858346	0.1008309604	0.0460232148	0.0345238082	0.0818447365	-0.0700062095	-0.0079530464	-0.0553768663	-0.1890616919	-0.0425432988	0.1736278669	-0.05123944	0.1161863554	-0.0568754797	-0.1247142864	0.1179390489	-0.1069183059	0.092048776	-0.0369072779269572	0.0199138163984856	0.0013621471639776	0.0003965600835525	0.0423922057093619	-0.0350114262646457	0.0017970991049048	0.0012257999690847	-0.121799863114397	0.0019838906976517	0.0148352066546858	3.935822300228959e-06	0.0002108817819588	0.0004617976655829	2.132570839379083e-07	4.447112596211886e-08	0.0016047560073459	0.0002534598023526	6.42418714086191e-08	2.5752418431127547e-06	-0.0023451740688699	-3.421520471001347e-07	5.499841413299803e-06	1.1706802333481277e-13	0.0	0.0
5322.019897522237	-20.276058759121952	28323895.78962261	411.118558803366	13432.275564115342	24.729952041418077	180426026.83033013	611.5705279708379	5403.926257561358	4.375794303958173	29202418.99716111	19.147575790552796	6809.020660725046	7092.243564087142	1.315402	29.56743	0.0588889189749368	0.028965400154907	-0.1283085625	0.0496004894	0.0167238353	0.0884817726	0.0157273128	0.0652906734	0.1182399457	0.1385524074	-0.1154743344	-0.0283603833	0.1757125208	0.0710649139	0.0220835524	0.0339363463	-0.0336243021	-0.0377548677	-0.1788737333	0.0051611812	0.1566339688	-0.1076452034	-0.1474562405	-0.1329194582	-0.0745246091	0.0292415514	-0.0852895779	0.0620166216	-0.0639206531	0.0288761228	0.0387997314	0.0199780177	0.0368095172	-0.1861016976	0.0115517513	-0.0387839546	-0.0995831028	0.2092455905	0.0834851159	-0.2021883882	0.0039444505	0.0913895092	0.0634007772	0.0236804154	0.1385312654	0.0204287142	0.0035169581	-0.0342909329	-0.0028914282	0.1201023142	0.0899004829	-0.1455134271	0.04411577	0.0421954761	0.1702354984	-0.1395315506	0.0728925405	-0.124878958	-0.0350986146	0.0129012332	-0.0660155818	0.0062926619	-0.0031550716	-0.0360552128	0.226597926	0.0989675041	-0.1462158601	-0.1383069225	-0.151361506	-0.0807169148	-0.0433870579	-0.0915512922	-0.0234832269	0.047052586	-0.0474889389	0.0477933409	-0.0078613203	0.0961526065	0.0716012181	-0.1193857254	0.0345168844	0.004823323	-0.1082765358	-0.0523116582	-0.0428481314	0.1510009791	0.0942864398	0.0237852916	-0.0736963518	0.0981319928	0.0671808358	-0.0416562893	-0.0668840088	0.0138005388	0.1080940428	0.1099796801	0.0744755196	-0.1393725131	0.0552931413	0.2549608473	-0.1354734	-0.0426225066	-0.1159526092	0.0821928698	-0.1048837105	0.1546163609	0.1211379009	-0.1252819198	0.12017379	-0.1118139553	0.100428619	-0.0524812058319668	-0.0155739279050095	0.0027542769655772	0.0002425472303904	0.0454268869329155	0.0030346812235536	0.0020636020564158	9.209290128588796e-06	-0.1305050019542406	-0.0087051388398436	0.0170315555350763	7.577944222095379e-05	0.0004739516823835	0.0002630699004246	6.920577250946157e-08	2.2463019723415005e-07	0.0012369470390023	-0.0003678089683436	1.3528343719398336e-07	1.5300379772965576e-06	-0.0023457986202322	-6.245513622998508e-07	5.502771166683293e-06	3.900644041505995e-13	0.0	0.0
5289.093830979082	-32.926066543155684	27974513.55290098	1084.125858004316	13403.222093974076	-29.05347014126528	179646362.50039482	844.1041272493932	5389.352288372312	-14.573969189046691	29045118.088183872	212.40057792328236	6800.048051485102	7011.721195924216	1.433051	32.211918	0.0508597142983504	0.0264123574981842	0.1093828913	0.0337464323	-0.1566567317	-0.031509481	-0.0403915651	-0.150779534	0.0860881457	-0.0102835333	-0.0103712244	0.0914342745	0.0448183424	-0.0170016866	0.050655164	-0.0321453778	-0.1778792184	0.0795734633	-0.0020086445	-0.0899037191	-0.0640069412	-0.0505344834	0.0645809216	-0.0248675551	0.0482818398	0.0159854513	-0.0240657078	0.0781733657	0.0668909292	-0.095205118	0.1467145828	0.0228957032	0.0002466784	0.1029950741	0.0669941269	-0.0253555563	0.005171713	0.1529634541	-0.0194390052	0.218040408	-0.0075456064	0.1621659704	0.0882702013	-0.191630984	-0.2656636026	0.0410013388	0.0658337212	0.0883412967	-0.0050751713	-0.067841841	0.0021347667	-0.0551663898	-0.0205128084	-0.1151762238	0.0225040831	-0.093912155	-0.0956572115	0.015297291	-0.0817358988	-0.0307038815	-0.0853070001	0.0277980961	-0.0353419387	-0.0720555304	-0.0417131265	0.0506728774	-0.0930394357	0.1095173577	0.1170076733	0.0262604757	-0.0503241722	-0.0897550751	-0.2019789948	-0.0048771931	0.0013615385	0.1395698861	0.0963210748	0.0022739306	-0.1904643726	-0.0526099966	-0.0189901037	0.0486756729	0.1640720523	-0.0861737362	0.0190690405	-0.1079871727	0.0174175252	0.0809639232	0.070937184	0.1386363295	-0.0191476317	-0.0543906177	-0.0515953709	-0.1010354147	0.0481383738	0.034390161	0.0403556877	-0.1460547891	0.0352648448	0.0364406105	-0.0598085263	0.0339733945	-0.1037002133	-0.133746124	-0.1448967978	0.0585438672	-0.1196218099	-0.1257691411	0.1221000468	-0.1160639717	0.1077779285	-0.0512904417930712	0.0011907640388955	0.0026307094193284	1.4179189963269597e-06	0.0609655937232531	0.0155387067903376	0.0037168036180287	0.000241451408716	-0.1337889020188782	-0.0032839000646375	0.0178994703034169	1.0783999634526698e-05	6.579989888770696e-05	-0.0004081517834957	1.665878783707967e-07	4.329626693632459e-09	0.0011909298248253	-4.601721417700011e-05	2.1175840006119003e-09	1.4183138476584197e-06	-0.0021830407498154	0.0001627578704167	4.765666915354584e-06	2.649012438261178e-08	0.0	0.0
5279.257899508018	-9.835931471063304	27870563.969517816	96.74554790345354	13307.051544607502	-96.17054936657404	177077620.8108409	9248.774565468657	5382.1753485271165	-7.176939845195193	28967811.482292987	51.5084655415504	6786.911361824198	6910.157556629713	1.293895	29.083988	0.1009205878478213	0.0584479304370857	-0.0704344191	-0.1444362657	-0.1378705177	-0.0705701945	-0.11747796	-0.1381937819	-0.1091387944	0.0307196826	0.0113903301	-0.0198320807	-0.0498047809	-0.0858691409	0.0499055976	0.0544939347	-0.008155052	0.034402596	0.200094144	0.04903201	0.0385395806	-0.0471383891	0.0177629028	0.0548931589	0.1156959759	-0.008027577	-0.0460162107	0.0018207988	-0.0880183125	-0.0151667309	0.1658066958	-0.0229302128	-0.1027754891	0.0544024258	0.076060444	-0.0399689699	0.1182833391	-0.1267504788	0.0142370323	0.0382763188	-0.0291870571	-0.0079492298	-0.0815471706	0.150909881	-0.1843227193	-0.0100997889	-0.0375600672	-0.1799048349	0.0104828369	0.0893276104	-0.0573182154	0.0604436282	-0.0601458674	-0.1620072895	-0.0904849703	-0.0246546794	0.0995866796	-0.0014428066	-0.0116351878	-0.0811992364	0.0097771423	0.0793604065	-0.0694862045	0.1438188561	-0.0375060266	0.1402778379	-0.0671227051	0.1983307973	0.1110724986	0.107649569	0.017250781	-0.035966552	-0.0011991059	0.0626201731	0.0551589295	0.0340737369	-0.1002814611	-0.0886216423	-0.1449420639	0.0923254577	0.0995856183	0.10837302	0.0610786849	-0.0046175486	0.0979773486	0.0968452365	-0.0401710032	-0.0378886052	0.1559088836	0.0356284731	0.0213801317	0.1186352006	0.0194843189	0.0633781029	-0.0208174966	0.0921899651	-0.0815732053	-0.0737676839	0.1848619442	-0.168973808	0.0149080372	0.0978617594	0.0249359277	0.0667852693	-0.0994392166	-0.0215860388	-0.0381183216	-0.1261756376	0.1237128745	-0.1196438145	0.1140212905	-0.0543280724079409	-0.0030376306148697	0.0029515394515624	9.227199752393693e-06	0.0104277145891558	-0.0505378791340973	0.0001087372315528	0.0025540772273726	-0.1302679326972935	0.0035209693215846	0.0169697342892265	1.239722496354054e-05	0.0007359662548469	0.0006701663559591	4.491229446596238e-07	5.416463282733721e-07	0.0013632119816957	0.0001722821568704	2.968114157591714e-08	1.858346907038717e-06	-0.0021490070870996	3.4033662715799926e-05	4.618231460404309e-06	1.15829019785283e-09	0.0	0.0
5275.122156456029	-4.135743051989266	27826913.76553331	17.104370592077487	13354.470932006836	47.41938739933357	178341893.87381554	2248.598301328076	5378.74089904277	-3.43444948434626	28930853.65903543	11.79544326052629	6785.2731942684095	6822.521764160312	1.260918	28.342737	0.0970598058468469	0.0448798774300016	0.119504506	-0.1177089955	-0.0193015876	0.0869110086	-0.0179839654	-0.102233885	-0.0558475657	-0.1108073025	-0.1037929413	0.0284370086	-0.0566838664	-0.0631060575	0.0682664801	-0.1235106004	0.0580339656	-0.0260761101	-0.115600721	0.1094617403	0.0276444145	-0.0770537095	0.0104370821	0.1320175512	0.0809288057	0.0293538895	-0.1185484375	-0.1705159265	-0.0761463797	-0.0741528842	0.1217390818	-0.0682785019	0.0236453437	0.0785910487	-0.1543448054	0.1439996933	-0.1475696941	0.0935805866	-0.0617582279	0.1673293904	-0.0535701393	-0.1372367904	0.0474654978	-0.0094367944	-0.0170908948	0.0486301256	0.1832707855	-0.0933914033	-0.0007380347	0.0907133111	0.0631517963	0.2241034189	-0.0270082986	-0.0884309384	-0.0153990227	0.121267811	-0.1138358418	-0.1107721617	-0.0011172444	-0.0534108998	0.0226317352	0.0689754281	-0.1344044566	-0.1155357509	-0.0527856365	0.054745145	-0.0161512929	0.1431305069	0.050129362	0.0220313187	-0.023199299	-0.0484105394	0.096479051	-0.1195891331	0.1537898566	-0.1408236838	0.1548515934	0.0660624804	-0.008170234	0.086501163	0.0653106988	0.0239543544	0.0205369569	0.108309726	0.0821021527	-0.0579071832	0.0392212035	0.1158918256	0.0424107797	-0.0575550424	0.1026813119	0.1720754195	0.0272147708	-0.1089032139	-0.004653874	-0.0199561115	0.0277122813	0.1268230117	0.0155820002	-0.213586322	0.0696419221	-0.0667284927	0.07897762	-0.033562119	0.0894780794	-0.0159602092	0.007288239	-0.1265011483	0.125008133	-0.1225328133	0.1190946399	-0.0700718067335515	-0.0157437343256105	0.0049100580989041	0.0002478651705154	0.0453783070136779	0.0349505924245221	0.0020591907474276	0.001221543910825	-0.1174202859795343	0.0128476467177592	0.0137875235595156	0.0001650620261843	0.000551760707202	-0.0001842055476449	3.3931683783157535e-08	3.044398780120512e-07	0.0010738558819984	-0.0002893560996973	8.372695243203384e-08	1.1531664553025614e-06	-0.0023458020873365	-0.0001967950002368	5.502787432952281e-06	3.8728272118241454e-08	0.0	0.0
5280.9198842390015	5.797727782972288	27888114.82375087	33.61364744544876	13328.794296473672	-25.67663553316379	177656757.3977091	659.2896123029293	5372.394453784474	-6.346445258296626	28862622.167054173	40.27736741655573	6781.313107234873	6830.367802795751	1.243319	27.947151	0.1223298288758139	0.061335611557803	0.017145379	-0.1479135709	0.0826916442	-0.0890109043	0.1098556982	-0.0836953409	-0.140946531	0.1073084458	-0.0016346681	0.057870373	-0.1428898044	0.0383104633	0.1019043081	0.0691534509	0.044735058	0.0848538463	-0.0559406683	-0.1639490513	0.111287621	0.0199606846	-0.096011967	0.0621961762	-0.093352469	0.0046191521	0.065206879	-0.0280712551	-0.036659631	0.071176272	0.0505395543	0.1119932245	-0.1750987407	0.0771619926	-0.0291083003	-0.0003826326	-0.0616008953	0.0130719307	0.0052594418	0.1177590382	0.0828902403	-0.0731219221	-0.0595952171	0.063162689	0.0441812186	0.0937549134	0.0151122036	-0.0480041756	-0.1583226136	0.1367387166	0.1378404442	0.0229727136	0.1557041212	-0.0489690757	-0.0904870604	0.0410865497	0.0844703357	0.0322411086	-0.0896184242	0.0538190482	-0.0337327676	0.033593378	-0.0417051814	-0.1329758524	0.2086201345	-0.0976339497	-0.005638006	-0.0839402048	0.1110125047	0.0261708184	-0.0261072518	0.0711389472	-0.037260333	-0.0986142839	0.1385680408	-0.0067173654	-0.0682607005	-0.0059471834	0.1336408358	0.1169587987	0.0920654469	-0.0818123859	0.0901255126	0.0903013241	-0.0791908176	0.049038941	-0.0220879521	-0.0709315206	0.1532990365	0.0133014936	0.0251684922	0.0606761664	0.0613973793	-0.0752123469	0.0340926838	-0.1227796735	0.1902912865	0.2013867754	0.0474863878	0.163351395	-0.0714477998	-0.2405762827	0.1372789589	-0.0090249961	0.100545413	0.1180756933	-0.191698798	-0.1267454643	0.1259824975	-0.1247142864	0.122945917	-0.0576418089678583	0.0124299977656931	0.003322578141087	0.0001545048444551	0.0188329794968069	-0.0265453275168709	0.0003546811167271	0.0007046544129779	-0.1170169528409346	0.0004033331385997	0.0136929672521775	1.6267762069269038e-07	0.0015230867099472	0.0009713260027452	9.434742036089684e-07	2.3197931260177865e-06	0.0015119063761648	0.0004380504941664	1.918882354394273e-07	2.285860890287777e-06	-0.0020961551751551	0.0002496469121813	4.393866518329509e-06	6.232358076170762e-08	0.0	0.0
5294.205647248336	13.285763009334914	28028613.435356177	176.51149874021192	13341.527935289358	12.73363881568548	177996367.6481063	162.14555748833197	5376.280749071317	3.886295286843051	28904394.69283484	15.103291056538511	6764.867519881877	6788.050677422039	1.244749	27.97929	0.0876727600126371	0.0518692127618377	-0.0350925238	-0.0784778063	-0.0553645903	0.0904312584	-0.0096675529	0.0843115166	-0.1268804739	-0.0431827686	0.0375572795	0.0481533475	-0.0975836961	-0.0179215642	-0.1012079313	0.0206631735	-0.0132340974	-0.0610629829	0.0117570434	-0.0267841914	0.0813574376	0.0414358789	-0.1349086849	-0.1052671707	-0.0425147172	0.0899831644	0.0975897865	-0.0483311549	0.031686515	0.0175720629	-0.0042313329	-0.0673015503	-0.0580460502	0.0331541554	0.1139898217	-0.017973919	0.102189195	0.0341105633	0.1221590936	-0.0313397742	0.1163922919	0.0269190649	-0.0322191611	0.0195175623	0.0809017361	-0.0366250716	-0.0728024723	-0.2098777561	-0.1763201883	0.0072834293	-0.0876334141	-0.1655808685	-0.0103502777	0.0535559528	-0.1498914059	-0.0326188384	0.0321397811	-0.0917392064	0.0103214327	0.0258045234	0.0241012066	-0.0658479211	0.0728754931	0.0971158257	0.1263144141	0.0397374591	-0.119013038	0.0802657932	-0.0576894655	-0.0235864452	0.0334566623	0.0193078376	-0.0342471818	0.1373232027	-0.2597528788	0.0036676188	-0.0878931887	-0.1336129307	0.092671239	0.0376281014	0.0537384928	-0.0785054075	-0.0170481753	-0.0741286205	-0.0275187292	0.0951370885	0.0640223012	0.0639772028	0.077849854	-0.0480841431	-0.0724866884	-0.054519317	0.0629598991	0.0349912964	-0.1507170267	-0.133754528	0.0857798166	-0.0498472938	0.138535535	0.1924205563	-0.1548652402	-0.1128971532	0.0442303528	0.0662158705	-0.0619604727	-0.0705571672	0.0659277108	-0.1269084288	0.1266334666	-0.1261756376	0.1255356027	-0.0605784515990137	-0.0029366426311553	0.003669748798134	8.623869943119281e-06	0.0071718016698554	-0.0116611778269515	5.14347391917407e-05	0.0001359830683117	-0.1671191426876248	-0.0501021898466901	0.0279288078526466	0.0025102294274337	0.0013562793022303	-0.0001668074077169	2.7824711269232145e-08	1.8394935456583093e-06	0.0012195813854165	-0.0002923249907483	8.545390021599373e-08	1.4873787556544294e-06	-0.0020958325794635	3.225956916002963e-07	4.392514201140628e-06	1.0406798023907349e-13	0.0	0.0
5310.843255316163	16.637608067826477	28205056.082537174	276.81000221860467	13383.91575643461	42.38782114525202	179129200.9753386	1796.7273814418745	5385.04000044266	8.759251371343453	28998655.806367487	76.72448458638216	6781.028540753304	6934.641722069994	1.225392	27.544199	0.161030633367633	0.0821376430930429	0.0580176192	0.0527719132	-0.0631019255	-0.0076228527	-0.1228694966	-0.0159000458	0.0224366841	-0.1064308162	0.04632664	-0.0053070105	0.0005376586	-0.0596395428	-0.1303014027	-0.1191638219	-0.018688307	-0.0015812372	0.0189409255	0.0123022795	0.0640466233	0.0983172774	0.0910458375	0.1020645716	0.0568358276	0.0170671419	0.0833591769	0.0229733475	0.0866526732	0.0219128018	-0.0579436081	0.0351317621	0.0396021857	0.0947872723	-0.0277104532	0.0218306048	0.0596908434	-0.0256839834	0.0629541139	0.0175065932	-0.0647867141	0.1302861247	0.070978233	-0.0877894546	0.0765549939	-0.1541040876	0.0592804817	-0.0470926589	0.1363453287	0.063371924	-0.0663302359	0.0544087785	-0.1350486525	0.0086385216	-0.0397372331	0.0187577786	-0.0721237378	0.0631275102	0.0787619432	-0.0686258384	0.0115206856	0.0097872624	-0.1467694984	0.0815219522	-0.0408973605	-0.1403523833	0.1214609035	0.1384944863	-0.0165984469	0.0696165632	0.0157140675	0.0531302552	-0.0707389091	-0.037417395	-0.0315205096	0.0699982608	0.0587904543	-0.0302074433	-0.0819183651	-0.0240848615	0.0042113652	0.0082472248	0.0180320306	-0.0409060171	0.0965680074	-0.1195770337	-0.0025522789	-0.0108325327	-0.0031061207	-0.1269535138	-0.0934363721	-0.0132761416	0.0240636165	-0.0404408787	0.0364170494	-0.0457314432	0.0399337994	-0.0064065698	0.1246197091	-0.0569153176	0.2020225444	0.1167972706	0.0741691052	0.0084380514	-0.082746785	0.0775238202	-0.0488898577	-0.1269899372	0.1269593695	-0.1269084288	0.1268371232	-0.0580419589768723	0.0025364926221413	0.0033688690018729	6.433794822177731e-06	0.0775284075893552	0.0703566059194998	0.0060106539833411	0.0049500519965117	-0.1549710394192729	0.0121481032683518	0.0240160230586898	0.0001475764130185	0.0007239054614362	-0.0006323738407941	3.9989667452068177e-07	5.240391170971575e-07	0.0007261007390237	-0.0004934806463927	2.435231483642556e-07	5.272222832107633e-07	-0.0024897667234294	-0.0003939341439659	6.198938337096372e-06	1.5518410978214664e-07	0.0	0.0
