global_signal	global_signal_derivative1	global_signal_derivative1_power2	global_signal_power2	csf	csf_derivative1	csf_derivative1_power2	csf_power2	white_matter	white_matter_derivative1	white_matter_derivative1_power2	white_matter_power2	csf_wm	tcompcor	std_dvars	dvars	framewise_displacement	rmsd	t_comp_cor_00	t_comp_cor_01	t_comp_cor_02	c_comp_cor_00	c_comp_cor_01	c_comp_cor_02	c_comp_cor_03	c_comp_cor_04	c_comp_cor_05	c_comp_cor_06	c_comp_cor_07	w_comp_cor_00	w_comp_cor_01	w_comp_cor_02	w_comp_cor_03	w_comp_cor_04	w_comp_cor_05	w_comp_cor_06	w_comp_cor_07	w_comp_cor_08	w_comp_cor_09	w_comp_cor_10	w_comp_cor_11	w_comp_cor_12	w_comp_cor_13	w_comp_cor_14	w_comp_cor_15	w_comp_cor_16	w_comp_cor_17	w_comp_cor_18	w_comp_cor_19	w_comp_cor_20	w_comp_cor_21	w_comp_cor_22	w_comp_cor_23	w_comp_cor_24	w_comp_cor_25	w_comp_cor_26	w_comp_cor_27	w_comp_cor_28	w_comp_cor_29	w_comp_cor_30	w_comp_cor_31	w_comp_cor_32	w_comp_cor_33	w_comp_cor_34	w_comp_cor_35	w_comp_cor_36	w_comp_cor_37	w_comp_cor_38	w_comp_cor_39	w_comp_cor_40	w_comp_cor_41	w_comp_cor_42	w_comp_cor_43	w_comp_cor_44	w_comp_cor_45	w_comp_cor_46	a_comp_cor_00	a_comp_cor_01	a_comp_cor_02	a_comp_cor_03	a_comp_cor_04	a_comp_cor_05	a_comp_cor_06	a_comp_cor_07	a_comp_cor_08	a_comp_cor_09	a_comp_cor_10	a_comp_cor_11	a_comp_cor_12	a_comp_cor_13	a_comp_cor_14	a_comp_cor_15	a_comp_cor_16	a_comp_cor_17	a_comp_cor_18	a_comp_cor_19	a_comp_cor_20	a_comp_cor_21	a_comp_cor_22	a_comp_cor_23	a_comp_cor_24	a_comp_cor_25	a_comp_cor_26	a_comp_cor_27	a_comp_cor_28	a_comp_cor_29	a_comp_cor_30	a_comp_cor_31	a_comp_cor_32	a_comp_cor_33	a_comp_cor_34	a_comp_cor_35	a_comp_cor_36	a_comp_cor_37	a_comp_cor_38	a_comp_cor_39	a_comp_cor_40	a_comp_cor_41	a_comp_cor_42	a_comp_cor_43	edge_comp_00	edge_comp_01	edge_comp_02	edge_comp_03	edge_comp_04	edge_comp_05	edge_comp_06	edge_comp_07	edge_comp_08	edge_comp_09	edge_comp_10	edge_comp_11	edge_comp_12	edge_comp_13	edge_comp_14	edge_comp_15	edge_comp_16	edge_comp_17	edge_comp_18	edge_comp_19	edge_comp_20	edge_comp_21	edge_comp_22	edge_comp_23	cosine00	cosine01	cosine02	cosine03	trans_x	trans_x_derivative1	trans_x_power2	trans_x_derivative1_power2	trans_y	trans_y_derivative1	trans_y_derivative1_power2	trans_y_power2	trans_z	trans_z_derivative1	trans_z_power2	trans_z_derivative1_power2	rot_x	rot_x_derivative1	rot_x_derivative1_power2	rot_x_power2	rot_y	rot_y_derivative1	rot_y_power2	rot_y_derivative1_power2	rot_z	rot_z_derivative1	rot_z_derivative1_power2	rot_z_power2	motion_outlier00	motion_outlier01	motion_outlier02	motion_outlier03	motion_outlier04	motion_outlier05	motion_outlier06	motion_outlier07	motion_outlier08	motion_outlier09	motion_outlier10	motion_outlier11	motion_outlier12	motion_outlier13	motion_outlier14	motion_outlier15	motion_outlier16	motion_outlier17	motion_outlier18	motion_outlier19	motion_outlier20	motion_outlier21	motion_outlier22	motion_outlier23	motion_outlier24	motion_outlier25	motion_outlier26	motion_outlier27	motion_outlier28	motion_outlier29	motion_outlier30	motion_outlier31	motion_outlier32	motion_outlier33	motion_outlier34	motion_outlier35	motion_outlier36
5055.194768566457	n/a	n/a	25554994.14814168	11084.424010281737	n/a	n/a	122864455.63971026	4977.212466907837	n/a	n/a	24772643.940742794	5480.054110958946	7698.826344931997	n/a	n/a	n/a	n/a	-0.0076935059	-0.0681541666	0.0583845238	0.0139485942	-0.1777874921	0.634903448	-0.2347159956	0.1321558406	-0.3891299974	-0.0013859081	0.1540615948	-0.0593084711	0.0071664456	-0.0246324703	0.1184275828	-0.1512078334	0.0455643002	-0.0149523312	0.0275296376	-0.0121973667	0.0102043931	-0.0660758869	0.0477702381	-0.1471507414	0.0243533614	-0.0228538343	0.0157534456	-0.0440409296	0.0089026252	0.0157777417	-0.0335165038	0.0722043774	-0.0097197458	-0.0656015673	-0.107317125	0.2035039196	-0.0683085549	-0.0235867312	-0.0342881398	0.0614377537	0.0895014809	0.1841610827	-0.0988648275	0.0156082284	0.0641998482	0.0105253941	-0.011792941	-0.0888799112	-0.2318354351	0.0705886469	0.0658646793	0.0982716949	-0.1241626142	-0.0676551609	0.1120609242	0.0012188147	0.0645601154	0.10488322	0.0480867943	-0.0516108067	0.1553531595	-0.0936035899	0.2128056565	-0.089964993	0.1308999177	-0.2169014965	0.0343317513	-0.0154448205	0.2330335674	-0.2716253374	0.0701001844	-0.0914185442	0.0683768163	-0.0856839186	0.0758304429	-0.1706650053	0.0636599345	-0.1776019683	0.1024615823	-0.0169199413	-0.1173249733	0.0174887111	0.0140697833	-0.2062346325	-0.1182942514	0.0649589906	0.0180546425	-0.0738765629	-0.1572911593	0.0383796366	0.1000651576	0.0548872394	-0.1607557108	-0.0931296563	0.1008733504	0.0684579598	0.0129551752	-0.0588586405	-0.0014972287	-0.0550592859	0.1610115173	0.0798471278	0.0127195334	-0.0302822624	0.0041331903	-0.0290714086	0.0900783892	-0.2069691042	-0.0073309429	0.1070484881	-0.1012725706	0.0498622175	-0.0460988125	0.1253731641	-0.0934979943	0.1242379225	-0.0582546462	0.0191955769	-0.0745062251	0.0379007635	-0.4083316785	0.023747992	-0.0258918242	0.073164152	-0.11241657	0.0495667058	0.1269899372	0.1269593695	0.1269084288	0.1268371232	0.0088000040263409	n/a	7.744007086361606e-05	n/a	0.0186665998206763	n/a	n/a	0.0003484419488652	-0.0007424511490086	n/a	5.512337086641904e-07	n/a	0.001211003174974	n/a	n/a	1.4665286897971082e-06	-0.0015190020491318	n/a	2.307367225266607e-06	n/a	1.91956654202539e-06	n/a	n/a	3.684735709263314e-12	0.0	0.0	0.0	0.0	0.0	0.0	0.0	0.0	0.0	0.0	0.0	0.0	0.0	0.0	0.0	0.0	0.0	0.0	0.0	0.0	0.0	0.0	0.0	0.0	0.0	0.0	0.0	0.0	0.0	0.0	0.0	0.0	0.0	0.0	0.0	0.0	0.0
5038.492931484742	-16.701837081714984	278.9513619041497	25386411.020621717	10889.632866261536	-194.7911440202006	37943.589788698526	118584103.96196344	4966.54413716358	-10.66832974425688	113.81325953219608	24666560.66639393	5462.867531657581	7650.580436892626	1.390883	28.247635	0.0816847454381253	0.0383455203577505	-0.0224008959	0.0899574136	0.0644604379	0.0271390847	0.0046283738	0.1488906273	-0.1438985152	0.0559486338	-0.1245904398	-0.1795984275	0.0054419377	0.0917207387	0.0519956661	-0.1820541717	0.0686813202	-0.1256326584	0.0511596645	0.0388513553	-0.0713608177	-0.0266305286	-0.0821724382	-0.0305537859	-0.0642271481	-0.2187592154	-0.0336342777	-0.0251788791	-0.1036413144	-0.1450262248	0.0155030217	0.0552779125	0.151281025	-0.0005339309	0.0642365186	-0.1827889843	0.0690786013	-0.0118028669	0.0663654241	0.0069843928	-0.0692158317	0.0639524704	0.0977601837	0.1162252017	0.0556268361	0.1276706352	-0.1175408989	-0.0192238955	-0.1451942476	0.0391350465	0.0791211853	0.0511001682	-0.0307071039	-0.0285163683	0.0018478546	-0.1740623545	-0.0723320369	-0.0629545267	-0.0572686523	0.0017604942	-0.0365357752	-0.1039955591	0.132025884	0.0434947013	0.16569012	-0.0168047564	0.141932419	-0.1861150738	-0.1343337131	0.0413319622	0.176997927	-0.0356301513	0.006226466	-0.1213125472	-0.309717245	-0.0085273348	-0.0384865392	-0.0387275996	-0.0090486393	-0.0029522611	0.0053763206	0.2158652729	0.0759826416	-0.0450824297	0.072237865	0.0723938807	0.0026457709	-0.1107476987	0.0803607443	0.0851854931	0.0733633115	-0.0756386654	0.0203184386	-0.1237670841	0.0068708655	0.024158087	-0.024335125	-0.1454453822	-0.0882930774	0.0413185537	-0.0311745453	-0.0685731049	-0.0003238628	-0.0752324143	0.1244395374	0.0341182335	0.1415551751	0.0316991344	0.1949274761	-0.1183704128	0.0188569861	0.0613487183	-0.022373136	0.2677921144	-0.0806533303	0.197251756	-0.1832408802	0.2197772974	-0.0072573031	0.0220318207	-0.133222256	0.2676046073	0.06907738	-0.0602952107	0.0420166171	0.1036378309	0.1580739914	-0.2112581492	0.1269084288	0.1266334666	0.1261756376	0.1255356027	-0.010177006921026	-0.0189770109473669	0.0001035714698706	0.0003601269444964	0.0272943617617755	0.0086277619410992	7.443827611227983e-05	0.0007449821839826	0.0274507745956356	0.0281932257446442	0.0007535450259003	0.0007948579778884	0.0015639618120727	0.0003529586370987	1.2457979950257194e-07	2.445976549621724e-06	-0.0014090436182281	0.0001099584309036	1.985403918069336e-06	1.2090856526803752e-08	-5.2898301555875655e-05	-5.4817868097901045e-05	3.004998662798877e-09	2.7982303074963572e-09	0.0	0.0	0.0	0.0	0.0	0.0	0.0	0.0	0.0	0.0	0.0	0.0	0.0	0.0	0.0	0.0	0.0	0.0	0.0	0.0	0.0	0.0	0.0	0.0	0.0	0.0	0.0	0.0	0.0	0.0	0.0	0.0	0.0	0.0	0.0	0.0	0.0
5028.519476475879	-9.973455008863311	99.46980481382067	25286008.12529725	10780.676437773234	-108.95642848830175	11871.503308926414	116222984.455959	4969.568536251139	3.0243990875596864	9.146989840831864	24696611.436497293	5463.831902454689	7576.840609826278	1.363933	27.700294	0.2040911808370527	0.0902767742464359	-0.0537225564	-0.094036584	0.0999292083	0.0313553093	-0.071719681	0.0228228147	-0.1672143073	0.0475796839	0.0423134786	0.0639183697	0.0182205677	0.0258579014	-0.0583005715	-0.0249601258	0.0187727975	-0.0569098026	-0.1162277775	0.0974049106	0.0285598672	-0.055957079	-0.008791526	-0.14424861	-0.1173163088	-0.1246798796	-0.12330405	-0.0347927262	0.0300307006	-0.0123305129	0.1611201514	-0.1368176448	-0.0860010584	0.0141473331	0.0356186135	0.0459906641	0.1006781272	-0.0669766576	0.0209662072	-0.1343720632	-0.0191338363	-0.08757458	0.0830044709	0.0398672594	0.1348647829	-0.1189689191	-0.0809002469	-0.0283928673	-0.012306164	0.0100135161	0.2228859351	-0.0319777773	-0.0536787943	-0.0444097128	0.1313133015	-0.0938934747	-0.0358199835	0.0925394674	0.0463299184	-0.1389142886	0.0801770713	-0.0578203892	0.17774553	-0.0254288638	0.1147890389	-0.0389922482	-0.0063346905	-0.0824456253	0.1653727964	0.044697746	0.0092762497	0.039085414	0.0647940323	0.0702400351	-0.0551796272	0.0557787903	0.0435354708	-0.0650660576	0.1349267974	-0.066854136	-0.1105161957	-0.0153776091	0.0053418552	0.0030426748	0.0428181669	0.2351008259	0.0193461088	0.008343395	-0.0032832407	-0.072246791	0.2027497118	0.0191762614	-0.0654315212	-0.0117543119	0.1540916328	0.0669237642	-0.080520119	-0.0855031442	-0.0819567554	-0.0564260371	-0.1100084585	0.0551741936	-0.152642982	-0.0801231334	-0.0930645835	0.0078352468	0.0717778277	-0.0993671701	0.236392287	-0.066378156	-0.036638582	0.1432893386	-0.0791199334	0.0356425385	-0.0767770052	-0.0748480536	-0.2585031409	-0.0478160313	-0.0251941372	0.0155789349	-0.0319013822	0.0133053385	0.2041768742	0.0725057484	0.1426667875	0.0148243662	-0.0543408829	0.0467214066	0.1267454643	0.1259824975	0.1247142864	0.122945917	0.0058225748117877	0.0159995817328137	3.390237743886457e-05	0.0002559866156249	-0.0126790107856038	-0.0399733725473793	0.0015978705128115	0.0001607573145014	-0.0158898502610753	-0.0433406248567109	0.0002524873413193	0.0018784097629701	0.0004862368098222	-0.0010777250022505	1.1614911804758402e-06	2.364262352260703e-07	-0.0021549489484911	-0.000745905330263	4.643804970602898e-06	5.563747617147553e-07	0.0002190233999336	0.0002719217014894	7.394141174093153e-08	4.79712497184737e-08	0.0	0.0	0.0	0.0	0.0	0.0	0.0	0.0	0.0	0.0	0.0	0.0	0.0	0.0	0.0	0.0	0.0	0.0	0.0	0.0	0.0	0.0	0.0	0.0	0.0	0.0	0.0	0.0	0.0	0.0	0.0	0.0	0.0	0.0	0.0	0.0	0.0
5018.570526442755	-9.948950033123763	98.98160676159335	25186050.128879912	10786.58409822296	5.907660449725881	34.9004519892554	116350396.50803643	4968.2102447248935	-1.358291526245921	1.8449558702714732	24683113.035789385	5458.087182714584	7549.75836609631	1.589915	32.289799	0.0290217329270539	0.0171476777040694	0.1313452656	0.025419405	-0.1354052779	-0.066230719	0.0216224087	-0.0508621356	-0.2036254727	-0.0462809502	0.0308442841	-0.0010026596	-0.2351686644	0.0493074361	-0.024534703	0.0789061919	0.1091761836	-0.1401943666	-0.2124515065	0.1130893166	-0.0263478878	-0.1045146465	0.028868499	-0.0163779461	0.1137760997	0.0734468939	-0.046238362	0.0392073824	-0.0866519829	0.0671768941	0.0394679423	-0.1720795939	-0.0532130797	0.0694526244	-0.0013574318	0.0811096841	-0.0407040832	-0.0499293367	0.0506437977	0.0282256706	0.0786615335	0.085576687	0.0288265738	0.2526824689	0.0089609667	-0.0949581118	0.05825001	0.0116879487	0.0761437133	-0.013771092	-0.0044785307	-0.024480487	-0.0321487756	-0.1091733306	-0.0811736566	0.1492066479	0.0139265117	0.0164978191	0.0312096706	0.127461758	-0.1144554001	0.0787556906	0.1756263113	0.0056237063	0.1350136554	-0.1852920605	-0.1897198634	0.0617353691	0.0267663733	0.0061260085	-0.0285918838	0.14258538	-0.0177795723	0.0478931011	-0.0043851783	-0.0782569947	0.0344294044	-0.084484015	-0.0127834916	-0.0213264743	-0.0115696111	-0.2228178578	-0.0169859999	-0.058528471	0.1039358844	0.0173893748	-0.0182411014	0.1088639237	-0.067521883	-0.0935945916	0.0257801733	-0.031797586	0.0020064007	-0.0054462414	0.0002098507	0.0949847072	0.1272194481	-0.0348343952	0.1004947257	-0.0017124989	0.0230500141	0.090148363	-0.0294487423	0.1209131097	-0.1095889419	-0.0986289476	0.2147624692	0.0563754459	0.1431181817	-0.0101677563	0.0412111416	0.0560390452	0.0223351741	-0.1229081614	-0.0665496786	-0.198603072	-0.0398100457	0.0629042503	0.1386536026	0.0821406467	-0.0481981196	-0.0274034609	0.031534589	-0.0671613484	0.0299423036	0.0480011414	-0.1453413642	-0.0249553329	0.1265011483	0.125008133	0.1225328133	0.1190946399	0.0038195449125026	-0.0020030298992851	1.4588923338624495e-05	4.012128777430077e-06	0.0024931469287992	0.015172157714403	0.0002301943697107	6.215781608580884e-06	-0.0085463424065395	0.0073435078545358	7.303996852981538e-05	5.3927107609629e-05	0.0005122711199175	2.60343100953e-05	6.777853021382394e-10	2.624217003015297e-07	-0.002190937727873	-3.598877938189998e-05	4.800208127417305e-06	1.295192241399069e-09	0.000247061059633	2.80376596994e-05	7.861103614193585e-10	6.103916718698078e-08	1.0	0.0	0.0	0.0	0.0	0.0	0.0	0.0	0.0	0.0	0.0	0.0	0.0	0.0	0.0	0.0	0.0	0.0	0.0	0.0	0.0	0.0	0.0	0.0	0.0	0.0	0.0	0.0	0.0	0.0	0.0	0.0	0.0	0.0	0.0	0.0	0.0
5016.124071498918	-2.446454943837125	5.985141792225111	25161500.700670883	10711.255931478709	-75.32816674425158	5674.332705049769	114731003.62963782	4962.135991237941	-6.07425348695233	36.89655542375254	24622793.595538944	5448.094923813655	7506.809130545693	1.629561	33.094967	0.0892696024440051	0.0452946988532556	-0.0662524434	0.1230109123	0.1193118107	0.0116683705	0.1743193668	-0.1669389986	-0.1815594179	0.0984603282	0.0769775231	-0.1096003711	0.0726477523	0.1638117513	0.1190289225	-0.1159885326	0.0800167621	-0.1696858724	-0.0486095802	-0.1386952105	0.0573134422	0.1404517959	-0.1548416557	-0.0892974114	0.0357704921	-0.0077203316	-0.0308391397	0.1378227644	-0.1372682223	-0.0196161398	-0.1374370798	0.0416108656	0.0061689743	-0.1711286418	-0.0444350183	0.0210088916	0.0726162761	-0.0214095517	0.0166576301	-0.0925579728	0.003906766	0.0250815391	-0.1206445841	-0.0025269827	-0.0453285959	-0.0285749309	-0.166206577	-0.0425023375	-0.1041725744	-0.1032603983	0.0475476487	-0.1222673592	0.0269311361	-0.0072839508	-0.0728543735	0.1490163096	-0.0737217312	-0.06267471	-0.0678230161	-0.082553921	-0.0879620256	-0.1202366218	0.0804995375	0.2454061568	0.1201165166	0.0550482038	0.0734068955	0.0578421334	-0.0435541489	0.0374666328	0.0253045907	0.0837517407	0.0869860943	0.072307027	0.024861565	0.0826926111	0.0218125542	0.1389456758	-0.185308501	0.1363103425	0.0424210419	0.102324489	0.1184630111	-0.1069007908	0.0486494854	0.0362448126	-0.2519882004	-0.0460456705	-0.0179807905	0.0311403811	0.0767022223	0.034633366	0.0937004027	0.0558114875	0.0758647711	-0.0216460714	0.0808883468	0.1494625625	-0.0229808606	0.0297198053	0.0601264812	0.0552542817	-0.0569265772	0.007594922	-0.0876803432	0.1340242745	0.1952733603	-0.0036400167	0.1473495549	0.0275853531	-0.058734752	-0.0416214401	0.0053058657	0.1203590774	-0.0094733625	-0.0970210595	0.0240478257	-0.0959505781	0.0834079735	-0.0210631145	0.0343591023	0.0960144317	-0.0037358203	-0.0972552277	0.0295293674	-0.0209681628	-0.1581664614	0.0192726682	0.1261756376	0.1237128745	0.1196438145	0.1140212905	0.0018489883135544	-0.0019705565989482	3.4187577836607446e-06	3.883093309658297e-06	0.0380318171508662	0.035538670222067	0.0012629970811528	0.0014464191157969	0.0023922565991156	0.0109385990056551	5.722891636012138e-06	0.0001196529482065	0.0003740015753371	-0.0001382695445803	1.9118466958471215e-08	1.3987717835463248e-07	-0.0017590038998092	0.0004319338280638	3.0940947195439736e-06	1.8656683182584858e-07	8.288999305034622e-07	-0.0002462321597024	6.063027647175577e-08	6.870750947886444e-13	0.0	1.0	0.0	0.0	0.0	0.0	0.0	0.0	0.0	0.0	0.0	0.0	0.0	0.0	0.0	0.0	0.0	0.0	0.0	0.0	0.0	0.0	0.0	0.0	0.0	0.0	0.0	0.0	0.0	0.0	0.0	0.0	0.0	0.0	0.0	0.0	0.0
5024.638794493581	8.514722994663316	72.50050767584823	25246995.01512991	10727.224128683614	15.968197204905664	254.98332197475705	115073337.50701192	4963.651932552869	1.5159413149276588	2.2980780703045998	24637840.50753583	5448.185094815982	7506.948762155991	1.447597	29.39945	0.0633004877410043	0.0303504459937494	-0.0592095995	-0.1247995603	0.0325932639	0.0600642806	-0.0525651066	-0.1883428354	-0.0698016015	0.0005991332	-0.0728686958	0.1601696528	-0.1029654109	0.095122452	0.0231879299	-0.058699236	0.0421271814	0.1248339968	-0.198873382	0.0209638299	0.0052112981	-0.0002188456	0.0267007821	-0.059864629	-0.076929125	0.027676788	0.0651582007	0.004411988	0.0215479175	0.1522245152	-0.012140877	0.0096079878	-0.0914048798	-0.1059466697	0.0128621018	0.0326314177	0.1607038832	0.0745722947	-0.0191496129	0.0432768342	0.0429607378	0.039560188	-0.0280577465	-0.0044077258	0.0581826877	-0.1113348031	0.1275860297	-0.069912363	0.0961179598	-0.220734458	0.0284444248	-0.0071303105	0.0761522148	-0.0924398572	0.0118378023	0.0520730362	0.1566038911	-0.0545160123	0.1335600019	0.0655841113	0.1228132599	-0.0089072669	0.0195488691	0.1821914291	0.0199590679	0.0100059637	-0.1556801151	0.0099100302	0.1541686404	0.0976367154	-0.035175587	0.069872854	0.0850177908	-0.0333212014	0.1040159172	0.0829986801	-0.132005304	-0.0508082368	0.0534643671	-0.0334682342	0.0516911553	-0.0245236225	-0.0243796259	0.0673438833	-0.0565228575	0.0286059969	-0.0682935934	0.0428538837	-0.0888550689	-0.0615330463	0.011415547	0.0576916562	-0.0346721788	0.1118259675	0.113462924	0.0471463281	0.0019255518	0.0077059297	0.0571547172	0.075380991	-0.0600853831	-0.005669619	0.0248219339	0.1037934489	-0.095939415	0.0215996989	0.0576076278	-0.1469766736	0.1141937091	0.028251093	-0.0959441286	0.0822853766	0.0108387126	-0.068570314	-0.1901302848	-0.0032826924	0.0603891431	-0.153288584	-0.0110942772	0.0031986116	0.1379262311	-0.0104025514	0.0425170563	0.119058189	0.0562420053	-0.1670393662	-0.0009578163	0.1171058201	0.1257691411	0.1221000468	0.1160639717	0.1077779285	0.0027858612708513	0.0009368729572968	7.76102302042922e-06	8.777309381142386e-07	0.0334727094455331	-0.004559107705333	2.078546306882762e-05	0.001120422277625	-0.0193279999218489	-0.0217202565209645	0.0003735715809789	0.0004717695433365	0.0001551105735444	-0.0002188910017927	4.79132706658118e-08	2.4059290025272724e-08	-0.0014119902507763	0.0003470136490328	1.9937164682873188e-06	1.2041847261512862e-07	0.0001566092602531	0.0001557803603225	2.426752066223801e-08	2.452646039702321e-08	0.0	0.0	0.0	0.0	0.0	0.0	0.0	0.0	0.0	0.0	0.0	0.0	0.0	0.0	0.0	0.0	0.0	0.0	0.0	0.0	0.0	0.0	0.0	0.0	0.0	0.0	0.0	0.0	0.0	0.0	0.0	0.0	0.0	0.0	0.0	0.0	0.0
5031.875934763605	7.237140270023701	52.37619928799873	25319775.422853105	10752.334929945557	25.11080126194247	630.5523400167715	115612706.44572732	4970.377959760126	6.726027207257175	45.23944199276376	24704657.062869232	5454.120290437368	7540.47578440809	1.478274	30.022465	0.0221374744363821	0.012035502201565	0.1324954665	0.0156220476	-0.1226111621	-0.108925861	0.0644814797	-0.1124805163	-0.07234229	-0.074362213	-0.0322859297	0.0592630461	-0.1056818806	-0.0029734081	0.0141735993	0.0488438901	0.0691909263	-0.0468289939	0.0369100046	-0.0569244293	0.0537714042	0.001237341	0.0366631506	-0.0131104753	0.0168453056	0.0921765966	-0.0413550222	0.1157101074	0.0598142089	-0.0982335944	0.0552137263	0.0154278965	0.1140236134	0.1020360672	-0.2844100591	0.1502553608	-0.1084122491	-0.025051869	0.0747072012	0.1622599068	0.0052073505	0.0444982532	-0.0531444413	0.0856753538	0.143664601	-0.2583470756	0.0356198275	0.0868359909	-0.0915674522	0.1565851396	-0.0213318679	0.1852695434	0.0191511958	0.0731547484	0.1179806794	0.0973901106	-0.1192841513	0.0992513975	-0.0476620682	-0.0063149317	-0.0987737992	0.1232072913	0.0247535692	0.0498299299	-0.0155366252	-0.1031082684	-0.0841526913	0.02084432	0.0331620219	-0.090468602	-0.1695132379	-0.0239423297	-0.0404695859	0.210599819	-0.0937807361	0.0450719225	0.1083072358	0.0620907929	-0.1956539203	-0.0910054657	-0.0336890355	-0.0756402206	0.1285263013	-0.0069825147	0.1247004986	-0.0961303665	0.0482309923	0.0692443149	0.0966721113	-0.079274641	0.0193646575	-0.0263397557	-0.1992247052	-0.0128104257	-0.2607768446	0.1631138848	-0.0154264527	-0.1068032386	-0.0151694848	0.0157913826	0.0060605716	-0.0922179613	0.0175686782	-0.021305075	-0.0707717613	-0.0837108794	0.1401653609	0.0395391233	0.0293949811	-0.0203845765	-0.0608543675	-0.0448131428	0.0025498018	-0.1451434085	-0.0471612265	-0.1599756672	0.0461580877	0.1220342013	0.1309243646	0.0559076669	0.0929991912	-0.0543967617	-0.1483830752	-0.0344910655	-0.0090724782	0.0326280132	0.1764813294	0.0232666478	0.1252819198	0.12017379	0.1118139553	0.100428619	-0.0004368920773885	-0.0032227533482398	1.908746872848391e-07	1.0386139143590842e-05	0.0334850071402712	1.2297694738101772e-05	1.51233295871536e-10	0.001121245703184	-0.0207157321326505	-0.0013877322108015	0.0004291415577917	1.9258006888962894e-06	0.0002900000234759	0.0001348894499314	1.819516370282264e-08	8.410001361602255e-08	-0.0014709992013692	-5.90089505928999e-05	2.163838650428824e-06	3.482056250075302e-09	2.1383712544713373e-07	-0.0001563954231276	2.445952837527758e-08	4.5726316219493206e-14	0.0	0.0	0.0	0.0	0.0	0.0	0.0	0.0	0.0	0.0	0.0	0.0	0.0	0.0	0.0	0.0	0.0	0.0	0.0	0.0	0.0	0.0	0.0	0.0	0.0	0.0	0.0	0.0	0.0	0.0	0.0	0.0	0.0	0.0	0.0	0.0	0.0
5035.321281053013	3.445346289408008	11.870411053937527	25354460.40342536	10736.868462597153	-15.466467348403969	239.211612239246	115280344.38311334	4970.36985659899	-0.008103161136205	6.566122039930339e-05	24704576.511387862	5452.672481687598	7526.415163578472	1.552317	31.526224	0.0475607352857632	0.0286043760961445	-0.0527065009	0.1272330024	0.096380656	0.0047334106	0.1455332588	-0.1263277053	0.0170561961	-0.0280602283	0.0063651006	-0.0680655825	0.1925086889	0.0068525927	0.0400033061	0.0333720366	0.0760629617	-0.08734753	0.1828280445	-0.1862664165	-0.144551269	0.0394944941	0.112929909	0.0650886505	-0.0641510402	0.0419478338	0.0046572404	0.0221229452	-0.1055353192	-0.0239789313	-0.0568500035	-0.0745240953	-0.0089433918	0.0403739922	0.0944310389	0.0878299662	-0.0433781623	-0.0332370054	-0.0055303945	-0.1683230423	-0.1198214841	-0.031023338	-0.0097605312	-0.087052716	0.0136977024	-0.0570866069	0.0892002706	-0.1826083659	0.0398895484	-0.0077771149	-0.1514761433	-0.0984064079	0.0738338684	-0.0100460698	-0.0470177272	0.0686573998	-0.178254227	0.225101927	-0.06425064	0.0973677263	-0.0761989862	-0.0445199881	-0.0896985655	0.1167396605	-0.0346652558	0.0005181151	0.1592186226	0.0586950486	0.0304239492	-0.0603525354	0.0326076759	-0.011310863	-0.1996123533	0.0893498423	0.0564492347	-0.0091774696	0.0459023067	0.111492962	-0.0389882667	0.0339585721	-0.1429711741	-0.0953799691	-0.0900598308	-0.0053031048	0.047819004	-0.0944404751	0.0225595847	0.000950403	-0.0394944985	-0.0454639571	0.085788781	0.2375291472	0.1319148106	0.0136978066	0.0807958982	-0.0626341149	-0.0445456889	0.0298016621	-0.1278524172	0.0124886069	0.1633608542	0.0215739052	-0.0638049769	0.0470689152	-0.0342384959	0.1224698716	0.0566398762	0.0171577379	-0.0516752978	-0.0040092887	-0.082909243	-0.0940364564	-0.049928129	0.008459881	0.1389642837	-0.1061724634	0.0392523491	-0.0961591776	0.0375715952	-0.1305973247	0.15163631	-0.0234423307	-0.0158496953	-0.0278701406	0.0105796659	-0.1601858276	0.0280490342	0.0907077648	0.1247142864	0.1179390489	0.1069183059	0.092048776	0.0050727590958388	0.0055096511732273	2.573288484441528e-05	3.035625605064496e-05	0.0333472202425184	-0.0001377868977528	1.898522919234153e-08	0.001112037097903	-0.0204909696882964	0.000224762444354	0.0004198798387666	5.051815639202924e-08	8.306002159587198e-05	-0.00020694000188	4.282416437810599e-08	6.898967187506719e-09	-0.0009679947981326	0.0005030044032366	9.37013929211773e-07	2.5301342967540804e-07	0.0001240401274174	0.0001238262902919	1.5332950167466983e-08	1.5385953209724826e-08	0.0	0.0	1.0	0.0	0.0	0.0	0.0	0.0	0.0	0.0	0.0	0.0	0.0	0.0	0.0	0.0	0.0	0.0	0.0	0.0	0.0	0.0	0.0	0.0	0.0	0.0	0.0	0.0	0.0	0.0	0.0	0.0	0.0	0.0	0.0	0.0	0.0
5040.5291545342525	5.207873481239403	27.12194619659662	25406934.157709785	10739.963280870506	3.094818273353667	9.577900145083772	115346811.27444676	4964.267170241995	-6.1026863569950365	37.24278077185335	24643948.537542462	5448.451934721695	7527.250604503246	1.400222	28.437307	0.0441220545907759	0.0255984698394605	-0.0693441822	-0.1245459111	0.0382537392	0.0624460024	-0.1141905997	-0.1343237289	0.0792894559	-0.0425436412	-0.079618052	0.0895626618	0.0901614925	0.0343344323	-0.0439382472	-0.0243940437	-0.0206987717	0.1910077729	0.0701743476	0.0192917832	0.0496382341	0.0377810197	-0.0192450695	-0.0314070278	0.0085061413	0.0183216578	-0.1457914452	0.0409769445	0.122476749	0.017962699	0.1325282869	0.0520304983	0.1524421265	-0.0039893268	0.0475968383	-0.0947991769	0.0469176498	-0.0196986245	-0.0606978245	0.1220521281	0.1119665008	-0.0220584856	0.0598194499	-0.2353324804	-0.0524575584	-0.0167018052	0.0604395236	0.0973689843	0.0192734976	-0.0240585298	0.1554373277	-0.0721098144	-0.0391135835	0.0938061646	-0.0182152747	0.1791614416	0.0173633067	-0.0507947945	-0.0703006507	-0.0913582857	0.150678496	0.0159040823	-0.0896385529	0.0695336482	-0.0994386827	0.0683248819	-0.0014765107	0.0048616464	0.0122218664	0.0562507697	-0.1145703766	0.0135978706	-0.0054745056	0.0062386807	-0.0195222435	0.0726621511	0.0913666169	-0.0753518821	0.0864811196	0.0139149242	0.1150603366	-0.0154384851	0.0831102155	0.0930431666	-0.0116106505	-0.0045967806	0.1870316842	-0.1909482925	0.0089186303	-0.0766767308	-0.0968918909	-0.0482589721	-0.0458453253	-0.0042740392	0.1054906436	0.0666558856	0.0071717602	0.043718516	-0.0249505437	-0.0829730382	-0.1865032681	-0.0178654569	0.1178166136	0.1178773067	-0.0181396006	0.0228382567	-0.1271110796	-0.0967563582	-0.0174201681	-0.029387682	-0.086630586	0.0304324873	-0.0832159267	-0.1288662431	0.0192249457	0.0068630594	0.0973553354	-0.0840944526	0.0009167947	-0.094168462	0.0384231597	-0.1064149902	0.0531112407	0.1059448974	-0.1437777735	-0.0485733149	0.0860893122	0.002248161	0.1240666051	0.1154015599	0.1014052916	0.082724388	-0.0049257085742198	-0.0099984676700586	2.4262604958142455e-05	9.996935574920703e-05	0.0333276299947584	-1.95902477599999e-05	3.8377780729818116e-10	0.0011107309210675	-0.0409484565831874	-0.020457486894891	0.0016767760965451	0.0004185087700546	0.0001110019059501	2.7941884354228027e-05	7.80748901265053e-10	1.2321423124554846e-08	-0.0008429998629719	0.0001249949351606	7.106487689706422e-07	1.562373381582759e-08	4.046751371000549e-06	-0.0001199933760463	1.4398410295012626e-08	1.6376196658694818e-11	0.0	0.0	0.0	0.0	0.0	0.0	0.0	0.0	0.0	0.0	0.0	0.0	0.0	0.0	0.0	0.0	0.0	0.0	0.0	0.0	0.0	0.0	0.0	0.0	0.0	0.0	0.0	0.0	0.0	0.0	0.0	0.0	0.0	0.0	0.0	0.0	0.0
5043.81407649984	3.284921965587273	10.790712319997754	25440060.43829793	10760.23025054141	20.266969670903563	410.75005964132487	115782555.04466644	4967.064568751179	2.797398509183949	7.825438419184583	24671730.43014333	5448.781780903825	7589.034961660564	1.534874	31.171955	0.0249477887204405	0.0126767877630168	0.1255735578	-0.0015777339	-0.166228322	-0.0594303199	0.0329320771	-0.1362042528	0.0470858725	-0.1259630634	-0.0835364878	-0.0455923785	-0.0777213182	0.0118716872	0.0422735568	0.0892257251	-0.0685421268	0.0418454793	-0.023553401	0.1001765415	0.0850240604	-0.0183641492	-0.0043836114	0.0963951064	0.018508891	0.1092457083	0.0101157898	0.0195260755	0.1024052234	-0.0869133592	-0.0772751847	0.0216623072	-0.1181045056	0.0478703536	0.0283797319	-0.046188334	0.0156906904	-0.0474954023	-0.0192868175	0.0272841876	0.0987817623	0.0313462099	-0.0991367298	-0.1999976137	0.1270939105	0.0107963437	-0.0026717217	0.0365490272	0.1208015839	0.1216010211	0.0141810286	-0.1346103761	-0.0610683608	-0.0370109696	-0.0830328069	-0.1332804467	0.1135921437	-0.0545994333	0.022751499	-0.0064842253	-0.0715349271	0.1160615606	-0.0642013871	-0.0116442449	-0.1126754988	0.0304935581	-0.1297686472	-0.0362441934	-0.1145523263	0.0161188387	-0.1949906991	0.0610012831	0.0221640037	0.0742127815	-0.005975773	-0.0840337941	0.0542325167	-0.0544548073	0.0170532687	0.0793327467	-0.0430905333	0.0810743155	0.0248598003	0.0893646965	-0.0801348819	-0.0172615392	0.07950988	0.0597787251	-0.1604881715	0.0031486577	0.0592358088	0.0022919928	-0.0615254873	0.0282979572	-0.0382773702	-0.1135355352	-0.0686286827	-0.1098765703	0.1176023791	0.0873976193	-0.0791311586	0.0352696067	0.269694572	-0.0604205161	-0.0322507749	-0.111066756	-0.0500526965	0.0970935622	-0.1042192997	-0.0529187728	-0.0162823256	-0.1180144226	-0.0247619403	-0.2203737327	0.0851569825	-0.1425781593	0.1225572438	0.0894315752	0.1331045754	-0.0313455926	-0.0023817089	-0.1185420852	-0.0908473864	-0.033785365	-0.0060967377	-0.0607118945	0.0883375543	0.0203102402	0.1233392918	0.1125678367	0.0953067456	0.0725511359	-0.0027257575564192	0.0021999510178006	7.429754256376368e-06	4.839784480721897e-06	0.0242265933553795	-0.0091010366393788	8.282886791131713e-05	0.0005869278256069	-0.0424911514224461	-0.0015426948392586	0.0018054979492052	2.379907367075409e-06	-2.0025184416824773e-05	-0.0001310270903669	1.7168098410022273e-08	4.0100801092784174e-10	-0.0007989996054502	4.400025752170002e-05	6.384003695095752e-07	1.9360226619759194e-09	-6.300802522042188e-05	-6.705477659142242e-05	4.496343063725572e-09	3.9700112421773195e-09	0.0	0.0	0.0	1.0	0.0	0.0	0.0	0.0	0.0	0.0	0.0	0.0	0.0	0.0	0.0	0.0	0.0	0.0	0.0	0.0	0.0	0.0	0.0	0.0	0.0	0.0	0.0	0.0	0.0	0.0	0.0	0.0	0.0	0.0	0.0	0.0	0.0
5045.201546780749	1.3874702809089283	1.9250737804055007	25454058.647638857	10759.812806757003	-0.4174437844067142	0.1742593131397993	115773571.63645202	4969.74280957375	2.6782408225708423	7.172973903684942	24698343.593309987	5454.026390609046	7563.758849565991	1.60607	32.617886	0.0350000483060234	0.0186043861831466	-0.0282015947	0.1402550317	0.1308859913	-0.0223767228	0.1417020829	-0.0615926278	0.0971765872	0.0381816899	0.0551733574	-0.0445077694	0.0972668109	-0.0273294139	0.0672694923	0.0517990787	-0.0262538454	0.0276823324	0.0410021259	0.041201597	-0.0465223776	0.2596455511	0.0478973468	0.0153164427	0.0427072773	0.0208209032	0.0448237052	-0.0886507301	0.1300794887	-0.0598728067	0.0237852889	0.0655759091	-0.1134883498	-0.0664314096	0.0789252862	-0.0491749479	-0.0657202372	0.0090274363	0.0211077714	-0.0689979724	-0.0665626726	-0.0524742875	0.1034467737	-0.0055821366	-0.1585098255	0.1629966113	0.0349934151	-0.1285078272	0.1534395226	0.0693600045	-0.0668177881	-0.01612459	-0.0755641437	0.0708301221	-0.0731265712	0.1373878114	-0.0904287307	-0.0935193503	-0.0462005162	-0.0341534586	-0.0596048943	-0.0313930446	-0.1361997156	0.0400355649	-0.0399940987	0.1121148858	0.1512548494	-0.0391214433	-0.0168154501	0.0715352314	-0.1154068412	0.0823582036	0.0320796835	-0.0300468031	0.0619105835	-0.0673173287	0.1254866011	0.0502138843	-0.0149060344	-0.0740074923	0.0193358582	-0.0069413717	-0.150258479	0.1196814993	-0.0681548665	0.0223346227	-0.0222285315	-0.0672793433	-0.0287474449	0.0838848066	-0.0021983882	-0.065084355	0.0429224111	-0.0834542472	-0.0276423741	-0.0951669441	0.0526229892	0.081379211	0.0953255574	-0.0839881183	0.1437786007	-0.0811954828	0.003602253	0.048523713	-0.0284743794	0.1006227232	-0.0503030645	0.0953368206	-0.0710629603	-0.0303717706	-0.1042577976	-0.1385070196	-0.0831962237	0.0130024262	0.0735317478	-0.054638778	0.0561846167	-0.0866047512	0.0159041221	-0.1339109829	-0.0762540532	-0.0893426258	0.0995337975	-0.0048054566	-0.0560704419	-0.0216219428	0.1027492715	-0.0960939702	0.1225328133	0.1094451535	0.088657882	0.0616334109	-0.0025469204034038	0.0001788371530153	6.486803541274576e-06	3.198272729865347e-08	0.0334025352801319	0.0091759419247524	8.419791020642878e-05	0.0011157293631404	-0.035390257416985	0.007100894005461	0.0012524703200404	5.042269567679329e-05	-0.0002840070452712	-0.0002639818608543	6.968642286013873e-08	8.066000176367745e-08	-0.0007359974702394	6.300213521079996e-05	5.416922761987965e-07	3.9692690411199196e-09	-1.910451682970578e-05	4.39035083907161e-05	1.9275180490136787e-09	3.6498256329651135e-10	0.0	0.0	0.0	0.0	1.0	0.0	0.0	0.0	0.0	0.0	0.0	0.0	0.0	0.0	0.0	0.0	0.0	0.0	0.0	0.0	0.0	0.0	0.0	0.0	0.0	0.0	0.0	0.0	0.0	0.0	0.0	0.0	0.0	0.0	0.0	0.0	0.0
5055.550332386247	10.348785605498051	107.09736350856366	25558589.16329069	10760.29037554647	0.4775687894671137	0.2280719486730843	115783848.966078	4975.279543470533	5.536733896783517	30.655422243791584	24753406.53567636	5458.351808171142	7588.817575434775	1.393612	28.303061	0.0297101007098986	0.0155526338008379	-0.1165702065	-0.0906968472	-0.0540299608	0.1448199151	-0.0723997079	-0.0810348512	0.1838523486	0.0161059206	0.0013755421	-0.0872781287	0.0090880516	-0.0469567749	-0.0879430964	-0.0008563687	-0.0384261109	0.1241626729	-0.069739252	0.0162758967	-0.0726454303	0.1224416749	0.0400674071	-0.0335072927	0.0689795044	0.1295854586	-0.0061490576	0.0307863129	0.1331764883	0.0688897541	0.1224866712	0.101694898	-0.126760839	-0.132975572	-0.0002494324	-0.0323919137	-0.0110294234	0.0732477331	0.1028669485	0.0647456939	-0.0875828446	0.1139841983	0.045182949	0.0775676346	-0.19175176	0.0501131508	-0.0379427384	0.161597888	-0.101007872	-0.0150318569	0.1430896202	0.1486690912	-0.0083014531	-0.0528115748	-0.0081356702	0.0653824802	-0.0735848645	0.0751581889	0.0180802231	-0.04823731	0.1338817682	-0.0293023924	-0.1426708522	-0.0402531026	-0.1322427783	0.0110588894	0.0455776137	0.0256070688	0.0406814246	0.1103526714	-0.1631787905	0.0655944476	-0.0753899338	-0.0170279891	0.0806287505	-0.0257621417	-0.046787852	-0.0477656603	0.0127447396	-0.0588389661	0.1057502808	-0.0879592653	-0.0447820266	0.1569182847	-0.0338858458	0.0722019088	-0.1440638175	-0.0546920639	0.0381463243	0.0669665873	0.0277443157	-0.1944776352	-0.0033734363	-0.1337386165	-0.0466818895	-0.0297358741	-0.1040936289	0.0271888153	0.0720589107	-0.1415401619	-0.0844062179	-0.079321305	-0.2111235043	-0.0305003176	0.0120828627	0.0670966606	-0.1723445054	-0.0611294746	-0.0207308089	-0.0303186938	0.0378811476	-0.0969829133	-0.0339521801	-0.1674696527	-0.0738823879	0.0143956889	0.0194257373	-0.0167959948	-0.0725316177	-0.1209239072	-0.0562907455	-0.0503250467	0.0299879374	0.0388717035	-0.1685383125	0.0432405534	-0.1248331417	-0.1115768652	0.1216476871	0.1060415262	0.0814970925	0.0500832437	0.0056565694006422	0.008203489804046	3.199677738428166e-05	6.72972449650867e-05	0.0334072439975159	4.7087173839985286e-06	2.2172019402369942e-11	0.0011160439515095	-0.0408947217480033	-0.0055044643310182	0.0016723782668466	3.0299127571452706e-05	-0.0001410165647742	0.000142990480497	2.0446277512762938e-08	1.9885671540716146e-08	-0.0008949971324598	-0.0001589996622204	8.010198671112648e-07	2.5280892586201293e-08	-3.706313126131271e-05	-1.7958614431606932e-05	3.225118323031208e-10	1.3736756988932954e-09	0.0	0.0	0.0	0.0	0.0	0.0	0.0	0.0	0.0	0.0	0.0	0.0	0.0	0.0	0.0	0.0	0.0	0.0	0.0	0.0	0.0	0.0	0.0	0.0	0.0	0.0	0.0	0.0	0.0	0.0	0.0	0.0	0.0	0.0	0.0	0.0	0.0
5053.345007739604	-2.205324646643021	4.863456797091166	25536295.76724677	10805.465173909084	45.17479836261373	2040.762407102808	116758077.62456208	4977.97348699095	2.693943520416724	7.257331691195252	24780220.037184834	5462.552523001349	7613.144625780059	1.417608	28.790396	0.0369952044290328	0.0221978682448835	0.1026799692	-0.0914761368	-0.0109466781	-0.0863687097	-0.089647611	-0.0017742844	0.1284211196	-0.1324185733	0.1194507799	-0.1160745426	0.0076023751	-0.1463077849	-0.1313081101	0.1167728354	-0.0443892574	-0.0081617474	0.0380350148	0.0949229803	-0.1043425846	-0.1764372522	-0.0340534056	-0.0527883361	-0.0457960744	0.0336983297	0.0044287558	0.0024502824	-0.1372335762	0.0897360842	0.1248998234	0.148015219	0.0173301906	-0.1607644917	-0.0503284135	-0.0939074294	-0.0197764325	-0.0236454859	-0.2278050623	-0.0651688065	0.0289151705	-0.0124687864	-0.0663097717	-0.1034871074	-0.0187587694	0.0501374296	0.028694131	-0.1932675434	-0.0191656484	-0.0453110278	-0.1108084342	0.0446478673	0.0130422674	0.1919260494	-0.1297117665	-0.1677233032	-0.0378706556	-0.021480716	0.1524566359	-0.0657591543	0.0698293171	0.112391091	-0.0152076708	-0.2026920519	-0.0115064086	0.017154197	0.0851770791	0.0672818057	-0.0351102088	-0.1122547908	-0.0783569083	0.0503338258	-0.0979170136	-0.0207779999	0.0143077956	0.0518533688	-0.1481892963	-0.1470409345	0.0398194322	-0.0132309244	-0.0019663281	0.05415179	-0.034883766	-0.0030504887	-0.0957869694	-0.0683865857	-0.1324262164	-0.1610506161	0.0616552966	0.0505174848	-0.1176204145	0.1215278269	0.0929714012	0.2354919528	0.153842549	-0.0258162217	0.0180003609	0.1004183084	0.0004298686	0.1125844635	0.092677631	0.036151937	-0.0231985413	-0.1458149583	0.0106034148	-0.1242934057	-0.1527959768	0.0105495363	-0.062861104	-0.0538022383	0.0406097352	-0.2059861564	-0.0323730727	-0.0024010986	-0.0065668675	0.0621673403	-0.0314721643	-0.00140218	0.1242918067	0.0225968883	-0.0838304326	-0.0999001169	0.1093110276	0.0033715722	-0.1100106414	0.0783139347	-0.0943480779	-0.0806557703	0.1206844814	0.1023656918	0.0738657246	0.0380191546	0.0082675998186516	0.0026110304180094	6.835320676136797e-05	6.817479843770342e-06	0.0333977059595014	-9.538038014497707e-06	9.097416916600335e-11	0.0011154067633573	-0.0362666599572918	0.0046280617907114	0.0013152706244578	2.1418955938643728e-05	-6.020810900809012e-06	0.0001349957538733	1.822385356384516e-08	3.625016390330063e-11	-0.0004839997048744	0.0004109974275854	2.342557143185063e-07	1.6891888548181612e-07	-8.600143344847037e-05	-4.893830218715766e-05	2.39495742096156e-09	7.396246555191679e-09	0.0	0.0	0.0	0.0	0.0	0.0	0.0	0.0	0.0	0.0	0.0	0.0	0.0	0.0	0.0	0.0	0.0	0.0	0.0	0.0	0.0	0.0	0.0	0.0	0.0	0.0	0.0	0.0	0.0	0.0	0.0	0.0	0.0	0.0	0.0	0.0	0.0
5049.0104092516	-4.334598488003394	18.78874405220131	25492506.112731013	10803.724252651393	-1.7409212576912978	3.03080682548145	116720457.7273279	4970.861593500581	-7.111893490368857	50.57902901835092	24709464.981739134	5459.4262277898815	7661.04209325704	1.236217	25.106491	0.0536156584191273	0.0259051635781129	0.0531156442	0.1034447666	-0.037150045	-0.0473644411	0.0363170468	0.0756443788	0.09029937	0.0208814604	0.1576271731	-0.0034464004	-0.0554162684	-0.0572804096	0.0298438959	0.0449511002	-0.1509507364	-0.0342352747	-0.030877797	-0.0841331078	0.0324224888	-0.0176379255	-0.029415357	0.0532546819	0.022303645	0.0848590185	-0.060595141	-0.2053384639	0.0460350432	-0.0042517958	-0.141876977	0.0345110051	0.0652743309	0.091473415	0.0286549767	-0.1388054859	-0.052246141	-0.0911732204	-0.1480481851	0.1231702552	-0.0647911898	-0.0521479969	-0.0799401877	-0.0252059086	-0.141463757	0.0005633325	-0.1449723125	0.0043603106	0.0268567081	0.0645851363	-0.0114655948	-0.0485503409	-0.0077185499	0.1103207784	-0.0022972081	-0.0250184668	0.0625368417	-0.0678561292	0.037442618	-0.0725320224	-0.1148741809	-0.0127567416	-0.0298487786	-0.1266106382	-0.0635724612	0.0443957033	-0.0884843525	0.0521975286	-0.0219915281	0.0789967509	0.0853276325	-0.0218630919	-0.0345979704	-0.0387841112	0.0785214007	-0.0457466782	0.0444834595	-0.1117240775	0.0115921234	-0.0103321503	-0.1158787762	0.1376543375	0.0641498726	-0.1108284741	-0.0686429331	-0.0625496982	0.0263689607	-0.0270691357	0.0410227205	0.1819648183	-0.1033945528	-0.1925268779	0.0282061241	-0.0738882609	0.0162806586	-0.0698822172	-0.005006116	0.1091122767	-0.0289582219	0.0293569612	-0.0283838578	0.0115762362	0.1582754094	0.0538882721	0.0480116671	-0.0147173136	-0.0418355298	0.1432036292	-0.0751695823	0.0557528837	0.104321324	0.0485758907	-0.0402413803	0.0006761351	0.02711965	0.2158353714	-0.0393391356	-0.0593507977	0.0680354962	-0.0826083914	-0.0138124785	-0.122180844	0.1475861207	-0.0381208323	0.0479153081	0.1138711167	-0.0324703998	-0.0371984936	0.1196438145	0.0984270862	0.0658078432	0.0255649376	-0.0103755995045276	-0.0186431993231791	0.0001076530650783	0.0003475688810037	0.0293755697326929	-0.0040221362268085	1.617757982700533e-05	0.0008629240971203	-0.0216144681725083	0.0146521917847835	0.0004671852343803	0.000214686724098	-3.5989565052692364e-05	-2.9968754151883352e-05	8.981262254160255e-10	1.2952487926819754e-09	-0.0003360012312321	0.0001479984736423	1.1289682738948713e-07	2.190354820045057e-08	6.199396044446924e-05	0.0001479953938929	2.1902636613526343e-08	3.843251131590416e-09	0.0	0.0	0.0	0.0	0.0	0.0	0.0	0.0	0.0	0.0	0.0	0.0	0.0	0.0	0.0	0.0	0.0	0.0	0.0	0.0	0.0	0.0	0.0	0.0	0.0	0.0	0.0	0.0	0.0	0.0	0.0	0.0	0.0	0.0	0.0	0.0	0.0
5045.091999661331	-3.9184095902692206	15.3539337171138	25452953.285046767	10791.365055380707	-12.3591972706854	152.74975717571743	116453559.75849186	4969.455590464351	-1.4060030362297766	1.9768445378873505	24695488.865597397	5457.94500396172	7643.888621047814	1.344289	27.30134	0.0310722947420174	0.0143678045001511	-0.1274557957	-0.0282884163	-0.149836941	0.1721384524	-0.0118215275	0.0572823815	0.031740063	-0.0227237691	0.0725365773	0.0366488401	-0.05465918	0.0247440948	0.0560266201	-0.1489068547	-0.0309240713	0.1415935717	-0.0862569248	-0.0872264788	0.0537352557	-0.0802630914	0.0171232072	0.1907665677	0.0404770611	-0.0929757633	0.1239775222	-0.0154514833	0.0072643682	0.1338395171	0.0139998744	-0.0751246017	-0.0536691228	0.0484042341	0.0854246096	0.0031577479	-0.0299510421	0.0562326227	-0.0462551509	-0.0617250312	0.0568127984	-0.2477927823	-0.1112649549	0.0459201949	-0.1114845571	0.100990828	-0.0126933491	-0.0280764043	0.0165171964	0.0267874026	-0.0324806578	0.161316974	0.0509515988	0.0581643991	0.182286186	-0.0281998778	-0.0079277548	-0.0319062917	-0.060842263	-0.0125180238	0.0621421931	-0.1104156725	-0.0698069122	-0.0280494364	-0.0399476173	0.0023239346	-0.1457469007	0.0758150061	-0.178456513	0.0595993162	0.1082337639	-0.1062561635	-0.0241163276	-0.1693221421	0.0900002284	0.0556975825	-0.024214677	0.086252153	0.0077349108	0.0837338784	0.0222356616	-0.0732910103	-0.0866964266	0.0311457876	-0.1147118787	-0.0205248752	0.1083054486	0.076692448	0.0948875863	-0.0211662803	0.1362855216	-0.1230836186	0.0012823861	0.1097034245	-0.0635743052	-0.0094064711	-0.012513054	0.0661170882	-0.0212744841	-0.1442133386	0.1889816776	-0.0875180736	-0.0770801555	-0.0955728264	0.0423259212	0.0841730085	-0.0871584023	0.0064313915	-0.0410789072	0.1337042246	0.1850927891	-0.0767963317	0.117128128	-0.0304580914	-0.0217931384	0.1237416137	0.0247769185	0.0514058135	0.043813343	0.0095941048	0.0271577175	-0.169967314	0.0539054488	-0.140826088	0.0348972946	0.0214603895	-0.1074341286	-0.0651982234	0.1185263543	0.0942358196	0.0573699759	0.0128483897	-0.0176157014947619	-0.0072401019902343	0.0003103129391525	5.241907682899466e-05	0.0333836352289864	0.0040080654962935	1.6064589022578468e-05	0.001114467101102	-0.0228408692127644	-0.001226401040256	0.0005217053063946	1.504059511541242e-06	0.0001049972921536	0.0001409868572062	1.9877293904907477e-08	1.1024431359588432e-08	-0.0004930007760479	-0.0001569995448158	2.430497651838317e-07	2.464885707236841e-08	-1.1974161838108762e-05	-7.396812228257799e-05	5.47128311401041e-09	1.433805517252202e-10	0.0	0.0	0.0	0.0	0.0	0.0	0.0	0.0	0.0	0.0	0.0	0.0	0.0	0.0	0.0	0.0	0.0	0.0	0.0	0.0	0.0	0.0	0.0	0.0	0.0	0.0	0.0	0.0	0.0	0.0	0.0	0.0	0.0	0.0	0.0	0.0	0.0
5048.993294585116	3.901294923784917	15.220102082349962	25492333.288765464	10780.854925442236	-10.510129938471437	110.4628313235536	116226832.92343213	4972.69072881807	3.2351383537188667	10.46612016770282	24727653.08447319	5456.028525100291	7577.1952875117395	1.531757	31.108669	0.0776207205562009	0.0430340860331399	0.1143483494	-0.0756326232	-0.0277667763	-0.1079880487	-0.0786573356	-0.0908916617	0.1116701858	0.0279417868	0.0427147508	-0.0988658335	-0.0623537965	-0.0250249393	-0.0763741936	0.0863891058	-0.0075786002	0.1488329382	-0.0269272263	-0.0869672653	0.0337004517	-0.0607810198	0.0419236393	0.0671418996	0.0823079063	-0.0890915118	-0.0011064694	0.0781744219	0.1129120281	-0.0147906359	-0.1424879377	-0.0242170684	0.0424115286	0.0399673102	-0.1627058503	0.0750171834	-0.0796255514	0.1117863053	-0.0049219055	-0.1618408233	-0.0711697175	-0.0325691095	-0.1730632594	-0.1033331926	0.0301880183	-0.0277726217	0.0072863771	0.0260275633	-0.2402100839	0.1618172707	0.1294971142	0.041292027	-0.0441002419	-0.0937855542	0.0408528334	-0.0316884323	0.0195896705	-0.1621487371	-0.0409191428	0.1577074691	0.0443779882	0.1299857006	-0.0229118205	-0.0623294091	0.0103237152	0.0843423882	-0.0129871435	0.1603060289	-0.0601325563	-0.0156031628	-0.0170713801	-0.0388186014	-0.0503619431	-0.0819807356	0.1309162518	0.0341114683	0.0119988643	0.1221026852	-0.0705853392	0.0349455548	0.02414721	0.0512638807	0.1123370801	0.0515754057	0.1399608931	0.0486367496	0.008126922	0.1305312024	0.1726324528	-0.0488743892	0.0166424042	0.043683135	-0.0606344173	-0.0185754816	-0.0234623266	-0.215312669	-0.1691437437	-0.0517332019	-0.0602498602	0.0059210102	-0.0228010768	0.0862552341	-0.0539011956	0.0660460502	0.019154034	-0.1558558071	-0.0880185592	0.0030976732	-0.0533271627	0.1354139018	0.0556496463	-0.1366534407	0.1124539619	0.0649031586	-0.0286942754	0.0840972191	0.0411725856	0.0381724184	-0.140176684	-0.0083009178	-0.0226110623	-0.0323049831	-0.0237299073	-0.0194564022	0.0398788343	0.0696460766	-0.1328437938	0.1482304004	0.117332818	0.089802651	0.0486008445	0.0	0.0135964202921456	0.0312121217869075	0.0001848626447606	0.0009741965464407	0.0334287067162648	4.507148727839888e-05	2.0314389654868723e-09	0.001117478432722	-0.0321024739566766	-0.0092616047439121	0.001030568834139	8.577732243245694e-05	0.0001450062650169	4.0008972863299984e-05	1.6007179095762743e-09	2.1026816894151436e-08	0.0001289935333534	0.0006219943094013	1.6639331646994722e-08	3.868769209276001e-07	-9.200933033556476e-05	-8.003516849745601e-05	6.405628196416175e-09	8.465716868799078e-09	0.0	0.0	0.0	0.0	0.0	1.0	0.0	0.0	0.0	0.0	0.0	0.0	0.0	0.0	0.0	0.0	0.0	0.0	0.0	0.0	0.0	0.0	0.0	0.0	0.0	0.0	0.0	0.0	0.0	0.0	0.0	0.0	0.0	0.0	0.0	0.0	0.0
5050.89038953481	1.897094949694292	3.598969248155589	25511493.72709511	10805.154146342698	24.299220900462387	590.4521363694681	116751356.1262268	4974.632963845093	1.942235027023344	3.7722769001963687	24746973.124974217	5461.080168889286	7628.645427371567	1.455638	29.562748	0.0606581032744027	0.0349616495942829	-0.0190358791	0.1416993685	0.0944181139	-0.042498669	0.0955232631	0.0693390505	0.0653407379	0.0879116928	0.1048914247	-0.023778386	-0.0689407792	-0.0670857912	0.0059892657	0.0392388746	-0.068476516	-0.0997859135	0.0321778016	-0.0228670831	-0.0865630937	-0.0671565898	0.0494215303	-0.0376113472	0.0340232895	0.0158786619	-0.0269030865	-0.0485986649	0.0283195748	0.0953283889	-0.0114934104	-0.0546220372	-0.1689590255	0.0523080365	-0.0261231272	-0.0783404767	-0.0677576589	0.0253099494	0.0284184897	0.0901718358	-0.0217987994	-0.0520631909	0.0460444498	-0.1530011656	0.1272975604	0.1593310439	-0.107435449	0.1293918806	0.0803380366	-0.064931258	-0.0048297005	0.1042274366	0.1301395569	-0.0986605028	0.1076740272	0.109603325	-0.0932619494	0.0596110907	0.0455284086	0.0793354017	-0.1041388861	-0.0568793978	-0.0557386882	-0.0383004153	0.0398065395	0.0632639891	0.0827438572	0.1472449793	0.0518782309	-0.0504664106	0.0637873688	-0.014196132	-0.0588397954	-0.0547995798	0.0555704642	-0.0178525601	0.0060468466	-0.0131411178	0.0315279743	0.0799617968	-0.012521561	0.0228963334	-0.1336019938	0.1321628947	-0.026610294	0.0768682168	0.0753988228	0.007717314	-0.1238973468	0.1868239448	-0.1081674921	-0.0334225314	0.012823218	-0.0608846131	-0.0376853771	0.1468012917	0.014302094	-0.0651230035	-0.1402510805	0.0072950684	0.045125911	0.0349076244	-0.1269959234	0.0891353061	0.0393899817	0.0722428427	0.007634833	0.0614554427	-0.0917673616	0.1944491066	-0.0312343569	-0.0942984037	-0.0503710821	0.1722942263	0.1428480559	0.0944326957	0.0303944544	0.029886191	-0.1210721153	-0.0053432426	-0.0229921326	-0.0453385889	0.100253024	-0.1884806604	0.0582840455	-0.1918754896	0.1315221615	-0.0084130672	0.1160639717	0.0851389603	0.0395510834	-0.0128483897	-0.0179962017576684	-0.031592622049814	0.0003238632777027	0.0009980937679823	0.0466272966958314	0.0131985899795665	0.0001742027774487	0.002174104797161	-0.0316353148154959	0.0004671591411807	0.0010007931434755	2.1823766318868995e-07	0.0003020007549862	0.0001569944899693	2.464726988072064e-08	9.12044560122348e-08	4.399609540572946e-05	-8.499743794767055e-05	1.935656410950049e-09	7.224564457668105e-09	-2.6006616175706075e-05	6.600271415985869e-05	4.35635827646801e-09	6.763440849104967e-10	0.0	0.0	0.0	0.0	0.0	0.0	0.0	0.0	0.0	0.0	0.0	0.0	0.0	0.0	0.0	0.0	0.0	0.0	0.0	0.0	0.0	0.0	0.0	0.0	0.0	0.0	0.0	0.0	0.0	0.0	0.0	0.0	0.0	0.0	0.0	0.0	0.0
5054.813483283513	3.923093748702741	15.39066456111052	25551139.3507848	10797.27109539447	-7.883050948228629	62.142492252368285	116581063.10744087	4978.066225200517	3.433261355423383	11.787283534643606	24781143.342482124	5461.352864181379	7620.939620067849	1.353292	27.484184	0.0820352004551392	0.0455472691471513	-0.0219131867	-0.1260588918	0.1064722398	0.0042686776	-0.1331243786	-0.0493792852	0.116890657	-0.011403945	0.0437701194	0.0195656715	-0.0108138404	-0.105058618	-0.2155595047	-0.0529141009	0.0420851383	0.0504788368	-0.0192701338	0.0320796236	0.057288666	-0.0127382838	-0.0737053411	0.0484428772	-0.0811184868	-0.0096892789	0.1596600344	-0.0015617938	-0.1105561608	0.0557301943	-0.1455670059	-0.0682798012	0.0951535025	0.0115119014	0.0335371139	0.1439728715	0.0727942864	-0.1377920157	0.1379461269	0.1017679872	0.1117247551	0.1312463892	-0.0982953478	0.0516459923	0.1801614571	0.0190870176	-0.0134228393	0.0056527078	-0.0624262427	0.1128799631	-0.0112335451	-0.1304530516	0.0382557878	0.1532627364	0.1295080766	0.0884795911	-0.0006273119	0.029145677	0.1020281763	0.0353674952	0.144098059	0.0590182041	-0.0495739028	-0.0681531843	-0.0245979563	-0.1017342603	0.041615806	0.0759775821	0.1156333785	-0.0062456257	0.0414601265	0.006373922	0.0831581763	0.0127465496	-0.0604236424	0.0826286155	-0.1665114026	0.1811965612	-0.0317006622	0.1101634835	0.0058618693	0.0623000479	0.0499414013	-0.1569883176	-0.0625631784	0.0424813428	0.0581701366	0.1698848653	-0.0843524783	-0.0475190527	0.0303434492	0.0116441217	-0.0012394346	-0.054982319	-0.0285852403	-0.0736468757	0.1562692008	0.0014357067	0.0588317044	0.183581009	0.0243012269	0.1436367768	0.0216963428	0.0011546665	0.05064622	-0.0487929164	-0.0660980252	-0.1825076431	-0.0688723984	0.1170714353	-0.0272833491	0.0293289125	-0.0592431458	-0.0327427971	0.098245481	0.0780143352	0.0692953181	-0.0388794719	-0.1395162071	0.0875221391	0.094870148	0.0779735264	-0.0425337803	0.0189740173	-0.0338627644	0.0655353199	0.136947553	-0.0384121283	0.1147206298	0.0802567191	0.0302729475	-0.0255649376	0.0199222934244716	0.03791849518214	0.0003968977752907	0.0014378122768779	0.0334407386129669	-0.0131865580828645	0.0001738853140727	0.0011182829989807	-0.0161047945340442	0.0155305202814516	0.0002593644069837	0.0002411970602125	0.000115998310474	-0.0001860024445122	3.459690936451404e-08	1.3455608032822498e-08	-4.7003319190164206e-05	-9.099941459589368e-05	2.2093120148924587e-09	8.280893456795346e-09	-5.69972952412733e-05	-3.0990679065567225e-05	9.604221889449867e-10	3.248691664820876e-09	0.0	0.0	0.0	0.0	0.0	0.0	0.0	0.0	0.0	0.0	0.0	0.0	0.0	0.0	0.0	0.0	0.0	0.0	0.0	0.0	0.0	0.0	0.0	0.0	0.0	0.0	0.0	0.0	0.0	0.0	0.0	0.0	0.0	0.0	0.0	0.0	0.0
5051.471018643084	-3.3424646404291707	11.172069872519304	25517359.452190995	10861.452274302745	64.18117890827489	4119.22372605599	117971145.50695626	4975.067079876822	-2.999145323694393	8.994872672637943	24751292.449274093	5464.563438786562	7692.366103860144	1.36778	27.778433	0.0698854881538268	0.0377408006087228	0.0793965365	0.0789462308	-0.1221080303	-0.090341972	0.0550989342	0.1729955061	0.1327757252	-0.1009938847	0.0852253443	0.0945531579	-0.1176325286	-0.0867820384	-0.0335562239	0.0843584343	0.0187872946	-0.0034286688	0.1658151068	0.039807937	0.1522913739	0.0279661303	0.111059179	0.1441039013	0.0482132465	0.1060656061	0.0729615054	0.0390581357	-0.0312152634	-0.0536239647	0.1211405414	-0.1268094979	0.0581874152	0.0629531378	0.1615314724	0.1568478219	0.1182863602	-0.0367426514	-0.0991257281	0.0737525188	-0.187129394	-0.0246197775	-0.0014206803	-0.0970323691	-0.0433144148	-0.0658936979	0.1165552625	0.1155519774	-0.1289743104	0.0103444799	-0.0649282561	0.0991336277	0.1878932623	-0.072988801	-0.069349454	-0.1427561871	-0.0266661001	-0.0195392605	-0.0236507748	-0.0725837164	-0.122978959	0.0632593235	-0.0433500132	-0.1160933019	-0.1229768786	-0.1484615155	-0.0078402514	-0.1192403501	0.0149239338	-0.0270791081	0.0072207515	-0.209755053	0.0637082985	-0.0032675354	-0.0544394099	-0.0757388478	0.0267223773	0.1303272382	0.0479999916	0.0432872611	-0.0198243953	-0.2564403865	-0.0017719073	-0.1288129842	-0.0830291364	-0.1229374855	-0.000863141	-0.0543819714	0.0340694835	-0.0532863184	-0.0392997816	0.1342505666	0.0934369957	-0.1112990189	0.0142753368	0.0543864778	-0.1621164154	0.0532386292	-0.0263362336	0.2040386009	0.013789701	0.0220383642	-0.0998230068	-0.0428171711	0.0913511484	-0.0587641606	0.0827863887	0.0573907057	-0.1938346302	-0.0050992616	0.0896065048	0.0603618283	-0.0251936289	-0.0979808634	0.1356417292	0.0715661121	0.004277778	-0.0599342446	-0.1836626527	0.2483166927	0.0986432087	0.1190588415	-0.0996082557	-0.0080768392	0.0408882744	-0.055468	-0.0122857019	0.1051155465	0.1133036545	0.0751684601	0.0208200103	-0.0380191546	0.019218331245554	-0.0007039621789176	0.0003693442558638	4.955627493464178e-07	0.0272192100451604	-0.0062215285678064	3.870741772003236e-05	0.0007408853954825	0.0144542186292255	0.0305590131632697	0.0002089244361814	0.0009338532855128	-9.020815546423447e-06	-0.0001250191260204	1.5629781870910516e-08	8.137511312259495e-11	0.0002569988401572	0.0003040021593473	6.604840384214602e-08	9.24173128878602e-08	0.0001620011042676	0.0002189983995088	4.7960298987448083e-08	2.6244357783921807e-08	0.0	0.0	0.0	0.0	0.0	0.0	0.0	0.0	0.0	0.0	0.0	0.0	0.0	0.0	0.0	0.0	0.0	0.0	0.0	0.0	0.0	0.0	0.0	0.0	0.0	0.0	0.0	0.0	0.0	0.0	0.0	0.0	0.0	0.0	0.0	0.0	0.0
5042.202069154032	-9.26894948905192	85.91342463059584	25423801.7061812	10786.56084604214	-74.89142826060379	5608.726026913164	116349894.88536936	4968.111461303773	-6.955618573049833	48.38062973375579	24682131.491937906	5455.840024443745	7596.545101949978	1.442973	29.305538	0.0515810231290451	0.0235665610914109	-0.1214680187	-0.0654009575	-0.1362883816	0.1425811544	-0.0368684114	-0.0243490444	0.0754707743	-0.1425523268	-0.0370133805	0.031051038	-0.0633557784	0.0156086456	0.0685444416	-0.0897997557	0.059928303	0.1534703046	-0.0523430227	0.0108146654	-0.0359718555	0.1159799119	-0.0048026749	0.0113732996	0.047391986	0.1173825278	0.135691463	-0.0753024453	0.0821040836	-0.1090789779	-0.0250957485	-0.107674743	0.0867504264	0.0690208533	-0.0012981258	-0.0444880062	0.0352696282	-0.0905115126	0.0653957944	-0.0846630485	0.1053062806	0.0094935373	0.0960156629	-0.0015610525	0.0683700197	0.0601222979	0.0024105614	-0.0118765217	0.066679919	-0.0229428547	-0.0169290581	0.06913618	0.0359495582	0.0612936568	0.0001522239	-0.1752757213	0.2270628315	0.0469828374	-0.1412129649	-0.1112089645	0.1110746128	-0.0433982786	-0.0401392624	0.0341485568	-0.0357656366	-0.094172818	-0.0952290602	-0.1056045521	-0.0903460614	0.0420370155	-0.0218503939	0.0353950002	0.0043546672	-0.0087998583	0.0004259146	-0.2381185711	0.0373020576	0.1124904225	-0.0129989293	-0.0214924473	0.0924541706	0.0900430216	0.0402752866	-0.0749943093	-0.125411393	-0.0522669355	0.1527131896	0.1237703186	-0.0114544822	0.0462875853	-0.0455275659	0.0331394705	-0.0072117575	0.0199716373	-0.0062811993	0.0782925527	0.0099480739	0.113610162	0.03773665	-0.0484018465	-0.0036829798	-0.2027379194	0.0573258006	-0.2472880354	0.092073149	0.0633922749	-0.0223066636	-0.0787676348	-0.0636741319	-0.076981414	0.1268223831	0.0011714161	0.1273459328	-0.0371498271	0.0584908342	0.019344865	0.1187694062	-0.060142716	-0.166892654	0.0335707712	0.1201057425	0.0839467643	-0.1534443564	-0.09978424	0.0008452915	-0.0231325562	0.0628391509	-0.0662571151	0.1118139553	0.0698872447	0.0112468548	-0.0500832437	0.0157636850025966	-0.0034546462429573	0.000248493764861	1.1934580663979676e-05	0.0097467684217775	-0.0174724416233829	0.0003052862162825	9.499949466775904e-05	0.0219550080671169	0.0075007894378914	0.0004820223792271	5.62618421915832e-05	0.0002609963388328	0.0002700171543792	7.290926365905342e-08	6.811908888412577e-08	0.0003100030422873	5.3004202130100034e-05	9.610188622738153e-08	2.809445443448501e-09	2.195954428065376e-05	-0.0001400415599869	1.9611638523577463e-08	4.822215850139934e-10	0.0	0.0	0.0	0.0	0.0	0.0	0.0	0.0	0.0	0.0	0.0	0.0	0.0	0.0	0.0	0.0	0.0	0.0	0.0	0.0	0.0	0.0	0.0	0.0	0.0	0.0	0.0	0.0	0.0	0.0	0.0	0.0	0.0	0.0	0.0	0.0	0.0
5051.492613261228	9.290544107196183	86.31420980775772	25517577.62183275	10808.946562930092	22.38571688795128	501.12032058750697	116833325.80027825	4972.56221584437	4.4507545405977	19.809215980651043	24726374.990443077	5457.317121140501	7639.201277676359	1.465792	29.768969	0.0750404873607681	0.0404851742725985	0.0981418168	0.0297300626	-0.1493534155	-0.0595817616	0.0347029466	0.0146086395	0.1374901305	-0.0665905426	-0.0657692754	-0.0747306379	-0.077679295	-0.0379270229	-0.0204322276	0.0927314296	-0.0659845478	-0.0916589461	-0.0052683825	0.0063962874	0.1048700196	0.0178351223	-0.0089498855	0.0983890939	-0.0118694822	0.006756452	0.1702287559	-0.0038031233	0.0808266228	-0.1894321406	-0.035524024	-0.0052209888	-0.0233066665	0.0701996181	0.0418545827	0.0050912631	-0.0951893626	0.1006010554	0.1025979459	0.088530698	-0.0408754144	-0.0718634078	0.0712463071	-0.0187286586	-0.1081287287	0.0222058251	-0.0316263055	-0.0714709123	0.0700442598	-0.0352582945	0.0851328509	-0.0928338045	-0.0826341948	0.0513451212	-0.1004777708	0.0186283099	0.2329158814	-0.0458410801	0.1309877298	-0.082061471	-0.0952656298	0.0624613786	-0.0517352989	-0.0863434574	-0.0671688766	-0.0505580132	-0.0400260299	-0.0531923738	-0.0798816093	0.0560054379	-0.0599514897	-0.0628099578	0.062098633	0.028226649	-0.0248069771	-0.0897369648	-0.0597273673	0.1053358872	-0.109505626	-0.1105566975	0.0434112546	0.0222994968	-0.0895336588	0.0233029604	0.056116189	0.0800983385	0.0234506853	-0.1043386034	-0.0802735907	-0.0793816161	-0.1014537678	-0.0589747025	-0.0314217592	-0.0969546807	0.0526613862	-0.1623704919	0.0292512557	-0.0165204546	0.1078933766	0.1333306446	-0.0099443394	0.0481148067	0.0774030747	-0.1037385174	0.0861921355	-0.0939539713	-0.0185400477	0.1328820339	-0.0523147689	-0.1051314137	0.1460159178	0.0921648656	0.0676153983	-0.0887211385	0.0998061458	0.089219707	0.0743608544	0.0248240105	-0.0974528154	0.0129166307	-0.058461322	0.1829858132	0.1321580566	0.1224209127	-0.0628322554	-0.0542417811	0.0775585935	0.0617866391	0.1102524885	0.0644266298	0.001608758	-0.0616334109	0.0205217668015507	0.0047580817989541	0.0004211429126572	2.26393424055383e-05	-0.0128918299586757	-0.0226385983804532	0.0005125061366314	0.0001661992796834	-0.0108371830472293	-0.0327921911143462	0.0001174445363991	0.0010753277980798	0.000103992384419	-0.0001570039544138	2.4650241701570596e-08	1.0814416017149074e-08	0.0002190037596352	-9.099928265210002e-05	4.7962646734352456e-08	8.280869443196792e-09	7.098862855504611e-05	4.902908427439235e-05	2.4038511047854674e-09	5.039385384126308e-09	0.0	0.0	0.0	0.0	0.0	0.0	0.0	0.0	0.0	0.0	0.0	0.0	0.0	0.0	0.0	0.0	0.0	0.0	0.0	0.0	0.0	0.0	0.0	0.0	0.0	0.0	0.0	0.0	0.0	0.0	0.0	0.0	0.0	0.0	0.0	0.0	0.0
5047.659056647828	-3.8335566134001056	14.696156308143689	25478861.95215884	10797.11529129898	-11.831271631112031	139.97898840915633	116577698.61360228	4971.253807317198	-1.308408527172105	1.7119328739766773	24713364.41676574	5460.334003807926	7649.2915188992065	1.6462	33.432907	0.0467161386232473	0.0281769163841844	-0.1563111005	-0.0102203958	-0.1288507588	0.2039351012	0.0128400914	0.0778265426	0.0946689691	0.01100716	0.1080096249	0.0794658398	-0.0116960503	-0.0210100265	0.0130401755	-0.213364804	-0.0563924537	0.0280554294	0.0923118308	0.0659661054	0.0284956538	-0.0802914284	0.052071242	0.1303745438	0.0469057811	-0.0249223247	-0.0240050372	0.0924316469	-0.0124356621	0.0221703212	-0.0972772721	0.029114358	0.0333683636	-0.2167557973	0.0481069007	0.0586660141	-0.2153734448	0.0729943272	-0.1250653409	0.0245897615	-0.0189647274	-0.1223768893	0.1054566462	0.0015460385	0.0883261389	0.1365344106	-0.0418318947	0.0370230825	0.0444508425	-0.0778931641	0.0322302638	0.0076046661	-0.146296141	0.0716248038	0.1139667378	-0.0673764373	0.0397499519	-0.0350992124	0.0340358528	0.0938598924	0.0706243302	-0.1684293345	-0.0230970562	-0.0568063157	-0.0442757594	-0.0172880231	-0.0615312061	0.0216468562	-0.1564987706	-0.1212992011	-0.03297121	-0.0911637841	-0.0340926666	-0.1352763465	0.0242307946	0.0789836098	-0.0268295364	0.1284722053	-0.0544435207	0.1151334396	0.0063264067	0.0099635995	-0.0311923436	0.018960226	-0.0108571164	0.0082425129	-0.0393495925	-0.1212353791	0.0608364745	-0.0012590262	-0.0842173088	-0.0286540188	0.1086159779	0.0440833481	0.0301183559	0.0195010672	0.0492440404	-0.2608618637	-0.038115689	-0.2074561662	-0.1146829208	0.0222842769	-0.0287234757	-0.0544625511	0.0880611845	0.1220602964	-0.0981249042	0.0030184801	-0.0160954114	0.0479132068	0.1866788165	0.0008435304	0.1528173478	0.0371385554	0.0321017918	0.1010094935	-0.0938311341	0.0541454509	0.0493442412	0.1271577002	0.0691968036	0.038040931	0.0267854489	0.1590021882	0.0317149235	-0.1536524175	0.0280566388	0.0722940913	0.1086202561	0.0588006326	-0.008038628	-0.0725511359	0.0185216936030485	-0.0020000731985022	0.0003430531339252	4.00029279936683e-06	0.0138615983787389	0.0267534283374146	0.0007157459278051	0.0001921439096134	-0.0202487578501404	-0.0094115748029111	0.0004100121944736	8.857774027079113e-05	-2.4010212359935425e-05	-0.0001280025967789	1.6384664782150733e-08	5.764902975691957e-10	0.000204998916659	-1.400484297619999e-05	4.2024555831363626e-08	1.961356267880182e-10	0.0001000024344883	2.901380593325389e-05	8.418009347325186e-10	1.0000486903586734e-08	0.0	0.0	0.0	0.0	0.0	0.0	1.0	0.0	0.0	0.0	0.0	0.0	0.0	0.0	0.0	0.0	0.0	0.0	0.0	0.0	0.0	0.0	0.0	0.0	0.0	0.0	0.0	0.0	0.0	0.0	0.0	0.0	0.0	0.0	0.0	0.0	0.0
5039.136745204447	-8.522311443381113	72.62979233798468	25392899.136869665	10813.371878668437	16.25658736945661	264.27663290077624	116929011.38637736	4971.216703097505	-0.037104219692992	0.0013767231190258	24712995.509155627	5456.425214031185	7574.694431158724	1.796587	36.487137	0.0522011266106223	0.0342796977245512	0.1518714338	-0.0608613964	-0.0345359784	-0.1302788297	-0.0430890284	0.0209391591	-0.0287655211	0.0306827185	0.0002086486	-0.0801720342	-0.0329180331	-0.0202301084	-0.0902249943	0.0180027943	-0.0073128555	0.0486729944	-0.188768115	-0.0275529771	0.0255844769	-0.0605810291	-0.0277671596	-0.1539870537	0.0961165307	0.0205589154	-0.0670046825	-0.0403978375	-0.0777890971	-0.0373961193	-0.0082589839	0.2195242319	0.071097355	-0.0151509789	0.044881981	0.0190799264	0.0266094133	-0.0788289596	-0.0632552463	0.0239047362	0.1054931143	-0.0631861664	-0.0405514049	-0.0312085001	-0.0026954148	0.1447902051	0.1804842486	-0.0110021064	-0.0028086159	-0.0350016375	-0.0673191528	-0.06108846	-0.1163543653	-0.221835364	0.0836713017	-0.0502413074	0.1809967315	0.2702336984	0.0065582897	0.1069486592	0.022661733	0.1193867132	0.0674067008	-0.0919830616	0.1032090922	0.0577920047	-0.0489358828	0.1994789744	-0.1395041297	0.0282778894	-0.0248048935	0.09991919	0.0799579581	-0.0264576224	0.0262240393	0.0020562888	-0.0779244751	0.0217549301	0.1020598895	-0.0336912755	-0.0904029145	0.0404724169	0.0454223326	-0.0439730889	-0.0104144466	-0.1707096431	-0.0209941832	-0.1503355743	0.0103243595	-0.0064594907	-0.024238079	0.0681493239	-0.0934289731	0.0305003134	0.0022933868	0.0675399787	0.0376859568	-0.0551464295	-0.0784569817	-0.0148176796	-0.1211744245	0.0237669569	-0.0728602219	0.0188425737	0.0442020612	-0.1862195644	-0.0267270816	0.0291931198	0.015586934	0.0298689917	0.1190549935	-0.0469603914	0.1876560246	0.1656436393	0.0537264907	0.0220512999	-0.0585217646	0.0566223183	-0.0942475162	-0.0265188607	-0.0866824858	-0.0698678072	0.0320575228	0.1450918977	0.0307861519	0.0398299322	-0.0421174767	0.1756797273	0.1069183059	0.053023695	-0.0176395976	-0.082724388	0.0215197522782091	0.0029980586751606	0.0004630997381154	8.988355819705747e-06	-0.0197684372950845	-0.0336300356738234	0.0011309792994226	0.0003907911130896	-0.021172900841087	-0.0009241429909465	0.0004482917300265	8.540402677157247e-07	0.0001449789606235	0.0001689891729834	2.8557340585625462e-08	2.1018899023470362e-08	0.0002820106531662	7.701173650720002e-05	7.953000849922678e-08	5.9308075598544055e-09	0.0001469793104115	4.697687592319999e-05	2.206826871503726e-09	2.1602917689040072e-08	0.0	0.0	0.0	0.0	0.0	0.0	0.0	1.0	0.0	0.0	0.0	0.0	0.0	0.0	0.0	0.0	0.0	0.0	0.0	0.0	0.0	0.0	0.0	0.0	0.0	0.0	0.0	0.0	0.0	0.0	0.0	0.0	0.0	0.0	0.0	0.0	0.0
5038.496981839671	-0.6397633647757175	0.4092971629091477	25386451.83600748	10760.344782853992	-53.02709581444469	2811.872890514298	115785019.84589311	4967.381587255295	-3.835115842210144	14.708113523171216	24674879.83340293	5454.990429168052	7576.142202131424	1.690498	34.33255	0.1083836583046671	0.0553851761122967	-0.0730753519	0.1279408874	0.1221320345	0.0225978133	0.142996876	-0.0497906604	-0.022656771	0.1238756654	-0.0038054125	0.0086153172	0.0728344362	0.0698710891	0.0882850946	0.0106515182	-0.1220055711	-0.154951303	0.201909971	0.0582071913	0.0433855141	-0.0908331182	-0.082293356	-0.1658910382	0.0157397562	-0.0600534243	0.0144563375	-0.0791181528	-0.0784490555	0.0114456944	-0.0405135046	-0.016058635	0.1609825074	0.1538274809	-0.122574212	-0.0820534718	-0.0557635244	-0.0414987556	0.0542001299	0.0349888733	0.0984391615	0.1010669725	0.0711336644	-0.046963245	-0.0767621054	0.044159927	0.1231057127	0.137892824	0.0783736201	-0.0473408865	-0.0475058077	-0.0320728854	0.041631066	-0.0272272483	0.0457864357	-0.0743369107	-0.0418226482	-0.0328484652	-0.0252243743	0.0026048624	-0.1029769631	-0.0952272687	-0.0012249503	0.099537761	0.0274263787	0.0937257783	0.0705690569	0.1523390054	0.0495217154	-0.176381273	0.0755110886	-0.0239760849	0.1782418391	0.0276864806	-0.081501214	-0.0506010543	-0.1103061625	-0.1209694555	0.0527420109	0.0529413453	0.0947603016	0.0247176089	0.0698841427	-0.1067342246	0.028072459	0.0704433052	0.278253635	-0.0571007624	-0.0106306315	0.0899548265	-0.1670378353	0.0987765192	-0.0678021435	0.071031464	-0.0855671629	0.0133811459	-0.0580439411	-0.0201511501	0.0704672528	-0.0180634877	0.0201266914	0.0438309148	-0.1085309722	-0.0958619372	0.0129851594	0.1080739615	0.0754045443	-0.0039091377	-0.0410167731	0.1700968276	-0.0217679919	-0.0069068262	0.0178073821	0.1520025237	0.116273609	-0.0654335115	0.0867465442	-0.0224133548	-0.1505649826	-0.0133502208	0.0860061896	-0.0008453627	-0.0582997616	0.0671345495	0.0647051154	-0.0217483325	-0.0654727427	0.0133926571	0.1051477302	0.0471106464	-0.0271387131	-0.092048776	0.0227724986643664	0.0012527463861572	0.0005185866954185	1.569373508030174e-06	0.0244016036628806	0.0441700409579651	0.0019509925182283	0.0005954382613203	-0.0047103850832996	0.0164625157577874	2.218772763297138e-05	0.0002710144250753	-0.0003539996040705	-0.000498978564694	2.489796080240845e-07	1.253157196820708e-07	3.0008835676387235e-06	-0.0002790097695985	9.005302186524114e-12	7.784645153144226e-08	-4.99945935108611e-06	-0.0001519787697625	2.3097546458549158e-08	2.499459380316235e-11	0.0	0.0	0.0	0.0	0.0	0.0	0.0	0.0	1.0	0.0	0.0	0.0	0.0	0.0	0.0	0.0	0.0	0.0	0.0	0.0	0.0	0.0	0.0	0.0	0.0	0.0	0.0	0.0	0.0	0.0	0.0	0.0	0.0	0.0	0.0	0.0	0.0
5041.14620329536	2.649221455688348	7.018374321279491	25413155.04299922	10812.3165346452	51.97175179120859	2701.062984246993	116906188.845362	4968.597734316082	1.2161470607870797	1.4790136734610528	24686963.445450906	5450.926812887917	7599.625256156257	1.423914	28.918461	0.0423835531365387	0.0231076360935543	0.0422498307	-0.1012614069	0.1200073108	-0.0811907854	-0.1164878237	-0.013173168	-0.0186516233	0.0171739441	0.0827660159	0.0622948237	0.1118669714	0.0286121047	-0.0282819754	0.0787718041	0.1432598601	0.1479336016	0.2972963879	0.1012819193	0.1058380905	-0.094470954	0.0675132209	0.090720364	0.0013385885	0.0117844522	0.0824830785	-0.0225672251	-0.0942117827	-0.1142870752	-0.0188663898	-0.0098674896	-0.1656951984	0.0388663874	-0.1386054762	-0.0328404579	0.1022672958	-0.0310252355	0.0370670203	-0.0882087718	0.0215813447	0.1536990099	-0.1071128318	0.0315347697	0.0080095122	0.0981485261	-0.0797028856	0.0737702012	-0.0788148294	-0.0825013822	-0.1051016394	-0.1705182077	-0.0925039488	-0.0755912478	-0.0679966768	-0.0232190096	-0.0657659197	-0.1279783771	-0.084443511	-0.104349048	0.0817918276	0.1462264618	-0.0044121283	0.0979839066	-0.061359737	-0.007615266	0.0554603341	-0.0403884604	0.0241157237	-0.1261943105	-0.0219696075	-0.1967782414	-0.0055152906	-0.0029493168	-0.2540545708	-0.0219773265	-0.0158163055	0.0099958409	0.0738651885	0.1873932805	-0.0679447029	-0.0054787592	-0.0115751072	0.0517585792	-0.0227395202	0.0534002552	-0.0280802526	0.1834387387	-0.0753868905	0.160792342	-0.0146106251	0.0551063869	-0.0430335668	0.1127068791	-0.0807816927	-0.1331248213	0.0276861629	0.006406521	-0.0382391325	-0.0605773423	-0.0804247573	0.1381316138	0.0146065728	0.0869141937	0.0061170271	-0.0663493854	-0.0054147317	-0.1428074771	-0.090648983	0.0571654056	-0.0656892778	0.0933269898	-0.021304429	0.0281885534	0.0575738567	-0.0005460527	0.0620625571	-0.1299633593	0.0188102496	0.0998940881	0.0860899057	0.1686019516	-0.0746034237	0.0325655185	-0.0306525157	0.0800060263	0.0798511417	-0.0448398272	0.1033096655	0.0410766654	-0.036481125	-0.100428619	0.0262780210736082	0.0035055224092418	0.0006905343915449	1.228868736169644e-05	0.0196845916653671	-0.0047170119975134	2.225020218468629e-05	0.0003874831490322	-0.0196693931579048	-0.0149590080746052	0.0003868850272002	0.0002237719225761	-0.0003170043147412	3.69952893293e-05	1.3686514325586183e-09	1.0049173556453781e-07	0.000317995930555	0.0003149950469873	1.0112141184954037e-07	9.922187962656992e-08	2.7050417435817256e-05	3.2049876786903366e-05	1.0271946020556872e-09	7.317250834519663e-10	0.0	0.0	0.0	0.0	0.0	0.0	0.0	0.0	0.0	0.0	0.0	0.0	0.0	0.0	0.0	0.0	0.0	0.0	0.0	0.0	0.0	0.0	0.0	0.0	0.0	0.0	0.0	0.0	0.0	0.0	0.0	0.0	0.0	0.0	0.0	0.0	0.0
5042.908506091832	1.7623027964727953	3.1057111464558345	25430926.20081336	10762.086824249109	-50.22971039609183	2523.023806475256	115822512.81267628	4969.912065432142	1.3143311160602025	1.7274662826440574	24700025.938127983	5455.0410338056845	7608.1489643269715	1.267213	25.736002	0.0340491738985902	0.0158232005260773	-0.0354212286	0.1074064787	0.0681552708	-0.0067318015	0.1306355968	-0.0389226311	0.0771240315	-0.0225321283	-0.0078554524	0.0761916088	0.1509409003	-0.0377468169	-0.0006921928	-0.0198875957	-0.0884358874	0.0269412062	0.010983261	0.1264113724	-0.0228405284	0.0291939708	0.1373957292	0.1612061818	-0.020167616	-0.0074999333	0.0941755471	-0.1422120353	-0.0120224805	0.1122463844	-0.0429904117	0.1668006468	0.0573785657	0.1309377579	0.064421532	0.0575736295	0.0831284261	0.1269017551	0.2229307909	-0.0822015133	0.1179410647	-0.0787780054	0.0672242588	-0.0917490078	-0.1483842783	-0.2087159146	-0.0313055175	0.0478745826	-0.1228184199	-0.0438204384	0.014098261	-0.0069866681	-0.0260789008	0.0034378293	-0.0332721594	-0.0117018055	-0.0147019271	0.1248759472	-0.0628790006	-0.0194178183	-0.0685661838	-0.029720645	-0.0902111989	-0.0214429313	-0.1250848795	0.0216132823	0.026414801	-0.0674554604	-0.0305766497	-0.0176753646	-0.0532452737	0.0524938088	0.0221499348	-0.1228942547	0.0246650279	-0.0195427007	-0.1571240626	0.0123943379	0.0313541951	0.0207472058	-0.1891353979	-0.0361308927	0.0318819361	0.0007323805	0.1137447562	0.0176860576	0.099066665	0.1000943919	-0.0535020615	-0.2191599859	0.0278214106	-0.0667189808	-0.0778042052	-0.1349869947	-0.0560549589	0.0147586324	-0.1079546808	0.285448459	-0.1067144676	0.0211703776	-0.0808918531	-0.1115299902	-0.0171102391	0.0754154023	0.0049545481	0.0775925134	0.0009946316	0.0374701569	-0.1252808436	-0.0868306425	-0.0823134992	0.0541805171	0.0514349556	0.033997906	0.0015707199	-0.0620092544	-0.0104676645	-0.1384836185	-0.0806612981	0.0195819829	-0.0384225609	0.0759517824	-0.0492688698	0.0002975509	-0.0269667389	0.066549796	0.0148855057	-0.0875310255	0.1014052916	0.0349372413	-0.0456128885	-0.1077779285	0.0243344367247004	-0.0019435843489078	0.0005921648107084	3.7775201213193575e-06	0.0161821630291569	-0.0035024286362102	1.2267006351745249e-05	0.0002618624003022	-0.0252221187948791	-0.0055527256369742	0.0006361552765029	3.083276199951162e-05	-0.000482998071369	-0.0001659937566277	2.7553927239409293e-08	2.3328713694617366e-07	9.000962079230845e-05	-0.0002279863097626	8.101731835175167e-09	5.197775743920993e-08	-3.9978221703650016e-05	-6.702863913946727e-05	4.492838464888924e-09	1.598258210586193e-09	0.0	0.0	0.0	0.0	0.0	0.0	0.0	0.0	0.0	0.0	0.0	0.0	0.0	0.0	0.0	0.0	0.0	0.0	0.0	0.0	0.0	0.0	0.0	0.0	0.0	0.0	0.0	0.0	0.0	0.0	0.0	0.0	0.0	0.0	0.0	0.0	0.0
5045.427778862513	2.5192727706808	6.346735293093714	25456341.471717518	10780.50471204056	18.417887791450998	339.21859069847955	116219281.8463287	4969.708590607717	-0.2034748244250295	0.0414020041747965	24698003.475560144	5451.953949136937	7587.548560910109	1.166415	23.688879	0.0372426680437618	0.0206841658651105	-0.0146440288	-0.0884462517	0.0497651101	-0.0020094789	-0.0750603076	-0.038060542	0.0777346796	0.0023557553	0.0354543942	0.0511954476	0.1186961805	0.0102254344	-0.0099797	0.0117278531	0.025260677	0.0859942297	0.0816113015	0.1393560746	-0.0119992037	0.1094299579	-0.0876134301	-0.1116930623	-0.1748155234	0.1060580159	-0.2595936569	-0.0205948039	-0.022858222	0.1017740063	-0.026101466	0.1637704402	-0.0219676575	-0.104073195	0.0891438271	0.1067329317	0.0292741458	-0.0879019159	0.1271971117	0.0360125041	-0.0431199861	-0.0365857071	-0.0381345253	0.1363955008	-0.1320150898	0.0267589298	-0.0989468596	-0.0002156176	0.1681681781	0.1861446153	-0.0591035618	-0.2032697741	0.0215899012	-0.0226564912	0.0255866	-0.1151842214	0.0362134086	-0.0785170272	0.0254909218	0.0664388768	0.0938945168	0.0328182596	-0.0161288769	0.0065141998	-0.0798857539	0.0402766866	0.0948412719	-0.1236637347	0.0734149849	-0.015521275	-0.0717031755	0.1555926422	0.0498950676	0.1046018063	0.0295738585	0.1537580121	0.0234082452	-0.0499216287	0.2261724612	0.0907102224	-0.0449060969	0.036902192	-0.0399073295	-0.1612592247	-0.027438619	0.0159958795	-0.188494891	0.0228005019	0.0615978807	0.0269218418	-0.0235024787	-0.1618282587	-0.0415259908	-0.1063344371	-0.0319854684	0.0053135908	0.0966453489	0.0084915104	0.2482124343	0.0774706837	0.1116298325	0.0780511327	0.0916416444	-0.0202179261	0.0147189011	-0.0138407249	-0.1469238602	-0.0452644319	-0.037280332	-0.0871387944	-0.0411784952	0.1374337009	0.011960152	-0.0360569633	0.0365223482	-0.0353573314	0.0240557477	-0.0103818794	-0.023865321	-0.0571949094	-0.1232961571	0.1649824573	-0.0175479417	0.0857567418	-0.026133235	0.0306841941	0.0617255401	-0.0182599837	0.0994358308	0.0287081337	-0.0544812754	-0.1140212905	0.0173357200261676	-0.0069987166985328	0.0003005271888256	4.898203542632185e-05	0.0160919596853545	-9.020334380240024e-05	8.136643233134019e-09	0.000258951166515	-0.0351759894804786	-0.0099538706855995	0.0012373502359307	9.907954162563709e-05	-0.0002309974874082	0.0002520005839608	6.350429431658422e-08	5.3359839188901524e-08	0.000224002513701	0.0001339928929086	5.017712614436669e-08	1.795409535004008e-08	-2.197415225659774e-05	1.8004069447052275e-05	3.241465166542812e-10	4.828633673961396e-10	0.0	0.0	0.0	0.0	0.0	0.0	0.0	0.0	0.0	0.0	0.0	0.0	0.0	0.0	0.0	0.0	0.0	0.0	0.0	0.0	0.0	0.0	0.0	0.0	0.0	0.0	0.0	0.0	0.0	0.0	0.0	0.0	0.0	0.0	0.0	0.0	0.0
5044.45431895034	-0.9734599121729844	0.9476242006078344	25446519.37597674	10785.729892552825	5.225180512265069	27.30251138575465	116331969.31510755	4968.880397238523	-0.8281933691941958	0.6859042567772335	24689772.40206126	5455.849408227984	7647.135076170599	1.131984	22.989618	0.0369757759408922	0.0182979957107532	-0.0038452941	0.0827493678	0.0095246607	0.0120772924	0.0391291072	0.0070676952	0.0410295759	0.039712633	0.0811620158	0.050280574	0.0258570479	0.0043095296	-0.0050223855	0.0128450485	-0.1304654864	-0.0319607973	0.0105725447	-0.1269655878	-0.0369341904	-0.0587726167	0.017410823	-0.010863115	-0.1075635327	0.0841342305	-0.0864250743	0.0077256732	-0.0127917181	0.0640091729	0.1022538107	0.1367396869	0.110162415	0.0402876278	-0.0951071265	0.0448042062	0.2397684377	0.1595915589	0.0261776937	0.0055409639	0.013240707	-0.0660143464	0.0723882142	0.0999037537	0.1119596797	0.0842138427	-0.131784985	-0.1465823349	-0.0094345295	0.0505795332	-0.0708787714	-0.0259834495	-0.0226435384	0.0010961721	0.0217051003	-0.185990906	-0.0351484938	-0.0656453049	-0.036483851	0.0979371128	-0.071953002	-0.0533616894	-0.0026864009	-0.0454320976	-0.0895776953	0.1197227178	-0.0215515481	-0.0385815759	0.0648693053	0.08970426	0.0109243259	0.0091381625	-0.1574347704	0.0408509427	-0.054837918	0.1156612256	-0.087808012	-0.0923273717	0.1032546339	-0.0432455209	0.0294147371	0.1002835367	0.1588895623	0.0022160837	0.0988220942	0.0717835035	-0.0176378891	0.0790740444	0.1375237695	-0.051887489	-0.0864137253	0.0572668649	0.0113713047	0.0219526976	0.0685504475	0.0821875523	0.0588552413	-0.0297111407	-0.0961558346	0.1096856348	0.1234927706	0.0516931169	-0.0470103321	-0.092372041	0.0018131818	0.0329191124	-0.0807432624	0.1072072513	-0.0409553322	0.009757491	-0.0204964759	0.1362144092	0.0234833339	0.0686247094	-0.0292867687	0.0651749681	-0.0166466996	-0.0156464156	0.1348059284	-0.0842858239	-0.0877509765	-0.0349353806	0.0729697399	0.0579995523	0.0515621075	0.1740407595	-0.0076594257	-0.019573691	0.0974025471	0.0224053327	-0.0630350779	-0.1190946399	0.0276226620001835	0.0102869419740158	0.0007630114559763	0.0001058211751767	0.0260486220871314	0.0099566624017769	9.913512618295778e-05	0.0006785307126381	-0.0256943588128422	0.0094816306676363	0.000660200074803	8.990132011746306e-05	-0.0002990015936396	-6.800410623140001e-05	4.624558464331538e-09	8.94019529990205e-08	0.0001859977774327	-3.80047362683e-05	3.4595173209904206e-08	1.4443599788230375e-09	1.7027823192963012e-05	3.900197544956075e-05	1.5211540889681394e-09	2.899467626908091e-10	0.0	0.0	0.0	0.0	0.0	0.0	0.0	0.0	0.0	0.0	0.0	0.0	0.0	0.0	0.0	0.0	0.0	0.0	0.0	0.0	0.0	0.0	0.0	0.0	0.0	0.0	0.0	0.0	0.0	0.0	0.0	0.0	0.0	0.0	0.0	0.0	0.0
5046.2172397357845	1.762920785444294	3.107889695751526	25464308.43060664	10790.791245850874	5.061353298049653	25.6172972076781	116441175.71153186	4969.299657883987	0.4192606454635097	0.1757794888344788	24693939.089845907	5454.81412213914	7586.396402551737	1.15853	23.528744	0.0329493251023878	0.0170806837731136	0.0051947387	-0.0652222158	0.092769753	-0.0157908993	-0.0811335859	0.016396731	-0.0289742445	0.1000580886	0.0660519988	0.1978771514	0.0844560134	0.027870972	0.0383938843	0.0846906067	-0.0081312488	0.0933564398	0.0191354755	-0.1993534033	0.0192839967	-0.0556915481	-0.0223846134	-0.0320954399	-0.080622749	-0.077925429	-0.0767525916	0.0524872513	0.0366525762	0.0582905954	-0.0616949302	-0.0627594639	0.0654546763	-0.0017034325	0.0037211128	-0.056898806	-0.0998328099	-0.0864070812	0.0702645039	-0.1386734049	-0.1300064899	0.09632762	-0.0012739975	0.1033145926	-0.0121422216	-0.0034926481	0.2044827401	0.0267180276	0.0014154764	-0.1275522582	-0.0381216019	-0.0384722591	-0.1602008041	-0.2833314016	0.0940935163	-0.0678488038	-0.0072567053	-0.0650293123	0.1013716505	-0.0372437217	0.0551866287	0.0069709194	-0.0198736751	0.0243222138	0.0108073046	0.1331748428	-0.0229427074	0.0029015144	0.0587688011	-0.0258626062	0.1291629347	-0.1314651539	-0.0774007615	0.0661134405	0.1884143508	0.0402585995	0.0725889386	-0.0410321522	0.0385316696	-0.030580548	-0.0144968848	-0.0681885498	0.020571068	-0.1849305839	-0.0005123923	0.1420816521	0.0002580544	-0.0137915257	-0.0160595138	0.016924279	-0.0008422433	0.1127113778	-0.0832651239	0.1088964258	-0.0477288927	-0.104785035	-0.0990720236	-0.2094330982	0.0966811805	-0.0608298563	-0.0159738682	0.0074880865	-0.0099297152	0.1521591049	-0.0087953001	-0.0234815546	-0.1068451822	-0.0176621495	-0.0065837803	0.1171082544	-0.0827092849	0.1486643062	0.0328311413	0.1083876998	-0.1033714354	0.0260856214	0.0402764177	0.0910155269	0.0749307527	0.0293913913	-0.0844751609	-0.1148785243	-0.0789821281	0.1421272354	0.0177508321	-0.115499834	-0.1613725864	-0.0870410916	0.0953067456	0.0160450176	-0.071224905	-0.122945917	0.0278156567079719	0.0001929947077884	0.0007737107580957	3.724695723433094e-08	0.0355787289551159	0.0095301068679845	9.082293691520534e-05	0.0012658459540616	-0.0298191968422187	-0.0041248380293765	0.0008891845003149	1.7014288768590606e-05	-0.0001069911582993	0.0001920104353403	3.686800727957152e-08	1.1447107954225873e-08	0.0002980031844126	0.0001120054069799	8.88058979200501e-08	1.2545211192733037e-08	-6.098404443160562e-05	-7.801186762456863e-05	6.085851490273221e-09	3.7190536752360486e-09	0.0	0.0	0.0	0.0	0.0	0.0	0.0	0.0	0.0	0.0	0.0	0.0	0.0	0.0	0.0	0.0	0.0	0.0	0.0	0.0	0.0	0.0	0.0	0.0	0.0	0.0	0.0	0.0	0.0	0.0	0.0	0.0	0.0	0.0	0.0	0.0	0.0
5047.895719387361	1.6784796515767084	2.8172939407570685	25481251.193809245	10807.992854143056	17.201608292181845	295.89532783765924	116812709.53520738	4971.435982375723	2.136324491736559	4.563882333993468	24715175.726860072	5457.441974558728	7621.237017216167	1.295425	26.308971	0.0373093954310764	0.0184765937078749	0.0024399331	0.0974850408	0.1120169772	-0.036051668	0.0776233882	0.0021243221	-0.0085007879	0.0903611039	-0.0222463741	0.0409231121	-0.0575838766	-3.49076e-05	0.0614144532	0.0628324382	-0.0443968419	0.0139038412	0.1380835181	-0.1582017258	-0.1438053154	0.0954513884	0.0039292819	0.0084093293	0.0327382999	-0.2624084404	-0.0690730066	0.1005568169	0.0538421899	0.0994813171	0.0201136615	-0.0313979002	-0.063601408	-0.058529143	-0.0740623983	-0.0112565343	0.1756795013	-0.1011631776	-0.0945818268	0.128842282	0.1166702813	0.0342855016	0.1354693998	0.0120814759	-0.029172437	0.1170071416	0.0184850561	0.2008463643	0.0027665586	-0.0376742948	0.0046157542	0.0723632972	0.0107842691	0.0465723236	0.0478721915	0.1554155843	-0.0374432185	-0.1237869647	-0.1646449126	0.0980804104	-0.0721652361	-0.0054697312	-0.03382686	0.01783995	-0.0176723424	0.1328668263	0.0958376963	0.065257068	0.1322674208	-0.0337787645	0.1807176357	0.0161105034	-0.1164860986	-0.1187222182	-0.0826428665	0.1414791784	0.1456818121	0.0009418391	-0.0600580736	0.07939131	0.1263020026	-0.0574682588	0.0111297713	0.1628276673	-0.1042616015	-0.0117814664	0.1072685155	0.0224120227	0.0267174038	0.0540421886	-0.0311182338	0.0327784931	-0.0730681654	-0.0488809504	-0.0621247481	0.2174932744	0.1919711364	0.0022608389	0.1123557004	-0.1235082793	-0.1033117723	-0.1023853117	-0.036610806	0.098586043	-0.0218379623	0.0332805659	-0.0124563882	0.0103506334	-0.104089433	0.1832375364	-0.1405461069	0.0537361608	-0.0104687399	0.1622630003	-0.0308277916	-0.0172295304	0.0411627805	0.1200720726	0.1828193957	0.0850731881	-0.0294024206	-0.1026308179	-0.0040747382	0.1803975183	-0.0132180811	0.108396199	0.0033157192	-0.1114241867	0.0931497716	0.0096435152	-0.0790034671	-0.1255356027	0.0211563656324216	-0.0066592910755503	0.0004475918067727	4.434615762890387e-05	0.0349054860217989	-0.0006732429333169	4.5325604726127523e-07	0.0012183929544179	-0.0425944750613567	-0.0127752782191379	0.0018142893057525	0.0001632077335763	-0.0003799951410712	-0.0002730039827719	7.453117460931989e-08	1.443963072377212e-07	0.000250007022827	-4.799616158560001e-05	6.25035114628201e-08	2.303631526951026e-09	-3.79525247276834e-05	2.303151970392222e-05	5.304508998721574e-10	1.44039413320542e-09	0.0	0.0	0.0	0.0	0.0	0.0	0.0	0.0	0.0	0.0	0.0	0.0	0.0	0.0	0.0	0.0	0.0	0.0	0.0	0.0	0.0	0.0	0.0	0.0	0.0	0.0	0.0	0.0	0.0	0.0	0.0	0.0	0.0	0.0	0.0	0.0	0.0
5050.385626810579	2.4899074232180283	6.199638976196241	25506394.97949489	10798.627960046955	-9.364894096101125	87.7012414311897	116610365.81950788	4972.315362054778	0.8793796790550914	0.7733086199350355	24723920.05972594	5454.936340656686	7628.415380657342	1.260931	25.608427	0.0290019681976892	0.0152692969014276	-0.0050623402	-0.0949663537	0.1194456174	-0.0343058339	-0.1098195662	-0.0345975245	0.0128985671	0.0094449889	0.0205626157	0.12873567	0.0570139908	-0.0058696847	0.0247144534	0.0260141832	-0.0305406287	0.1705299287	0.0021722966	-0.0768609916	-0.2398286693	0.0861907966	0.102770178	-0.2102979951	-0.1408932462	-0.1165694246	0.0865987755	-0.0092847814	0.0106986516	-0.1809766621	0.0094293857	-0.0774365725	-0.0524816534	-0.0360623172	0.0003328322	0.091019804	-0.1069642207	-5.78317e-05	-0.0412387556	0.1379512458	0.1006543253	-0.059635699	-0.0535036619	-0.1129252561	0.0466346905	-0.1206373819	-0.0837579723	-0.092255244	0.0377847245	-0.1001897599	-0.1628790094	-0.0504632465	-0.0894250586	-0.0016004578	0.057398285	0.0548108897	0.0089307124	-0.0471885021	-0.118111892	0.0640969798	0.1063309778	0.0561979227	0.0116126736	0.0302841315	-0.0067317821	0.0885954869	-0.0034656017	0.0470810522	0.2481614812	-0.1213284526	0.0447348766	0.0576512616	-0.1136422055	0.0920491542	2.19786e-05	-0.0432059935	0.061633932	0.2005497512	-0.0319329997	-0.0750112182	-0.0466284856	0.1572307632	-0.1632841271	0.043583445	-0.101954854	-0.1196518643	0.055255312	-0.0789639634	-0.0958783767	-0.0741799832	0.0167417784	0.0240070613	-0.1089660349	0.0848988888	0.0365218045	0.098651009	0.012398431	-0.0003314341	-0.1546701103	-0.0908957803	-0.0303282293	0.0451024488	0.1744010616	-0.0704540294	-0.0267595117	-0.0232464748	-0.0593048598	-0.1548739254	-0.073361475	0.1608633123	-0.1181495749	0.1005553595	-0.0775780097	0.046194526	0.0363646294	-0.1050540207	0.0228074149	0.0391332695	0.1073476264	0.1047531699	0.0781860892	-0.0119991776	0.0141951031	0.0501806837	0.0229233393	0.0181405059	-0.0978403857	-0.0600550148	0.0909330095	0.0032172579	-0.0863258496	-0.1268371232	0.0348365393375615	0.0136801737051398	0.0012135844730174	0.0001871471526028	0.0312817761757742	-0.0036237098460247	1.3131273048176388e-05	0.0009785495207112	-0.0424714638510295	0.0001230112103271	0.0018038252416493	1.513175786616248e-08	-0.0002859894163336	9.400572473760004e-05	8.837076283441429e-09	8.178994625483319e-08	0.0003690080575615	0.0001190010347344	1.3616694654531128e-07	1.4161246267881673e-08	-5.6447233979532753e-05	-1.8494709251849352e-05	3.4205427031044204e-10	3.186290223940117e-09	0.0	0.0	0.0	0.0	0.0	0.0	0.0	0.0	0.0	0.0	0.0	0.0	0.0	0.0	0.0	0.0	0.0	0.0	0.0	0.0	0.0	0.0	0.0	0.0	0.0	0.0	0.0	0.0	0.0	0.0	0.0	0.0	0.0	0.0	0.0	0.0	0.0
5044.451894981598	-5.933731828980854	35.20917341826047	25446494.92078344	10833.209209540964	34.58124949400917	1195.8628165669095	117358421.77768315	4970.253154188859	-2.062207865918936	4.252701282257931	24703416.416724306	5456.840676583055	7642.104819002052	1.255254	25.493114	0.0635364268299709	0.0398460651543607	0.0712113747	0.0867993582	-0.0209517452	-0.084321545	0.0329857257	0.0867972698	-0.0089035667	-0.0767544436	0.0042753677	0.0987875242	-0.0334023952	0.0320603684	0.0522712001	0.0964248977	-0.0416052827	-0.0893994514	0.0410600453	0.0664292801	-0.0344314544	-0.0905525573	-0.1341387711	0.1497157181	-0.1519983952	-0.0878583159	0.0039404069	-0.0084089927	-0.1236766065	0.0970232725	0.0438038243	0.1218695726	-0.1036623002	-0.0429906055	-0.0368576137	0.2432669294	-0.0383533002	-0.0420767901	-0.0355480466	-0.0685072121	-0.0779436073	0.006681653	0.0967462278	-0.0903281101	-0.0317397234	-0.1884921391	0.0629096166	0.1013438095	0.0513159702	0.0474499201	0.1258355505	0.0606808211	-0.0060047672	-0.0786795321	-0.0586721264	0.0015465167	0.0375822797	0.0479466452	-0.1894277058	-0.1018106637	-0.149401321	0.0463175155	0.0315714481	-0.0288295509	-0.1259740283	-0.0457270122	-0.0404604979	-0.0950967728	0.0388202604	-0.0883940371	0.1521705872	0.0800452085	0.0180317235	0.0079072094	-0.1469672226	0.2145661499	-0.1074017889	-0.0259081583	-0.0052948106	-0.0316880006	-0.0855852714	-0.0810556166	-0.0360991187	0.017659512	-0.0089742906	0.0346732472	-0.1012436387	-0.0653864985	0.0583343209	-0.1498437774	0.0728713181	0.0689759589	0.1141185764	-0.0184059631	-0.1331403629	-0.0209487056	-0.1660409205	0.0011314435	0.0754349602	-0.0724763613	0.0094480244	-0.1784032494	0.140569092	-0.0503737315	-0.0156318883	-0.0190227712	0.0561336458	0.0504299678	-0.1584664233	0.009922069	-0.0808768199	0.0920138808	0.0054175906	-0.0758965609	-0.1195332407	-0.0262567324	-0.0587103899	-0.1349691153	0.0643373691	0.0752353238	0.011777877	0.0061961916	-0.0518842077	-0.1629006465	0.0829247091	0.2467463637	0.0578165007	0.0346122795	0.088657882	-0.0032172579	-0.0931497716	-0.1268371232	0.0319933728476087	-0.0028431664899528	0.0010235759061661	8.083595689590535e-06	0.026027018468909	-0.0052547577068651	2.7612478557859186e-05	0.0006774056903809	-0.0146532738901399	0.0278181899608895	0.0002147184356994	0.0007738516927001	-0.0007159788523533	-0.0004299894360197	1.8489091508853969e-07	5.126257170171485e-07	0.0004520342121705	8.302615460900001e-05	2.0433492897260467e-07	6.8933423491575745e-09	-9.583789679610067e-05	-3.939066281656792e-05	1.5516243171285464e-09	9.184902462300044e-09	0.0	0.0	0.0	0.0	0.0	0.0	0.0	0.0	0.0	0.0	0.0	0.0	0.0	0.0	0.0	0.0	0.0	0.0	0.0	0.0	0.0	0.0	0.0	0.0	0.0	0.0	0.0	0.0	0.0	0.0	0.0	0.0	0.0	0.0	0.0	0.0	0.0
5048.052250763207	3.600355781608414	12.962561754161133	25482831.52643548	10762.974792164225	-70.23441737673966	4932.87338425007	115841626.37676254	4970.061756040056	-0.1913981488032732	0.0366332513653199	24701513.85885197	5454.430216154429	7588.717129272036	1.511431	30.695862	0.0178198915043945	0.0106600635221589	-0.1466018805	-0.0694790526	-0.0812742605	0.1588101886	-0.0141111886	-0.0267788009	0.0566270257	-0.092596255	-0.0819393804	-0.0595317778	0.023688261	0.0043074976	0.0576476725	-0.0727116694	-0.0539997165	-0.0265824958	-0.0248378563	-0.1141940515	-0.1405499306	-0.0093913222	0.0184235368	-0.0479858289	-0.1034603462	0.0638792905	0.0320685468	0.0186779938	-0.0019168444	0.1371984999	-0.0977740273	0.006010129	0.1682356966	-0.0429965924	0.0855243053	-0.0569908055	-0.123397858	0.2226254476	-0.1834047275	0.0077735478	-0.0898489287	0.0207004499	0.1001743877	0.0516380402	0.1865536161	-0.0372449319	-0.0371852485	-0.0662154628	0.0533333888	0.1927608233	-0.0824436574	0.1122533879	0.0778759844	-0.0801641448	-0.246269938	0.119952756	-0.0280657739	0.111224053	-0.0711019654	-0.1803419824	0.0889745055	-0.0767236764	-0.0787727282	0.0187871731	-0.0963003939	-0.0329590594	-0.0331832519	-0.0773720432	0.0047595709	-0.0042464173	0.0276773616	0.0532302699	-0.098275264	0.0365675357	0.1989834419	0.0201713301	-0.1113614708	-0.0647125801	-0.1104939875	-0.1601713823	0.0921499737	0.1307288531	0.0315925154	-0.0087929387	0.1404969845	-0.1836869428	0.0146152408	0.1099095387	0.1731052248	-0.0128029214	0.1546873422	-0.0130103185	0.2078555559	-0.0776820701	0.0410031798	0.1841485966	0.0246903658	-0.224813905	-0.0644682272	-0.0163986394	0.0913186399	-0.0337383689	0.0732162846	-0.0006062975	-0.0075891811	0.1153688397	-0.0885193218	-0.0804991096	-0.0390412253	-0.1061630675	-0.0164664325	0.0159802309	0.0940331628	-0.1106359111	-0.0692734617	-0.1272560371	0.06693643	-0.0255405383	-0.0607566019	-0.0966740542	-0.0347564764	0.0483919406	0.0234050896	-0.0755085011	-0.1294219953	0.119807608	-0.0238449241	-0.0432195525	0.0863258496	-0.0096435152	-0.0994358308	-0.1255356027	0.0351024552022778	0.0031090823546691	0.0012321823612279	9.666393088114791e-06	0.01606722026807	-0.009959798200839	9.91975802014358e-05	0.0002581555671426	-0.0135521106061631	0.0011011632839768	0.0001836597018816	1.2125605779785726e-06	-0.0006969819501669	1.8996902186399988e-05	3.608822926796487e-10	4.857838388584551e-07	0.0004865270048612	3.449279269069998e-05	2.367085264592101e-07	1.189752747603606e-09	-7.63306383750078e-05	1.950725842109288e-05	3.805331311072989e-10	5.826366354736213e-09	0.0	0.0	0.0	0.0	0.0	0.0	0.0	0.0	0.0	1.0	0.0	0.0	0.0	0.0	0.0	0.0	0.0	0.0	0.0	0.0	0.0	0.0	0.0	0.0	0.0	0.0	0.0	0.0	0.0	0.0	0.0	0.0	0.0	0.0	0.0	0.0	0.0
5048.539095380919	0.4868446177124497	0.2370176817955812	25487746.997589592	10830.482688785218	67.50789662099305	4557.316106190685	117299355.27207628	4972.972349386469	2.910593346413407	8.471553628185994	24730453.98776238	5458.066682995272	7620.622523344352	1.787728	36.307209	0.0258208058673597	0.0178051824548357	0.1545278648	-0.0539344641	-0.1055432931	-0.1109634339	-0.0639460339	0.0837536249	0.0591265946	-0.1090047088	-0.0008919741	-0.0726280815	-0.0018420764	-0.0536571189	0.0114159704	0.1206218191	-0.0321920967	0.0513402512	-0.1268942037	0.0442507004	0.0464004031	0.1230918169	-0.0321392481	-0.0033192063	-0.0444644866	0.1512234543	0.0804521334	-0.0186212422	0.0210973698	0.0667687528	0.0484666832	-0.0631772681	0.0901830418	-0.147714757	-0.2253435374	-0.079320885	-0.0822521785	-0.0201725275	-0.1460880713	0.0133547343	-0.0265860967	0.1013582903	-0.0047082231	-0.0324295382	0.1942832769	0.0218219804	-0.058723625	0.1233323674	0.0662265408	0.0418448812	0.0413982945	-0.0330685222	0.0455321054	0.0463212237	-0.0770403379	0.0875026547	-0.0973642054	0.0848574965	0.0520772466	0.076636689	0.0110175289	0.1304810135	0.0557592542	-0.1376130903	-0.0346892965	0.009291745	-0.0537582208	-0.0614426373	-0.0224797107	-0.0436854183	-0.125608228	0.1359835802	0.0396051553	0.0776716864	0.0382518801	0.031749099	0.0093202294	-0.0516001295	-0.1933212241	-0.0827556509	0.063215754	0.0683880386	-0.110894652	-0.051521053	0.0022867642	-0.0102785142	-0.0643553576	0.1231088103	0.0898306762	0.2316115486	-0.0535702094	0.0356742045	0.1116891483	0.0553343243	0.0626604429	0.1486527155	-0.0109864436	0.0036295195	-0.0880251161	0.0833009209	-0.0722273009	0.052229015	0.078496914	0.0221038368	-0.0293930066	-0.1557981223	-0.1058417895	0.0787183806	-0.0265948529	-0.0934501293	0.0023487876	-0.0650450918	0.0259941394	-0.0335907483	-0.0094499526	-0.1258322997	0.0165047622	0.1842540527	0.0014442191	-0.0353106677	-0.0461238159	0.107158368	0.039658812	-0.0664042584	0.0805406427	0.104887229	-0.0132801666	0.0558348345	0.0839384089	-0.0160450176	-0.1051477302	-0.122945917	0.0345459675519066	-0.0005564876503712	0.0011934238740973	3.09678505015662e-07	0.0161605282751224	9.33080070524006e-05	8.706384180090842e-09	0.000261162674131	-0.0291761085441208	-0.0156239979379577	0.0008512453097783	0.0002441093115653	-0.0006029995004575	9.398244970939998e-05	8.832700853379897e-09	3.636083975519946e-07	0.0005090006786463	2.2473673785099996e-05	2.59081690862394e-07	5.050660133990906e-10	-1.8465164299393487e-06	7.448412194506845e-05	5.5478844219278275e-09	3.409622926035958e-12	0.0	0.0	0.0	0.0	0.0	0.0	0.0	0.0	0.0	0.0	1.0	0.0	0.0	0.0	0.0	0.0	0.0	0.0	0.0	0.0	0.0	0.0	0.0	0.0	0.0	0.0	0.0	0.0	0.0	0.0	0.0	0.0	0.0	0.0	0.0	0.0	0.0
5037.274579521507	-11.264515859412311	126.88931754695152	25374135.18949357	10820.354135463893	-10.128553321324944	102.58759238292257	117080063.61685055	4965.529370644993	-7.442978741476509	55.39793254607123	24656481.930738054	5457.80605919093	7646.844779702429	1.671118	33.938961	0.0462776447385298	0.0271471251742021	-0.0380136534	0.1323736575	0.094498523	0.0155430817	0.1048934557	0.1020961578	-0.084809881	0.0701253133	0.1171002793	-0.0447864416	0.0868559975	0.0302286869	0.1571524549	0.0104375729	-0.178583644	-0.1265757833	-0.1528012176	0.1610057349	-0.0079739372	-0.0103019732	0.0062478199	0.0902780323	-0.0932864003	0.0010442045	-0.1195553227	0.1359297835	-1.00758e-05	-0.0636653258	-0.0100387591	-0.0302455123	-0.0111504806	0.1195018419	-0.0938610841	-0.1099451714	-0.0615540723	-0.1398414515	0.024018535	-0.0946500601	-0.0567089743	-0.090192979	-0.0492919703	-0.0074631804	-0.0314914234	0.0464111963	0.1424015427	-0.0959833776	0.1100006625	-0.1021474582	0.0702851698	0.1422084616	0.0919566657	-0.0132481184	0.1301157611	0.0251276712	-0.1041678658	-0.0920158664	0.0489660667	0.1005482354	-0.1159950442	-0.1318728265	0.0914199284	-0.1023876498	0.0632778754	0.1102737937	-0.0458931653	-0.1339820042	-0.0096580304	-0.0205528673	0.0046010377	0.1541969194	0.0430291029	0.0880158871	0.1399990619	-0.0501505888	0.0302160207	-0.0202586393	0.0022638262	0.1346574707	-0.0861094389	-0.1110789107	-0.0434819528	0.058721605	0.0754020997	0.0928348223	0.1541996223	-0.1857185565	-0.0192950466	0.1082150775	-0.0656727875	0.0236408892	-0.0666815142	0.1207710964	-0.0320376882	-0.0547342991	-0.0518390707	-0.0139132826	0.1524408167	-0.0100448579	0.1708704091	-0.0523004929	-0.1092264122	0.0947739692	-0.0283287282	0.0945844346	-0.0441570547	0.1537818318	0.0675178421	-0.0603563144	-0.0601221007	0.0353815179	0.006705222	0.1524569789	-0.0345346509	0.0023409337	-0.078022804	0.0448442726	-0.0546114902	-0.0469032802	-0.1009476209	-0.0809280121	0.0797181691	-0.1739110834	-0.1218215428	-0.1369166886	0.0814440936	0.2260784337	0.0814970925	-0.0224053327	-0.1102524885	-0.1190946399	0.0334192150075125	-0.0011267525443941	0.0011168439317183	1.2695712962985803e-06	0.0262682420269442	0.0101077137518218	0.0001021658772887	0.0006900205391861	-0.0057061965786289	0.0234699119654918	3.2560679393956166e-05	0.0005508367676679	-0.0006969858304829	-9.398633002540002e-05	8.83343023164341e-09	4.857892478939379e-07	0.0004360231876925	-7.297749095379997e-05	1.901162202055291e-07	5.325714185911956e-09	-6.634802498717973e-05	-6.450150855724038e-05	4.160444606159754e-09	4.402060419699426e-09	0.0	0.0	0.0	0.0	0.0	0.0	0.0	0.0	0.0	0.0	0.0	1.0	0.0	0.0	0.0	0.0	0.0	0.0	0.0	0.0	0.0	0.0	0.0	0.0	0.0	0.0	0.0	0.0	0.0	0.0	0.0	0.0	0.0	0.0	0.0	0.0	0.0
5036.328910339928	-0.9456691815785234	0.8942902009873943	25364608.89312577	10762.55975057177	-57.79438489212225	3340.1909250587687	115832692.38462748	4965.264895892251	-0.2644747527419895	0.0699468948379364	24653855.486379884	5450.084083023767	7531.347363355683	1.403255	28.498901	0.0354782152885931	0.0185261855478478	-0.0959715011	-0.1034810494	-0.0507453906	0.1029211284	-0.0870775629	-0.0720396066	-0.0497587326	0.0103992348	-0.105351802	0.0653187614	0.0530837884	0.0495227332	0.1048271304	-0.0668586996	-0.2221650714	0.0933037128	0.0284734635	-0.0476372522	0.0165629018	-0.1152433863	-0.0245840635	-0.1101365807	0.0424053264	0.0329782196	0.0450896773	0.0226351694	0.067317967	-0.0136461516	0.0257867073	-0.1041679122	-0.1779477764	-0.0005037745	0.0782130808	-0.1974145754	0.1875919111	-0.0210972336	-0.0986467411	0.007916334	-0.0187881133	0.1848385005	-0.0167671728	0.1428031917	0.1381878908	-0.1614331113	0.1615950831	-0.0760037018	0.0153281999	-0.0084463075	0.0756495229	-0.0052882824	-0.061944953	0.1140338632	0.0175179951	-0.0617316206	-0.1932509262	0.0208072536	0.083036697	-0.0746309758	0.1004178236	-0.0738286153	0.018982876	0.0238273543	-0.0608668719	0.1295807026	-0.1740776844	-0.0912438123	0.0804783706	-0.0081698206	0.1007348951	-0.1216985785	0.0806119879	0.0657332614	0.0006862168	-0.1508861751	-0.0800066161	-0.2604681698	-0.0355292738	-0.0529017382	0.0688954938	-0.0654279193	0.1475144847	0.1008873078	0.0730687085	-0.0482970425	-0.0049061724	0.0257288343	-0.1361479279	0.0253112096	0.1882330086	0.0980459506	0.0123801957	0.116750872	0.0983930482	-0.0428844817	0.0445006072	-0.0626980521	0.0994540882	0.0135247662	-0.0543477428	0.0227356376	-0.1032061499	-0.127647425	-0.0423517795	0.0461579331	-0.097206629	-0.0027464475	0.1535099113	-0.0412863527	-0.0189963324	0.109389773	0.073217999	-0.0568718064	-0.1292426812	-0.0966444556	0.0024635163	0.0733607069	-0.030389304	-0.1218073842	-0.0248393538	0.0504134475	0.0198152052	-0.0626825987	-0.1227445711	0.0176382738	-0.0269797727	0.1675764789	0.0790034671	-0.0287081337	-0.1147206298	-0.1140212905	0.0354001791915408	0.0019809641840283	0.0012531726867931	3.924219098402913e-06	0.0160817963644461	-0.0101864456624981	0.000103763675235	0.0002586241743075	-0.0078969104326205	-0.0021907138539916	6.236119438083049e-05	4.799227190070729e-06	-0.0006079985957112	8.898723477170003e-05	7.918727952313659e-09	3.6966229238679123e-07	0.0001560040686001	-0.0002800191190924	2.4337269419784706e-08	7.84107070572837e-08	-1.2952547089777554e-05	5.339547789740218e-05	2.8510770598919646e-09	1.6776847611290501e-10	0.0	0.0	0.0	0.0	0.0	0.0	0.0	0.0	0.0	0.0	0.0	0.0	0.0	0.0	0.0	0.0	0.0	0.0	0.0	0.0	0.0	0.0	0.0	0.0	0.0	0.0	0.0	0.0	0.0	0.0	0.0	0.0	0.0	0.0	0.0	0.0	0.0
5051.875419332109	15.54650899218086	241.6939418439604	25521445.25245197	10761.871426439038	-0.6883241327323049	0.4737901117016796	115817876.59920502	4968.0352766632495	2.7703807709985995	7.675009616318794	24681374.51017049	5450.196945352757	7561.412358300611	1.552503	31.529987	0.0316534436802889	0.0189014183386682	0.1173308472	-0.0339144409	-0.0965491923	-0.0599998792	-0.0183013998	-0.1215426187	-0.0253062513	0.1195707317	0.0089186518	-0.0628598426	-0.098091921	-0.0025707762	0.0874063448	0.0164091827	-0.0751013087	0.0314880863	-0.0452006767	-0.1465163127	-0.0031459357	0.0378708911	-0.111367442	0.1605137955	0.1442173151	-0.0932606964	0.1528574941	-0.1005477634	-0.130895818	-0.1835050751	0.1901557366	-0.0044661211	-0.0819165822	-0.096693944	0.0444743504	-0.1251799687	-0.0587334667	-0.1010574509	0.1430548278	-0.0596095901	0.1123690845	0.1499909525	-0.1151868196	0.1001634062	-0.0527067432	-0.0211075479	-0.0996350987	-0.0802840241	0.0764720324	0.1372095488	0.0291106465	0.0389587784	0.1821227471	-0.0205921701	0.0179342229	0.1181110483	0.1425751281	0.0427363262	-0.1302488923	-0.0199861153	-0.0273873375	0.0746925782	-0.0479184556	0.0161884407	0.0311710639	0.1683448686	-0.0825040509	0.0982461063	-0.1309041747	0.0311380772	0.0544574573	0.03494193	-0.0408747649	-0.0283665209	-0.3152243063	-0.037474366	0.0566299063	0.0285016092	-0.2371280452	-0.1889381693	0.0717246674	-0.0127415803	-0.0325154979	0.0355592283	-0.028282821	0.0444925334	-0.0482138256	0.0123423197	-0.2014509227	0.056418583	0.187814871	-0.1529860311	0.1367996977	0.0175485359	-0.0990710941	-0.0415532289	0.0391423593	0.115743931	-0.0051190702	0.0540879635	0.1496048141	-0.0972328193	-0.0332512731	0.0901501739	-0.0603827179	-0.1208394691	-0.0364784591	0.0982147565	0.1013998904	0.0796398698	0.0025835948	-0.0472625763	0.0162496602	-0.034826908	-0.0557953941	-0.1889796584	-0.0042390788	0.1980186587	0.0739637615	-0.0841096534	-0.0237351415	0.0225116798	0.0207871545	0.0084295947	0.0758849006	-0.1376662185	0.1323665185	0.0453992928	0.0764591335	-0.0349372413	-0.1185263543	-0.1077779285	0.0220053158375606	-0.0133948633539802	0.0004842339251107	0.0001794223642718	0.0192628193127006	0.0031810229482544	1.0118906997321738e-05	0.0003710562078737	-0.0207245282175847	-0.0128276177849641	0.0004295060698414	0.0001645477780371	-0.0006019999817045	5.998614006699982e-06	3.5983370001377206e-11	3.624039779722183e-07	0.0001769984181165	2.099434951639999e-05	3.1328440015743354e-08	4.407627116167645e-10	5.053281248922948e-06	1.8005828338700503e-05	3.2420985416275005e-10	2.5535651380716275e-11	0.0	0.0	0.0	0.0	0.0	0.0	0.0	0.0	0.0	0.0	0.0	0.0	1.0	0.0	0.0	0.0	0.0	0.0	0.0	0.0	0.0	0.0	0.0	0.0	0.0	0.0	0.0	0.0	0.0	0.0	0.0	0.0	0.0	0.0	0.0	0.0	0.0
5051.949993990157	0.0745746580478226	0.0055613796229496	25522198.741777148	10838.88532474498	77.01389830594235	5931.140532278029	117481435.08297212	4980.9678015462	12.93252488295002	167.2501998481214	24810040.240039986	5468.023301979692	7611.693128472836	1.446899	29.385267	0.0689769490404011	0.0489599684453558	-0.0060817437	0.1423422252	0.0897549866	-0.0517698978	0.0680213095	0.1221394258	-0.0540710979	0.1921547352	0.1080917869	0.0358946584	0.0275824311	-0.1460988346	-0.0579671903	-0.0248793241	-0.0452981962	-0.1916875359	0.0335473598	-0.0846993264	0.1087169006	-0.062657745	-0.1249166576	-0.1164158003	0.0235089421	0.0030560155	0.0376008512	-0.1089950909	0.0184487194	0.0039834344	-0.0311767572	-0.1497004232	0.0735503613	-0.0054278288	0.1809510907	0.0317049632	0.1576672162	0.1165625042	-0.0938861308	0.0067774535	-0.0514247768	-0.0667766075	-0.1216885573	0.0145492867	-0.1137031394	-0.0208646898	-0.0777068566	0.0399095956	-0.0806777402	-0.0528286359	0.0143535194	0.0404886413	0.1293002764	-0.011362344	-0.1559550439	0.0071832096	0.0290683248	0.0588848654	0.0490936398	0.203173564	-0.1359427796	-0.083703146	-0.0078354073	-0.1209196779	0.1260284086	-0.017257752	0.071263425	0.105822122	0.0642039698	0.0263062255	0.1087996898	-0.1207926538	0.1216611255	0.0288695974	0.0188214698	-0.0226545913	0.0406724608	-0.0843508254	0.0917420715	-0.0361695798	0.0664255786	0.1094630813	0.0246142199	-0.1273783193	-0.0981882812	-0.1186880887	-0.0558108176	0.0235969675	-0.0447904199	-0.021338291	0.0907099687	-0.1074228231	0.0634190301	-0.0801495568	0.2086636126	-0.01816553	-0.1288139033	0.1030438707	-0.0677728867	0.1097619913	-0.0734029199	0.0403576732	-0.0093065154	0.180821178	0.0234139036	0.0536278444	0.0765806246	0.1012314801	0.0578801613	0.1049738819	-0.0481546847	-0.0022780901	-0.0980816505	0.0766646867	-0.0802596752	-0.0323705347	-0.1144111	0.0277167134	-0.0808386267	-0.0260433566	-0.1527167667	-0.084869509	0.0338716363	-0.1499902886	-0.0355325975	-0.1984265837	0.0897725438	-0.0509422364	0.0738657246	-0.0410766654	-0.1216476871	-0.100428619	0.0186950062205966	-0.003310309616964	0.0003495032575881	1.0958149760164357e-05	0.0300014960792793	0.0107386767665787	0.000115319178697	0.000900089766995	0.0260547130290902	0.0467792412466749	0.0006788480710282	0.0021882974116146	-0.0006669944823675	-6.499450066299996e-05	4.2242851164327024e-09	4.448816395086892e-07	0.0001490220006807	-2.7976417435799988e-05	2.2207556686878552e-08	7.826799325421336e-10	-6.49502288559479e-05	-7.000351010487085e-05	4.900491427002755e-09	4.218532228440007e-09	0.0	0.0	0.0	0.0	0.0	0.0	0.0	0.0	0.0	0.0	0.0	0.0	0.0	0.0	0.0	0.0	0.0	0.0	0.0	0.0	0.0	0.0	0.0	0.0	0.0	0.0	0.0	0.0	0.0	0.0	0.0	0.0	0.0	0.0	0.0	0.0	0.0
5043.220952429308	-8.7290415608486	76.19616657102216	25434077.575021982	10820.2038504645	-18.68147428047996	348.9974812922343	117076811.3656068	4973.618552674475	-7.34924887172474	54.01145897854736	24736881.507507738	5459.936037475215	7612.563252146651	1.430069	29.043461	0.0215165889737717	0.0099125154324633	-0.1452520258	-0.0699840246	-0.0833651499	0.1732983365	-0.0639718708	0.0641596772	-0.1312954546	-0.0148678298	0.0443412723	0.1539453994	-0.021474433	0.0099228765	-0.1398713637	-0.2248366864	0.0100497384	0.0274018748	0.0361003865	0.2221395486	-0.1428124719	-0.0250072719	-0.180493529	-0.0533463738	0.1915551791	0.0386228396	-0.0358643717	0.0896016891	-0.1294876876	0.0100990776	-0.2146778194	-0.1114862976	-0.0565609055	0.0714519368	0.0459222107	0.0231811745	0.1145685569	-0.0230988989	0.0648481576	-0.0078469044	-0.05934287	-0.1652364495	0.0593809807	-0.0049745174	-0.0373887008	-0.0461811811	-0.0436560427	-0.0096376894	0.1287747909	0.0668542845	0.0769038523	0.0611242955	0.0856861654	0.0564173494	-0.0465089686	0.1058346919	-0.0194497211	0.0326599046	-0.0022062386	-0.0237122769	0.0971805152	-0.1253385686	0.0641175828	-0.0194588925	0.002328552	-0.2156080938	-0.0165456605	0.1222944892	0.001664673	-0.0891412209	0.1200053405	0.0958287253	0.1177519603	0.0088503955	-0.0769868977	-0.233504773	-0.0081278587	0.0368970648	0.0875481041	0.2365261851	-0.0145068646	0.0034462873	0.0314350015	0.1345525459	0.1404713495	0.035546561	-0.0947379132	-0.0190474929	0.0628625892	-0.0680795311	0.0950868525	-0.0454207412	-0.0292277931	-0.1095974707	0.0639615556	0.1233459179	0.1143577209	0.0777863926	0.0585911623	-0.0653753592	0.0841798354	-0.1155770864	0.1399917401	0.1362269911	0.0293761513	0.0914519019	0.0796237808	-0.1161241497	0.066763191	0.0714662411	0.0526854541	-0.04025098	0.0380388074	-0.0576118457	-0.2203874503	-0.0074892324	-0.0884772461	-0.0205358361	0.0290130683	0.1286610455	0.1020870367	0.039243916	-0.0647973736	-0.1018775455	-0.0248007709	-0.0347495039	0.0155848562	-0.0812129897	0.071224905	-0.0471106464	-0.1240666051	-0.092048776	0.0260854742336533	0.0073904680130566	0.0006804519659945	5.461901745201423e-05	0.0290797609183215	-0.0009217351609578	8.495957069459062e-07	0.0008456324950667	0.0305083134637769	0.0044536004346867	0.000930757190404	1.983455683184158e-05	-0.0005799925001399	8.70019822276e-05	7.569344911531626e-09	3.363913002185319e-07	0.0002330178734055	8.399587272479999e-05	5.4297329326421625e-08	7.055306634800799e-09	-6.0932376506936446e-05	4.017852349011452e-06	1.614313749845684e-11	3.7127545067830603e-09	0.0	0.0	0.0	0.0	0.0	0.0	0.0	0.0	0.0	0.0	0.0	0.0	0.0	0.0	0.0	0.0	0.0	0.0	0.0	0.0	0.0	0.0	0.0	0.0	0.0	0.0	0.0	0.0	0.0	0.0	0.0	0.0	0.0	0.0	0.0	0.0	0.0
5041.125080070891	-2.095872358417182	4.392680942777201	25412942.07291975	10792.244778173575	-27.959072290925175	781.7097233691801	116472547.3520148	4967.743814613185	-5.874738061289463	34.51254728876308	24678478.607627563	5448.705249751592	7597.545309512042	1.587724	32.245293	0.072692829547556	0.0368148719143737	0.1171606795	-0.058892263	-0.0169851701	-0.0863520943	-0.0107414255	-0.0635616794	-0.1341927342	-0.0296840571	-0.0815385824	0.0163329452	0.0222792534	0.0958082229	-0.0424400021	0.0719022054	0.0855508216	0.0618753894	-0.1221267169	0.0381444552	0.032029571	-0.0867478508	-0.0229496411	-0.0750703096	0.1288622497	-0.0666548871	-0.0637818896	-0.1046706906	-0.0632353629	0.0887811263	-0.0987064745	0.0124179275	0.0104515779	0.0222744385	0.0091128238	-0.0226505949	-0.0605641554	-0.095584574	0.1112149799	0.0012111158	0.0858943042	0.0888267593	-0.0345018705	-0.0389782536	-0.0905733437	0.017881429	-0.0009775414	-0.1264989934	-0.0124198205	-0.0425838406	-0.117501858	0.2562292489	-0.202333219	-0.0011782401	-0.0011708469	0.0886427974	-0.0699701626	0.02465064	0.0745930676	-0.2627162332	0.048854431	0.1324919573	0.1031557435	0.0704659695	0.0678277737	-0.024260724	-0.0298883744	0.0768930049	-0.1445340765	-0.0752688974	0.020487261	0.069659312	0.1131375681	-0.0873871784	0.0774753221	-0.0109955981	-0.0142306478	-0.0025978577	0.1051388855	-0.0635803833	-0.1322488862	-0.0209132951	0.0743885548	-0.0685394332	0.0457426501	0.0213542102	-0.0631340669	-0.0548420416	-0.0550479188	0.0444858593	0.0202341988	0.0687818116	-0.1064926592	-0.117065724	-0.0139652527	-0.0161156451	0.0941622365	0.1025742247	-0.0324782887	-0.2597913292	0.0641087383	-0.0115551064	-0.0105133782	-0.1364970785	0.009129321	-0.1270985487	0.1277160703	-0.0885698036	0.0229918938	-0.0243105055	0.0344529235	-0.1442901148	0.0820008894	0.0525893983	0.0014717163	-0.0744783845	-0.1408693349	-0.0848357407	-0.0403092113	-0.00581088	-0.0400004703	0.0340115123	0.0359833535	0.0610952535	0.1111615014	-0.0707743621	-0.1694592014	0.0305900593	0.0685383697	-0.053023695	-0.1257691411	-0.082724388	0.0298081736768267	0.0037226994431734	0.0008885272179478	1.3858491144203544e-05	-0.0029720293356945	-0.032051790254016	0.0010273172584874	8.832958372228691e-06	0.0393010570713912	0.0087927436076142	0.0015445730869287	7.73123401492421e-05	-0.0003870000109995	0.0001929924891403	3.72461008646074e-08	1.4976900851361314e-07	0.0005420000221829	0.0003089821487774	2.937640240462641e-07	9.546996826309935e-08	-3.950895696902188e-07	6.053728693724623e-05	3.6647631097224822e-09	1.560957680780023e-13	0.0	0.0	0.0	0.0	0.0	0.0	0.0	0.0	0.0	0.0	0.0	0.0	0.0	1.0	0.0	0.0	0.0	0.0	0.0	0.0	0.0	0.0	0.0	0.0	0.0	0.0	0.0	0.0	0.0	0.0	0.0	0.0	0.0	0.0	0.0	0.0	0.0
5044.633326238491	3.5082461675992818	12.307791172475048	25448325.39619602	10782.554786168232	-9.68999200534381	93.89594506362695	116263487.71671943	4969.064974179275	1.321159566089591	1.7454625990700363	24691606.71761528	5453.2671301705495	7599.598211202056	1.362989	27.681124	0.0644886331743804	0.029092401452205	0.0005107443	0.1470467411	0.0687352069	-0.0401982588	0.1613646344	-0.0157526177	-0.0775735472	0.0459303241	-0.1091369927	-0.0243383169	0.0666288994	0.0582360175	0.0480999995	0.0720641665	0.1091041487	-0.0816753843	0.049493513	-0.0396228059	-0.1729495203	0.1966519968	0.0934921185	0.0190760041	0.086293251	0.0251384002	0.0565074212	0.0378569121	0.0840830805	0.1966626662	-0.0418374358	-0.1767503163	0.1597187769	0.0629118457	0.1675829041	0.1133807789	0.0139846266	-0.0959927324	0.0983154598	0.0496261154	0.0197764515	-0.0676158949	0.0190290834	-0.0670363565	0.0141617548	-0.0293840364	0.0762292699	-0.0489845786	-0.0672361014	0.0635122409	0.0276772121	-0.0876487673	-0.0698684291	0.1630061351	0.049899114	-0.1250312929	-0.028308182	0.0282233599	0.046147203	-0.0639029248	-0.1314776021	-0.0225579316	-0.028231898	0.1538821763	0.020802145	-0.053168449	0.1207676487	-0.0134412525	0.0509150413	0.0194147492	0.0255704027	0.1040923652	-0.0810564431	-0.0542215709	0.1834499884	-0.1384890184	0.0463708478	0.0114046078	-0.0539397958	0.0172288417	0.0124920489	-0.1658103485	0.0181644489	-0.1866768402	-0.1167992907	-0.0746722929	0.1021118518	0.0362574635	0.0232624106	-0.0933382747	0.0196333067	0.0350312794	-0.0474855269	-0.1809885594	0.0930316862	-0.0498528884	-0.0075114141	0.0364272264	-0.0128233718	0.0216331983	-0.0244951142	0.0094831969	0.019933516	-0.1550957965	0.0449751083	0.0524623597	0.1833804147	0.046819836	-0.0152641979	-0.0652359568	-0.0571101723	-0.0110068299	0.0006508935	0.0370353492	-0.0189924819	-0.0283164664	-0.0967502571	-0.0602240996	-0.1092645948	-0.0573612239	-0.0031991735	-0.0542038174	-0.0529689967	-0.0955612319	0.0787068894	-0.0473116149	0.1046810489	0.0202512122	0.0658078432	-0.0588006326	-0.1267454643	-0.0725511359	0.0152645411733089	-0.0145436325035178	0.0002330062172316	0.0002115172463973	0.0117883742731663	0.0147604036088608	0.0002178695146964	0.0001389657680042	0.054335408613177	0.0150343515417857	0.0029523366291609	0.0002260317262819	-0.0005339942914752	-0.0001469942804756	2.1607318492568752e-08	2.851499033281008e-07	0.000319009074132	-0.0002229909480509	1.0176678937855589e-07	4.972496291263919e-08	-3.3414771447411e-05	-3.301968187772078e-05	1.0902993913058823e-09	1.1165469508827135e-09	0.0	0.0	0.0	0.0	0.0	0.0	0.0	0.0	0.0	0.0	0.0	0.0	0.0	0.0	0.0	0.0	0.0	0.0	0.0	0.0	0.0	0.0	0.0	0.0	0.0	0.0	0.0	0.0	0.0	0.0	0.0	0.0	0.0	0.0	0.0	0.0	0.0
5040.744530365764	-3.888795872726405	15.12273333973392	25409105.42041237	10784.833213371316	2.278427203083993	5.191230519753147	116312627.44023706	4973.66808781305	4.603113633775138	21.18865512544655	24737374.247729924	5457.181417007215	7591.540213927159	1.366817	27.758873	0.0305961595065014	0.018457880392592	-0.1346837495	-0.055337212	-0.1051806485	0.1538263588	-0.0061130329	-0.0487018195	-0.0459314211	-0.1386491191	-0.1052204716	0.0221218126	-0.0625001456	-0.0311770286	-0.0866331237	-0.0348574468	0.1427422386	0.0195166448	0.0653508418	0.1358203028	0.0717775648	0.0542706521	-0.0219931285	0.0943059647	0.0727865892	-0.0172297996	-0.125492636	-0.0702821147	0.0585094871	-0.1689867316	0.2011063892	-0.047000143	-0.0037095488	-0.0353584221	-0.05805159	-0.0539277819	-0.1281220086	0.0112565335	-0.0044771282	-0.03083401	-0.088865934	-0.0078434449	-0.0207938977	0.0042059698	0.0138295927	-0.0720219698	0.0995053105	-0.0410470038	0.0754126936	-0.1870676757	0.0051659449	0.0198002438	0.071585285	-0.0872162955	0.0571891414	0.0427941435	-0.058953537	0.1217659407	-0.0166110202	0.0653302557	0.0916369974	-0.0448839509	0.0307395053	0.0449518817	-0.0543047049	-0.1856283243	0.0359680658	-0.0889652666	-0.0612253015	-0.0718865359	-0.0388407836	-0.0246051493	0.0182289737	0.0336160534	-0.091266711	-0.0514535813	0.2016780791	0.0450598656	0.0181262918	-0.1707512582	-0.0306758672	-0.1430179004	0.0148649659	0.0302585204	0.0673392971	0.1117731421	-0.0024226391	-0.0877539996	-0.0581549081	0.0611303291	-0.0664353099	-0.0702533783	-0.0428145045	0.2132546728	0.0525399387	-0.0313203102	-0.0803832266	0.054916867	-0.0976081402	0.0049760858	0.0120857701	-0.060799975	-0.0567632935	0.0385056595	0.0333120416	0.0951799002	0.0857353853	-0.1262434299	0.0063384829	-0.1007710266	0.0733154351	-0.0613172832	0.0429018773	-0.1074594903	-0.0948904461	-0.0100249084	-0.0918073268	-0.0526244623	0.0328692272	0.0475103692	0.0507210584	0.002105298	0.024288558	-0.0094085893	0.183766116	0.0462999954	0.0001159716	-0.0694014745	0.0630350779	-0.0644266298	-0.1269899372	-0.0616334109	0.0329905329960098	0.0177259918227008	0.0010883752673608	0.0003142107860984	0.0116815402426624	-0.0001068340305038	1.1413510073708205e-08	0.0001364583824409	0.0498968029992639	-0.004438605613913	0.0024896909495473	1.970121979586088e-05	-0.0005199836581362	1.4010633339000015e-05	1.962978465598987e-10	2.703830047287045e-07	0.0004300196462005	0.0001110105720684	1.8491689611840322e-07	1.2323347110975628e-08	-7.488812682758181e-05	-4.147335538017081e-05	1.7200392064899426e-09	5.608231539743978e-09	0.0	0.0	0.0	0.0	0.0	0.0	0.0	0.0	0.0	0.0	0.0	0.0	0.0	0.0	0.0	0.0	0.0	0.0	0.0	0.0	0.0	0.0	0.0	0.0	0.0	0.0	0.0	0.0	0.0	0.0	0.0	0.0	0.0	0.0	0.0	0.0	0.0
5044.057936126051	3.313405760286514	10.978657732299853	25442520.462996192	10796.029683325574	11.196469954258646	125.3609394366166	116554256.9232469	4971.092197516025	-2.575890297024671	6.635210822305847	24711757.63620471	5453.069428417821	7606.308669990779	1.564214	31.767839	0.033358087142127	0.0160744995589193	0.1053535809	-0.0829014491	-0.0122722121	-0.0803191806	-0.0247325941	-0.0451626878	-0.0214627991	-0.1373788383	-0.0835414648	-0.0374502007	0.0195148376	0.0022837187	0.0092449025	0.0245151188	0.1768573626	-0.112016577	-0.0091158439	-0.0180399376	0.0366876201	0.0959315985	0.0408483827	-0.093959428	-0.1337198095	0.0309981663	-0.0429182375	-0.090104685	0.0628140859	0.1555516587	-0.0008915357	0.0797417454	0.0623102517	-0.014096841	-0.0367771998	-0.0231200467	-0.0705936206	0.0198991056	0.0394576804	-0.0979841318	0.003531329	-0.0082761383	-0.2339184078	0.0616431744	-0.0667777143	-0.0040966732	-0.0842107521	0.1750527152	-0.0563069044	0.0361427833	-0.0120368407	-0.0219613773	-0.0868921086	-0.1330433848	-0.014367302	-0.0288823697	0.0350550054	0.0618035797	0.0474131047	-0.0729771832	0.0622421842	0.1123821895	0.046389788	0.0631573556	0.0946219467	-0.0126793558	0.1321393558	-0.0615686353	-0.1275605389	-0.0019263749	-0.0767817158	0.0173909818	0.0018351085	0.0319494691	0.1076926444	0.0899548827	0.0240864833	-0.054429758	-0.048039615	-0.0387211723	-0.1066535111	0.0650565354	-0.0696721181	-0.1731372785	-0.0164715692	-0.0010931212	-0.0301447463	0.1640830364	0.1197284707	0.0590044374	0.0712202156	-0.0375172951	-0.0071281209	0.0134631923	-0.1610680036	0.0332562232	0.0006764594	0.0707981764	0.0083686652	-0.02390632	-0.0580281659	0.1264883788	-0.1251644518	-0.0095972559	-0.0205101386	-0.1123634798	0.0138149657	-0.0365589221	0.0233203887	-0.1577574154	-0.0255208946	-0.183473431	0.0392571392	0.0218991683	-0.0047966905	-0.0047035027	0.019663798	-0.1067130591	0.1224136572	0.0563805324	0.0346108539	0.0262644068	0.0104946746	-0.0119077722	0.0230427772	-0.047776092	-0.0992768296	0.0926121979	0.0602218536	-0.0698872447	-0.1265011483	-0.0500832437	0.0324803257917807	-0.000510207204229	0.0010549715635402	2.6031139124727205e-07	0.0161838895740658	0.0045023493314033	2.0271149501988632e-05	0.0002619182817455	0.0366519232579065	-0.0132448797413574	0.0013433634785034	0.000175426839363	-0.0006799891051386	-0.0001600054470024	2.560174307043784e-08	4.62385183107194e-07	0.0002890256847913	-0.0001409939614091	8.35358464690799e-08	1.9879297153858973e-08	-7.590173571872392e-05	-1.0136088911421085e-06	1.0274029842023348e-12	5.76107348511501e-09	0.0	0.0	0.0	0.0	0.0	0.0	0.0	0.0	0.0	0.0	0.0	0.0	0.0	0.0	1.0	0.0	0.0	0.0	0.0	0.0	0.0	0.0	0.0	0.0	0.0	0.0	0.0	0.0	0.0	0.0	0.0	0.0	0.0	0.0	0.0	0.0	0.0
5045.913218009039	1.8552818829884927	3.442070865345327	25461240.203678336	10794.055365527847	-1.9743177977270532	3.897930766421802	116511631.23408052	4970.521378936691	-0.5708185793346274	0.3258338505136023	24706082.7784667	5456.759870001611	7609.124267152792	1.350025	27.417839	0.0435922540059135	0.0245975192734172	0.01114127	0.128933372	0.0678077245	-0.0401234042	0.1279130786	0.0322101795	-0.0128342147	-0.0811801611	-0.0203324316	-0.069063739	0.0956470213	-0.023841141	0.0258999076	0.1971559916	-0.1166657866	-0.1188663424	0.0836964226	-0.0137207133	-0.0118642027	0.0480278245	-0.0732138744	0.0896046192	-0.0162842908	0.0744792055	-0.0703448147	0.1430014184	-0.0306246152	-0.0856290791	0.0592650871	0.0659088666	-0.1685360658	-0.0819837626	0.0206635423	0.0018227925	-0.1460084217	0.203174748	0.0514803983	0.0920204746	0.1303547035	0.0075887307	-0.0456942883	0.148430397	0.0782817225	-0.0084829783	-0.0089055046	-0.2099265713	-0.1649078307	0.1000741172	0.1487970967	-0.1029107281	-0.0137810751	0.0347205804	-0.003148049	0.0215906181	0.0505240726	-0.0517967759	0.138173114	-0.0274392021	-0.1266880737	-0.0056004082	-0.0041077807	-0.0307468921	-0.082162234	0.0405734082	0.101659543	-0.1308273824	-0.0228070223	0.0154902306	-0.039790301	0.0315958645	-0.0901113374	0.0773492377	-0.0455090903	0.0011570495	-0.0104970714	-0.0727275944	-0.095106288	-0.028304294	0.0506181058	-0.0031732678	-0.0793043764	0.0205869061	0.1095105044	-0.0396932744	-0.2230574803	-0.0036303086	-0.1614004351	-0.1355285967	-0.1059169636	-0.0963030349	-0.1201589427	-0.0149018189	0.1044968066	-0.1886997029	0.0944895684	-0.2144506703	-0.0516174247	0.0231730038	0.0524426096	0.0480099435	-0.0638755637	0.0381229875	-0.0435603299	0.0430152614	-0.0062272558	0.1329256656	-0.0094330957	-0.1668367241	-0.119129184	-0.0382232107	-0.0630056547	-0.009724121	-0.0698540242	-0.0317413999	-0.0032936687	-0.1260757511	0.0546635432	-0.0038332388	-0.015479269	-0.0188342608	0.0245516991	-0.0507849436	-0.0267405132	0.0608395697	-0.0123110678	-0.0457505116	0.0573699759	-0.0751684601	-0.1252819198	-0.0380191546	0.0323514261677644	-0.0001288996240162	0.0010466147750883	1.6615113071543175e-08	0.0262761770838722	0.0100922875098064	0.0001018542671805	0.000690437482143	0.0258784540941903	-0.0107734691637161	0.0006696943863051	0.0001160676378215	-0.0011239850879428	-0.0004439959828042	1.9713243274626758e-07	1.263342477917784e-06	0.0002900464461554	1.020761364100035e-06	8.412694092737736e-08	1.0419537624393644e-12	-8.283694571791704e-05	-6.935209999193125e-06	4.8097137732908294e-11	6.861959575873134e-09	0.0	0.0	0.0	0.0	0.0	0.0	0.0	0.0	0.0	0.0	0.0	0.0	0.0	0.0	0.0	0.0	0.0	0.0	0.0	0.0	0.0	0.0	0.0	0.0	0.0	0.0	0.0	0.0	0.0	0.0	0.0	0.0	0.0	0.0	0.0	0.0	0.0
5048.552795279118	2.6395772700789166	6.967368164717266	25487885.326720595	10779.339216953733	-14.716148574114412	216.56502885540968	116194153.95415673	4976.006648259765	5.485269323074135	30.088179546658186	24760642.16352538	5459.565161197744	7631.520839943703	1.369783	27.819101	0.0270637549611649	0.0143433019474528	-0.1390432419	-0.0578227945	-0.1022311259	0.1846010047	-0.0302316952	-0.0073090625	-0.0180682965	0.0117436408	-0.027107201	-0.1009798186	-0.0254790656	-0.0152919113	-0.1022770686	-0.0691201519	0.0838293345	0.0767475142	-0.0786839789	0.0011248236	-0.1054117567	-0.04996863	0.0230427488	0.0812935073	0.0432179587	-0.0881144084	0.0740776348	0.0387367369	-0.0540898815	0.0990015277	0.226849929	-0.1528252008	-0.0428402422	-0.0901216472	-0.1722785769	-0.0780017843	-0.0217189106	0.089053118	0.0157893808	-0.104495311	-0.0960526018	-0.1553736004	-0.0319695773	-0.0622447232	-0.0111515487	0.0427994452	-0.0954325124	-0.096482619	-0.0484865887	-0.0090494196	-0.0233186114	-0.1709341108	0.156113182	0.0495109244	0.0621087829	0.0036915467	-0.0619973357	-0.0111412961	0.0810889426	0.0051217921	0.1042386426	-0.1151811651	0.001106875	-0.024257148	0.0103500123	-0.0735219622	-0.0322664556	0.0346306327	-0.0395803163	0.0218627152	-0.0154660294	-0.0037594586	-0.1765251319	-0.0798151189	-0.0113707521	2.85415e-05	0.0060560741	0.0103159897	-0.0295960148	-0.0513356272	0.0953137508	-0.0959908591	-0.1984287449	0.0712493225	-0.0097832301	0.2119284287	-0.0909052846	0.0550195694	0.116598174	-0.0499867393	0.0379472222	0.0192448393	-0.0675460312	0.1212504241	0.1159560248	-0.0836681168	-0.0180325126	0.1343376404	-0.1923414116	0.037423129	0.0122458616	0.0901955669	0.0542815233	0.0517047098	-0.0376048661	0.1081418291	-0.0914229706	0.014434857	0.1192210556	-0.0500216736	0.0783822576	-0.0617701575	0.0014803078	-0.0779699843	-0.0738796743	-0.0164691764	0.0122941438	-0.005501106	0.0856706858	0.040574063	0.0962489719	-0.0120817359	0.0234478411	-0.042478785	0.0643431579	-0.0641659926	0.0496128805	-0.028112097	0.0544812754	-0.0802567191	-0.1233392918	-0.0255649376	0.0375768538731762	0.0052254277054117	0.001412019947006	2.730509470448519e-05	0.0261321099329165	-0.0001440671509556	2.07553439844916e-08	0.000682887169546	0.024632213857437	-0.0012462402367533	0.0006067459595185	1.5531147277029217e-06	-0.0009159999696276	0.0002079851183152	4.325780944058775e-08	8.390559443577642e-07	0.0004059988340279	0.0001159523878724	1.648350532320143e-07	1.3444956253334677e-08	2.185945455267008e-06	8.502289117318405e-05	7.228892023447098e-09	4.778357533402487e-12	0.0	0.0	0.0	0.0	0.0	0.0	0.0	0.0	0.0	0.0	0.0	0.0	0.0	0.0	0.0	0.0	0.0	0.0	0.0	0.0	0.0	0.0	0.0	0.0	0.0	0.0	0.0	0.0	0.0	0.0	0.0	0.0	0.0	0.0	0.0	0.0	0.0
5040.403290091011	-8.149505188107469	66.41443481099054	25405665.326760285	10811.35112671531	32.011909761577044	1024.7623665833516	116885313.1851284	4971.782899330105	-4.22374892966036	17.840055020807036	24718625.19807126	5458.632766978719	7591.027780725565	1.475655	29.96928	0.0641972493486558	0.0306176348352962	0.0890094038	-0.1126281277	0.0581675356	-0.0574255165	-0.1453315702	0.0313676642	-0.0858210567	0.0001291461	0.1114876011	-0.0454048466	0.0898935964	0.011016886	-0.0633454687	-0.0232114801	-0.0204021464	-0.0060492786	-0.1524065153	0.0555827793	0.032540138	-0.104880132	0.052483561	0.0423163544	0.110464882	-0.0252964471	-0.1040396794	0.1474151416	0.1050612963	-0.0730381797	-0.0022238857	0.0040729635	-0.007695603	0.1129353981	0.1993393652	0.0493338721	-0.078480956	-0.0447073991	0.0683297582	-0.0159852035	0.0101591193	0.1362833455	0.0267369569	-0.0098223784	0.0378810871	0.1311091924	-0.0856645693	0.1926923299	-0.1163217655	0.0034909011	-0.095439522	-0.1227298162	0.0232185886	0.0593529343	-0.0214321277	-0.0512744015	-0.1205904241	0.0563076577	0.1904533357	0.0063306011	0.069814979	0.0551950492	0.11889082	-0.0994132619	0.1337159925	0.0214684846	-0.0344280643	-0.0101652515	-0.1005484966	0.090354748	-0.0149812056	-0.0003994616	-0.012072743	-0.0607520616	0.0192569406	-0.0583966922	0.0252420542	0.0778392173	0.0991398335	0.0737489268	-0.0276777323	-0.0476627702	0.1450880427	0.0233803065	-0.1261475115	0.0205135969	-0.0054126399	-0.0290508651	-0.1622079891	-0.0591474517	-0.0656116898	-0.0461897496	0.0398960138	-0.1449923016	-0.146774656	-0.0226931586	0.0595128413	-0.1026674188	-0.0576469668	-0.0163132913	-0.1205994973	0.1967286745	-0.0952907248	-0.0098054498	-0.0297928784	-0.1162332752	-0.0432499433	-0.0261111197	0.1524668194	-0.0441039582	0.0828668216	-0.0044866138	-0.0337076576	0.0685208547	0.036454511	0.0920530897	-0.0329152263	-0.184023136	0.1805737273	0.1257343107	0.0394537985	-0.1019990611	-0.1188745558	-0.0264566851	-0.1245127215	-0.0890909347	0.0479192503	0.0117231849	0.0515576061	-0.0851389603	-0.1206844814	-0.0128483897	0.0343053193214615	-0.0032715345517147	0.0011768549337474	1.070293832306311e-05	0.0161744260446994	-0.0099576838882171	9.915546841765848e-05	0.0002616120578754	0.0518033568245073	0.0271711429670702	0.0026835877782872	0.0007382710101369	-0.0006090156007634	0.0003069843688642	9.42394027269512e-08	3.709000019732051e-07	0.0005159811040587	0.0001099822700308	2.66236499745635e-07	1.2096099721127814e-08	6.115706539334118e-05	5.897111993807418e-05	3.477592986750729e-09	3.7401866475254105e-09	0.0	0.0	0.0	0.0	0.0	0.0	0.0	0.0	0.0	0.0	0.0	0.0	0.0	0.0	0.0	0.0	0.0	0.0	0.0	0.0	0.0	0.0	0.0	0.0	0.0	0.0	0.0	0.0	0.0	0.0	0.0	0.0	0.0	0.0	0.0	0.0	0.0
5038.077120945867	-2.326169145143467	5.411062891817489	25382221.0765982	10780.954183786029	-30.396942929281067	923.9741394459704	116228973.11289348	4965.599683022248	-6.183216307856128	38.23216390973797	24657180.212030653	5449.299909249628	7595.617148209947	1.152454	23.405352	0.0281358247081837	0.0132191718368054	0.1046378081	0.0586291408	-0.0754126926	-0.0764662621	0.088304637	-0.0792182064	-0.1328316102	0.0616958654	-0.0197002083	-0.0206418515	-0.0647519457	0.0814557903	0.0345578231	0.0525252541	0.0577963284	-0.0337643626	-0.1385254546	0.0356236601	0.0168831798	-0.1226388225	-0.2066142808	0.0118864688	-0.0345336232	0.0338037276	-0.0359681411	-0.0025151952	0.0285784659	-0.0934305937	0.01928944	0.0181457532	-0.0877970013	0.0976077046	-0.1586292459	0.1689711905	0.0913248186	0.0349816971	0.0156455469	0.0764905463	-0.0175007581	0.0275938225	0.1322208329	-0.0729232211	0.0357611973	-0.0679281945	-0.0805194711	-0.1703046704	-0.1497137269	-0.0848112443	-0.0731100361	0.0783404656	-0.1039979057	0.0577875882	-0.0548878704	0.0346597422	0.2212443115	-0.0704678978	0.0199445188	0.1272047673	-0.1279990693	0.0506028504	0.0225730844	0.0698205288	0.0704124866	-0.0349749142	-0.1829277052	0.0361882222	-0.0302812577	0.1211564685	0.0334855917	0.0962011256	-0.0024270459	0.1212836302	-0.1291937589	0.0520602835	-0.0272618574	-0.0286221062	0.1140160354	-0.0464249677	0.0650513481	0.0370108102	0.0449470033	0.2181474309	0.0050716871	0.0504205849	-0.0636603187	-0.025562641	0.0825843778	-0.1409058032	-0.1033601957	0.1508857594	-0.0367155237	-0.0368495299	-0.0335258974	-0.1281655288	0.0387561943	0.0183758428	-0.1561558853	0.0126466663	-0.0351067207	-0.0035217938	0.1196245238	-0.0710203537	-0.0233490079	-0.0724073795	0.1137833931	0.1202808025	0.1144370506	0.0088711778	0.1030141256	0.1205471108	-0.0563667647	-0.0776829863	0.0742226769	0.0172542864	0.1483923058	-0.0997637416	0.0556930273	0.0607686768	-0.0677921623	0.0604067233	-0.0823845378	0.0496939151	-0.1302990894	-0.1855923082	-0.1717034823	-0.0863492828	0.0486008445	-0.089802651	-0.117332818	-0.0	0.0350303438978869	0.0007250245764254	0.0012271249936042	5.256606364208381e-07	0.0121854436756905	-0.0039889823690088	1.5911980340263843e-05	0.0001484850375734	0.0576712084127564	0.0058678515882491	0.0033259682797875	3.443168226171752e-05	-0.0004680056591968	0.0001410099415666	1.9883803620615953e-08	2.1902929704023133e-07	0.0003309913496274	-0.0001849897544313	1.0955527352816775e-07	3.4221209244552695e-08	3.607743790123497e-05	-2.5079627492106217e-05	6.2898771514281e-10	1.3015815255174652e-09	0.0	0.0	0.0	0.0	0.0	0.0	0.0	0.0	0.0	0.0	0.0	0.0	0.0	0.0	0.0	0.0	0.0	0.0	0.0	0.0	0.0	0.0	0.0	0.0	0.0	0.0	0.0	0.0	0.0	0.0	0.0	0.0	0.0	0.0	0.0	0.0	0.0
5043.880485254754	5.803364308886557	33.67903730165835	25440730.34953373	10771.62049162079	-9.333692165238972	87.11780943544336	116027808.01550493	4965.117817920437	-0.4818651018113087	0.2321939763436229	24652394.945831005	5447.668327633009	7581.31875817701	1.385035	28.128853	0.0427754849092512	0.0201447324165202	-0.0470516222	0.1094610044	0.0871875841	0.034922228	0.1132938348	-0.076761607	-0.0356440885	0.2117224311	0.0017390109	-0.0948540971	-0.0243025912	0.0711275451	0.177205057	-0.2521317686	0.1366271697	-0.1090863692	-0.0833355067	-0.1520549439	0.1446215017	0.1201919668	0.1122890414	-0.000890511	0.0112977159	0.0002580881	-0.1017573344	-0.0562339659	-0.095530569	-0.034111103	-0.0400225454	0.0495799581	-0.1078431924	0.070829485	-0.0544857265	0.1873930053	-0.0076868204	0.0772931954	-0.1778734742	0.0254928688	-0.0535680992	0.1221851887	-0.071125803	-0.1396708103	0.0350421323	0.115507618	-0.0483308744	0.0528236593	0.0725238328	0.0542298671	-0.0252821247	0.0663773814	-0.095525333	0.0946155177	0.0679502867	-0.0712436315	0.0285182764	0.0037262779	0.1020738049	-0.1329036237	-0.0719472905	-0.1356305633	-0.0397195727	0.2142066285	0.1741882322	0.0502496572	-0.0157791297	0.0501231229	-0.061704492	0.1469128995	-0.0660893712	-0.0528016521	0.0869136391	0.0211211789	-0.0278628975	0.1478815561	0.0569377894	0.141973742	0.0105932966	-0.0221075117	-0.1435055112	-0.0220328763	0.029316865	0.1330603903	-0.0215504141	-0.2346298343	-0.1004289643	0.0901943938	0.0299453565	0.2146099179	-0.1028781751	0.1264225187	0.0763778482	-0.040459015	-0.0626667508	0.022986308	-0.1235053214	-0.0692136339	0.0966565283	-0.0305009171	-0.0498358604	0.1155571338	0.0112383798	-0.1347089171	0.0135693732	0.0887162523	0.1143823951	0.0343357182	0.1267907124	0.0725127933	0.0725781503	-0.0683260233	-0.0777351894	0.0377629094	0.1025394163	-0.0075013534	0.0732709131	-0.0964745008	0.0407410548	-0.1395254001	-0.0303407676	0.0357833537	-0.1231891153	0.0583004064	-0.0714978719	-0.0026479909	-0.0737688782	-0.0898921748	0.0456128885	-0.0942358196	-0.1133036545	0.0128483897	0.0277830621114816	-0.0072472817864053	0.0007718985402904	5.252309329156204e-05	0.0161488626409465	0.003963418965256	1.570868989415094e-05	0.0002607857645961	0.0687382650257646	0.0110670566130082	0.0047249490787522	0.0001224797420755	-0.0005409639249833	-7.295826578649999e-05	5.322908546573574e-09	2.926419681333375e-07	0.0004810408167148	0.0001500494670874	2.3140026734564186e-07	2.2514842573212745e-08	-0.0001508693801165	-0.0001869468180177	3.4949112766956114e-08	2.2761569856736964e-08	0.0	0.0	0.0	0.0	0.0	0.0	0.0	0.0	0.0	0.0	0.0	0.0	0.0	0.0	0.0	0.0	0.0	0.0	0.0	0.0	0.0	0.0	0.0	0.0	0.0	0.0	0.0	0.0	0.0	0.0	0.0	0.0	0.0	0.0	0.0	0.0	0.0
5052.38044399295	8.499958738196256	72.24929855103888	25526548.1508424	10778.40540120021	6.784909579420855	46.034998000916886	116174022.99262188	4973.339665646407	8.221847725970292	67.59878002904287	24734107.42989192	5454.231761271468	7592.386952523155	1.358309	27.586084	0.0275455399455934	0.0158510268562725	-0.0712789354	-0.117347612	0.0452524426	0.047595975	-0.0986713561	-0.0814876971	-0.0112720155	0.1066429059	-0.1454712804	0.0798838375	-0.1227064589	-0.0406593108	-0.0392879395	-0.0944186181	0.1120746903	-0.0161508085	-0.1240123641	-0.0876077168	0.125204936	0.0895245008	0.1782712848	-0.0597449146	-0.0185824378	0.0132814745	0.0630187882	-0.1448280514	0.1500470172	-0.0308924743	-0.0348845838	0.0335338141	-0.1487377914	-0.0014425442	-0.0673136087	-0.1005584712	0.0956251933	-0.0662605042	-0.0690647783	0.1586845113	-0.1453851986	-0.0216024528	0.1171831448	0.1815107625	0.0167811442	-0.0748221669	0.1439793639	0.0278439814	0.0578056677	0.1084090119	-0.0845922377	-0.0710183934	0.0250783561	-0.053199778	-0.027245673	-0.0911095329	-0.0948475937	-0.1108409744	0.0927667726	-0.0754669597	0.0921505516	-0.0003467553	-0.068265235	0.0786512754	0.0936046662	-0.1012629533	-0.0789413229	0.0305884161	0.1831778282	0.2206527817	-0.0441260664	-0.1599669589	0.0968812324	-0.067743045	0.1261797041	-0.0214521976	0.0721578613	-0.0751065379	-0.100324117	-0.1277702068	-0.1096624763	-0.0192796399	-0.0460240555	0.0813996946	-0.0434070285	0.0366614355	0.0149523908	-0.0316988397	-0.0122534931	0.0924328013	-0.0609677713	0.0108169447	-0.0884104801	0.0215195691	-0.0821651991	0.1433007074	-0.033585208	-0.0950640259	0.1254249715	0.2445749345	0.0630272184	-0.0296336734	-0.0931506966	0.0099080902	0.0379716748	0.0090201412	0.0822723943	-0.1670349037	0.1273532645	0.0730966617	0.0402311375	0.0761196616	-0.1455801459	-0.0363900621	-0.0444886022	0.1222965138	0.0895268433	0.0135041108	-0.1325508213	-0.141844267	-0.0374232002	-0.1154599551	-0.0079172209	0.0981134081	-0.1271545461	0.0384455117	0.1672328132	-0.0380735652	0.042595656	-0.0984270862	-0.1086202561	0.0255649376	0.0335269185952427	0.005743856483761	0.001124054270492	3.299188730604442e-05	0.016095641364842	-5.3221276104499504e-05	2.8325042301913702e-09	0.0002590696709456	0.0707438412779666	0.0020055762522019	0.0050046910787621	4.022336103396582e-06	-0.0003630137553529	0.0001779501696304	3.166626287148814e-08	1.3177898657541516e-07	0.0004919897413628	1.0948924647999976e-05	2.420539056062348e-07	1.1987895094758138e-10	5.5089244275617394e-05	0.0002059586243921	4.241895496149329e-08	3.0348248348586437e-09	0.0	0.0	0.0	0.0	0.0	0.0	0.0	0.0	0.0	0.0	0.0	0.0	0.0	0.0	0.0	0.0	0.0	0.0	0.0	0.0	0.0	0.0	0.0	0.0	0.0	0.0	0.0	0.0	0.0	0.0	0.0	0.0	0.0	0.0	0.0	0.0	0.0
5052.858917159523	0.4784731665731669	0.2289365711305535	25531383.23671851	10844.611598830148	66.20619762993738	4383.2606046143255	117605600.72948138	4978.308862930689	4.969197284282018	24.69292165011578	24783559.13473425	5459.184859417855	7629.837181490057	1.535728	31.189302	0.0312762156126923	0.0190402655673183	0.1453079953	-0.0250944623	-0.1029111923	-0.101870538	-0.0689441344	0.0828682202	0.0129100589	-0.0143556446	-0.112432506	-0.0496112265	-0.199967042	-0.0900351254	-0.1838580157	0.0547704541	0.2000608347	-0.0030622757	0.0319597015	-0.0784698622	0.2599987227	-0.0809023052	-0.0495074563	-0.2043268062	-0.0070596241	-0.0030109182	-0.0222683377	0.0398380609	-0.0898515215	-0.0150353203	0.0485143889	-0.0679838009	0.0305807929	0.1678947277	-0.0607540531	-0.0945467125	-0.1679662144	-0.0280607711	-0.0470194127	-0.0154582331	0.0255207673	-0.1682884067	0.0176635271	-0.1192140215	-0.1454796093	-0.0231454504	0.0076324854	-0.1321805784	-0.0926798775	0.0340611087	0.0519900187	-0.0902703227	-0.0509881495	0.0034867421	0.0675631918	0.027545141	-0.1071352641	-0.0122012508	-0.1436189181	-0.0283378714	-0.0087952499	0.1378653884	-0.0178133571	-0.0750821688	0.1506317684	-0.1643948772	0.0194571997	0.1768122436	-0.0378183415	0.0616906733	-0.0681916241	-0.2126827882	0.073145386	0.2298059017	-0.0093786766	0.1112257976	0.1198447096	-0.0735245059	0.0098272201	0.1103840892	0.0386855025	-0.0363358589	-0.0934860316	-0.0809251833	0.1790545683	-0.056936224	0.1638540538	-0.1167840029	0.1420939564	-0.075256495	-0.0263935996	-0.1062193396	-0.0439219641	0.0621237276	0.0832730161	-0.0893531801	-0.0643133841	0.1330065982	-0.116226994	-0.1133955421	0.0715842165	-0.0378478258	0.0594839044	-0.0569810136	0.0299009973	-0.1630850784	0.1546467356	-0.0087605963	0.0589590098	0.0286757852	0.091685804	-0.0831961142	-0.0959123623	-0.0962649902	0.0281197527	-0.0606317869	0.0231853063	0.1427318665	0.0106001702	-0.1111387121	0.0478407585	-0.1339619142	-0.0906401345	0.0940397043	-0.0032911012	0.1642300142	0.1587862459	0.0308768585	0.0395510834	-0.1023656918	-0.1033096655	0.0380191546	0.0322641537297982	-0.0012627648654445	0.0010409756159	1.594575105401067e-06	-0.0001278211863535	-0.0162234625511955	0.00026320073715	1.6338255680816177e-08	0.0668056974030548	-0.0039381438749118	0.0044630012055085	1.5508977179505333e-05	-0.0005190217701446	-0.0001560080147917	2.43385006792473e-08	2.693835978840341e-07	0.000501977630223	9.9878888602e-06	2.519815412442989e-07	9.975792388370725e-11	8.613022704652751e-05	3.104098277091012e-05	9.635426113839387e-10	7.418416011086379e-09	0.0	0.0	0.0	0.0	0.0	0.0	0.0	0.0	0.0	0.0	0.0	0.0	0.0	0.0	0.0	1.0	0.0	0.0	0.0	0.0	0.0	0.0	0.0	0.0	0.0	0.0	0.0	0.0	0.0	0.0	0.0	0.0	0.0	0.0	0.0	0.0	0.0
5052.990836378851	0.1319192193277558	0.0174026804280445	25532716.39252864	10824.257061103464	-20.354537726683706	414.30720606699015	117164540.9248482	4970.552326737486	-7.756536193203829	60.16385371648094	24706390.432835437	5452.855622404614	7607.851715513223	1.581409	32.117043	0.0183350196148398	0.011709238478723	-0.0436282436	0.1240959949	0.1192605927	0.0045232214	0.1115384729	0.0651974997	0.0718803312	-0.0279403273	-0.1064799911	-0.069186786	-0.0484583247	-0.0326839315	-0.0440755926	-0.04802629	0.1120434977	-0.1160529844	0.0042525003	-0.0464480716	0.0472747194	0.0482861728	-0.1266358756	-0.0764792189	0.1025934653	-0.0091270946	0.0252846661	-0.088671173	0.0059075923	-0.017475766	0.0585673335	0.1107440219	0.0751575436	0.1093094653	0.0756272542	0.0525528658	0.1312550882	-0.0245646591	0.0814558123	-0.0148542377	-0.0857933854	-0.035851403	-0.0360025966	0.0646368135	0.082043402	0.0223504752	0.010500731	0.1051187648	0.1684231416	-0.2538049652	0.0959806992	-0.0994388472	0.0462332866	0.1891802243	-0.0265491213	0.1071478751	0.0176942269	-0.0243470951	-0.0151447881	0.1053768764	-0.0710509446	-0.04243993	-0.0700977291	0.109838274	0.1035702788	-0.0800318299	0.1796921747	0.066493136	-0.0081428105	0.057676034	0.016666502	-0.0151625223	0.104900204	0.1129050245	-0.0083993946	-0.0445593818	-0.034436735	0.142086352	0.0970661368	-0.0851225655	0.0225535258	-0.0126354446	0.0804383365	0.0311724292	-0.0283168205	0.1024262437	0.0799723686	0.0074229937	0.0037852538	-0.0454535536	0.0105348913	-0.1028235027	0.1334616777	0.1351416518	0.10930703	0.0275259582	0.1691128939	0.0674564624	0.2172926748	0.1557967033	-0.1311122247	0.0187270995	-0.0074327952	0.0141155102	0.0434388062	0.0898279849	0.1820057273	-0.0516133092	-0.0141568478	-0.0010456566	-0.0421660249	-0.0757605127	-0.1605507097	0.0486838128	0.1577309101	-0.0236533953	-0.0598480076	0.0215985075	-0.0532940903	-0.1894371472	0.0512326463	-0.021876545	0.0589945791	0.119426065	-0.0739000594	0.0069199316	0.0637339649	0.0224147458	0.036481125	-0.1060415262	-0.0974025471	0.0500832437	0.0287657292414564	-0.0034984244883417	0.0008274671787927	1.2238973900629567e-05	-0.0001161044228865	1.171676346700001e-05	1.3728254614162606e-10	1.3480237013807224e-08	0.0772817237937886	0.0104760263907338	0.0059724648325394	0.0001097471289393	-0.0005400098099282	-2.0988039783599917e-05	4.404978139579727e-10	2.916105948186907e-07	0.0004819887361171	-1.998889410590002e-05	2.3231314174375947e-07	3.9955588757688457e-10	4.013012149008279e-05	-4.600010555644472e-05	2.1160097112040567e-09	1.6104266508088043e-09	0.0	0.0	0.0	0.0	0.0	0.0	0.0	0.0	0.0	0.0	0.0	0.0	0.0	0.0	0.0	0.0	1.0	0.0	0.0	0.0	0.0	0.0	0.0	0.0	0.0	0.0	0.0	0.0	0.0	0.0	0.0	0.0	0.0	0.0	0.0	0.0	0.0
5060.78579588778	7.794959508929423	60.76139374584924	25611552.871859517	10819.013909058249	-5.243152045215538	27.49064336924788	117051061.96439584	4968.192624743708	-2.3597019937778896	5.568193499439348	24682937.956557773	5448.274074055866	7645.005633683155	1.335186	27.116467	0.0373924974028644	0.0249262959840812	-0.0219465071	-0.1104900281	0.078952915	-0.0024910125	-0.1422351282	-0.0373840594	0.120333556	-0.0309079049	-0.0648641607	-0.0560280502	-0.0203496514	0.0492931614	0.0045211449	-0.0179124504	0.1058160011	0.1463412847	-0.0376318148	-0.0621013022	0.118215065	0.1133895534	-0.1528451359	0.0068279844	-0.1988540867	0.0128033401	0.0640861515	0.1037198119	-0.0104248474	-0.0933800839	-0.0052175327	-0.0329694683	0.0111986075	-0.1471603813	0.0676763593	0.0149222788	0.0032331099	0.1436269576	0.0439806483	0.0815588266	-0.1365601457	0.123477461	-0.0071565311	0.0008206013	-0.1687815779	-0.0118610938	0.0701171258	0.0392262929	-0.0350512318	0.0257660473	0.016163453	0.1975169975	0.0739088755	0.0319484735	0.0422958399	-0.0831177978	0.0859635842	-0.109648773	-0.0310242537	0.1084766385	0.15223581	0.0692071422	-0.0686333501	0.0919531879	-0.0428669384	-0.042230907	0.0443410083	-0.1095928799	0.037310202	0.1051444812	0.0636424459	-0.0294058417	0.1204605881	0.0752219549	0.0158804905	0.2387432751	-0.0290784128	0.0981122179	0.0010540517	0.0470058334	0.2308344928	0.0519031981	-0.0244654825	0.0004187668	-0.0066653865	-0.0407913979	-0.0369024413	-0.0797041703	-0.0140858545	0.0385869197	0.0562652008	-0.0298963859	0.0803714763	-0.0963991479	-0.0672157326	-0.098118594	-0.2042848113	0.0128276565	0.0299030061	0.025785987	0.0174728288	-0.1273016781	-0.0946241275	0.0241952296	0.0388849688	-0.0247168737	0.0334533644	-0.1960313164	0.0004381961	-0.0627520337	-0.0017399152	0.0217446354	-0.1986085804	-0.0756188513	0.0775265527	0.0710344775	-0.0843322566	0.0083421516	-0.0331647304	-0.0950548557	0.03333232	0.0051999143	0.0903627293	0.143546838	0.0032475165	0.0344785445	-0.0113378253	-0.0660492798	0.0333877512	-0.1094451535	-0.0909330095	0.0616334109	0.0339479814836067	0.0051822522421502	0.0011524654468113	2.6855738301271796e-05	-0.0001567625014899	-4.06580786034e-05	1.6530793557202524e-09	2.4574481873370897e-08	0.0569650246858728	-0.0203166991079158	0.003245014037462	0.0004127682626415	-0.0003470036650102	0.0001930061449179	3.7251371976108006e-08	1.204115435305111e-07	0.0005009971423695	1.9008406252399984e-05	2.5099813666240504e-07	3.6131950825627875e-10	1.508691317658422e-05	-2.504320831349857e-05	6.271622826332837e-10	2.276149491977905e-10	0.0	0.0	0.0	0.0	0.0	0.0	0.0	0.0	0.0	0.0	0.0	0.0	0.0	0.0	0.0	0.0	0.0	0.0	0.0	0.0	0.0	0.0	0.0	0.0	0.0	0.0	0.0	0.0	0.0	0.0	0.0	0.0	0.0	0.0	0.0	0.0	0.0
5056.556708180725	-4.229087707055442	17.885182833967452	25568765.743047487	10832.077023204743	13.063114146494629	170.64495120434805	117333892.63664012	4974.319238968625	6.126614224916921	37.53540186095436	24743851.8911734	5456.9859371938965	7692.694704168765	1.277388	25.94265	0.0219834890293769	0.0102418412777033	0.0749556502	0.0870949848	-0.0734243169	-0.0940189556	0.0747669767	0.0891752587	0.0651809489	-0.1468238105	0.0007128781	0.0364059638	-0.154519176	-0.0065655006	-0.032869255	0.0014611524	0.0890401793	-0.0904764008	0.0903396158	0.0838583044	-0.0366828696	-0.0814099944	0.1856426606	0.0918535469	0.1130290194	0.0431333285	0.0617293438	-0.076800005	0.0347758267	-0.0838096681	-0.0114066587	0.0486904191	-0.0372450895	-0.1749610944	0.1621102952	0.0873237096	0.0758819051	-0.0572451988	-0.1122122893	0.0262203091	-0.0584940227	0.0822057753	0.0794835942	-0.0774176935	0.0622905749	-0.204144305	-0.2117694251	0.0604479926	0.0480952941	-0.0521004178	0.0452704999	0.0569663117	-0.0497255405	-0.1345461262	0.1218731024	-0.0512786825	0.0109934935	-0.1940337049	0.0161709661	0.0376366773	-0.1143048065	0.0505277256	-0.010368094	-0.0030615681	-0.0366719062	-0.1774817394	-0.0024902958	-0.0390462068	0.1175915971	-0.0143511579	-0.1235945628	-0.0971694528	-0.0566945231	-0.1882227518	-0.0809754426	-0.0576787881	-0.0274801074	0.029246083	0.0480831904	-0.036812126	-0.1580785502	-0.0261944095	0.0359067965	0.0053043235	-0.1156620917	0.0507156051	-0.065690127	-0.0797444434	-0.0555080913	0.0060287764	0.066930848	-0.0268997182	0.1609703263	-0.0434192706	0.039784872	0.1523292522	-0.1753064301	-0.1042917723	0.0838831514	-0.0720889663	-0.04101703	0.0453644654	0.0905888573	0.0410900064	0.0363734388	-0.0428911979	0.1500146899	0.0245633885	-0.1354886097	-0.0401067899	0.0523374144	0.0173966568	-0.1205409043	-0.1231747982	0.0570648595	0.1152388742	-0.1202420412	-0.0251668915	-0.0242028271	0.0216673543	0.0726236638	-0.0984338624	0.0611969387	0.0415718808	0.0940072294	0.1185243209	-0.1164799864	0.0358499588	0.0302729475	-0.1125678367	-0.0839384089	0.0725511359	0.0357592833028519	0.0018113018192452	0.0012787263423336	3.2808142804009737e-06	-0.0025906542774265	-0.0024338917759366	5.923829176971818e-06	6.711489585148221e-06	0.0607504749866549	0.0037854503007821	0.0036906202111041	1.4329633979691317e-05	-0.0004330233204201	-8.601965540990002e-05	7.399381116837942e-09	1.875091960276486e-07	0.0006349838277979	0.0001339866854284	4.032044615648731e-07	1.795243187208902e-08	7.413747500654487e-05	5.9050561829960646e-05	3.486968852434005e-09	5.496365200346065e-09	0.0	0.0	0.0	0.0	0.0	0.0	0.0	0.0	0.0	0.0	0.0	0.0	0.0	0.0	0.0	0.0	0.0	0.0	0.0	0.0	0.0	0.0	0.0	0.0	0.0	0.0	0.0	0.0	0.0	0.0	0.0	0.0	0.0	0.0	0.0	0.0	0.0
5047.778722556105	-8.77798562461976	77.05303162603116	25480070.031890143	10801.74706145766	-30.32996174708387	919.9065795795708	116677739.5797092	4972.102259448451	-2.216979520173481	4.91499819286864	24721800.878412392	5457.405353882393	7653.757138029623	1.462352	29.699112	0.032020856017727	0.0236522794908975	-0.1412659145	-0.031236022	-0.1374129237	0.1701415444	-0.0048161934	0.0311293847	0.0773969574	-0.1529812716	0.0039143795	-0.0303663483	-0.0589430119	0.0090399233	-0.1424235505	-0.1237101505	0.0915420397	-0.0056503249	-0.0135831647	0.0704463509	0.0583778026	-0.0751999494	0.0335644475	0.1233003621	-0.0972187908	-0.0110900554	-0.0257257559	0.1271734144	0.0455151336	-0.0465012622	-0.1338046772	0.0831374382	0.0829415089	-0.2068442368	0.0234938545	-0.1496097925	0.0345146032	-0.0230588334	0.0592513766	0.0987279414	0.1196809026	-0.2748323896	-0.0290642837	0.0352755513	0.008187855	-0.0037168242	0.0788317867	0.0214366081	-0.0642692882	-0.0830789976	-0.0145829162	-0.0116238999	0.0080095252	-0.0451270966	-0.0153758848	0.0281932715	-0.0853309239	-0.0225353328	-0.0100953641	-0.0615924559	0.0858032601	-0.0809536589	-0.0213104338	0.0010894281	-0.068962186	-0.2150494098	0.0110196482	-0.0082259869	-0.0872841697	0.0239778625	-0.0705526687	-0.0586880784	-0.0188392894	-0.0903963159	0.0872750305	0.1014911106	0.0231328327	0.0533416189	-0.0250232905	0.1336973988	0.0567787277	0.1742837878	0.0534226102	-0.0772353336	0.0336024985	0.0766232413	-0.0237780597	-0.1306724831	-0.0594312531	-0.0709539301	0.0809094395	-0.0609385428	-0.17871175	0.10154978	-0.0432130754	0.019629954	0.0439987121	-0.0773344422	-0.0173453988	0.0225433199	0.0323385402	0.0534658539	-0.0168686618	0.0222037866	0.0028301758	0.1209769244	0.0411917325	-0.1190985609	-0.0622249365	-0.0621354449	0.1142550329	-0.0840011547	0.0075062363	-0.0971315973	0.0245043017	0.0801855806	-0.0578055289	0.0236181534	0.0531769611	0.0926079077	0.0753848473	-0.1003529662	0.0617214907	0.0100431935	0.0478964292	-0.020310556	-0.0787505914	-0.0550000484	0.0271387131	-0.1154015599	-0.0764591335	0.082724388	0.0318314403027386	-0.0039278430001132	0.0010132405917468	1.5427950633539037e-05	0.0207534609203889	0.0233441151978153	0.0005449477143688	0.0004307061401741	0.060300665672841	-0.0004498093138139	0.0036361702805877	2.023284187937324e-07	-0.0004750095309943	-4.198621057419999e-05	1.762841878381063e-09	2.256340545354249e-07	0.0006349927160897	8.888291800051434e-09	4.032157494869744e-07	7.900173112286157e-17	3.015080375285686e-05	-4.3986671253688005e-05	1.934827247980023e-09	9.090709669432874e-10	0.0	0.0	0.0	0.0	0.0	0.0	0.0	0.0	0.0	0.0	0.0	0.0	0.0	0.0	0.0	0.0	0.0	0.0	0.0	0.0	0.0	0.0	0.0	0.0	0.0	0.0	0.0	0.0	0.0	0.0	0.0	0.0	0.0	0.0	0.0	0.0	0.0
5046.515122902896	-1.2635996532089848	1.5966840835898668	25467314.885687634	10827.122905830029	25.3758443723691	643.9334776106966	117226590.41794927	4969.710471803905	-2.3917876445457296	5.720648136601609	24698022.1735574	5451.173717208909	7625.468296542816	1.616223	32.824081	0.0154465470200696	0.0111711987394604	0.1330790228	-0.0667179499	-0.0298944813	-0.1128408509	-0.0427393373	-0.007890247	0.0121571745	-0.1241631746	-0.0643485714	-0.1482435933	0.0126396047	0.0108061408	0.000584599	0.1829293652	0.1268362106	0.0352716367	0.0074589809	0.0399679331	-0.054745577	0.0699529902	0.0754256258	-0.0299194164	0.0335829316	-0.113662531	-0.1560234356	-0.0615233533	0.0518206086	0.1709716157	-0.0629368048	-0.0754069152	0.024390974	-0.0193792332	-0.0849017	-0.0519460808	0.0002359916	-0.0043151484	-0.0514013236	-0.1200252043	0.1034205857	-0.0136975952	0.1775767502	0.009876656	0.1549930141	0.1862462531	0.1217677077	0.0649872469	-0.1267836097	-0.1198864251	0.0547327233	-0.0528030855	0.1018212905	0.1432529014	-0.1122210485	0.055805472	0.1684382916	-0.0658155235	-0.0584177058	-0.0943086053	0.0327328454	0.1505191125	0.0430517826	0.0177308291	0.0599142821	-0.000162737	0.1183208396	0.0063103285	-0.0641337962	-0.0610208228	-0.0376021869	0.0943959319	-0.0678665644	-0.1533612232	0.0614002625	0.0392764916	0.1536706337	-0.048405787	0.0119332757	0.0432422528	0.0530843451	0.0403002183	-0.138947497	0.0107393156	0.0007536004	0.1026696311	0.068034465	0.1290147736	0.088595761	-0.0374606763	-0.124222196	0.1269072313	0.0666675537	-0.0088954885	0.1434273433	-0.0029309779	0.2215233809	-0.0544883034	0.0103613177	0.0660111437	-0.2333657639	-0.1872211569	0.0185002331	0.0002758581	-0.0107167512	-0.1298549543	0.014174472	-0.0287238927	-0.0283159462	-0.1275174005	0.0229753679	-0.1753219688	-0.0094267771	0.0197982045	0.0560847617	0.0261900049	0.0407129419	0.0432187186	-0.0093996661	0.0174017806	0.0179099189	0.0525423772	0.092196158	0.003552896	0.0816395757	-0.0287460239	-0.1807397327	-0.0483121521	0.0239870598	-0.1179390489	-0.0685383697	0.092048776	0.0318259446143258	-5.4956884128001815e-06	0.0010128907505941	3.0202591130586176e-11	0.0205155183249701	-0.0002379425954187	5.6616678714634266e-08	0.0004208864921421	0.0589687093752218	-0.0013319562976192	0.0034773086853793	1.774107578767453e-06	-0.0002720239759545	0.0002029855550398	4.120313555481568e-08	7.399704349409439e-08	0.000667990193869	3.299747777929995e-05	4.462108991051442e-07	1.088833539795394e-09	7.159081970613348e-05	4.144001595327662e-05	1.7172749222078207e-09	5.1252454661961104e-09	0.0	0.0	0.0	0.0	0.0	0.0	0.0	0.0	0.0	0.0	0.0	0.0	0.0	0.0	0.0	0.0	0.0	1.0	0.0	0.0	0.0	0.0	0.0	0.0	0.0	0.0	0.0	0.0	0.0	0.0	0.0	0.0	0.0	0.0	0.0	0.0	0.0
5043.327314856244	-3.187808046652208	10.162120142300566	25435150.40477509	10812.856319447255	-14.266586382773312	203.53548701713288	116917861.78501044	4965.573006148073	-4.137465655832784	17.11862205319581	24656915.27938641	5453.803235410557	7650.393579144095	1.513179	30.73135	0.049003943083019	0.0241877561761285	-0.0342535268	0.1370348489	0.0920822117	-0.0255945357	0.1214462954	0.0428016588	0.0314195538	-0.0154088189	0.0094172647	-0.1318986297	0.114852474	0.0381218143	0.0184346362	0.0164340744	-0.0156445272	-0.0720100807	-0.131757081	0.0333877126	-0.0271006611	0.0608325898	0.0756201808	-0.0435265022	0.1043050343	0.0927390357	0.1062872658	0.0997440462	0.0138993838	-0.0643279006	0.0214055584	0.1248638923	0.1300462135	-0.0513339338	-0.1749851696	-0.0130272196	0.0547602199	0.1564701825	0.0791506359	0.0231903247	0.1628405172	-0.0115241543	0.0281292279	-0.0080875488	-0.1525452898	-0.0041095232	0.0041265486	0.0868171858	0.1570402279	0.0702698448	0.0048554158	-0.0320791662	-0.070837184	0.1081449522	-0.0021796534	0.0505173401	-0.1178486373	0.035672183	-0.1364221869	0.100029512	-0.0843798836	-0.048075874	0.0043709935	0.0126553639	0.0298214848	0.0368558804	0.1526962959	-0.065770213	-0.0309582849	0.126669042	-0.1562228156	0.076543101	0.0233458507	-0.0743378903	0.0557949574	-0.0565877353	-0.1413018011	0.0565151335	-0.0350621649	-0.0324340415	0.2305714788	0.0596928073	0.0683843638	0.0215182187	0.1010668317	0.012288753	-0.0355892748	-0.0002056102	-0.0411790599	-0.0105168594	-0.0729392692	-0.0074532987	-0.1160471059	0.0595303227	-0.1202905115	0.0992698506	-0.0058996067	0.1438483309	0.0681745087	-0.0855503996	0.0512673163	0.0205157863	0.0360181109	0.0303510791	-0.0279326338	0.1066661074	-0.0126769511	0.1105192354	-0.0158285358	-0.1205035209	-0.1059329252	-0.0864286574	-0.0561070343	0.0470477016	0.1148130449	0.0631369864	0.0281645599	-0.0129389561	-0.0682966807	-0.0223669936	0.0132086229	-0.0033725266	0.0071801407	-0.0900456003	-0.0132471999	-0.1350305417	-0.0291331295	0.0345891014	0.0208200103	-0.12017379	-0.0602218536	0.100428619	0.0290721920162013	-0.0027537525981244	0.0008451923486268	7.583153371677431e-06	0.028472920891275	0.0079574025663049	6.332025560223583e-05	0.0008107072240808	0.0495176962945578	-0.0094510130806639	0.00245200224632	8.932164825088199e-05	-0.000698981760866	-0.0004269577849115	1.8229295009653468e-07	4.88575502023334e-07	0.0006920189240537	2.402873018469997e-05	4.788901912484406e-07	5.773798742891115e-10	-5.425816195617965e-05	-0.0001258489816623	1.5837966185441233e-08	2.9439481388630203e-09	0.0	0.0	0.0	0.0	0.0	0.0	0.0	0.0	0.0	0.0	0.0	0.0	0.0	0.0	0.0	0.0	0.0	0.0	1.0	0.0	0.0	0.0	0.0	0.0	0.0	0.0	0.0	0.0	0.0	0.0	0.0	0.0	0.0	0.0	0.0	0.0	0.0
5040.92719394787	-2.400120908373537	5.760580374811815	25410946.97468315	10797.81165120021	-15.044668247044685	226.34204266363452	116592736.45479502	4969.833007689755	4.260001541681959	18.147613135132666	24699240.124322597	5457.736664514049	7574.248221899159	1.357938	27.578543	0.0198950419158642	0.009959848274814	-0.0744538873	-0.1170117592	0.0316948748	0.0657929752	-0.1285559817	-0.0285663653	-0.0197481064	-0.0269413244	0.0073423622	-0.038781243	0.0393455915	-0.0370717367	0.0153971387	-0.1257946321	-0.1352931536	0.0130903858	-0.0548346119	0.1683718783	-0.0475523828	0.062602089	0.1226258817	0.026780105	0.1450515405	0.1133411925	0.0014577785	0.0048124114	0.0324511742	0.0279519017	-0.0842224977	0.0242922025	0.1295553625	0.0013229965	-0.0501818494	-0.0625525487	0.0792952791	0.0611903313	-0.1544696218	-0.2622024121	0.0139207439	0.1696469005	-0.0331168441	-0.0195234422	-0.1540457232	-0.1018031886	-0.017045789	-0.1076578655	-0.1221191401	0.0339469516	0.1211770366	0.0684108211	-0.1297697327	-0.0616648176	0.0399235589	-0.0146532683	-0.0538778576	-0.033002831	-0.0245463677	0.0899732277	0.1112038174	-0.0937227265	0.0536632197	-0.0824938268	-0.0101692994	0.0559673347	-0.0531885626	-0.086305387	0.0431331134	0.0300454357	-0.2045604118	0.0728338214	0.0739102313	-0.1195472719	0.0170343518	-0.192221847	-0.0917279787	-0.08764687	-0.0506886219	0.0225163498	-0.0777043128	0.0060914645	0.1765803094	-0.0080444764	0.0469795794	-0.0475583343	-0.0187134445	0.0572853146	0.0856637514	0.0078473461	-0.0152833664	0.1150307091	0.1504978822	0.0692979231	0.0863650392	-0.0970062349	-0.1713217569	0.0790490347	0.0415070027	-0.1674081978	0.0249700025	0.0294317071	-0.0471258178	0.1722199441	-0.0638134472	0.0375228836	-0.1286767852	-0.0304723019	0.1232472759	-0.1138407728	-0.0498514112	0.0378459968	-0.0310945908	-0.1111589423	-0.0239152564	0.0661792498	0.1751198015	-0.0285021405	-0.1410067935	0.0227044009	-0.0812192835	0.0152022325	-0.0999639333	-0.0446492505	0.0465883072	0.1091542969	0.0485030241	0.1060929713	0.0176395976	-0.1221000468	-0.0515576061	0.1077779285	0.0293034674630519	0.0002312754468505	0.0008586932053581	5.3488332315943655e-08	0.0240186017471302	-0.0044543191441448	1.984095903789488e-05	0.0005768932298872	0.0504986825028836	0.0009809862083257	0.002550116934527	9.623339409254243e-07	-0.0007860163391105	-8.703457824450007e-05	7.575017810198006e-09	6.178216853486726e-07	0.0006019789530724	-9.003997098130001e-05	3.623786599421427e-07	8.107196374313348e-09	5.3236511148882135e-05	0.000107494673105	1.1555104745964094e-08	2.8341261193050518e-09	0.0	0.0	0.0	0.0	0.0	0.0	0.0	0.0	0.0	0.0	0.0	0.0	0.0	0.0	0.0	0.0	0.0	0.0	0.0	0.0	0.0	0.0	0.0	0.0	0.0	0.0	0.0	0.0	0.0	0.0	0.0	0.0	0.0	0.0	0.0	0.0	0.0
5043.234326635793	2.3071326879226035	5.322861239680978	25434212.47335758	10795.09932032768	-2.712330872531311	7.356738762086462	116534169.33573912	4966.585992489945	-3.247015199809539	10.54310770779418	24666976.420797333	5454.296580607405	7627.278987764897	1.430273	29.047615	0.036772306785984	0.0208482347639149	0.0958242792	0.0029695152	-0.1561454155	-0.0353383559	0.01103733	-0.0140864986	0.0012455859	-0.0030305831	0.0550109182	-0.0552635652	-0.1159175525	0.0192945518	0.0784794696	0.0093606348	-0.0144964399	-0.0855244802	0.0839959118	0.091410543	0.0755434362	0.0546865876	0.0320872965	0.019193804	0.0311219367	0.0357218789	-0.0673560456	-0.0409467904	0.0778727775	-0.1092434964	-0.0217661594	0.0715224816	-0.1114856557	0.1066085092	0.0714927195	0.068179273	0.0582676096	-0.0335325243	-0.0729616841	-0.1176729836	0.0225834912	0.0018578698	0.0823393792	0.0471904046	0.1220017571	0.124771221	0.080060109	-0.1145521933	-0.0757808288	0.1232293379	-0.0556531382	-0.0137276615	-0.0967585523	0.0341686023	-0.0252204558	0.2010772824	0.1012240578	0.1332945264	-0.0536004277	-0.0660154637	-0.0806970922	0.023072529	0.0532623879	-0.0722265208	-0.0396344809	0.0302718526	-0.0754992343	-0.0780950781	-0.0482068174	0.0335595185	-0.1279401613	-0.0095596249	0.0310870081	0.0576199242	-0.096909163	-0.0956084642	0.1713878788	-0.0486148217	-0.0061085313	0.0499992479	-0.099922109	0.0421524441	0.0270874539	0.1362369422	-0.0256437306	-0.1061257896	0.0730921778	0.0887280948	0.0477655504	-0.0280137947	0.0401452139	0.1269962139	0.1118775484	-0.0417800384	-0.0202302541	-0.1051420524	0.2234109405	-0.1166961412	-0.0266676267	-0.0034036364	0.0507118046	-0.07909714	-0.1041717923	0.0527522067	-0.0718976674	-0.0723927916	-0.056457236	0.1575019387	0.0540987994	-0.0588412732	0.014660988	0.0452899566	0.0306887903	-0.1242453706	0.0461828394	0.0073338624	0.122740492	0.1103480268	0.0645191161	0.0995421702	-0.0837165885	0.0966664705	0.0075481661	-0.0042239887	-0.0304332081	-0.0468110466	0.0681826792	-0.0780291606	0.0144478629	-0.1237128745	-0.042595656	0.1140212905	0.0203942970678809	-0.0089091703951709	0.0004159273528929	7.937331713019134e-05	0.0242312258577612	0.000212624110631	4.5209012421624766e-08	0.0005871523065698	0.0348513715621976	-0.015647310940686	0.0012146180997663	0.0002448383396745	-0.0007509769720127	3.503936709780002e-05	1.2277572466143908e-09	5.639664124933636e-07	0.0006870248811172	8.504592804480004e-05	4.720031872741028e-07	7.232809877001305e-09	-6.674222049843842e-05	-0.0001199787316473	1.4394896047699758e-08	4.454523997062173e-09	0.0	0.0	0.0	0.0	0.0	0.0	0.0	0.0	0.0	0.0	0.0	0.0	0.0	0.0	0.0	0.0	0.0	0.0	0.0	0.0	0.0	0.0	0.0	0.0	0.0	0.0	0.0	0.0	0.0	0.0	0.0	0.0	0.0	0.0	0.0	0.0	0.0
5043.352371504814	0.1180448690211051	0.0139345911022098	25435403.143163238	10814.16650896616	19.06718863848073	363.5576825754086	116946197.28364536	4972.134444645747	5.548452155801897	30.78532132522272	24722120.935632672	5461.328981161842	7623.329312314555	1.499313	30.449743	0.0290036822376049	0.012209463159896	-0.0899411201	0.0859419461	0.0391471516	0.0889813288	0.0546888128	0.073152676	-0.0125311709	0.1051433657	0.0340620591	-0.102202604	-0.0028580225	0.0399752112	-0.0273037326	-0.1373870149	-0.0754659301	0.0234968614	0.1101577066	-0.1391267944	-0.1261889486	-0.2420348317	0.2431438253	-0.0029677575	-0.0241350569	0.0503200043	0.0300675581	0.0292329614	0.1050729328	0.0977858578	0.1273342498	-0.0782353906	-0.0848188378	0.1855159453	-0.0303895385	-0.023785951	-0.0518716369	-0.0061870458	0.0814674719	0.0064587385	0.0564379153	0.0439146287	-0.1836167904	0.1602017058	-0.0805400087	0.0471852857	0.0131724067	0.0904561801	0.0557574657	-0.0311120094	0.146766142	-0.0580991759	-0.0742312039	0.0558765061	-0.1071779375	-0.0873468047	0.1504964167	0.0582105537	-0.0977703538	0.0742507599	-0.0365780937	-0.1671313003	0.0495466925	-0.0158295357	0.0207554396	0.0510284087	0.0287913214	0.0725325077	0.0171389371	-0.036250388	-0.0387504204	-0.2059580942	-0.3244769072	0.0093097961	-0.0067392192	-0.035050888	-0.1857833168	-0.0814810672	0.0550687218	0.0262732064	-0.0136412209	-0.1109711449	0.0051030715	0.0251423914	-0.0633094814	-0.1352209361	0.1005898466	0.1677677568	0.0334332455	0.0041645239	0.0834285949	-0.1992969856	-0.1604568491	0.0368964439	-0.063358315	-0.1105579047	0.0020227779	0.0396990967	0.1025959086	0.059936909	-0.1341609829	0.021314829	0.0150266828	-0.1032234118	-0.0449647519	0.1089400123	-0.0450083669	0.0651367889	0.0846412712	0.0326115322	0.0471478084	-0.0248369114	-0.0123314999	0.0604508897	0.1705312484	0.020106684	0.0933764849	0.0730044477	0.1263050124	0.0029815483	-0.0518287373	0.0074041643	-0.0642253479	-0.0273550757	0.0865325306	0.0560849512	-0.0467782577	0.0879435197	0.0112468548	-0.125008133	-0.0333877512	0.1190946399	0.0212733487968108	0.0008790517289298	0.0004525553690307	7.727319421346426e-07	0.0200721984336524	-0.0041590274241087	1.7297509114489076e-05	0.0004028931499599	0.042319775302964	0.0074684037407663	0.0017909633816933	5.577705443509353e-05	-0.0006079983899421	0.0001429785820706	2.044287493091931e-08	3.6966204217218585e-07	0.0008110015214366	0.0001239766403193	6.577234677724799e-07	1.537020734488587e-08	-3.75345601244184e-06	6.298876448599658e-05	3.967584451472344e-09	1.4088432037335798e-11	0.0	0.0	0.0	0.0	0.0	0.0	0.0	0.0	0.0	0.0	0.0	0.0	0.0	0.0	0.0	0.0	0.0	0.0	0.0	0.0	0.0	0.0	0.0	0.0	0.0	0.0	0.0	0.0	0.0	0.0	0.0	0.0	0.0	0.0	0.0	0.0	0.0
5040.397523045501	-2.9548484593133253	8.731129417506333	25405607.19032322	10815.47735817074	1.3108492045794264	1.718325637146515	116974550.48510392	4962.34074433309	-9.793700312657164	95.91656581414104	24624825.662868284	5449.533957136438	7592.581620645024	1.356221	27.543674	0.0411994854546725	0.0266714006237061	-0.0065707751	-0.1371279947	0.1383243648	-0.0011861675	-0.1548401382	-0.0700369281	-0.0324550608	0.1021214838	0.0473061492	-0.0330687411	0.0731387969	0.0610425468	0.0847315691	-0.0380498742	0.0374546497	0.0325547336	-0.0053466697	0.000518043	0.0120775012	0.0567950495	0.059595094	-0.0590729676	-0.1689468512	0.042997898	0.1214641173	0.1143318925	-0.0978699192	0.049768058	-0.0179209805	-0.1515016677	-0.1108234857	-0.0109847113	-0.0205797386	-0.0859074869	-0.0031337682	-0.2149326178	-0.106960922	0.0550059274	0.1730566603	-0.109914851	0.0663480373	-0.0641939342	-0.0531375062	-0.0882022219	-0.0894702765	0.038674216	-0.0893423344	0.0317154858	-0.0002288142	0.1797173686	0.0538584286	0.0055710157	-0.2148040344	-0.1199189131	0.0806367708	0.0497792547	0.0546743504	0.0775092382	0.1102587481	0.0005774385	0.0718795635	0.0194238643	0.0520241846	0.0689481159	-0.0984757176	-0.0918492857	0.0799603134	0.0947576473	0.0329424856	-0.0374428065	-0.0719491796	-0.0287261105	-0.0593911951	-0.0193444838	0.0105195214	-0.1236116555	-0.2039919192	0.2457992782	-0.0579629953	0.0248890416	-0.2087068191	-0.0738962027	-0.1217322206	-0.033684582	0.0454429443	-0.0369779198	0.0211400394	-0.0292322424	0.0269862481	0.0623927653	-0.0116102569	-0.1127033396	0.0046794963	0.1075781318	-0.0153833068	0.1005112476	0.0053532812	-0.0610233873	-0.0094531139	0.0223519864	0.1645930646	-0.0830799088	-0.0244181925	-0.0468619965	-0.1073419376	-0.079155262	0.1192497955	0.0337378742	-0.0218404136	0.1515918331	-0.0232091154	0.0539544396	0.0846827192	0.1600395873	0.0711027002	0.0954960289	0.0168226629	-0.0150662758	0.0280002487	0.0827733841	-0.0411706156	-0.03499912	0.0611602857	-0.006742253	0.016361286	-0.0216393561	0.008038628	-0.1259824975	-0.0239870598	0.122945917	0.0241954303224787	0.0029220815256679	0.0005854188484899	8.53856044264965e-06	0.0259357475924275	0.0058635491587751	3.438120873737218e-05	0.0006726630031781	0.0488482862546248	0.0065285109516608	0.0023861550700137	4.2621455245955005e-05	-0.0001129926227325	0.0004950057672096	2.450307095707647e-07	1.2767332791969077e-08	0.0008030015372741	-7.999984162499938e-06	6.448114688645678e-07	6.399974660024984e-11	-1.8454581011716755e-05	-1.4701124999274917e-05	2.1612307624430587e-10	3.4057156031801663e-10	0.0	0.0	0.0	0.0	0.0	0.0	0.0	0.0	0.0	0.0	0.0	0.0	0.0	0.0	0.0	0.0	0.0	0.0	0.0	0.0	0.0	0.0	0.0	0.0	0.0	0.0	0.0	0.0	0.0	0.0	0.0	0.0	0.0	0.0	0.0	0.0	0.0
5042.783873428242	2.386350382741512	5.694668149210559	25429669.194107942	10793.719518473728	-21.75783969701115	473.40358828083424	116504381.04348074	4963.296843086193	0.956098753103106	0.914124825685314	24634315.552589368	5446.991712900643	7593.963789139059	1.314884	26.704155	0.0236864346128636	0.0170412624233214	0.0818681262	0.0840985478	-0.0578018373	-0.0612731328	0.0646372617	-0.0232287071	-0.0406199975	0.0753737338	-0.022051002	0.1300996098	-0.0976876548	0.0813333663	0.0554923826	0.0792797421	0.0424262855	-0.0641034175	-0.1084248957	-0.1881966275	-0.0260714208	-0.0372317663	0.0030851117	0.1530681749	-0.0307398015	0.0004599099	-0.0249461931	-0.0013663388	-0.0655480295	-0.1590877235	0.0040710984	0.0690423894	0.2099612302	0.0284023702	0.1333553038	-0.1373675219	0.0137228191	-0.1333791549	-0.1136978693	0.1498617433	-0.088340051	-0.0266853346	0.1640390437	-0.1086905419	0.0105338567	0.0573789529	-0.0274848863	-0.0709330799	-0.0955983397	0.0140271316	0.1561664419	-0.0379234927	0.0609822887	-0.092043653	0.1029682154	0.0500978012	0.0484081616	0.0635071555	0.021736238	0.0291945396	-0.1328850309	0.0543614056	-0.0260963311	0.0715837837	0.0123372388	-0.0422167039	-0.1408035365	0.0354243241	-0.0058625621	0.1863838613	0.1057290817	0.0058507646	-0.172029287	-0.0444893857	-0.0199673784	-0.0015413011	0.0408031175	0.0641653446	-0.0086682275	0.0038384634	0.0467378107	0.0412383635	0.0803163079	-0.0698057077	-0.0145434363	-0.0101678699	0.1689557641	-0.3099360108	0.0215337887	0.1027797761	-0.0316677302	-0.0169985519	0.1157950837	-0.098198686	0.0770452448	-0.0322186778	-0.0075804349	-0.077992291	-0.0513744748	0.0602392698	0.0062036873	-0.0351961827	-0.0361631497	0.0548220074	0.0190324255	-0.0523822343	0.0965645676	0.0762168203	-0.0451454523	0.1157899599	0.0558025923	0.1641826864	0.0319427316	-0.0170554308	-0.0316615293	0.2815627185	0.0142181909	0.0806128408	0.1080350104	-0.1034169746	0.0843132727	0.0080516087	0.1094370674	0.0156625618	-0.0785173493	-0.1083496252	-0.0157310413	0.1093507138	0.0048252416	-0.1266334666	-0.0144478629	0.1255356027	0.0243683969995913	0.0001729666771125	0.0005938187723296	2.9917471391373986e-08	0.0094714682868186	-0.0164642793056089	0.0002710724930531	8.970871150821048e-05	0.0514975265561119	0.0026492403014871	0.0026519952413974	7.018474175023478e-06	-0.0001049938538723	7.998768860199994e-06	6.398030327890511e-11	1.1023709350957886e-08	0.000879000946155	7.599940888089994e-05	7.726426633413851e-07	5.775910150246212e-09	-1.445379217971527e-05	4.000788832001485e-06	1.6006311278267805e-11	2.0891210837439832e-10	0.0	0.0	0.0	0.0	0.0	0.0	0.0	0.0	0.0	0.0	0.0	0.0	0.0	0.0	0.0	0.0	0.0	0.0	0.0	0.0	0.0	0.0	0.0	0.0	0.0	0.0	0.0	0.0	0.0	0.0	0.0	0.0	0.0	0.0	0.0	0.0	0.0
5048.89285317646	6.108979748218189	37.31963356413997	25491319.04285634	10784.897675983646	-8.821842490082417	77.82490491982355	116314017.88143744	4972.468944428733	9.172101342540373	84.1274430378309	24725447.4033082	5453.2663914179	7649.575820497519	1.502547	30.515434	0.0318062889752221	0.0172146454342667	-0.1448924133	-0.0542042696	-0.1131628791	0.1789740118	-0.0157455573	-0.0282766695	-0.0679750746	-0.0141463226	-0.0088930582	0.0826447226	-0.1289075029	-0.0174871673	-0.07840372	-0.1192990128	-0.0562928854	0.0680716154	0.0424255718	-0.0896619131	-0.2264160155	-0.1210128418	-0.0871835508	0.0362657996	-0.0035577335	0.1162543971	0.1372735771	-0.0562953796	0.0153338744	0.0051028425	-0.0713229692	0.2216641712	-0.0122449747	0.050714539	-0.1719370445	0.0333706413	-0.0617137453	-0.1069391263	0.0436467224	-0.015166829	-0.1310345297	0.0353010553	0.1529639159	0.0100323233	0.077012013	0.0657737405	0.0693178161	-0.0021289437	-0.0685379866	-0.0333960563	-0.0727677159	-0.177420266	0.1300623944	-0.1036166716	-0.0871262217	0.064325085	0.0107190831	-0.0431504447	-0.0066866923	0.0480058476	0.1066020438	-0.0935637847	-0.0509717873	0.0476157036	-0.08353497	-0.0512821248	-0.0899898398	0.160620544	0.0343986433	-0.0668617026	0.0622489304	-0.027502955	-0.0919604508	0.0337892811	-0.0055820151	-0.0699139456	-0.2043699768	-0.0272672793	-0.0119315629	-0.018836305	-0.1215674362	0.0977940272	0.0589232607	0.0136578633	-0.0733396309	0.1288860045	-0.0826807526	-0.0842021785	0.0649662709	-0.0577174048	-0.2151804966	0.0581750814	0.0947184861	-0.0308035597	-0.1643260616	-0.0223040623	0.1187951298	-0.0020410099	-0.036275227	0.1595427161	0.0167486756	-0.1087791602	0.0925617465	0.1108686346	0.0033624519	0.0910044766	0.0032483109	-0.1091425888	-0.0093316309	0.1410935202	0.0781405309	-0.0187604841	0.0879612087	-0.0442591146	-0.1157767911	0.1274006388	-0.0332165211	0.1943677827	-0.0031895877	-0.0696579833	0.1661948828	-0.0217656884	-0.0266993682	-0.0512492579	-0.1340506264	0.0450576782	-0.0021669446	-0.0933764594	0.001608758	-0.1269593695	-0.0048252416	0.1268371232	0.0378807475919842	0.0135123505923928	0.0014349510381276	0.0001825836185317	0.019466937853565	0.0099954695667464	9.990941185975346e-05	0.0003789616693945	0.0534733316913502	0.0019758051352382	0.0028593972021731	3.9038059324340245e-06	-0.0001899832677988	-8.498941392649999e-05	7.22320047956995e-09	3.6093642043510564e-08	0.0008970037807438	1.8002834588800014e-05	8.046157826686712e-07	3.241020532316942e-10	-3.791481728130699e-05	-2.346102510159172e-05	5.504196988175167e-10	1.4375333694748952e-09	0.0	0.0	0.0	0.0	0.0	0.0	0.0	0.0	0.0	0.0	0.0	0.0	0.0	0.0	0.0	0.0	0.0	0.0	0.0	1.0	0.0	0.0	0.0	0.0	0.0	0.0	0.0	0.0	0.0	0.0	0.0	0.0	0.0	0.0	0.0	0.0	0.0
5047.453924406884	-1.4389287695767052	2.070516003915531	25476791.11901045	10825.999858955029	41.10218297138272	1689.3894450130235	117202272.9460943	4974.731887809711	2.2629433809779584	5.120912745511953	24747957.35559077	5454.225262975258	7599.64024023395	1.772713	36.002274	0.0396241819514243	0.019084677075012	0.1630756198	-0.0569388711	-0.0380968689	-0.1449889518	-0.0591978806	0.0005177012	-0.0432964822	-0.0258709483	-0.0052560938	-0.0005020198	-0.0729733677	-0.0111632728	-0.1289215183	0.1168075414	0.0466537504	-0.0002906112	0.0535224664	0.1369091586	0.0872392493	-0.1145941299	0.0764893638	-0.0575619696	-0.0621284676	-0.0598866713	0.1175029106	0.0193045048	-0.0021247678	0.1178610296	-0.0334903537	0.0865988337	-0.1245749156	-0.1017127064	0.183898046	-0.0542384843	0.0043614319	0.0722130843	-0.0325977689	-0.0115990532	0.1073152937	0.0877354958	-0.1128584271	-0.027614699	-0.0199831498	0.0725618493	0.0945567046	-0.0664262226	-0.0977160505	0.0481352357	-0.0687561412	0.0955962335	0.0538413898	0.0129504938	0.0545263167	0.1665457839	0.0469147853	0.0454265387	-0.0956502614	0.0276767363	0.0202595947	0.1899779957	0.0548482269	-0.0526675479	-0.0072836226	-0.0442348636	0.0670927016	0.1368926577	-0.0031400626	-0.1528107604	-0.1358876155	-0.0378179127	0.114279082	-0.1349764796	0.0213966646	0.1628491508	-0.0947428449	-0.1271751023	0.0325036706	0.075651348	-0.003931712	-0.0335228258	-0.0938184338	0.054743161	-0.0979323037	-0.1325073486	0.0340968149	-0.0146476214	-0.1512717651	-0.0439692302	0.1726487053	-0.0085650402	0.066814463	-0.0082372313	-0.069127204	-0.0475316364	0.0442492523	-0.040387803	-0.1320436059	0.0158731472	0.0705861497	-0.1156565094	-0.0908497119	0.0629429403	-0.0513580292	-0.1616152399	0.0669673802	-0.019439974	-0.0959588586	0.1110781592	-0.0374775585	-0.1191709427	0.0418978967	0.0774345702	-0.0821579832	-0.0512761139	0.0277404231	0.1976991003	-0.133012064	0.0523853256	0.0557531028	0.0319515227	-0.0240877706	-0.0076229785	0.0830704457	0.0810253329	-0.0388179145	0.0187859054	-0.001608758	-0.1269593695	0.0048252416	0.1268371232	0.0387644992587468	0.0008837516667626	0.0015026864027813	7.810170085056833e-07	0.021877358260923	0.002410420407358	5.810126540207913e-06	0.0004786188044767	0.0380258694425563	-0.0154474622487938	0.0014459667468623	0.0002386240899279	-0.0004100201479245	-0.0002200368801257	4.841622861545167e-08	1.6811652170402888e-07	0.0010179941989008	0.000120990418157	1.0363121889956816e-06	1.4638681285805738e-08	3.870883700618879e-05	7.662365428749578e-05	5.871184396369671e-09	1.4983740623716906e-09	0.0	0.0	0.0	0.0	0.0	0.0	0.0	0.0	0.0	0.0	0.0	0.0	0.0	0.0	0.0	0.0	0.0	0.0	0.0	0.0	1.0	0.0	0.0	0.0	0.0	0.0	0.0	0.0	0.0	0.0	0.0	0.0	0.0	0.0	0.0	0.0	0.0
5043.287770824073	-4.1661535828106935	17.356835675566376	25434751.539343648	10801.1365625253	-24.863296429728507	618.1835093525503	116664551.04232086	4967.840710578102	-6.891177231609618	47.48832363745479	24679441.325677138	5452.511413017667	7643.087966015115	1.78455	36.242668	0.0602440970520951	0.0275645303930387	-0.0860393317	0.1217985211	0.119384564	0.0280642233	0.1064742117	0.0319098672	0.0036663119	-0.0709235076	0.0721981161	-0.1024188399	0.1891463444	0.0202861859	0.0371612943	0.0825176281	-0.0201549005	-0.077141514	0.1182103458	0.1424735103	-0.1275201814	0.1915081722	0.0193082875	-0.0992970143	0.0770641091	-0.1175540396	-0.1659177694	0.0676217614	0.0533599298	-0.034791839	0.0470258365	-0.0195838623	0.0887504153	0.0218864327	0.1982609549	-0.0740369812	-0.0668672098	0.1041112358	-0.0138535636	-0.0347518628	0.115848278	0.0254687857	-0.2565145697	-0.037240648	0.0575925907	-0.1578343681	0.0658490533	0.0288228072	0.1096354555	0.0070388103	-0.0460200112	0.0309429562	0.0472938962	-0.0173861473	-0.0341328317	-0.1059562354	0.0319620107	-0.1296621166	0.0409358272	0.1089026306	-0.0463017631	-0.0736485877	-0.0002282931	0.053634818	-0.031635394	0.080559325	0.2610501617	-0.0261560175	0.0646101159	-0.1384891233	-0.0278688155	0.2266120199	0.0240204279	-0.0747585824	0.0508412336	-0.0699742972	0.2111798007	-0.0639288685	0.0767368932	0.0429417006	0.0648303619	-0.0314920419	0.1047102539	-0.0316787522	-0.0139449458	-0.1226765373	0.0707686561	-0.0049519259	-0.10265335	-0.0200484046	0.1480196523	-0.0791897801	-0.0338045793	0.1236248419	-0.0372183063	-0.0639066936	-0.1502600166	-0.0683371919	-0.0567576303	0.0240559768	-0.0480190371	0.0635628967	0.1896546726	0.0451124568	-0.0608057395	0.1445721638	-0.0041758903	-0.0052727943	-0.1412114959	0.0107538193	-0.1453355706	-0.0701588252	-0.0315448478	0.0666227043	0.1221380585	-0.0641383029	-0.0344631284	0.0409485487	-0.0789933025	0.0904016896	0.0455765947	0.06556907	0.1147721181	-0.1946696358	0.0627757086	-0.0277896737	-0.0774788524	0.011843398	-0.0048252416	-0.1266334666	0.0144478629	0.1255356027	0.0224478287694438	-0.016316670489303	0.0005039050164622	0.0002662337358564	0.0315533273724497	0.0096759691115267	9.36243782472188e-05	0.0009956124682729	0.0330869393293937	-0.0049389301131625	0.0010947455541869	2.439303066270432e-05	-0.0007369605243606	-0.0003269403764361	1.0689000974417881e-07	5.431108144658505e-07	0.001171027151658	0.0001530329527571	1.3713045899202485e-06	2.3419084629587397e-08	-6.756838056256876e-05	-0.0001062772175687	1.1294846974157029e-08	4.56548605184812e-09	0.0	0.0	0.0	0.0	0.0	0.0	0.0	0.0	0.0	0.0	0.0	0.0	0.0	0.0	0.0	0.0	0.0	0.0	0.0	0.0	0.0	1.0	0.0	0.0	0.0	0.0	0.0	0.0	0.0	0.0	0.0	0.0	0.0	0.0	0.0	0.0	0.0
5046.22433714142	2.93656631734666	8.623421736174926	25464380.06075836	10805.1930412332	4.056478707900169	16.455019507647425	116752196.65831438	4966.72392924267	-1.1167813354313694	1.2472005511678728	24668346.58931175	5448.401317770358	7594.607045775091	1.467985	29.813509	0.0661001815005911	0.0339068891119271	0.0681990887	-0.0999087148	0.1319141837	-0.0898161153	-0.0945586699	-0.0388925266	0.0432827699	-0.0748620133	0.0519048774	-0.031650776	0.1776893931	0.0284297935	0.0417515381	0.0636218236	-0.0359256296	0.2202176218	0.01377314	0.0442730956	0.0681601634	-5.84127e-05	-0.0467070561	-0.0311335809	-0.0545491354	-0.0043602952	0.0499396434	-0.040679171	0.0327089506	0.0203985763	0.1515193925	0.1472447822	0.0305341637	0.0582236544	0.1190225251	0.1295877336	0.1108666358	0.2153311846	0.077943685	-0.0967076278	0.0252121136	0.0786381069	0.070592194	0.0607111964	0.1470812976	0.1740382249	-0.0300634534	-0.0179894618	0.007509894	0.0363639058	0.0199927624	0.0260869451	0.1639333945	0.0183164973	0.0904567064	-0.1281438015	-0.0776726385	0.1830614215	-0.0085797767	-0.0445840573	0.0745235208	0.1405114855	-0.0152568117	0.029279644	-0.0611477756	0.1361887763	0.0611379835	-0.117828837	-0.0796505207	0.0072675866	-0.0100740569	-0.0111212912	0.0486520749	0.0045204383	-0.0509662361	-0.0207927335	-0.1151720941	0.1232946507	0.2266962194	-0.0608638807	0.0825534285	0.0032757528	0.051694418	0.0764594328	-0.0907519087	-0.0047139827	0.0106799995	0.2207586716	-0.0467889067	-0.1215215434	-0.0387881492	-0.0246279125	0.030063455	-0.0331447757	0.0548723703	0.0378916015	0.0048011092	-0.0626003696	-0.1024465952	0.042872338	0.0124328154	-0.1424500294	-0.2229197897	-0.1143230393	-0.0344429812	-0.0735748815	-0.1188490123	-0.0787921036	-0.1040229703	-0.0547480874	-0.1377899819	-0.0065028259	0.0088637254	0.0357867865	0.1023424005	0.0053226735	0.087297336	-0.0248018796	0.085254201	0.0732298258	0.0272724075	0.1673667221	0.0644174499	-0.0580892089	0.025550083	0.0524398096	-0.1350156913	-0.2250407177	-0.008038628	-0.1259824975	0.0239870598	0.122945917	0.0265552460441114	0.0041074172746676	0.0007051810924632	1.6870876668237813e-05	0.0094220462280389	-0.0221312811444108	0.0004897936050929	8.877495512330206e-05	0.0262610227184936	-0.0068259166109001	0.0006896413142212	4.659313757896194e-05	-0.0002859805515359	0.0004509799728247	2.033829358889672e-07	8.178487585677754e-08	0.0009890058740413	-0.0001820212776166	9.78132618888196e-07	3.3131745505215736e-08	-3.98583015917164e-05	2.7710078970852363e-05	7.678484765708742e-10	1.588684205776222e-09	0.0	0.0	0.0	0.0	0.0	0.0	0.0	0.0	0.0	0.0	0.0	0.0	0.0	0.0	0.0	0.0	0.0	0.0	0.0	0.0	0.0	0.0	0.0	0.0	0.0	0.0	0.0	0.0	0.0	0.0	0.0	0.0	0.0	0.0	0.0	0.0	0.0
5049.881312252152	3.656975110732674	13.373466960518252	25501301.26783352	10800.163065065371	-5.029976167828863	25.300660248926334	116643522.23200224	4967.561413334865	0.8374840921951545	0.7013796046799421	24676666.395253487	5455.946347361278	7662.154660906111	1.355262	27.5242	0.0671262222380474	0.032073458769856	-0.0387176515	0.1255819069	0.0790006137	-0.0070665777	0.0891411702	0.0003477874	0.0695797204	-0.0073635965	0.0593034779	-0.0674864561	0.1252023236	0.0875336893	0.1061265834	0.0228430469	-0.1669165908	0.076334034	0.2172485615	0.040243495	-0.0195313757	0.055361158	0.0094891349	-0.1423328285	0.0043004126	0.0365528223	0.0132396411	0.1872129514	-0.1980147177	-0.0980151117	0.006042448	0.0707733621	0.0837603189	0.0588766238	-0.076869085	-0.0199352748	-0.0255076735	0.0244551234	-0.0667124753	0.0165805908	0.0605833489	-0.1119844583	-0.0785438621	0.0121716231	0.0041322275	0.0241808905	-0.0083350497	0.0786968222	0.0492371826	-0.0530572959	0.0029556794	-0.0010235155	0.0239673148	-0.1747274007	0.0253198397	-0.0535382264	0.0611466519	0.0818591129	0.1265771765	0.0138924898	-0.0681057373	-0.0688033489	-0.0191192507	0.018395022	-0.121230266	0.2427472494	0.112681829	-0.0613559837	0.022388442	-0.0882631679	-0.0572816868	-0.0467966777	0.0122653246	0.0099411204	-0.1440318679	-0.1028001043	-0.0159461845	-0.0006508406	-0.0325805242	0.1833697848	0.1044955612	0.0466504619	-0.0299326875	-0.083885072	0.1259807652	-0.1286565156	-0.0180357119	-0.125310691	0.1011703243	-0.0825475418	-0.0248539231	0.0076147259	-0.0694702951	0.1198134985	-0.0169615356	0.0602120988	-0.071998926	-0.0589911318	-0.0009444934	0.0691138985	0.0311897437	0.057728099	0.0164597763	0.0238979231	-0.0413477286	0.0845435511	-0.1361824653	0.1370651775	-0.1070251161	-0.0960583489	-0.1849672803	-0.0784061525	0.0505801709	0.0926842929	-0.0339052932	0.0417056685	-0.0384204628	0.0747931748	-0.0140989858	0.0407322932	0.003432714	0.1200234675	0.0058720117	-0.0435766645	-0.0818337457	-0.0272914822	0.0056746275	-0.0691686825	-0.0112468548	-0.125008133	0.0333877512	0.1190946399	0.0278360978234673	0.0012808517793558	0.0007748483420376	1.640581280679172e-06	0.0360675684318323	0.0266455222037934	0.0007099838535128	0.0013008694925849	0.0212233598842246	-0.0050376628342689	0.0004504310047753	2.537804683177517e-05	-0.0005618444105704	-0.0002758638590345	7.61008687214065e-08	3.156691416892002e-07	0.001169072581779	0.0001800667077376	1.3667307014674166e-06	3.2424019235494213e-08	-0.0002671714432321	-0.0002273131416403	5.167126436242112e-08	7.138058007872325e-08	0.0	0.0	0.0	0.0	0.0	0.0	0.0	0.0	0.0	0.0	0.0	0.0	0.0	0.0	0.0	0.0	0.0	0.0	0.0	0.0	0.0	0.0	0.0	0.0	0.0	0.0	0.0	0.0	0.0	0.0	0.0	0.0	0.0	0.0	0.0	0.0	0.0
5042.5411193948685	-7.34019285728391	53.87843118212172	25427220.940788053	10813.030575134591	12.86751006921986	165.57281538147453	116921630.21879552	4971.388932709001	3.827519374135591	14.649904559383303	24714707.92026154	5453.819086973428	7572.984260319833	1.365627	27.734699	0.04517921319825	0.0282629324128209	-0.0234509045	-0.1002171257	0.0839928136	0.0131008064	-0.1462617865	-0.0035795199	0.0090449705	0.0541600268	0.0097878667	0.1241581105	0.0157120112	0.0128068587	-0.0681482758	-0.0083667534	-0.2257614797	0.0150936354	-0.0418848115	0.0103595576	0.0408296195	0.0978800484	0.1478524664	-0.0506588727	-0.0243514915	-0.0841615752	0.0747819709	0.1064284209	-0.0195860022	-0.0684255898	0.0473670584	0.0597583038	0.0908756872	-0.0070398818	-0.0022107689	0.1466085542	-0.0772555023	-0.2680435682	0.0366867992	0.0432722711	-0.0693486157	0.0267255305	-0.0130387127	0.0881960125	0.0142389051	0.0753616342	-0.0447205083	-0.0871321799	-0.0839703515	-0.0637901205	-0.1648895477	0.0935952382	-0.010743446	-0.0339777216	0.0029725997	-0.0467866801	-0.0864643702	-0.1295881627	-0.112871952	0.0498475303	0.0816753726	-0.0200326078	0.0727801603	-0.0728713078	-0.0458915805	0.1513484001	-0.0279090276	-0.0540655782	0.2174106657	0.0554415957	-0.0313417904	-0.0010436205	0.0854985225	-0.0376282023	-0.0467837871	0.0182809614	-0.0690518522	0.1183744475	-0.0800898247	-0.0433414247	-0.0880757715	-0.0721400611	0.0949650306	-0.13636046	-0.089981858	-0.0160787293	0.0109711393	-0.1566656086	0.0363417112	-0.0179496547	-0.0484480044	0.0172937464	-0.0235190078	0.062660333	-0.0969182587	-0.0683754549	0.1826525309	-0.0295533459	-0.1254667701	-0.1025167485	0.164736019	0.0763604662	0.0546865326	-0.1265954294	-0.0508501475	-0.0048602589	-0.180872836	-0.0169596452	0.0363362924	0.0524140409	-0.0681176807	0.1224590622	-0.0040424933	-0.0448539406	0.008199451	0.0151474736	-0.0043067514	0.0739184623	-0.1297591748	-0.0167250804	0.0016873989	-0.0003647551	0.0524597139	0.0256751109	0.2109897978	0.0415089165	0.1113109392	0.1729412196	-0.0144478629	-0.1237128745	0.042595656	0.1140212905	0.024147065222948	-0.0036890326005192	0.0005830807588813	1.3608961527694184e-05	0.009530656283843	-0.0265369121479893	0.0007042077063501	9.083340920075606e-05	0.0172916611021634	-0.0039316987820612	0.000299001543672	1.5458255312861534e-05	-0.0005559594177468	5.884992823599971e-06	3.463314053382316e-11	3.090908741813609e-07	0.0011510176155353	-1.805496624369984e-05	1.324841551272568e-06	3.259818060611406e-10	-7.068000894579551e-05	0.0001964914342863	3.860888374788912e-08	4.995663664577734e-09	0.0	0.0	0.0	0.0	0.0	0.0	0.0	0.0	0.0	0.0	0.0	0.0	0.0	0.0	0.0	0.0	0.0	0.0	0.0	0.0	0.0	0.0	0.0	0.0	0.0	0.0	0.0	0.0	0.0	0.0	0.0	0.0	0.0	0.0	0.0	0.0	0.0
5041.344535938738	-1.196583456130611	1.431811967485478	25415154.73003937	10803.565372131032	-9.465203003559507	89.59006789859195	116717024.74990872	4968.753012172417	-2.635920536584308	6.948077075186907	24688506.495972466	5454.114498868902	7634.49332733686	1.192871	24.226171	0.0447592135327819	0.0249346087907085	0.0221886597	0.0758398228	-0.0132421639	-0.0097319172	0.057502524	-0.0036394128	-0.0073806227	0.0027697536	0.0667822885	0.0406762973	-0.0304072952	-0.0200715506	0.0541886573	0.0411180345	-0.0596723236	0.0436453267	0.0244680257	-0.1064038415	-0.0637605747	-0.2145827979	-0.0291732906	0.1463133056	-0.0063418788	-0.016359245	-0.2944933199	-0.1410204389	0.1219612042	-0.0838006781	0.0686072756	-0.0684332876	-0.0773489441	-0.0259367575	-0.0347741053	0.1783158558	-0.0007699501	-0.0239361178	0.0491759497	0.0099922936	0.0660464099	-0.1309686314	-0.0223404673	-0.0497316669	-0.0779950963	-0.0558353732	-0.0705330137	0.0304812618	0.1058522433	-0.0795068912	0.0448552652	0.0304084658	0.1020556996	-0.0070997944	-0.1608939346	0.0016170982	-0.073243717	0.0030192517	-0.0438146106	-0.0363981756	-0.0981773064	-0.0384985817	0.0185911772	-0.0663360344	-0.075581943	0.0786674583	-0.146364325	0.0274051227	0.012977981	-0.0723579757	0.0988692431	0.010503497	-0.27486093	0.0108766066	-0.0343223076	0.1101901443	0.1847470776	-0.0112767079	0.1624167896	-0.0842518675	-0.0861270348	0.0649402399	0.003487311	0.0486710355	0.0125997689	0.0822533528	-0.1005585335	0.0519699939	-0.0673119087	-0.047015088	-0.0669962795	-0.0688097135	-0.0017048425	-0.0110061525	0.078118841	0.0240736588	-0.0752025255	0.1334757723	0.1932757898	0.0760773249	0.0829594352	0.0727484194	-0.0191714961	-0.057480981	-0.09344157	0.0064342413	-0.126544951	0.1699901272	-0.0409695724	0.0856203171	-0.0888738244	0.1068357081	0.0724759182	-0.0058424793	-0.0791117861	0.029704824	-0.0186065885	-0.1205540873	0.0719781323	-0.0649337537	0.1458198022	-0.0921222517	0.0063922281	-0.0600123668	-0.0362833926	0.0872911413	-0.0623973909	0.216978017	-0.0176395976	-0.1221000468	0.0515576061	0.1077779285	0.0245371938049459	0.0003901285819979	0.0006020738798214	1.5220031049169316e-07	0.0271063208688815	0.0175756645850385	0.0003089039856057	0.0007347526310467	0.0109379795691424	-0.0063536815330209	0.0001196393970549	4.036926902305207e-05	-0.0009394462247107	-0.0003834868069638	1.4706213111536744e-07	8.825592091231869e-07	0.0011540480810301	3.0304654947998274e-06	1.331826973329256e-06	9.183721115172363e-12	-9.295751314158577e-05	-2.227750419579025e-05	4.962871931934523e-10	8.64109924946809e-09	0.0	0.0	0.0	0.0	0.0	0.0	0.0	0.0	0.0	0.0	0.0	0.0	0.0	0.0	0.0	0.0	0.0	0.0	0.0	0.0	0.0	0.0	0.0	0.0	0.0	0.0	0.0	0.0	0.0	0.0	0.0	0.0	0.0	0.0	0.0	0.0	0.0
5048.712617071078	7.368081132340194	54.28861957274756	25489499.089772694	10781.719368573917	-21.846003557115186	477.2478714174892	116245472.54268192	4971.807257297951	3.0542451255341803	9.3284132868493	24718867.403720573	5453.099234630272	7576.487325369273	1.290582	26.210611	0.0451108955500478	0.0249452856934743	-0.0428389211	-0.0823761925	0.0886978502	0.0072819972	-0.1084323744	-0.0705255376	0.0020280819	0.1795803864	0.110757904	0.135393763	0.0103412248	-0.0922586503	0.0240602026	0.0085293824	-0.0546629207	0.1263111872	0.0032321409	-0.0920359523	0.10612258	-0.0055246222	0.0577272409	-0.0460376508	0.0092042629	-0.0503832073	0.0221613028	-0.0142943551	-0.1112995327	0.1267559374	-0.1053428086	-0.0181883345	-0.0781685959	-0.158690134	-0.0437780457	-0.0463904299	-0.0707699543	-0.0351625944	0.1403179811	0.0075992485	-0.08428892	0.0667383922	-0.0726455626	-0.1451750297	0.1143095743	-0.0363725862	-0.1295844251	0.019753563	0.1567441074	-0.0485440055	0.0165066951	0.0876903259	0.0129364094	0.0030876631	0.1030345519	-0.0653611665	0.0700019441	0.1002589676	0.0224987794	-0.0021333058	0.0635578122	-0.0002501467	-0.0523774629	-0.0172443311	-0.0036880779	0.1443692453	-0.1060153169	0.0589302514	0.1806525175	-0.0964773102	0.0277191492	-0.1117317168	0.0940045036	-0.0135952244	0.0628823794	0.0757325397	-0.0409443163	0.0435854701	-0.0479141517	-0.0093196766	-0.0649603623	-0.070420889	-0.0485931779	-0.0492540941	0.0931732002	0.126380567	-0.1079055896	0.0645493874	-0.1429718515	0.1812585605	0.0389187314	-0.0362316488	0.0318689322	-0.0040648403	0.0189261234	0.0381921418	-0.0676089222	-0.0479963778	-0.086883056	-0.040748238	0.0155302309	-0.0427331323	0.1925165188	-0.1410139359	-0.0870510093	0.0122983265	-0.1452261077	-0.0273739496	-0.0221147482	0.2009520989	-0.1443246249	0.0888969674	0.0027640294	-0.0229268999	-0.1962422639	-0.0777738043	0.0399302878	-0.0278492708	-0.1131369534	0.0588404214	-0.1102903206	-0.056437006	-0.00639353	0.0625200619	0.2080829121	-0.0655057981	-0.0564650009	-0.1410042197	-0.0208200103	-0.12017379	0.0602218536	0.100428619	0.0331482191711387	0.0086110253661928	0.0010988044342178	7.414975785721584e-05	0.0292486171721435	0.0021422963032619	4.589433450970019e-06	0.0008554816064826	0.0069952426548312	-0.0039427369143112	4.893341979996986e-05	1.5545174375472203e-05	-0.0005549561304641	0.0003844900942465	1.478326325737593e-07	3.079763067396872e-07	0.001350022225909	0.0001959741448789	1.822560010448291e-06	3.8405865461016144e-08	-6.512501294144861e-05	2.783250020013716e-05	7.746480673906349e-10	4.241267310623849e-09	0.0	0.0	0.0	0.0	0.0	0.0	0.0	0.0	0.0	0.0	0.0	0.0	0.0	0.0	0.0	0.0	0.0	0.0	0.0	0.0	0.0	0.0	0.0	0.0	0.0	0.0	0.0	0.0	0.0	0.0	0.0	0.0	0.0	0.0	0.0	0.0	0.0
5045.297419369945	-3.4151977011333656	11.663575337826623	25455026.049901024	10816.661989834642	34.94262126072499	1220.98678057047	117000176.60233352	4973.568746882266	1.7614895843153136	3.102845555651336	24736386.079964034	5461.700940048078	7724.759953409121	1.533176	31.137472	0.0731602783123666	0.0364796980313073	0.0623670761	0.0277817042	-0.1561854951	-0.0392588785	0.0175857281	0.0660821554	0.0047524384	-0.0861663039	0.136091318	0.0383314712	-0.0954643437	-0.0245081243	-0.0589476427	0.1011181827	-0.1526899187	-0.0699877861	0.02350272	0.0132006962	-0.0085910505	0.0855404843	0.0132371637	-0.0387538955	0.0165940766	-0.0390485843	-0.08331255	0.0806655968	0.0170307409	0.0597370396	-0.1704573558	-0.0885770687	0.0086311928	-0.080120698	-0.1096428125	-0.0846017008	0.0615000482	0.0773097083	0.0470895164	-0.0791339581	-0.2145063502	0.0768984481	0.0988717106	0.0484038897	-0.123166422	-0.0627528557	-0.1091442013	0.0635706772	0.0410058308	0.0527365197	-0.0512049623	-0.1604153149	0.0024214046	0.0238487051	0.1342502518	0.0001961351	0.1394137335	0.0457552592	-0.0708777021	-0.0907343212	-0.0807537402	0.0314448136	0.0411696382	-0.1353105016	-0.0984200583	-0.027611703	-0.025935598	0.0130101608	0.139586598	-0.0387348601	0.0432223299	0.0395518273	0.0066807872	-0.0340257116	0.0805258298	0.0090700167	0.1281135218	-0.0337970803	-0.0653612639	0.0459200991	0.1673706638	0.0130290819	0.0772339884	0.0221835674	0.2447176516	0.1050859573	-0.0409434642	0.0710203265	0.0942950519	0.0498930965	0.0243818889	0.0021143872	0.1039871711	-0.0880923801	-0.2313346603	0.0085624245	0.0535346419	0.0944247855	-0.0051343612	-0.0600078161	-0.1369516179	-0.0505223846	-0.0437268676	-0.0647865934	-0.0440554062	-0.0652527575	-0.0392999881	0.0789948696	-0.0590041353	0.0812662587	0.0666799974	0.1565669998	0.0742908903	-0.0710299009	0.0594264999	-0.0983457563	-0.2345381246	-0.0070058193	-0.0115273854	0.1485757551	0.0460993456	-0.0906160007	0.0879318275	-0.1033504882	-0.3389133669	0.0235198017	0.1711675116	-0.0151974719	-0.0239870598	-0.1179390489	0.0685383697	0.092048776	0.0249793319672164	-0.0081688872039222	0.0006239670255283	6.673071815040547e-05	0.0096127481870951	-0.0196358689850483	0.0003855673507979	9.240492770850014e-05	0.0311235800365992	0.024128337381768	0.0009686772342945	0.0005821766648084	-0.0006854871133017	-0.0001305309828375	1.703833748054981e-08	4.698925825026977e-07	0.0010970103863767	-0.0002530118395323	1.2034317878183566e-06	6.401499094351835e-08	-2.4124140478789884e-05	4.1000872462658726e-05	1.6810715426992067e-09	5.819741538403885e-10	0.0	0.0	0.0	0.0	0.0	0.0	0.0	0.0	0.0	0.0	0.0	0.0	0.0	0.0	0.0	0.0	0.0	0.0	0.0	0.0	0.0	0.0	1.0	0.0	0.0	0.0	0.0	0.0	0.0	0.0	0.0	0.0	0.0	0.0	0.0	0.0	0.0
5036.83411867086	-8.463300699084357	71.62745872312176	25369697.93900686	10745.18483089783	-71.47715893681197	5108.98424967828	115458997.05015682	4969.613185508579	-3.955561373687488	15.646465781008445	24697055.213580724	5457.108737632497	7609.222092791301	1.64554	33.419498	0.1063622460057557	0.053661527132095	-0.0395078056	0.0928889455	-0.0821817685	0.0238629317	0.1496465217	0.1058402763	0.0111630343	-0.1524895236	0.1427724403	0.2287547019	0.2296303556	-0.0240040233	0.0530352747	-0.0627554484	-0.1927795309	0.0384485069	0.0057971546	0.0993670529	0.1139120169	-0.0670420487	-0.0760423923	0.0095401422	-0.1756425276	-0.1404050696	-0.0299646418	0.0101472202	0.1332599641	-0.0876881799	-0.0130849148	0.036337613	-0.0175268688	0.0413244681	-0.0211097106	0.0140409044	0.038650351	0.0249887216	0.0887936057	-0.0040962976	-0.1735531805	-0.1177387678	0.0468206617	-0.0613053264	0.0280718655	-0.0535049114	0.0394958641	0.1111567612	0.0833810259	0.0045897588	-0.2320485621	0.0995847382	-0.1743821787	0.0742722975	-0.003179821	0.2034704157	-0.0523188446	0.0891526233	0.0648303199	-0.1154986161	-0.0320365571	-0.1081722352	0.106671447	-0.1370714078	-0.1272567491	0.113144242	-0.0550991535	-0.2249347133	-0.1829809373	-0.1898864119	0.0633450112	-0.1063220827	0.1722324141	0.1953335956	0.2141096007	0.1111832	0.0470893463	0.2157663122	0.1662360558	-0.1459568337	-0.1218098224	0.0811358265	-0.0684899919	0.1458164501	0.033418245	0.0091872689	0.0369463378	-0.1106401118	-0.0170207592	0.0230271965	0.0424828324	0.057839437	-0.0732730141	-0.0583771911	-0.0646221304	0.180550787	0.0910442693	0.1194738602	-0.0084904004	-0.0012170098	-0.0305111841	0.0633443498	-0.0053596029	0.1041569416	-0.0437847998	0.0847323836	-0.1159157016	0.1309483761	-0.002010115	-0.0574243758	0.041203108	0.1228353625	0.2493968886	0.0092601453	0.1701749951	-0.26319481	-0.3871142253	-0.0018009599	-0.1661567066	-0.0631625936	0.230973271	0.1169825203	-0.1260581526	0.2377577196	-0.1091254389	-0.0165474651	-0.0344444671	-0.0829908169	-0.0271387131	-0.1154015599	0.0764591335	0.082724388	0.0359487961843569	0.0109694642171405	0.0012923159471044	0.0001203291452111	-0.0257484839204948	-0.0353612321075899	0.0012504167361668	0.0006629844242039	0.0235659154126608	-0.0075576646239384	0.0005553523692366	5.711829456792995e-05	3.888008827744867e-05	0.0007243672015791	5.247078427236069e-07	1.5116612644622014e-09	0.0010290043161613	-6.800607021539991e-05	1.0588498826785848e-06	4.624825586141903e-09	0.0002329802888684	0.0002571044293471	6.610268758994415e-08	5.4279815001203115e-08	0.0	0.0	0.0	0.0	0.0	0.0	0.0	0.0	0.0	0.0	0.0	0.0	0.0	0.0	0.0	0.0	0.0	0.0	0.0	0.0	0.0	0.0	0.0	1.0	0.0	0.0	0.0	0.0	0.0	0.0	0.0	0.0	0.0	0.0	0.0	0.0	0.0
5045.20597347647	8.371854805609473	70.08795288620644	25454103.31480265	10826.818594028297	81.63376313046683	6664.071282841166	117220000.86799686	4967.903375793427	-1.709809715152005	2.9234492620281807	24680063.951219726	5457.085127091335	7640.324709423743	1.697254	34.469769	0.1325379775559592	0.0714963527263515	-0.0576212298	-0.0130690933	-0.0475753555	0.1088993276	-0.0564101164	0.0615950851	-0.0341836052	0.0514001437	0.1411859068	0.0146905565	-0.0508245756	-0.0046016326	0.101276678	-0.0859362314	-0.0881043604	0.0199428562	-0.0200274718	0.0554195815	0.0868415451	-0.0459485529	0.0456653368	0.0192333038	-0.0487961269	-0.0966546571	-0.0555717569	-0.1592970213	-0.1825590507	0.0489614021	0.0263285604	-0.1213207834	0.0005718097	0.0279139893	-0.0037730017	0.0160885685	-0.0089709944	0.0069765906	0.0712883192	-0.0002867068	0.1682521413	0.0170745438	0.0710139775	0.0162817271	-0.0228641888	-0.0366773396	-0.062826744	0.0922164257	-0.0783572432	0.2615191114	-0.1241795691	-0.0768313035	0.1247469547	-0.1424328075	-0.039509853	0.0690711903	-0.0766645414	-0.0539982596	0.0508207295	-0.0920322232	0.0336423605	-0.0941274458	0.0572804944	-0.0788558335	0.0460333021	0.0896355079	-0.120527661	-0.0163899361	-0.1030331804	-0.0616649363	0.0274523759	0.0470596309	0.0644462128	-0.129040232	-0.1994820621	0.0964975447	0.0073107621	-0.0488038065	0.0167192838	-0.0045994035	-0.0519423054	-0.0105808571	-0.1579608462	-0.1440527605	0.0108820059	-0.0693386736	0.0396279417	0.1753026545	-0.0320946371	-0.0039814059	0.0387730102	0.0404212491	-0.1067046384	-0.0319095957	0.0763349175	0.1830363909	-0.096155208	0.0023732049	0.1076481198	0.0920594013	0.13654456	-0.0221069085	-0.0233051792	0.1012661397	-0.0161775284	0.0512764877	-0.0790751123	0.0448879675	0.0571280401	0.0486407306	0.0413610887	-0.0715376892	0.0548462188	0.0032624352	-0.1020302612	0.0058642859	0.0724723039	-0.0750829032	0.0733855576	0.2635166966	-0.1806232791	0.0608761197	0.0613579876	0.1714231517	0.1208898949	-0.0213572842	0.1197254307	0.0901141982	-0.0302729475	-0.1125678367	0.0839384089	0.0725511359	0.0214870262976347	-0.0144617698867222	0.0004616922991152	0.0002091427882565	0.0339995781965996	0.0597480621170944	0.0035698309267481	0.0011559713175466	0.036843557284186	0.0132776418715251	0.001357447713353	0.0001762957736684	-0.0006770550824484	-0.0007159351707258	5.1256316868225e-07	4.584035846692097e-07	0.0010819650924611	5.296077629979995e-05	1.1706484613043567e-06	2.804843826277452e-09	0.0001008661622817	-0.0001321141265867	1.7454142443766587e-08	1.0173982693438241e-08	0.0	0.0	0.0	0.0	0.0	0.0	0.0	0.0	0.0	0.0	0.0	0.0	0.0	0.0	0.0	0.0	0.0	0.0	0.0	0.0	0.0	0.0	0.0	0.0	1.0	0.0	0.0	0.0	0.0	0.0	0.0	0.0	0.0	0.0	0.0	0.0	0.0
5029.24329958669	-15.96267388977958	254.8069577114508	25293288.16643762	10785.653895244695	-41.164698783601125	1694.532425944612	116330329.94800708	4963.357252609077	-4.546123184350108	20.667236007285567	24634915.21702712	5451.6079272470215	7609.268670324664	1.315376	26.714153	0.1118016067740711	0.062618482126392	0.0566594362	-0.0419342791	-0.0093501652	-0.0353378141	-0.0201983517	-0.0506549043	-0.0610346988	0.0814751075	0.0492265239	-0.1037123736	0.0432030901	0.0656866181	0.0989744991	0.0235406282	-0.11735895	0.0001051665	-0.1017539483	0.0673327101	-0.0721310322	-0.0066394256	-0.1309936296	0.0060088629	0.089437067	-0.1187397996	0.2387617529	0.0165227839	0.0471558621	0.0708007708	-0.0343893845	0.0498458026	-0.0253373703	-0.0097423331	-0.0516688299	0.0245867508	-0.1284002503	-0.2088403239	-0.0558145941	0.0442753959	-0.1593572001	-0.1497276481	-0.1892684977	0.0403136726	0.0192564123	-0.0208565631	0.0214646965	-0.0024554227	-0.0524175932	0.0376867395	0.1903969247	-0.1591862098	-0.0584818888	0.0498442918	-0.1478940452	-0.0453734589	0.018663726	0.0630729009	0.0396693811	-0.0541891795	-0.0099269873	0.0078301079	0.1229492135	-0.0252798355	0.0282241623	0.1053765421	-0.116238726	0.0317849704	-0.122899528	-0.1413762785	0.10049615	0.0848680649	0.0652317374	0.0971725515	0.0728369111	-0.1298181319	-0.113587905	0.0682563598	-0.276159611	-0.0067003839	-0.0643742502	-0.0482695401	-0.0763867711	0.0207629316	-0.1122010925	0.0428361139	-0.0462384776	-0.1057411363	0.2019925532	0.0722927949	0.1330929567	-0.1642139202	-0.1237737555	-0.0263643043	0.1425043549	-0.1351020256	0.0018969911	0.0099099552	0.0494857851	0.1140016787	-0.2278391074	-0.0094967355	-0.0404857473	-0.0363843891	-6.17564e-05	-0.0850527821	-0.0247935298	0.035731225	0.0893585247	0.0370440453	0.0674064782	-0.0239081559	0.1699467538	0.1276374898	0.0489636418	-0.1205335881	-0.0659314866	-0.1467743896	-0.118548091	-0.0099472974	-0.0393018864	-0.1904636072	-0.0557481948	0.0300525399	0.0034660112	0.044591918	0.0102579552	-0.0026286712	-0.0333877512	-0.1094451535	0.0909330095	0.0616334109	0.0145027913712851	-0.0069842349263496	0.000210330957559	4.877953750644163e-05	-0.0251584253199155	-0.059158003516515	0.00349966938006	0.0006329463645777	0.0549618268159974	0.0181182695318114	0.0030208024069516	0.0003282716908273	-0.0003200804344187	0.0003569746480296	1.274308993359282e-07	1.0245148449766373e-07	0.0012479789509856	0.0001660138585244	1.5574514621031189e-06	2.7560601222192696e-08	0.0001286996317154	2.7833469433700004e-05	7.747020207167123e-10	1.6563595203679596e-08	0.0	0.0	0.0	0.0	0.0	0.0	0.0	0.0	0.0	0.0	0.0	0.0	0.0	0.0	0.0	0.0	0.0	0.0	0.0	0.0	0.0	0.0	0.0	0.0	0.0	0.0	0.0	0.0	0.0	0.0	0.0	0.0	0.0	0.0	0.0	0.0	0.0
5037.1727251673965	7.9294255807062655	62.87579003995889	25373109.063170336	10783.088111363544	-2.5657838811512192	6.583246924775414	116274989.2174298	4969.926875402605	6.569622793528652	43.1599436492512	24700173.146849103	5453.0331258339	7541.007236175005	1.286818	26.134161	0.0753826638226332	0.0351603038160657	-0.0055240716	0.0852186991	0.061987907	-0.0028481442	0.0776811927	-0.0523085987	-0.0849599742	0.1617249324	-0.054320742	-0.1176942882	0.0033323504	-0.0658369283	0.0849435582	-0.0222192887	-0.0529286843	-0.0404187433	0.0030048389	0.0235516637	-0.0314130066	-0.0399759905	-0.0849956826	-0.2660498413	0.019686849	0.0348292004	0.1264771344	-0.1988642006	-0.0867005412	0.1314685056	0.0573331035	-0.07971015	-0.0596114907	0.0023846881	-0.0097834489	0.1874132618	-0.1973361878	0.0938330422	0.0691757042	0.0822712389	-0.0128109644	0.087822171	0.0161569275	-0.187658946	-0.1198662402	0.1009193337	0.066413134	-0.057781189	0.0489659099	-0.0929682496	0.1361055671	0.0124519805	-0.0056102533	0.0120780653	-0.0327632214	-0.1061558882	-0.1332546464	-0.1023987464	0.021614792	-0.0949036248	-0.0654018628	-0.0612862983	-0.052401075	0.0695540717	0.1340979141	0.0353856495	-0.0185388885	0.17742195	0.049174097	-0.1418866275	-0.0269465898	0.0821977276	0.1012656199	0.1319227474	-0.0633339662	0.0116248037	-0.2076546518	-0.032411906	0.0204188438	-0.1981409195	0.0455288908	-0.0345173275	-0.2150674095	-0.0228889636	0.0283493852	-0.0918209381	0.0080100205	0.0724625453	-0.041462867	0.0466943463	-0.1351737276	-0.0187988283	-0.05378961	-0.157631487	0.0928519959	-0.1016618593	-0.0470678613	0.0510602262	0.0507567021	-0.2436809693	-0.0426642453	-0.0374555966	0.0308739147	0.0021929573	-0.0029807288	0.0330526432	0.0799025676	0.0253236119	0.0382153905	0.1678801365	0.0059795026	-0.078498028	0.1405402994	0.0556658062	-0.069723509	-0.138091578	0.1371453586	-0.1838192561	0.0033106648	-0.0273151557	-0.0948289856	0.0709534388	0.0132174393	0.1788623134	-0.0404571186	0.0727136468	0.0817284773	-0.0580236177	-0.036481125	-0.1060415262	0.0974025471	0.0500832437	0.0294604078604692	0.0149576164891841	0.0008679156313051	0.0002237302910375	-0.0005590573820768	0.0245993679378387	0.0006051289029411	3.125451564545651e-07	0.0630536717077703	0.0080918448917729	0.0039757655158312	6.547795375251128e-05	-0.000694998854362	-0.0003749184199433	1.405638216127807e-07	4.830234075644926e-07	0.0011990034046909	-4.8975546294699945e-05	1.4376091644603702e-06	2.398604134864297e-09	-2.0830921233500185e-06	-0.0001307827238387	1.7104120854682754e-08	4.339272794362889e-12	0.0	0.0	0.0	0.0	0.0	0.0	0.0	0.0	0.0	0.0	0.0	0.0	0.0	0.0	0.0	0.0	0.0	0.0	0.0	0.0	0.0	0.0	0.0	0.0	0.0	0.0	0.0	0.0	0.0	0.0	0.0	0.0	0.0	0.0	0.0	0.0	0.0
5052.3328712096745	15.16014604227803	229.8300280231982	25526067.441505797	10789.975826283193	6.887714919648715	47.44061681435151	116423578.33177568	4978.645552982812	8.718677580206531	76.01533874759602	24786911.542235527	5461.075393166586	7601.750619549369	1.372428	27.872833	0.0457582004365843	0.0201862246235878	0.0322022927	-0.1309376623	0.0654901701	-0.039709024	-0.1328356084	-0.0389428634	0.0060861656	-0.0082621664	-0.0150379745	0.0467218196	0.0232530595	-0.1841657489	-0.1998182173	0.047926266	-0.0155227963	0.126192458	0.0545475903	-0.1306477657	-0.1932381744	0.0116065022	-0.0435808899	0.0117571623	-0.0522118878	0.0537607811	-0.0009810865	-0.0962298094	-0.0203083951	-0.2135314764	-0.1443615982	-0.0943703974	0.0895140824	-0.0035459075	-0.0732101295	-0.0084694089	-0.0082493427	0.0784608845	0.0175625478	-0.019016932	0.072485155	0.0035417258	0.1437921161	0.1776176588	-0.1463724527	-0.1658106534	-0.0219961233	0.0501814416	-0.0080338588	-0.1171640636	0.0328374106	-0.0621560284	-0.0283028326	0.0654844213	0.1176297286	-0.069901497	-0.0894114257	0.0364990147	0.1539150115	-0.141378789	0.125213181	0.0881387642	-0.0386321448	-0.0745502733	-0.0259616979	-0.0614271351	0.0559161513	0.0999277883	0.1505150854	-0.0594546948	0.1355063637	-0.0251277648	-0.1466304574	0.0269852938	-0.0458000365	-0.1515138035	0.0242966682	0.1116886616	-0.1064630622	-0.0815488218	-0.0699214345	0.1833058684	0.1022454548	-0.1320688296	0.1488011167	0.0533648275	-0.0628935596	-0.0313752175	-0.1000207683	-0.1247622523	-0.179068421	0.0040083214	-0.0448688716	-0.0152018826	-0.0392244852	0.0632491741	-0.1090914606	0.0898779679	0.079606145	-0.0970878644	-0.0531442671	0.030646589	-0.2457521682	-0.0351474239	0.0406606517	-0.0918133647	0.0182904017	-0.1613517586	-0.0665059695	0.0481130546	-0.0195769527	-0.0735151941	0.0613219936	0.0497487973	-0.1094875144	-0.0410051178	-0.1111611642	-0.1688440959	0.0371409884	0.0614315229	-0.0810702359	-0.0997687997	0.0123901858	0.0502065029	-0.0658853023	0.0407433175	0.1552664175	0.0147493353	-0.0395510834	-0.1023656918	0.1033096655	0.0380191546	0.0200410799971422	-0.009419327863327	0.0004016448874518	8.872373739684843e-05	-0.008852036343427	-0.0082929789613501	6.877350005339702e-05	7.835854742535244e-05	0.057278237125395	-0.0057754345823753	0.0032807964481929	3.33556446152966e-05	-0.0005700568197708	0.0001249420345912	1.561051200778864e-08	3.249647777671983e-07	0.001437977618198	0.000238974213507	2.067779630438393e-06	5.710867472133696e-08	7.940984036898714e-05	8.149293249233716e-05	6.641098046200621e-09	6.305922747428019e-09	0.0	0.0	0.0	0.0	0.0	0.0	0.0	0.0	0.0	0.0	0.0	0.0	0.0	0.0	0.0	0.0	0.0	0.0	0.0	0.0	0.0	0.0	0.0	0.0	0.0	0.0	0.0	0.0	0.0	0.0	0.0	0.0	0.0	0.0	0.0	0.0	0.0
5045.547508045193	-6.7853631644811685	46.0411532738979	25457549.65594106	10828.009164760768	38.033338477574944	1446.5348357497828	117245782.4721432	4977.420281764549	-1.2252712182626055	1.5012895583027297	24774712.661321085	5459.46470301202	7656.163968182607	1.39185	28.267275	0.0736452027352341	0.0379327734392813	0.110008775	0.0774100041	-0.0601143578	-0.1228711643	0.0763932239	0.0741973295	0.0710796015	-0.004325747	-0.0606966761	0.1171561624	-0.1492086134	-0.1457134474	-0.1176487711	0.1850809332	0.1577606989	-0.1178061416	-0.0949257942	-0.0566873794	-0.2072425813	-0.0519609282	-0.1501928037	0.1037292212	-0.1097047947	0.0180366856	-0.004853758	-0.0243720574	0.1254697389	-0.066225063	-0.0461691214	-0.0673274419	0.0125095418	-0.0634815812	0.0627282928	0.0815716027	0.0465615696	-0.0293182355	-0.0374408509	-0.0246179033	0.0197566834	0.0813113648	-0.1508168311	0.0115712808	-0.0031594045	0.1064518268	-0.0286325707	-0.0718781074	0.2000515163	0.0516958562	-0.1018658967	0.1126061057	-0.1238864578	-0.0943373884	0.033417154	-0.0159222544	-0.040669283	-0.0511965345	-0.1812592336	0.0153697692	-0.1328912926	0.152918493	-0.0821799336	-0.1048627881	0.0242821423	-0.2835499447	0.0595321606	-0.0004615382	0.0872788311	-0.0289183575	0.1355372962	0.1295357049	-0.1071821951	0.0808072384	0.072569378	0.0359118054	-0.0033338986	0.0486995757	0.0515797812	-0.1417825015	0.0694687813	0.0905358662	0.0836705356	0.0469928304	-0.1696988469	0.0156430114	0.0027292799	0.0544671408	-0.0430723503	0.0775220251	0.1019640128	0.0582856847	-0.0407807107	0.1297779035	-0.0415088186	-0.0752193896	-0.0207586086	-0.0623910187	0.0125852419	-0.1899166845	0.196284066	0.0566873076	0.0662583006	0.0615878835	0.1371954973	-0.0912156418	0.1991404597	0.0044678094	-0.1232799146	0.0029548128	-0.0240392148	0.0566556291	-0.0531562581	-0.0787918579	0.0262533858	-0.0607211848	0.0351011604	-0.0434035722	-0.0888113063	0.0943935135	-0.1326368293	-0.1087720507	-0.048450243	-0.0971398783	-0.0048869806	-0.0099272093	0.0011044165	0.0517219962	-0.042595656	-0.0984270862	0.1086202561	0.0255649376	0.0146066964786655	-0.0054343835184766	0.0002133555820198	2.953252422589118e-05	0.0094232807578578	0.0182753171012848	0.0003339872151525	8.879822024141308e-05	0.0867257202215512	0.0294474830961561	0.0075213505479467	0.0008671542606984	-0.0002160567910337	0.0003540000287371	1.2531602034586764e-07	4.668053695177991e-08	0.0014899887721444	5.201115394640014e-05	2.220066541116377e-06	2.705160134836135e-09	7.566064266615923e-05	-3.749197702827912e-06	1.4056483414890091e-11	5.7245328486562335e-09	0.0	0.0	0.0	0.0	0.0	0.0	0.0	0.0	0.0	0.0	0.0	0.0	0.0	0.0	0.0	0.0	0.0	0.0	0.0	0.0	0.0	0.0	0.0	0.0	0.0	0.0	0.0	0.0	0.0	0.0	0.0	0.0	0.0	0.0	0.0	0.0	0.0
5037.462028500992	-8.085479544201007	65.37497945969292	25376023.68858933	10740.629984010686	-87.37918075008201	7635.121228555503	115361132.4534294	4966.90485499839	-10.51542676615918	110.57420007445693	24670143.838606577	5451.637676923108	7633.919526847812	1.694033	34.404354	0.0351908760558435	0.0170639217120888	-0.155830582	-0.0169485831	-0.1703642693	0.1964447881	0.0789389927	-0.0461713091	0.052031672	-0.1567133979	-0.093346436	0.0128973671	-0.0419347456	-0.0059121635	-0.0245614877	-0.1715397996	0.1294179435	-0.001972554	0.1050774592	0.0869778061	0.0016422972	-0.0769187976	-0.0822293707	0.085262095	-0.0711691676	-0.0522872916	0.0134781548	-0.0876980048	-0.0078164788	0.0154685956	-0.1143720537	-0.1979810911	0.0072558062	-0.1397794524	-0.0307990052	-0.1593728359	0.0406446984	0.0953073162	0.1141972226	0.0580526807	-0.0298757125	0.0398392372	-0.0116118898	-0.0172062504	0.1957127073	0.0627241834	0.0526590797	-0.045179661	0.1024907164	0.0788159482	-0.0168912768	0.0390562855	-0.2084841641	-0.0223858425	-0.0416584178	-0.0580897015	-0.0053801716	0.0844885509	-0.1105077775	0.1447009662	0.0756513791	-0.083303513	-0.097414273	0.0225428225	-0.0590288184	-0.2606217337	-0.009990577	0.0052537808	-0.1502757266	-0.1241250663	0.0942082622	-0.0229823204	0.0296546134	-0.0707970424	0.0361234285	0.0120722657	0.015390088	0.0065574422	0.0172960853	0.0505474862	0.0864122671	0.1128249174	-0.0703374712	0.0626855712	0.1175859221	0.0975587998	0.1151962717	0.0691014087	-0.0815332285	0.1423361487	0.1164735063	0.0826832247	-0.0035263266	-0.0346603521	0.1448260048	0.0112407719	-0.0111757843	-0.0895181883	0.0553570904	0.0092253285	0.061050792	0.1211712862	0.0648710471	-0.1512795876	0.1582758737	0.1196916453	0.1074527752	-0.1411163061	-0.0464384603	-0.1149987106	0.0775963099	-0.0737616567	0.1716590982	-0.0411381284	-0.0451876756	-0.0061945015	0.0405247516	-0.0134876785	-0.0239600556	0.111034993	-0.1619833229	-0.1097192206	0.0711257428	0.0049380745	-0.085615996	0.0214942567	0.0264474359	-0.0410789854	-0.0456128885	-0.0942358196	0.1133036545	0.0128483897	0.0118267358646164	-0.002779960614049	0.0001398716812114	7.728181015664246e-06	-0.0006214265094115	-0.0100447072672693	0.0001008961440851	3.8617090659936107e-07	0.0870074401923233	0.0002817199707721	0.0075702946488207	7.936614193183363e-08	-8.19747135003153e-05	0.0001340820775333	1.7978003515668588e-08	6.719853653458777e-09	0.001692005479793	0.0002020167076485	2.86288254364954e-06	4.0810750169179856e-08	-2.993033622691791e-05	-0.000105590978893	1.114945482359826e-08	8.958250266563545e-10	0.0	0.0	0.0	0.0	0.0	0.0	0.0	0.0	0.0	0.0	0.0	0.0	0.0	0.0	0.0	0.0	0.0	0.0	0.0	0.0	0.0	0.0	0.0	0.0	0.0	1.0	0.0	0.0	0.0	0.0	0.0	0.0	0.0	0.0	0.0	0.0	0.0
5043.130107066635	5.668078565642645	32.12711462629758	25433161.27680193	10785.516840010729	44.886856000042826	2014.8298415685808	116327373.506155	4966.663956202473	-0.240898795917019	0.0580322298742695	24667750.8538408	5449.954892306342	7580.459185982415	1.661045	33.734383	0.0617398810178611	0.0345331410783238	0.1142718879	-0.083835699	0.0606788123	-0.1322927547	-0.0488530114	-0.0558358114	0.0507886625	-0.057192528	-0.1043726907	-0.168823793	-0.0136064908	-0.0082588111	0.0184589296	0.0560619957	0.1738563769	0.0198864346	-0.0631033399	0.0565962811	-0.0641647456	0.0011762947	-0.0008849865	0.1018088035	0.0536757342	-0.0823378467	0.1335678036	0.0635648511	-0.0766124606	0.0406534578	0.1907843688	0.0794842494	0.2292745818	0.1256546032	-0.0525309494	0.0567770369	0.0490873994	0.0847209643	-0.0305482847	0.1795862022	0.0013970952	-0.007320482	-0.0419724419	-0.0791765293	0.0359485706	-0.0087340753	0.0381389996	-0.0533059239	0.1804660563	0.111701842	-0.0576113129	-0.0369368459	-0.0251797951	0.0279257059	0.047993477	-0.00913274	-0.0739108505	-0.0262084478	0.1418500556	-0.1062501201	0.0562272787	0.1596527525	-0.0195342522	0.0222493049	0.0848694405	-0.0228074213	0.1172664342	-0.0945532878	-0.1438284332	0.0043665438	0.017778458	0.0922206761	-0.0526742706	-0.0404670845	-0.0353097522	-0.006450446	-0.206470484	0.0950236628	-0.0244731377	-0.1276112343	0.0762632344	-0.1706688747	0.0542183692	0.0453541	-0.0090596857	-0.0373766952	0.1212106222	-0.0255656993	0.129237392	0.082202822	-0.0542077885	0.0135076161	-0.1406593527	0.0191065359	0.0410292903	0.1495356137	-0.0697469029	0.000613556	0.0093604582	0.1014380724	0.1617957102	0.1292328877	0.1027551049	0.0238626734	0.1240088747	-0.1408616196	-0.0080843716	-0.0567459911	0.0014580008	-0.1419785623	0.0047451364	-0.121846939	0.1212463817	0.1386039811	-0.0333920062	-0.0022770347	0.0862592203	-0.1088808976	-0.0546359691	-0.1421399292	-0.1267785644	-0.039176343	0.0214010711	-0.0146572768	0.036889433	-0.0031992734	0.1084946906	-0.0996802395	-0.0486008445	-0.089802651	0.117332818	0.0	0.0100099362766457	-0.0018167995879707	0.0001001988242625	3.300760742850508e-06	-0.0271005084255619	-0.0264790819161504	0.0007011417791222	0.0007344375569239	0.0681576281900575	-0.0188498120022658	0.0046454622804941	0.0003553154125207	2.90120908054975e-05	0.0001109868043058	1.2318070730016789e-08	8.417014129064324e-10	0.0018559990759228	0.0001639935961298	3.4447325698262875e-06	2.6893899571583997e-08	-1.3026986433046656e-05	1.6903349793871254e-05	2.8572323425396737e-10	1.6970237552678162e-10	0.0	0.0	0.0	0.0	0.0	0.0	0.0	0.0	0.0	0.0	0.0	0.0	0.0	0.0	0.0	0.0	0.0	0.0	0.0	0.0	0.0	0.0	0.0	0.0	0.0	0.0	1.0	0.0	0.0	0.0	0.0	0.0	0.0	0.0	0.0	0.0	0.0
5039.412430511203	-3.717676555432263	13.821118970810694	25395677.64479083	10807.561891545904	22.04505153517493	485.9842971885187	116803394.03959528	4965.927380377231	-0.7365758252417436	0.5425439463305556	24660434.74718027	5451.6614972842135	7663.315747038412	1.301544	26.433231	0.0528799012670836	0.0317015822414077	0.0297033476	0.1178925112	-0.0498384206	-0.0160738057	0.0995101127	0.1075738198	0.067747882	-0.0252169323	-0.03567239	0.0435374989	-0.0235249574	-0.0034848242	0.0715031386	0.0685579923	-0.0393099827	-0.0539380849	-0.029512419	-0.0136761002	0.1674517245	0.0799637114	-0.0993287311	0.221197792	-0.0461118499	0.127818539	-0.0627428145	0.0045938074	0.1346761494	0.2881129575	-0.0305764048	-0.1204678152	0.0968355623	0.0192909056	-0.1287795742	-0.0370831059	0.0123939617	-0.0783512458	0.0512947914	-0.0550468877	0.1209022016	0.1071781476	0.183600093	0.0059885314	-0.121041212	0.0367695312	-0.0710506299	-0.1868241591	-0.0285644728	-0.0908262215	-0.0903260972	0.0404291238	0.0139741183	-0.0693044738	-0.0047380748	-0.1282493538	-0.0386975436	0.093866377	-0.0283237303	0.150568003	-0.1214862944	-0.0079100489	-0.0374916711	-0.044467842	-0.03628405	-0.0105426609	-0.0525225718	-0.1097702796	-0.0373255821	0.081508332	0.0257721012	0.0515146051	0.0714918073	-0.0359239569	0.0839236802	0.1431231663	0.0166588445	-0.1790993947	-0.0872876515	0.1102354508	0.032892027	-0.0760307453	0.1333758769	-0.1497845473	-0.1037579487	0.186686483	0.0749309755	0.1935273283	-0.0223793869	0.0235579008	-0.2586393822	0.0824062244	-0.038700963	-0.0539954063	0.1175898662	-0.007917899	-0.0494461279	0.0526256812	-0.1204727804	-0.1052549954	0.088225094	-0.1008700633	-0.0789256809	0.010144602	0.1076054359	0.0051633715	0.0140096302	0.1313576697	-0.0202171199	-0.0979785427	0.0190879986	0.0248227388	0.0522373991	0.0610848677	-0.0723252792	0.0888500306	0.0498738965	-0.0995314537	0.0338422539	-0.0722677127	-0.0424645269	-0.071288519	-0.1239373293	-0.0730431951	0.0819204709	0.1315846826	0.0757255022	-0.0552090464	-0.0515576061	-0.0851389603	0.1206844814	-0.0128483897	0.0138778156866834	0.0038678794100376	0.0001925937682335	1.4960491130593582e-05	-0.0005258025437768	0.0265747058817851	0.0007062149927033	2.764683150421537e-07	0.0703879109860494	0.0022302827959919	0.00495445801298	4.974161350097498e-06	-0.0003449801346374	-0.0003739922254428	1.398701846917311e-07	1.1901129329443865e-07	0.0018350068796511	-2.0992196271700124e-05	3.3672502483668664e-06	4.4067230430958054e-10	-2.2183228303828344e-05	-9.156241870781689e-06	8.383676519625577e-11	4.920956179797708e-10	0.0	0.0	0.0	0.0	0.0	0.0	0.0	0.0	0.0	0.0	0.0	0.0	0.0	0.0	0.0	0.0	0.0	0.0	0.0	0.0	0.0	0.0	0.0	0.0	0.0	0.0	0.0	0.0	0.0	0.0	0.0	0.0	0.0	0.0	0.0	0.0	0.0
5033.231791361522	-6.180639149681156	38.2003002985714	25333422.265572317	10774.995841387024	-32.56605015887908	1060.547622950628	116100535.38190769	4963.11576733558	-2.8116130416510714	7.905167895982389	24632518.119975045	5452.341058516575	7613.286138660816	1.264657	25.684099	0.0437873577576416	0.0220009252904827	-0.1166161143	0.043471305	-0.0199741019	0.1323703789	0.0669918835	0.0195008215	-0.0452807534	0.0999725592	-0.0440790727	0.0626140871	0.0758649088	-0.0210269391	0.1401490861	-0.0516153471	-0.0156624079	-0.0662898994	-0.032542373	-0.0064697559	-0.0493231587	0.0018979137	-0.1176919866	0.0713453472	-0.0296447436	0.2195630608	0.0481768568	0.1329848584	-0.0598362053	0.0075831036	0.1223953635	-0.1381844813	-0.0346595859	0.0229445562	0.1422872316	0.1122281199	-0.0963751933	0.0993107849	-0.0522128521	-0.0740651871	-0.0189762322	0.042326261	-0.0109148773	0.0260835017	0.0676658989	0.1647414207	0.0624689877	0.1597331792	-0.0489798784	-0.1186273161	0.0191433822	-0.1112357337	0.0014132587	-0.039662823	0.1257712788	0.0844320587	-0.0645597282	-0.132750916	0.0214037693	-0.0132019564	-0.0333390037	-0.1577615544	-0.0576740797	0.0133125553	0.0511470364	-0.016044785	-0.0754982462	-0.0278928775	-0.1161362434	0.009203775	6.33917e-05	0.0747751313	-0.0709630215	0.1884433775	0.0125738662	-0.0137468653	-0.0579040875	0.0918241791	0.0071007207	0.0656825762	0.1591152092	-0.1313419605	-0.1277015377	-0.079460162	-0.0752577696	-0.0348205005	-0.0234634167	0.0294580843	-0.0945707867	-0.0404826241	-0.0340990878	0.0655651817	0.1923723917	0.0078297744	-0.0681151102	-0.0213517718	0.0933227359	-0.1157184673	-0.0559743691	-0.0197248975	-0.0647566219	0.1115477667	-0.1480732666	0.1107705301	0.1166449128	0.1071811367	0.0113901411	0.0194444619	0.0743617184	0.0086562149	0.0960042066	0.0390775631	0.0314464702	0.0555385338	0.0385207334	-0.04039427	0.1262719456	0.0078106868	0.0970901437	-0.0579539376	-0.0375672647	0.0227708193	-0.1398917	-0.0185930067	0.0786970984	0.0143699623	-0.0891821836	0.102229946	-0.0544812754	-0.0802567191	0.1233392918	-0.0255649376	0.0302572637973952	0.0163794481107118	0.0009155020125051	0.0002682863204115	-0.0060283653672854	-0.0055025628235086	3.027819762665893e-05	3.634118900148604e-05	0.0758359479458619	0.0054480369598124	0.0057510910008474	2.968110671548299e-05	-0.0002319630716143	0.0001130170630231	1.2772856534367361e-08	5.380686659274088e-08	0.0016420038469475	-0.0001930030327036	2.696176633390389e-06	3.7250170632786896e-08	-4.53093298493023e-05	-2.312610154547396e-05	5.348165726915729e-10	2.0529353713928766e-09	0.0	0.0	0.0	0.0	0.0	0.0	0.0	0.0	0.0	0.0	0.0	0.0	0.0	0.0	0.0	0.0	0.0	0.0	0.0	0.0	0.0	0.0	0.0	0.0	0.0	0.0	0.0	0.0	0.0	0.0	0.0	0.0	0.0	0.0	0.0	0.0	0.0
5031.943713693463	-1.2880776680585768	1.6591440789512213	25320457.53777916	10749.395046095771	-25.600795291253235	655.4007195446538	115549493.8570283	4962.663841803749	-0.451925531830966	0.2042366863207015	24628032.406746347	5446.272881760061	7541.890766529256	1.275484	25.903975	0.0238082056942933	0.0100856664307298	-0.0162640373	-0.1230466738	0.1648591936	-0.0217830699	-0.0969219901	-0.1756873397	0.0042348844	0.0886789795	-0.0233338857	0.0136032842	0.153174701	0.0589211637	0.0317188183	-0.0510501353	0.134305576	0.1114332621	-0.0661568104	-0.150418522	-0.0036413989	0.0621634156	0.0818407396	0.0161203273	0.0271204101	0.0492573366	-0.0947586572	0.0864480642	-0.1183212043	-0.0028399607	-0.0893566687	0.0313399796	-0.1614759504	0.2082213959	0.059763313	-0.0280299867	0.0211369987	0.0091774561	0.0927817327	-0.0391871955	0.0644892896	-0.0481338755	0.0583133589	-0.0274236841	-0.062929357	0.029409697	0.0220160659	-0.0857004084	0.1381700174	0.1155631011	0.0381199934	-0.0239590073	0.0620528414	-0.0924606825	-0.0032857542	-0.0080356547	0.0355069607	-0.184788874	0.02068899	0.0491087437	0.1253349186	0.024645541	-0.0412213438	0.1144240414	0.1133836161	0.0674485849	-0.0206127402	-0.0157914815	-0.0108401964	0.2226801902	0.082019962	-0.023512339	-0.0814730661	0.0722088266	0.0409724651	-0.0223222948	0.0143691066	0.0150420114	0.058775352	0.1516310768	-0.1294901434	-0.0740760957	0.0018121738	0.0833569088	0.1155475233	0.0094586399	0.0353300237	0.0664966965	-0.0008712614	0.0012564898	-0.0252623357	-0.0122270084	-0.0279378726	-0.0897696313	-0.0058472032	-0.0782199173	-0.0125100108	-0.0530618539	0.034205274	-0.0079875508	0.2189128592	0.0150345557	0.1310657328	-0.0028615458	0.0750597016	-0.0492895589	-0.0466643655	-0.094804447	0.1060811418	0.0058584245	0.0289717739	0.1153837998	-0.0228208382	0.0959152041	0.0472070108	-0.0109984032	0.1286160385	-0.1020833752	0.0650318449	-0.0781697099	0.0113139151	0.0229080475	-0.0848184179	-0.0599186413	0.0402025553	-0.0901103369	-0.0230392511	-0.0384209895	-0.0573699759	-0.0751684601	0.1252819198	-0.0380191546	0.0273135686929322	-0.002943695104463	0.0007460310347435	8.665340868039435e-06	-0.0106893516348378	-0.0046609862675524	2.1724792986312056e-05	0.0001142622383732	0.0772963814842171	0.0014604335383551	0.0059747305905536	2.1328661199526626e-06	-0.0001585455548246	7.34175167897e-05	5.390131771565882e-09	2.5136692954640248e-08	0.0017669981945149	0.0001249943475674	3.122282619418916e-06	1.5623586923799995e-08	5.114062147205369e-05	9.6449951321356e-05	9.302593109891942e-09	2.615363164547879e-09	0.0	0.0	0.0	0.0	0.0	0.0	0.0	0.0	0.0	0.0	0.0	0.0	0.0	0.0	0.0	0.0	0.0	0.0	0.0	0.0	0.0	0.0	0.0	0.0	0.0	0.0	0.0	0.0	0.0	0.0	0.0	0.0	0.0	0.0	0.0	0.0	0.0
5039.195270006934	7.251556313471156	52.58506896744338	25393488.969260257	10759.301390969074	9.90634487330317	98.13566874881998	115762566.42170906	4963.666787570898	1.002945767148958	1.0059002118420122	24637987.9780344	5441.915369004826	7540.003400689633	1.401074	28.454611	0.0409398624521747	0.0193560904419497	0.1061880659	0.0478603728	-0.1074021003	-0.0715774623	0.0672218545	-0.0839371008	0.0423408749	0.1251327807	-0.1286583993	0.1200016263	-0.1304692245	0.0054380737	0.1008640679	0.1332604864	0.0655370004	0.0403594434	-0.0866551152	-0.0100484831	0.0385237928	-0.0589235294	-0.0820469937	-0.075616182	-0.0655665528	0.028682824	0.0007785919	-0.0693208568	0.0322895058	-0.0019511663	0.0731258618	-0.0792157499	-0.0264921494	-0.0732570529	-0.0522471674	-0.0264354505	0.1632260368	0.018357401	-0.1439668555	-0.069923755	-0.0069252986	-0.1554031923	-0.0051208053	0.0540994323	-0.0272965065	-0.0976288694	0.0989021025	0.0681817215	-0.0184990059	0.0945787256	0.0057705938	-0.1128981889	-0.0668825546	0.1000708062	-0.0313168449	-0.0545939408	-0.0237624904	-0.2182826508	-0.0745990778	-0.080322365	-0.0950221782	0.1230299266	-0.1273364224	0.0840534239	0.053999279	0.0020329104	-0.1538788231	0.0136805271	0.0352309643	0.0833084533	0.0108458199	0.0236032313	0.0279765603	0.0274943839	-0.0092424263	0.0109569897	0.0667119571	-0.1089343337	0.0998968617	0.0008768329	0.091609217	0.0638042025	-0.0652971841	0.0284224476	-0.0019956033	0.078426009	0.0126299175	-0.0352207204	0.1659304545	-0.0276636637	0.1240657716	0.0571640728	-0.041903465	0.1646372001	0.0227700832	0.0051623706	-0.0058319335	0.0057040587	0.1171463535	-0.0420876593	-0.1215562666	0.0435698348	0.0014362453	-0.0167542241	0.0498101987	-0.0936774948	0.0719726951	0.0903862527	0.0095305797	0.0897087981	0.0928777373	0.1072273653	-0.0383954307	-0.0793423503	-0.0567018916	-0.0052661663	0.1304104442	-0.0661164607	-0.0080036715	-0.0421667027	-0.0871173893	0.1546294066	0.025143093	0.0407899164	-0.1069630362	-0.2352303323	-0.1499087971	0.0218343618	-0.0602218536	-0.0698872447	0.1265011483	-0.0500832437	0.0275521596147996	0.0002385909218673	0.0007591214994393	5.6925627997535164e-08	-0.0005617774052382	0.0101275742295996	0.000102567759776	3.1559385303616485e-07	0.0687365871944578	-0.0085597942897592	0.0047247184191413	7.327007828299584e-05	-0.0004680612468187	-0.0003095156919941	9.579996359058657e-08	2.19081330773476e-07	0.0016589835000864	-0.0001080146944284	2.7522262535589222e-06	1.1667174212482224e-08	7.388829526842254e-05	2.274767379636885e-05	5.17456663146006e-10	5.459480177673592e-09	0.0	0.0	0.0	0.0	0.0	0.0	0.0	0.0	0.0	0.0	0.0	0.0	0.0	0.0	0.0	0.0	0.0	0.0	0.0	0.0	0.0	0.0	0.0	0.0	0.0	0.0	0.0	0.0	0.0	0.0	0.0	0.0	0.0	0.0	0.0	0.0	0.0
5044.567045756414	5.371775749479639	28.855974702697534	25447656.679131597	10760.491964231502	1.190573262427279	1.417464693206734	115788187.31229071	4969.901454459488	6.234666888590255	38.871071211683685	24699920.46703854	5452.450562845247	7588.245309331276	1.620994	32.92099	0.0436229879651187	0.0260630716238212	-0.1188584099	0.0828161752	0.0226713641	0.1168523615	0.0905328268	-0.0002570088	0.0915833271	0.1424891155	-0.0305851014	0.089496272	0.0245235475	-0.0557165174	0.0105775974	-0.1134021112	0.0070196509	-0.0791667472	0.1463726544	-0.0659764866	0.0578845643	0.0216774563	-0.1812648113	0.0236529568	0.0965612525	0.028011269	0.0013338652	-0.023442627	0.089336407	0.1405050698	0.0289941451	0.1014799741	-0.0570520808	0.0544998395	-0.0543881898	-0.133937178	0.017509097	0.0086262384	-0.0655578146	0.0269605456	0.003683387	-0.0452647497	-0.0972238555	0.0416759202	0.1378161859	-0.2002599163	0.0077476715	0.0267282472	0.0049025773	0.0680622099	-0.0309605335	-0.0337588379	0.1226011361	-0.1202499975	0.1083495537	-0.0088390787	0.201071001	0.0324030462	-0.0560265541	-0.0315784382	-0.0234071355	-0.0974041039	-0.1282982127	0.0649691515	-0.028860516	-0.0157811841	0.0623987302	0.1777396182	-0.0840144443	-0.0988017819	0.0522013563	-0.0386557173	0.0885210446	0.1207118257	-0.0081214749	0.0510263276	0.0539394248	-0.1876165038	-0.0866594971	0.0115212187	-0.0232335523	-0.0435854097	0.1233544662	0.0449867636	-0.0318214753	0.0415721936	-0.0314380238	0.0796989597	0.0598641131	-0.0546714063	0.0555214381	-0.0866817499	0.0508837318	0.0621821932	-0.1115714034	0.1132238263	-0.1013228015	-0.0553424734	-0.1465604424	0.1804626696	-0.0893347767	-0.0770640188	-0.0013778189	0.0292380651	0.079649563	0.1447159209	0.0624498162	-0.0447538233	-0.0660443296	0.1343184265	0.0324829382	-0.0675320707	-0.0400393439	0.0198022772	-0.0028548008	-0.1185648005	0.0430832688	0.115127407	0.1603395532	-0.0201660775	-0.0877703707	0.053419871	-0.0801719014	-0.019151995	-0.1479866876	0.0885143343	0.0657196766	0.0413024059	-0.0630350779	-0.0644266298	0.1269899372	-0.0616334109	0.0220330511801307	-0.0055191084346689	0.0004854553443062	3.0460557913633396e-05	0.0230221294802959	0.0235839068855341	0.0005562006639855	0.0005300184458075	0.0631467618156378	-0.0055898253788199	0.0039875135278008	3.124614776570011e-05	-0.0004469536609713	2.1107585847400024e-05	4.455301803053618e-10	1.9976757505564777e-07	0.0016320115414014	-2.6971958685000075e-05	2.663461671267373e-06	7.274865553053508e-10	-5.663510552109214e-05	-0.0001305234007895	1.7036358153660283e-08	3.207535177385241e-09	0.0	0.0	0.0	0.0	0.0	0.0	0.0	0.0	0.0	0.0	0.0	0.0	0.0	0.0	0.0	0.0	0.0	0.0	0.0	0.0	0.0	0.0	0.0	0.0	0.0	0.0	0.0	1.0	0.0	0.0	0.0	0.0	0.0	0.0	0.0	0.0	0.0
5048.159831372025	3.59278561561132	12.908108479743609	25483917.683078032	10794.915950478668	34.423986247165885	1185.010829145066	116530210.37789875	4964.91274053191	-4.988713927578829	24.887266651218983	24650358.52109608	5443.001658732405	7588.534522664671	1.42179	28.875334	0.0238233646186644	0.0132352759177468	0.038087066	-0.1178200362	0.1714590637	-0.0952196316	-0.1106779242	-0.0311334905	0.0421100914	0.0339031466	-0.0090620371	0.1652323726	0.1487975442	0.023611021	0.0208927732	0.1001030861	0.0915362133	0.180001009	0.0984072505	0.0509855698	-0.0867987448	0.0991142259	-0.1052653329	-0.072375949	0.0090561904	-0.0053967554	0.0244622937	-0.1700196151	0.0303829815	-0.0037974504	0.0067039575	0.109192569	-0.0542928373	0.1464828139	0.0982786277	-0.0519565706	-0.015808528	-0.1439968153	-0.1904851285	-0.1277844026	-0.0581180302	0.0029521946	0.0254162123	0.0532953384	0.0406755569	-0.0195088338	-0.1383050165	0.0539817126	-0.1252394694	-0.0575436232	0.0640771576	0.1047368112	-0.0389303136	0.1203565627	0.1895401211	0.0593191962	0.019259207	0.1483231942	0.0221230155	0.1282567697	0.1052485044	0.1666306611	-0.0894228294	0.1207002632	-0.0464542102	0.0491350637	0.0891124602	-0.0259607185	0.0731090793	-0.0429166784	0.1000631521	0.0496888718	0.0496578371	0.0604930712	-0.0142608989	-0.1438428468	0.0800351883	-0.0295372512	0.0650658579	0.0209603701	-0.2014655402	0.0553528501	-0.0722232913	0.0492119952	-0.1387127211	0.0095524078	0.0565320113	-0.0135073034	0.1284833913	-0.0500552662	-0.020156273	-0.1134578508	0.2304169883	0.120514244	-0.0071741078	0.0157481609	0.008204991	0.0688120797	0.0541019126	-0.0098604519	-0.0400918192	-0.0015885625	-0.1528381454	-0.0835505889	0.0791659268	-0.0831219193	0.0095586433	-0.1994433092	-0.1087314779	0.0708111966	-0.1336904487	0.0553147226	-0.1469729294	0.0442689693	-0.0465298653	-0.0153531678	-0.0681484337	0.1033822594	0.1230161453	-0.0276804448	0.0189883868	0.1073654778	0.0771576266	-0.1177529455	-0.053407247	-0.054703323	0.0773583787	0.1409366082	-0.0658078432	-0.0588006326	0.1267454643	-0.0725511359	0.019695689493389	-0.0023373616867417	0.0003879201846199	5.463259654648011e-06	0.0190793333251804	-0.0039427961551154	1.554564152079356e-05	0.0003640209601333	0.0625255307187799	-0.0006212310968578	0.003909441991665	3.859280757032653e-07	-0.0003859956566269	6.095800434439996e-05	3.715878293651884e-09	1.489926469348317e-07	0.0018579993058498	0.0002259877644484	3.452161420538339e-06	5.10704696803856e-08	-5.141360714904571e-06	5.149374480618757e-05	2.651605754164769e-09	2.6433590000764038e-11	0.0	0.0	0.0	0.0	0.0	0.0	0.0	0.0	0.0	0.0	0.0	0.0	0.0	0.0	0.0	0.0	0.0	0.0	0.0	0.0	0.0	0.0	0.0	0.0	0.0	0.0	0.0	0.0	0.0	0.0	0.0	0.0	0.0	0.0	0.0	0.0	0.0
5047.677489422241	-0.4823419497843133	0.232653756521733	25479048.037220016	10782.650901675845	-12.265048802823005	150.43142213563	116265560.4674109	4968.006397245396	3.09365671348678	9.570711860901826	24681087.563071184	5446.181059492395	7659.443123422018	1.260726	25.604259	0.0330189353935625	0.0162596575613899	0.0546087953	0.0773784939	-0.1116833994	-0.0665744166	0.0866388417	0.0370776736	0.0688107884	-0.0730147485	-0.0740311532	0.1908987685	-0.0717028188	-0.0159131756	0.073049853	0.1023500328	0.0222144508	-0.0284427919	0.0234952115	0.0853402499	0.0255045506	-0.0588270803	-0.0633021173	0.0465906395	0.1715104006	0.1170436822	-0.049122582	0.0358576229	-0.0609554875	-0.0434425745	-0.1807912712	-0.0616948312	-0.0830897013	-0.1825071033	0.024067344	0.0490837557	0.035957551	-0.0755407688	-0.0499749914	0.1437695757	0.0837616362	0.0260878264	0.0175152572	0.0980313757	-0.0445206128	0.0401673246	0.0254166135	0.1083076319	-0.0712861445	-0.0226666299	0.0297847311	0.0037956103	0.004946947	0.1030042416	-0.0681737802	-0.0600945677	-0.1449711025	0.117105517	-0.1013702359	0.0387746215	-0.1174509281	0.0953990834	-0.12158721	0.0332745304	-0.1173387733	-0.1120441183	-0.0605651352	-0.0129931276	0.0169892715	-0.0754630444	0.0407192999	0.03797191	0.0761004965	-0.0696589112	0.0325641795	-0.0753914908	0.0164185158	-0.0298879016	-0.0025838929	0.1443578816	0.0458917185	-0.0182254103	0.0418080983	-0.0619328357	0.0065245402	-0.0711506362	-0.2181864728	-0.0646437322	-0.0858429954	0.0491409468	0.0051115558	-0.0225665138	-0.0090051491	-0.0501890709	0.036051429	0.0624616645	0.0320536855	-0.0318932052	0.1254189607	-0.0348470531	-0.0729041496	0.0380754816	-0.0850763225	-0.0663636934	0.0724660964	-0.0334873574	0.1225021175	0.0076198249	-0.2046768966	0.0288039976	-0.0181928671	0.0506916579	-0.096593875	-0.1011420714	-0.1270718047	-0.0110983725	-0.1044472853	0.1175949571	-0.0015853746	0.0198379271	-0.0010517698	0.0344072746	0.126520918	0.0294645253	-0.0817945665	-0.0403873255	-0.1445622329	0.1051883269	-0.0685383697	-0.053023695	0.1257691411	-0.082724388	0.0187772310334821	-0.0009184584599068	0.0003525844052847	8.435659425745505e-07	0.0058283734623216	-0.0132509598628588	0.000175587937287	3.396993721629467e-05	0.0654330879104492	0.0029075571916692	0.0042814889934965	8.453888822827847e-06	-0.0002810422911268	0.0001049533655001	1.101520892979759e-08	7.8984769401801e-08	0.0016989936535543	-0.0001590056522955	2.886579434817789e-06	2.528279746191744e-08	4.97388190720468e-05	5.488017978695137e-05	3.011834133448105e-09	2.4739501226818062e-09	0.0	0.0	0.0	0.0	0.0	0.0	0.0	0.0	0.0	0.0	0.0	0.0	0.0	0.0	0.0	0.0	0.0	0.0	0.0	0.0	0.0	0.0	0.0	0.0	0.0	0.0	0.0	0.0	0.0	0.0	0.0	0.0	0.0	0.0	0.0	0.0	0.0
5044.577850717546	-3.099638704694371	9.607760099639398	25447765.69195006	10775.182791754372	-7.468109921472205	55.77266579919159	116104564.19571956	4967.991935503668	-0.0144617417281551	0.0002091419738118	24680943.871229485	5450.9148174158345	7623.325122740211	1.404339	28.520905	0.0793842801373815	0.0370701724841644	-0.1320758757	0.0227484562	-0.064548186	0.1315747781	0.0466296012	0.0213345548	0.079599347	-0.0653681754	-0.1109200474	0.0464348364	0.0195127356	-0.0483100212	-0.0124641568	-0.0788748571	-0.004167915	-0.1433700945	0.0716112959	0.0287338688	-0.063819576	0.0421996376	0.0437527482	0.017124702	0.0844817583	0.1825026823	-0.0301464328	-0.1056223578	0.0735952639	0.0927648276	0.0498190192	0.0447977253	-0.0293284406	0.0447716537	-0.0570830059	-0.142592401	-0.0504182171	-0.1039758273	0.0148182479	0.0974226083	0.0134456727	0.014600425	-0.100588879	-0.018398019	-0.0042604945	-0.078146788	-0.0414759889	-0.0549525947	-0.0879589765	-0.021099331	-0.2082338795	0.0634325311	0.0748843169	0.0511965663	0.2426789879	0.1136956342	0.1586889963	-0.1099979949	0.1032347679	-0.0375488069	0.0355717712	-0.102557829	-0.1037483209	0.019312754	-0.0362780799	-0.1033691926	0.0386600721	0.0504833021	-0.0672376375	0.0003406639	-0.079727643	0.0515127647	0.0183460888	0.04836847	0.0513193221	-0.0957506635	0.0100055622	-0.2273786783	-0.0430293705	-0.0879687086	-0.1030055658	-0.0615350506	0.0115866235	-0.0228992343	0.0121538493	-0.0308254111	0.0082159487	-0.0756780958	-0.0506413028	0.1282540639	-0.0495921103	-0.0237691096	0.0165857657	0.0072593224	-0.181950208	0.0978891118	0.1856409679	0.0842946065	-0.1761066381	0.1088005724	0.0446121046	0.1006369004	-0.0317252188	0.0039135252	0.1583471033	0.1282689284	0.0553251678	-0.0874219466	-0.085695337	-0.0927087723	0.0672672672	-0.0015861297	-0.0220986113	-0.0109105948	0.0625533752	-0.0885292936	-0.0206235125	0.0655827974	0.0475903072	-0.0348466121	-0.1457581597	0.0126891209	-0.0349123631	0.093188308	0.0413385254	-0.0114423682	-0.0244579403	0.2597729577	-0.071224905	-0.0471106464	0.1240666051	-0.092048776	0.0175854924468268	-0.0011917385866553	0.0003092495445974	1.4202408589231767e-06	-0.0162023076371582	-0.0220306810994798	0.0004853509097069	0.0002625147727691	0.0840573459251601	0.0186242580147109	0.007065637403982	0.0003468629865985	-6.596990710083857e-05	0.0002150723840259	4.6256130370610626e-08	4.352028642893271e-09	0.0021570055176851	0.0004580118641308	4.652672803323967e-06	2.0977486768457044e-07	-2.792898150190284e-05	-7.766780057394964e-05	6.032287245994811e-09	7.80028007733631e-10	0.0	0.0	0.0	0.0	0.0	0.0	0.0	0.0	0.0	0.0	0.0	0.0	0.0	0.0	0.0	0.0	0.0	0.0	0.0	0.0	0.0	0.0	0.0	0.0	0.0	0.0	0.0	0.0	0.0	0.0	0.0	0.0	0.0	0.0	0.0	0.0	0.0
5041.216094808772	-3.3617559087742848	11.301402790178818	25413859.714559007	10790.898374251134	15.715582496761272	246.97953321250924	116443487.72341576	4963.960917369753	-4.031018133915495	16.24910719595556	24640907.989174355	5444.7364481314335	7610.03676820549	1.360547	27.631538	0.0397426146218422	0.0241631095387896	0.0351579022	-0.1043282391	0.1291234096	-0.0743483962	-0.107616755	-0.0300537182	0.0530717983	-0.0696412854	-0.0695751759	-0.011896793	0.2256939911	0.0358812008	0.0103144347	0.0875321467	0.0365658894	0.04028919	0.086719358	-0.0523520327	-0.0671196652	-0.0164155121	0.1057638426	0.0463907497	0.0495383086	0.054491793	-0.1229103763	-0.1688469178	-0.1979213237	-0.0093348648	-0.0288505639	0.1259625645	0.0630218777	0.0170488362	0.0853133356	-0.1565650672	-0.0024865315	0.085763302	0.1761504905	0.0836849702	-0.1194515253	-0.0062006783	-0.0284640764	-0.0215304979	0.1866193237	-0.0694089776	0.0957476707	-0.0874751307	-0.121150925	-0.0698023663	0.2015332086	0.1801743023	-0.1284939227	-0.0231327974	-0.2058171231	0.1020714104	-0.0214810689	-0.1340403488	0.0445643159	-0.0051060362	0.1053187172	0.120422009	-0.0636145481	0.0724219184	-0.0260877217	0.065862779	0.1209596492	-0.0929381199	-0.1054710491	0.0596300427	0.0874755142	0.0029348811	-0.1083429381	0.0326868268	-0.0424347334	-0.1337310429	-0.0524261424	-0.0557800834	0.1484238371	-0.0883605688	-0.1687075748	-0.0147334325	0.0789254504	-0.0926552408	0.2342578602	-0.0338683927	-0.0103753592	-0.0359679047	-0.0665884734	0.1556192765	0.0521804225	-0.027529414	-0.0229029649	-0.0394426953	0.1078286829	-0.0812571996	0.0598065579	-0.1395193839	-0.103287392	-0.0168224764	-0.032208484	-0.1986661655	0.098950324	0.0770980229	0.1043169389	-0.0670969128	-0.0412312997	-0.1316223714	-0.0644907325	-0.1390774601	-0.0755549334	0.0420598667	-0.0615176021	0.0887461548	0.0409179211	-0.0564771126	-0.0522451276	0.0044802123	0.161180617	-0.0565772479	0.0162204288	0.1161155565	-0.0007103291	-0.0621328235	-0.0392820244	-0.0805586802	-0.0706220853	-0.0118740162	-0.0738657246	-0.0410766654	0.1216476871	-0.100428619	0.0192950111766094	0.0017095187297826	0.0003722974563054	2.9224542874775227e-06	-0.0173689833706873	-0.0011666757335291	1.361132267205666e-06	0.0003016815833312	0.0701447990756776	-0.0139125468494825	0.0049202928373671	0.000193558959839	-3.0938817236376723e-05	3.5031089864461843e-05	1.2271772570920014e-09	9.572104119859215e-10	0.0017740025121277	-0.0003830030055574	3.1470849130353904e-06	1.4669130226600181e-07	-6.89723522610025e-05	-4.1043370759099664e-05	1.684558283268917e-09	4.757185376415817e-09	0.0	0.0	0.0	0.0	0.0	0.0	0.0	0.0	0.0	0.0	0.0	0.0	0.0	0.0	0.0	0.0	0.0	0.0	0.0	0.0	0.0	0.0	0.0	0.0	0.0	0.0	0.0	0.0	0.0	0.0	0.0	0.0	0.0	0.0	0.0	0.0	0.0
5049.544176869116	8.328082060344059	69.35695080382455	25497896.3941528	10760.386079303958	-30.512294947175175	931.000142943412	115785908.5756784	4968.28484238998	4.323925020227762	18.69632758055165	24683854.27512203	5445.876124095047	7603.449724363533	1.260514	25.599949	0.0589678557187974	0.0273200376336652	0.0530448185	0.0817168354	-0.0484575138	-0.0728083348	0.0951303586	-0.0129207527	0.1101283503	-0.0540941787	-0.0888127952	0.0892155553	0.0860991772	-0.0434131743	0.0476662026	0.09976211	-0.0184010334	0.0330042422	0.0335315049	-0.0553860891	0.14296666	0.0938862859	0.0219683092	0.1020144764	0.0449971533	-0.1026975343	0.0516099331	0.0419803126	-0.2300740608	0.1345888228	0.1284718947	-0.0281873104	0.0024503328	-0.022493815	0.0744932844	0.0082645275	0.0892115518	-0.1124459577	0.0011923753	0.0705879351	-0.211192579	0.0384193271	0.0392365907	0.0496469572	-0.1461493369	0.0282163538	0.0124120757	-0.0146743774	0.0269528069	-0.0418387392	0.0298242924	-0.0783846774	-0.2525019824	0.0058340611	-0.0666665995	0.0346241022	0.0102238797	0.1369171226	0.0802779436	0.1299613057	-0.08003953	0.0875384393	-0.1701478522	0.0491478999	-0.096969173	0.0222040658	-0.0068037071	-0.0764381147	0.0427192716	0.0905746098	0.0616012168	-0.0764215996	0.0682625025	-0.0852899927	-0.0821476313	0.1274513431	-0.0471925277	0.0226669767	-0.0110704081	-0.028982098	-0.0393682323	-0.2645797441	0.005016603	-0.0976418752	0.075005688	0.0248959689	-0.0250070405	-0.108748963	0.0678938547	0.0891582338	0.1137480187	0.0660724431	0.030531004	-0.056699219	0.0461905723	-0.1162397099	0.1382206069	0.0578664086	-0.0189809222	-0.1146531523	-0.1925298073	0.0583790046	0.0708435128	0.0481359051	0.071982192	-0.0152085455	-0.0107233678	0.1022374516	-0.1327162807	-0.1109100895	-0.0152021697	0.0303996503	-0.0803078689	-0.0776230855	-0.1450776482	0.0340417036	-0.0412380257	-0.0186349102	0.0927242582	-0.2726319233	0.082932258	0.1292408664	0.0278447758	0.0376409227	0.0992869215	-0.0769439231	-0.0766998644	-0.0500999241	-0.0764591335	-0.0349372413	0.1185263543	-0.1077779285	0.0255489384492619	0.0062539272726524	0.0006527482558841	3.9111606331626704e-05	-0.0005529329503985	0.0168160504202888	0.0002827795517376	3.057348476363901e-07	0.066839997082873	-0.0033048019928045	0.0044675852100384	1.0921716211645246e-05	-0.0003459599626105	-0.0003150211453741	9.923832203282453e-08	1.1968829572945857e-07	0.0020810104650326	0.0003070079529048	4.330604555575198e-06	9.425388314685725e-08	-3.91399298789956e-05	2.9832422382006905e-05	8.899734251784662e-10	1.5319341109326923e-09	0.0	0.0	0.0	0.0	0.0	0.0	0.0	0.0	0.0	0.0	0.0	0.0	0.0	0.0	0.0	0.0	0.0	0.0	0.0	0.0	0.0	0.0	0.0	0.0	0.0	0.0	0.0	0.0	0.0	0.0	0.0	0.0	0.0	0.0	0.0	0.0	0.0
5058.108771887672	8.564595018556247	73.35228783187848	25584464.348247018	10787.918211625649	27.53213232169037	758.0183101790675	116379179.34072432	4974.659422109689	6.3745797197088905	40.63526660292388	24747236.365984708	5458.671893899564	7661.199067278606	1.567144	31.827345	0.0451194535695555	0.0250664463031037	-0.1639244354	-0.0039628969	-0.1111503457	0.1875187438	0.0252309006	0.0746372316	0.1319087927	0.0221380856	0.0243730067	-0.0411485115	0.0071073759	-0.09872887	-0.1282593766	-0.2469076169	-0.0427686543	-0.063412853	0.0725263143	-0.0971330586	0.1606560758	0.0965607167	-0.1011821577	0.0440157247	0.0220368769	0.0306002828	0.0025044254	0.0625199985	0.1363936248	0.0230942315	0.1463416441	0.1030294656	-0.0425291564	-0.0863924674	6.77718e-05	0.0513727798	-0.0685999849	0.0442452491	-0.0352058298	0.0067379036	0.0996171664	-0.0225270867	0.0062305148	-0.0761029776	-0.0023194338	0.0332007457	0.1767702392	0.0197824665	-0.0367886651	0.0410285032	0.0576836283	-0.0917471955	-0.1390366818	-0.1034725957	-0.069351448	0.0660239587	-0.0639287033	0.0073835819	-0.0625156338	0.0124719667	0.07492767	-0.1752657637	-0.0962220638	-0.1046518459	-0.0602158801	-0.0148609365	0.0791143292	0.0958425516	-0.1569165481	0.0707776005	-0.1327132836	-0.1234804633	0.1187079255	0.0274268198	-0.0622900216	0.1090212224	0.0801360262	-0.0599493778	-0.0523505523	-0.0951290826	-0.0417682907	0.0120974876	0.0506783567	-0.0009931377	-0.1711136691	0.0224042883	-0.1148425086	-0.0449879651	0.001957897	-0.1469107483	-0.0285635683	0.0726829818	-0.1097531285	-0.0247257316	-0.0261675035	-0.0205325373	-0.0416767465	-0.1009884916	0.0284557516	-0.0790018434	-0.0836644977	0.0182743888	0.0900028077	0.116697215	0.0645322845	0.1452127276	-0.1472078335	0.0322457457	-0.0123606762	-0.0201502889	0.1197436185	-0.10678126	-0.1250316995	-0.0464442169	-0.0669433837	0.0120526888	-0.0646495945	0.0829480705	0.106856858	0.0570700474	0.0860183353	0.0216737685	-0.1369106889	0.0200942294	0.075272578	-0.1344566661	0.0363776629	-0.0449687371	-0.0790034671	-0.0287081337	0.1147206298	-0.1140212905	0.0251643161084302	-0.0003846223408316	0.0006332428052049	1.4793434506685437e-07	0.0222430317950284	0.0227959647454269	0.0005196560086747	0.0004947524634346	0.0697936165963497	0.0029536195134766	0.0048711489175982	8.723868230390316e-06	-0.0004827853088244	-0.0001368253462138	1.8721175366553596e-08	2.330816544166713e-07	0.0021640525477117	8.304208267909986e-05	4.683123429257499e-06	6.895987495682457e-09	-0.0001989774403824	-0.0001598375105034	2.5548029763925917e-08	3.959202178113155e-08	0.0	0.0	0.0	0.0	0.0	0.0	0.0	0.0	0.0	0.0	0.0	0.0	0.0	0.0	0.0	0.0	0.0	0.0	0.0	0.0	0.0	0.0	0.0	0.0	0.0	0.0	0.0	0.0	1.0	0.0	0.0	0.0	0.0	0.0	0.0	0.0	0.0
5043.413735895533	-14.69503599213931	215.94408281026972	25436022.111419737	10828.36237615872	40.44416453307167	1635.7304447781726	117253431.74940974	4976.060546752255	1.4011246425652644	1.96315026400364	24761178.564944346	5461.187808723797	7603.580375325804	1.586312	32.216629	0.0864802689560511	0.0438824519982272	0.070531484	-0.1197211722	0.0928257635	-0.0716885463	-0.1517229915	0.1096042575	0.0419110339	-0.0057787254	0.1397152982	-0.0567673788	0.0108308444	-0.0804750693	-0.1437790564	-0.0004898484	0.0447796541	0.0509272768	0.0045706777	-0.150233237	-0.0151753936	0.0248260927	0.0476542377	0.0137019313	0.1294626048	-0.1608496201	-0.1617087336	0.2575978479	0.0212250139	0.0620021701	0.0852319738	0.0209149462	-0.0750864837	0.0560660116	-0.038130456	0.0094127259	0.1986328	-0.0277095113	-0.0902956785	-0.0239483807	-0.0512855388	-0.0296450673	-0.0227983351	-0.0338925495	-0.0184579059	0.014156861	-0.0434097373	-0.0299072727	0.0307052022	0.0756003484	-0.0433461725	0.0617560867	0.0579268007	-0.0048747308	-0.0652520032	0.0424666124	0.0448383457	0.0349853874	0.1268585201	-0.1188889959	0.1031602615	0.0739290884	0.0633791311	-0.1677897971	0.0436648878	0.0444006883	0.1362237762	0.0182344408	-0.0442298863	0.0990368584	0.0504507863	-0.0867691027	-0.1107550764	-0.0253159872	0.0134888584	0.0547233814	0.1210917294	0.0527943308	-0.0106023596	0.093999061	0.032571827	-0.1946273578	0.1506566423	0.1774091135	-0.0628379706	-0.110977675	-0.1434450741	-0.0495371602	0.0902366216	0.0643608336	0.0778493198	0.0752794329	-0.1237536552	-0.0156718574	0.1160414902	0.1281213038	0.0482386695	0.0918587548	0.0465987788	0.1038352705	0.0365759338	0.0303741261	0.0125582633	-0.0091444185	0.0142275691	-0.1014615866	-0.1379645137	-0.0466433543	0.0708044752	-0.069993939	0.0322195487	0.0090211135	-0.1338735248	0.0793876828	0.0608949727	-0.0186554994	-0.0776804016	-0.0593161548	0.0632705641	0.0474128819	-0.0075675796	-0.0802993299	-0.0479126327	-0.1142364086	0.0172945556	0.0560119103	-0.0182873892	0.0023929227	-0.0814970925	-0.0224053327	0.1102524885	-0.1190946399	0.0255074862444644	0.0003431701360341	0.0006506318545115	1.1776574226573001e-07	-0.0125070280282528	-0.0347500598232812	0.0012075666577216	0.0001564257500995	0.087072711998573	0.0172790954022233	0.0075816571747864	0.0002985671379191	-0.0003369445016533	0.000145840807171	2.1269541036317967e-08	1.135315971943907e-07	0.0017640086675247	-0.0004000438801869	3.111726579102268e-06	1.6003510607507065e-07	-6.270325585025128e-05	0.0001362741845321	1.8570653369902127e-08	3.9316982942220705e-09	0.0	0.0	0.0	0.0	0.0	0.0	0.0	0.0	0.0	0.0	0.0	0.0	0.0	0.0	0.0	0.0	0.0	0.0	0.0	0.0	0.0	0.0	0.0	0.0	0.0	0.0	0.0	0.0	0.0	1.0	0.0	0.0	0.0	0.0	0.0	0.0	0.0
5034.537987057992	-8.875748837541323	78.77891742711616	25346572.74312993	10794.757239465269	-33.60513669345164	1129.30521218557	116526783.85898784	4963.210771793693	-12.849774958561284	165.11671648566863	24633461.16524895	5449.413001341661	7648.177645161592	1.278238	25.959904	0.0122584811804447	0.0066655334295291	0.0436710318	0.0979964954	-0.0542854527	-0.0497865464	0.067108709	0.0926808522	-0.0447187293	-0.0608013208	0.1348043652	0.0949374707	-0.1150835719	0.1044255161	0.0147519077	0.0718352958	-0.1495994302	-0.073386619	-0.0876460112	-0.0062898713	0.0766315818	0.0588443801	-0.0040150437	0.0123854445	-0.0569794426	-0.0819071449	0.0894339924	0.1267729694	0.0499221018	-0.0828341884	-0.069397853	-0.0604321042	-0.0091912469	0.038418068	-0.0048105706	-0.044257643	0.1565914369	0.1637660441	0.0654766306	-0.0429138411	0.0078908239	0.0535824211	-0.0207422683	-0.142803193	0.038678569	-0.0819285212	0.0104092573	-0.038939838	-0.0833168673	-0.2204903894	-0.1176156339	-0.03377098	0.043785035	0.1362862008	0.0471822857	-0.0066752468	-0.0074549461	0.0050546378	0.041234234	-0.0549903792	-0.1218495084	-0.0427199627	0.1315963404	-0.0597301524	-0.09514955	0.0335245773	-0.0494203762	-0.0477259836	0.0526414567	0.0914623273	0.0698783957	0.0003908697	0.1264859538	-0.0322507319	0.0721898342	0.0203941256	-0.0033928788	0.1164725197	-0.09458061	0.0370828823	0.0941042914	0.0311070804	-0.0018507557	0.092420227	0.0024943769	0.0242051855	0.0306755715	0.0358597722	-0.1548072298	-0.0569089852	-0.0003185295	0.1176983453	0.0122184872	0.0874721095	0.0690909756	-0.0213757911	-0.001422554	0.121842087	-0.1147076869	0.0981195545	-0.0528472562	-0.0688945756	0.0261298305	-0.056159001	-0.0302369627	-0.0078724652	0.0236612722	0.1320854888	-0.0049057875	0.0413582	0.0930134158	0.0855282331	-0.0735840421	-0.0380151383	-0.0576212654	0.080262799	-0.0159540926	-0.0918837687	-0.051945626	-0.1102600525	0.0680742084	-0.0747996446	-0.0173620349	-0.1061583222	0.1409253545	0.04441743	-0.0611782166	-0.0137133869	-0.0839384089	-0.0160450176	0.1051477302	-0.122945917	0.0210582152111413	-0.004449271033323	0.0004434484278787	1.9796012727968e-05	-0.0087946732781603	0.0037123547500924	1.3781577790534344e-05	7.734627806958683e-05	0.0871916106438561	0.000118898645283	0.0076023769666698	1.4136887850155728e-08	-0.0003079145941772	2.9029907476099985e-05	8.427355280709258e-10	9.481139730730977e-08	0.0017810151830497	1.7006515524999825e-05	3.172015082253556e-06	2.8922157030206007e-10	-9.622596788407166e-05	-3.352271203382038e-05	1.1237722221024459e-09	9.259436895226391e-09	0.0	0.0	0.0	0.0	0.0	0.0	0.0	0.0	0.0	0.0	0.0	0.0	0.0	0.0	0.0	0.0	0.0	0.0	0.0	0.0	0.0	0.0	0.0	0.0	0.0	0.0	0.0	0.0	0.0	0.0	0.0	0.0	0.0	0.0	0.0	0.0	0.0
5037.820617521855	3.282630463862916	10.77566276228086	25379636.57432828	10779.283396666531	-15.473842798737678	239.4398109600459	116192950.54565077	4963.114819863743	-0.0959519299503881	0.0092067728612041	24632508.715151116	5448.711720336172	7621.299262016908	1.316369	26.734306	0.0449143677055637	0.0237459966257333	-0.1213036158	-0.0412378956	-0.14874507	0.1620854381	-0.0110570398	0.0379804794	-0.0978106264	-0.0685325716	-0.011809097	0.0572712875	-0.0745406445	0.0563085554	0.0240217672	-0.1488849197	-0.0477887228	0.108367819	-0.0210110597	-0.082047013	0.133408401	0.0498469493	0.0817381978	0.1086467706	0.0842868506	-0.0969163666	-0.1038966201	-0.1513216331	0.0286345577	-0.0679594486	-0.1301844702	-0.0320339345	0.0585570749	-0.0633098309	-0.0071328314	0.144139734	-0.15513604	0.0409956816	-0.0593418831	-0.0301681345	0.1803178176	0.0276993515	-0.0883297965	0.1001650784	0.0516318833	-0.0326986886	0.0809804646	-0.1273291449	-0.0492092561	-0.1891269753	-0.0711985109	-0.127650787	0.1171234949	0.0766222861	-0.0980648927	0.0074927357	-0.0449067234	0.0091286967	-0.0066329572	-0.0461334489	0.0607836742	-0.1358320998	0.0002035253	0.0853520163	-0.0710303893	0.0044771287	-0.1320093069	0.063790021	-0.0649399217	0.0216321307	-0.0127632128	-0.0568444258	0.0530703026	-0.1607842996	0.0156556195	0.0284797185	0.235142886	0.0864589303	-0.0659937006	-0.1073083182	-0.0417193843	0.0575632303	0.048082834	-0.1128041059	0.0006754636	-0.1265532211	0.0014422346	0.1433892475	-0.1081291814	-0.1868202414	-0.1413798891	-0.0913809654	0.012924314	0.1390447005	0.1041936131	-0.1285325139	0.1257081746	0.0268293849	0.0423551632	-0.0467584647	0.0621029655	0.0121122092	0.0292466683	0.0061550243	-0.0554735809	0.086459869	-0.0581613985	0.0086973623	0.0469328456	0.0317142532	0.1411572189	-0.0643108937	0.0172761524	-0.0383546069	-0.123457153	-0.0015983865	-0.0183727462	-0.0004826124	-0.0340019735	-0.0585968143	0.1932566865	-0.0215980327	-0.0754461581	-0.05396895	0.1335869623	-0.1300799081	0.0309254733	-0.1588028851	-0.0863258496	-0.0096435152	0.0994358308	-0.1255356027	0.0211226874992433	6.447228810200004e-05	0.0004461679271906	4.156675933107296e-09	0.0122084794276133	0.0210031527057736	0.000441132423582	0.0001490469699344	0.0815049502901388	-0.0056866603537173	0.0066430569217979	3.233810597854019e-05	-0.0004429629858313	-0.000135048391654	1.8238068088359178e-08	1.962162068165805e-07	0.0019510100779882	0.0001699948949385	3.8064403244115223e-06	2.8898264305151712e-08	-3.8067607317255296e-05	5.815836056681636e-05	3.38239490381982e-09	1.449142726860749e-09	0.0	0.0	0.0	0.0	0.0	0.0	0.0	0.0	0.0	0.0	0.0	0.0	0.0	0.0	0.0	0.0	0.0	0.0	0.0	0.0	0.0	0.0	0.0	0.0	0.0	0.0	0.0	0.0	0.0	0.0	0.0	0.0	0.0	0.0	0.0	0.0	0.0
5047.799251926667	9.97863440481251	99.57314458490792	25480277.28775142	10758.749501598932	-20.533895067599587	421.6408466471906	115750690.83815524	4970.35771670948	7.24289684573705	52.45955471798771	24704455.832053475	5450.797496552163	7584.223101306876	1.500323	30.470261	0.0449615832332745	0.0260246264254764	0.1123865638	-0.0487347199	-0.023692843	-0.0949154025	-0.0612382757	-0.0635610648	0.0324715686	0.0372556885	-0.0701031936	-0.0834037187	-0.2100067107	0.0720005069	-0.0825956122	0.0892716674	-0.0606882187	0.0828966613	-0.043557049	-0.0119830247	-0.0111038261	0.0219643796	0.0463443977	-0.1112750329	0.0797622077	0.0065488129	0.0267608164	-0.087714352	-0.1564437058	-0.1214784965	-0.1289607061	0.0142836214	0.0866707419	-0.1164124833	-0.0353765294	0.185426714	0.0950057936	0.0159677098	-0.0961080992	-0.131844584	0.0393585961	-0.085369068	-0.0283793847	0.0458690538	-0.0186186988	0.0547786743	0.1579051555	0.0464964837	0.0389920662	0.0943691609	0.0217776602	0.050457927	0.1407841804	-0.0136730022	0.1278773685	0.0732100076	0.0366673794	-0.0766826007	0.0927156581	0.0989109384	6.55215e-05	0.1039390998	0.0440661243	0.0015574918	-0.0012861437	0.0594065792	-0.0300240178	0.1887973353	0.0906902318	0.0866206033	-0.067384954	0.0309759283	0.0829289705	-0.1556031326	-0.0528832705	-0.0704732316	0.0097322303	0.1309027791	0.066132298	0.0031162068	0.064717836	0.1258891493	-0.0414371251	-0.0582118526	0.0615805558	-0.1406902314	-0.0274790428	-0.0209537668	0.1272119171	-0.0672882443	0.057483899	0.1130414555	-0.0091679095	0.0804255931	0.0289449336	-0.0155850061	0.0204280045	-0.0684577653	0.0912876096	0.057826242	0.0758092139	-0.1472086041	-0.022628878	0.1667438749	-0.0704462307	-0.1398641504	-0.0061731521	0.0279732999	0.0389043205	0.1057467538	0.0616750713	-0.1180765167	-0.1062490532	0.0420973443	-0.0868388717	-0.0682536084	0.0613539128	0.1217344386	-0.1681382479	-0.1866345047	0.1504419989	0.0446433612	-0.0953322486	0.0032550814	0.0312308477	0.0201803189	-0.0099899388	-0.067639229	-0.088657882	-0.0032172579	0.0931497716	-0.1268371232	0.0212879060557895	0.0001652185565461	0.0004531749442401	2.7297171427209796e-08	-0.0111832549643082	-0.0233917343919215	0.0005471732378622	0.0001250651915967	0.0786368337331993	-0.0028681165569394	0.0061837516195828	8.226092584190483e-06	-0.0002429478811094	0.0002000151047219	4.0006042116912624e-08	5.9023672935547157e-08	0.0018000088115828	-0.0001510012664054	3.240031721775724e-06	2.280138245603462e-08	-5.778151074730176e-05	-1.9713903430046463e-05	3.8863798844919766e-10	3.338702984240549e-09	0.0	0.0	0.0	0.0	0.0	0.0	0.0	0.0	0.0	0.0	0.0	0.0	0.0	0.0	0.0	0.0	0.0	0.0	0.0	0.0	0.0	0.0	0.0	0.0	0.0	0.0	0.0	0.0	0.0	0.0	1.0	0.0	0.0	0.0	0.0	0.0	0.0
5059.462681501486	11.66342957481902	136.03558944676297	25598162.62550621	10824.997057030238	66.24755543130595	4388.738600623955	117180561.2847133	4981.196568799294	10.83885208981428	117.4807146248714	24812319.257017866	5468.453966343656	7654.30924392328	1.389576	28.221094	0.1849383824325352	0.1029438117110056	0.0094856531	0.1007900332	0.0789817086	0.004638085	0.0002603581	0.0867810468	0.1228491634	0.1380595165	0.0507379388	-0.2772150778	-0.1072983259	-0.1640489819	-0.1748850277	0.0024075739	-0.1404679452	-0.2572627838	-0.1116863753	-0.0127386288	0.0531100522	0.1321325312	0.1412338491	-0.110158629	0.0051908161	-0.0745714698	0.0154596349	-0.0906007883	-0.1289786747	-0.0843048006	0.1288481785	0.0393102766	-0.1418731097	-0.1084036953	-0.0053950035	0.0077115682	-0.0697237128	-0.0552030878	0.117837135	-0.0917301409	0.1077750784	-0.1525509204	0.1980975486	0.07579873	0.0939427146	-0.0081414238	0.0648227874	0.0309182346	-0.0049477519	0.0620129711	0.0920001921	0.1263619194	0.0352823995	0.0002003429	0.0454333169	-0.1517211215	0.0531009005	-0.0191450013	-0.06374059	-0.005862969	-0.0607056213	-0.1017517629	-0.0175586145	-0.2708040987	0.1334543822	0.0302697583	0.1928462397	0.1160385437	0.0522686915	0.2156791317	-0.1272751732	0.040087908	0.0381337258	-0.1038349084	-0.103829999	-0.0222626565	0.0328235011	-0.0329358054	-0.0026101927	-0.0944141167	-0.0779191108	0.0101334259	-0.2485442351	-0.0615185204	0.1014073815	0.108378021	-0.0031723346	-0.0496985896	-0.0385958052	-0.10542474	0.0846381384	0.0827382983	-0.0846051882	0.0223666043	-0.0556705078	0.0394882636	0.0031198809	-0.1475788599	0.102513813	0.0307033646	0.0184217788	-0.1420698586	-0.0681929498	-0.2622133597	-0.0301926098	0.0619996299	-0.0784817558	0.1986266276	0.1838464858	-0.0321514799	0.0155275189	-0.2621238675	-0.3905395736	0.1081764611	-0.1609723878	0.0366839225	0.1108372933	-0.0597765487	-0.1752044628	0.3104304083	0.1918334161	0.091040093	0.1414698056	0.2124614896	-0.1560794783	0.1797192691	-0.021187706	0.1491335392	-0.0909330095	0.0032172579	0.0863258496	-0.1268371232	0.0291979286545114	0.0079100225987219	0.0008525190377139	6.256845751229118e-05	0.0327421493467312	0.0439254043110394	0.0019294411438882	0.0010720483438436	0.1254878856846204	0.0468510519514211	0.0157472094535963	0.0021950210689547	-0.0016759664895911	-0.0014330186084817	2.053542332254828e-06	2.8088636742323145e-06	0.0015170422049117	-0.0002829666066711	2.3014170514833524e-06	8.007010049095703e-08	-4.872865447304482e-05	9.052856274256938e-06	8.195420672235321e-11	2.374481766753391e-09	0.0	0.0	0.0	0.0	0.0	0.0	0.0	0.0	0.0	0.0	0.0	0.0	0.0	0.0	0.0	0.0	0.0	0.0	0.0	0.0	0.0	0.0	0.0	0.0	0.0	0.0	0.0	0.0	0.0	0.0	0.0	0.0	0.0	0.0	0.0	0.0	0.0
5052.505168654788	-6.957512846698592	48.40698501197594	25527808.479283344	10817.314430987895	-7.6826260423422355	59.02274290647512	117014291.49885896	4975.3323414276565	-5.864227371637753	34.38916266626543	24753931.907656007	5463.281393520738	7656.918772734	1.42542	28.949057	0.2248211548158124	0.1173619697784192	0.0016704596	-0.1288224123	0.0532835481	0.0079894044	-0.2361458967	0.0864363622	0.0333995096	-0.027793008	0.2430903756	-0.2310180542	0.0180524753	0.0189860912	-0.2680319092	-0.0548466804	-0.1504503276	0.0179356048	-0.1238018423	0.0075124181	0.0375517302	-0.055977854	-0.0447032081	-0.1559945071	0.0547105364	-0.0409917508	0.0209664958	0.1085347055	0.0961339505	-0.0470647861	-0.0438531095	-0.0780254567	0.0121552227	0.1389770904	0.17800182	-0.0419762236	-0.0688921624	-0.0171778138	-0.0308332486	-0.0624464414	-0.0698470476	0.0938811322	0.0528323257	-0.105585991	0.0251469975	0.0135196855	-0.1250056587	0.0301250529	-0.0124979371	0.1515949712	-0.0985391969	-0.0232033262	-0.0327445161	-0.0415188306	-0.1766945392	0.0278725348	-0.0269008174	-0.0691365499	-0.1028919543	0.0986687891	0.1294129156	-0.0249129923	0.1746044709	-0.2380217596	-0.0170800118	0.0687046628	0.0622380592	0.1408543958	0.0880893778	0.1161865004	-0.0036998799	0.019460087	0.0579494603	0.1349018929	0.0241174584	-0.0831491063	0.0320605638	-0.0153528559	-0.0028639661	0.0515968711	0.1171442265	0.0199120347	0.0826099613	0.0961392711	-0.0106097533	0.0484840216	0.1348814203	0.0124678834	0.0021215895	-0.0577069386	0.1288716264	-0.053584491	0.2521306841	-0.1763816188	-0.1223544098	-0.0802336585	-0.0624662608	0.0135874915	0.0391084239	-0.0409973091	0.0842330973	0.2224083544	0.1001833223	-0.029176384	-0.1373744448	-0.0282025343	-0.1765605158	-0.0431047052	0.0713302973	-0.0867874628	0.1030048603	0.037730568	-0.2225700544	-0.0089123171	0.1243547294	-0.0420738949	-0.2015961592	-0.0464065763	-0.077435462	0.0187026063	-0.0388230348	-0.1843655379	0.019166171	-0.0018653416	0.1192668314	-0.0298427299	0.0683296671	-0.1465719197	-0.0931497716	0.0096435152	0.0790034671	-0.1255356027	0.0253784899529705	-0.0038194387015408	0.000644067752293	1.4588111994828431e-05	-0.0241079216547746	-0.0568500710015058	0.0032319305728762	0.0005811918865127	0.0649073372989619	-0.0605805483856585	0.0042129624352412	0.0036700028427071	-0.0002528825070385	0.0014230839825526	2.0251680213977684e-06	6.394956236607701e-08	0.0016544419091428	0.0001373997042311	2.737178030728073e-06	1.88786787227938e-08	0.0004622095932854	0.0005109382477584	2.6105789302247e-07	2.136377081250549e-07	0.0	0.0	0.0	0.0	0.0	0.0	0.0	0.0	0.0	0.0	0.0	0.0	0.0	0.0	0.0	0.0	0.0	0.0	0.0	0.0	0.0	0.0	0.0	0.0	0.0	0.0	0.0	0.0	0.0	0.0	0.0	0.0	0.0	0.0	0.0	0.0	0.0
5030.439921812883	-22.06524684190481	486.8751181941902	25305325.806968804	10807.419296343707	-9.895134644188149	97.91368962661248	116800311.84698232	4966.296337743331	-9.036003684325806	81.64936258314954	24664099.31428282	5453.294906268367	7645.3794467939315	1.372772	27.87982	0.0584049245398878	0.0311328796282305	0.0904575012	0.0600991072	-0.0686360975	-0.0879002521	0.0218353653	0.1082827942	-0.1025416598	0.0069469107	0.1805380964	0.0260949291	-0.1987124955	0.1409266419	-0.0803543988	0.0728906534	-0.0031320398	-0.0674313103	-0.1220300643	0.1029421526	-0.0700005364	-0.0610289106	0.0158764847	-0.0156880708	-0.0010767448	0.0236087162	-0.0517940019	0.0145726168	-0.0177305255	-0.0782464781	-0.0604094632	0.0113456086	-0.0565359894	0.077556078	-0.092013397	-0.0691204886	0.0613831202	0.1138497229	-0.0232127508	0.2171949371	-0.1248926047	0.0322989605	-0.1451095873	-0.0511081526	-0.0710343026	0.2097364358	-0.0614489479	0.0637979895	-0.0791685914	-0.1270727708	0.0083820557	-8.1301e-05	0.1520516329	-0.0786031601	0.03278951	-0.1539339646	0.0723376132	0.0829196746	-0.2782597762	-0.2202661618	-0.1220386694	0.0251114124	0.1947503612	-0.0375369362	-0.0116591606	-0.0953192293	-0.0839869066	0.0117381282	0.0670228678	0.0495678748	0.0158304274	0.0002559632	-0.0127583458	-0.0616093906	0.0343487844	-0.0249780143	-0.1107978154	0.059510898	0.1900500181	0.1151339896	0.1567718334	0.0750754413	-0.0749308948	0.0758306388	-0.0431427264	-0.1106750155	-0.1095256137	0.0075057495	-0.0508269959	0.2214343007	-0.1252568774	-0.1404367523	-0.0892793793	0.0761093907	-0.0751519678	-0.0608755956	-0.1151495497	-0.0077833216	-0.1081500046	0.1022094912	-0.0631250146	-0.0939731057	0.0129998732	-0.0930374164	-0.187297264	-0.0711038717	0.0692621985	0.1047378002	0.029652102	0.0591763868	0.1441748541	0.111519205	-0.1042006257	-0.0912568587	0.1224776311	-0.0251573371	-0.013567679	-0.0076263189	-0.1834550756	0.0882580385	-0.1597591723	-0.0730468951	0.0653704464	-0.1101158478	-0.0318700787	0.0023408034	-0.1203123514	-0.1935026495	-0.0953067456	0.0160450176	0.071224905	-0.122945917	0.0311193714098152	0.0057408814568446	0.000968415276942	3.2957719901543295e-05	-0.0204907149566935	0.0036172066980811	1.3084184296642782e-05	0.0004198693994364	0.091046337376504	0.026139000077542	0.0082894355496761	0.0006832473250537	-0.0001170957128546	0.0001357867941839	1.843805347474082e-08	1.3711405968926937e-08	0.0016099568867136	-4.448502242920013e-05	2.5919611770765472e-06	1.978917220526439e-09	0.0007400945028207	0.0002778849095352	7.722002294744183e-08	5.47739873105419e-07	0.0	0.0	0.0	0.0	0.0	0.0	0.0	0.0	0.0	0.0	0.0	0.0	0.0	0.0	0.0	0.0	0.0	0.0	0.0	0.0	0.0	0.0	0.0	0.0	0.0	0.0	0.0	0.0	0.0	0.0	0.0	0.0	0.0	0.0	0.0	0.0	0.0
5017.8008826569385	-12.639039155944374	159.7453107854951	25178325.69799275	10748.71252061913	-58.7067757245768	3446.48551597576	115534820.85091446	4960.555994124914	-5.740343618416773	32.95154485749817	24607115.770848613	5449.681470366597	7639.108107031845	1.533088	31.135685	0.0625438361957296	0.0350568078536628	-0.1266482751	0.032854306	-0.0657475053	0.1733259198	0.0701869753	-0.0191587938	-0.2075879989	-0.0782251736	0.0897913632	-0.1045852975	-0.0338712653	0.2362928201	-0.0240629297	-0.1233839393	-0.0030760909	-0.0479762164	-0.0201739039	-0.1195553668	-0.1977767433	-0.1104721789	-0.0376840467	-0.0809956311	-0.0771881432	0.0859892756	-0.0946259626	-0.062668462	0.1656981432	-0.0593291039	0.0291966662	-0.0485810896	0.0231737493	-0.1004692799	0.0466409303	0.1520786671	0.00242354	0.0031809219	0.0271407381	0.0003340945	0.061834205	0.0822607419	-0.001880372	-0.1188682009	-0.097938363	-0.0175985914	0.0602920111	0.0565211058	-0.1094447374	0.0793376172	0.0390374706	0.0548007381	-0.0544727359	0.0049431966	0.0099646803	0.0091586579	0.0719407538	0.0766398167	0.1632457	0.0286459671	0.0055490569	-0.1487377604	0.2194840524	0.1390462786	-0.0459919084	-0.0271293074	-0.0390607987	0.0984353523	-0.01255163	-0.0302667667	-0.055538633	0.0258643844	-0.1891372295	0.1087249051	0.0367782363	0.0461703061	0.0065011504	-0.0212229262	0.0961775835	-0.0922902534	0.0628220387	0.1140381014	0.044195873	-0.0564089043	-0.1395506295	-0.1321048277	-0.0085696814	-0.0185606553	-0.0225384106	-0.0444913006	0.0505281983	0.1580476549	-0.0957762667	-0.2168710362	-0.0030963606	-0.0101208858	-0.1065147797	-0.0083684132	0.0547327615	-0.024931198	-0.0585665641	-0.1019542855	-0.0515572124	0.1005534062	-0.2279863073	0.1405700935	0.0970218092	-0.0497627727	0.0308363668	0.0174818456	0.1125691968	-0.0395669959	0.0843969991	0.006671701	0.1267151503	0.0174746443	0.0486442755	0.0414223729	0.0680947201	0.12915396	-0.0352372204	0.0670387964	0.0608175494	-0.0625194244	-0.0332448157	0.0768769328	0.1624698683	0.0251049499	-0.0974025471	0.0224053327	0.0630350779	-0.1190946399	0.0356126404397656	0.0044932690299504	0.001268260159092	2.0189466575511417e-05	0.011999002250306	0.0324897172069995	0.0010555817241907	0.0001439760550028	0.0974223117801287	0.0063759744036246	0.0094911068325846	4.0653049595677295e-05	-0.0002951991928053	-0.0001781034799507	3.1720849570549394e-08	8.714256343290069e-08	0.00176288446271	0.0001529275759964	3.1077616288643254e-06	2.3386843500134722e-08	0.0007927609579767	5.266645515600006e-05	2.773755498698965e-09	6.284699364921351e-07	0.0	0.0	0.0	0.0	0.0	0.0	0.0	0.0	0.0	0.0	0.0	0.0	0.0	0.0	0.0	0.0	0.0	0.0	0.0	0.0	0.0	0.0	0.0	0.0	0.0	0.0	0.0	0.0	0.0	0.0	0.0	1.0	0.0	0.0	0.0	0.0	0.0
5009.247685520308	-8.553197136630843	73.15718125807004	25092562.37489056	10753.168815019835	4.456294400704792	19.85855978575288	115630639.56431508	4962.138607433659	1.5826133087448395	2.5046648850162896	24622819.55938365	5448.337051577119	7563.80560308051	1.38732	28.175262	0.0536626149834489	0.0338098997980333	0.0616254192	-0.0914080132	0.142971336	-0.0939540009	-0.098857761	-0.0775375343	-0.2856453811	-0.1057629779	0.0584932849	-0.0354305229	0.0514177977	0.2457149763	-0.1118698197	0.0154847978	0.0955489591	0.0056668145	-0.034677069	0.0131206465	0.0465750461	0.0737104756	0.0746824612	-0.0423344437	-0.032694616	0.0357510265	0.0617386556	0.0536951265	0.1422134217	0.0225830051	-0.0029904404	0.0937173536	0.1052064474	0.0063249973	-0.0101135451	0.0017405666	-0.0967156469	-0.1059529506	0.0853377591	-0.1176964277	-0.1090054172	0.0132789507	-0.0818376058	0.1232300087	0.0629786064	0.0294008068	-0.0031688968	-0.0352569362	0.0560664822	-0.0234839751	0.1313970844	0.1179015387	0.207603214	0.0424423893	-0.1770372293	-0.031522843	-0.0857740012	-0.051745461	-0.073272948	-0.0995910292	0.0511864945	0.0603285764	0.3110496382	0.1225567667	0.0108419117	0.0050847276	0.0563471365	-0.0325955227	0.0582855709	0.0537053983	-0.0860243537	-0.0652803968	-0.0109596021	0.0799989601	0.062653655	-0.0050279623	-0.0419311039	0.0797658052	-0.0714858832	-0.0131243947	-0.0589874694	-0.0256485868	0.078733187	-0.0760054545	-0.1160018907	0.0977735599	0.0140474509	0.0457355733	0.0862964194	0.0975279333	0.0050232483	-0.145631084	-0.0245417454	0.0313767879	0.0127804684	-0.0575944262	0.0145715405	-0.0792920651	-0.0416485533	-0.0079436854	0.0407650496	-0.247541647	0.0060622544	0.0867282887	-0.2657857116	-0.0642281497	0.083503308	-0.1493185851	0.0305458217	-0.0344878418	-0.0266604927	0.0710344441	0.0403343901	0.0741608819	0.1444556093	0.0753596314	0.0661299808	-0.0300768169	0.021880477	-0.0114287253	-0.0079323966	0.0669658539	0.0269671878	-0.0930865504	0.0441491712	0.0782852622	0.0690785011	0.1581384327	-0.0994358308	0.0287081337	0.0544812754	-0.1140212905	0.0330031352842468	-0.0026095051555187	0.0010892069385902	6.809517156679182e-06	-0.0206219608151769	-0.0326209630654829	0.0010641272313195	0.0004252652678626	0.0973980336112205	-2.4278168908195563e-05	0.0094863769513324	5.894294855348738e-10	-5.723741775971855e-05	0.0002379617750455	5.6625806382843915e-08	3.276121991800544e-09	0.0017049778766493	-5.790658606070012e-05	2.906949559863555e-06	3.353172709205269e-09	0.0008650499687412	7.228901076449998e-05	5.225701077309994e-09	7.483114484191511e-07	0.0	0.0	0.0	0.0	0.0	0.0	0.0	0.0	0.0	0.0	0.0	0.0	0.0	0.0	0.0	0.0	0.0	0.0	0.0	0.0	0.0	0.0	0.0	0.0	0.0	0.0	0.0	0.0	0.0	0.0	0.0	0.0	0.0	0.0	0.0	0.0	0.0
5011.328223023721	2.080537503413325	4.32863630310935	25113410.55887409	10735.622068415034	-17.54674660480123	307.88831641310344	115253581.1958399	4960.057431105455	-2.0811763282035827	4.331294909074947	24602169.719864447	5445.141940340082	7568.387677368802	1.192946	24.227701	0.0584193051867173	0.0320784209286214	0.0393283584	0.0988162996	-0.0441028023	-0.0398539053	0.1041076799	-0.0714248131	-0.2468850948	-0.1601073452	0.0420781021	0.0346695092	-0.0060570001	0.2397345838	-0.0785903969	0.0238823968	0.0071073398	-0.0016902803	0.0598038237	0.1368924138	0.0727911264	-0.0220848153	0.1711295087	0.0190852243	-0.089136498	-0.0041375995	-0.0015377912	-0.0053199825	0.0028115192	-0.0137997992	0.1157799596	-0.0318146747	0.020298377	0.0020237248	-0.0271685242	0.1176806283	-0.0932069035	-0.0273033981	-0.2515549205	0.0740936798	0.0767354196	-0.0504950877	0.0300508855	0.2346684727	0.0238768144	0.015613881	-0.2983287977	-0.0289963145	0.07819031	-0.0649847992	-0.0027628788	-0.0342198853	-0.1397447987	0.0245253877	-0.0237984156	0.0378981585	0.0275968116	0.0514440933	-0.0222369547	0.014455021	-0.1212596896	-0.0037892028	0.2659574854	0.1246757369	-0.1428545681	-0.088878793	-0.0415806671	-0.0709100711	0.1150167299	-0.0082161429	-0.1029306341	-0.0032579809	-0.047626404	-0.0720294023	-0.1167528288	0.0725099422	0.0168084122	0.0305121875	-0.033572296	-0.0014025465	-0.0132672074	-0.0389552296	-0.0651907108	0.0073415922	-0.0029439224	-0.0776717027	0.0574313034	-0.0199455	0.1043537227	-0.0466807181	-0.073004527	-0.2547582026	0.1173264139	0.1343470388	0.041009436	0.0783119831	0.0539558421	-0.0318654754	-0.0140619954	-0.1507552884	-0.0265045597	0.1984798064	-0.0979498694	-0.0676962704	-0.3404008252	0.0381442482	0.1720148116	0.0239719329	-0.0655457896	-0.0342400206	-0.0072968647	0.0999112211	0.0873593453	-0.0478705651	0.0345358842	0.1118189331	0.073819782	-0.0613057695	0.0046015085	-0.0461710652	0.0780307067	0.0534964965	0.0275307844	-0.0181565999	0.042549115	0.1478874074	-0.0060070607	0.0388674047	-0.1014052916	0.0349372413	0.0456128885	-0.1077779285	0.0357386989715564	0.0027355636873095	0.0012772546041795	7.483308687326865e-06	-0.0037212199955405	0.0169007408196364	0.0002856350402525	1.3847478255210438e-05	0.0973497159831282	-4.831762809230644e-05	0.0094769672019957	2.3345931844664407e-09	-0.0005791106618927	-0.0005218732441329	2.723516829418825e-07	3.353691587178011e-07	0.0015092698187442	-0.000195708057905	2.27789538577215e-06	3.8301643928985956e-08	0.0008079376097457	-5.71123589955e-05	3.261821550030869e-09	6.527631812415951e-07	0.0	0.0	0.0	0.0	0.0	0.0	0.0	0.0	0.0	0.0	0.0	0.0	0.0	0.0	0.0	0.0	0.0	0.0	0.0	0.0	0.0	0.0	0.0	0.0	0.0	0.0	0.0	0.0	0.0	0.0	0.0	0.0	0.0	0.0	0.0	0.0	0.0
5019.222774648795	7.8945516250742	62.323945360961694	25192597.26155315	10707.897616529712	-27.7244518853222	768.6452323415455	114659071.36608268	4963.513665614984	3.456234509529168	11.945556984860325	24636467.908746697	5443.807166125636	7517.377588783823	1.379671	28.019928	0.0468557401251821	0.0253770656585958	-0.1370886424	-0.0323464706	-0.0847887568	0.1327417264	0.0440012956	-0.0944398811	-0.2051420802	-0.1492409751	0.031940313	-0.1255230909	0.0216029361	0.2312804828	-0.0530098417	-0.1132821536	0.0548387877	-0.0532120796	-0.0337680906	0.1563872923	-0.1204352474	0.0126787627	0.1667963643	0.0279114635	-0.2054058612	-0.0038351091	-0.0049656112	-0.1145083106	-0.0600903192	0.0221003113	0.0967277287	0.0442662742	-0.1333686873	0.039734445	-0.052111156	-0.1162249332	0.0372805809	0.0290400499	0.0645730618	0.045878348	-0.1569478625	0.0624126181	-0.0451927223	-0.1447599533	-0.0978284606	-0.0465554966	0.0492241273	-0.0686219961	-0.0908566844	0.064150555	-0.0295372479	-0.1575146367	0.0485403067	0.1157901633	0.056291538	0.0943439588	-0.0854088501	0.0044592482	-0.0181408599	0.2418548522	0.0594264581	-0.1150020459	0.1391475037	0.2128860227	-0.0959402016	-0.0906893659	0.0310886974	-0.0056262852	0.0486179694	0.0570102106	-0.0754533345	0.1054154856	-0.0506594945	-0.1004628203	-0.0292991519	0.0784478176	-0.0655668713	-0.0663117165	0.1066180781	-0.0050606004	-0.1355974479	0.01351495	-0.1591748083	0.1420298242	0.1189054052	0.0262531515	0.1099600352	-0.0770561104	0.0077927217	0.0072316817	0.0573519276	0.0555665959	0.0424770066	-0.0353988403	-0.135688523	-0.1202087984	-0.019822224	0.161166626	-0.1234615723	0.1636167476	-0.0065033035	0.1090697611	-0.0531571334	0.0137829412	-0.2974077764	0.143163997	0.0803300126	-0.0992196331	-0.0238842474	-0.0781669453	0.0608362308	-0.0552867278	0.1354447105	-0.0368127707	-0.0145025051	0.1149406892	0.0635586313	0.1278546937	0.0123024413	-0.047149086	-0.0116687673	0.0125664608	0.0938745749	0.0586845453	-0.0211714286	-0.0423835475	0.0736942307	-0.0363889477	-0.1033096655	0.0410766654	0.036481125	-0.100428619	0.0301795247295189	-0.0055591742420374	0.0009108037128996	3.0904418253333186e-05	0.0043969742817466	0.0081181942772871	6.590507832377702e-05	1.9333382834341027e-05	0.0954357407277157	-0.0019139752554124	0.0091079806082477	3.6633012783313257e-06	-0.0002662490466428	0.0003128616152499	9.788239029677648e-08	7.088855483819989e-08	0.0017958937982249	0.0002866239794807	3.225234534502658e-06	8.215330561335277e-08	0.000833739942024	2.5802332278300043e-05	6.657603509998042e-10	6.95122290926183e-07	0.0	0.0	0.0	0.0	0.0	0.0	0.0	0.0	0.0	0.0	0.0	0.0	0.0	0.0	0.0	0.0	0.0	0.0	0.0	0.0	0.0	0.0	0.0	0.0	0.0	0.0	0.0	0.0	0.0	0.0	0.0	0.0	0.0	0.0	0.0	0.0	0.0
5028.702931748463	9.48015709966785	89.87337863438273	25287853.175775588	10767.438384219156	59.54076768944469	3545.103017048421	115937729.35795604	4963.886865062532	0.3731994475474494	0.1392778276497214	24640172.80914033	5444.519133014157	7554.924616318546	1.536253	31.199965	0.0742510430620398	0.0431546775060218	0.1003684508	-0.0780275579	-0.0018870746	-0.088412353	-0.059320442	-0.0314192678	-0.1718248128	-0.2261245887	-0.0276231234	-0.1283461865	0.0805199618	0.2510603162	-0.0645064706	0.0364649461	0.0963984496	-0.0253602401	0.1650174239	0.0046118498	0.1209928074	-0.0942079234	-0.0316816743	0.0173422218	0.0898242384	0.0711495634	0.0150259802	0.0603596979	-0.0208083451	-0.0591175545	0.0734189747	-0.0766697959	0.1041389051	-0.0982125021	-0.0803067805	-0.120727828	-0.0725449466	0.0642019879	0.0474230038	-0.1276888462	0.0725476749	0.0488804062	0.1578160621	-0.1195159212	-0.0429453175	0.0064393176	-0.1105592971	0.0303624481	0.1948834923	0.0714432579	0.0243877405	0.0661156845	0.0272285183	0.0061109983	0.0036550329	0.004957292	0.0413104651	-0.0023052686	0.2033896025	-0.0231268841	0.0487467554	0.1115875564	0.2297921787	0.1593897408	-0.0764171854	0.0239804618	0.1007918564	0.0291514023	-0.1684734051	-0.0459515139	-0.1588160043	-0.1835308354	-0.0777799468	0.0126819584	-0.0717600516	-0.0207693357	0.0274446273	-0.0678436107	-0.0655444857	0.0011311606	0.1728230401	0.0120905836	-0.0429831324	-0.0191848871	0.091340127	0.1678422679	0.0217583703	0.0185462864	-0.0819536584	0.0595060075	-0.148520644	0.0831427678	0.1320113661	-0.0713827988	0.0408440398	0.0767409071	-0.1265205161	0.0651185832	0.148087416	-0.03339486	0.0496664416	0.0852354865	0.1227462941	0.0454284716	-0.3225953901	-0.089293999	0.0288519985	-0.1072993675	-0.0869096914	-0.124985396	-0.0152621175	-0.087420345	0.1072349339	0.0830788004	0.0901397332	0.1509690932	-0.0489010282	0.1106540522	0.0798430389	-0.0764728978	-0.0632881226	-0.0959504365	-0.0289182841	0.1763164648	-0.1606099801	-0.088316026	-0.0289966776	-0.0499888972	-0.1051477302	0.0471106464	0.0271387131	-0.092048776	0.0287240045178123	-0.0014555202117065	0.0008250684355393	2.1185390866864213e-06	-0.0287054500154511	-0.0331024242971977	0.0010957704943517	0.0008240028605895	0.0861526952842552	-0.0092830454434604	0.0074222869047417	8.617493270535264e-05	0.0002712181470828	0.0005374671937256	2.888709843312717e-07	7.355928330702734e-08	0.0018586185535125	6.272475528759994e-05	3.4544629274608977e-06	3.9343949258892965e-09	0.0008417490552043	8.009113180299995e-06	6.414589393485511e-11	7.085414719373318e-07	0.0	0.0	0.0	0.0	0.0	0.0	0.0	0.0	0.0	0.0	0.0	0.0	0.0	0.0	0.0	0.0	0.0	0.0	0.0	0.0	0.0	0.0	0.0	0.0	0.0	0.0	0.0	0.0	0.0	0.0	0.0	0.0	1.0	0.0	0.0	0.0	0.0
5032.959583974539	4.2566522260758575	18.119088173756552	25330682.173921164	10766.857812752996	-0.5805714661601087	0.3370632273192982	115925227.16004024	4966.616188106854	2.7293230443219727	7.449204280266961	24667276.359965056	5448.409054579343	7583.316659535265	1.540675	31.289785	0.2151219945613846	0.1091852064109339	0.0025684368	0.1414899701	0.128255326	-0.0773886205	0.183745772	0.0217002504	-0.0819883444	-0.0674407274	-0.1340098268	0.0039323634	0.0978348071	0.0369047981	0.0766921302	0.0312960153	0.1401243437	-0.1646109254	0.1068638364	0.0369989262	-0.0147947471	-0.0349574299	0.0362590241	-0.0174387447	-0.018073357	-0.2129669609	0.211052892	0.0521238888	0.2663349629	0.0233178877	-0.1709730285	0.1151121142	-0.0339794098	-0.0541150172	-0.0160849895	0.0475461829	-0.0503593233	-0.0018286812	0.0149341316	0.0572352079	0.0338799194	-0.0616591839	0.0834538602	-0.0235914047	-0.0058428675	-0.064119829	0.1008181842	-0.0195088773	0.0259720279	0.0062651814	0.0830467337	-0.0279945751	0.0344899726	-0.0267041176	0.0841086832	-0.1699619217	-0.0028411124	0.1143368996	0.0176180016	0.0483901225	-0.1205581853	-0.0215597384	0.0258138804	0.1341812118	0.0533105913	-0.077696591	0.1532828778	-0.1271604856	0.0674691336	-0.1129274898	0.0230888074	-0.0906060342	0.0778998277	-0.1158363996	0.1927859987	-0.0059263797	-0.0531111256	-0.0680279267	-0.2055422391	-0.0508903218	-0.0757452854	0.1250280219	0.065638115	0.1857338256	-0.104373254	0.0429836057	0.0350885529	-0.0426070658	0.0054309278	-0.1454346532	-0.0019563221	0.0358482174	-0.0872546775	-0.0280187125	-0.0161514441	-0.0824208951	-0.0181268765	-0.0566701854	0.0070465105	0.0461824249	0.0149581035	-0.0276736348	0.0520546582	-0.1350578758	-0.0019277523	0.0929952615	0.1472125098	0.0523660745	-0.0268276808	-0.17736641	-0.3491037445	0.0307373039	0.0851554603	0.0607983108	-0.1040473067	0.1267358708	0.0649691236	0.183635241	-0.1672687998	0.180761675	-0.0102727834	-0.2886120541	-0.2148159737	0.1114689524	-0.1321131377	-0.0867320627	-0.1842338493	-0.0213378234	-0.1069183059	0.053023695	0.0176395976	-0.082724388	-0.029983161197876	-0.0587071657156883	0.0008989899554178	0.0034465313063692	0.0110865362513408	0.0397919862667918	0.0015834021710565	0.0001229112860522	0.1596378211545897	0.0734851258703344	0.0254842339429847	0.0054000637241789	0.0003973073736101	0.0001260892265273	1.5898493046252783e-08	1.578531491249556e-07	0.0017420479432088	-0.0001165706103037	3.0347310364380103e-06	1.3588707186577096e-08	0.0002216545578639	-0.0006200944973404	3.845171856318434e-07	4.9130743021840995e-08	0.0	0.0	0.0	0.0	0.0	0.0	0.0	0.0	0.0	0.0	0.0	0.0	0.0	0.0	0.0	0.0	0.0	0.0	0.0	0.0	0.0	0.0	0.0	0.0	0.0	0.0	0.0	0.0	0.0	0.0	0.0	0.0	0.0	1.0	0.0	0.0	0.0
5047.784133747336	14.824549772797582	219.7672759661528	25480124.660911348	10743.457039472352	-23.40077328064399	547.5961901321016	115421869.15898804	4972.498016925119	5.881828818265603	34.59591024737974	24725736.528324246	5448.496872527983	7563.751669109491	1.525542	30.982439	0.1194283706237108	0.0558120011334177	-0.0829565373	-0.1156318897	-0.0087936277	0.0854074412	-0.059172374	-0.1149474332	0.1102477628	0.0427362788	-0.3293421076	-0.03118493	-0.0021758152	-0.2188281602	0.0916605252	-0.0823101417	0.1294999239	0.0463676741	0.0497228305	0.0014561914	-0.0645339817	0.0570784164	0.0145910762	-0.1546465397	-0.0721369001	0.0649789918	0.1188944993	0.1807134616	-0.0294902253	-0.0232312446	-0.0183032316	0.005082087	-0.143108678	0.113269596	-0.0120611346	-0.0356363755	0.002177287	0.0396544859	-0.0009750651	0.1743788196	0.1506220776	0.0682591576	0.1323563753	-0.004203675	-0.0546750707	0.0275220943	-0.0515793374	-0.0452469514	-0.1391368737	-0.0539699568	0.0750660966	0.0265391979	-0.0266435464	-0.1056856528	-0.043637471	0.0598377786	-0.024067527	0.0172627492	0.0311630767	-0.0156783492	0.1288029452	0.0113655163	-0.2003718938	0.0344927598	0.1569092293	-0.0844605632	-0.0247789913	-0.184118591	0.1214117529	-8.0688e-06	-0.0159748502	-0.0339123054	-0.014218598	0.1131549026	-0.0620422961	-0.0179717631	-0.1028147053	-0.1190380507	-0.1368083634	0.1170830985	0.0510857788	0.0579453279	-0.0821180325	0.1253845658	0.051016675	-0.1586713098	-0.0610438518	-0.0633445485	-0.0941823717	-0.0929867733	-0.0936683144	-0.0087238788	-0.0951560856	-0.1512272905	0.0863813582	0.0764153936	0.0430007938	0.0464508678	-0.0696686516	-0.0881165427	-0.0259375633	0.095099134	-0.0980737919	0.0424828138	0.1795597257	0.0192436225	-0.0005117997	-0.0930724327	0.1558252696	-0.109064718	-0.2061387875	0.0451004586	0.1580731247	-0.1952112144	-0.0390851232	0.0267242417	0.1060392457	0.0092673377	-0.1475789033	0.0011758181	0.0029169566	-0.0717201939	0.3073775206	0.0351848043	0.0744535611	-0.1014885901	0.0525314802	0.0196695951	-0.1086202561	0.0588006326	0.008038628	-0.0725511359	-0.0582129412296836	-0.0282297800318076	0.0033887465266105	0.0007969204806442	-0.0189367791851395	-0.0300233154364802	0.0009013994697983	0.0003586016059067	0.190598552334805	0.0309607311802153	0.0363278081521234	0.0009585668752135	0.0005079633065575	0.0001106559329474	1.2244735496459491e-08	2.580267208088288e-07	0.0020500073554763	0.0003079594122674	4.202530157506932e-06	9.483899960414396e-08	3.59790235746478e-05	-0.0001856755342892	3.4475404033599275e-08	1.294490137385062e-09	0.0	0.0	0.0	0.0	0.0	0.0	0.0	0.0	0.0	0.0	0.0	0.0	0.0	0.0	0.0	0.0	0.0	0.0	0.0	0.0	0.0	0.0	0.0	0.0	0.0	0.0	0.0	0.0	0.0	0.0	0.0	0.0	0.0	0.0	1.0	0.0	0.0
5052.2802577521625	4.496124004826015	20.215131066772724	25525535.80287225	10804.68130414103	61.22426466867728	3748.410584220245	116741138.0840547	4970.408139665622	-2.0898772594973707	4.367586959764241	24704957.07485427	5450.413649932954	7648.934734384357	1.562532	31.733681	0.0413614154912536	0.022272184958683	0.1420167057	0.0117522324	-0.0764670827	-0.0958867603	-0.0070240867	0.1018593372	0.1223750596	0.0213696581	-0.1177902647	-0.080435079	-0.0929937933	-0.20000143	0.0936574863	0.0408333655	0.0441310742	-0.0056399192	0.0654973047	-0.0122170061	0.0695416868	-0.1132474654	0.1061084153	-0.0560660538	-0.3215792814	0.1326286253	0.0685978843	0.1015693615	0.1452255891	-0.0833490113	-0.0643517379	-0.0178938641	0.095268592	0.0723251312	0.0561013607	-0.0588582308	0.0926085639	-0.0959850781	0.0296260187	-0.1425875146	0.0671955167	-0.0489486199	-0.0706299685	0.0493764279	-0.0634842249	0.1030079436	-0.0962707687	-0.0707374606	0.1436888959	-0.0606776031	0.1649648935	0.0410155633	0.0858495333	-0.0481614323	-0.0407991394	0.1982771277	0.0049724989	0.0563683336	0.126679652	-0.0222799247	-0.0665792335	0.0834159158	-0.0767726127	-0.1273920533	0.1243650105	-0.008647687	-0.0482856696	-0.201421325	0.0435498033	-0.0559726958	-0.1518977118	-0.1672924704	-0.0999990822	0.1668973456	-0.0031839617	0.0490896398	-0.0475261318	0.0143320699	-0.0701257252	0.1296966305	-0.0718983737	0.2166491496	0.0084851842	0.0046512216	-0.0726341189	0.0229690909	0.1799424726	0.0010162503	-0.0270077997	0.0271103628	0.0813069365	-0.0431812943	-0.0397993721	-0.0339250035	0.1349803049	-0.0090722113	0.0836927372	0.0890293598	0.0623410388	-0.0221528682	0.0424886802	-0.0960810051	-0.1166342986	0.19820128	0.1707505777	-0.1250407664	0.03211519	0.1150054687	0.1162782885	-0.0788612774	-0.1534674339	0.0233890111	0.0597772365	-0.1436436872	0.120111163	-0.0164303271	0.0794841968	0.2002194934	-0.0056809155	0.0885209957	0.1418684304	-0.1058736553	-0.0241994218	0.0047076918	0.1479457994	-0.0383015844	0.1548917814	-0.1195335111	-0.1102524885	0.0644266298	-0.001608758	-0.0616334109	-0.0582412972072887	-2.835597760509484e-05	0.0033920487003877	8.0406146594064e-10	-0.0310025853388964	-0.0120658061537569	0.00014558367814	0.0009611602976955	0.2091512611954229	0.0185527088606179	0.043744250059636	0.0003442030060668	0.0007059609676171	0.0001979976610595	3.920307378507223e-08	4.983808877988721e-07	0.0020370157126676	-1.299164280869989e-05	4.14943301365469e-06	1.6878278286884356e-10	3.92806096918229e-05	3.3015861171751e-06	1.0900470889123352e-11	1.542966297761331e-09	0.0	0.0	0.0	0.0	0.0	0.0	0.0	0.0	0.0	0.0	0.0	0.0	0.0	0.0	0.0	0.0	0.0	0.0	0.0	0.0	0.0	0.0	0.0	0.0	0.0	0.0	0.0	0.0	0.0	0.0	0.0	0.0	0.0	0.0	0.0	1.0	0.0
5043.970911402776	-8.309346349386033	69.04523675405498	25441642.555077355	10780.466915782868	-24.21438835816116	586.3366035598507	116218466.922289	4968.779647067661	-1.6284925979607578	2.6519881416129785	24688771.18111383	5452.407081488056	7664.064907167016	1.51319	30.731571	0.0241565667279224	0.015606546378602	-0.0722922602	0.0727811754	0.0320982956	0.0822229969	0.0449156159	0.0219240852	0.0556215029	0.1000569457	-0.0948935417	-0.1523917085	-0.0173752955	-0.2189464	0.1240435823	-0.0983726359	0.0742310298	-0.0306648209	-0.0656116049	-0.0252498996	-0.0206546192	-0.0825149299	0.0021008838	0.0348137326	-0.1324667159	0.1350586225	-0.1484633934	0.2100044033	-0.1534486971	0.0398725361	0.0036032336	0.1835529486	-0.0122887484	0.0022212138	0.0900796945	-0.0329053916	-0.0643861863	-0.1337668509	0.1072164067	-0.1453143229	0.0386974739	0.034651059	-0.0145195296	-0.0489546861	0.0711822554	-0.0984577878	0.0361577629	0.0901360348	-0.0403208165	-0.0385012977	-0.0668658722	0.0168135572	-0.0363327357	0.3192925797	0.0386380469	-0.108085214	0.0402183915	-0.0703880242	-0.1563904809	-0.0521062919	-0.0027557289	-0.1197293533	-0.0941566954	-0.0720361535	0.2309045845	-0.0216981815	0.0052877251	-0.0641658346	-0.0831176554	-0.0406363674	-0.1000981395	0.1002742834	-0.1760573114	0.126974684	0.0296920076	0.1844690812	-0.0611421831	0.0134167188	0.0492201687	0.221133945	-0.0704683199	-0.030300838	0.0918053013	-0.1036227094	0.0608204486	-0.0110992914	-0.0177141721	-0.0113288727	-0.146954791	-0.0570149664	0.0496476502	-0.0137664509	0.1604529205	0.1667419362	-0.1029580975	-0.0003695839	0.0730434201	0.0605657989	0.0697974513	0.0128248304	-0.1074241904	-0.1956123657	0.0999100488	-0.1946865751	0.1972785619	0.0722113448	0.0198464105	0.0566445076	0.1623814714	0.0197456649	-0.07177114	0.0002630081	0.087260643	-0.0139632589	0.1963799803	-0.0822336138	0.0367262058	0.1142944562	0.1300465725	0.0239028153	0.1593940858	-0.0317987262	0.1453830281	0.0554123263	0.0652553414	0.1135825395	-0.0426871988	-0.0036247019	-0.1118139553	0.0698872447	-0.0112468548	-0.0500832437	-0.0570458577193022	0.0011954394879864	0.0032542298829308	1.4290755694374203e-06	-0.0454459904140662	-0.0144434050751697	0.0002086119501654	0.0020653380447153	0.2117498575576704	0.0025985963622474	0.0448380021756937	6.752703053885891e-06	0.0006960473215215	-9.913646095600049e-06	9.828037890880604e-11	4.844818737972543e-07	0.0020609863285279	2.397061586030015e-05	4.247664646378913e-06	5.74590424722073e-10	-4.521764440265115e-05	-8.449825409447405e-05	7.1399549450143e-09	2.044635365324609e-09	0.0	0.0	0.0	0.0	0.0	0.0	0.0	0.0	0.0	0.0	0.0	0.0	0.0	0.0	0.0	0.0	0.0	0.0	0.0	0.0	0.0	0.0	0.0	0.0	0.0	0.0	0.0	0.0	0.0	0.0	0.0	0.0	0.0	0.0	0.0	0.0	1.0
5043.839124572425	-0.1317868303513023	0.0173677686540429	25440313.11456753	10762.985997333428	-17.48091844944065	305.58250983599453	115841867.57879543	4970.518088745915	1.7384416782533665	3.0221794686883805	24706050.07055034	5449.714147388029	7594.462363851195	1.336769	27.148613	0.0300728075951412	0.015218362261011	0.057154492	-0.087706959	0.1648950361	-0.0724947644	-0.086163482	-0.071387689	-0.0019865811	0.1183686585	-0.1163430784	0.0546468703	0.0940235697	-0.1220012883	0.0800765467	0.053367518	0.0877593729	0.1006518426	-0.2504512334	0.0239570607	-0.0518043493	-0.0704963969	0.0464009765	0.0800053549	-0.005728076	0.0170094812	0.0230987018	-0.0165466827	-0.1078441989	-0.0420409244	0.0459491365	0.0063093601	0.077425099	0.0313435152	0.0839622542	-0.1418355928	-0.2039085991	0.0885615977	-0.0008169124	-0.0880521252	-0.0730925865	-0.0023723692	0.097826671	0.0180829475	0.0614617595	-0.0961433283	-0.0356677535	0.3089227645	0.0141532533	-0.0413109191	-0.1033293938	-0.0542362994	-0.0578321917	0.0327121887	-0.0871874711	-0.0177528447	0.0791006001	-0.0690315293	-0.0176634127	0.0986033133	0.0696272584	0.0635701569	-0.0673635483	-0.0434800082	0.2068353494	0.0722156989	-0.0964868317	-0.09596997	-0.0708959469	0.0331034321	0.0475810007	0.0278561058	-0.1102675848	-0.0615629438	0.0856027394	-0.068150262	-0.0775014807	0.1136866549	0.0528838518	-0.0624609922	0.0299030247	-0.0505646991	-0.0903766667	-0.12821375	0.0764399399	0.0957942311	0.0464248251	-0.0555993857	-0.105311333	-0.1016677107	-0.0810531398	-0.0646674933	0.1559387514	0.1032752293	-0.1924765779	0.1264295692	-0.1351177046	-0.0341969792	-0.002034066	0.0143143223	-0.18585368	-0.0147455002	0.1181640488	0.1421989257	0.1379889671	-0.1035951247	-0.028077769	-0.0425539465	0.1582469206	0.023240614	-0.1359828089	0.0614313236	0.0906412181	0.0782397309	0.1617340107	0.0665034645	0.0116615709	-0.0936780449	0.0835647206	0.0100540498	0.1881216805	-0.1318542592	-0.002650592	-0.0524667548	-0.0102793389	0.0030006388	-0.0291866075	-0.0261415662	-0.1133036545	0.0751684601	-0.0208200103	-0.0380191546	-0.0574080643925043	-0.0003622066732021	0.0032956858572939	1.3119367411213436e-07	-0.0499569966283246	-0.0045110062142584	2.034917706507791e-05	0.0024957015121224	0.2092597539148073	-0.002490103642863	0.0437896446084857	6.200616152200029e-06	0.0008609618121779	0.0001649144906564	2.7196789228459845e-08	7.412552420286535e-07	0.0022700209656332	0.0002090346371052	5.152995184414285e-06	4.3695479509744394e-08	3.502304913200187e-05	8.024069353465302e-05	6.438568898922107e-09	1.2266139705026171e-09	0.0	0.0	0.0	0.0	0.0	0.0	0.0	0.0	0.0	0.0	0.0	0.0	0.0	0.0	0.0	0.0	0.0	0.0	0.0	0.0	0.0	0.0	0.0	0.0	0.0	0.0	0.0	0.0	0.0	0.0	0.0	0.0	0.0	0.0	0.0	0.0	0.0
5047.561470105048	3.722345532622967	13.85585626423816	25477876.794489037	10732.47021484375	-30.515782489677804	931.2129809573264	115185916.91250823	4970.947885121096	0.4297963751814677	0.1847249241191289	24710322.876589894	5447.729670446332	7630.910791217658	1.364472	27.711243	0.0253543631055276	0.0159689064543097	0.0778980894	0.1263075718	-0.0111171291	-0.0385365324	0.1087714576	-0.0596348128	0.0362592652	0.1165430035	-0.0961098758	-0.0695939691	0.0231386429	-0.1929663858	0.1400367987	-0.0200828039	0.0594905741	-0.079837057	-0.1218012257	0.0456973986	-0.1159979845	-0.0121946304	0.0857645897	0.1319332902	0.009410024	-0.2098955944	-0.0202774457	-0.0924837254	-0.0275331096	-0.0628654501	-0.0846679717	0.0278203598	0.0086137886	0.0893845005	-0.0996296511	-0.0482327188	0.0988865445	0.1002896903	-0.1652658975	-0.0328423263	0.1073765816	0.0724177651	-0.0765611005	-0.0046056755	-0.0673744143	0.0997896018	-0.0121222639	0.014920988	-0.0046495652	0.1113195498	0.1761502958	-0.0482459927	-0.0654373605	-0.05352982	0.0653058256	0.0131783475	-0.1233206849	0.0644701783	0.0464537321	0.0148625047	-0.1176614086	0.018904546	-0.1094566364	-0.0703144851	0.185022774	-0.0241866762	-0.0491307477	-0.0806472142	-0.054597692	-0.035612131	0.0318831308	0.1116751359	-0.0694561855	-0.2397390987	-0.0203735022	0.0087391969	-0.0549253288	0.0205947261	-0.0795090483	-0.0401049131	-0.1466607475	0.1427150866	0.0799473974	0.1462341894	0.0922282681	-0.0672858608	0.0259073458	0.0748391403	0.067064707	0.0406802007	0.0576909807	0.0277597463	-0.0189018724	0.0490519727	-0.0064845708	-0.0784299212	-0.0799862769	0.0247672631	0.0585820586	-0.0641141836	-0.0702378315	0.1903255426	-0.0773040606	0.0644331433	0.1231469048	-0.038049976	0.0733446553	0.1469733315	0.0596637856	0.0572890139	-0.0790781343	-0.0271782781	0.1279429056	-0.0422389236	-0.0291545741	0.0950721649	-0.0447902567	-0.1181989996	0.0717670114	-0.0616273415	0.0712739973	0.040459987	0.1415647415	0.0524672866	-0.0246532165	0.1308815787	-0.0528593841	-0.0761139529	-0.1147206298	0.0802567191	-0.0302729475	-0.0255649376	-0.0584094706549649	-0.0010014062624605	0.0034116662621932	1.0028145024953045e-06	-0.0474722733139429	0.0024847233143816	6.173849949031958e-06	0.0022536167335936	0.2093071881589878	4.7434244180494245e-05	0.0438094990150219	2.250007520974752e-09	0.0005688888502054	-0.0002920729619724	8.530661511538938e-08	3.236345238880221e-07	0.0021930311164308	-7.698984920239977e-05	4.809385477633722e-06	5.9274368802082565e-09	0.0001023762236472	6.735317451519813e-05	4.5364501172747345e-09	1.0480891168261511e-08	0.0	0.0	0.0	0.0	0.0	0.0	0.0	0.0	0.0	0.0	0.0	0.0	0.0	0.0	0.0	0.0	0.0	0.0	0.0	0.0	0.0	0.0	0.0	0.0	0.0	0.0	0.0	0.0	0.0	0.0	0.0	0.0	0.0	0.0	0.0	0.0	0.0
5046.948031515401	-0.6134385896466483	0.3763069032676689	25471684.432817187	10758.925185445676	26.454970601926107	699.8654695487745	115754471.14601728	4972.92399027169	1.9761051505938667	3.9049915662036088	24729973.013019707	5454.486952645438	7603.253998334399	1.379995	28.026501	0.0202770729658071	0.0104250039446683	-0.0806489141	0.0789122119	0.0868276994	0.0451306951	0.045316229	0.029101651	0.0559408903	0.2089040327	0.050825297	-0.083914125	0.0096044246	-0.1381306235	0.0802730026	-0.0282167394	0.0162672939	0.0461989461	0.0117036776	0.185398363	-0.0903075296	0.0061075151	0.0224089327	-0.0225766684	0.2031373104	0.01211503	0.0552465622	0.1797404622	-0.0055926379	0.0986830303	0.0077659252	-0.0585625544	0.0584782775	0.0978425514	-0.0381673298	0.1083507355	0.0508417004	0.105111239	0.0176950359	0.0186248625	-0.124423803	-0.0699598442	0.0188378216	0.1201981529	0.0587936195	-0.0286376286	-0.0365105207	-0.1453516132	0.0617991028	-0.099166686	-0.032698178	0.0270093537	-0.1002167687	-0.1770854301	0.0176411457	0.0286796768	0.1037129703	-0.0902204204	-0.1087152565	-0.1488160138	-0.0404450609	-0.0991733765	-0.0614648446	-0.0693306076	0.1277155084	-0.0188142596	-0.0126141114	-0.0233192995	0.1228024233	-0.1554648291	-0.0619395526	0.0067627553	0.0223194963	-0.0112392536	-0.0040413806	-0.1687655467	-0.0822955439	0.1642360463	0.074687688	0.0717471385	0.1035436545	-0.2636689777	0.0545188958	0.0806065882	-0.0191232388	0.0647587673	-0.0917439806	0.0941250294	0.1589914614	-0.0126839548	-0.0563536823	-0.0385438103	-0.0204131953	0.0417742314	0.0468027684	0.0125497359	0.0126999139	-0.1293067071	-0.0404563919	0.0147659923	0.0748630844	-0.0712877509	0.0703191168	0.075334635	0.0817744399	0.0981972463	0.0099468583	0.0451224474	0.1115612339	0.133425323	-0.0794116107	0.0022007193	0.0371226604	-0.0806977506	0.1798143492	-0.0056129497	0.0124423825	-0.0149677578	0.0030782355	-0.0054306124	-0.0539904157	-0.0037563698	0.0346669959	-0.0028380277	0.0010395694	0.149595405	-0.1466610625	-0.0369444443	-0.1160639717	0.0851389603	-0.0395510834	-0.0128483897	-0.0561344194640724	0.0022750511908924	0.0031510730485684	5.175857921181366e-06	-0.0388160760617353	0.0086561972522076	7.49297508691264e-05	0.0015066877608304	0.2091181339404357	-0.000189054218552	0.04373039394273	3.574149755234033e-08	0.0004893516462013	-7.953720400410004e-05	6.326166820789827e-09	2.394650336399223e-07	0.0021270368772821	-6.599423914870018e-05	4.524285877317987e-06	4.355239600815832e-09	0.0001399801865775	3.76039629303e-05	1.4140580280633767e-09	1.9594452634271716e-08	0.0	0.0	0.0	0.0	0.0	0.0	0.0	0.0	0.0	0.0	0.0	0.0	0.0	0.0	0.0	0.0	0.0	0.0	0.0	0.0	0.0	0.0	0.0	0.0	0.0	0.0	0.0	0.0	0.0	0.0	0.0	0.0	0.0	0.0	0.0	0.0	0.0
5051.147480375345	4.199448859943914	17.635370727284236	25514090.8685022	10792.030659888074	33.10547444239819	1095.9724380562798	116467925.76396422	4966.0763551339005	-6.847635137789439	46.890106980288586	24661914.365020007	5444.272400366137	7638.6963538724785	1.203383	24.439661	0.0413664183279631	0.019723990886259	-0.1043280411	-0.0751760051	-0.0274906241	0.1234499323	-0.0934265667	-0.0363928927	0.025076422	0.0734247015	0.0448185651	-0.0511908607	-0.0660008043	-0.0628893956	0.1339465713	-0.1653052889	-0.0123376403	0.1223017306	0.0452039642	0.1468553518	-0.0019377827	-0.0245028156	-0.1891312569	-0.0324876868	-0.0947211684	-0.1350937848	-0.0015621211	-0.0925529546	0.0432038351	0.0080894218	0.1714426849	-0.0683833759	0.2077447892	0.0158931428	-0.0055885675	0.042108025	-0.0310186466	-0.0359601422	-0.0739291937	0.0261444728	0.0084143271	0.0329071648	-0.0378519115	0.1464181191	-0.1156126767	-0.0190570399	0.0570522598	-0.0113246649	-0.1054610737	0.0629578578	-0.0243563197	0.0483569598	0.0124651123	0.0107600319	-0.0214165145	0.1085443259	0.1144194618	-0.1030523978	-0.0393336346	0.0147428944	0.1222620934	-0.0790075659	-0.1382246635	0.0217137212	0.0648316439	0.0059627719	-0.0961967495	-0.1084334226	-0.0082882929	-0.1383021121	0.0704689026	0.0915234503	0.0976550126	-0.0038780381	-0.1855427805	0.080582069	0.0495338911	-0.0504857494	0.0757518591	-0.1391630958	0.1209662099	0.0037609367	0.0282441013	-0.075137703	-0.1305507577	-0.0185412963	0.1246869315	-0.0543573282	0.2608006639	-0.0985391569	-0.0185130562	-0.064779332	0.0038426162	-0.0110335845	-0.0760970871	-0.1145419599	-0.0017346823	0.0224990014	0.0740311505	0.0268337113	0.0979488846	0.1020119573	-0.0341913945	-0.013155494	0.0953263664	0.0355644054	-0.0753138435	-0.0332126439	0.1688610396	0.069321944	-0.0235734347	-0.1029383118	0.0686215082	-0.1052290303	-0.0193514659	0.0374642433	-0.0653349861	0.0273659211	-0.0557006875	-0.0715565756	0.0465996752	0.0780752392	-0.0621281518	-0.1568828984	-0.2102660766	0.1823571181	-0.1057771179	0.1383795523	-0.117332818	0.089802651	-0.0486008445	-0.0	-0.0495810467353265	0.0065533727287459	0.0024582801953706	4.294669412187056e-05	-0.030831646923275	0.0079844291384603	6.375110866709394e-05	0.0009505904520014	0.2257625831995824	0.0166444492591466	0.0509687439729483	0.0002770376911403	0.0005769343938344	8.758274763309996e-05	7.670737682963278e-09	3.328532947890665e-07	0.0020880188260534	-3.901805122870014e-05	4.359822617953418e-06	1.5224083216854683e-09	6.289764140709591e-05	-7.708254517040409e-05	5.941718769947387e-09	3.956113294575626e-09	0.0	0.0	0.0	0.0	0.0	0.0	0.0	0.0	0.0	0.0	0.0	0.0	0.0	0.0	0.0	0.0	0.0	0.0	0.0	0.0	0.0	0.0	0.0	0.0	0.0	0.0	0.0	0.0	0.0	0.0	0.0	0.0	0.0	0.0	0.0	0.0	0.0
5049.315125716984	-1.8323546583615096	3.357523594019125	25495583.23879432	10797.472932015058	5.44227212698388	29.61832590414565	116585421.71759786	4964.914813333687	-1.161541800213854	1.3491793536440406	24650379.10366028	5441.728209127409	7592.780869965769	1.301534	26.433023	0.0186100439385197	0.0101393864840385	0.0701700434	-0.1134628828	0.0793544178	-0.0635655858	-0.1542254789	-0.0332112517	-0.0230345698	0.112174391	0.0618704993	0.1477806289	0.0375778543	0.0117877713	0.2029884738	0.1176267674	0.0318679464	0.1309542867	-0.0343624598	-0.0012723105	-0.019885522	0.1081640734	-0.0880289954	-0.0705534925	0.0930744636	-0.0494855322	-0.0682782327	0.003392629	0.0770928715	-0.1146575842	0.0476709845	-0.1201509802	-0.0505067222	-0.0548494469	0.0312317423	-0.0964372669	-0.0063627438	0.0462586316	0.2273155755	0.0627811498	-0.0147373859	-0.183460486	-0.0750946	-0.0320683013	0.0903723794	0.0241239142	-0.0561727086	0.0102513969	-0.1115881801	0.1004180623	-0.0962374245	-0.0482323353	-0.0669453958	-0.035635517	-0.0522425765	-0.0928522944	-0.0655909937	0.1942738301	0.0193757669	0.0897575921	0.0518543327	0.1039420338	-0.0689277853	0.078110166	0.0851949432	0.1517920471	-0.0826864461	-0.0585310714	-0.0471073135	-0.0457253084	0.0897126148	0.0453342153	0.0164020014	0.0201612831	0.0138679915	-0.1576759912	0.2260732135	0.0356131467	0.028939571	0.0441870246	0.1456074291	0.0063632287	-0.0982523421	-0.0532950249	-0.0273039385	0.0706453191	-0.0780609217	0.0368140181	-0.0491407049	-0.0589342313	0.0708613422	-0.004382382	-0.1392456788	-0.0995842142	-0.0895713016	0.0119110869	-0.0970065835	-0.025550424	-0.1940460288	0.0943903685	0.0159636547	0.1126772254	-0.0565936438	-0.0908250918	0.0454719893	-0.1092813509	-0.0548139038	-0.0408522689	0.0980639477	0.0821254878	-0.0871509242	-0.0623832875	0.0027320826	-0.0179178268	0.008157202	0.1146577137	-0.1257636702	-0.0954612016	0.1068498261	0.1124765287	0.042909445	0.0615586581	-0.0680194535	-0.1086716452	-0.1679333991	-0.1372260143	0.0505582433	0.0482065581	-0.1185263543	0.0942358196	-0.0573699759	0.0128483897	-0.0589458887347973	-0.0093648419994708	0.0034746177987351	8.770026567505231e-05	-0.0308375891943342	-5.942271059201226e-06	3.5310585341020466e-11	0.0009509569073185	0.2283820303289019	0.0026194471293194	0.0521583517771514	6.861503263300151e-06	0.0006458915351136	6.895714127920006e-05	4.755087333399557e-09	4.171758751314028e-07	0.0021110372590988	2.3018433045400404e-05	4.456478309303375e-06	5.298482598655813e-10	0.0001033183178559	4.0420676448804085e-05	1.633831084578905e-09	1.0674674804572784e-08	0.0	0.0	0.0	0.0	0.0	0.0	0.0	0.0	0.0	0.0	0.0	0.0	0.0	0.0	0.0	0.0	0.0	0.0	0.0	0.0	0.0	0.0	0.0	0.0	0.0	0.0	0.0	0.0	0.0	0.0	0.0	0.0	0.0	0.0	0.0	0.0	0.0
5049.016087594769	-0.2990381222152791	0.0894237985380402	25492563.452790786	10775.899991524651	-21.57294049040684	465.3917614026348	116120020.627341	4963.053387257848	-1.861426075838608	3.4649070358119194	24631898.9247716	5438.160121024923	7608.751196565528	1.143718	23.227921	0.0404551537335224	0.0194947996980164	0.1181177585	0.0321966092	-0.0816297335	-0.0624997358	0.0267516754	-0.0620891162	-0.0462026142	0.1643648224	0.0263485641	0.0426816759	-0.1177197463	0.0102533996	0.1810366217	0.017571057	0.070120644	0.0900926827	-0.0285626935	-0.0404598815	0.0866216474	-0.1549136645	-0.0527506332	-0.0912806315	0.2137279978	0.1719340035	-0.0136100868	-0.0381407275	0.0511430186	-0.0376029577	-0.02049246	0.166946069	-0.0522620231	-0.0166488079	0.0086805774	-0.0350158618	0.0685591571	-0.0212026263	-0.0452701768	0.0680120894	-0.0162353295	-0.1066152266	-0.0308831332	0.0513604431	-0.0423649691	-0.0585780878	-0.0050121372	-0.0661035953	0.0396694814	-0.012105039	-0.1177942546	0.0496480044	0.0558872384	0.008139727	-0.0058013188	-0.1141716524	-0.2520273328	0.0331541906	-0.0770021544	0.1100605287	-0.1041690678	0.0911027131	-0.0958051802	0.107618534	0.0662269056	0.0689689112	-0.1454724235	0.0411286108	-0.0745734256	-0.011314795	-0.0762399539	-0.103453464	0.0450729839	0.009879339	0.0325395936	-0.1201506513	0.048995267	-0.1261854872	0.1562456382	0.0673115808	0.0220703395	0.0651585067	0.1140980499	0.0415525602	-0.0509595164	-0.0185945787	-0.1761482848	-0.0513869165	0.0022473537	-0.0285475207	0.0051927113	-0.1111572725	-0.0011309623	0.0930993617	-0.0130778168	0.1414258371	-0.0424652015	0.0508458157	-0.1288505795	-0.0831349163	0.1787402526	-0.0426373863	-0.0241392637	-0.1000723509	0.0126217361	-0.0928900364	0.0429385652	0.079845649	0.0196778748	0.1326796155	-0.0557668265	-0.0152665064	-0.014062149	-0.185418498	0.0257834126	-0.0007942979	-0.0811111287	-0.0569814372	0.0023336885	0.0999547333	-0.1520872744	0.156449403	0.022384916	-0.0160320337	-0.0171179266	-0.1374262473	0.0386949001	-0.120327129	-0.1196438145	0.0984270862	-0.0658078432	0.0255649376	-0.0632050577003298	-0.0042591689655325	0.003994879318902	1.81405202769552e-05	-0.0308625557999278	-2.496660559360084e-05	6.233313948664205e-10	0.0009524973505036	0.2125297993342556	-0.0158522309946463	0.0451689156050589	0.0002512932275076	0.0003972851189086	-0.000248606416205	6.180515017829369e-08	1.578354657062205e-07	0.0020590408891123	-5.19963699865001e-05	4.239649383036372e-06	2.703622491773009e-09	0.0002090912750194	0.0001057729571635	1.1187918467111608e-08	4.3719161289238376e-08	0.0	0.0	0.0	0.0	0.0	0.0	0.0	0.0	0.0	0.0	0.0	0.0	0.0	0.0	0.0	0.0	0.0	0.0	0.0	0.0	0.0	0.0	0.0	0.0	0.0	0.0	0.0	0.0	0.0	0.0	0.0	0.0	0.0	0.0	0.0	0.0	0.0
5054.331302004303	5.315214409534747	28.25150421932581	25546264.910420515	10748.270661507246	-27.629330017405664	763.3798772107136	115525322.2130174	4971.346147708883	8.292760451035065	68.76987589825129	24714282.52033995	5447.273419435263	7589.980562642061	1.393948	28.309885	0.0427049008339011	0.0202963717358322	-0.0312818143	0.1158717597	0.1122323647	-0.0046818467	0.0815589136	-0.0355583683	0.0441314611	0.172284405	0.0596574031	0.0121062496	0.0282322561	-0.1236836541	0.0807548777	-0.0078765687	0.0006690521	0.0486597842	0.0295183367	-0.0648506725	0.1541914092	-0.0025259095	0.0532559862	-0.1015665008	0.0500566188	-0.1209238016	0.0311739388	-0.069683779	0.0405279365	0.0460232312	-0.0985463913	0.1283691871	0.0395337215	-0.0194292852	-0.038069315	0.1152365785	0.0240360572	0.0049673366	0.0837810416	-0.0512875307	-0.0374387517	0.0312415839	0.0297017573	-0.0618715985	0.0874039911	-0.0738097469	-0.2743569361	-0.0447010418	0.0532875092	-0.1021093041	0.1026125193	-0.02045947	0.0501717001	-0.0352207498	-0.0751855889	0.067921846	-0.0515107388	-0.0939228869	0.0266852734	0.0995025625	-0.0822697715	-0.040389047	-0.0935349042	0.0182688126	0.1100302324	0.1083648418	0.0421003962	0.0650273848	0.0990752661	-0.0755148899	-0.12555885	-0.1074369762	0.1006136624	-0.0155185863	-0.0294502654	0.0843785887	0.0034189737	0.1634593071	-0.0271160451	-0.0345250025	-0.1173110919	0.0372190533	0.1068192232	0.0990466936	0.0459102365	0.1337299809	-0.0318768344	0.0888637473	0.0160918431	0.0002940639	-0.050469703	-0.1193675686	0.066953916	-0.0844365671	0.1623971535	0.109167948	-0.0102779179	0.0104123823	-0.0437608417	-0.0053859637	0.0423849522	-0.0101755985	0.1135970931	0.0206115379	0.0215942647	0.0818803384	0.0356834375	0.0604657365	0.0229240005	0.1524614256	-0.0822539577	-0.0807992422	-0.0712072951	-0.0364590166	0.0801261618	-0.0454529393	-0.0350581166	0.0004987359	-0.037076789	-0.0818933523	-0.2008722536	0.1422846742	-0.0602526572	0.1105608066	-0.0288096198	0.0844258252	0.0090184929	-0.1218459376	-0.1206844814	0.1023656918	-0.0738657246	0.0380191546	-0.0581345147543288	0.005070542946001	0.0033796218057212	2.571040576724054e-05	-0.0309966153630227	-0.0001340595630948	1.7971966457195324e-08	0.0009607901639631	0.2241066745656894	0.0115768752314338	0.0502238015848918	0.0001340240401241	0.0007169318131218	0.0003196466942132	1.0217400912142697e-07	5.139912246661116e-07	0.0020000276758336	-5.901321327869994e-05	4.000110704100352e-06	3.482559341477327e-09	6.928272064387193e-05	-0.0001398085543755	1.9546431876574992e-08	4.800095379816798e-09	0.0	0.0	0.0	0.0	0.0	0.0	0.0	0.0	0.0	0.0	0.0	0.0	0.0	0.0	0.0	0.0	0.0	0.0	0.0	0.0	0.0	0.0	0.0	0.0	0.0	0.0	0.0	0.0	0.0	0.0	0.0	0.0	0.0	0.0	0.0	0.0	0.0
5056.315903694757	1.9846016904539283	3.93864386975259	25566330.51795653	10799.94718023903	51.67651873178511	2670.462588236537	116638859.095953	4969.112571536026	-2.2335761728572834	4.988862519955789	24692079.748597376	5443.658411715893	7653.555799530774	1.343837	27.292168	0.0269076529897294	0.0148864494760599	-0.1146903662	-0.0759421914	-0.0438795605	0.1014797734	-0.090839567	-0.003931596	0.0494398656	-0.0022194966	0.0164301771	0.0820497334	-0.1234997828	-0.126988071	0.0352971049	-0.030835344	-0.0207862691	0.0806105345	-0.0466494212	0.1802328485	-0.004126453	0.1292310663	0.1171733495	0.0638983604	-0.087367026	-0.0461102019	-0.1991852079	-0.0402467089	-0.0741277291	-0.0205366282	-0.1102292742	-0.0431261955	0.0177178466	-0.0465948568	-0.07841036	0.062443829	0.0204184623	-0.0286875613	-0.0352190924	0.1520424757	-0.0690119751	0.0349784754	-0.0284613946	-0.0529685614	-0.049741366	-0.0058714952	0.1079324203	-0.007127096	-0.0335112747	-0.0293629443	-0.0300509864	-0.0645854684	0.1877975171	-0.1057712369	-0.1453467526	0.0070062889	0.1104156413	0.1043176948	0.0841650031	0.0133850714	0.1186188691	-0.0363670685	-0.072203773	-0.0294001072	0.0005085725	-0.0399367203	-0.1127731355	-0.0600093843	0.1267744034	-0.0693011617	-0.0256306122	0.1748805971	0.0662045444	-0.1703030305	-0.0048803461	0.0919695516	0.1779484021	0.0433714398	0.0020488892	0.0625463696	-0.0463536546	-0.018628386	-0.0076397619	-0.0629161023	0.0986710399	-0.1152462355	0.0070335184	-0.0184317703	0.0377713476	0.0976531439	-0.1063600244	0.0463373081	-0.0555393673	-0.0607952721	-0.0437304528	-0.100089219	-0.0378020051	0.0200010455	-0.0524518135	0.2053971541	-0.0587470912	-0.042250407	0.0108210733	0.0803504445	0.0450346304	0.054870293	-0.0738121211	-0.0875970055	0.0075609716	0.0938408923	0.0004725426	-0.0832665835	0.0033052171	-0.1018205152	-0.0817994821	0.0395373532	-0.1340900954	0.0263872856	-0.0175140789	-0.0294362896	-0.1161265237	0.0784940705	-0.1071631186	-0.0859915836	-0.0239614225	0.0136975005	-0.1073126821	0.0447638686	-0.1216476871	0.1060415262	-0.0814970925	0.0500832437	-0.0592195495923704	-0.0010850348380416	0.0035069550539232	1.1773005997639611e-06	-0.0308666473250838	0.0001299680379388	1.6891690885687273e-08	0.0009527499170911	0.228666279764262	0.0045596051985725	0.0522882675012277	2.078999956685025e-05	0.0009778813556482	0.0002609495425264	6.809466374473745e-08	9.562519457243615e-07	0.0021180576215376	0.0001180299457039	4.486168088153515e-06	1.393106808288916e-08	0.000112964130717	4.368141007312806e-05	1.908065585976773e-09	1.2760894828647462e-08	0.0	0.0	0.0	0.0	0.0	0.0	0.0	0.0	0.0	0.0	0.0	0.0	0.0	0.0	0.0	0.0	0.0	0.0	0.0	0.0	0.0	0.0	0.0	0.0	0.0	0.0	0.0	0.0	0.0	0.0	0.0	0.0	0.0	0.0	0.0	0.0	0.0
5049.031034531075	-7.284869163681833	53.06931873196245	25492714.38765794	10798.154139385322	-1.7930408537085896	3.214995503068028	116600132.81792437	4967.882106100153	-1.2304654358731568	1.5140451888785178	24679852.620110087	5441.762312312257	7641.369313256666	1.486234	30.184135	0.0385904230652552	0.020452411674984	0.110169747	-0.0691830884	0.0517289157	-0.0919027909	-0.0519710672	-0.0131409036	-0.0466096842	-0.0220908043	0.004853395	0.0550165884	0.0108598103	0.0148936583	0.0749311395	0.0160528665	0.0482647428	-0.0480149207	0.0231777093	0.0153840897	-0.1106142103	-0.1696057864	-0.0510725576	0.0204380764	0.1335388478	-0.1389966324	0.1056471776	0.0783241974	0.1137929037	-0.0020087532	0.1086980794	0.1144785562	0.0217128527	-0.166428497	0.0374556084	0.0027437699	0.0501813784	-0.1876239719	0.0684842763	-0.0861457255	0.0839648388	0.1375056197	0.1156985147	-0.095244595	-0.0746328309	-0.010710837	0.037126725	-0.0108191588	-0.0082152015	0.0689316964	-0.1249600724	-0.0614585899	0.0861188738	-0.0992013703	-0.0556020895	-0.0233705982	0.0056885315	-0.0856422761	0.1541847753	-0.0635343341	0.0335423039	0.0963132891	0.0522400253	0.0248626855	0.0751017424	0.0516158894	0.0110186236	0.0347250738	-0.0855699099	-0.1742304758	-0.0165831856	0.0185424075	-0.0748692773	-0.10190157	-0.0087073538	0.0078698814	-0.0402736774	-0.1256682073	-0.0871470092	-0.0371119108	0.0620153335	-0.0694919508	0.1209644161	0.009132954	-0.2446966538	0.1759534187	-0.0316148714	-0.1628067444	-0.0970940719	-0.0648065099	0.0684718559	0.1658252012	0.0123128454	-0.0900681542	-0.0340719083	0.0107504085	0.0268657693	0.0349213805	0.0710584523	0.0218053333	0.090619031	0.0056363226	0.0450769047	0.0109880059	-0.0326644636	-0.1326585245	-0.0335101309	-0.0449706122	-0.018086755	0.0322287664	-0.0451681868	-0.1778462615	0.0253027265	0.0187057417	0.0225289033	0.0498494029	-0.1437367347	-0.0690837199	0.0291694227	0.0033468847	-0.080775585	0.0364571348	-0.1049546158	0.0260584693	0.0869984021	-0.0542543034	0.0711863784	0.0780089634	-0.1225328133	0.1094451535	-0.088657882	0.0616334109	-0.0609028456212001	-0.0016832960288297	0.0037091566047597	2.833485520673849e-06	-0.0470823292964865	-0.0162156819714027	0.0002629483417976	0.0022167457319827	0.2226628305231841	-0.0060034492410778	0.0495787360965962	3.60414027901985e-05	0.0007833215922698	-0.0001945597633784	3.7853501525859023e-08	6.135927169160947e-07	0.0021640688487112	4.6011227173600126e-05	4.68319398196222e-06	2.117033026020638e-09	0.0001661530566439	5.318892592690002e-05	2.829061841257257e-09	2.7606838232111047e-08	0.0	0.0	0.0	0.0	0.0	0.0	0.0	0.0	0.0	0.0	0.0	0.0	0.0	0.0	0.0	0.0	0.0	0.0	0.0	0.0	0.0	0.0	0.0	0.0	0.0	0.0	0.0	0.0	0.0	0.0	0.0	0.0	0.0	0.0	0.0	0.0	0.0
5055.644512003608	6.613477472532395	43.738084279693474	25559541.4317522	10765.471562677098	-32.68257670822459	1068.1508202889845	115895377.96680927	4969.95559316475	2.0734870645974297	4.299348607052866	24700458.598029584	5446.273114514568	7636.57668317735	1.288889	26.176229	0.0292789638431253	0.0169583457721134	0.0395610604	0.1095048613	0.0218720483	-0.0641629437	0.1093530414	0.0113922322	0.0019829391	0.0009743323	-0.0306468134	0.0567741094	0.0650277666	0.0374796448	0.1103016647	0.1048631236	-0.0110363593	-0.1166192021	-0.0127465761	0.0323026733	0.0870558274	-0.0989060378	0.0875193	-0.0808401744	-0.0833106586	0.1013808831	0.1452485465	-0.0806298285	-0.0183497047	-0.0378974067	-0.0691492258	-0.0777824518	0.0057460317	-0.0939146767	0.0528867666	-0.0012224531	0.0369432813	0.0307857272	-0.0025192902	-0.1021978344	-0.0431257396	-0.0767450566	-0.0350369058	0.0031940124	0.0265606052	0.0587872169	0.0797342129	0.0600483269	-0.0554684315	0.0487936267	-0.0448812633	-0.0564238509	0.0387491115	-0.035920879	0.1761970203	0.1584798878	-0.0017396594	-0.0511162735	-0.0695666439	-0.1340739242	-0.1394417083	0.0129421338	-0.0309558237	0.0670652723	-0.0255581973	0.0059222023	-0.0709272446	-0.0281309567	0.0828467524	-0.012003478	-0.0922226697	-0.1180966411	0.0383194253	-0.0315406174	0.093069937	-0.0452286969	-0.0953728137	0.0174493072	0.0953192076	-0.039611596	0.084227801	0.1117093214	-0.1636498578	-0.1040019088	0.0433345053	0.062854885	0.0646069471	-0.0238118482	-0.0149896367	0.0462074248	0.1667786754	0.0564930501	0.0399081707	0.061469728	-0.0986526709	-0.0670646758	0.0840545782	-0.0386196863	-0.0175781606	0.0064533533	0.0721220819	-0.0192562276	-0.0556630213	0.0998261868	-0.0317106636	0.0011415035	0.0299266775	0.0975302568	-0.0941781533	0.0512381931	-0.1062769692	-0.0321304964	0.0205766481	-0.0776095935	-0.0958362399	0.1469116738	-0.0957274849	-0.0638790973	-0.0007190993	-0.0622173952	0.0052075317	0.0557189967	-0.134399423	0.0768898417	0.1090380949	-0.0037457081	0.1316608397	-0.0671791145	-0.1233392918	0.1125678367	-0.0953067456	0.0725511359	-0.064611680834389	-0.0037088352131888	0.0041746693002449	1.3755458638589885e-05	-0.0308351888729703	0.0162471404235162	0.0002639695719414	0.0009508088728317	0.2248167386960844	0.0021539081729002	0.0505425659979434	4.639320417286654e-06	0.0007068703423355	-7.645124993429999e-05	5.844793616516803e-09	4.996656808735069e-07	0.0021410480305588	-2.3020818152400327e-05	4.584086669159715e-06	5.299580684058844e-10	0.0001222435240602	-4.39095325837e-05	1.928047051719012e-09	1.49434791746567e-08	0.0	0.0	0.0	0.0	0.0	0.0	0.0	0.0	0.0	0.0	0.0	0.0	0.0	0.0	0.0	0.0	0.0	0.0	0.0	0.0	0.0	0.0	0.0	0.0	0.0	0.0	0.0	0.0	0.0	0.0	0.0	0.0	0.0	0.0	0.0	0.0	0.0
5057.821348589	2.176836585392266	4.73861751950226	25581556.79424265	10776.809652536029	11.338089858931198	128.55228164919848	116139626.28699373	4972.234216044692	2.2786228799423043	5.192122228996561	24723113.099205576	5453.929258236407	7695.305238251902	1.348726	27.39146	0.0153198406459988	0.0081284948993026	-0.1284481662	0.0242063897	-0.0308013834	0.0994332042	0.0221310327	0.0198454948	0.0012415449	-0.0336997006	0.0868309549	-0.0406275951	0.0015449893	-0.0966025583	0.0245410702	-0.0522473582	-0.0607300838	-0.0054656005	0.033037905	0.0125814712	0.0281057504	-0.0187874623	0.0565177264	-0.1089017444	0.0922645493	0.1249325943	-0.1330258849	-0.0761708534	0.1071067569	0.0308678019	0.1093527324	-0.1855556662	0.1196065629	-0.1435197779	0.041822027	0.0322315831	-0.0289297033	-0.0587138247	0.0917715671	0.1127532096	-0.0928972062	0.0089786699	0.046379368	-0.0760781725	0.068131674	0.0980317009	-0.0579405864	-0.1857086983	-0.114230419	0.020712265	0.0465269747	-0.0757878368	0.0068473446	-0.0228921736	0.1331427185	0.004765935	0.0514058188	-0.0660858695	-0.0928834992	-0.0235212914	0.0077344059	-0.1243140221	-0.0176178999	-0.0696328153	-0.001477956	-0.0140344184	-0.0251996872	0.0428717649	0.0681923379	-0.0982895547	-0.1927985819	0.0036101264	-0.0473965408	0.008913276	-0.0002529435	-0.0083948274	0.1246932961	-0.0070945273	0.131523444	-0.1322723768	0.0603916248	-0.0321782385	0.0212169677	-0.1351834477	-0.0258303286	0.059149612	0.0291160005	-0.0239458007	0.0458917429	0.1068195953	0.037841029	-0.0142452513	0.0719702901	-0.2097244386	0.1421208688	-0.0093943088	0.0827287505	-0.0569590982	-0.1296356597	0.0066555442	0.0125715665	0.0208886757	0.0146332525	-0.1395388624	-0.0097032999	0.1341557269	-0.0513121263	-0.0165350454	-0.0682052408	0.0782556456	0.0002593491	-0.017126909	-0.0516000004	-0.0827383414	0.0673317186	0.04302704	-0.094374183	-0.0168799514	0.0609723197	0.0302213433	-0.1389730854	-0.0240026757	-0.1238899487	0.0366985276	0.1807220532	0.016328859	0.0308147711	0.1011850634	-0.1240666051	0.1154015599	-0.1014052916	0.082724388	-0.0578107740716689	0.00680090676272	0.0033420855987655	4.625233279521186e-05	-0.0310023377452495	-0.0001671488722791	2.793874550420804e-08	0.0009611449456705	0.2244464209925354	-0.000370317703549	0.0503761958963584	1.371352015618093e-07	0.0007899038804102	8.303353807470007e-05	6.894568445202667e-09	6.239481402870917e-07	0.0021845374348798	4.348940432100015e-05	4.772203804391216e-06	1.891328288195426e-09	8.91371203068896e-05	-3.310640375331041e-05	1.0960339694772056e-09	7.945426216604911e-09	0.0	0.0	0.0	0.0	0.0	0.0	0.0	0.0	0.0	0.0	0.0	0.0	0.0	0.0	0.0	0.0	0.0	0.0	0.0	0.0	0.0	0.0	0.0	0.0	0.0	0.0	0.0	0.0	0.0	0.0	0.0	0.0	0.0	0.0	0.0	0.0	0.0
5047.321877880618	-10.499470708382432	110.2388851561807	25475458.138932325	10779.13761055902	2.3279580229918797	5.419388556812259	116189807.62736803	4972.48101963141	0.2468035867177604	0.0609120104167511	24725567.49059463	5448.690265040992	7660.531334587921	1.109184	22.526567	0.0471574956551456	0.0255989672030354	-0.0789934433	-0.0922914678	-0.0222851698	0.0869272343	-0.0664372014	-0.0249771095	-0.0777214348	-0.0268453267	-0.0086226202	-0.0181815346	-0.0407371471	-0.0731671725	-0.0365003847	-0.0167782376	0.0039348932	-0.0248920791	0.0779133859	-0.0485029465	-0.050666165	-0.0524207739	-0.0028042922	0.0324957414	-0.0063966562	-0.0999765129	-0.070511928	0.076827557	-0.0041096509	0.0008307109	-0.0465152776	0.0220820805	-0.0453995138	-0.0564285603	-0.0660757838	0.0499379719	-0.0744418635	-0.006349362	0.058645051	0.0535879535	-0.131287917	0.0994167843	-0.1360409723	0.1231956017	-0.1109376895	0.0857658742	-0.0042642269	-0.0193488083	0.0098187005	0.0521916897	0.033323356	0.1194125801	0.0359337858	0.2150058053	0.0460894172	-0.0161009799	0.0661225704	0.0915020971	0.1398047033	-0.071384933	0.0958841378	-0.0187724782	0.0443521675	-0.0327326875	0.0186406395	-0.0572657265	-0.0017681167	0.0122337433	0.0733271304	-0.1328008674	0.0756857766	-0.0134528529	-0.065177084	-0.0129258151	-0.0114616342	0.0992029621	0.0522779595	-0.0112128375	-0.0646843576	-0.0415888371	0.0311769065	-0.0428201615	0.0859288517	0.0212184606	0.0488203867	-0.0671087059	-0.10387969	-0.0154542784	-0.0044648946	0.1647270339	-0.018678494	-0.0538912893	-0.100847286	-0.0355857548	-0.0585091071	-0.1953278714	0.0874553276	0.0589007136	0.1058213479	0.0392860466	0.0205634144	-0.1102840827	-0.1037955344	-0.0149324464	-0.0321735619	0.0268689851	-0.0757029179	-0.1103507509	-0.0154680503	0.054813024	0.0348610251	-0.0003021837	-0.0072325381	-0.084168394	0.0157162946	-0.0151716407	-0.0002048662	-0.0264303957	-0.1003598038	-0.0676971219	-0.1757276561	-0.0059030225	-0.0429974792	-0.1325018507	0.0019996037	-0.0051272884	-0.0966670459	0.1140204876	-0.1247142864	0.1179390489	-0.1069183059	0.092048776	-0.0572373982850962	0.0005733757865727	0.0032761197624467	3.287597926278668e-07	-0.0520298836348445	-0.021027545889595	0.000442157686139	0.0027071087910554	0.2384698479137554	0.0140234269212199	0.0568678683640096	0.0001966565026147	0.0008849014371785	9.499755676829996e-05	9.024535791946372e-09	7.830505535205748e-07	0.0023170405439141	0.0001325031090343	5.368676882141749e-06	1.755707390375565e-08	8.597484495433193e-05	-3.162275352557671e-06	9.999985405393742e-12	7.391673964921414e-09	0.0	0.0	0.0	0.0	0.0	0.0	0.0	0.0	0.0	0.0	0.0	0.0	0.0	0.0	0.0	0.0	0.0	0.0	0.0	0.0	0.0	0.0	0.0	0.0	0.0	0.0	0.0	0.0	0.0	0.0	0.0	0.0	0.0	0.0	0.0	0.0	0.0
5046.244247323469	-1.0776305571489502	1.1612876177011568	25464581.0036452	10788.526293818815	9.38868325979456	88.14737335274663	116392299.59241994	4966.401715170744	-6.079304460666208	36.95794272547605	24665145.99645091	5441.120895478501	7610.019500307089	1.340933	27.233192	0.039371310385632	0.026077183908729	0.1092440119	-0.0715810322	-0.0020066547	-0.0810408762	-0.0082464121	-0.019450985	0.0237849279	-0.1022476851	-0.0942656241	0.0357844188	0.0562077573	0.1165753703	-0.0072005919	0.0383911494	-0.0399204049	0.0475563822	0.0064923248	-0.1462186064	0.043954543	-0.154872804	0.1268428535	-0.0799485742	0.0805724638	0.0214052203	-0.0511970439	0.0926293201	-0.0976578994	0.0264351485	0.0145681948	-0.0282229648	0.0058037273	-0.0720582296	0.0675296132	-0.0217840367	-0.0399362139	0.0717018369	-0.0842401192	-0.0176179759	-0.0514039116	0.0654695046	0.1083317179	0.0051452656	-0.1070015508	-0.1664077416	0.1077996798	-0.0471985465	0.1070562424	0.0446633915	0.0213553321	-0.1365258824	-0.0220668003	0.1179945791	0.0808369846	0.0333337395	0.1626695849	0.1768385689	-0.2148813493	-0.0025117254	0.0293808816	0.0957377853	0.0785000435	0.0552088683	-0.0464796502	0.0939330546	-0.0213838002	0.0784623088	-0.0745522004	-0.0358208452	0.0298893223	-0.1134420632	-0.0558092673	-0.0244021193	0.1725354356	0.0405337278	-0.0192648576	-0.0143517887	-0.011996444	-0.0585092308	0.0399994144	-0.1053171671	0.0221619425	-0.0068459376	0.2156179278	-0.1458833129	-0.0179866451	-0.106729379	-0.0536992453	-0.1089385875	0.0641269729	0.0486141376	0.1056544947	0.0347619117	0.0971779865	0.084757369	0.0165030867	0.1205584686	0.1176851656	0.0363440848	-0.030529123	-0.0117951045	-0.0300157516	-0.1194513273	-0.0578792405	-0.1213526271	-0.0209001325	-0.0269477466	-0.0370835314	-0.0248859002	0.0089248704	-0.0988787683	0.0716219054	0.0834123565	-0.0360710307	-0.0125403275	0.0474824913	-0.0551681619	-0.0199011029	-0.0635308007	0.0736022278	0.0466978661	0.0281354391	-0.032116129	-0.0003270481	-0.0895153553	0.032838938	0.0042676657	-0.1252819198	0.12017379	-0.1118139553	0.100428619	-0.0592301505412393	-0.0019927522561431	0.0035082107331378	3.971061554363416e-06	-0.0506217631448322	0.0014081204900123	1.982803314392481e-06	0.0025625629038914	0.2622326840588087	0.0237628361450532	0.0687659805886869	0.0005646723816566	0.0008258721538191	-5.902928335940001e-05	3.484456293924339e-09	6.820648144537991e-07	0.0021645491109258	-0.0001524914329883	4.685272853609672e-06	2.325363713482519e-08	0.0001186061584951	3.263131354076808e-05	1.064802623395914e-09	1.4067420832964782e-08	0.0	0.0	0.0	0.0	0.0	0.0	0.0	0.0	0.0	0.0	0.0	0.0	0.0	0.0	0.0	0.0	0.0	0.0	0.0	0.0	0.0	0.0	0.0	0.0	0.0	0.0	0.0	0.0	0.0	0.0	0.0	0.0	0.0	0.0	0.0	0.0	0.0
5061.635509729198	15.39126240572932	236.89095844201677	25620154.03335156	10776.512094448268	-12.01419937054743	144.34098651526227	116133212.9217898	4970.162263420492	3.7605482497483536	14.141723138685403	24702512.924729116	5445.440631460636	7648.29432933422	1.197971	24.329756	0.0398191888825162	0.0226246540519262	0.0748953743	0.1024210778	0.0007279682	-0.0861681692	0.0877813895	0.0453202598	0.1310436623	-0.0196088473	-0.0445003702	0.1089235116	0.0641712785	0.0466864438	-0.0840410228	0.1365763273	-0.1441637829	-0.0519920055	0.0338419625	-0.1256545941	0.0873869902	-0.049200289	0.0754409717	0.0281599264	0.0195477756	-0.0343147267	0.0357713418	-0.0853447394	-0.0214529474	0.1270880775	0.0098838223	-0.0164428031	0.0730435988	0.0446353594	-0.0523114718	0.0050574579	0.1242858864	0.0296586537	0.1071746125	0.1155391286	0.04503458	-0.0766862786	-0.0728901781	0.035748897	0.0987742917	0.096348025	0.0606558701	0.0747520011	0.0453839239	0.039310895	-0.0080342776	0.0918027763	-0.1042803779	0.085667789	-0.0568059511	0.0593691493	0.0276075518	-0.1483792643	0.0277511166	0.1433515014	-0.1151442817	0.0563781237	-0.0618444204	-0.0334806449	-0.1593920421	0.0823171249	0.0479575382	0.0693957007	-0.0062731995	0.1252864102	0.0817996489	-0.1131761345	0.0450639989	-0.0617205063	0.0150155144	0.0149670953	-0.1055961748	-0.0127585918	0.0527630146	-0.0887198414	0.0321373851	-0.0134742146	0.0271192254	-0.0288270279	0.0877810618	0.0125778321	0.1041127321	0.0907985263	0.0136519683	0.0327730145	0.0518462575	0.0142347724	-0.1062864654	-0.0245253687	-0.0375843118	0.0365584187	0.2425185195	0.021191607	0.000326738	-0.0382135241	-0.0552229547	0.1497229075	0.0832621599	0.0172959937	-0.0289000446	-0.0135595286	0.0186713885	0.1101407564	-0.1381184565	-0.0341147973	0.0251229543	0.0353618804	-0.0395233074	0.0221082598	-0.0954787194	0.0317762307	0.0005368166	-0.1051672838	0.0427973108	-0.1233768975	0.0431338589	0.029118705	-0.028527206	0.1939807406	0.0226614887	-0.0594463208	0.0808186387	0.1080549145	-0.1257691411	0.1221000468	-0.1160639717	0.1077779285	-0.0590410050980523	0.0001891454431869	0.0034858402829882	3.5775998678405034e-08	-0.0625946571095141	-0.0119728939646819	0.0001433501898895	0.0039180910986576	0.2450190898857513	-0.0172135941730573	0.0600343544084418	0.0002963078243547	0.0009398526356415	0.0001139804818223	1.2991550236466453e-08	8.833229767222741e-07	0.0020930686871467	-7.148042377910042e-05	4.3809365291140095e-06	5.109450983639785e-09	0.0001420163589254	2.34102004303e-05	5.48037484186818e-10	2.0168646202428043e-08	0.0	0.0	0.0	0.0	0.0	0.0	0.0	0.0	0.0	0.0	0.0	0.0	0.0	0.0	0.0	0.0	0.0	0.0	0.0	0.0	0.0	0.0	0.0	0.0	0.0	0.0	0.0	0.0	0.0	0.0	0.0	0.0	0.0	0.0	0.0	0.0	0.0
5066.310933911231	4.675424182032657	21.85959128193574	25667506.479068488	10782.48506251518	5.972968066911562	35.67634752834525	116261984.12336296	4976.017175397303	5.854911976810399	34.27999425619786	24760746.92984895	5453.3795547717245	7703.302560680004	1.369309	27.80949	0.0551087579513876	0.0315285523193894	-0.1030849408	0.0413181193	-0.0338295878	0.0754758142	0.031804631	0.0855646216	0.1573536795	-0.0572508429	0.0768502736	-0.0090205942	0.0540382553	-0.0344549986	-0.1192644499	-0.0761736095	0.0023297619	-0.0211312901	0.1044014962	-0.0024493071	-0.0499157097	0.1564971705	-0.0626664562	0.0068110155	0.0283031098	0.1205308371	0.0274161203	-0.0559526843	-0.0401637004	-0.1553584654	0.0189282402	-0.0849434702	-0.0851003687	0.0499382037	-0.2371793847	0.07476109	0.0825683008	-0.0785852505	-0.0424005871	-0.2248117118	-0.0581069305	-0.0082869779	-0.0257221139	-0.1321869006	0.0602525134	0.1070458272	0.119074643	0.0432109874	0.0137542783	0.0746096717	0.0158503824	0.1095978633	-0.105731742	0.0535648274	-0.1225543506	-0.1009004177	0.0658419136	0.0315890764	0.054642674	0.0576827079	0.0220196255	-0.0865222864	-0.0446123163	-0.0793705737	-0.1166472727	-0.0607222992	0.0718219721	0.0502435865	-0.0208460361	0.0561352691	-0.016861487	-0.0269586127	-0.0086937219	0.1878786987	-0.1187951458	-0.1712803381	0.0506360438	0.0880504759	0.0020825303	0.0281988633	-0.0652827257	0.0639599605	-0.0555204463	0.0219876049	-0.047961357	0.0188948612	-0.0695239129	0.0790664263	0.1204372097	0.1570334652	-0.0114343707	0.3109770828	-0.0119673026	0.0386210217	-0.064544845	-0.0607538666	-0.0759616547	0.0704188821	0.0704994256	-0.0649246656	-0.1224040968	-0.0653014125	-0.0174816816	-0.064648096	0.0563869934	0.1166538388	-0.0503931488	0.0036188533	-0.1082319124	-0.0819017363	0.1232140144	0.0790407989	-0.1203724884	0.0506185475	0.0606663545	-0.1537875472	-0.0008620387	0.0475533397	0.0921559624	0.0834814687	-0.0325032554	-0.0789255767	0.021033618	0.1518033238	0.0424396098	-0.027260549	-0.018598418	0.0992154507	-0.1261756376	0.1237128745	-0.1196438145	0.1140212905	-0.0605158575574051	-0.0014748524593527	0.0036621690159081	2.1751897768589957e-06	-0.0573320122873184	0.0052626448221957	2.7695430524583257e-05	0.0032869596329132	0.2742858207465204	0.0292667308607691	0.0752327114625923	0.0008565415352766	0.0011218698473026	0.0001820172116611	3.3130265340881694e-08	1.258591954286759e-06	0.0019000775319353	-0.0001929911552113	3.6102946273653415e-06	3.7245585989830584e-08	0.0001349341296165	-7.082229308899991e-06	5.0157971983842045e-11	1.8207219335362425e-08	0.0	0.0	0.0	0.0	0.0	0.0	0.0	0.0	0.0	0.0	0.0	0.0	0.0	0.0	0.0	0.0	0.0	0.0	0.0	0.0	0.0	0.0	0.0	0.0	0.0	0.0	0.0	0.0	0.0	0.0	0.0	0.0	0.0	0.0	0.0	0.0	0.0
5050.926228321441	-15.38470558978952	236.68916608450087	25511855.76394546	10800.251266874797	17.766204359617404	315.63801734768845	116645427.42763063	4973.27306374022	-2.7441116570826125	7.530148786536682	24733444.966524035	5450.671663835056	7653.390137675748	1.233723	25.055855	0.0574899175197284	0.0285186178417614	-0.0556755343	-0.1135049964	0.0173705728	0.0514165512	-0.1316527271	-0.0007197741	0.0237484926	-0.0601219959	0.0143445112	-0.0304056144	0.0242261812	-0.0498139967	-0.2020735449	-0.0318963511	-0.0997631685	-0.0340083474	-0.0838962171	-0.0337344123	0.0251317389	0.1664815862	-0.1064632417	0.0963088056	-0.1021868666	-0.0929447094	-0.0234949752	-0.0157468203	-0.0245587174	0.0058457281	0.0501752617	0.003025598	-0.0047304546	0.095871754	0.0467676764	-0.0691473681	0.0047194506	-0.0301794478	-0.1144435223	0.0580337354	0.1352469854	0.2435520036	-0.0831982653	-0.0955793484	0.070988932	-0.1162813934	-0.0042427504	-0.048076426	0.1422304977	-0.1314732357	0.0620511804	-0.0780539582	0.0072571301	-0.0629767896	-0.0051260656	-0.0770956992	-0.11454548	0.0349569628	-0.1204542108	-0.0806231978	0.1054446605	-0.0217742789	0.0399208908	-0.1419325339	-0.042301992	-0.0565844583	0.079050416	0.0132980587	0.0235167643	0.1376173467	0.1291750616	0.1840924026	0.059589282	0.1119613863	-0.0887066792	0.1475297079	-0.0154862413	-0.0050841957	-0.1133427384	-0.0642562479	-0.0179602544	-0.075385654	0.1369744898	0.0881873963	-0.0213308381	-0.1167113408	0.1710550934	0.0487082587	-0.2287260521	0.0705211365	-0.0551056974	-0.0445732672	0.0331125413	0.1580839783	0.1015680881	0.0185830627	-0.0975862669	-0.0011617519	-0.0719560064	-0.0517237826	-0.081510436	-0.0226958345	-0.0071733157	-0.0141077169	0.0266555864	-4.46642e-05	-0.0790747057	-0.1196609086	-0.0161773255	-0.0428104038	0.1126899701	0.1776859392	-0.100629277	0.1090732653	0.0252796091	-0.2065961808	0.0856144126	0.0734310541	-0.0815990209	0.0032265203	0.0085121381	-0.1172730659	0.1052438343	-0.0623345801	-0.0431384563	0.0156104503	-0.0882354451	-0.0125573125	-0.1265011483	0.125008133	-0.1225328133	0.1190946399	-0.066891908852412	-0.0063760512950069	0.0044745274699193	4.0654030116559183e-05	-0.0723752273907081	-0.0150432151033897	0.0002262983206468	0.0052381735398567	0.2743375271407373	5.170639421686607e-05	0.0752610787976947	2.673551202909961e-09	0.0015802459424767	0.0004583760951741	2.101086446270557e-07	2.497177238714074e-06	0.0017892272048329	-0.0001108503271024	3.2013339905141524e-06	1.2287795018709096e-08	0.0002860866018823	0.0001511524722657	2.284706987206343e-08	8.18455437765616e-08	0.0	0.0	0.0	0.0	0.0	0.0	0.0	0.0	0.0	0.0	0.0	0.0	0.0	0.0	0.0	0.0	0.0	0.0	0.0	0.0	0.0	0.0	0.0	0.0	0.0	0.0	0.0	0.0	0.0	0.0	0.0	0.0	0.0	0.0	0.0	0.0	0.0
5053.377815032512	2.451586711071286	6.010277401901326	25536627.34146277	10785.51051955149	-14.740747323307003	217.28963164958265	116327237.16735584	4965.297888263378	-7.975175476842196	63.60342388642515	24654183.11919276	5439.698956219983	7622.326772018592	1.341232	27.239258	0.0294918277208585	0.0158024413257144	0.1132260168	-0.0589348178	-0.0483962373	-0.0898799818	-0.0243799682	0.0191049967	-0.000855679	-0.013780018	0.0154320345	0.0890666142	0.0028458976	0.1240207969	-0.1122374339	0.1049009108	-0.0062637672	0.1130764804	0.0534760026	0.0485115533	0.04630892	0.0380909862	-0.1977025934	0.0941740423	-0.0632302705	-0.0374675402	-0.0382011711	-0.0053148241	-0.0048496852	0.1204637644	-0.184906683	0.033464521	-0.1470075993	0.2155706052	0.0841004988	0.0168203795	-0.2077708555	0.0715785936	-0.1124760311	0.0851937113	0.0051042891	0.0092483674	0.1503017603	0.0693520131	0.0178642138	-0.0233062058	0.0558555347	-0.0427166285	0.0589424193	0.091431471	0.0916922505	0.0171536999	0.0910684916	0.016310903	0.1292649311	-0.0517432794	-0.1115419921	-0.1250361819	0.0219500004	0.0803366455	0.0259891368	0.1186810558	0.0608524359	-0.001755414	-0.1266365206	-0.0163651396	0.041825925	0.1139477754	-0.1126397684	-0.041854781	0.1879496748	0.0774890819	0.1089911096	0.046508166	0.0845744729	0.0301792238	-0.0137333087	-0.0634654375	-0.0485523309	0.1077196239	-0.1184264338	-0.0371442511	-0.1430523291	0.1441633565	0.0692917968	-0.0390643361	0.0736978282	0.0349114859	0.0195210955	-0.1274773451	-0.2165269954	-0.1329118789	0.0850225797	-0.0707851514	0.0617668354	-0.0379273156	-0.0870151415	-0.2477754647	0.1199311371	0.0320314422	0.1073608143	0.0057687186	-0.0198880758	-0.0236913921	-0.0001610318	-0.1419234545	0.0216159547	-0.0290537068	-0.0707423295	-0.0140426564	0.1173872681	-0.0019602448	0.0009580405	0.1915470626	-0.1577167746	-0.1506062937	0.114380442	0.0460793992	-0.0934667773	-0.0115230881	0.1309784145	0.0796497164	0.1071315681	-0.0946740801	-0.0699001586	-0.0035068874	-0.0268995522	-0.0639823168	-0.1267454643	0.1259824975	-0.1247142864	0.122945917	-0.0651102781565526	0.0017816306958594	0.0042393483216236	3.1742079364284644e-06	-0.0592951102921688	0.0130801170985393	0.0001710894633115	0.0035159101045604	0.2817987497669421	0.0074612226262048	0.0794105353702116	5.5669843077790447e-05	0.0014847675665216	-9.547837595510014e-05	9.116120275023444e-09	2.2045347265944738e-06	0.001812193903764	2.2966698931099977e-05	3.2840467448394054e-06	5.274692597917889e-10	0.0002611545307634	-2.4932071118899965e-05	6.216081702778856e-10	6.820168893825164e-08	0.0	0.0	0.0	0.0	0.0	0.0	0.0	0.0	0.0	0.0	0.0	0.0	0.0	0.0	0.0	0.0	0.0	0.0	0.0	0.0	0.0	0.0	0.0	0.0	0.0	0.0	0.0	0.0	0.0	0.0	0.0	0.0	0.0	0.0	0.0	0.0	0.0
5051.690969267652	-1.6868457648606636	2.845448634428357	25519581.648980346	10784.967287686204	-0.5432318652856338	0.295100859461709	116315519.39646152	4965.93521030708	0.6373220437017153	0.4061793873881311	24660512.51296762	5444.255970731695	7688.517892073256	1.269887	25.790312	0.0389109700401002	0.0241075391767664	0.061638257	0.1141266903	0.0320961034	-0.0864896183	0.0844190395	0.0458332287	0.0788516543	-0.0231188179	0.0974841566	0.0234501838	0.0454944351	0.1327063664	-0.0772825588	0.0411693929	-0.0214888238	-0.0664694235	-0.026273189	-0.1035237349	-0.0809538885	0.1542902002	-0.1624475826	0.0539918461	0.018490524	0.0301327448	0.040881217	-0.0401791493	0.0014113006	0.1141623093	0.0409753925	0.0553243133	-0.1215488093	0.0112875908	0.042046267	-0.0298967969	-0.0301278324	0.0635881893	-0.0327437791	-0.1259160241	0.0799448336	-0.1926773502	-0.0180400633	0.0019407928	0.019045976	-0.0631385586	-0.1388043921	0.1362993216	-0.1284250129	-0.1311965098	-0.1710416161	0.0071201592	-0.0891449417	-0.0930250909	-0.0023830848	0.0055032767	-0.0628152064	0.0139137811	0.0756671413	-0.0629044417	-0.1106266755	0.0133070216	0.0188425514	-0.0003269663	-0.1200519946	0.0230408355	0.1199943754	-0.0068352694	-0.0652112393	0.234794014	0.1710009049	0.0444603762	0.0424411963	0.0817139438	0.0571098205	-0.0527706054	-0.0246595458	-0.0570675652	-0.0243424458	0.0745055983	-0.1121121514	0.0488301759	-0.1129337252	-0.0691345701	-0.1525861649	0.0984296928	-0.1727589951	0.0848659461	0.1054340339	-0.099435683	0.0119279254	-0.0235616418	-0.0432856867	0.0999617817	-0.029488225	0.097460836	-0.0316472614	0.0012751597	-0.0883690067	-0.1099203865	-0.0491505525	0.0606575323	0.0469785175	0.0606489017	0.0728061878	-0.0048549194	0.0540986432	0.0915683027	-0.1216897853	-0.1117361521	0.1241869251	0.1862526183	-0.0683597925	0.2282579611	-0.141389939	-0.0877596842	0.0973391524	-0.051092474	0.0458945122	0.0363505635	0.0833668878	-0.0777601604	-0.0227610761	-0.0195757496	-0.0578737378	0.070304774	0.1213222099	-0.0553138539	-0.1269084288	0.1266334666	-0.1261756376	0.1255356027	-0.0637417302853293	0.0013685478712232	0.0040630081797676	1.872923275829825e-06	-0.0582907338009306	0.0010043764912382	1.0087721361519663e-06	0.0033978096470509	0.3054031432057158	0.0236043934387737	0.0932710798799309	0.0005571673896124	0.0015632994726456	7.853190612400001e-05	6.16726027946875e-09	2.443905241174011e-06	0.0019381661096447	0.0001259722058807	3.756487868575272e-06	1.586899665444949e-08	0.0002069855979908	-5.416893277260002e-05	2.93427327772246e-09	4.2843037775609075e-08	0.0	0.0	0.0	0.0	0.0	0.0	0.0	0.0	0.0	0.0	0.0	0.0	0.0	0.0	0.0	0.0	0.0	0.0	0.0	0.0	0.0	0.0	0.0	0.0	0.0	0.0	0.0	0.0	0.0	0.0	0.0	0.0	0.0	0.0	0.0	0.0	0.0
5043.205393454642	-8.485575813009746	72.004996878336	25433920.640569992	10759.286700154831	-25.68058753137302	659.4925759565115	115762250.29612865	4967.382396761289	1.447186454209259	2.094348633246768	24674887.875653926	5443.304791064973	7642.971205229544	1.438203	29.208666	0.0399725331313505	0.0210263604231977	-0.1227445638	-0.0012815524	-0.1554313235	0.1321358398	0.0490469217	0.0226392668	-0.0885586515	-0.1245436394	0.0233213384	0.0591101381	-0.046416937	0.1385205934	-0.1444860186	-0.0607201829	-0.0962670169	-0.0146974592	0.0426075297	-0.0639078164	-0.0773597302	0.0833627153	-0.0437363636	0.1579309441	-0.0571302046	0.1531709731	0.0777000299	-0.0615149403	-0.1514620218	0.0130675495	0.0229187985	-0.0529592934	0.0289750698	-0.0017976979	0.0624002117	-0.0252474414	0.1131271584	-0.0199543531	0.0174808902	0.079993837	0.0562960959	-0.0926010702	-0.0444376037	0.0762128064	-0.0253623547	0.0530178641	0.0611544965	0.0613160465	0.0208078757	-0.0677465938	-0.0310510468	0.0668492066	-0.1258397876	-0.0909801781	0.0112621374	-0.0088204577	-0.0335909799	-0.003157905	0.0279140529	-0.1129890276	0.0337012677	-0.0652577747	0.0232074464	0.0231501878	-0.2445435526	-0.0985381022	0.0093954738	0.0483272071	-0.0854164255	0.1572857152	0.0871730625	0.0485633052	-0.0138688548	0.036698053	-0.0924793161	-0.0508709847	-0.0864648107	-0.0062736447	-0.0062910589	0.0096639843	-0.0237186224	-0.0412533614	-0.0441109923	-0.1463290009	-0.0343997623	-0.0630707748	-0.0003499971	-0.0100888098	-0.0628846171	0.0815069422	0.067935589	0.0076197236	-0.1383985377	0.0506716235	0.0322018369	0.1108461128	0.0165404299	-0.0351456003	0.0421085179	-0.0592432815	0.0121493394	-0.0285471059	-0.0329009909	0.0931999294	0.0086953646	0.102289801	-0.0144851625	-0.0357646919	-0.085892089	-0.1187216024	0.2023953821	0.0977612186	0.0611156745	0.0841012393	-0.118928782	-0.0593793816	0.1443423338	0.0403479278	0.0301071209	0.0675881069	-0.008692345	-0.0168259665	0.0578351217	-0.0607799331	0.0383141565	-0.0504542202	0.0060224517	-0.044302372	-0.1269899372	0.1269593695	-0.1269084288	0.1268371232	-0.0609431817066905	0.0027985485786388	0.0037140713965346	7.831874147001256e-06	-0.0561447594365347	0.0021459743643958	4.605205972644376e-06	0.0031522340121863	0.2928882431799593	-0.0125149000257565	0.0857835229930429	0.0001566227226546	0.0015829392978926	1.963982524699997e-05	3.857227357326976e-10	2.505696820812717e-06	0.0022180475478223	0.0002798814381775	4.919734924400518e-06	7.83336194363617e-08	5.6244658164212365e-05	-0.0001507409398265	2.2722830939802917e-08	3.163461572009101e-09	0.0	0.0	0.0	0.0	0.0	0.0	0.0	0.0	0.0	0.0	0.0	0.0	0.0	0.0	0.0	0.0	0.0	0.0	0.0	0.0	0.0	0.0	0.0	0.0	0.0	0.0	0.0	0.0	0.0	0.0	0.0	0.0	0.0	0.0	0.0	0.0	0.0
