global_signal	global_signal_derivative1	global_signal_derivative1_power2	global_signal_power2	csf	csf_derivative1	csf_power2	csf_derivative1_power2	white_matter	white_matter_derivative1	white_matter_derivative1_power2	white_matter_power2	csf_wm	tcompcor	std_dvars	dvars	framewise_displacement	rmsd	t_comp_cor_00	t_comp_cor_01	t_comp_cor_02	t_comp_cor_03	t_comp_cor_04	c_comp_cor_00	c_comp_cor_01	c_comp_cor_02	c_comp_cor_03	c_comp_cor_04	c_comp_cor_05	c_comp_cor_06	c_comp_cor_07	c_comp_cor_08	c_comp_cor_09	w_comp_cor_00	w_comp_cor_01	w_comp_cor_02	w_comp_cor_03	w_comp_cor_04	w_comp_cor_05	w_comp_cor_06	w_comp_cor_07	w_comp_cor_08	w_comp_cor_09	w_comp_cor_10	w_comp_cor_11	w_comp_cor_12	w_comp_cor_13	w_comp_cor_14	w_comp_cor_15	w_comp_cor_16	w_comp_cor_17	w_comp_cor_18	w_comp_cor_19	w_comp_cor_20	w_comp_cor_21	w_comp_cor_22	w_comp_cor_23	w_comp_cor_24	w_comp_cor_25	w_comp_cor_26	w_comp_cor_27	w_comp_cor_28	w_comp_cor_29	w_comp_cor_30	w_comp_cor_31	w_comp_cor_32	w_comp_cor_33	w_comp_cor_34	w_comp_cor_35	w_comp_cor_36	w_comp_cor_37	w_comp_cor_38	w_comp_cor_39	w_comp_cor_40	w_comp_cor_41	w_comp_cor_42	w_comp_cor_43	w_comp_cor_44	w_comp_cor_45	w_comp_cor_46	w_comp_cor_47	w_comp_cor_48	w_comp_cor_49	w_comp_cor_50	w_comp_cor_51	w_comp_cor_52	w_comp_cor_53	w_comp_cor_54	w_comp_cor_55	w_comp_cor_56	w_comp_cor_57	w_comp_cor_58	w_comp_cor_59	w_comp_cor_60	w_comp_cor_61	w_comp_cor_62	w_comp_cor_63	w_comp_cor_64	w_comp_cor_65	w_comp_cor_66	w_comp_cor_67	w_comp_cor_68	w_comp_cor_69	w_comp_cor_70	w_comp_cor_71	w_comp_cor_72	a_comp_cor_00	a_comp_cor_01	a_comp_cor_02	a_comp_cor_03	a_comp_cor_04	a_comp_cor_05	a_comp_cor_06	a_comp_cor_07	a_comp_cor_08	a_comp_cor_09	a_comp_cor_10	a_comp_cor_11	a_comp_cor_12	a_comp_cor_13	a_comp_cor_14	a_comp_cor_15	a_comp_cor_16	a_comp_cor_17	a_comp_cor_18	a_comp_cor_19	a_comp_cor_20	a_comp_cor_21	a_comp_cor_22	a_comp_cor_23	a_comp_cor_24	a_comp_cor_25	a_comp_cor_26	a_comp_cor_27	a_comp_cor_28	a_comp_cor_29	a_comp_cor_30	a_comp_cor_31	a_comp_cor_32	a_comp_cor_33	a_comp_cor_34	a_comp_cor_35	a_comp_cor_36	a_comp_cor_37	a_comp_cor_38	a_comp_cor_39	a_comp_cor_40	a_comp_cor_41	a_comp_cor_42	a_comp_cor_43	a_comp_cor_44	a_comp_cor_45	a_comp_cor_46	a_comp_cor_47	a_comp_cor_48	a_comp_cor_49	a_comp_cor_50	a_comp_cor_51	a_comp_cor_52	a_comp_cor_53	a_comp_cor_54	a_comp_cor_55	a_comp_cor_56	a_comp_cor_57	a_comp_cor_58	edge_comp_00	edge_comp_01	edge_comp_02	edge_comp_03	edge_comp_04	edge_comp_05	edge_comp_06	edge_comp_07	edge_comp_08	edge_comp_09	edge_comp_10	edge_comp_11	edge_comp_12	edge_comp_13	edge_comp_14	edge_comp_15	edge_comp_16	edge_comp_17	edge_comp_18	edge_comp_19	edge_comp_20	edge_comp_21	edge_comp_22	edge_comp_23	cosine00	cosine01	cosine02	cosine03	cosine04	cosine05	cosine06	cosine07	cosine08	non_steady_state_outlier00	trans_x	trans_x_derivative1	trans_x_derivative1_power2	trans_x_power2	trans_y	trans_y_derivative1	trans_y_power2	trans_y_derivative1_power2	trans_z	trans_z_derivative1	trans_z_derivative1_power2	trans_z_power2	rot_x	rot_x_derivative1	rot_x_power2	rot_x_derivative1_power2	rot_y	rot_y_derivative1	rot_y_derivative1_power2	rot_y_power2	rot_z	rot_z_derivative1	rot_z_power2	rot_z_derivative1_power2	motion_outlier00	motion_outlier01	motion_outlier02	motion_outlier03	motion_outlier04	motion_outlier05	motion_outlier06	motion_outlier07	motion_outlier08	motion_outlier09	motion_outlier10	motion_outlier11	motion_outlier12	motion_outlier13	motion_outlier14	motion_outlier15	motion_outlier16	motion_outlier17	motion_outlier18	motion_outlier19	motion_outlier20	motion_outlier21	motion_outlier22	motion_outlier23
5226.353524794862	n/a	n/a	27314771.16613568	14777.035807291666	n/a	218360787.2499801	n/a	4892.21137376294	n/a	n/a	23933732.12557547	6264.203825322901	6993.891007339637	n/a	n/a	n/a	n/a	0.0	0.0	0.0	0.0	0.0	0.0	0.0	0.0	0.0	0.0	0.0	0.0	0.0	0.0	0.0	0.0	0.0	0.0	0.0	0.0	0.0	0.0	0.0	0.0	0.0	0.0	0.0	0.0	0.0	0.0	0.0	0.0	0.0	0.0	0.0	0.0	0.0	0.0	0.0	0.0	0.0	0.0	0.0	0.0	0.0	0.0	0.0	0.0	0.0	0.0	0.0	0.0	0.0	0.0	0.0	0.0	0.0	0.0	0.0	0.0	0.0	0.0	0.0	0.0	0.0	0.0	0.0	0.0	0.0	0.0	0.0	0.0	0.0	0.0	0.0	0.0	0.0	0.0	0.0	0.0	0.0	0.0	0.0	0.0	0.0	0.0	0.0	0.0	0.0	0.0	0.0	0.0	0.0	0.0	0.0	0.0	0.0	0.0	0.0	0.0	0.0	0.0	0.0	0.0	0.0	0.0	0.0	0.0	0.0	0.0	0.0	0.0	0.0	0.0	0.0	0.0	0.0	0.0	0.0	0.0	0.0	0.0	0.0	0.0	0.0	0.0	0.0	0.0	0.0	0.0	0.0	0.0	0.0	0.0	0.0	0.0	0.0	0.0	0.0	0.0	0.0	0.0	0.0	0.0	0.0	0.0	0.0	0.0	0.0	0.0	0.0	0.0	0.0	0.0	0.0	0.0	0.0	0.0	0.0	0.0	0.0	0.0	0.0	0.0	0.0	0.0	0.0	0.0	0.0	0.0	0.0	0.0	0.0	0.0	0.0	0.0	0.0	0.0	0.0	0.0	1.0	-0.0418050243646348	n/a	n/a	0.0017476600621277	0.0536233624511055	n/a	0.0028754650005626	n/a	-0.1529087088190692	n/a	n/a	0.0233810732327148	0.0001988120610335	n/a	3.9526235612388136e-08	n/a	-0.0006340587168973	n/a	n/a	4.020304564734505e-07	-0.0005929371440785	n/a	3.5157445682796786e-07	n/a	0.0	0.0	0.0	0.0	0.0	0.0	0.0	0.0	0.0	0.0	0.0	0.0	0.0	0.0	0.0	0.0	0.0	0.0	0.0	0.0	0.0	0.0	0.0	0.0
5187.935051878119	-38.41847291674276	1475.9790612544969	26914670.102505624	14466.24596041166	-310.78984688000673	209272272.18712667	96590.32892369803	4880.749288405769	-11.462085357170508	131.37940073506255	23821713.61627342	6213.651373563554	6792.150678986604	1.391702	38.2822	0.0709144885563983	0.0557167347902944	-0.0333583655	0.0192833169	-0.0756516475	0.0407223871	-0.067024968	-0.0967916076	0.1094885724	-0.1062565849	0.1814622449	-0.0133066426	0.0301413579	-0.0489058153	0.0913204631	-0.1041290708	0.1188974512	0.0057587423	-0.0208941293	0.0124767799	-0.0500758425	0.039510807	-0.0207534036	0.1052399095	-0.0513464827	0.005560313	-0.0433625338	0.0801801071	-0.0518542381	0.0087599796	-0.039607262	0.0051621099	-0.0323962418	0.0425129986	-0.0011129128	0.0106624953	-0.0377897794	0.029674969	-0.0194409369	0.0513801888	-0.0422251985	0.0109615312	-0.0250993477	0.0283541807	-0.0640330683	0.0058553098	-0.0245707205	0.0358143663	-0.0380202519	0.0237256519	-0.116126592	0.0410120155	-0.0194032318	0.0107655828	-0.0239341811	0.0370698977	-0.046102215	-0.0448085934	0.0987797122	-0.013107889	-0.0426749464	0.0303522367	0.0123956183	-0.0711971047	0.1063311414	0.0118355825	-0.0905524647	0.0073228568	0.0128066664	0.0900216274	-0.0033846344	-0.0456688935	0.0501742299	-0.0642339473	-0.0174440562	-0.0351719096	0.009771337	0.0465749045	0.0335761198	-0.0376268563	-0.0056492858	-0.0451560114	0.043858631	0.0075636697	0.06543167	-0.0271737463	-0.0754511674	0.0071170631	0.0112742306	0.0394151266	0.0289459915	-0.0684769142	0.0276554422	-0.0389791749	0.0891275041	-0.0632880247	0.043327513	-0.0206830679	0.0446760962	-0.0933190953	0.0894501624	-0.0734767396	0.0116535663	-0.0884801287	0.045905877	0.0399199338	-0.1084471291	0.0384236509	-0.0774809234	0.1084791125	-0.0454252748	0.1069951191	-0.0278305786	0.026155743	-0.0706502032	-0.1289050685	0.1120191895	-0.0553037372	0.0371359288	-0.0379887117	0.2017799728	-0.0771853633	0.0819578903	-0.0798716215	0.0380604743	-0.0919883931	0.0272146638	-0.0861477141	0.1090076384	-0.0067213204	0.1220854233	-0.1431552731	0.0850440348	-0.0371508631	0.0110667266	-0.0257184094	-0.1706223951	0.0003886073	0.0201662301	-0.0212087032	-0.0014073832	0.041353925	-0.0478876395	0.0805397086	0.0006073895	0.0037424713	0.0171623624	-0.0199738259	-0.0378035111	-0.0250962279	0.0184841309	-0.017541578	-0.013740656	0.0169662487	-0.0265984932	0.0204515809	-0.0425142988	0.0321186334	-0.0452342309	0.0861133419	-0.0165998908	0.0061259558	-0.0328172838	0.0050295089	-0.0025877561	0.0674673889	-0.0256153785	0.0015596408	-0.004916192	0.0524900497	-0.1482209376	0.0045645852	-0.0246722366	0.0932483061	0.093241782	0.0932309089	0.0932156873	0.0931961179	0.0931722015	0.0931439394	0.0931113328	0.0930743832	0.0	-0.0418098967645335	-4.872399898700475e-06	2.3740280772856395e-11	0.0017480674674609	0.0493972725518006	-0.0042260898993049	0.0024400905355568	1.785983583700693e-05	-0.0968263813493095	0.0560823274697597	0.0031452274544253	0.0093753481252019	0.000269853530506	7.104146947249998e-05	7.282092792655268e-08	5.046890384812146e-09	-0.000493079933407	0.0001409787834903	1.987501739440489e-08	2.431278207286516e-07	-0.0005929334212926	3.7227858999721104e-09	3.515700420857479e-07	1.3859134857031153e-17	0.0	0.0	0.0	0.0	0.0	0.0	0.0	0.0	0.0	0.0	0.0	0.0	0.0	0.0	0.0	0.0	0.0	0.0	0.0	0.0	0.0	0.0	0.0	0.0
5187.433517223079	-0.5015346550399045	0.2515370102059959	26909466.49560941	14316.47998860677	-149.76597180488898	204961599.2641781	22429.8463106628	4874.511750651855	-6.237537753913784	38.90687723149982	23760864.807243016	6187.686411074267	6782.64329043134	1.391444	38.275085	0.0936703857459641	0.0457668153785714	-0.0364291716	-0.0147579241	0.0555815078	-0.0309891346	0.0342138952	-0.0438601694	-0.0148654547	0.0009225073	0.0329968581	0.0182319583	0.0668970137	-0.0211792394	0.055359325	0.0560555227	0.0079602724	-0.002418573	-0.0599530041	0.0523654193	0.1026577266	0.0019826521	0.0320021229	0.0766495165	-0.0140031884	-0.0131504286	0.0318816783	-0.0456402472	0.0340009617	-0.0725817127	-0.0469976759	-0.1447604061	-0.0376916945	0.0152634056	0.0704504029	0.0401000783	0.0889387288	0.1404706312	-0.0616966908	0.1711261348	0.0076996044	0.1112532939	0.0284770234	-0.058185837	0.0197332035	0.0740928193	-0.094158635	0.0206791448	-0.0106387363	-0.0093794897	-0.0660113702	-0.0618695896	-0.0117589738	0.052219269	0.0052200296	0.016376998	-0.0660632249	0.0561495539	0.035391983	0.0566667435	0.106132438	0.0424173872	0.0202194173	-0.1136100997	0.0585026233	0.0024584978	-0.0202121553	0.0318943198	0.0013316076	-0.1265579754	0.0105629791	0.0825145959	-0.0084419254	-0.0648316431	0.0682892449	0.1477152773	-0.0257204897	-0.1014123212	0.0570780942	0.054951757	0.0268383605	0.0369769243	-0.058369657	0.0674156011	0.0718552798	0.0345748186	0.0644690986	-0.0774363344	-0.0065015143	-0.0129563332	0.0177724874	0.0267484665	-0.0106458669	0.0071616337	-0.0986727277	-0.0305207661	-0.0160301426	0.0889549235	-0.048194407	-0.0228678971	0.0283832145	-0.0333780965	0.0283815518	0.0427953138	-0.0523154466	0.0238032011	0.0319703816	0.0795528802	-0.0406253548	0.0617013926	0.0329729558	-0.163966906	-0.0157106176	-0.1165449903	-0.1954924083	-0.035965065	0.0345777919	0.1524460944	-0.008601783	-0.0101418611	0.1400422899	-0.0984907761	0.0058137046	-0.0189679705	0.0414355893	-0.0005146201	0.0115045174	-0.0410246589	-0.0751161928	-0.0038110134	-0.0518876011	-0.1120549488	0.0620426812	-0.1330854361	0.052861141	-0.0293738394	0.1127779249	-0.0539151408	-0.00752071	0.0422057451	0.0544201376	-0.0444963234	0.0464213004	0.0179813815	-0.1196245877	0.0200591094	0.0052931042	-0.0647225746	0.0441000588	-0.0089684286	0.0255359506	-0.0060429024	0.0014975552	-0.0409671847	0.0236334712	-0.0239277531	-0.0037840682	-0.0357592514	-0.0404943089	-0.0262047214	-0.0254393315	-0.0471705317	0.0038713347	0.0437687513	-0.021864044	-0.0259433487	-0.0599092915	0.0087855189	0.023388485	-0.0207648384	-0.0252798777	0.0256708194	-0.076733479	0.0932309089	0.0931722015	0.0930743832	0.0929374951	0.0927615946	0.0925467555	0.0922930681	0.0920006388	0.0916695905	0.0	-0.0374053809988481	0.0044045157656853	1.93997591301712e-05	0.0013991625276689	0.0241477213311611	-0.0252495512206395	0.0005831124454874	0.0006375398368436	-0.1159443671991837	-0.0191179858498742	0.0003654973829559	0.0134430962852191	0.0007414606727338	0.0004716071422278	5.497639292108592e-07	2.2241329660027238e-07	-0.0001237409795964	0.0003693389538106	1.3641126280190858e-07	1.5311830031476678e-08	-0.0006499539834495	-5.702056215689999e-05	4.224401806018729e-07	3.2513445086888953e-09	0.0	0.0	0.0	0.0	0.0	0.0	0.0	0.0	0.0	0.0	0.0	0.0	0.0	0.0	0.0	0.0	0.0	0.0	0.0	0.0	0.0	0.0	0.0	0.0
5177.218665824373	-10.214851398706742	104.34318909766108	26803593.113760296	14281.718591621597	-34.76139698517363	203967485.93027	1208.3547203608384	4882.646487626144	8.134736974288899	66.17394564086291	23840236.723127924	6192.256393819554	6742.349280593282	1.077014	29.625929	0.1068068330577797	0.0566104111817944	-0.0244444777	-0.0066533936	-0.0447444121	-0.0367108076	-0.0542464339	-0.0050741639	-0.0228698567	0.0228976888	0.0038932946	0.0766736059	-0.05637765	-0.0767003636	0.0846250588	0.042501834	0.0427950322	0.001346482	-0.0122738877	-0.0380042635	-0.0033243894	0.0434618443	0.0550624464	0.0233578747	-0.0437050984	-0.0061837316	0.0191548396	-0.0040167099	0.0610817698	0.0103363347	0.0185474157	0.0205669444	-0.0583390772	-0.0452058069	0.1718048528	-0.0003877817	0.0284829449	0.0617544465	-0.0564598512	0.0446728006	-0.0137323294	0.0808577811	0.1028089038	0.0792322799	-0.0813150621	0.0483799623	0.0505564161	0.0691549015	-0.0206779658	-0.0992417534	-0.0482685838	0.0527611041	-0.0023862567	0.111669628	0.0493268964	-0.0447354625	-0.0130692221	0.008673721	0.0561122244	-0.1073143072	-0.0142584819	-0.0221402864	-0.0395132959	0.0704853115	-0.0330211813	-0.0147604078	-0.0196255888	0.0373012637	-0.0609984685	0.0312146997	0.0776225173	0.0267985225	0.1334728124	-0.1218724001	-0.034670651	-0.0273536196	0.0419850364	0.0250933346	-0.0129208848	-0.02730132	-0.1011522844	0.0545081714	-0.0889631833	0.0140338235	-0.03617558	-0.0106763427	0.0232078348	-0.1080312545	-0.0265781311	0.0946485142	-0.0001319522	0.0371002749	0.0098584612	-0.0345670975	0.0224918876	-0.1142430553	0.0268347676	-0.0036897289	-0.0490599	-0.0064714325	0.097100359	0.0067521275	0.0274196798	0.0258633768	-0.0011180799	-0.0212396495	-0.0363646582	-0.0275148996	0.0100520768	0.0130735171	0.0752551671	-0.0592628717	-0.0290017051	0.0213665195	0.0682914629	-0.010727403	0.2175382047	0.0655087618	0.0350744427	0.1202807502	0.1077622248	-0.0514074482	0.0038990206	0.0820117081	-0.0181099183	0.1050642561	0.0580454041	-0.0159298789	0.015805706	0.0232361956	-0.0914701808	0.0466493112	0.0462382426	-0.0979876153	-0.0286917855	0.0062692591	-0.1241847375	-0.0766201631	0.0206527049	-0.0372406257	-0.0732034183	0.0038110241	0.040987784	0.0540041155	0.0701227237	-0.0116850185	-0.0615045795	-0.0515233641	0.0447281739	-0.0125879808	0.0346442749	-0.0130710585	0.0105022612	-0.0067438663	-0.0121228323	0.0037562974	0.0076294787	0.022119423	-0.0397111521	-0.0172702146	-0.0585624741	-0.0417780017	-0.034667078	-0.0012635788	0.0012391556	0.0289820734	-0.0869007692	-0.0014640154	0.1077695639	-0.0318675392	-0.0738173189	-0.0214294876	-0.0242606286	0.0931961179	0.0930330924	0.0927615946	0.0923819408	0.0918945739	0.0913000619	0.0905990982	0.0897925	0.0888812078	0.0	-0.0416112075774748	-0.0042058265786266	1.7688977209482757e-05	0.0017314925960556	0.0523522170619514	0.0282044957307903	0.0027407546313016	0.0007954935794281	-0.077645142652436	0.0382992245467477	0.0014668306008822	0.0060287681775171	0.0003450643347532	-0.0003963963379805	1.1906939511866846e-07	1.5713005676443005e-07	0.0001978884604088	0.0003216294400051	1.0344549667805853e-07	3.91598427629652e-08	-0.000646034037403	3.919946046499943e-06	4.173599774832209e-07	1.536597700747053e-11	0.0	0.0	0.0	0.0	0.0	0.0	0.0	0.0	0.0	0.0	0.0	0.0	0.0	0.0	0.0	0.0	0.0	0.0	0.0	0.0	0.0	0.0	0.0	0.0
5179.517794782111	2.2991289577385032	5.285993964311736	26827404.586464543	14253.923369265824	-27.79522235577315	203174331.4169024	772.5743858068714	4884.353557483484	1.707069857339775	2.91408749783804	23856909.674501568	6191.798280911514	6745.555427016413	1.039421	28.591839	0.0401728262440808	0.0256432617837411	-0.0279394815	-0.0139120133	0.0411575462	0.0700775504	0.0149163418	-0.0307394948	0.0546859319	-0.0278827906	-0.0864812785	0.0139499031	0.0475519796	0.0016089376	-0.0164184279	0.11149354	-0.00863811	0.0203365273	-0.046982071	0.0403137387	-0.0126332249	-0.0335459938	-0.0050721424	0.0456280787	-0.0026614385	0.068279011	0.0121993415	0.0600052259	-0.0358476439	0.0412733217	0.0748887787	0.0122293177	-0.0508167062	0.0640844834	-0.0177536167	0.0483637003	-0.0340979248	0.0453801476	-0.0084631697	0.088945545	-0.0033320032	0.0081619174	0.0610487804	0.0836473316	0.0823452194	-0.029624128	0.017206623	-0.078757125	0.0828316692	0.1124255053	-0.0277613847	0.0961213338	0.0374412662	-0.0054777255	-0.0164301678	-0.0798483517	-0.0277255078	-0.0270238823	0.0262393201	0.0473496177	-0.0649354114	-0.0125801367	0.0524393909	-0.0434430977	-0.0773004849	0.0034734186	-0.0562172497	-0.028428119	0.1065564498	0.0399438351	0.0465907694	-0.0243036207	-0.0183517643	0.1067287771	-0.1025651396	-0.0589442281	-0.0263373755	0.0832450093	-0.1494856915	0.0005391435	-0.0867614647	-0.0279503696	0.0245776676	0.0705273416	0.0030151836	-0.0826917306	0.0023988065	0.0411084065	-0.0548889406	-0.0778593444	0.0301612038	-0.0902014582	0.0111269274	0.0124239655	-0.0532865366	-0.0086703681	-0.0082674748	0.0157804521	-0.0223133627	-0.0713815436	-0.0090818504	-0.0557850719	-0.0021139192	-0.0119149898	0.0402853774	-0.0726812877	0.0033056343	-0.0095934316	-0.0065516038	-0.0213065887	-0.0102703506	0.0195396583	0.0390771864	0.0198475533	-0.0077784275	0.0228868349	0.0712785869	0.0360561902	0.1125486009	0.0612658929	0.0040421605	0.0660101488	0.0334858175	-0.1187388318	-0.1354316663	0.0104314552	-0.035765313	0.0046669705	-0.044034859	0.0501465575	-0.0168552002	-0.0601906091	-0.0707455863	0.0613116111	0.0645282141	0.0693963963	-0.0324926177	0.0223469892	0.0910075603	0.0003278928	-0.1495273784	-0.0091933888	-0.006565599	-0.0498451152	0.0804486375	0.0428927807	-0.110256139	-0.0063930602	-0.0775321976	-0.0226049255	0.0067359323	-0.0096664871	-0.0152126835	0.0428704752	-0.0558155408	0.0310089926	-0.0410935515	-0.0352405477	-0.0222762737	-0.0609239852	0.0947631264	1.9553e-06	-0.0238143745	-0.050116078	-0.0384280393	0.0592424282	0.0919988836	-0.0075894977	0.0580106656	-0.0571772511	0.0098689753	-0.042584844	-0.0983849888	0.0931439394	0.0928245585	0.0922930681	0.0915506825	0.0905990982	0.0894404896	0.0880775042	0.0865132565	0.0847513209	0.0	-0.0416772810155663	-6.60734380915004e-05	4.365699221231337e-09	0.0017369957528504	0.0523352040528095	-1.7013009141898794e-05	0.0027389735832492	2.89442480062332e-10	-0.0988858973373396	-0.0212407546849036	0.0004511696595842	0.0097784206922108	0.0004229857873248	7.792145257159999e-05	1.7891697627878094e-07	6.071752770868106e-09	-4.812536052267724e-05	-0.0002460138209314	6.052280008930494e-08	2.316050325437661e-09	-0.0005929896086672	5.304442873580004e-05	3.51636675987279e-07	2.813711419907369e-09	0.0	0.0	0.0	0.0	0.0	0.0	0.0	0.0	0.0	0.0	0.0	0.0	0.0	0.0	0.0	0.0	0.0	0.0	0.0	0.0	0.0	0.0	0.0	0.0
5186.887932119526	7.370137337415144	54.3189243723608	26903806.420367178	14277.081182391828	23.15781312600484	203835047.08860683	536.284308778962	4886.5653183358045	2.211760852320367	4.891886067856917	23878520.610362303	6196.256513029895	6737.212931911951	1.027127	28.253674	0.1022310267165805	0.0668170406372152	-0.0312825884	-0.0156603279	-0.0801714363	-0.0144248578	-0.0247697517	-0.0139440983	0.0168462147	0.0181127471	-0.0022657659	0.0320590664	-0.0623110783	-0.029143866	0.0585252845	0.0030595887	0.0529119018	0.0295399922	-0.0239404623	-0.0413055581	-0.0430637961	0.0383595009	0.0507801157	0.0132471746	-0.0368564982	0.0350443651	-0.0663633938	-0.0156521562	-0.0723743743	0.050029466	-0.0016827941	0.0218627288	0.0068922412	0.0307140006	-0.0080264039	0.0572692609	0.0644008135	0.0314789861	0.0042695766	0.000785101	0.0142418702	-0.0301676351	-0.0560700303	-0.0581741533	0.0652781743	0.0096760976	0.0297076664	0.0228050653	0.0921202267	0.1157002117	0.0279014267	0.0262355856	-0.0721003403	0.0653740719	-0.0539211769	0.0090805697	-0.0133723346	0.013051442	0.0686151526	-0.0187840834	-0.0895673565	-0.1218020391	0.0855416241	-0.0324527402	-0.0719483784	0.0280371007	-0.0298024034	-0.0396211056	0.1321443333	-0.0749095953	-0.0081422345	-0.0485203388	-0.0949386233	-0.0425077096	0.0770561793	0.0393998202	-0.1312397363	-0.0844019061	0.0611942737	0.0260898167	0.040969137	0.0525593887	0.0543324131	-0.1273280278	-0.0708346457	0.1017314039	-0.0354266391	-0.0277240244	-0.0321441595	0.137932747	0.0224673161	-0.0023300262	0.0025208813	-0.019064414	0.0862101756	-0.0470297304	0.0296165761	0.0646876718	0.0095175699	-0.0235683726	0.0370160132	-0.0688351909	-0.0089324343	0.0003207351	0.0451828467	-0.0335421619	-0.0730224162	0.068285971	-0.0202424691	-0.0095093481	0.0762321793	-0.0575823404	-0.0409948301	0.0600132691	-0.0041679122	0.052150099	-0.0714532753	0.0284760067	-0.013875241	0.0660847056	-0.0551101836	0.0808276675	0.0166553268	0.0266259863	0.0161103698	0.0036893413	0.0394427211	-0.056078816	0.0646808259	-0.0422424628	-0.0227238543	-0.0987965871	-0.0332144591	0.1385330672	-0.0625718987	0.0490296045	0.0567092774	-0.0396872734	0.0154173246	-0.1035120781	-0.1034834631	-0.0988731917	-0.0627902558	-0.0370233033	-0.0494373217	0.0009657191	0.0851230909	0.0463032427	0.0405563621	-0.0211942549	0.0237069548	-0.0094784444	-0.0152614772	-0.0124346542	0.0147066507	-0.0135534449	-0.0497423068	0.0392141037	0.0105312462	0.0136974461	-0.0235039832	0.0108065776	-0.0256875992	-0.035302571	-0.0199624844	0.0893836401	0.0077510071	-0.0144058388	0.0504880932	-0.0185399541	-0.1193911216	-0.0106614631	-0.0258797034	0.0930743832	0.0925467555	0.0916695905	0.090446201	0.0888812078	0.0869805215	0.0847513209	0.0822020253	0.0793422632	0.0	-0.0366594103893334	0.0050178706262328	2.517902562161095e-05	0.0013439123700935	-0.012791194660835	-0.0651263987136445	0.0001636146608513	0.0042414478094085	-0.0906448119582918	0.0082410853790478	6.791548822475545e-05	0.008216481934954	0.000836005029203	0.0004130192418781	6.989044088527088e-07	1.7058489416164308e-07	1.5752108075028914e-05	6.387746859770616e-05	4.080330994450936e-09	2.4812890880739106e-10	-0.0005930063381444	-1.6729477200034745e-08	3.5165651707943055e-07	2.798754073864824e-16	0.0	0.0	0.0	0.0	0.0	0.0	0.0	0.0	0.0	0.0	0.0	0.0	0.0	0.0	0.0	0.0	0.0	0.0	0.0	0.0	0.0	0.0	0.0	0.0
5189.914074685197	3.0261425656708525	9.15753882776497	26935208.102615505	14249.277535932491	-27.80364645933696	203041910.29603037	773.0427564358007	4884.598687269168	-1.9666310666361824	3.867637752258569	23859304.33567168	6183.881318349954	6773.114799566753	1.059066	29.132219	0.1069734179139255	0.0617077755092727	-0.0378279723	-0.0173050132	0.0906697285	-0.0376698331	0.0351304482	-0.0140192325	-0.078586833	0.0909120093	-0.0600914053	-0.0431243194	0.0208468686	-0.0657822452	-0.0221923786	0.0142080613	0.0184017211	0.0042143019	-0.004529388	-0.0175233835	0.0604586754	-0.0502207802	-0.0237644781	0.0026966666	-0.0575125144	-0.015147694	0.0349756075	0.0711976151	0.0357501168	0.0021732548	-0.0182787442	0.0522923745	0.0384355663	-0.014288446	-0.0727729935	0.0549335168	-0.0776113696	-0.0976170141	-0.0187464962	-0.0838864742	-0.0530247283	0.0158260076	0.0152323726	0.0310966325	0.0335892242	0.0216664252	-0.0162185787	0.0835277839	0.0405605005	0.0349826775	-0.029549655	0.0222892681	-0.0055862397	0.014776975	0.0485078451	0.0191587177	-0.0326805391	-0.0338011798	-0.0192447813	-0.0236159582	-0.0244044303	-0.0226589174	-0.0074859797	0.0156328876	0.0476324952	0.004821873	0.033308299	0.0449615916	-0.1836503439	-0.0473608547	0.1150976221	0.0472495453	-0.0151535568	-0.0132936928	-0.0136548062	-0.0540643833	-0.0379373887	0.0304838584	-0.097796932	-0.0519083599	0.0660405884	-0.0568808249	0.0877632782	0.0346705544	-0.06424044	0.0744907406	0.0081185055	0.0268646841	-0.0846267228	-0.0384383184	0.0289897323	0.0766846876	0.0139245385	0.0789159536	-0.018814964	-0.021239578	0.0147380307	-0.0417996624	0.0587328764	-0.0083458323	0.0018237579	0.0411474805	-0.0210807392	0.0160954949	-0.0484620765	-0.0288459932	0.0761600335	-0.0250261008	-0.0084116988	-0.0033819744	-0.0655510221	0.00752877	-0.0447277133	-0.0896121897	-0.0026446302	0.0257220846	-0.0404433112	0.0363228509	0.0048786645	0.0488693345	-0.0386488282	0.0683760364	-0.0612485741	0.0370413789	-0.0401856512	0.0575677857	0.0001399832	-0.0312766571	0.0248240111	-0.0322984606	-0.0910595572	0.0642682587	0.0339062242	0.008292286	0.0224893671	0.0405363178	-0.0879335217	-0.0415890574	-0.0109949152	0.0413824438	0.009013177	0.0420664652	-0.0253959543	0.0359591241	-0.048642327	0.0397644001	-0.1114338184	-0.0176134957	0.1112663754	-0.0210324115	0.0218959176	-0.0044038758	-0.0111283599	-0.0150224429	0.0649712692	-0.0123412398	0.021430312	-0.0549865216	-0.0531682225	-0.038978311	0.041621252	0.004381496	-0.001234796	-0.0294653342	-0.0261284498	-0.0021197073	-0.018563488	0.0288607332	0.0896910864	0.023014815	-0.0270880489	-0.0061745045	0.0435485509	0.0929874623	0.0921998906	0.0908922084	0.0890717925	0.0867489121	0.0839366709	0.080650933	0.0769102337	0.0727356746	0.0	-0.0179031545599457	0.0187562558293877	0.0003517971327374	0.0003205229431973	0.0412860544968936	0.0540772491577286	0.0017045382959204	0.002924348876467	-0.074104869418214	0.0165399425400778	0.000273569699229	0.0054915316714905	0.000757975274427	-7.802975477599991e-05	5.74526516642686e-07	6.088642630402681e-09	-0.0001111689271973	-0.0001269210352723	1.6108949194599754e-08	1.2358530374198588e-08	-0.0004459577204581	0.0001470486176863	1.9887828843618489e-07	2.162329596345164e-08	0.0	0.0	0.0	0.0	0.0	0.0	0.0	0.0	0.0	0.0	0.0	0.0	0.0	0.0	0.0	0.0	0.0	0.0	0.0	0.0	0.0	0.0	0.0	0.0
5191.699120064674	1.7850453794771963	3.1863870067928888	26953739.75328032	14293.835889297876	44.55835336538439	204313744.43018	1985.4468546344624	4885.745788752016	1.1471014828475743	1.3158418119511044	23870511.912308056	6196.177851297364	6762.986012559471	1.193526	32.830887	0.0557224006345419	0.0278589448155725	-0.0146141473	-0.0049728596	-0.1006870605	0.0466845673	-0.0169575692	-0.0094177302	0.0452271538	-0.0391263726	-0.0113129527	0.0475691548	-0.0535442501	0.0043628542	-0.0166528642	0.0396676374	-0.0879190449	0.0117280397	-0.0150201206	0.0418665431	-0.0684696556	0.0702648732	0.0492493684	0.0133307588	0.0403228238	0.0954763765	-0.0052427887	-0.0262893796	-0.0108653109	-0.0005782939	-0.0110931494	0.0164913624	0.0446699682	0.0683519745	0.0757110129	-0.0475367029	-0.0452298179	-0.0660205195	-0.0086296835	0.0799433795	-0.0341506817	-0.023107609	0.0999636903	-0.0132908329	-0.0493061904	0.0356210041	0.0590430026	0.02357766	-0.0249994731	-0.0864160268	-0.0687443352	0.0219033449	0.0800628927	0.0407385311	0.0358081791	0.0272587155	0.0008772399	-0.0421472048	0.0467244811	-0.0105187705	-0.0239802597	0.0374619351	-0.0877019754	-0.0149113719	-0.0659025743	0.1714456374	-0.102792924	-0.0426517607	-0.0219250186	-0.0601841773	0.0061649617	0.0457479997	0.0369571	0.1398522234	0.0523422426	0.0074069884	0.0800467821	0.0373047729	-0.0065459208	0.0525116453	0.0995746922	-0.0399203101	0.0855326247	0.0319877677	-0.0402075313	-0.0703836687	-0.0372298804	0.0412179149	-0.0329872402	-0.0145920802	0.0170580504	-0.0625200154	-0.0180149723	-0.0529045742	0.0179536082	-0.0093488856	0.0049341367	0.0066116781	-0.0962410484	0.0256894871	-0.0218768173	-0.0085940686	0.0081689546	-0.0336322877	0.013941161	-0.0360674424	0.0037544948	-0.0407156549	0.034390966	0.0527255586	0.0009142591	0.0448201423	-0.0380759149	-0.0143434702	0.0644218967	-0.0087755054	0.0693321544	0.0288708834	-0.0178406503	-0.0633224412	-0.0423252142	-0.0313523042	-0.0511359002	0.0273830379	0.0441264282	-0.0023587309	0.0267133186	0.0408636676	-0.0582294543	0.0803154051	-0.0445142339	0.0568176537	-0.0093202449	-0.0208044921	0.00099263	0.077704172	0.0316528742	-0.0203227453	0.1700930008	0.0176833662	-0.0058656643	0.0778437616	-0.0994069716	-0.0716835949	-0.0352195411	0.0730796826	0.1485235814	-0.1032286507	0.0312899405	-0.0149373967	0.0125100835	-0.0160714119	-0.0054499669	0.059151423	-0.0795553702	0.0071818351	-0.0206251053	0.0358761333	0.0481409775	-0.0265333081	-0.0499685916	-0.0145929118	-0.0262601791	-0.0137000602	0.0086123302	0.0425837019	0.0524401238	0.0355188607	-0.0350238298	-0.0274566332	-0.0018556751	-0.0277156956	-0.1085797207	0.092883193	0.0917842227	0.0899622271	0.0874315588	0.084212153	0.0803293705	0.0758137976	0.0707010056	0.0650312701	0.0	-0.036743709431775	-0.0188405548718293	0.0003549665078784	0.0013501001828067	0.0412733969443763	-1.2657552517295056e-05	0.001703493295328	1.6021363572808243e-10	-0.0868729015841438	-0.0127680321659298	0.0001630226453902	0.0075469010296483	0.0005500046986732	-0.0002079705757538	3.025051685625976e-07	4.3251760379367084e-08	1.583692176421181e-05	0.0001270058489615	1.6130485670434345e-08	2.508080909657657e-10	-0.0005930044166281	-0.00014704669617	3.516542381404332e-07	2.16227308545123e-08	0.0	0.0	0.0	0.0	0.0	0.0	0.0	0.0	0.0	0.0	0.0	0.0	0.0	0.0	0.0	0.0	0.0	0.0	0.0	0.0	0.0	0.0	0.0	0.0
5198.779355469132	7.080235404457199	50.12973338252919	27027306.78685204	14270.397534179689	-23.438355118187246	203644245.7835217	549.3564906462543	4885.129281553982	-0.6165071980340144	0.3800811252277515	23864488.09749612	6189.264803818069	6802.588880279197	1.149885	31.630421	0.1163475504731881	0.0779755129750711	-0.0147903606	0.0275123771	0.0602013717	0.009237333	0.0016409521	-0.0034089548	-0.0178345271	0.0282106523	-0.020571904	0.0191520108	0.0865219359	0.0185685471	-0.0289680281	-0.024195336	0.0465062893	0.010080921	0.0098986529	-0.0230041345	0.0219121978	-0.0777711517	-0.0385375551	0.0616568158	-0.003674925	-0.0119691837	0.0042709049	0.0462126169	-0.0027504029	-0.0038494904	0.1024579546	-0.0121756376	-0.0079409673	0.0121637675	0.0411008425	0.0966995027	-0.0205124324	-0.0309597961	0.0155943287	0.08595802	-0.0903388191	-0.0041553737	0.0412354275	0.0266810586	0.0771970233	-0.0416410898	-0.0515800731	0.011239345	-0.0386702681	0.0044785661	0.0751111334	0.0381059443	0.0423856458	0.0559787991	-0.1158214991	-0.0001409024	0.0387163901	-0.0262973139	-0.1081403944	-0.0419397112	0.1254694046	-0.0535676388	0.0740560222	0.0453521321	0.1046021224	-0.0008868697	-0.0729191775	-0.0416714594	-0.053987943	0.0546555224	0.1210223906	0.0535735353	0.0710872638	-0.0373344038	-0.1478523012	-0.0181987914	0.0298179877	0.0490216334	-0.0288449107	0.0798592886	0.0031813689	0.127078742	-0.0573958882	-0.1033353777	0.0574606871	-0.0194678182	-0.0108632441	0.0201914011	0.1012385288	-0.06859884	0.0078529575	0.0124626827	0.0453011122	0.0145624584	-0.0265265319	-0.0025341211	-0.039030268	-0.0091897262	0.0821963232	-0.0485211092	0.0119924621	-0.0376229562	-0.0170967359	0.039920859	-0.0301389076	-0.0055751474	0.027243721	0.0593910337	0.0539115807	0.0181174619	-0.0116316069	0.053052566	0.0452954704	-0.0312417559	-0.0253544619	0.0249213327	0.0485016842	-0.0145743699	-0.0698691797	0.0381021485	0.0445951008	0.100844325	-0.1178706283	-0.0530537086	-0.0694602729	0.088294182	-0.053152085	-0.0276743619	-0.0046503013	0.0512333179	-0.0136204719	-0.0711049424	-0.0038998995	0.0272797637	-0.014649644	-0.0085154371	0.0426900151	0.0523324135	-0.0540759609	-0.0207795158	-0.0342096228	-0.0534761686	0.1234888981	-0.0149608352	0.0765712832	-0.000125907	-0.0513473056	0.0526476206	0.1233087582	-0.022430634	-0.025147549	-0.0086666113	-0.0307530455	-0.0656998257	0.0315323125	0.0043525503	-0.0320215036	-0.0126175127	-0.0400888	-0.0054115495	0.0404085645	0.0593087141	-0.0088676057	-0.0216385086	-0.0402232573	0.0293765336	0.0862182774	0.0456452212	-0.0144380804	0.0746086168	0.0254155562	0.0082720406	-0.0082748978	0.0927615946	0.0913000619	0.0888812078	0.0855303949	0.0812827579	0.0761828353	0.070284102	0.0636484088	0.0563453339	0.0	-0.0314827811685347	0.0052609282632402	2.7677366190960556e-05	0.0009911655101058	-0.0321049323292612	-0.0733783292736375	0.0010307266798664	0.0053843792069903	-0.0918590261670786	-0.0049861245829347	2.4861438356546657e-05	0.008438080688364	0.0002479707228566	-0.0003020339758166	6.148947939402475e-08	9.122452254758253e-08	-0.0001460499613921	-0.0001618868831563	2.6207362938065352e-08	2.13305912226339e-08	-0.0004024819085335	0.0001905225080946	1.6199168669676865e-07	3.6298826090656934e-08	0.0	0.0	0.0	0.0	0.0	0.0	0.0	0.0	0.0	0.0	0.0	0.0	0.0	0.0	0.0	0.0	0.0	0.0	0.0	0.0	0.0	0.0	0.0	0.0
5192.826485237237	-5.952870231894849	35.43666399777983	26965446.905781318	14323.553130008013	53.15559582832429	205164174.26816237	2825.517367864167	4884.506087869492	-0.6231936844897064	0.3883703683878556	23858399.72243413	6191.081753092538	6739.217900738036	1.032456	28.400248	0.1579360184591282	0.0894743013783648	-0.0224732519	-0.000880808	-0.0669679387	-0.0579023621	0.045936199	-0.0170406313	-0.0503130649	-0.0157664014	0.0518076959	-0.0390484749	-0.0745214656	-0.0113647842	-0.0038547819	-0.0472545834	-0.0088558818	0.0073470299	0.0272614565	-0.0064206432	0.0256735985	0.0309490404	0.0391985525	-0.0329131832	0.0131777589	0.0359272548	-0.045563091	-0.0257476574	0.0274556753	-0.0418623851	0.0416471624	0.0067392784	0.0214453887	0.010146248	-0.1241010499	-0.0144551785	0.0396450063	0.0331718498	0.0277651713	-0.0836064098	-0.0021010217	-0.0899429948	0.0662648027	-0.0110995	-0.0032872631	-0.0386008708	-0.0481961717	-0.0045523618	-0.0453916088	0.0035906343	0.1033538884	-0.0547785749	-0.0821514605	0.0306393456	-0.0758281351	0.026306392	0.1641107356	0.101163922	-0.0835934915	-0.1056353045	0.0145127664	-0.0090424962	-0.0012052478	0.0967642527	-0.0142309709	-0.0783249766	0.0310341499	0.0314834899	-0.0009810903	0.0739444392	-0.0656837151	0.0233891673	-0.0080843776	0.0134087554	-0.0041285561	-0.0306013367	0.01493641	0.1499635393	-0.0079653196	-0.0373995365	0.1077813808	-0.0280747177	0.0046404246	-0.0988069947	-0.0672608463	-0.0607197118	0.0119092808	0.0287206981	0.0328589976	-0.0291154665	0.0215147773	0.0520175954	-0.0125148541	-0.0083480046	0.0413144501	0.0159595	0.0770803519	-0.0311893531	-0.0112967363	0.0523115339	0.0222692558	-0.0290080276	-0.0044630444	-0.0087802105	-0.0383139992	0.000740627	0.0125898661	0.0111233396	0.0125822849	-0.0407202927	-0.0186532139	0.037419474	0.0012466535	-0.0096520619	0.0389312114	-0.0091470976	-0.1445530572	-0.0209509834	-0.0335300159	-0.0228575194	0.0083891458	0.0231738336	0.0098954203	-0.0109194027	-0.0063572242	0.0200511139	-0.0638266734	-0.0464292784	0.0585802696	-0.0496389764	0.1097842124	0.1123105526	-0.0752278521	0.0131106938	-0.0970419506	0.030890603	0.0960779752	-0.0582245004	-0.0556822683	-0.0976014858	0.0679229453	0.0103613552	-0.0037620319	-0.0219850514	0.085783653	-0.0890329649	-0.0124976923	0.0336422292	-0.0622708676	-0.0208559125	-0.002498502	-0.0025991073	-0.0194367002	-0.0187925721	0.0329274579	0.0395034129	-0.043640986	0.0062907509	0.0571978869	0.0125038049	-0.0532680733	-0.009133775	0.0066205924	-0.0216318486	-0.0159449824	0.0203605521	0.0416608285	0.0420070418	0.048656786	0.0893087737	-0.0146683893	-0.0157167223	0.0482249562	0.0926226898	0.0907477697	0.0876509655	0.0833739747	0.0779743851	0.0715249003	0.0641123601	0.0558365714	0.0468089647	0.0	-0.034711435573385	-0.0032286544048502	1.0424209265959223e-05	0.0012048837595652	0.0418576203842349	0.0739625527134961	0.0017520603842307	0.0054704592038966	-0.0519148255171018	0.0399442006499768	0.0015955391655656	0.0026951491084711	-0.0002415925258937	-0.0004895632487503	5.8366948567698117e-08	2.396721745269481e-07	-0.0003609376698823	-0.0002148877084902	4.617672726016917e-08	1.3027600154006418e-07	-0.0005140431651091	-0.0001115612565755	2.642403755953814e-07	1.2445913968726842e-08	0.0	0.0	0.0	0.0	0.0	0.0	0.0	0.0	0.0	0.0	0.0	0.0	0.0	0.0	0.0	0.0	0.0	0.0	0.0	0.0	0.0	0.0	0.0	0.0
5196.759492342776	3.933007105539218	15.46854489222198	27006309.221254747	14270.05754707532	-53.49558293269365	203634542.3968413	2861.777393308704	4883.801242912506	-0.7048449569865625	0.4968064133893891	23851514.580273733	6179.255367947781	6803.681985220344	1.084591	29.834352	0.0307136917984445	0.0144813506733619	-0.0171728474	0.0190528249	0.0828059612	0.0376477195	-0.0261410928	-0.0048699131	-0.0083057259	0.0053190564	-0.0530358329	0.0281024442	0.0741162457	0.0141624651	-0.0369809611	0.0013937316	-0.0218331267	0.0202113458	0.012785375	0.0472458	0.0283787237	-0.0425060804	0.0043348783	0.0142664033	0.0271701192	-0.0572305337	0.0819951015	-0.023573058	-0.0012270949	-0.0214254453	0.0175420091	0.0548973506	0.0448845047	-0.0299493821	0.0437547054	0.0182433055	-0.0321545907	-0.027050373	0.0314841877	-0.1287261995	-0.015838844	0.0410028355	0.0033312732	-0.0576835154	-0.0230726273	-0.0628500549	0.0325457086	-0.0061779216	0.0169668133	0.0364820634	-0.0725555917	-0.0650818054	0.0616317941	-0.0866861206	0.0332145392	-0.0340962957	-0.0144298681	0.1417334719	0.003641239	-0.0117132881	0.0189293143	0.1211820354	0.0380097812	-0.0474881651	-0.0311407292	0.003588812	-0.0371206894	0.0589116615	0.0752494393	-0.0391139362	-0.0726807216	-0.0251426758	0.0287496637	-0.0215494636	-0.0567216512	0.0237603429	-0.0082473431	-0.0516092059	-0.0181128562	0.0186761181	0.0748804876	-0.0131830283	-0.0926320837	0.147101395	-0.001903647	0.0118390293	-0.045314228	-0.0269314157	-0.0210262595	-0.0935392659	0.0255714291	-0.0029400717	0.0075660451	0.0152251416	-0.0936396051	0.0352362166	-0.0679102284	-0.0504300279	0.0047538424	0.0769505982	-0.0139974373	0.0524217387	-0.0150560882	-0.029179746	-0.0314852994	-0.0182950122	0.0758063451	-0.0579874169	0.0266658017	0.0380169143	-0.0818085537	0.0505501156	0.0500220546	0.013530901	0.0096018532	-0.0172808075	-0.0030360313	-0.0247100962	-0.0266625054	0.0491243637	0.004978645	0.0335162019	0.0461702527	-0.0351713763	0.040092672	-0.1080920912	-0.0939157522	0.0272639655	-0.0314984604	-0.1006635175	-0.1197613815	0.090389588	-0.0145569394	-0.0184247823	0.0037389661	-0.0407628599	0.0152853068	-0.0212376539	0.0017084408	-0.0050957462	0.0028747481	-0.0553366953	-0.0011028414	-0.0261564199	-0.0060381925	-0.0231824453	-0.0654125769	-0.028338748	-0.0198207327	-0.0201447159	-0.0162699048	-0.0011776445	-0.0125644909	0.0093594169	-0.024678316	0.0341271586	0.0246700732	-0.0171538108	-0.042959803	-0.0491159038	0.0214971007	0.0590603473	-0.0124026011	-0.0197254547	0.0149062962	-0.0311180302	0.0903388369	0.0535118949	-0.0240322927	0.0395085094	0.0873724379	-0.022770001	-0.0063749009	0.0924665046	0.090127758	0.0862735657	0.0809687338	0.0743024598	0.0663868332	0.0573549508	0.0473586783	0.0365660973	0.0	-0.03335354933985	0.0013578862335349	1.8438550232238677e-06	0.0011124592535658	0.0340893127894332	-0.0077683075948016	0.0011620812464558	6.034660288745371e-05	-0.0563774800342997	-0.0044626545171979	1.991528533986688e-05	0.0031784202550178	-0.0001620522108494	7.954031504430002e-05	2.626091904117839e-08	6.326661717346499e-09	-0.0001769520153376	0.0001839856545447	3.3850721078241694e-08	3.131201573203822e-08	-0.0005930140645783	-7.89708994692e-05	3.5166568078767613e-07	6.236402962974494e-09	0.0	0.0	0.0	0.0	0.0	0.0	0.0	0.0	0.0	0.0	0.0	0.0	0.0	0.0	0.0	0.0	0.0	0.0	0.0	0.0	0.0	0.0	0.0	0.0
5210.532416433734	13.77292409095844	189.69343801530337	27149648.06270677	14309.720855869393	39.6633087940736	204768110.97290343	1573.178064494036	4895.3793962584205	11.57815334591487	134.0536349015197	23964739.43331146	6195.502288195895	6798.553941328616	0.9811740000000002	26.989609	0.0804131030662083	0.038461303842778	-0.0102739013	0.0124706576	-0.0258603452	0.038429453	0.0538526987	-0.0241315591	0.0103960615	-0.0209782451	-0.0146029819	-0.036947783	0.0167236043	0.0546964106	-0.0494257088	-0.0588157233	-0.0160903448	0.0426137646	0.0182844469	-0.044178208	-0.0725877428	-0.056485905	-0.0212544735	-0.0506568654	0.0365584764	-0.0245615331	-0.0807663035	0.0214408647	0.0080735925	-0.0638575529	-0.0236313643	0.0269299797	-0.0897512278	-0.001441129	0.0501701951	0.0211521928	0.0319115217	-0.0963582311	-0.0059306909	-0.0098496596	0.0116649219	-0.1105301648	-0.0616450557	-0.0873023825	-0.1737965252	-0.0386558358	0.0447016598	0.0542543454	0.0633349455	0.0187141149	0.0854655191	-0.1473023872	0.0083661948	-0.2418345889	-0.0501606569	-0.116501669	0.0932388937	-0.0009077505	0.053606439	-0.0839592669	0.1371379994	0.0306830111	-0.096934461	0.0430827912	0.0637119819	-0.1177750317	0.0544459225	0.0347413939	-0.1311032765	0.1600407019	-0.1236889612	-0.1783969578	-0.0326822647	0.0030235238	0.0070158348	-0.0189337906	-0.0163779024	-0.0584094553	0.0443352893	-0.0117387525	-0.0151457134	0.1389753448	0.1703492138	0.0368519429	0.0700086074	0.016024226	0.0364709482	0.0331171244	-0.0029261466	0.0442376093	0.0355901421	-0.0224778146	-0.00674551	-0.0185258657	0.0252794038	0.107586279	-0.0254143013	-0.0465467211	0.0706566419	-0.0013469397	0.0053433113	-0.0160460096	0.0017791532	0.0074957489	-0.0625175807	-0.0654813232	-0.0706444734	-0.0598778301	0.1116856856	-0.0767570809	-0.0009113971	0.0674711341	-0.0504174166	0.1104321339	0.1030908534	-0.0430408331	-0.0209299733	-0.0941474733	0.1225349762	0.0322884008	-0.0143117432	-0.0007045314	0.091372914	0.0228826786	0.1125268785	-0.012046874	0.0082851567	-0.0350001308	-0.0234561938	-0.088592631	0.2207604295	0.1154401936	0.0337421297	0.1085691612	-0.0576179204	-0.1958883851	-0.0554806103	0.0817469862	-0.1029881828	-0.038558284	0.2405190936	-0.0928722757	-0.0041936943	-0.014484901	-0.0595934668	-0.0402779784	0.0298206563	0.0352521707	-0.0347281266	-0.0183537169	-0.0010649016	-0.0090252331	-0.0192055932	0.0049714368	-0.0055742751	0.020888866	-0.0415912176	0.0106588002	0.0492403264	0.0528921308	0.014506778	0.029849544	0.0374960523	-0.0056616153	-0.000666885	0.0292425118	0.0636646193	0.0356412121	-0.0392927504	0.0572801091	-0.0480230809	0.0027683413	0.03017677	0.0922930681	0.0894404896	0.0847513209	0.0783218503	0.070284102	0.0608031248	0.0500736032	0.0383158593	0.0257713294	0.0	-0.033510139010076	-0.0001565896702259	2.452032482148691e-08	0.0011229294164746	0.0054518886102812	-0.028637424179152	2.9723089418913876e-05	0.0008201020636166	-0.0345096745243864	0.0218678055099133	0.0004782009178193	0.001190917635779	-2.799741235505582e-05	0.0001340547984943	7.838550985790321e-10	1.7970688999359222e-08	1.6004548771597626e-05	0.0001929565641091	3.7232235632826895e-08	2.561455813824471e-10	-0.0003249997530435	0.0002680143115348	1.0562483947833599e-07	7.183167118747281e-08	0.0	0.0	0.0	0.0	0.0	0.0	0.0	0.0	0.0	0.0	0.0	0.0	0.0	0.0	0.0	0.0	0.0	0.0	0.0	0.0	0.0	0.0	0.0	0.0
5201.932610537381	-8.599805896353246	73.95666145495206	27060102.884572253	14278.515610601964	-31.20524526742884	203876008.042204	973.7673322003898	4891.978056299255	-3.4013399591658526	11.569113517818364	23931449.303313438	6192.387230011962	6836.925673860585	1.03127	28.367615	0.0815657438822324	0.039967047144671	-0.0079507408	0.02146614	0.0593625339	-0.0280792391	0.0169958555	0.0147227591	-0.0650390206	0.0442556854	0.0071462541	-0.0285591398	-0.0175212196	0.0209490804	-0.1020270624	-0.0084110979	0.0272982105	0.0519188455	0.0284827944	-0.0874828029	0.015784179	-0.0630761761	-0.0862407755	-0.0469065839	-0.0409025468	-0.0537004472	-0.0519506116	0.0517350933	0.037015003	-0.0122620349	-0.0312754054	-0.093869982	0.0306991104	0.0229840805	0.0021582888	-0.080909494	0.0652295987	0.0132422663	0.0078816201	-0.0412709151	-0.0016900716	-0.0324219027	-0.0693370616	-0.1031232019	0.0062351346	0.0822928534	0.090921877	-0.0379768364	0.0841307099	0.0922874115	-0.0267568485	-0.001828664	-0.0346369524	0.0293392758	0.0772362719	0.012750171	0.1098652485	0.0180750487	-0.0012206654	0.0937715643	0.0800139523	-0.0668492731	0.0335097925	0.0959239416	-0.0933732407	-0.0695245204	0.0830004678	0.0374036753	0.0566484678	0.0011281487	-0.021576035	-0.1028098253	0.0463024941	0.0865241726	-0.038588471	0.0812516635	0.1048595752	-0.0157430059	0.0839545609	-0.005219226	-0.004427357	0.0439772825	0.0450765329	0.0657292272	-0.0907255344	-0.0186250596	0.0218035544	-0.0306617321	0.0793753894	-0.021433816	0.0160421514	0.0633515327	0.0120886856	0.0055261521	0.0351043156	0.0411921067	-0.0268594285	-0.0085303792	0.0940968364	-0.0065159443	-0.0847467776	0.0624093009	0.0291899473	0.0341861737	-0.0093950158	-0.0153775799	0.0879643037	-0.0930866379	-0.0337894795	-0.0132779806	0.0109736437	-0.0885200656	-0.0411288145	-0.0517319853	-0.0559666641	-0.021925332	-0.0675429129	0.055924467	0.0248577145	-0.0455278727	-0.0282481913	0.0559582108	0.1098519119	-0.0047809835	-0.0391547183	-0.0616470562	0.1415373446	-0.0449283211	-0.072721451	0.0311799054	0.0179803894	0.051614406	-0.1300541413	-0.0122309174	0.0023406476	-0.0090964443	0.0525241508	0.0486021757	-0.0585649539	0.0153839611	-0.0094412813	-0.1055938462	-0.0098916959	-0.0288840097	0.0084917982	-0.0112990137	-0.0106982381	0.055980333	-0.1031568879	-0.0134013781	-0.0115901712	0.0009464853	-0.0102970434	-0.0284789661	0.0768809766	-0.0111139934	-0.0045176855	-0.0139216755	-0.0231220529	0.0183803762	-0.0089198459	0.0023664788	0.0093338544	-0.0249742823	0.0019991286	-0.0416281494	-0.0066268889	0.0558809407	-0.0295453507	0.0534026337	0.0413360364	0.0014234468	0.0387313467	0.0921024127	0.0886864774	0.0830867868	0.0754412237	0.0659380473	0.0548112574	0.0423348324	0.0288159833	0.0145875891	0.0	-0.0179595848834708	0.0155505541266051	0.0002418197336444	0.0003225466891865	0.0314757742904561	0.0260238856801749	0.0009907243671837	0.0006772426258948	-0.0525511678993808	-0.0180414933749944	0.0003254954831999	0.0027616252475889	4.59864213951045e-05	7.398383375016031e-05	2.114750952728125e-09	5.47360765637136e-09	-0.0001770038715462	-0.0001930084203177	3.725225031357163e-08	3.133037054234367e-08	-0.0001529957931023	0.0001720039599412	2.3407712707001786e-08	2.9585362235453933e-08	0.0	0.0	0.0	0.0	0.0	0.0	0.0	0.0	0.0	0.0	0.0	0.0	0.0	0.0	0.0	0.0	0.0	0.0	0.0	0.0	0.0	0.0	0.0	0.0
5192.088641660455	-9.843968876925828	96.90372324988437	26957784.46285951	14320.893321188902	42.37771058693761	205087985.51687288	1795.870354590244	4887.242791298475	-4.735265000779691	22.42273462760909	23885142.10109891	6193.488718960225	6739.38371322349	1.029726	28.325146	0.0427511865198401	0.0210732171395676	0.0035560904	0.0078177587	-0.0806796995	-0.0452304689	0.0134041729	0.0106370401	-0.0081272097	-0.0049009668	0.0572368223	0.0012142212	-0.1034437216	0.0166528009	0.0516308799	0.0192383623	-0.0298772195	0.0139867009	0.0230221381	-0.0190874503	0.0015592234	0.0300179899	0.0337864863	-0.0550340212	0.0306586543	0.0438455903	0.0048130878	-0.0358107389	0.0455778985	0.0282546555	0.0273918664	0.0028649733	0.0314972175	-0.0427625988	-0.0146293529	0.0128772314	-0.0456441569	0.0550995999	0.0575840263	-0.083664567	0.1006679714	0.0620715764	-0.000955922	0.0068872354	0.064294834	0.0797210412	-0.0127592659	-0.0529801668	0.0771611894	-0.0983387087	0.0553744595	0.0500503326	0.003608343	-0.0386247047	0.0799963541	-0.0145388315	-0.0894274455	-0.0115901664	-0.0737735901	0.0375352999	-0.0949621053	0.0059679203	-0.1364352331	-0.0908864994	0.0330525614	-0.0030235928	0.1318815653	0.0132302845	0.0802471479	0.0268024127	-0.0721347307	0.0463455993	-0.036507603	0.0977936809	0.0293261121	-0.0152963715	0.0650497356	0.0859956504	0.004119215	0.0138495076	-0.0530464246	-0.0718845784	-0.0685884428	-0.0004496729	0.0375476775	-0.0939884293	0.0567258442	0.0062306272	0.1043214006	-0.1096722962	-0.0035427766	0.0435122551	-0.0154834433	-0.0354666916	0.0252886271	0.0295688845	0.0390522399	0.0578197209	-0.0704977729	0.0295065239	-0.0280543667	0.0319712826	0.0135712071	0.0177165208	-0.0076481428	0.0266482704	0.0094316869	0.018598356	-0.0539006338	0.0281986106	0.0261947803	-0.0182790388	0.0775302662	0.0326862429	0.0688789935	0.024616403	-0.0333584477	0.0095180587	-0.0654832933	0.0611525854	-0.0587705781	-0.0536871455	0.0388030568	0.0258079744	0.0656888279	-0.0660199171	-0.0080544816	0.0571920124	0.030670806	0.0439467338	-0.0960003351	0.0582384407	0.0320585651	-0.026245008	0.1196917152	0.0879940662	0.0395192441	0.0628056413	-0.0118381356	0.155088249	0.0489752918	0.0603196317	-0.0221905909	0.0869493418	0.0220374739	-0.0314008462	0.0542889617	0.054026212	-0.1077847875	-0.0075849879	-0.0157852214	0.0074140652	-0.0027683543	0.0074979377	0.012121152	0.015445345	-0.0071856532	0.0145761321	0.0665196868	-0.0236958779	-0.0731777772	-0.0473306369	0.0063182704	0.0038542899	0.0118671578	-0.0207805452	0.0185319719	-0.0385253435	-0.0130464967	-0.0064197215	0.0179087119	0.0052705802	0.0448645377	0.0918945739	0.087866284	0.0812827579	0.0723354508	0.061284559	0.0484514532	0.0342093323	0.018972371	0.0031836749	0.0	-0.0228760285439335	-0.0049164436604626	2.4171418266503853e-05	0.0005233126819428	0.035312595032181	0.0038368207417249	0.0012469793679068	1.4721193404130424e-05	-0.0468042209691361	0.0057469469302447	3.302739901904902e-05	0.0021906351005277	-0.0002259982095762	-0.0002719846309713	5.1075190731648015e-08	7.39756394845967e-08	1.6028575301252346e-05	0.0001930324468474	3.7261525535914514e-08	2.5691522618791667e-10	-0.0002529982190317	-0.0001000024259294	6.400809883321204e-08	1.0000485191765137e-08	0.0	0.0	0.0	0.0	0.0	0.0	0.0	0.0	0.0	0.0	0.0	0.0	0.0	0.0	0.0	0.0	0.0	0.0	0.0	0.0	0.0	0.0	0.0	0.0
5198.81714840971	6.728506749254848	45.27280307476804	27027699.74259887	14272.371024889824	-48.52229629907743	203700574.6721146	2354.413238135463	4885.284490273389	-1.9583010250862567	3.834942904853885	23866004.550905723	6187.664061322364	6817.285455714494	1.075868	29.5944	0.0457961790066597	0.0255933095062157	0.0260711652	0.0462212917	0.0759116428	0.034506029	-0.0342564851	0.0306398749	0.0297263293	0.0276177381	-0.0126399845	0.0389519419	0.0688051814	0.0300573484	-0.0461830568	0.0136596145	-0.0543552676	-0.0047861929	0.0312519703	0.0606942667	0.0316178206	-0.0436471816	0.0261157956	0.0154859213	0.0279803798	-0.0553569505	0.0489006077	-0.0514980897	-0.0391218273	0.0140218972	0.0435428402	-0.0340887715	0.0456450695	0.0168638955	0.0183971239	-0.0457533232	-0.0214129372	-0.0274406378	0.0927844771	-0.0711971101	-0.0619929322	-0.010018354	0.0625825564	-0.0609625811	-0.0102260919	0.008869653	-0.012698744	0.0481571261	-0.0693665836	-0.0788701836	0.0179220959	-0.0103777979	0.1191973779	-0.0432526127	0.0300086036	0.0507966038	-0.0599279957	-0.1016870929	0.0336820449	0.0393056571	-0.1516524255	0.107108702	-0.0058962534	0.056035766	0.0147977095	0.0355448778	0.1273850654	0.0017448258	0.1095281083	-0.0486981775	-0.1146409549	0.0909783167	-0.082760196	-0.0940191877	0.0342747802	-0.0980719475	0.0277180743	-0.0675472489	0.0468938928	-0.094378471	-0.042188062	-0.0563099798	-0.0555727682	-0.051065445	-0.0371681062	-0.0295709419	0.1131649963	-0.1015925997	0.0794911588	-0.101566881	-0.0314537942	-0.024277505	0.0510642616	0.002624856	-0.0843013852	0.0137484365	-0.0560089129	0.0095614111	-0.0239724841	0.0297880816	-0.0267828917	0.0226921137	-0.0224477947	0.0251041429	0.060671659	0.0320348411	0.0586792238	-0.0060146942	0.0594034081	0.044843991	-0.0094938499	0.0573871072	0.0282286095	-0.0328172777	0.0278074313	-0.0479862045	-0.0316383528	-0.032822033	-0.1214023232	-0.1079829632	0.0235642335	0.0217114808	0.0224091389	-0.024530759	0.0222188289	-0.0070112376	-0.0013129127	-0.0001710475	0.0934085702	0.0658765535	-0.0849913336	0.0463627188	0.051360205	-0.0053602599	0.1087670916	-0.0355976479	-0.0219712891	-0.0055406087	-0.0078965294	-0.0171490304	-0.0294360121	0.0494751878	-0.0107379626	0.0221657597	-0.0044911524	-0.042416411	0.1200155105	0.0035341935	-0.0154235347	-0.0039191798	-0.0498668035	0.0013858315	0.0033809321	0.0195721311	-0.0572476897	0.0032745851	0.0307050741	-0.0172345672	-0.0486458521	-0.0678842974	0.0369983904	0.0475710078	-0.0155661346	0.0173733933	-0.0029196079	-0.0542358536	0.0545133433	0.0319550551	-0.0721032176	0.0233989179	0.097287695	-0.0257328996	-0.0131966632	0.0916695905	0.0869805215	0.0793422632	0.0690138005	0.0563453339	0.0417664042	0.0257713294	0.0089024437	-0.0082682911	0.0	-0.0178974679096057	0.0049785606343277	2.478606598967841e-05	0.0003203193575753	0.0247440914655641	-0.0105685035666169	0.0006122700624562	0.0001116932676375	-0.0662022427450637	-0.0193980217759276	0.0003762832488193	0.0043827369444763	-5.599761366778422e-05	0.0001700005959084	3.135732736486414e-09	2.8900202609216472e-08	1.6008408978418487e-05	-2.0166322833858885e-08	4.066805766394183e-16	2.5626915802030964e-10	-0.0002999993173962	-4.70010983645e-05	8.999959043818595e-08	2.209103247469404e-09	0.0	0.0	0.0	0.0	0.0	0.0	0.0	0.0	0.0	0.0	0.0	0.0	0.0	0.0	0.0	0.0	0.0	0.0	0.0	0.0	0.0	0.0	0.0	0.0
5202.698367398745	3.8812189890350055	15.06386084084591	27068070.302133568	14322.252327473958	49.881302584133664	205126911.7318332	2488.1443474899	4888.226093827215	2.9416035538260985	8.653031467882332	23894754.34437327	6194.342048855312	6759.688014427757	1.065041	29.296583	0.0410018346468236	0.021862072802257	0.0291628812	0.031242459	-0.082414776	0.0528198388	0.048968807	0.0015394349	0.0720192635	-0.0479048424	0.0381454737	-0.0462656179	0.003953393	0.0632528587	-0.0184261203	-0.0098228122	-0.0625046467	0.0098651024	0.0260314932	0.0546370502	-0.0526055088	-0.0168123282	0.0621781421	-0.0135637425	0.0698214102	0.0234082407	-0.0138450683	-0.0052273216	-0.0302282862	-0.0678084592	-0.0498566508	-0.0557095431	-0.0396542163	0.0432860088	-0.0304984946	0.0659449285	-0.0860178851	-0.0020718855	0.0268768157	-0.0719213817	0.0568277831	0.0017762223	-0.0867436991	0.0263736676	-0.0399737684	-0.0412245166	-0.0024619657	-0.04581783	0.0403679517	0.0895442794	-0.0497429491	0.016176962	-0.0675762179	0.0151161599	-0.0220547367	0.0597983715	-0.0061271822	-0.0688515698	-0.0495394969	0.0433750162	0.0022244509	0.0203587086	0.010906834	-0.0212862164	-0.0759830684	-0.004382796	0.1084536175	-0.0982842466	0.0010557879	-0.0021477275	-0.0804649688	0.0694257146	-0.0082468291	0.0513359149	0.0018851891	-0.0215523643	-0.1242603061	0.0648677535	0.0376569684	-0.0242655145	-0.1706254183	-0.0013581707	-0.0841174638	0.0546752271	0.0304584531	0.0049977149	-0.0404653307	0.0627078244	-0.0140020595	0.020762277	-0.0052673901	-0.0764776417	0.0158846389	-0.0265766452	7.68251e-05	0.092104553	0.0219712356	0.0041478551	-0.0275186817	0.0279591447	0.0114157394	-0.0306242612	-0.0392205794	-0.054625588	0.001268987	0.0225736886	-0.0239994689	0.0012507301	0.0129482236	-0.0199272942	-0.0295878379	0.1076560649	-0.0025769637	-0.043581215	-0.0565286015	0.0194387775	-0.0835541192	-0.0170161952	-0.0153777525	0.0103357124	-0.0346979448	-0.0133256297	-0.0193291911	0.0616727887	0.0392110842	0.0255027244	0.0433730178	-0.0411435578	-0.0120148717	-0.0688161179	-0.0249303516	-0.0652460218	-0.1134634072	0.0306307065	0.033461294	0.0497284208	-0.0155399379	0.1082295755	-0.0650597561	0.0253865947	0.0153496924	0.0553337057	-0.01435277	-0.0559161604	-0.0188542004	-0.0444150039	-0.0288249036	-0.0041337207	-0.0193046262	0.0021466692	-0.0465469578	0.0035980352	-0.0044460552	0.0254631593	-0.0459388227	0.0048513319	-0.0488168725	-0.001231872	0.0644133321	0.0270245926	0.0014824263	-0.0122775824	0.0395574894	0.0284253899	0.0009690183	0.0121086824	0.0603835931	-0.0109547205	-0.0855966011	-0.0196537005	0.0027606944	0.0523069759	-0.0205475881	0.0914275044	0.0860298509	0.0772685604	0.0654861859	0.0511434007	0.0348009859	0.0170979051	-0.0012736779	-0.019595462	0.0	-0.0179730522822012	-7.558437259549966e-05	5.7129973806553205e-09	0.0003230306083387	0.0174829829612832	-0.0072611085042809	0.0003056546932245	5.2723696710940415e-05	-0.0558617713059632	0.0103404714391005	0.0001069253495828	0.0031205374934397	-0.0002970229042306	-0.0002410252905628	8.822260563758018e-08	5.8093190690889766e-08	-0.0001174418839153	-0.0001334502928937	1.7808980673419252e-08	1.3792596097574804e-08	-0.0003920171405566	-9.20178231604e-05	1.536774384901731e-07	8.467279779178645e-09	0.0	0.0	0.0	0.0	0.0	0.0	0.0	0.0	0.0	0.0	0.0	0.0	0.0	0.0	0.0	0.0	0.0	0.0	0.0	0.0	0.0	0.0	0.0	0.0
5200.528992647922	-2.169374750823408	4.7061868095101245	27045501.80337161	14249.045844601362	-73.2064828725961	203035307.48155132	5359.189134575706	4889.034472595291	0.8083787680761816	0.653476232676365	23902658.074225117	6186.052030939777	6830.981261825869	1.088229	29.934412	0.0662015196317965	0.0309072650623738	0.0244693484	0.0558670527	0.0575904422	-0.0382855493	-0.040232049	0.0451535849	-0.0428007012	0.0695091625	0.0005782364	0.0427088267	0.0216332914	0.0619943843	-0.0397270305	-0.07488069	-0.0063965366	0.0172444695	0.0747239863	-0.049798187	0.0200614956	-0.0462582535	-0.007145495	-0.0003293923	-0.0184276215	-0.0621380823	0.0548666431	-0.0377365846	0.0118190782	-0.0540128519	0.0352956516	0.0671787329	0.0598986577	-0.1468292084	-0.0117834363	-0.033005323	0.0450539389	-0.0421753726	0.1119563062	0.0106247795	-0.0323566376	-0.0399691463	-0.0399618906	-0.0132908791	-0.0030677299	0.0036584095	-0.0536873744	-0.038678807	-0.074164279	-0.0631866029	-0.0124005323	0.0648826009	0.0451497812	-0.0272386422	0.0404767426	0.0365373139	0.0712124429	-0.0154676458	0.0305303356	0.0608834071	-0.0328596569	-0.0565227416	0.014400709	-0.0166610587	0.04708392	0.0259429963	0.0570783136	0.0256106892	-0.0112329782	-0.0121998337	-0.0115911925	-0.0645249913	-0.0478063367	0.0078111804	-0.0187379684	0.0727156372	-0.0099018683	-0.0439247494	-0.013112379	-0.0690991846	0.0105465485	-0.1382570807	-0.0721333976	-0.0785875063	0.0713743102	0.0962126762	0.0399058364	-0.0429782108	0.1141394581	0.0342878395	-0.0352702252	0.0608830537	0.0518526367	-0.0120394682	-0.0120407995	0.0344959902	-0.0735430985	0.0002756944	0.0440050956	0.036202877	-0.0057784194	0.0439493226	0.0027192745	0.0484941307	-0.0414704049	0.0253160685	0.0255092263	0.0287803243	0.0508740564	0.0184732207	0.029025934	0.004518054	0.0362117496	0.0679989845	-0.0127878457	-0.0343427119	-0.0286030707	-0.0883911633	-0.0823821973	0.0152442563	-0.0752742556	-0.0096249444	-0.0231591018	0.010610981	-0.0255120299	0.0144729856	0.0309173475	0.0769640556	0.0167982875	0.0759321598	0.0690492296	0.0253111601	-0.0186829931	-0.0718996834	0.0833785804	-0.037363575	0.0509252029	-0.0216375066	-0.01764161	0.030025679	-0.027011528	0.0251497616	0.0900668807	0.0355064829	-0.1041302305	-0.0463693446	0.0478936763	0.0833162102	-0.0022908538	0.0044686278	-0.0606194371	0.0205785106	-0.0082549295	-0.0493003325	0.0526374564	-0.0336825417	0.0106745002	0.0066456583	-0.0432635125	0.0005591034	-0.0449165172	0.0413201358	-0.0085272836	0.0252488075	0.0308784652	-0.0522106789	-0.0038132117	0.0048273453	-0.0675115367	0.0277355958	0.0681996512	0.051015361	0.0301183796	0.091168361	0.0850149816	0.0750651311	0.0617631348	0.0457030134	0.0276019556	0.0082682911	-0.0114346062	-0.0306268741	0.0	-0.012132217032942	0.0058408352492591	3.411535640898877e-05	0.0001471906901344	0.0059016157573239	-0.0115813672039593	3.482906854709374e-05	0.0001341280663129	-0.0683618580105189	-0.0125000867045557	0.0001562521676214	0.0046733436306503	-5.600528896953331e-05	0.000241017615261	3.136592392560929e-09	5.8089490866131564e-08	-0.0002519987665425	-0.0001345568826272	1.8105554662350082e-08	6.350337833894143e-08	-4.2007028964419655e-05	0.0003500101115921	1.7645904824175915e-09	1.2250707821677052e-07	0.0	0.0	0.0	0.0	0.0	0.0	0.0	0.0	0.0	0.0	0.0	0.0	0.0	0.0	0.0	0.0	0.0	0.0	0.0	0.0	0.0	0.0	0.0	0.0
5194.849696283968	-5.679296363953654	32.25440718961719	26986463.36698164	14310.75767540565	61.71183080428818	204797785.2441817	3808.350061217092	4889.004399001574	-0.0300735937171339	0.0009044210390632	23902364.01345674	6193.466494121783	6758.524858934278	1.052531	28.95245	0.0803178909623741	0.0388736896226349	0.0425983001	0.0315549787	-0.0420420408	-0.0234095806	0.1266410876	0.0264199824	-0.0042187564	0.0028715284	0.063398488	-0.1202125872	-0.0067310103	-0.03225247	0.0365324066	0.0360973598	-0.0646275971	-0.0127418929	0.0337116107	0.0084345181	0.006752639	-0.0466090021	0.0077022027	-0.0943373875	-0.0125291509	0.0838661071	-0.062090286	-0.024723338	0.0029111532	-0.0524974236	0.062758352	0.0015834916	-0.0420146899	0.0078905263	-0.0821545508	-0.0336393381	0.0465898806	-0.0297415946	0.0517113493	-0.098375401	0.0131980489	0.0782397806	-0.0887037668	0.0103142787	0.04599337	-0.1865045556	-0.0365754616	-0.0664385974	-0.1198999164	0.050157932	-0.0214680485	0.007019682	0.013186252	0.0287556451	-0.030401269	-0.0611300225	0.0737862364	0.0596448938	-0.0086329633	-0.0602893182	-0.0964865424	-0.1046165062	0.0525916673	0.0151879668	-0.040650951	0.0541618086	-0.0186199364	-0.0749268118	-0.0608868177	-0.0507384193	0.0303537343	0.0715274065	0.047800667	0.0715167502	0.1076959171	0.0507529822	-0.1275108604	-0.0517052595	-0.1345012548	0.0624420138	-0.065290363	-0.082159681	-0.1272746089	-0.012314461	0.0284571694	0.0040736861	0.0124662936	0.0489665849	-0.0652034948	-0.0483079691	-0.0301636381	0.0385231854	0.0278491087	0.0550658747	0.0319487907	0.0747591391	0.1212595104	-0.0003964816	-0.023278262	0.008583553	0.0080615071	0.0072908792	0.0154872659	0.0021393927	0.00236503	0.0176833965	0.0861245474	0.0377998642	0.0243766354	-0.0616717017	0.0186338149	0.0377193104	0.0125034788	0.0462712091	-0.0551767473	0.1401842109	-0.0159948625	-0.0412285753	-0.0619463919	-0.0709970407	-0.029387864	0.0030824985	-0.0759907769	0.0463326434	-0.0238273678	-0.0010524812	-0.1169691023	0.0277888543	0.0035640894	-0.1620994489	0.0275915234	0.0221377373	-0.0537090276	0.0129834788	-0.0022953707	0.0376025736	0.0227509597	-0.0155223688	-0.0117013517	0.0140128161	-0.1222795523	0.0258202238	0.1170904411	-0.0033645161	-0.007641428	-0.0913651371	-0.0549693645	-0.0532016246	0.02283292	0.0142205727	-0.0600070116	0.0169873037	-0.0029334474	0.0005712663	0.0156621277	-0.0059547156	-0.0087827861	-0.0759288416	0.0682093804	-0.0507856614	-0.0260556407	-0.0619174103	0.0359634137	0.0328092916	-0.0223568807	-0.0220426352	-0.0017068869	0.0090947698	0.0014429649	0.0050718314	0.0758920664	0.1141180508	0.0414231982	0.0908922084	0.0839366709	0.0727356746	0.0578557582	0.0400495376	0.020217639	-0.0006368538	-0.021459135	-0.0411960279	0.0	-0.0160814549037553	-0.0039492378708133	1.5596479760265977e-05	0.0002586131918215	0.0353901908200242	0.0294885750627003	0.0012524656062777	0.0008695760592285	-0.0515853001789707	0.0167765578315482	0.0002814528926752	0.0026610431945545	-0.0002750517908249	-0.0002190465018553	7.565348763598455e-08	4.7981369975073154e-08	-0.0004459683378426	-0.0001939695713001	3.7624194590344585e-08	1.9888775835809146e-07	-0.0002310613597552	-0.0001890543307907	5.338935197192197e-08	3.5741539990749814e-08	0.0	0.0	0.0	0.0	0.0	0.0	0.0	0.0	0.0	0.0	0.0	0.0	0.0	0.0	0.0	0.0	0.0	0.0	0.0	0.0	0.0	0.0	0.0	0.0
5196.562947110643	1.7132508266749935	2.9352283951025493	27004266.46328325	14240.49817583133	-70.25949957432022	202791788.29585543	4936.397280433903	4890.366636939015	1.362237937441023	1.8556921982035723	23915685.84368621	6189.382447668579	6810.294330560037	1.160569	31.924309	0.0576038915419401	0.0365195022784193	0.041311113	0.04567588	0.0212951097	0.0017600101	-0.1006576627	0.0566212195	-0.0061837776	0.0407776123	0.0113265536	0.1023691164	0.0259033508	0.0636103786	-0.0691334858	-0.0267488262	-0.0538557317	0.0204875553	0.0635897832	-0.0109270968	-0.0220685186	0.0510223469	0.0250002506	0.0164862316	0.047749048	-0.05318642	0.1093321829	0.0173829929	-0.0772891112	0.0818043248	0.0546575949	-0.0109173201	0.1004830119	0.0351971269	-0.0052422094	0.0726929308	0.0759793961	-0.1026548491	-0.0385989482	-0.1268622449	0.0811320679	0.0288248826	-0.1242679612	-0.0588670803	-0.0260882352	-0.0556273071	-0.012979074	-0.0558415842	-0.1553544331	0.0139433211	0.0998691793	-0.0275964414	-0.0202232348	-0.084753657	-0.0517831951	0.1130709385	-0.0505910616	-0.0763327086	0.0415352681	0.0395651222	-0.0139882538	-0.0344405601	0.0457067446	-0.0153603854	-0.08754732	-0.0943641002	-0.0119294133	-0.1035944021	0.0588471103	0.0708303434	0.0846316193	-0.0208838378	0.0187700026	-0.0334081004	0.0885883031	-0.061180232	0.0764358118	-0.0366720879	-0.0149391423	0.0782740081	-0.0818697996	0.0736503404	0.058709748	0.0473624786	-0.0710943306	-0.0553761019	-0.050504702	-0.0663177353	-0.0546943474	0.0262716147	-0.0462239601	-0.0132855526	0.0405540212	-0.0750386648	-0.0017661718	-0.0145914062	-0.0829767253	-0.0403126185	-0.0162467594	0.0522894655	-0.073206129	0.0415953027	-0.0415483956	0.0017225789	0.062112334	-0.0779459404	0.0323137698	-0.0308568007	-0.0128441809	0.0472889123	-0.0531762262	0.0670360083	0.0653400091	0.0337914195	-0.0378714698	0.1146327465	-0.0724382193	-0.0630560353	0.0586874468	-0.0411007274	-0.1341071413	-0.0218076794	-0.044184463	0.0734447277	0.0611698019	-0.0575996823	0.032655852	0.1165755729	0.0729837101	-0.0121822794	-0.0128416321	-0.1277025068	0.0291452532	0.0244411283	-0.0381884767	-0.1652807704	0.0110217597	0.0208388369	0.0378282899	-0.1156322926	-0.071520889	-0.0760421529	0.0085026144	-0.0899889684	0.0487345694	-0.0759482376	-0.0120257367	0.0420220566	-0.0385952235	0.0032273544	-0.0595121466	0.0188508247	0.0016366866	0.0235623249	-0.0459820239	-0.0025676432	0.0630660745	0.0377175056	-0.0369627367	-0.024305592	-0.0486079499	0.0770430871	-0.0543259162	0.0335339638	0.0541470932	-0.0272662792	0.016931391	-0.0327909058	-0.0291899481	-0.0905695349	0.1359693103	0.0009202268	0.0174172795	0.0905990982	0.0827957235	0.070284102	0.0537757173	0.0342093323	0.0126976055	-0.0095361811	-0.0312276849	-0.0511434007	0.0	-0.0120853916957912	0.0039960632079641	1.596852116204435e-05	0.0001460566924406	0.0001173608037419	-0.0352728300162823	1.3773558254944769e-08	0.0012441725373575	-0.045602217104232	0.0059830830747387	3.579728307922472e-05	0.0020795622048215	-0.0002420232400447	3.302855078019998e-05	5.8575248721734487e-08	1.090885166640249e-09	-0.0003149819740571	0.0001309863637855	1.715742749774735e-08	9.921364398090761e-08	-0.0001480379694618	8.302339029340002e-05	2.1915240402372826e-08	6.892883335810229e-09	0.0	0.0	0.0	0.0	0.0	0.0	0.0	0.0	0.0	0.0	0.0	0.0	0.0	0.0	0.0	0.0	0.0	0.0	0.0	0.0	0.0	0.0	0.0	0.0
5191.653290632976	-4.90965647766734	24.104726728700875	26953263.89014021	14278.54918682392	38.05101099259082	203876966.8805501	1447.8794375582672	4889.528345102476	-0.8382918365387013	0.7027332032074287	23907487.43756056	6192.042574797339	6759.630862163018	1.084164	29.822613	0.0699068003101446	0.0300011063436115	0.0308945067	0.0146130943	0.0287360272	0.0585661469	0.0700989298	0.0146668981	0.0496997552	-0.0258921703	-0.0018766722	-0.0645694145	0.0601796031	0.0409503899	-0.0035707709	-0.0470358341	0.0070647895	-0.0068790697	0.0316225054	0.0312891412	-0.038094395	-0.0630799696	-0.064362057	-0.0474817391	0.0002219361	-0.0042016564	-0.0557743759	0.0120918945	0.036726129	-0.0171075191	-0.1494553657	0.0880904164	0.006684943	0.0500452753	-0.0462974118	-0.0297731037	-0.1333315492	0.0215891893	-0.0436311712	0.0386800891	0.0319678878	-0.0586569059	0.0141556755	-0.0266387777	0.0345132419	-0.0723998974	-0.0566329729	0.0770060315	-0.0995283006	0.0062137528	0.0631475058	-0.0073376659	0.0157672988	-0.104824159	0.0459074024	0.0574176438	-0.1129763749	-0.0385899916	-0.1464805675	0.0093723532	0.0592450523	-0.0585665839	-0.0182020902	0.0039093432	-0.0017046441	-0.077552637	-0.0207972616	0.0999278877	-0.010625338	-0.0232997911	-0.0211815687	-0.0839622737	-0.2019432151	-0.0397489481	-0.0192999801	0.0065652002	-0.052098571	-0.0955630642	-0.0179781152	-0.0266439149	-0.0133750621	-0.0060222774	0.0468745217	-0.1374674578	-0.0831266757	0.0788563209	-0.146639784	0.0366467736	-0.1309089852	0.1345813327	-0.0180424527	-0.0538926702	0.0229017818	0.0353370422	0.0087037858	0.0771907094	0.0375277234	2.98777e-05	0.0696809315	-0.0353824617	-0.028117359	-0.0163736804	0.0164791487	-0.0312610446	-0.0031293122	0.0066831393	-0.0750979814	-0.0542980366	-0.0389482276	-0.0398021716	0.0035337064	0.0196025978	-0.0068122129	0.0141079768	0.1020808374	0.0879590971	-0.0664855781	0.079554237	0.0314728311	-0.1319944141	-0.1258730542	0.0489161293	0.0023347781	-0.0439697755	-0.0014061005	0.0288397409	-0.1073006234	0.0144534119	0.0275099568	0.0515935972	0.0748857934	-0.036408416	0.0189962223	0.0242717061	-0.0007614892	-0.0378234684	-0.046317698	0.0506547536	0.0954703438	0.0382561688	0.1276548058	-0.0079232717	0.013658071	0.0386465296	-0.0224710524	0.0790817587	0.0105142816	0.1292533668	-0.0080573592	0.0142343987	-0.0374783719	0.007540324	0.0034331596	0.0164622676	0.0113170255	-0.0293977473	0.009758754	-0.0538651697	0.0175850636	0.0690923421	0.0673810236	-0.0122139463	0.0797224372	0.0023725339	-0.0050060805	-0.015561475	-0.0217489105	-0.0759275919	-0.0439570945	-0.0820858708	-0.0421541632	0.0568576137	0.0288875962	0.0902890852	0.0815929909	0.0677145291	0.0495351885	0.0282096273	0.0050923356	-0.0183483952	-0.0406237301	-0.0603188546	0.0	-0.0166418330149014	-0.0045564413191102	2.0761157494494717e-05	0.0002769506060958	-0.0145730492657634	-0.0146904100695053	0.0002123737649023	0.0002158081480102	-0.0279890927205599	0.0176131243836721	0.0003102221505547	0.00078338931132	0.0001669916885238	0.0004090149285685	2.788622403602984e-08	1.6729321179189516e-07	-9.301482640355908e-05	0.0002219671476535	4.926941463744884e-08	8.651757930884232e-09	-0.0001779923839969	-2.9954414535100017e-05	3.1681288760899904e-08	8.972669501406111e-10	0.0	0.0	0.0	0.0	0.0	0.0	0.0	0.0	0.0	0.0	0.0	0.0	0.0	0.0	0.0	0.0	0.0	0.0	0.0	0.0	0.0	0.0	0.0	0.0
5179.360784871917	-12.292505761059148	151.1056978856723	26825778.13986904	14246.114473783053	-32.43471304086779	202951777.60013095	1052.010610043439	4882.079124320511	-7.449220781964868	55.49089025845728	23834696.57612613	6181.63651091419	6751.654960666137	1.024559	28.183025	0.0867848294438761	0.0421760067922036	0.0248892629	0.021571085	-0.0449013722	-0.0745565726	-0.0602513973	0.0547475969	-0.0414530982	0.0370685014	0.0395602864	0.0526208367	-0.0547038026	0.0175610572	0.0587528339	0.0153734084	0.0394252502	-0.0297117531	0.0500463638	-0.0006969087	0.0101156617	0.10042542	0.0513782534	-0.0065865694	-0.0140903787	0.0008464379	-0.0060491098	0.0057118434	-0.0486365179	0.0478063447	0.0299585094	0.0219250738	0.003788146	-0.0576785252	-0.052945922	-0.0078160245	0.0811299739	-0.0550485604	-0.0629586814	-1.85604e-05	0.0348297379	-0.0053758998	-0.0276867211	0.0196991704	0.1118582143	0.0615035815	-0.0895060933	-0.0050194501	0.0057264807	-0.1155816176	0.1029972896	0.0032470964	-0.0533921815	-0.0335533097	0.0039219291	-0.0527425482	-0.0396553009	0.029352708	-0.0943506912	0.0244642515	-0.0370317913	0.0865936644	-0.0283803699	-0.0147827614	0.105084446	-0.0088111192	-0.0479914469	-0.0227972912	-0.0512163778	-0.0222401212	-0.0287222257	0.1039162485	-0.0449142443	0.1316278792	0.0385728905	-0.0480871737	-0.0231481177	-0.018025847	0.0578089269	-0.0458640384	-0.0207316574	0.0054199565	0.088551033	0.0075179687	-0.039090811	0.1164728559	0.0461064171	0.0086227892	-0.0893110039	0.1511986428	-0.0555645703	0.0440890182	-0.0022258683	-0.0433070552	0.0372332342	-0.0397189821	0.0080739022	0.0463081516	-0.0133646767	0.0685682451	-0.0180133795	-0.0310223079	-0.0286995322	-0.0087327395	0.0541392728	-0.0212840269	0.0296231282	0.06412299	-0.0216367369	-0.0295989197	0.0364683771	-0.1029436285	0.0216254477	-0.0152322955	0.033475712	0.0461918252	-0.0623232688	-0.066025972	-0.0509183985	0.029290286	-0.0615771252	0.0038170196	-0.0808079887	-0.0045116707	-0.0017049134	0.0176833471	-0.0356611493	0.079349432	0.0320761377	-0.0084202149	0.0447843298	-0.0054671585	0.1065393089	0.0871932647	0.0556054595	-0.028929152	0.0645728087	-0.0572087521	0.0376102221	0.0624652548	0.088725931	0.1614674055	-0.0437309225	0.0238867032	0.0455434945	0.0244500275	0.0140935518	0.0205871903	0.0313511438	0.0149427169	-0.0324833212	0.0249781567	0.0137883702	-0.0040907065	0.0352110359	-0.0399056305	0.0391468368	0.0317465699	0.0068765358	0.0310949518	-0.0786015229	0.0005250269	-0.0043903165	0.0182707423	0.043059222	-0.0446726484	-0.0726014083	-0.079291155	0.019966066	-0.0895679312	0.0083911034	0.0448153477	0.0542938651	0.0899622271	0.0803293705	0.0650312701	0.0451468273	0.0220783961	-0.0025471182	-0.0269929964	-0.0495351885	-0.0685839023	0.0	0.0001631603119136	0.016804993326815	0.0002824078007142	2.6621287383743247e-08	0.0047864322910413	0.0193594815568047	2.2909934076722864e-05	0.0003747895261482	-0.0186183718902839	0.009370720830276	8.781040887896853e-05	0.0003466437718449	-5.600248848952743e-05	-0.0002229941770133	3.136278717019652e-09	4.972640298185121e-08	1.5991223056621706e-05	0.0001090060494601	1.188231881891538e-08	2.5571921484662964e-10	0.0003150000641292	0.0004929924481261	9.922504040140013e-08	2.430415539093655e-07	0.0	0.0	0.0	0.0	0.0	0.0	0.0	0.0	0.0	0.0	0.0	0.0	0.0	0.0	0.0	0.0	0.0	0.0	0.0	0.0	0.0	0.0	0.0	0.0
5176.159364383201	-3.2014204887154847	10.249093145567294	26792625.765491907	14234.718202248598	-11.396271534455082	202627202.29742756	129.87500488703117	4874.74919767852	-7.329926641990823	53.72782457696688	23763179.740267377	6176.898894826264	6701.878660925928	1.010393	27.793352	0.1041851246754515	0.0547432882250047	0.0292884628	0.0053577802	0.08154496	-0.0114100549	0.069436266	0.0189666231	-0.021297626	0.0567579228	-0.0793518364	-0.0825227212	0.0198778792	-0.1041560185	0.0938849455	0.0215850628	-0.0219574849	-0.0375136302	-0.0184598909	0.0813804173	0.1406833897	-0.0155900514	-0.0181609662	-0.0718071761	0.0105346977	-0.0304822273	0.0455530011	-0.0208659082	0.0149780033	-0.0109907676	-0.096160447	0.0002168807	0.0008118859	0.0003483273	-0.0322445591	-0.1000517992	-0.0073532715	-0.0311451227	-0.0546676954	-0.0502052155	0.1761605113	-0.00671211	-0.0455380897	0.0832227838	-0.0173362282	0.0654074102	-0.0531832452	-0.0192943892	-0.0077121772	-0.0891203297	0.0303958049	0.0393387926	-0.1205121738	0.0875962714	0.037515923	0.0163181675	0.0165153582	-0.0007501077	-0.1226439457	0.0839231572	0.0271830602	0.0783611468	-0.0428949794	0.0978158895	-0.0851056037	0.0044367214	0.0180871927	0.0683332758	-0.1287509618	-0.0160829924	-0.0507311199	-0.0995920894	-0.0216305503	-0.0255021893	-0.0744385696	0.0527907347	-0.0765326371	0.0155464276	0.0974071853	-0.0420569262	-0.0210023448	-0.0417538001	-0.0048090874	0.004104649	0.1118750698	0.0105471284	-0.0892766242	0.0919459176	0.0319954768	-0.014392469	-0.0295156746	0.0485195929	-0.0072784284	0.0983906813	-0.1051502739	-0.0232042094	0.0746682328	0.0159373462	-0.0296939873	0.0351675073	-0.035978508	0.0540578818	-0.0273113955	-0.0164400866	0.0125758847	0.0449723249	-0.0460987416	0.0102004422	-0.107869501	-0.0197211571	0.0339146924	-0.074077301	-0.0490141381	0.0023384127	0.0459747527	0.0692142165	-0.0716736959	0.0028755706	0.0428992255	-0.0218184807	-0.0938769617	-0.0745128018	0.0012498119	0.0703853468	-0.0606199861	0.0040928096	0.0283722922	0.1293819901	-0.0873663734	0.0138833362	0.0298430942	-0.0084632759	-0.0547486731	-0.08210959	-0.0328796787	-0.0109004998	0.0321814266	-0.0202150355	-0.0105485563	-0.0618604651	0.1494895957	0.1090577804	0.0070019825	0.0015506659	-0.0208029791	0.0246156615	0.0071879712	0.0608462739	-0.0310375997	0.0186110641	-0.0169775462	0.0203443605	0.0184771247	0.0309878138	0.0236183862	-0.010029125	0.0864732546	-0.0666069198	0.0109740844	-0.0048672729	0.0672498486	-0.0317350508	0.0521697845	0.0012054413	0.0012343584	-0.0630692165	-0.1018895575	-0.0633799799	0.0467958764	-0.0829535643	0.015876939	0.0417029329	0.0572341634	0.0896185849	0.0790058053	0.0622388298	0.0406237301	0.0158442251	-0.0101694736	-0.0353910162	-0.0578557582	-0.0758137976	0.0	0.0248285944669817	0.024665434155068	0.0006083836420579	0.0006164591032058	0.0188695430137642	0.0140831107227229	0.0003560596535482	0.0001983340076284	0.0282179506602702	0.0468363225505541	0.0021936411100595	0.0007962527394654	-5.600492160634339e-05	-2.433116815962538e-09	3.1365512441326692e-09	5.920057440119679e-18	0.0001419978557364	0.0001260066326797	1.587767147929657e-08	2.0163391033735465e-08	6.90039849836645e-05	-0.0002459960791455	4.761549943625795e-09	6.051407095497657e-08	0.0	0.0	0.0	0.0	0.0	0.0	0.0	0.0	0.0	0.0	0.0	0.0	0.0	0.0	0.0	0.0	0.0	0.0	0.0	0.0	0.0	0.0	0.0	0.0
5189.365502662576	13.2061382793745	174.40208825396047	26929514.320224408	14281.446622721354	46.72842047275663	203959717.6376392	2183.5452798787405	4890.085197356657	15.335999678136432	235.19288612780076	23912933.237406693	6190.76145596909	6727.772140586693	1.136741	31.268864	0.0633846026478512	0.0412314125608466	0.0354828817	0.0091620838	-0.0891129446	0.0238796664	-0.0588004302	0.0400027648	0.0428330361	-0.0609108734	0.0065345962	0.0685573613	-0.0332624363	0.004933968	-0.0424162566	-0.0116019575	-0.1025739765	-0.0152172062	0.0505628455	0.0450253003	-0.0619995839	0.1003451768	0.0596893973	-0.0344363642	0.0955576316	-0.0268635175	0.0301134006	-0.0199055348	-0.0264933071	0.0478822785	-0.036049189	-0.0015924108	0.0271720334	-0.014347862	0.0074307691	-0.1208281925	0.0307271389	-0.0598188127	0.0280365591	0.0246705436	0.0473485114	0.0407416776	-0.0329479762	-0.0564938502	0.0845392485	-0.0403491712	0.0443226953	-0.1617242708	0.0378779316	-0.0528479473	0.0486013564	-0.1468272386	-0.0202859176	0.0321318818	-0.0462697933	0.0429931778	-0.105713015	0.1016988124	-0.0138766577	0.0651305802	0.0074053553	0.079229467	-0.0844898468	0.0827689016	-0.0996697422	0.0134417483	-0.0237216476	0.0605422989	-0.0202034034	0.0968688845	-0.0547046626	-0.0252534757	0.0312742559	0.0315398271	0.0437984727	0.0389314815	0.0606840259	0.0565496502	0.0394774508	0.1574303778	0.0529767517	0.017574345	-0.0407086437	0.0139524684	0.1375332197	-0.0364157108	0.1182428071	0.0327932391	0.0426644719	0.0541801265	-0.0474379658	-0.0653843074	-0.0108675167	-0.0940177887	-0.0095380142	-0.0100268028	-0.0050450474	-0.0228754918	-0.0730780761	0.0936151251	-0.0457444256	0.0360564242	-0.0603188895	-0.0037320972	0.0646119166	0.0514790309	0.0101452614	-0.0040062284	-0.0015329946	-0.0114544329	0.0355820508	-0.0347836952	-0.0106662736	-0.0252424407	-0.0268590656	0.0205730717	0.078252178	-0.0456792601	0.0467604845	-0.06328165	-0.1053267782	0.0395427239	0.0608119218	0.0460691144	0.0160458102	-0.0815335962	-0.036224781	0.1144814576	-0.1142298313	-0.0218169822	-0.0411869983	-0.0169169441	0.0444181479	0.0319731387	-0.1275819997	-0.0466396751	0.1279031406	0.0065711511	-0.0176162462	-0.0404204065	0.0784238766	0.0812688349	0.042990537	0.0403155892	0.0783675441	0.002662857	0.0917707284	-0.0714080504	-0.07482509	0.0113732941	-0.0246949879	0.0193605805	0.0145457073	0.0651331551	-0.0684584972	0.0110853458	0.0539060997	0.0708608519	0.0546700098	0.0084507404	-0.0610988617	-0.0033956979	-0.0300463396	0.0431681396	0.0535656269	-0.0464000327	-0.0260160107	-0.0874446263	-0.0574489105	-0.0654358047	0.0446045778	-0.0462169643	0.0007785345	0.0892582227	0.077623283	0.0593418965	0.0359793958	0.0095361811	-0.0177235635	-0.0434657385	-0.0654861859	-0.0818994181	0.0	0.0047225079059813	-0.0201060865610003	0.0004042547167984	2.2302080922055885e-05	0.0152001891513577	-0.0036693538624065	0.000231045750237	1.3464157767557504e-05	0.0286749746372549	0.0004570239769846	2.0887091553891053e-07	0.0008222541704472	-0.0007280115956901	-0.0006720066740837	5.300008834592456e-07	4.5159297001311234e-07	0.0002139604263471	7.196257061070001e-05	5.178611568899984e-09	4.5779064042632806e-08	0.0001080775052384	3.90735202547355e-05	1.1680747138556382e-08	1.5267399850972252e-09	0.0	0.0	0.0	0.0	0.0	0.0	0.0	0.0	0.0	0.0	0.0	0.0	0.0	0.0	0.0	0.0	0.0	0.0	0.0	0.0	0.0	0.0	0.0	0.0
5194.062581860733	4.697079198157553	22.0625529937644	26978286.104285784	14255.099414688502	-26.347208032851995	203207859.3226525	694.1753711263807	4887.91549869304	-2.169698663617055	4.707592290901634	23891717.922363628	6182.220486204575	6760.178603790154	1.202471	33.076931	0.1365607733224898	0.059358072798525	0.0121941122	0.0039226082	0.104296246	0.0509830284	-0.00647642	0.0144542134	0.0222652255	0.0099588924	-0.1044643484	-0.0282526397	0.0519816326	-0.0011877301	-0.0381420302	-0.100185069	0.0202443332	-0.0116744241	-0.0457511609	0.0590884587	-0.0060982355	-0.0605789943	-0.1142781626	-0.0170173823	0.0114192814	-0.0829906814	0.0486803059	0.0074175945	0.0413945871	0.0665705517	-0.0636060438	-0.023842819	-0.0116075878	-0.0952829792	-0.1141219639	-0.1386224434	-0.0114976376	0.1318897601	0.0202178178	0.057726165	0.0028230816	0.005900731	0.0036581029	0.0448105178	-0.0844795894	0.0800660331	0.0193256168	0.0824502229	0.0619668307	-0.0391426344	0.0634766958	-0.0878115612	-0.0782312307	-0.1528528326	-0.0703750224	0.0256674476	-0.0232661733	-0.0001983144	-0.0843527212	0.1182122268	0.0274077802	0.0464336483	0.0641995202	-0.0325649239	0.1038537116	0.0271785597	-0.018621685	-0.0982584064	0.0245338588	0.033091027	0.1025478454	-0.1195519079	-0.0025327313	-0.0376754365	0.0694016523	-0.0259405504	0.0596467419	-0.0844858413	-0.003466899	-0.0288386657	0.1050225717	0.0751949671	-0.0497281394	-0.0531833497	-0.0362127234	-0.0893884288	-0.1328123207	0.154017226	0.0276560807	-0.0241437007	0.0007180097	-0.0622774198	-0.0145435329	0.0677335415	-0.0702636681	-0.0005473771	-0.0501173268	-0.0085893541	0.1229420335	0.0027702215	-0.0746109369	0.0429916291	-0.0554537923	0.0348032812	-0.0306915971	0.1244098413	-0.0474001258	-0.0163137287	-0.0305627583	-0.1028675267	5.99142e-05	-0.0378644284	0.0033072192	0.0294226742	0.0715647675	-0.1067537923	-0.1100565928	0.0796729616	0.0208900514	-0.0589595092	0.0721714718	-0.077470151	0.0977217901	-0.0906622406	0.0472569957	0.0636929472	0.068626789	0.0257906632	-0.0210637475	0.0597962874	0.0754855413	0.015323599	0.1152145436	0.0464935912	-0.0374446638	0.0040221594	0.0061402289	0.0595248805	-0.0401462379	0.0854902863	0.0373725071	0.1098674519	-0.0319863876	0.0022193628	0.0719123268	0.0327785901	-0.1001064754	0.0313249753	0.0207712349	0.0127400022	0.0065257821	0.003936193	0.0243471212	0.038770582	0.0251704199	-0.0308166767	0.053692012	-0.0153879853	-0.0349763838	0.081848675	0.1164706825	0.0542051574	0.0488278042	0.0020885509	0.0095379814	-0.0788082956	-0.04386619	-0.0289482248	-0.0629558886	0.0223028372	-0.0833366053	-0.0470963896	0.0494880982	0.0888812078	0.0761828353	0.0563453339	0.0312276849	0.0031836749	-0.0251586786	-0.0511434007	-0.0723354508	-0.0867489121	0.0	0.0131843414791745	0.0084618335731932	7.16026274204196e-05	0.0001738268602394	-0.0233823750674133	-0.038582564218771	0.0005467354637931	0.0014886142616955	0.0642348007153899	0.0355598260781349	0.0012645012307072	0.0041261096229458	2.399688975231553e-05	0.0007520084854424	5.758507177847862e-10	5.655167621773956e-07	0.0004470000583043	0.0002330396319572	5.4307470062747237e-08	1.998090521240476e-07	1.3994633590202222e-05	-9.408287164819778e-05	1.9584976932401636e-10	8.851586737571258e-09	0.0	0.0	0.0	0.0	0.0	0.0	0.0	0.0	0.0	0.0	0.0	0.0	0.0	0.0	0.0	0.0	0.0	0.0	0.0	0.0	0.0	0.0	0.0	0.0
5197.37056996713	3.307988106396806	10.942785312062728	27012660.84156045	14308.240436573518	53.141021885016016	204725744.3907976	2823.9682069837518	4890.884254585739	2.968755892698937	8.813511550434662	23920748.791754697	6196.1576537076535	6742.588417744848	1.364779	37.541615	0.2352205358616656	0.1365419526756296	0.0635308684	0.0067553104	-0.0592504911	-0.0406405566	0.0998640924	0.0519421559	-0.0035653839	0.0330218838	0.1006856671	-0.0670350296	-0.0120309258	0.1695260812	0.0546670044	0.0657096859	-0.0413303415	-0.0416226535	0.1001904288	-0.0603742316	-0.0172515685	-0.0152335023	-0.0141564126	-0.0626510261	-0.0346232861	0.1019087662	-0.1041206957	-0.0346086669	-0.080171526	-0.0210853815	-0.001447003	-0.1496723708	0.0438431829	-0.0058874359	0.0456983807	-0.098325963	-0.041967653	-0.0105761604	-0.0480812968	0.0662830751	-0.0401859276	-0.0736156367	4.6054e-05	0.1052654624	-0.0913508845	0.0628569166	0.0313823196	-0.0187959957	-0.0189047553	-0.0184948955	-0.0202649658	0.0403233509	0.0409966219	0.1216681677	-0.0212057395	0.0307021111	0.0483973628	-0.1027235262	0.0055326911	0.0394320669	0.1531183661	0.0260903053	0.1112622983	0.0455340331	0.1268090099	0.0861460085	-0.0244646705	0.0274414574	0.0107751514	-0.1608838032	0.0237940572	0.0893152938	-0.0466501166	-0.1075778252	-0.145162877	0.0508993641	0.0893284661	-0.0473867756	0.0039305479	-0.0170036273	0.0341359922	-0.0082962644	0.1759990235	-0.0933686308	0.0965122502	0.0447179433	-0.0104817245	-0.0251125657	-0.0547642971	-0.1430239662	-0.0643218229	0.0591082357	0.0051257505	-0.0125825901	0.07672662	0.1598326002	-0.0078191549	0.141488093	-0.0519067327	-0.0319267913	-0.0658941602	-0.0250012609	0.0587178525	0.0260631037	0.0057832659	-0.0417451589	-0.0014479387	-0.0834174843	0.0389377306	-0.0330488218	-0.0427131637	-0.0070686688	0.0153464011	-0.0470121885	-0.0826431831	-0.0526026775	0.0224183929	-0.0519584697	-0.0771236313	-0.1076075493	0.0101004601	-0.02008221	-0.1549246612	0.0459744649	-0.0535948024	0.0784119209	0.0496290818	-0.0429524588	-0.2265277866	0.1880863633	0.0932786959	-0.1014276391	-0.0166137829	-0.0461153064	-0.0184251041	0.0842894714	-0.0318870432	-0.0070024272	-0.0492206011	0.0214893192	-0.0650527428	-0.033790122	-0.0037580117	-0.0909971939	0.036506924	0.1663718067	0.0368196877	-0.0756911292	0.077817232	0.0496481097	-0.060284225	0.0276476774	0.030128928	-0.06303519	0.0257729496	-0.0819014991	-0.0342068907	-0.0181818625	0.0935190528	-0.011470901	-0.0525440117	-0.1147026826	0.0700954181	0.0363954604	-0.0086824179	-0.0519976572	-0.0663079376	-0.1100304198	-0.1108980313	-0.0655829272	0.1315975994	0.1464050484	0.0764762952	0.0884876105	0.0746855372	0.0532541728	0.0263827782	-0.0031836749	-0.0324249087	-0.0583538671	-0.0783218503	-0.0902890852	0.0	0.0242815637003985	0.011097222221224	0.0001231483410272	0.0005895943357365	-5.1943030925372113e-05	0.0233304320364879	2.698078461714164e-09	0.0005443090590091	-0.071365323351479	-0.1356001240668689	0.0183873936469502	0.0050930093770611	-0.0007760310490719	-0.0008000279388242	6.022241891236337e-07	6.400447028993228e-07	0.0008969738833943	0.00044997382509	2.0247644326612598e-07	8.045621474914513e-07	6.784802041768248e-05	5.385338682748026e-05	4.603353874598259e-09	2.9001872727902243e-09	0.0	0.0	0.0	0.0	0.0	0.0	0.0	0.0	0.0	0.0	0.0	0.0	0.0	0.0	0.0	0.0	0.0	0.0	0.0	0.0	0.0	0.0	0.0	0.0
5191.313582706256	-6.056987260873939	36.68709467838918	26949736.713990465	14279.581154847756	-28.65928172576241	203906437.9578832	821.3544290366193	4890.111215554125	-0.7730390316137346	0.5975893443983005	23913187.700488243	6196.859518402335	6797.976697431467	1.242351	34.173939	0.2299178712777313	0.1517737108478773	0.0432503091	0.0101533579	0.0276606181	-0.0906813593	-0.0958986712	0.0730344675	-0.0797304989	0.0268333782	0.041564717	0.0448124533	-0.0829702732	-0.0296607395	-0.0173764087	-0.0080765463	0.0492546628	-0.0202185943	0.0404597425	-0.0727511667	-0.0013636557	0.0623170954	-0.0189544445	-0.0578068108	-0.0454492826	-0.0260605957	0.0859980078	-0.0493326697	0.0422880026	0.0943696585	0.0365076402	0.0092566899	0.0749633718	0.0248152312	-0.1313945199	-0.0898446121	-0.0069725245	-0.0697734099	-0.0239997643	0.1065774927	-0.0162891192	-0.1004840071	-0.0617568169	0.1868488364	0.0853258989	0.0221378463	0.0795684243	-0.0787447353	0.0277139745	-0.0453098413	-0.100796661	-0.0579947785	0.0185761133	-0.072695505	0.0306416908	-0.0620108399	0.0777291685	0.0292209124	0.0406182434	0.0141979311	0.0519526581	-0.045663368	0.0492999619	-0.0711921637	-0.0648064577	-0.0278172829	0.0351209428	0.0404837038	-0.0254213108	-0.0946176441	0.0465501276	-0.0038813353	0.0615699452	0.0008836455	0.0802955582	0.1497674053	0.0172672788	0.0291109012	-0.0001795879	-0.0066188513	-0.0050399025	-0.0166652155	0.0043418626	-0.0870666542	-0.0001762848	-0.0249253067	-0.0499109171	-0.0758109235	0.0443251139	0.0451784552	-0.0561424222	0.0765020742	-0.0103517867	-0.0591197638	0.0414548642	-0.1081018967	-0.0053770693	-0.0126594046	-0.0100685268	-0.0281011041	-0.0249438234	0.1132708913	0.0197847476	0.0898742225	0.0385751412	0.0339338475	-0.0112685748	0.0443880833	-0.0344772925	-0.0613377143	-0.0119972783	0.0424470503	-0.0712294682	0.0221365384	0.0630542874	-0.061035736	-0.0281807604	-0.101420787	0.0219819645	-0.0508153693	-0.0929638793	-0.0452201816	-0.0935250777	-0.0256053998	-0.0777295898	0.0201934855	0.0938046656	0.1037735166	-0.1309375669	-0.0936671614	0.0821065297	0.0402238902	-0.019208996	-0.0515230087	-0.087686073	0.034502395	0.0232396849	0.0223139939	0.0212755854	0.1687500739	-0.075421225	-0.0395820213	0.0472654878	-0.0113864823	-0.007824397	0.026816377	-0.0499498476	-0.1432375206	4.24162e-05	0.0275789309	0.0084519163	0.0286040834	0.0523716793	-0.0102262711	0.0211982169	-0.0130442313	0.1058560388	0.0526834814	-0.0294034572	-0.0101877482	-0.0430654118	0.02305672	-0.027971042	-0.0048155615	0.0552607331	-0.0754309243	-0.1402536113	-0.0143056456	0.0730100473	-0.0220277463	0.0526269128	0.0235663026	0.0978778623	0.0880775042	0.0731325059	0.0500736032	0.021459135	-0.0095361811	-0.039473477	-0.0650312701	-0.0833739747	-0.0924665046	0.0	-0.0014722331839038	-0.0257537968843023	0.0006632580539578	2.1674705477875204e-06	0.029912956129209	0.0299648991601343	0.0008947849443879	0.000897895181677	0.0745781142790065	0.1459434376304855	0.0212994869874034	0.0055618951294125	-0.0006669171659482	0.0001091138831237	4.44778506236379e-07	1.1905839490332468e-08	0.0007350759579576	-0.0001618979254366	2.6210938260707264e-08	5.403366639672834e-07	-0.0002262549230781	-0.0002941029434957	5.119129021707695e-08	8.64965413728834e-08	0.0	0.0	0.0	0.0	0.0	0.0	0.0	0.0	0.0	0.0	0.0	0.0	0.0	0.0	0.0	0.0	0.0	0.0	0.0	0.0	0.0	0.0	0.0	0.0
5179.510476638502	-11.803106067754015	139.31331284665166	26827328.777608003	14297.33458533654	17.753430488784943	204413776.2450604	315.1842941201188	4883.256266174443	-6.854949379681784	46.99033099799968	23846191.761131965	6187.1955076846425	6686.585383165469	1.225971	33.723362	0.0729272465291031	0.0433738311986026	0.0067340224	-0.0664585736	0.0311498136	0.0785481218	0.046577872	-0.0281847339	0.0509251113	-0.1022475115	-0.0872553711	-0.0727367782	0.0077991895	-0.04114679	-0.0413707588	0.0775242932	-0.0164261759	-0.0224813536	-0.0658532484	0.1175854463	-0.0167948013	0.0402278561	-0.0779242022	-0.0796709113	0.047846859	0.0240059134	0.0361111498	-0.0324618205	0.048962176	0.0877777495	-0.0266958475	0.0193895068	-0.0734221025	-0.0669132708	0.046039613	0.0198879442	0.0139283951	0.0121104902	0.0521569182	-0.0267886164	0.0736648805	0.0164573412	-0.0300943987	0.0763029587	-0.1108633634	0.0022518092	0.0755608659	0.0399281338	0.0591812962	-0.0302081225	0.101534089	-0.0212866935	0.0157867869	0.0607708302	0.0345123754	-0.0406275032	0.0557750838	-0.0200905976	-0.1213960031	-0.1048749244	-0.0321842739	-0.0463761658	-0.093137229	-0.1277232323	0.0486546031	0.0248388278	-0.0865102487	0.0160744277	-0.0457390804	0.0093546977	0.050333185	0.0617204203	-0.0212208128	-0.0460846174	0.1108143136	-0.069934204	0.0191452202	-0.0515378579	-0.0251885646	0.0466185856	-0.0821845975	-0.0459184841	-0.007410183	0.0523310297	-0.0714923381	-0.06351282	-0.0072395811	0.0997854348	0.0330165385	0.041711805	0.0273774921	-0.0962483995	-0.0868579393	0.0318985644	-0.0670634028	0.0113185877	0.0633531568	-0.0516845181	-0.0374267281	-0.0196891075	-0.0604866306	0.0571807787	0.0017796395	-0.060842761	-0.0075872092	0.0588663024	-0.0362281034	-0.0422342625	-0.0492489383	-0.0510987876	-0.072284031	-0.0154970343	0.0343181137	0.0748142098	-0.000895915	0.0583608428	0.0154621684	-0.0151813118	-0.0026204438	0.0943178051	0.0268547973	-0.143815256	-0.0051242841	0.0366839701	0.0289614635	0.0517987959	-0.0516727261	0.0307995884	0.055316951	0.069371509	0.0023018276	0.1130230136	0.0679349635	0.0721100277	-0.0905023999	0.0862428302	-0.0079084995	0.0897401518	0.0161125097	0.0288681106	-0.0077088122	-0.0189902833	-0.1118882124	0.0254026127	-0.0193312328	-0.0023632161	-0.0295002785	0.0092885254	0.0388250671	0.016125445	0.0550929688	0.0095201121	0.032315761	0.1005401933	-0.053793099	0.0249720335	0.0634022264	0.0041903258	0.0646132457	0.0285373056	0.1188491901	-0.041499496	0.0584270701	-0.0420092727	0.0079935051	-0.0087349149	0.0148609183	-0.0297873137	0.0041691105	-0.0462206851	0.0396914006	-0.0864441839	-0.0376362439	0.0876509655	0.0715249003	0.0468089647	0.0164714492	-0.0158442251	-0.0462570678	-0.0711146114	-0.0874315588	-0.0932483061	0.0	-0.002832420906472	-0.0013601877225681	1.850110640625266e-06	8.022608191419665e-06	0.0147345055615915	-0.0151784505676175	0.0002171056541445	0.0002303853616336	0.1136385463208284	0.0390604320418219	0.0015257173512937	0.012913719209911	-0.0006669599509079	-4.2784959700006675e-08	4.448355761150684e-07	1.830552776531195e-15	0.0009400282650167	0.000204952307059	4.200544816884758e-08	8.836531390303071e-07	-8.468649115498896e-05	0.0001415684319231	7.171801784144024e-09	2.004162091716852e-08	0.0	0.0	0.0	0.0	0.0	0.0	0.0	0.0	0.0	0.0	0.0	0.0	0.0	0.0	0.0	0.0	0.0	0.0	0.0	0.0	0.0	0.0	0.0	0.0
5187.264866575863	7.754389937361338	60.13056330065079	26907716.79601231	14277.020996719752	-20.313588616789275	203833328.54077664	412.6418824921508	4883.250419397628	-0.0058467768149057	3.418479912331945e-05	23846134.658547115	6179.383173462049	6666.416197444046	1.125331	30.955009	0.1249134488383749	0.0715226952352227	-0.0017295887	-0.0374496803	-0.0670389225	-0.0398413519	-0.0425837145	-0.0036816714	0.0067269649	-0.0308264226	-0.0127183496	0.04251675	-0.0586075643	0.0339899445	0.064971238	-0.0727875774	-0.0256781228	-0.0360709357	-0.0243099193	-0.0184829986	0.0052942459	0.0980863877	0.0058353025	0.0198728917	-0.0087726373	-0.0536440951	-0.0108697643	-0.0183918668	0.0106991376	-0.0130756487	-0.0803312427	0.0491482037	-0.0937508485	0.0200039043	-0.0250810101	0.0180533269	-0.1147183181	0.1435907461	-0.1155943756	0.0622218151	-0.0542795779	-0.0449935929	-0.0686015313	0.0318893098	-0.0152396634	-0.0788211614	0.0167791088	0.0126669897	-0.0377666042	-0.0780513464	-0.0191093644	0.0725658701	0.0553466127	-0.036743027	-0.0017471211	-0.0993548072	-0.0306628107	-0.0028901489	0.0499365503	-0.0595360674	0.0562403454	0.0126509554	-0.0187618742	0.1015990737	0.0054538412	0.0284562161	0.0656213495	-0.1696139417	0.0196690579	0.0412862569	0.0755762245	0.1298464632	0.0055443343	-0.0966079396	-0.0150799015	0.0364094157	0.0510379849	-0.1064052628	0.0514416332	0.0081890917	0.1629698116	-0.0335582755	0.0239456881	0.0242978791	0.081299131	-0.0071858587	0.0353014159	-0.0260446246	-0.002037181	0.0852012635	-0.0029829628	0.0094667619	-0.0734126412	-0.0171284249	0.0077987437	-0.0298090872	-0.0275529873	0.027535744	-0.0055699314	0.0519196931	0.0576886857	-0.0276435146	-0.0123273614	-0.0623789104	-0.0569770908	0.0889478537	-0.1542884936	0.0669749417	-0.0551445451	-0.0632633198	-0.0273212026	-0.0951755907	0.0257150676	-0.0022921474	0.0950552116	-0.1099465319	0.0475156822	0.0163468603	0.0326558777	-0.0731889878	0.0476656621	-0.0333180364	-0.1068577227	0.0154847205	-0.0294365123	-0.0370341707	-0.0709331582	-0.056972869	-0.0036064129	-0.0499431422	-0.0943070952	0.0187768911	-0.0611564941	0.0029674303	0.0545723194	-0.0224245628	-0.1535663748	-0.061411598	-0.0340258981	0.0009408782	-0.0112126742	-0.076841582	0.0412057397	-0.059070407	-0.0388443032	0.0397182214	0.0598083677	-0.0982672842	0.1383414684	0.0163255822	0.051669301	0.0133959338	0.0327378533	0.0089156021	0.0321827844	-0.0346981139	0.0545547578	0.0728125833	0.066595778	0.090839515	-0.0062624628	0.035506505	0.0168504947	0.0122216378	0.0218073471	-0.0179600044	-0.0903324433	-0.0792242121	-0.0106342065	-0.0053400652	-0.127338396	-0.0885624753	0.0665000701	0.087208074	0.0698639202	0.0434657385	0.0114346062	-0.0220783961	-0.0527301444	-0.0765483197	-0.090446201	-0.0926226898	0.0	0.0156288437130598	0.0184612646195318	0.0003408182913523	0.0002442607558072	-0.0486634812411921	-0.0633979868027836	0.0023681344065118	0.0040193047306459	0.0999511055762383	-0.01368744074459	0.0001873460341366	0.0099902235059123	-0.0004951460004037	0.0001718139505042	2.451695617157809e-07	2.952003358785969e-08	0.0009249220705511	-1.5106194465599955e-05	2.2819711123252268e-10	8.55480836592534e-07	0.0003157284973046	0.0004004149884595	9.96844840102208e-08	1.6033216298309276e-07	0.0	0.0	0.0	0.0	0.0	0.0	0.0	0.0	0.0	0.0	0.0	0.0	0.0	0.0	0.0	0.0	0.0	0.0	0.0	0.0	0.0	0.0	0.0	0.0
5193.626199480654	6.361332904790288	40.466556325567645	26973753.09993186	14288.309482672275	11.288485952523844	204155787.8726225	127.42991510032812	4893.491431812123	10.241012414494437	104.87833527382914	23946258.39321866	6188.8425077966185	6766.300143145823	1.0366	28.51424	0.1362151751403599	0.0778551520624956	0.0147528888	-0.0653796534	0.070537299	-0.0361430751	0.0413112052	0.006188842	-0.0843628552	0.0013962816	-0.0393162252	-0.0688124721	0.001290221	-0.1214191654	-0.068552189	-0.0374925924	0.0326533703	0.0052649938	-0.0489791058	-0.0588474826	0.0467323124	0.003891265	-0.1149767792	-0.114185273	-0.0343168793	-0.045692379	-0.0420288183	0.0057375327	0.0247966591	0.0361514575	-0.0204894538	0.146756552	-0.0428534119	-0.0621642088	-0.053969759	0.0442854914	0.0237730589	0.028467733	-0.0537481419	-0.034227037	0.0242679588	0.0404686443	0.0591422773	0.0617608073	-0.0514831031	-0.0059333485	0.0037070633	0.0493011474	0.0054462438	0.091448662	-0.0664022135	-0.0541481873	0.0026828793	0.1137256639	-0.0234310066	0.0090824182	0.003367399	-0.0181768938	0.0503215551	-0.0984353592	0.0033768046	0.0033793769	0.0449697384	0.0352043176	0.1039069112	-0.042307071	0.0408065	-0.0627265758	0.0820374394	0.0257266164	0.0383335178	-0.0343165894	0.0432067315	0.0551158901	0.1178754561	-0.0531545767	0.0277083991	0.0097032477	-0.0138292648	-0.0719755814	0.113679719	0.0887105371	-0.092676552	-0.0258486164	0.0603098206	-0.0042498233	0.095015627	0.0449643873	0.1052024041	-0.0411514363	0.0161759389	0.0506925133	-0.0377009274	0.0764053695	0.0190223379	-0.0152290049	0.042332444	-0.1362599007	0.0592093907	-0.0106812051	0.0002754969	0.1179267839	0.0610576432	0.0136201051	-0.0279267017	-0.0070833312	-0.0088524186	0.000344477	0.0358256646	-0.0169702529	-0.1109836261	-0.1001162842	0.0073823675	-0.0728916955	0.0129444672	0.0177012125	0.0033281529	-0.0157628346	0.0075622373	0.0325062403	0.0564159821	-0.0759931128	0.0284689856	-0.0222626507	-0.0413829024	0.0690677311	0.0027654028	-0.0808029875	0.0824334608	0.0055199442	-0.0105569718	0.0171195792	0.0224346354	-0.0048537419	-0.0784421635	0.0030887942	-0.1012664411	-0.0020153599	-0.1313836365	-0.0470668846	-0.0437502283	-0.049046833	0.0198587254	0.0899677819	0.0108676265	0.0537863718	0.0710965225	0.014369978	-0.0299063028	0.0258781122	0.061202148	0.0258434863	0.0460532225	0.0131979685	0.0668568575	-0.0292588941	0.0734254671	-0.0166078912	-0.0053477634	0.0370539546	0.05151587	-0.0141144924	0.0424715393	-0.0155635376	0.007155861	-0.0066119268	-0.1096886857	0.0504195433	0.0077589898	0.0809152382	0.0186515885	-0.0660465268	0.0204250777	0.0867489121	0.0681508051	0.0400495376	0.0063636379	-0.0282096273	-0.0588492543	-0.0812827579	-0.0923819408	-0.0905990982	0.0	-0.0031047484997515	-0.0187335922128112	0.0003509474771959	9.639463246709188e-06	0.0227315245191874	0.0713950057603795	0.0005167222069664	0.0050972468475246	0.1087271497094022	0.0087760441331638	7.701895062724039e-05	0.0118215930839307	-0.0006669747529379	-0.0001718287525342	4.448553210565728e-07	2.952512019745936e-08	0.0007350235107084	-0.0001898985598427	3.6061463030331535e-08	5.402595612941014e-07	-6.875485099860456e-05	-0.0003844833483032	4.727229535840315e-09	1.4782744512244334e-07	0.0	0.0	0.0	0.0	0.0	0.0	0.0	0.0	0.0	0.0	0.0	0.0	0.0	0.0	0.0	0.0	0.0	0.0	0.0	0.0	0.0	0.0	0.0	0.0
5179.1626812292425	-14.463518251411188	209.1933602089045	26823726.078637674	14304.460331530448	16.15084885817305	204617585.3763282	260.8499188395497	4890.74415169921	-2.747280112912449	7.547548018804239	23919378.35738003	6192.773408580641	6688.791148702912	1.096023	30.148821	0.0990359567214562	0.0494828583614431	-0.0024888843	-0.0830369408	-0.0343646379	0.0085858292	-0.0918937774	-0.0175234927	0.0071906242	-0.0869321364	-0.0305102873	0.0546806654	-0.1019630583	0.0190292131	-0.0316593597	0.0572923421	0.0346833271	-0.0011681037	-0.0445286828	-0.0245645406	-0.0520883903	0.1394509591	-0.0402511125	-0.0521222138	0.0389252885	0.0594864392	0.1384808349	0.0363387604	0.0019617162	0.0632513071	-0.0603557581	0.0198735637	-0.0480706092	0.0116870009	0.0445861818	-0.0345799231	-0.0478565196	0.0658912981	-0.0330224984	-0.0095105628	-0.0196074985	-0.0151440958	0.0329992727	0.0122753416	0.0261333548	0.0350631813	0.1623500558	-0.092811342	0.0464654527	-0.045004902	0.012522407	0.0047608495	0.0679317171	0.0142041586	0.1139120777	0.0056936189	-0.05968705	-0.0070800789	0.0791729255	-0.0994928368	-0.0546648487	-0.0199137502	0.0154458297	0.0538918916	0.072888594	0.1448295347	-0.0799158632	0.0047789043	0.0493478907	-0.0322614707	0.0450022712	-0.0049984558	0.094892324	0.0044008266	-0.0537697543	-0.1399183517	0.0150233616	-0.0039089873	-0.0164892296	0.0465930795	-0.0682467748	0.0001713685	-0.0541151037	0.0089093826	-0.0364962704	0.1607062078	0.0468675754	0.0261955481	-0.0082903403	-0.0263881933	0.0140251111	-0.0400595508	-0.1003928949	-0.0706877676	0.0211373434	-0.0801107278	-0.002764533	-0.0166040007	-0.0757606522	-0.0255566169	-0.0800678653	0.0903096165	-0.0327301086	-0.0900712642	0.0120196601	0.0026158926	-0.0697340246	-0.0351074701	-0.0763171847	-0.0341585583	0.0212705964	-0.0358451578	0.0092002037	-9.49008e-05	0.0610518231	-0.036500591	0.1671628743	-0.0112607372	-0.0224465914	0.0161120886	0.0200576642	0.0262959805	0.0182151735	-0.0437127315	0.0312191699	-0.0544341208	-0.0101627241	-0.0372629808	0.0485300092	0.0535782772	-0.1159343423	0.0768456804	0.0119318601	-0.0444053819	-0.0941190907	0.0740975627	-0.0593178009	0.0436286219	-0.0542842081	0.0200468623	-0.160262321	-0.0008848454	0.010816384	0.0896889869	-0.0601294385	0.1111810992	0.0409646122	-0.0038012841	0.0820730593	0.0115181672	0.0861931599	0.0136956457	0.0469370718	0.0782467865	-0.0276645176	0.0218353085	0.0755340155	0.0741422552	0.0596448683	0.0151396028	0.0054933576	0.0311621404	0.0017034757	-0.0187572318	0.0552301156	-0.0284170164	-0.0315721052	-0.0462596869	0.0012407153	-0.0303333959	0.0116563241	-0.1423442788	0.0073428726	0.0862735657	0.0663868332	0.0365660973	0.0012736779	-0.0342093323	-0.064573321	-0.085274677	-0.0932156873	-0.087208074	0.0	-0.0116218866809987	-0.0085171381812472	7.254164279845887e-05	0.0001350682500259	0.0010352171057093	-0.0216963074134781	1.07167445595314e-06	0.0004707297553801	0.1358082594037739	0.0270811096943716	0.0007333865022785	0.0184438833222827	-0.0011070073470771	-0.0004400325941392	1.2254652664826791e-06	1.9362868390487392e-07	0.0010419873246045	0.0003069638138961	9.422678304163956e-08	1.0857375846364438e-06	1.907676961327982e-05	8.783162061188439e-05	3.639231388781564e-10	7.714393579309995e-09	0.0	0.0	0.0	0.0	0.0	0.0	0.0	0.0	0.0	0.0	0.0	0.0	0.0	0.0	0.0	0.0	0.0	0.0	0.0	0.0	0.0	0.0	0.0	0.0
5183.282668778134	4.119987548891913	16.974297403024394	26866419.224455778	14264.894473657852	-39.5658578725961	203487214.34459436	1565.4571091944747	4888.091107530789	-2.6530441684217294	7.038643359596546	23893434.67552157	6183.857937174569	6695.717478626875	1.028314	28.286314	0.0887726243772122	0.0502365241319266	-0.0026489846	-0.0985529326	0.0507302173	0.0314095947	-0.0040389692	-0.0194610937	0.0037313987	-0.0283525336	-0.1235458921	-0.0218005281	0.0378462366	-0.0361968064	-0.0337604078	-0.0591459575	0.0316632321	-0.0311473711	-0.1044454636	0.0171071259	0.0099700097	0.0108820542	-0.1224409529	-0.021684183	-0.0113494967	-0.0409153158	-0.0055381434	0.0167261963	-0.0191365253	0.006981323	-0.0998651664	0.0904630392	0.0269014674	-0.0098467777	-0.0592260808	0.0439190089	-0.0548875923	0.0042146423	-0.0404070736	-0.0476612555	-0.0477893611	0.0016503324	0.0077315814	-0.0204167805	0.1428334165	0.0833508989	0.0831420471	0.0022572817	-0.0286756757	-0.0478714938	0.0482488837	-0.0387263247	-0.0525615022	0.094993191	0.1100108482	-0.031629018	0.0280411728	0.0116178535	0.177798568	0.0479153162	-0.0165987789	-0.028206997	0.0408424838	-0.0003814056	-0.0960020577	-0.082761495	-0.0508026318	0.0327508996	-0.0446433368	0.0417118024	0.0530522657	0.0595677394	-0.0853669563	0.0891142412	-0.0207791572	0.0218646754	0.0378490819	0.0336634048	-0.0390829239	0.0420180576	0.0643421988	0.0376691589	0.0029794667	-0.0022230211	-0.1078448245	0.1138119144	0.0724232676	-0.0124438742	-0.140694377	0.0491876342	0.0202267963	-0.058510786	-0.0598926633	0.0864151963	-0.0117737881	-0.0589903049	-0.0085379259	-0.0525604092	0.0567167415	-0.0317326863	-0.0075576392	0.0158968431	0.0202488459	-0.044221403	-0.0037495858	0.0108640456	-0.1155322204	-0.0047326197	-0.0133769227	-0.0277530152	-0.0018811265	-0.054857139	0.0274394621	-0.0375909788	-0.0156830404	0.0555679962	-0.0504574268	0.0195523088	0.0858046388	-0.0185346088	-0.0835169048	0.0796692177	0.0085599808	-0.0143881645	-0.0497047758	-0.0110001469	0.0487977774	-0.0127220226	0.006185076	-9.09837e-05	-0.0156737249	0.0512494883	0.1143657896	-0.0614229913	-0.021055105	0.0180098808	-0.0203762533	-0.1164781518	0.045411817	-0.0327483298	-0.0584415775	-0.0857201619	-0.0327382344	-0.0482561538	0.1315488643	0.1383087235	0.0971882998	0.0497606397	-0.0249741837	0.0307347459	0.0972037213	0.0211890584	0.0364323054	0.0445452192	0.0246070026	-0.0368487142	0.0479353966	0.007144699	-0.0041020965	0.0883589971	0.0984007412	0.00825243	0.0515233653	-0.0164666566	-0.0212393847	0.0486086553	-0.0585168471	-0.0383107426	-0.001929998	0.0046968269	-0.0473163608	-0.1289955021	-0.0063006322	0.0857821235	0.064573321	0.033021266	-0.0038200832	-0.0400495376	-0.0698639202	-0.0884876105	-0.0929374951	-0.0825007985	0.0	-0.0009548038332098	0.0106670828477889	0.0001137866564815	9.116503599121276e-07	-0.043087511412736	-0.0441227285184453	0.0018565336397426	0.0019468151719124	0.1337940597602198	-0.002014199643554	4.057000204093436e-06	0.0179008504271212	-0.0006249360419583	0.0004820713051188	3.905450565385061e-07	2.3239274321894322e-07	0.0010590425083252	1.7055183720699873e-05	2.90879291746826e-10	1.1215710344397312e-06	-0.0001211690088957	-0.0001402457785089	1.4681928716766229e-08	1.9668878389589823e-08	0.0	0.0	0.0	0.0	0.0	0.0	0.0	0.0	0.0	0.0	0.0	0.0	0.0	0.0	0.0	0.0	0.0	0.0	0.0	0.0	0.0	0.0	0.0	0.0
5187.298805780321	4.016137002186952	16.129356420335196	26908068.900449947	14319.010385992588	54.11591233473519	205034058.4341636	2928.531967820744	4892.706458134201	4.61535060341248	21.301461192419943	23938576.48546812	6187.7410293461335	6636.582885377931	1.024676	28.186247	0.1153206672335971	0.064675453387652	-0.0400764664	-0.1154444064	-0.0758593912	-0.0410564874	0.0001173953	-0.0626410851	-0.0516182587	-0.0580638702	-0.0271435964	-0.049687279	-0.095364785	-0.0053321889	0.0527927366	-0.0610403626	0.004626595	-0.002443581	-0.1136009229	-0.0340121404	-0.0346092443	0.1049836348	-0.0361425082	-0.0496207597	-0.006372377	-0.0183505443	-0.018296424	-0.0424067804	0.076449192	-0.097375174	-0.0398848893	0.0199526163	-0.0942788041	0.044758235	0.0101919105	0.005804069	0.0864272627	0.1051360193	-0.0326179767	0.0534354098	-0.099741907	-0.0414605352	0.039996238	-0.0951780186	0.030948864	-0.0488929697	-0.0834748975	-0.0503558591	0.0148583366	0.0908440525	-0.0916544967	0.0332363251	0.0093143026	-0.0591371605	0.0595486472	-0.0842161233	-0.062405688	0.1002373128	0.0991514019	0.0065923544	-0.0988428333	0.0391323878	-0.0127295347	0.0299171694	0.0290495954	-0.0739875144	0.0828721539	0.0642256087	-0.0290672929	-0.0123618689	-0.0089127748	-0.0317239846	0.1864558656	-0.0551038121	-0.0088925243	-0.0366859658	-0.0231336061	0.1677700454	0.1061572578	-0.0009414469	-0.0111623473	-0.0857410699	6.21407e-05	0.1526000701	-0.0311653024	0.0233439228	0.0331810689	-0.0189197308	0.0143255844	0.015007507	0.0624303363	0.0217654461	-0.1355461458	0.0062494602	0.0482620135	-0.0145982223	0.0398355809	-0.0044021093	-0.0181811845	0.0380978968	0.0517047923	0.0615214247	0.023577627	-0.0968254958	-0.0442494305	0.0461652314	-0.0181977083	0.0799105746	0.0208813132	-0.0749251678	0.0822317209	-0.0687801097	-0.0637089795	-0.0190713182	0.0356442373	-0.0949049538	0.0359088098	0.0616275173	0.0739270788	0.0325525251	0.1253156373	0.0810620073	0.0405036293	-0.0550665074	0.0791164918	-0.0609718805	-0.0941594343	-0.0674891666	0.0796773089	-0.1163727905	0.0138132088	-0.0029975432	-0.1208764117	-0.089856826	0.0647999474	-0.0020912011	0.0237403515	-0.1097018855	0.0346991714	-0.0798976751	0.0102269151	-0.0729050222	-0.0515097437	0.1551939973	-0.1166863356	0.0131031055	-0.0874732398	-0.1275278062	-0.0443035252	0.015074416	0.1261249727	0.0319699244	0.0431183562	0.0179472573	0.0710628612	0.0071953865	-0.0079681835	0.0288326872	0.1009617665	0.0440867136	-0.0209604334	-0.0117520183	0.0393424552	-0.0140643224	0.0208866894	-0.0094293376	-0.0869117959	0.0168780657	0.033336461	0.0510665454	-0.0954089105	-0.0996817573	0.0459848614	0.085274677	0.0627116218	0.0294209952	-0.0089024437	-0.0457030134	-0.0746855372	-0.0908922084	-0.0915506825	-0.0765483197	0.0	-0.0114154724296895	-0.0104606685964797	0.0001094255874853	0.000130313010793	0.0037942016214032	0.0468817130341392	1.4395965943858673e-05	0.0021978950170153	0.142994502336478	0.0092004425762582	8.464814359902482e-05	0.020447427698457	-0.001484401112921	-0.0008594650709627	2.2034466640411038e-06	7.38680208204919e-07	0.0011181332792848	5.909077095960012e-05	3.491719212599921e-09	1.2502220302441807e-06	-0.0001781700275078	-5.70010186121e-05	3.1744558702130216e-08	3.24911612281697e-09	0.0	0.0	0.0	0.0	0.0	0.0	0.0	0.0	0.0	0.0	0.0	0.0	0.0	0.0	0.0	0.0	0.0	0.0	0.0	0.0	0.0	0.0	0.0	0.0
5186.997370206182	-0.3014355741397594	0.0908634053569664	26904941.71852584	14257.587021734776	-61.423364257811045	203278787.68233997	3772.82967674774	4889.380563216065	-3.325894918136328	11.06157700648505	23906042.291955043	6184.68857555116	6737.454670103013	1.17177	32.232414	0.1124149078838679	0.0497934296204856	-0.0149401512	-0.0975077818	0.0890876368	-0.0345669906	-0.0929390692	0.0121917518	-0.0865283392	-0.0076032553	-0.0658426169	0.0478502822	0.003522432	-0.0212394818	-0.0184751428	0.0132364492	0.0604260363	-0.0313656455	-0.0599404959	-0.0397234537	0.0351112824	0.0520576737	-0.0229105716	0.0458350303	-0.0242914429	-0.073766549	-0.0455444814	-0.0102891074	0.0234267678	0.0419084392	0.026143896	0.0061205445	0.0497011613	-0.1337910099	0.0328862521	0.079446637	0.1099308262	-0.0886718213	-0.0244805151	-0.0386134321	-0.0430356459	0.0258037739	0.0143041205	-0.0155879134	0.0168830219	0.0633567046	-0.0822594097	0.0423290338	-0.0076744555	0.0325834859	0.0450663254	0.0417777548	0.0083328281	0.0495145842	-0.1172208115	-0.0485207475	0.0281207697	0.0328043478	0.0455270542	0.0814515999	0.044422286	0.0797509508	-0.0242515915	-0.101466349	-0.0187156239	0.1117450372	-0.0002899097	-0.1517754952	-0.0145956233	-0.0973135981	-0.1038325505	-0.1234038947	-0.0292324099	-0.0750688615	-0.067172098	-0.026893854	0.094708018	0.0966744467	-0.0368868493	0.0103770754	0.0159729401	-0.0175535468	-0.0667102128	0.1226216553	-0.1552638167	-0.0755311891	-0.0587571462	-0.0652293425	-0.0384666219	0.0400901997	-0.0133580886	0.062088641	-0.0740464871	-0.0028386748	-0.0386607825	-0.0690536828	-0.0961331995	-0.0234400701	0.0093841669	0.0041632059	0.0386083035	0.0084313519	0.0998620299	0.0394186375	0.0215416055	-0.0493812068	0.0117601456	-0.0964063709	0.0493140631	0.047276216	-0.0080465898	-0.0672310136	0.0457884244	-0.0283065418	-0.0428748656	0.0045186938	-0.0177800005	-0.100538079	-0.0659916962	0.1163028247	0.0930050799	-0.0345599178	-0.087192727	-0.0340455177	-0.059861889	-0.1187945137	-0.0087009955	-0.0208909213	0.0090044467	0.0119080889	0.0340394575	-0.0134704182	0.1243239597	-0.0234098695	0.0582282982	-0.0401326409	0.0620556507	-0.0954352852	0.0379282271	0.0752308762	0.0235961079	0.0159816452	-0.202105067	-0.105774713	0.0490013971	-0.1203767267	-0.0829797678	-0.0404285	-0.0324346278	0.039410666	0.1000361478	0.0325308328	0.0430607561	-0.0248355887	0.0105979212	-0.0071024366	0.1156913771	0.0255029867	-0.0868602247	-0.0494390619	0.0167424967	-0.0419251481	-0.0205926922	-0.0259516257	0.005722284	0.0531378191	0.0329714643	0.0335476901	-0.0100874382	0.1354800937	0.1285014767	-0.0449785602	0.0005574375	0.0847513209	0.0608031248	0.0257713294	-0.0139582358	-0.0511434007	-0.0790058053	-0.0924665046	-0.0890717925	-0.0694404798	0.0	-0.011561322030829	-0.0001458496011394	2.1272106152551025e-08	0.0001336641671005	0.0312350723411896	0.0274408707197864	0.0009756297441593	0.00075300138586	0.113539938569481	-0.029454563766997	0.000867571326704	0.0128913176503615	-0.0017610669442939	-0.0002766658313728	3.101356782284654e-06	7.65439822492579e-08	0.0015719931236755	0.0004538598443906	2.059887583503504e-07	2.471162380883056e-06	-0.0005551168276631	-0.0003769468001552	3.0815469235474385e-07	1.4208889014731964e-07	0.0	0.0	0.0	0.0	0.0	0.0	0.0	0.0	0.0	0.0	0.0	0.0	0.0	0.0	0.0	0.0	0.0	0.0	0.0	0.0	0.0	0.0	0.0	0.0
5200.280398007622	13.283027801440769	176.43882757384833	27042916.217902318	14287.73295335036	30.14593161558332	204139312.9462538	908.777192971426	4885.994853336812	-3.385709879252317	11.463031386466742	23872945.70683382	6197.5529526749415	6808.111315300732	1.679361	46.194958	0.3847507442848351	0.2178678047047804	0.1301537511	-0.0041667154	0.070225081	0.1612018886	0.0515154817	0.0665483764	0.1378652505	-0.0176334117	-0.0555192177	-0.0491018471	0.1684362897	-0.0166768944	-0.1171131766	0.0606453071	0.0133056776	-0.1875306387	-0.0590154157	0.0067617328	-0.0963015177	-0.223965987	-0.0109288258	0.3068793527	0.1088438451	0.008302841	-0.0706409997	-0.0087576578	-0.0563728639	0.0650262173	0.0084465717	-0.015020824	0.0226004967	-0.0879731388	0.1285927472	0.1455943711	0.0795823074	-0.1480685847	0.0556657039	0.0814402981	-0.0207648537	0.0203677692	0.0627547088	0.0182177941	0.0523086542	-0.0718582882	0.0592115269	0.0291666388	0.0006537206	0.0252389206	-0.0318491886	0.11229788	-0.1045407322	0.1259804241	0.2085634169	0.0537693143	0.0414517872	-0.0200384136	-0.0678398385	-0.0320334524	0.0054340313	-0.0157788119	-0.1451783646	-0.045033772	-0.006153639	-0.0448401877	0.0233815475	0.0003239227	0.0825115498	0.0735277912	-0.1228028847	-0.0588000981	0.0740226578	-0.02261838	0.004622602	-0.0333648271	-0.0629083584	-0.006814208	0.0245021011	-0.1315105251	0.0125753362	-0.0025291026	-0.0716682586	-0.0259515346	0.0615590666	-0.0180934517	-0.0025779291	-0.0203988196	-0.0190971072	0.1139222935	-0.0912558205	-0.1575846036	0.0558393202	0.1296877241	0.0070564141	0.0242627318	-0.1306835139	-0.1330120078	-0.0078184745	-0.208930575	0.1389765318	-0.2397558459	0.0087485791	0.104656367	0.1406562758	0.0888956373	-0.0269373269	0.0196573955	0.1487881303	0.2299431767	0.0382101609	-0.0231965361	-0.0815803935	0.0258605226	-0.0976686016	0.1248594745	0.057187194	-0.0640957943	0.0293287613	0.1708270051	0.1594071545	0.0504745138	0.0147626008	0.1671578308	-0.0470563975	-0.0063675939	0.0153624503	0.0297840293	0.0514622756	0.089717992	-0.0096520276	0.0072913293	-0.1374712954	-0.0278343896	-0.068264985	0.1093401488	0.0398695966	0.1115421417	0.0715120234	0.0486206979	0.0522302548	0.1143240319	0.0287038513	0.0961851927	0.010988255	-0.0807117069	0.0455586027	0.0867842394	-0.0322000986	0.1601675278	-0.0160213402	-0.2003227779	-0.081639562	-0.2121596547	-0.2929880745	-0.1153642801	-0.0535933195	-0.1245176637	-0.080506705	0.1158164584	0.1560294084	-0.1188263131	-0.1372553773	-0.1086686378	-0.0116857412	0.1283245931	-0.1021304433	0.0851724382	-0.1410471586	-0.0074581646	0.0349904035	0.1126061843	-0.0806745261	0.084212153	0.0588492543	0.0220783961	-0.018972371	-0.0563453339	-0.0827957235	-0.0931961179	-0.0855303949	-0.061284559	0.0	-0.0205602069002708	-0.0089988848694418	8.097992889346857e-05	0.0004227221077819	-0.0316337115354485	-0.0628687838766381	0.0010006917055079	0.0039524839861274	-0.0822572734165092	-0.1957972119859902	0.0383365482214867	0.0067662590299183	-0.0024327075550671	-0.0006716406107732	5.918066048480548e-06	4.511011100397972e-07	0.001826402951055	0.0002544098273794	6.472436026726694e-08	3.335747739622412e-06	-0.0019707836605657	-0.0014156668329026	3.88398823675274e-06	2.0041125817804784e-06	1.0	0.0	0.0	0.0	0.0	0.0	0.0	0.0	0.0	0.0	0.0	0.0	0.0	0.0	0.0	0.0	0.0	0.0	0.0	0.0	0.0	0.0	0.0	0.0
5199.127109302269	-1.1532887053535887	1.3300748378961569	27030922.698681764	14300.970903445514	13.237950095153792	204517768.7811952	175.2433227217823	4895.46172051781	9.466867180997724	89.6215742226518	23965545.4570552	6188.533316581751	6770.441157191151	1.511982	41.59079	0.1400619700343663	0.076588116032493	0.0320884334	-0.0738176225	0.0792691388	-0.0476410239	-0.0868604294	0.0421079948	-0.0668866625	0.0534654525	-0.0031013828	-0.0262194785	-0.0171447334	0.0954455959	-0.0053877852	-0.0294699489	0.1089974081	-0.0897038391	-0.0487815725	-0.1643113206	0.0029056757	-0.0563132129	-0.0048226847	0.0780873585	0.0069570782	-0.0746998579	-0.1115371698	-0.0344587261	-0.0607444169	-0.0401205749	0.1697908038	-0.0221824181	0.0122783436	0.0912678179	0.0071075688	-0.0257016361	-0.0477765073	0.0577810217	0.1536100711	0.0362035103	0.1405494525	-0.1009296416	0.0760164281	0.054121514	0.1148120194	-0.1842351385	0.0115461069	-0.0054593663	-0.1060065541	-0.0237017374	-0.162046576	0.0976255261	0.0285413638	-0.0386690562	-0.0501679216	0.1830374769	-0.0391582393	-0.0646386621	0.0107743771	0.0961058472	-0.0584012311	-0.0495027723	0.0121076107	0.0204689306	-0.0516290536	0.0098575205	0.0351391341	0.0558614874	0.0148584857	0.0099419086	0.0785128293	-0.0713890305	0.0407524718	-0.0192678558	0.0060013263	0.023207231	0.0174605154	-0.0884101558	-0.0136412211	-0.0247619932	-0.0320341904	-0.062844163	0.0336503893	0.089032013	-0.033385794	-0.0039344539	-0.0522563973	-0.0314124195	-0.0085171221	-0.0612663425	-0.0362645846	0.0615543529	-0.0580648181	0.0772902557	0.0927541306	0.019513426	-0.1287228408	0.0225825775	0.0808291321	-0.0158488749	0.0759086008	-0.0803019861	0.0807239727	0.0857236456	0.0777447307	-0.0425323387	0.078583187	0.0976219041	0.0707484971	0.0763732866	0.0411950637	0.1082388581	0.1220302646	0.0669736866	0.0002523739	-0.0775156141	0.0535573193	0.0003154361	-0.0824294144	-0.1914731901	-0.0751292102	0.0538348894	0.131265358	-0.0862024405	-0.1483241563	0.0015212271	-0.0262322262	0.1287638403	0.0147851181	-0.0617434579	-0.0715123599	-0.1158768218	-0.1428518757	-0.095104177	0.03719587	0.0187650165	-0.0395583127	0.0461532888	0.0121409648	-0.0080099389	-0.0403339859	0.0322289096	-0.0180207917	0.0105423378	-0.1343381227	-0.0316171775	-0.0662268403	-0.0432331797	-0.0670812748	0.1075442497	0.0627155128	-0.0234432964	-0.0239257869	-0.1707024275	0.0202355715	-0.0321119984	-0.1200839388	-0.0192098021	-0.0984747354	-0.0024450584	-0.0130814829	0.0329251667	-0.0697490844	-0.0208110649	0.0084267128	-0.0821185741	-0.0979106939	0.1253025352	-0.011268494	-0.0644764363	0.0614615573	0.0024586259	-0.0396333915	0.0836572738	0.0568514682	0.0183483952	-0.0239298853	-0.061284559	-0.0860298509	-0.0930743832	-0.0809687338	-0.0522036565	0.0	-0.0328163532000758	-0.012256146299805	0.0001502131221222	0.0010769130373521	-0.0131367144142444	0.0184969971212041	0.0001725732656014	0.0003421389025018	-0.013898005410887	0.0683592680056222	0.0046729895222644	0.000193154554401	-0.0023808588148753	5.184874019179995e-05	5.668488696369419e-06	2.6882918594767715e-09	0.0014983250646418	-0.0003280778864131	1.0763509955335255e-07	2.244977999333854e-06	-0.001531719115016	0.0004390645455497	2.346163447305398e-06	1.927776751587647e-07	0.0	1.0	0.0	0.0	0.0	0.0	0.0	0.0	0.0	0.0	0.0	0.0	0.0	0.0	0.0	0.0	0.0	0.0	0.0	0.0	0.0	0.0	0.0	0.0
5181.847402092961	-17.27970720930807	298.58828123941333	26851542.498577565	14302.761475235377	1.7905717898629518	204568985.8174773	3.206147334653015	4889.406835205992	-6.054885311817998	36.66163613926933	23906299.20015908	6195.716677664659	6703.170262369776	1.245489	34.260254	0.2370829191827534	0.1402855220226734	0.0169103644	-0.1321940828	0.0629274816	-0.0300485801	0.0717758443	-0.0120119671	-0.0478945629	-0.0013679454	-0.0778585468	-0.1267847253	-0.0826006261	-0.113121096	-0.009742678	0.1850329068	0.097400199	-0.1086806239	-0.1025863261	-0.0757881374	0.0525989529	-0.0292402265	-0.0919704618	-0.0202444415	-0.0826249694	0.0753541558	-0.0589878048	-0.0604269114	0.0730763008	0.1121725771	0.1328323973	-0.0815252648	0.0201684551	0.0531775404	-0.0983265828	0.0281713311	-0.0820049799	-0.0674208442	-0.0908168695	-0.1006526989	0.0331597897	0.0794507218	-0.0015046922	-0.1407380247	0.0114955518	0.0132802741	0.0014018459	0.0305936867	0.0704549174	0.049912087	-0.1314751773	0.017463214	-0.0322954523	-0.0520027663	-0.0840577934	-0.0473222733	-0.0632642622	-0.1067981768	0.0598989949	-0.1001487781	0.0292728715	-0.0426030208	-0.1008462823	-0.0364536465	-0.0595224819	-0.0643780712	-0.1536372861	-0.0036070757	0.0457786926	0.0439691064	-0.0622412615	0.034710161	-0.1039365394	-0.0125865919	0.01251134	-0.0313237406	0.0410408205	-0.0042707015	-0.0640981904	-0.0398692014	0.0380110303	-0.0518586803	-0.0236234423	-0.0123387061	0.0454168093	-0.0059862996	0.0304955196	-0.0738746293	0.0490445078	-0.0984638795	-0.0019381983	0.0485109534	-0.0976376555	0.1222233291	0.0230561072	-0.0859263897	0.0527015838	-0.0030011373	-0.0551267898	-0.1608367356	-0.0182096733	0.0097329321	0.1148805654	0.0813811957	0.0475528339	0.0547351605	0.0734966415	0.0291303588	-0.0517848829	0.0124886614	0.0514101671	0.102693503	0.0325258058	-0.0116495483	0.0849964017	0.069898003	0.00930264	0.0417766341	0.108395732	0.0121784082	-0.0019935865	-0.0063332562	0.0343915917	0.0863785256	0.0422312168	-0.086610219	0.0668069598	-0.0873252503	0.0486684925	-0.1086351479	-0.0327102915	-0.055201896	-0.0337968298	0.1830571634	0.0163678016	-0.0810122804	-0.1102381441	-0.0439293638	-0.0067944803	0.0800361557	0.0449627635	0.0275686811	-0.0250158409	-0.1155768639	0.0339414649	-0.0517473827	-0.0512733729	0.0808999951	0.0582040039	0.092701187	0.1333337445	-0.0129136326	0.022104022	-0.0783897915	-0.0108153432	0.0812824641	-0.0691563439	-0.0395760285	-0.0813043938	-0.100104548	0.0289064336	-0.1302436418	0.0148111269	0.015917198	-0.081321223	0.0732668205	0.0436720887	0.1540470472	0.1606886887	-0.0104212038	-0.0115056645	0.0400912299	-0.0530654033	0.0830867868	0.0548112574	0.0145875891	-0.0288159833	-0.0659380473	-0.0886864774	-0.0921024127	-0.0754412237	-0.0423348324	0.0	-0.0520583269648113	-0.0192419737647355	0.0003702535543627	0.0027100694063751	0.0526273553420679	0.0657640697563123	0.0027696385303002	0.0043249128709131	0.1007562537133637	0.1146542591242507	0.0131455991353308	0.0101518226623517	-0.0028786654805002	-0.0004978066656248	8.286714948623446e-06	2.478114763405808e-07	0.0015769580798157	7.863301517390016e-05	6.183151075338813e-09	2.48679678549602e-06	-0.0017037317649663	-0.0001720126499503	2.902701926955184e-06	2.958835174292444e-08	0.0	0.0	0.0	0.0	0.0	0.0	0.0	0.0	0.0	0.0	0.0	0.0	0.0	0.0	0.0	0.0	0.0	0.0	0.0	0.0	0.0	0.0	0.0	0.0
5188.293546432507	6.446144339546663	41.55277684626949	26918389.923953205	14339.597208658854	36.835733423477	205624048.1065768	1356.8712568454605	4891.300393855825	1.893558649832812	3.585564360356662	23924819.54293415	6183.258175480852	6603.680206676917	1.280379	35.219982	0.1506036018894029	0.0808214248648708	-0.0511681038	-0.1873486556	-0.1175749692	-0.0256181185	-0.0213668645	-0.09348523	-0.0332107833	-0.1293478973	-0.067771993	-0.0152012437	-0.0959862275	0.0317127832	-0.0259353276	0.0381721183	-0.0904398261	-0.0445733484	-0.1939348856	-0.0524278544	-0.0143074936	0.0997056173	0.1287813185	0.0346882525	0.1171543809	0.0720502389	-0.0017625118	-0.0468488746	0.0564344424	-0.054258728	0.0739689414	-0.0721568982	0.0893760576	0.0739786132	0.1012308331	-0.0580930534	0.0048767838	-0.0116707012	0.0712222583	0.0822127021	-0.1067926098	0.0887225513	-0.1376727564	0.0308035279	-0.1053637682	-0.0160224258	0.0647735583	0.1310934986	0.072743793	0.0489895333	-0.0480054719	-0.0422777349	0.0144453167	-0.1124306534	-0.1213281969	-0.009504519	0.1013233954	-0.0023880677	-0.0418357892	-0.0087643306	0.019936826	-0.0711213697	0.0479338834	-0.0695117584	-0.0080147574	-0.0295267366	-0.0100573138	0.0617197232	0.0713059689	0.0015812798	-0.0408169351	0.0189212447	-0.0012257743	0.1317290609	-0.0229280397	0.0397602366	-0.1676605021	0.0361162834	0.0558946004	-0.0026248376	0.025130781	-0.0058152218	0.0203097471	-0.0566691407	0.0742330936	-0.0005941822	-0.0656587873	0.0041846807	-0.0437940313	-0.1423292802	0.0950544825	-0.0339186879	-0.2044883215	0.0045541959	0.0264530078	-0.0047602458	-0.0025777336	-0.0479812603	-0.1342138417	0.0452253068	0.0578159012	-0.0717244631	-0.0158199761	-0.0285890562	0.0013737101	0.0101601227	0.1317847522	0.0583929254	-0.0097371537	0.0952960078	-0.0077284718	0.0958595229	0.0149113006	0.1021980945	-0.0910428219	-0.088240496	0.022400108	0.0992009478	-0.0034087488	-0.0153962139	0.0657021702	0.0323815245	-0.0509216749	0.0194595787	0.0739440781	0.067049036	0.118580399	-0.0121132851	-0.118318032	-0.015292231	0.0534021832	0.0708317641	0.036605179	0.1300625026	0.0249357205	0.0210652178	0.0364165545	0.1143176606	0.0125739566	-0.1026436421	0.0384844191	-0.1262568186	0.1187321061	-0.0054799813	-0.1578714033	-0.016536391	-0.0151118252	0.0331883007	-0.0131063107	0.0585799914	0.1784649337	0.0067392044	-0.0441133172	-0.0196872069	-0.0437577738	0.13432391	-0.079020183	0.0367277848	0.0554500713	-0.0740426436	-0.0509594737	-0.0154518008	-0.0775371083	0.1103471197	-0.0031745572	0.0228742907	0.119155884	0.0547180543	0.0163787423	-0.0827807155	-0.0346788337	-0.0963195554	-0.0744958458	0.0825007985	0.0527301444	0.0108022918	-0.0336160831	-0.070284102	-0.0907477697	-0.0902890852	-0.0690138005	-0.031827039	0.0	-0.0445429122994056	0.0075154146654057	5.648145759299508e-05	0.0019840710361125	-0.003674087482139	-0.0563014428242069	1.3498918826410497e-05	0.0031698524640874	0.142387044318319	0.0416307906049552	0.0017331227263936	0.0202740703897069	-0.003307022047508	-0.0004283565670078	1.0936394822704004e-05	1.834893484987079e-07	0.0014267827894471	-0.0001501752903686	2.2552617837293336e-08	2.035709128262448e-06	-0.001379144546446	0.0003245872185203	1.9020396799917428e-06	1.0535686242674503e-07	0.0	0.0	0.0	0.0	0.0	0.0	0.0	0.0	0.0	0.0	0.0	0.0	0.0	0.0	0.0	0.0	0.0	0.0	0.0	0.0	0.0	0.0	0.0	0.0
5198.448746107734	10.155199675226868	103.12808044372788	27023869.365909077	14272.187156951122	-67.41005170773133	203695326.24304056	4544.115071239011	4890.103246999193	-1.1971468566316616	1.4331605963430682	23913109.76631205	6186.123338861265	6733.855805392807	1.212418	33.350555	0.0880672727377052	0.0433771022263276	-0.0236482849	-0.156459087	0.0317432877	0.0418527059	-0.0608714612	-0.0216989877	-0.0032287618	-0.0200796777	-0.1364711362	0.0326488842	-0.0565523537	-0.0698605035	-0.1165505915	-0.041097003	0.0625506514	-0.0555556193	-0.1712829453	-0.0386452695	-0.0541358372	0.040901018	0.0029537488	0.1341616524	0.0098867979	-0.0189785842	0.0320096355	0.0511804856	0.0437090392	-0.0368597488	0.0610958754	-0.0046996034	0.0362421311	0.0055072997	-0.1179827212	0.0615711279	-0.0418537735	0.0698436497	0.0090033322	0.02833202	-0.1033252319	0.0477562487	0.1261774404	0.0291573437	-0.1285489249	0.0781421766	-0.1320437185	-0.0529214993	-0.0255654903	0.0898174771	0.0437858115	-0.1579345422	-0.0087797198	0.0683551879	-0.0818593162	-0.0349246424	-0.0119444394	0.0999858284	-0.0419896537	-0.0746544697	0.017400657	-0.0175464157	-0.0097122301	-0.0755144231	-0.0022573398	0.0145635505	0.0453248917	-0.015603748	0.0545718128	-0.0333003175	0.0359405431	0.0911210683	-0.0567621093	-0.0525303033	-0.0623371425	0.0034142778	-0.1015674665	-0.0577884856	-0.0748454527	0.0441625809	-0.1243843036	0.105894666	0.0367811132	-0.1196033409	0.1175491471	-0.0829356476	0.0220889662	0.0402290837	-0.0175433544	0.0581256081	0.0399442912	-0.073138213	-0.0910075199	0.0507277897	0.0305807236	-0.1493923706	-0.0818344089	-0.0974089724	0.0129625755	-0.0286136391	0.074948441	-0.0490610057	0.005410425	0.0627202078	-0.0611805936	0.0317836906	-0.0055568646	0.0597350075	0.0405531188	-0.0625578266	0.0961465592	0.12798993	0.0115327213	-0.0752418208	-0.0347608807	-0.037595098	-0.0787634219	0.0257455343	0.0159892529	0.0551891785	-0.0178367492	-0.1154141306	-0.0666823956	-0.052696652	0.0532341095	0.1405479942	0.0505064224	-0.1727667134	0.0423209291	-0.0371267301	-0.0693363915	-0.0158535623	-0.0251474511	-0.0235187872	0.026824898	-0.004573645	0.1832256602	-0.078241683	0.0046816574	-0.0219765636	-0.0619133876	-0.006029394	0.1362605356	-0.0501904865	0.1095142624	-0.0527302119	0.0022222569	0.1086321809	0.0162387284	0.0681728646	0.1933781123	-0.0104251689	0.0055690497	-0.0457116219	-0.0330820588	0.0644547517	-0.0567611957	0.0607371174	-0.0833359541	-0.0134410337	0.030923394	0.057332967	-0.0072881941	0.159531875	-0.0585418832	0.106903316	0.1089300073	0.1319308658	0.0602612264	0.0194806539	-0.0696180957	0.0065929272	-0.1014531548	0.0818994181	0.0506096822	0.0069988586	-0.0383158593	-0.0743024598	-0.0921998906	-0.0876509655	-0.0617631348	-0.020838873	0.0	-0.0417222513393085	0.0028206609600971	7.956128251815904e-06	0.0017407462568204	-0.0390689758790046	-0.0353948883968655	0.0015263848762342	0.0012527981246265	0.1553247581607166	0.0129377138423975	0.0001673844394677	0.024125780497685	-0.0028098662945351	0.0004971557529728	7.895348593164413e-06	2.471638427140509e-07	0.0016609327869632	0.0002341499975161	5.482622133678964e-08	2.758697722809343e-06	-0.0013721701061681	6.9744402778999445e-06	1.8828508002613747e-06	4.864281718999306e-11	0.0	0.0	0.0	0.0	0.0	0.0	0.0	0.0	0.0	0.0	0.0	0.0	0.0	0.0	0.0	0.0	0.0	0.0	0.0	0.0	0.0	0.0	0.0	0.0
5183.42260363047	-15.02614247726433	225.7849577470474	26867869.88782728	14320.199146759816	48.011989808694125	205068103.60286057	2305.1511653901484	4895.601905698931	5.498658699737462	30.235247496198472	23966918.019083	6182.138431637395	6626.8480917064535	1.343445	36.954765	0.0762662131936301	0.0366672305325729	-0.0991989105	-0.2602485044	0.0178968856	-0.0455927689	-0.0086583066	-0.1379497648	-0.1178260851	-0.0615457375	-0.1046028717	-0.1093640782	-0.0555788451	0.1073110848	-0.0070112564	-0.0009262482	0.1110058573	-0.0388039185	-0.2255759181	-0.1386756972	0.0283491444	-0.0145112233	0.023479939	-0.0135904552	0.0271467335	-0.0075819264	-0.1295542997	0.0516486619	-0.0067526277	-0.0970040775	0.0428853328	-0.0360995383	0.0099280181	0.0733877726	0.1625248705	0.0556304361	0.0090016592	0.0112824898	0.1302927961	-0.0111970372	0.0346888911	0.1529956797	0.0029616462	-0.010196825	-0.014747612	-0.0640100442	-0.114816854	-0.0815928704	-0.0979930072	0.0958312983	0.1511186622	0.1324860707	0.0920004748	-0.0129793393	-0.0463215743	-0.0325621143	0.0679969442	0.0699841232	-0.089978079	0.091530647	-0.0223956072	0.0499591391	0.0016971169	0.0900609932	0.0045121961	0.093880299	-0.0274112239	0.1115902739	-0.0781222332	-0.0181616559	-0.0020245143	0.0871293928	0.0159796319	-0.0932738118	0.0143831421	0.0438468786	-0.0161147315	0.0468919982	0.0672095614	0.0033948598	0.0701262735	0.0851238877	0.0778635728	0.0686721963	-0.0577890353	0.0751024236	0.1149560703	0.0462869459	0.0036471597	0.0205263915	0.1422977268	0.0420594141	-0.235807608	0.1168447065	0.0850358253	0.069216191	-0.046099774	-0.0059704135	0.0581075102	-0.0434958085	0.0720559493	-0.0842953296	-0.0228221525	-0.1061853746	0.0292033652	-0.1078098585	0.1227966389	0.0064188481	-0.007520842	0.0539400865	0.0059060308	0.0021321247	0.0405300562	0.102383014	-0.134936912	-0.008598298	0.0424456229	0.0901443161	-0.066760053	0.0295256836	0.0111106474	-0.0682536409	-0.0979896608	-0.0955580812	-0.0202133707	-0.0859056394	-0.1888196944	0.0126622422	0.0695589967	0.1091965496	0.000800345	-0.0321990487	7.6536e-05	0.0030857309	0.0417903772	0.0157277189	0.0340597322	-0.0054796733	-0.0610153573	-0.1177957792	0.1291187049	-0.050961311	0.003829546	0.0328634782	0.0576847525	-0.0080913185	0.0315868911	-0.1310798155	-0.0065644651	0.0561629805	0.2229161965	0.0426452893	-0.1011519801	-0.0747902451	0.1234799843	0.0766216381	-0.1672680487	-0.0196801368	-0.0056885807	-0.0428167836	0.051727401	0.0123510921	-0.0301452712	0.0548463942	0.0387188817	0.0404908853	0.1374732106	0.0160113891	-0.0033520525	-0.0750090883	-0.0069605607	-0.0208455727	0.0242526769	0.0812827579	0.0484514532	0.0031836749	-0.042901286	-0.0779743851	-0.0930330924	-0.084212153	-0.0537757173	-0.0095361811	0.0	-0.01833286954529	0.0233893817940185	0.0005470631807063	0.0003360941057646	-0.0283371910662566	0.0107317848127479	0.0008029963975255	0.0001151712052671	0.1470592323320829	-0.0082655258286336	6.831891722381057e-05	0.0216264178141015	-0.003306966461965	-0.0004971001674298	1.093602718056131e-05	2.471085764588343e-07	0.0014963026841088	-0.0001646301028544	2.7103070765850372e-08	2.238921722471199e-06	-0.0013880302510484	-1.586014488029995e-05	1.926627977825484e-06	2.5154419562410474e-10	0.0	0.0	0.0	0.0	0.0	0.0	0.0	0.0	0.0	0.0	0.0	0.0	0.0	0.0	0.0	0.0	0.0	0.0	0.0	0.0	0.0	0.0	0.0	0.0
5178.560496089203	-4.862107541266596	23.640089742841504	26817488.811655656	14236.230762344752	-83.96838441506407	202670266.31873104	7050.689581275974	4883.9701868026295	-11.631718896301209	135.29688448257062	23853164.785576917	6183.726666636609	6663.669516632194	2.225062	61.205807	0.4548580271840915	0.2549610311295511	0.0037336654	0.0095563535	-0.0929584451	-0.1747864683	-0.0855793885	0.0768046237	-0.0084475182	0.129297458	0.050046958	0.1956249056	-0.1718348328	0.1385937013	0.1042809625	0.1493957578	-0.1405828931	-0.0534221923	0.067964991	-0.061313835	0.0943363568	0.071670264	0.0789413284	0.1033560473	-0.1365607138	0.0212884505	0.0678658815	-0.1833549339	-0.063006826	-0.0653983747	-0.1190222896	-0.2381910338	-0.029491088	-0.0925664603	-0.0164548305	0.1066361985	0.0698566362	-0.0504178321	-0.0803860101	0.051864036	-0.0391234081	-0.148588587	0.1290650578	-0.1287593745	-0.0017894817	0.0847706818	-0.0018118003	-0.0154800683	0.1140723747	-0.0649777706	0.0195032468	-0.0621691335	0.0919619146	-0.0102204781	0.0291764701	0.0461347386	0.0258380905	0.1393422664	0.1385962596	-0.0502842074	-0.0639847027	-0.0439532234	0.1455177079	-0.0557982095	-0.0492952279	-0.0301521177	0.0596205899	-0.0043255633	-0.0712142484	-0.0399798088	0.0558280959	-0.0024856767	0.0171220387	0.1736804571	-0.112384866	-0.077883428	-0.0907252257	-0.0489313025	0.0344928075	-0.043839226	-0.1583523866	0.0292043634	0.081030117	-0.0381634196	-0.0984148913	-0.0547362285	-0.0628598862	0.0977103294	0.10869346	-0.083186845	-0.0952669338	0.1454139751	0.031193743	-0.1447340001	0.0109338511	-0.1074569875	-0.159971746	0.2977888231	-0.2530563992	0.0413042197	-0.0423392501	-0.0424628231	0.143062654	0.2044252937	-0.174811303	0.010809759	-0.1283342121	-0.1809320831	0.0966488852	-0.0483676312	0.0147961349	-0.0295590851	-0.0948901416	-0.1806368068	-0.1058954486	-0.0520243185	0.0051706453	0.0183874264	0.0721472739	0.1602248622	-0.0790458126	0.1225478395	0.0816253496	-0.1223383834	0.0688740947	0.0401911086	-0.0201906178	-0.0627301502	-0.0005931735	-0.0496052815	0.0020464426	0.0405763914	0.06862635	-0.027519994	0.0497182396	-0.0110147312	-0.0255450042	0.1405418548	0.0219297181	-0.0865389879	-0.0353994558	0.1105670419	-0.0430834855	-0.0788507978	-0.0855880821	-0.0392812184	-0.0539042177	0.0540907728	0.0584589056	0.0315394358	-0.0074911039	-0.0069868564	0.0630024044	-0.1406279722	-0.0158082744	0.095439578	0.0022039616	0.1602757791	0.0433210568	-0.2451345008	-0.1773725641	0.0565363075	-0.1091700003	0.0930635013	-0.2490675375	0.0093331434	0.2818117944	-0.0557971176	0.142868344	0.1455745831	-0.0655968917	0.1670814825	0.1891142222	0.080650933	0.0462570678	-0.0006368538	-0.0473586783	-0.0812827579	-0.093241782	-0.0800040612	-0.0451468273	0.0019104426	0.0	-0.0178807646240954	0.0004521049211945	2.0439885976837373e-07	0.0003197217435423	-0.0461929526472744	-0.0178557615810178	0.0021337888742733	0.0003188282216381	-0.0675271599638662	-0.2145863922959491	0.0460473197585909	0.0045599173327855	-0.0068452900652949	-0.0035383236033299	4.6857996078025057e-05	1.251973392188149e-05	0.0017131186803758	0.000216815996267	4.70091762372518e-08	2.934775613052522e-06	-0.0020721660191701	-0.0006841357681216	4.293872011003258e-06	4.6804174922346846e-07	0.0	0.0	1.0	0.0	0.0	0.0	0.0	0.0	0.0	0.0	0.0	0.0	0.0	0.0	0.0	0.0	0.0	0.0	0.0	0.0	0.0	0.0	0.0	0.0
5204.253916258557	25.693420169353885	660.151839998961	27084258.82489253	14324.4696877504	88.23892540564702	205190431.83528003	7786.10795674334	4896.036470423526	12.066283620896684	145.5952004199196	23971173.11971726	6198.088075648332	6744.30796256976	2.355913	64.805191	0.83439627928954	0.4747650442480709	0.0727916899	0.3076862495	0.0579688538	0.1330196529	0.0653944324	0.09050438	0.2091845968	0.1728989448	0.1853485393	0.0844313091	0.2393509179	-0.0800065309	-0.0204945937	0.0330840755	-0.0653992942	0.0188739818	0.2297709524	0.1016287086	-0.0484939192	-0.1494133221	-0.0076350689	0.0974275467	-0.1307484431	0.045595823	0.1093307364	-0.0852507537	-0.0783527119	-0.0862638049	-0.1064936018	0.1006271142	-0.0737559527	0.0322396481	0.0866905293	-0.1092159326	0.0178748504	0.0706075714	0.0523734089	0.1029631699	-0.1239418242	-0.1457195745	-0.0230409727	-0.0045692212	0.0231243337	0.0010251626	0.0255632028	-0.1162104447	0.067254116	0.1075893753	0.0928559591	0.0548155525	0.1391610136	-0.0827056818	-0.0793038959	0.1205814975	0.0614652557	0.0014547387	0.0766949034	-0.0131251234	0.0628973426	-0.0888981761	-0.0548732315	-0.009953075	-0.0375722168	-0.073568861	0.0320030806	0.0332919356	-0.1287868553	0.0348240361	-0.0111744976	-0.0170138363	-0.0745457615	-0.13103726	0.0628788975	-0.0808651755	0.1344415617	0.0534201081	-0.1043304591	-0.0214571944	-0.0504414826	0.069700322	-0.0336673082	-0.0358715161	-0.0034122516	-0.0925433091	0.0647129079	-0.0721062518	-0.0293505481	0.0551661325	-0.1045883471	-0.058408123	0.3882939269	0.0039550021	-0.0346786191	0.0278795849	-0.0439656123	-0.0027893992	-0.0461618192	-0.071622006	0.0836366322	0.0102293494	-0.0317691056	-0.1272155869	-0.0309495345	0.0874023327	-0.0620835468	0.0802174149	0.0484292684	-0.0880598742	0.0785881824	-0.0479728259	-0.1151120442	0.0453447176	-0.0530869595	-0.1651616209	0.0343420043	-0.0254420122	0.0758674593	-0.0740043547	-0.0407766908	0.1742514611	0.0306442668	-0.0670994515	0.0322694417	0.0399070207	-0.032218291	-0.07573563	0.0774677413	0.095920584	0.0339907963	-0.0088562499	0.0053297015	0.0576365904	-0.1136060421	-0.0250928162	-0.0414928902	0.0830448971	-0.0192945667	0.0399027389	-0.0349271001	-0.1424110214	-0.1345623377	-0.1149770529	0.0319698362	-0.0738501824	-0.0202859521	-0.0018571752	-0.144776831	-0.0950299636	-0.2792578184	-0.2557535477	0.2554751827	0.0240017037	-0.0162467718	-0.04170447	-0.0722432021	0.0559042006	0.0054023806	-0.0676571522	0.0778366095	0.1418056907	0.0890804724	0.099591266	-0.0009727217	0.0233966858	0.0131738023	-0.0230802681	0.0220025228	0.1094789789	-0.2484477206	0.0344584578	-0.2183665227	0.0800040612	0.0440281638	-0.0044563133	-0.0516747337	-0.084212153	-0.0928245585	-0.0750651311	-0.0359793958	0.0133282315	0.0	-0.0116740298845314	0.006206734739564	3.85235561273106e-05	0.0001362829737449	-0.0750833319361561	-0.0288903792888816	0.0056375067346349	0.0008346540154554	-0.3771609512512555	-0.3096337912873892	0.0958730847070025	0.1422503831487519	-0.0147956398582028	-0.0079503497929079	0.0002189109588136	6.320806182959068e-05	0.0015770445361116	-0.0001360741442641	1.8516172737234287e-08	2.487069468879452e-06	-0.0037790495614721	-0.001706883542302	1.4281215588062472e-05	2.913451426981425e-06	0.0	0.0	0.0	1.0	0.0	0.0	0.0	0.0	0.0	0.0	0.0	0.0	0.0	0.0	0.0	0.0	0.0	0.0	0.0	0.0	0.0	0.0	0.0	0.0
5198.466632002914	-5.787284255643499	33.49265905561913	27024055.32404772	14354.858583733974	30.388895983574912	206061964.95900097	923.4849991005354	4894.423168853874	-1.6133015696523216	2.602741954642645	23955378.1558136	6191.541154686908	6728.191548986074	1.426784	39.247219	0.204029275811714	0.098235307216658	0.0209077631	0.1992902175	-0.076951962	0.0359775718	0.1354416927	0.0433059046	0.077142972	0.1208812539	0.1919982698	-0.0526916324	0.0359408145	0.1159276547	0.0674447452	0.1199656235	0.0160145726	0.0247966706	0.1711265569	0.0130348566	-0.0430072221	-0.1020670322	0.0575499764	0.0258877095	-0.189363203	0.1308130597	-0.0622417267	-0.0270538409	-0.0140478996	-0.0738760169	0.0435880353	-0.0487529879	-0.2142091802	-0.0008498734	0.0235123695	-0.0669494895	0.0397934826	0.0561902631	0.1161104749	-0.0406215599	-0.0627061435	0.0409238419	0.0369582207	-0.0930026966	-0.1230468139	0.0530336244	-0.0917019948	0.0046900649	-0.0089308271	0.0113201554	0.0390575202	-0.145406883	-0.0978124023	0.0138739601	-0.0222547794	0.1308890963	-0.1468723935	-0.0358061551	-0.1328605199	0.0545805367	0.0086558136	0.0487868923	-0.0874380138	-0.0470222848	0.0591465388	-0.0200772968	-0.0504451037	-0.0420192836	0.0661635607	-0.0335533498	0.0385347957	-0.0470190215	0.0570030035	0.0687546376	-0.0303924452	0.0192310658	-0.0273499946	0.0403071386	-0.0161646556	0.1056345225	0.1244023655	-0.1274368493	-0.0180096637	0.0328273983	-0.09641668	0.1508087726	0.0719490166	-0.1117035307	-0.0618128539	0.0136904601	-0.0451061921	0.0297299468	0.2022656542	0.0393754998	0.120758339	0.1384649104	0.028560958	0.1319707059	0.0074339633	-0.042577331	0.0326436491	-0.0373354347	0.0372066199	-0.1581740287	-0.0696434587	0.0356486553	0.2187194652	-0.0514072875	0.0511735823	-0.1740635217	-0.0898138437	0.0686062659	0.0302804259	0.0026207673	-0.0608332065	0.0204774189	0.0314454197	0.0482549799	-0.0370567475	-0.074441376	0.1231592096	-0.0824359996	0.1281123207	0.0863442105	0.1115136515	0.0388956241	-0.005428911	0.0673052677	-0.0067751398	0.1085660107	-0.0534242767	-0.1000786019	0.0203565848	0.0309493956	-0.0197028623	-0.1411105751	0.22076675	-0.1768132784	0.0348995853	0.0321534675	0.0148800433	-0.0286377726	-0.0329426785	0.154561366	0.0432259291	0.0346955278	-0.0602800241	0.0288271322	0.1120385893	-0.0719487901	-0.2214286928	-0.1733386492	0.1332546679	-0.0370907795	0.118467482	-0.0192350429	-0.2288031476	0.0895301667	0.103063437	-0.0823214932	0.0677658425	-0.089140481	0.0472765293	-0.0093880055	0.1752620948	-0.063829022	0.1182461752	-0.059055491	-0.0765089903	0.0960038128	0.0684214927	0.1105954964	-0.1431754805	0.0793422632	0.0417664042	-0.0082682911	-0.0558365714	-0.0867489121	-0.0917842227	-0.0694404798	-0.0263827782	0.0245448544	0.0	-0.0025423079087545	0.0091317219757769	8.338834624288676e-05	6.46332950291568e-06	-0.0295580838967595	0.0455252480393966	0.0008736803236478	0.0020725482090485	-0.3035949000313849	0.0735660512198705	0.0054119638920846	0.0921698633250665	-0.0141862318361851	0.0006094080220176	0.0002012491737099	3.713781372995242e-07	0.0010511600837355	-0.0005258844523761	2.765544572509107e-07	1.1049375216388236e-06	-0.0033982169443325	0.0003808326171396	1.1547878400748514e-05	1.450334822773972e-07	0.0	0.0	0.0	0.0	0.0	0.0	0.0	0.0	0.0	0.0	0.0	0.0	0.0	0.0	0.0	0.0	0.0	0.0	0.0	0.0	0.0	0.0	0.0	0.0
5169.998555134638	-28.4680768682756	810.4314005780484	26728885.060094245	14302.151694273338	-52.706889460636376	204551543.0860057	2778.016196615742	4890.494184109057	-3.9289847448171713	15.436921125006052	23916933.36480451	6188.232676816223	6663.381542107446	1.540952	42.387688	0.4222061109251496	0.2214132033912513	0.0176186919	0.2417342335	-0.0460939064	-0.0589394141	-0.0683308622	0.0753091071	0.0198370378	0.080617111	0.1105664472	0.1493410481	-0.0047996174	-0.0351223812	0.10157766	0.0464964279	-0.0230498211	0.0622817291	0.194300274	0.0575812513	0.0207031287	-0.0342341396	0.1703580826	0.022409631	-0.1382912726	0.0847681883	0.0297992248	0.1198592315	0.0265817316	-0.010765409	0.051403439	-0.0324534577	0.0014684414	-0.0253393096	-0.1263674536	0.0087902853	-0.0135665502	-0.0222343181	-0.0447990679	-0.1603512736	0.0502626645	0.0268475244	0.0360130881	-0.0510366618	-0.0230897302	-0.0048322213	-0.029040816	0.0578361283	0.06308307	0.1369812728	-0.0509478583	0.0793415737	0.0305038642	0.0297574871	0.051418111	-0.0931875617	-0.00849082	0.0838346822	0.1180078555	0.0651867605	0.002470105	0.017035569	-0.0596941535	0.1177811925	0.0885528294	-0.0286674911	-0.1555313923	0.1532580013	-0.0184493812	0.0059150958	-0.0260112064	-0.0782707494	-0.0697326233	-0.0063047952	0.0435265628	0.0429241922	-0.0008582713	-0.0136111488	-0.0065101216	0.0465402369	-0.004193969	-0.0485285717	-0.0250289696	-0.0854740123	-0.0116317374	-0.0627456551	-0.1569867312	-0.0371340635	-0.0171278641	0.0476720209	-0.0727973179	0.0417492779	0.181449919	-0.1159775263	0.0129872754	-0.0582039326	0.0794201145	0.1160418847	-0.0197300478	0.0396024405	-0.0073074996	-0.0189678993	-0.1197103091	0.0557761095	-0.0557297521	-0.1099212867	0.1349030208	-0.0935526949	-0.0694049967	-0.0690425422	-0.0498367327	0.0555065635	-0.0478348872	0.0195402077	-0.0355676199	0.0587269777	-0.0851481222	0.0207722411	0.0748969916	0.0861016296	-0.0440726257	0.0350539145	0.0557037906	0.0689890108	-0.0414386814	-0.0569262885	-0.0478505781	-0.1279055452	0.0750911493	-0.1645019364	0.0991265957	-0.0158406241	-0.0860612739	-0.0982198161	0.1002952094	0.0856296612	-0.0894221862	-0.0634820002	-0.0020806616	1.09093e-05	0.0589471118	0.0230485903	-0.0420771103	0.1055903402	0.1432481048	0.0655314025	0.0531780779	0.0173814545	0.0295944995	-0.0911205095	-0.2204276554	-0.0263011776	-0.0497675924	0.0607564558	0.0459388772	0.081686525	-0.0398547148	0.0238108464	-0.0710278921	-0.0546365728	-0.113006586	0.0358952911	-0.1309459284	-0.0398694068	0.054887525	0.0324616626	-0.0360810008	-0.0820420089	0.1459684896	0.0069410573	0.0730564818	-0.0078720351	-0.0233730816	0.0786656624	0.039473477	-0.0120663873	-0.0598317709	-0.0888812078	-0.090127758	-0.0631814888	-0.0164714492	0.0353910162	0.0	0.0042177917551384	0.0067600996638929	4.56989474657649e-05	1.7789767289713464e-05	-0.0031357961551208	0.0264222877416386	9.833217526470392e-06	0.0006981372895019	-0.166185871618012	0.1374090284133729	0.0188812410895071	0.0276177439254383	-0.0127534006375772	0.0014328311986079	0.0001626492278225	2.053005243704156e-06	-0.002052260518178	-0.0031034206019135	9.63121943238115e-06	4.211773234472232e-06	-0.003894259045936	-0.0004960421016034	1.5165253516854365e-05	2.4605776656321684e-07	0.0	0.0	0.0	0.0	1.0	0.0	0.0	0.0	0.0	0.0	0.0	0.0	0.0	0.0	0.0	0.0	0.0	0.0	0.0	0.0	0.0	0.0	0.0	0.0
5181.911770570211	11.913215435572964	141.92470201437396	26852209.5979741	14304.37674591847	2.225051645131316	204615194.08917305	4.950854823501576	4884.584212361501	-5.9099717475555735	34.92776605690508	23859162.927651227	6177.218760396838	6638.218144016435	1.223813	33.66399	0.1247193625288828	0.0738903834248959	0.0046440303	0.1984123316	0.049187578	0.0763677202	0.0646858406	0.0242903145	0.1120876826	0.0644256299	0.0013054081	0.0317847238	0.1505065987	-0.0671471466	0.1041707793	-0.0333285641	-0.0641172005	0.0676454988	0.1112082073	0.2140496592	0.065319052	-0.1100846138	0.1562041125	-0.0515327698	0.0024543621	0.0385700821	0.1408455145	0.0449698944	-0.0079282455	0.0025876951	0.0118215939	0.0746211153	-0.0210764162	-0.0499339461	0.1150430339	-0.0791276237	0.0091821729	-0.0176895336	0.0787332612	-0.0379575564	0.1678749375	0.0039313105	0.1884245509	-0.0933123558	0.0531137648	0.0373759444	-0.1110273058	0.0895297269	0.0532273746	0.0568144788	-0.0428809622	0.0627312087	0.0063260519	0.0331310026	-0.0792614178	-0.1024419411	-0.105440676	-0.1194097295	-0.0141154421	-0.056849698	-0.0611593837	-0.1188637977	0.0968312572	0.0125038204	-0.0947596503	0.0611142789	0.0323134604	-0.0655366692	-0.0557897533	0.0183849847	-0.0363605293	0.0332623686	0.0611085042	0.0173086881	-0.0659499086	0.0023913878	0.0539826544	-0.0032995499	-0.0093288815	-0.0095568351	0.0780059306	0.1547450755	0.0461249859	0.0523015241	0.0528614865	-0.0470512345	-0.0110383568	0.1251686054	0.012525607	-0.0206193924	-0.0316867183	-0.0524249789	0.191536229	0.0101398444	-0.1717017064	0.0296071047	0.1021668785	0.04871547	0.000689036	0.0733072504	-0.0013058771	0.0119702337	-0.1758300577	-0.0389761602	-0.0387815077	-0.0620194555	0.0660832573	-0.0336681272	-0.0040431963	0.0441386841	0.0458856873	-0.0204364391	-0.0544294674	0.0447183753	0.1777066459	0.1193298992	0.0870410058	0.0852141925	-0.1513778676	0.0783768242	-0.0279672766	-0.0022467545	0.1370385485	-0.0899379169	-0.0214123227	0.0770752365	0.0122129817	-0.0199635067	0.0821092882	0.0043270033	-0.0440857854	-0.152641032	-0.0017277238	0.0401565811	0.0516914923	0.075675996	-0.1123513915	-0.0551856024	-0.0087452053	-0.0801211579	0.0102642497	-0.0459179842	-0.0577740775	-0.027629289	-0.0869114776	-0.0571116695	0.0458450972	-0.0776177182	-0.0530977239	-0.0966349418	-0.2074711777	-0.0091928717	-0.1084433812	0.1404496281	0.0122138268	0.058338847	-0.0172290246	-0.1383023149	-0.0844613693	-0.0071661283	0.0193801406	0.0269772154	-0.0583381068	-0.0458285015	-0.0121530909	0.0794078069	0.0052671586	-0.0965838784	0.0923650685	0.0416120104	-0.0197060304	0.068140838	0.0387813097	0.0779743851	0.0371510932	-0.0158442251	-0.0636484088	-0.0905990982	-0.087866284	-0.0563453339	-0.0063636379	0.0457030134	0.0	0.0031787174526982	-0.0010390743024402	1.0796754059915885e-06	1.0104244644088132e-05	-0.0516285712570265	-0.0484927751019057	0.0026655093700418	0.002351549237084	-0.1643507220005702	0.0018351496174418	3.367774118396786e-06	0.0270111598221087	-0.0128159955834523	-6.259494587510135e-05	0.000164249742795	3.918127249106867e-09	-0.0030999099739399	-0.0010476494557619	1.097569382158206e-06	9.609441846532072e-06	-0.0042510619144409	-0.0003568028685049	1.807152740040993e-05	1.273082869733251e-07	0.0	0.0	0.0	0.0	0.0	0.0	0.0	0.0	0.0	0.0	0.0	0.0	0.0	0.0	0.0	0.0	0.0	0.0	0.0	0.0	0.0	0.0	0.0	0.0
5193.09900792608	11.187237355869	125.15427965655084	26968277.30612284	14382.594458633814	78.21771271534453	206859023.36152408	6118.01058242017	4894.373804696441	9.789592334939698	95.83611808431009	23954894.940098718	6196.142154226755	6635.130770372633	1.080221	29.714149	0.0899474611130771	0.0495435579259903	-0.0023090836	0.1686743209	-0.108581223	0.0562034295	0.1018977407	-0.0024825409	0.072206532	-0.0446154769	0.0993062177	-0.0045229822	0.0715591999	-0.0347928233	0.0767960797	-0.0485472742	-0.0334148917	0.0833939535	0.1083365569	0.1138596533	-0.0299948266	-0.0617923522	0.1155206635	-0.0278729265	0.0703945697	0.0998767643	-0.0559875042	0.1437868186	-0.011822229	-0.0680676171	-0.013344164	-0.0116303224	-0.0113066707	0.0484573131	-0.0140527198	0.0364688054	-0.0457802625	0.0189750716	0.0150330803	-0.0418156926	0.0117526695	-0.0057530716	-0.0483773328	0.0961867311	-0.0989808697	0.0272674257	0.0883947528	0.1235658693	-0.015426431	-0.0169847641	-0.1079059124	-0.0399402732	-0.0920458336	0.0251941288	-0.0667959314	-0.065920397	0.0342474745	0.0613402071	0.0077323517	-0.0282300379	-0.0217686545	-0.0073744357	0.0197019677	-0.0388250232	0.0221053028	-0.045199199	-0.0524346535	-0.0246322928	0.0185980279	0.0266521182	-0.126141988	0.1068022489	0.047237432	-0.0245318479	0.0323303988	-0.004580691	-0.0066338017	-0.0804156222	-0.0401399499	-0.1394759508	-0.1293356574	-0.0952118292	0.0742640906	0.0895091203	-0.0501022753	-0.0307277327	0.0306584831	-0.1078244469	0.0654620821	-0.0677223277	0.0004160018	-0.0731075445	0.1206795104	-0.0587600165	-0.0159422262	0.0931221327	0.1698142314	0.0058507616	0.0483518635	0.0362779277	0.0219632804	-0.1010021027	-0.1160360373	-0.0345298185	-0.0362904368	-0.1202759192	-0.0005352228	-0.0359183387	0.0318579729	-0.0484560487	-0.0308661982	0.0535168564	-0.0197896305	-0.0161490509	0.0002977082	-0.0005286225	-0.0026750952	0.0101166802	-0.0102328752	-0.0097877609	0.0093906864	-0.0414559635	-0.0423664494	0.023178563	0.0238127585	0.075887082	0.1252676588	-0.0395090165	-0.0560143964	-0.0949920472	0.0062884394	0.0614390079	0.0039953405	-0.0650673817	-0.0489730651	0.056549465	-0.0623746836	0.0665398138	0.0114076479	-0.0777469679	0.0298181496	0.0620449859	0.1144508308	-0.0164203214	-0.0505329489	-0.0825288742	-0.1058548889	-0.0436735218	0.069844361	-0.0920955361	-0.1782234925	-0.0008650299	-0.1244447898	0.1190763708	0.0090336724	0.0481351469	-0.0969132921	-0.0367096483	0.0312036008	0.0377687152	-0.0094026393	0.01018274	-0.0239421304	0.0155124659	0.034985914	0.0912959734	-0.0071368991	-0.0212962137	0.0852746187	0.0176249947	0.0279599293	0.0580649817	-0.0470137778	0.0772685604	0.0348009859	-0.019595462	-0.0672750948	-0.0918945739	-0.0850149816	-0.0489944635	0.0038200832	0.0553252047	0.0	0.010138565991582	0.0069598485388838	4.843949168420296e-05	0.0001027905203656	-0.0670941444096371	-0.0154655731526105	0.0045016242140612	0.0002391839529387	-0.1225545861658474	0.0417961358347227	0.0017469169707145	0.0150196265902821	-0.0129984143178257	-0.0001824187343733	0.0001689587747778	3.3276594650392724e-08	-0.0028968553774344	0.0002030545965055	4.123116916201149e-08	8.3917710777706e-06	-0.0041220171735826	0.0001290447408583	1.6991025579309887e-05	1.6652545143185825e-08	0.0	0.0	0.0	0.0	0.0	0.0	0.0	0.0	0.0	0.0	0.0	0.0	0.0	0.0	0.0	0.0	0.0	0.0	0.0	0.0	0.0	0.0	0.0	0.0
5191.492200452243	-1.6068074738368523	2.5818302579779666	26951591.267356478	14379.855103791066	-2.739354842748071	206780232.80602595	7.504064954487308	4903.193237863478	8.81943316703746	77.7824013878404	24041303.92783014	6199.687064073051	6606.725778996224	1.079497	29.694233	0.1424057410857278	0.0886639242120973	-0.0571398623	0.1606760286	-0.1224600925	0.0001432891	-0.0238526283	-0.0137551515	-0.0113517712	-0.0105254079	0.1052120343	0.0649625482	0.0267222308	-0.1053178896	0.0709662814	-0.1469239573	0.0169097229	0.1455607067	0.1373932267	0.0293241767	-0.0353886142	0.0653866957	-0.0055629215	-0.0313507474	0.0084112296	-0.0545501142	-0.0193142487	0.0649179921	0.0060131181	-0.0863635835	-0.0109849495	-0.0038693007	0.0860275004	-0.0627497032	0.0519869786	-0.0546835708	0.0906374309	0.0108328644	-0.1701833202	0.0650435012	-0.1550369802	0.1519112128	-0.1163777638	-0.0608498081	0.115599401	0.0569192303	0.1054878527	0.1026433572	-0.0338599943	-0.0351732964	0.1961247281	0.0507883126	-0.1408716786	0.0591422556	0.0768897775	-0.0840728864	0.1392527779	-0.1979110823	-0.0005729785	-0.0346351839	0.0057069842	-1.42264e-05	-0.0847815479	-0.007301175	-0.0958199154	0.0510735857	0.0464826019	0.019332016	0.0237584545	0.1038729739	0.055192673	0.0435942083	0.0202622006	0.0421532483	0.01511614	0.2030037499	-0.1306969744	0.149897342	0.0365449587	-0.0450459234	-0.0013127173	-0.086206614	-0.0724245611	0.0955573444	-0.050905758	-0.0215923223	-0.0445408636	0.0252568386	0.0191952182	-0.0143288621	0.0199530951	0.0117799196	0.1115060076	-0.1081703133	0.024169339	-0.0045560299	0.1339075892	-0.0486894988	0.1260461922	0.1037319099	-0.0245306415	0.0118775424	-0.0710748846	-0.0594117871	0.0073534654	-0.0349532828	-0.0078902491	0.0573750279	-0.0321829445	0.1376519711	0.1603845089	-0.1810917794	0.0105178469	0.0323908131	0.0166851033	0.1762033081	0.0289349116	0.039562816	0.0707606575	-0.0040402679	0.1391205574	0.0645460797	-0.0957410258	0.1286477431	-0.0617239391	-0.0554170261	0.1114233241	-0.0328083507	-0.0537712027	0.1332850835	0.1464588879	0.1753933331	0.1077831181	0.0500866638	0.066771614	-0.0334769132	0.057741575	-0.0714256571	0.0462591946	0.0696656898	-0.0084620736	0.0176646146	0.0462408708	-0.1448349299	-0.0816466207	0.0275730055	-0.0587601342	0.0438996507	0.0190796443	-0.1200170602	-0.1206009398	0.0337195787	-0.1074827521	0.0465204268	-0.0221808008	-0.0242224706	0.0616165355	-0.0028564887	-0.0385587272	0.1307614791	-0.1079035269	-0.1052650467	-0.0355895699	0.1409331785	0.0662526419	-0.0250741519	-0.0599994054	-0.0186183089	0.016017058	0.0014695546	-0.1533776712	0.0689380773	-0.0563740431	0.0765483197	0.0324249087	-0.0233138	-0.0707010056	-0.0927615946	-0.0815929909	-0.0411960279	0.0139582358	0.0641123601	0.0	0.0023441886502553	-0.0077943773413266	6.075231813898707e-05	5.495220427985766e-06	-0.0921521153849624	-0.0250579709753253	0.0084920123699234	0.0006279019094002	-0.0703128462442066	0.0522417399216408	0.0027291993900403	0.0049438963469614	-0.0140087107805219	-0.0010102964626961	0.0001962439777323	1.020698942536454e-06	-0.002890880956514	5.974420920399834e-06	3.5693705334111195e-11	8.3571927047353e-06	-0.0042519793469147	-0.000129962173332	1.807932836658916e-05	1.6890166497202673e-08	0.0	0.0	0.0	0.0	0.0	0.0	0.0	0.0	0.0	0.0	0.0	0.0	0.0	0.0	0.0	0.0	0.0	0.0	0.0	0.0	0.0	0.0	0.0	0.0
5184.455349250679	-7.036851201563877	49.51727483295098	26878577.268373985	14376.948450646034	-2.906653145031669	206696646.7525334	8.448632505522491	4898.476803389481	-4.716434473997651	22.244754147513504	23995074.993344825	6195.241005776604	6649.912112973757	1.171586	32.227364	0.1294809371340131	0.0694628002168779	-0.0390294389	0.1451763568	0.0657561656	0.0091809239	-0.0371237399	-0.0137569185	-0.0370413411	0.0236715822	0.0627137197	0.0309856176	0.0908179349	-0.136102323	0.0482163784	-0.0933572591	0.0496528043	0.0998010619	0.1040825808	0.0729882721	0.0681672298	-0.0708746712	-0.0305149972	-0.0810133213	-0.0168303832	-0.066175493	0.0548684175	0.1843484752	-0.0786000321	-0.0322316827	0.0436188816	0.1197638017	0.0598724317	-0.0310396265	0.0456088291	0.0042808052	0.077502065	0.0142656012	-0.0984239261	0.0751306008	0.1205591696	0.0657626611	0.1151525224	0.1465401962	0.0536126608	-0.125298035	0.0016416398	-0.034501721	-0.0737663392	-0.0661537784	-0.0690941628	-0.0213936875	0.058821496	-0.0461889917	-0.0094627908	0.0217242839	-0.0016339782	-0.0567911709	-0.0313966691	-0.0467275202	0.0002281466	0.0877323556	-0.0577976948	-0.0431150964	-0.0877352523	0.0697390521	0.0091117463	-0.0226003019	0.0783335933	-0.0460601972	-0.027103725	-0.0483193445	0.0256557605	0.1189119828	-0.2059925407	0.064760736	-0.0671377321	-0.035040198	-0.0625445254	-0.0225700025	-0.0588070211	0.0591600972	0.0603337356	0.0342726824	0.0227539189	0.1680071196	0.0548222474	-0.0842955066	0.0466597401	0.1148656133	0.0014505952	0.0432047567	0.12736321	-0.0224704924	-0.0880186844	-0.0350131349	0.1165500248	-0.0641902188	0.1342118475	0.036651761	-0.0200210495	0.0959895891	-0.0703895576	0.0217003319	-0.0233901036	-0.1454870246	-0.018009273	-0.0265798998	0.0067956694	0.0991025182	0.0187669904	-0.0188302698	0.0475169233	0.0180658025	0.0243160739	-0.0037260541	0.1268157731	-0.0623661445	-0.0586898029	-0.0839366825	0.071367843	-0.1400580335	-0.0391638377	-0.0840100653	-0.2011906566	0.0215249961	-0.068254899	0.0752936425	0.0332370646	-0.0269755523	-0.1475836578	-0.0302287266	-0.0062012228	0.034227016	0.0232595974	-0.0283102671	0.0492863503	-0.056523246	0.0404418651	0.0168309791	-0.0822630816	0.0696617879	-0.0048251825	-0.0807030044	-0.1308590971	0.0311378984	-0.0397318071	0.0294591684	0.0298505271	-0.1153601253	-0.1406377441	0.0791259239	-0.109245792	0.1377529103	0.0666750447	0.0184667151	0.0650312818	-0.1345530659	-0.1081607296	0.004395067	-0.0218441627	0.0502957272	-0.0607008829	-0.0692759921	-0.0254029	0.0642123783	-0.0992062272	-0.0022279923	-0.0106328473	0.1354643454	0.0295565354	-0.0561331328	-0.0069307651	0.0758137976	0.0300246349	-0.0269929964	-0.0739159167	-0.0931961179	-0.077623283	-0.033021266	0.0239298853	0.0719318531	0.0	-0.0026360130577671	-0.0049802017080224	2.4802409052589236e-05	6.948564840718657e-06	-0.0440890994316447	0.0480630159533177	0.0019438486886934	0.0023100535025288	-0.0752834877137047	-0.0049706414694981	2.470727661829428e-05	0.0056676035223395	-0.0135084832923158	0.000500227488206	0.0001824791208587	2.502275399569834e-07	-0.003519989818101	-0.0006291088615869	3.9577795972729094e-07	1.2390328319534711e-05	-0.0039519741366443	0.0003000052102703	1.5618099576705458e-05	9.00031261893869e-08	0.0	0.0	0.0	0.0	0.0	0.0	0.0	0.0	0.0	0.0	0.0	0.0	0.0	0.0	0.0	0.0	0.0	0.0	0.0	0.0	0.0	0.0	0.0	0.0
5204.738422354789	20.283073104109462	411.4030545466487	27089302.045136217	14402.550793770031	25.602343123997343	207433469.36712572	655.479973438894	4900.474254390671	1.9974510011907116	3.989810502157775	24014647.91794581	6198.452395236216	6634.028229632751	1.255436	34.533852	0.2179812429779999	0.1025176231866486	-0.0515457443	0.0461187599	-0.0350568633	0.1058112331	0.1092078604	-0.0818451067	0.0794999818	-0.1049326646	-0.0301637928	-0.0845504945	0.098515227	0.0111635753	0.0243390083	-0.0987494752	-0.0224985878	0.1063075813	0.0122594511	0.1329141687	-0.0026860062	-0.0642646767	0.0509631158	-0.0162069574	0.206430333	-0.0335336196	-0.085791718	0.2152409815	-0.0062333381	0.0049445688	-0.071281474	0.0448443347	0.0276186081	0.0423490018	0.0511343297	0.0524187118	-0.0411959793	0.0342253404	-0.0337409265	-0.0172876166	-0.0673387216	-0.0207981311	-0.0923787262	-0.1173819431	0.0301693374	-0.0653333378	0.0316196225	-0.0780844845	0.0439948866	0.0061261091	0.029253597	0.0036775372	0.0756639913	-0.0858037439	0.1236401334	-0.0054128119	-0.0338111875	-0.0164436194	0.0611894353	-0.0936384102	0.0888673505	0.0229367132	0.0537445282	0.0524760688	-0.0190996873	0.1220780444	0.1150090238	0.0749340016	-0.0020393124	-0.0660600979	-0.0112558297	0.108966119	-0.0515097454	-0.0314027848	0.1149842842	-0.0847376008	0.0150811836	-0.0272492004	-0.0067764396	0.0683106684	0.0395186268	0.0099719063	-0.0633639681	-0.0098992426	0.0069013702	0.093465473	0.0208433723	-0.0212500674	-0.0036280151	0.0100893448	0.0723475693	-0.1203790786	0.0015321336	-0.0371642606	-0.0999817468	0.12952342	0.1034011911	-0.0296535845	0.0957861785	0.037613795	-0.0461767436	-0.0842004347	-0.1357544878	0.0175292466	0.0273405026	-0.1210740006	-0.0885767395	-0.0199714081	-0.0585996108	0.042617257	0.0622845436	0.0209772512	-0.0060460011	-0.0829154476	-0.0778748948	-0.0164245043	0.0464343697	-0.0797470258	-0.0142131796	0.0832179393	-0.0675758425	0.025491292	-0.0108406941	0.0572158817	0.133410305	-0.0772538691	-0.078912836	-0.0499017544	-0.0510264053	0.0047513863	-0.0511230565	0.0500641217	-0.0388874524	0.0079311514	0.030321162	-0.1030260626	-0.0699849016	0.0972352837	0.0319425154	0.1009217873	-0.0063329252	-0.0999819928	-0.0046770435	-0.0321038662	-0.0826605169	0.0784792488	0.1989022869	-0.0322427207	-0.0284277936	-0.092360836	-0.0718438729	0.0952789872	-0.205891211	0.1514726586	-0.0266396591	0.0198824716	-0.0397479544	-0.1087090772	0.037159687	0.0702303885	0.0288907537	0.0740641361	0.0307911472	0.0195365248	-0.0402017907	0.1204587779	0.0554069273	0.0039481658	-0.0473721997	-0.0545766471	0.0698642381	0.0971360626	0.0865536138	0.0750651311	0.0276019556	-0.0306268741	-0.0769102337	-0.0931961179	-0.0731325059	-0.0245448544	0.0336160831	0.0786656624	0.0	-0.0002330929328593	0.0024029201249078	5.7740251266869175e-06	5.4332315348950136e-08	-0.124477311060744	-0.0803882116290993	0.0154946009689132	0.0064622645689248	-0.0298015342443918	0.0454819534693129	0.0020686080913847	0.0008881314433196	-0.0122363833494886	0.0012720999428272	0.0001497290774756	1.6182382645409668e-06	-0.0031971816303946	0.0003228081877063	1.0420512605029028e-07	1.0221970377732672e-05	-0.0037527191120843	0.0001992550245599	1.4082900734202775e-05	3.9702564812406057e-08	0.0	0.0	0.0	0.0	0.0	0.0	0.0	0.0	0.0	0.0	0.0	0.0	0.0	0.0	0.0	0.0	0.0	0.0	0.0	0.0	0.0	0.0	0.0	0.0
5197.306884860595	-7.431537494193435	55.22774952760284	27011998.855419345	14403.05221072466	0.5014169546284393	207447912.9848605	0.2514189623888583	4898.376333680393	-2.097920710278231	4.401271306614317	23994090.70636017	6190.394445467678	6664.656543003178	1.170384	32.194309	0.0950126941527092	0.0524496032181108	-0.0484377841	0.0290518673	-0.0961620948	-0.0505010505	-0.0312408713	-0.042000877	-0.0434700148	-0.0449571956	0.080898608	0.002896736	-0.041509546	0.0170366002	-0.0174385021	-0.1678027641	-0.0022695092	0.1111421587	0.0614544988	0.0017425497	0.0009070223	0.0577876145	0.0929979011	-0.0451228021	0.1089027872	-0.0476676055	-0.0238361303	0.1882275242	0.0317178769	-0.0170741018	-0.039267257	-0.0210817128	0.0892594516	-0.0147134909	0.0280229171	-0.0703127255	-0.1214344657	0.0869686766	-0.0062783919	-0.0247541629	-0.0668978558	0.0329513669	-0.0204431563	0.0050264348	-0.0686980284	0.0996406865	-0.0899563089	-0.0656678077	0.0506275653	-0.035170523	-0.0281565529	0.112532379	-0.0622463387	0.1194871435	-0.0818420688	-0.0373788647	0.0091949249	0.070178062	0.0179202287	0.1266699605	-0.0152291665	0.0855842893	0.0372892633	-0.0417248168	-0.0810558796	-0.0087457965	0.0448620438	0.003562483	0.0279652477	0.0247034661	0.0275734955	-0.0616788146	0.098769073	0.1855522971	0.020272601	-0.1338725019	0.0745952135	-0.0004436132	0.0290891087	-0.0091279383	0.0078549289	0.0633661836	0.1033733411	-0.1184241996	0.0339186878	-0.0695260203	-0.0486282812	-0.0903483881	0.0315591542	-0.0822522944	0.0563501754	0.0268392982	-0.0011100383	-0.0973460366	0.0233433293	0.0464893312	0.0657137815	-0.0650484534	0.0785512765	0.1364643879	-0.0439998164	-0.0280154325	-0.1620204379	-0.0203118198	0.0100662382	0.0073524289	-0.0470924086	-0.0335121291	-0.1374875958	0.0635371915	0.056103079	0.020801678	0.0292771166	-0.0896411216	0.0096897506	-0.1544080651	0.0388241312	-0.0079354772	-0.045220887	0.0459858286	-0.0589855763	0.0015569471	-0.0109502686	-0.0391523091	-0.0067531279	-0.0308521401	0.109306441	-0.0854100212	-0.1005153824	0.0527014164	-0.0239425496	-0.0234616339	-0.0335764201	-0.0605653772	0.1887594653	-0.0008699698	0.0893459506	-0.030043837	0.0066078788	-0.0707203375	-0.0163040865	0.0835875112	0.0335256332	-0.0422201139	0.1205534961	-0.0597042065	-0.0525727608	0.0191908519	-0.1329335422	-0.0798634871	-0.0483148075	0.1396058249	-0.1858152379	0.0675829558	0.0731746737	-0.0030463817	-0.005752389	-0.0317837934	0.0539756632	0.1043371251	-0.0695128585	0.1274618584	-0.003875642	0.0124379789	-0.0356677902	0.032742445	-0.0489067232	0.0307565619	-0.1100250824	0.0071797513	0.0450192871	-0.1386437106	0.0005848438	0.0743024598	0.0251586786	-0.0342093323	-0.0796750203	-0.0927615946	-0.0681508051	-0.0158442251	0.042901286	0.084212153	0.0	-0.0013322395426769	-0.0010991466098176	1.2081232698735232e-06	1.7748621990719556e-06	-0.1449862939236368	-0.0205089828628927	0.0210210254257112	0.0004206183780704	-0.0327972921628756	-0.0029957579184838	8.974565506158396e-06	0.001075662373217	-0.011423239408522	0.0008131439409666	0.0001304903985844	6.61203068730694e-07	-0.0027077704996529	0.0004894111307416	2.3952325489386933e-07	7.332021078790517e-06	-0.0036470980485623	0.0001056210635219	1.3301324175826938e-05	1.115580905951834e-08	0.0	0.0	0.0	0.0	0.0	0.0	0.0	0.0	0.0	0.0	0.0	0.0	0.0	0.0	0.0	0.0	0.0	0.0	0.0	0.0	0.0	0.0	0.0	0.0
5191.104605019734	-6.202279840861593	38.4682752243581	26947567.02025709	14327.892790339543	-75.15942038511639	205288511.81146383	5648.938472626649	4895.645325037226	-2.7310086431671152	7.458408209053488	23967343.148558848	6183.182625531887	6643.153047498631	1.173557	32.281586	0.2564237886827664	0.109271476404192	-0.0340176263	0.0548998127	0.0690660937	-0.0268052012	-0.0281803781	-0.0302044403	-0.0339581861	0.0656684655	-0.012735135	0.0191576378	0.0266947007	0.0506608775	0.0810905827	-0.1075721562	0.0307869019	0.0481730599	0.042371718	0.0248853319	0.065777815	-0.0361379482	0.0458595122	-0.0209407884	0.010034666	-0.1050109574	0.0050712523	0.0843980249	-0.1031440156	0.0193899296	0.0392484643	0.0036257341	0.0188598797	-0.0029426744	-0.0922682935	0.0232345205	-0.0160730838	0.1264341685	0.0307633674	-0.0329547688	-0.0160704383	-0.0832662666	-0.0729937933	-0.0353751459	-0.0128577422	0.0297613551	0.0848730566	-0.0292372128	-0.0138039744	-0.0665129369	0.0191630102	0.00096856	-0.0643131448	-0.0490097662	-0.0174693528	0.1129575574	0.0119411878	-0.0659549524	-0.1178827855	0.0029524909	-0.0500088619	-0.035404159	-0.0061972282	-0.0402631716	0.1516793683	-0.0267848861	-0.0803013339	-0.0901491032	0.0678256958	0.0549791353	0.0203797648	-0.0148272546	-0.0847072124	-0.1291490229	0.0244163967	0.0319564786	0.0190543364	0.1769743464	-0.0327325157	0.0340154643	-0.0409278164	0.0223493761	0.0767937999	0.0156110229	0.0578380378	-0.0109226155	0.0703999434	0.0132499512	-0.0293935593	-0.1823099131	0.0222353385	0.045573265	0.0210762277	0.000321728	-0.0741089815	0.0253246314	-0.0412031594	0.0510472968	0.0916874589	0.0919577611	-0.0091228521	-0.0016453632	-0.0834832113	0.0290709956	0.0230863968	-0.0460945315	-0.0659859073	0.0099536936	-0.0265362797	0.0246758671	-0.0184859925	0.0376163698	0.1101914668	0.0110800465	0.0167755442	-0.0096772609	-0.1023057398	-0.121845664	-0.0801656078	-0.0702424161	0.0880783136	-0.0024629161	0.1195672153	0.0204392482	0.0960643811	-0.1226037843	0.070663849	0.0242240292	-0.0559816443	0.1081239287	0.0680658816	-0.0371519761	-0.0121099117	0.0607769376	-0.0652693372	0.0832456611	-0.0219015634	-0.0089463231	0.0154704875	0.0517015799	-0.0574518804	-0.0208174562	0.0053678499	0.0251674585	0.0902974258	0.0016674517	-0.0101332952	0.0823484128	0.0089853727	-0.0502581541	-0.0538493649	0.0636338668	-0.0678390388	-0.0016020067	0.0620154392	-0.0127585191	0.0446388614	-0.0250878567	-0.0616317079	0.0301933336	-0.0057923643	0.0584282267	0.0385010287	-0.0874302436	0.0045156806	-0.0950720893	0.0468444658	-0.0472082081	-0.0957256278	0.031117665	0.0471998189	0.0769113813	-0.0219983542	0.073525926	0.0226966273	-0.0377343563	-0.0822020253	-0.0918945739	-0.0627116218	-0.0069988586	0.0516747337	0.0884876105	0.0	-0.0197589712469437	-0.0184267317042668	0.000339544441301	0.0003904169447375	-0.1021843834435713	0.0428019104800655	0.0104416482197428	0.0018320035407435	-0.0847118220597096	-0.051914529896834	0.0026951184144092	0.0071760927966759	-0.0121103783658711	-0.0006871389573491	0.0001466612641645	4.721599467068102e-07	-0.0015110395488211	0.0011967309508318	1.4321649686787849e-06	2.283240518101473e-06	-0.0046288404724134	-0.000981742423851	2.1426164119052303e-05	9.638181867890318e-07	0.0	0.0	0.0	0.0	0.0	0.0	0.0	0.0	0.0	0.0	0.0	0.0	0.0	0.0	0.0	0.0	0.0	0.0	0.0	0.0	0.0	0.0	0.0	0.0
5205.079521569922	13.974916550188029	195.29829258471923	27092852.825866565	14441.859302383817	113.96651204427326	208567300.10985	12988.36586753748	4906.023652786718	10.3783277494922	107.70968687587984	24069068.08170273	6207.446909743607	6655.524144261043	1.235977	33.998596	0.2426998843927443	0.1625219042050218	-0.0616432991	0.0176639059	0.0052613167	-0.0113227538	0.1113559746	-0.084747296	-0.0593508114	-0.1075161071	0.02458824	-0.0974664839	0.0367475533	-0.0757318713	-0.0591807625	0.0011204652	-0.0614710894	0.1115026173	0.0167375796	0.018197971	0.0014499041	0.0091115683	-0.0440443793	-0.1186043802	0.1499901162	0.036915365	0.0152504733	0.0534458441	0.0957718228	0.1126282609	0.0535644866	-0.0070176562	0.0617424131	0.001539822	0.0082986406	0.15764185	0.0177308393	-0.0848889642	0.0161755894	0.0072642547	0.0353704922	-0.126918087	0.0749758359	-0.0553891848	0.0137756124	-0.0277930542	-0.1068868864	0.0718982233	-0.0938618101	-0.0787480095	-0.1628859437	-0.0499353569	0.0483362554	0.0116881511	0.0433696025	-0.0576480025	0.0412832586	-0.0048827536	-0.0106176101	-0.0565530497	0.1071660917	0.0582102863	0.0545759331	0.0048756623	0.0119951158	-0.1385837543	0.0318710901	0.0268659235	-0.0935537559	-0.0458301594	0.1973190291	-0.0191496031	0.0662307966	-0.0950981915	0.1001229619	0.0603434218	-0.0731745902	-0.0892742524	-0.0434144774	-0.0191992187	0.0040710566	0.0026474049	-0.0524119044	-0.1045542819	0.088178278	-0.09507101	0.0585361277	0.0788369814	-0.0845387753	-0.0213984135	0.0826658363	0.0189131141	-0.0423835699	-0.0788224746	-0.0795112457	0.0444492086	0.1742672264	-0.0874328077	0.0031537038	-0.0578821004	-0.0875544292	0.0706651241	0.0038234695	0.1706194627	0.0086662257	0.0140734264	-0.0346298524	0.0314871571	0.0132665568	0.1224194007	-0.0578414049	0.0391074199	-0.0514030499	-0.0176302738	0.0422493381	-0.0193960723	0.0430583137	-0.0172800719	-0.090677255	0.0541972046	-0.0637561246	0.0965672714	-0.0042218564	0.04892996	0.0211659145	0.1105646745	-0.028723236	0.031441657	0.0404198353	-0.1558471769	-0.0272290797	0.0559483464	-0.0478327251	-0.0844406128	-0.0096147357	-0.1989699731	-0.0220803502	0.0197703148	-0.0116480524	-0.0360474985	0.023873299	0.0690650876	0.051550597	0.0090733402	0.0423861169	0.0538662546	-0.0907979757	-0.076023469	-0.0338499566	-0.0885008583	0.0027375889	0.1461268612	-0.1280411076	0.0700653052	-0.0585762388	0.0378611157	0.0729718873	-0.0895620727	0.0571827849	-0.0687439244	0.0062548178	-0.0058032712	0.0549291274	-0.1104721876	-0.1652271229	0.0043957042	-0.0930376215	0.1090043932	0.0236300227	0.0100760807	0.0282970596	0.0216649017	0.0374824403	0.0727356746	0.020217639	-0.0411960279	-0.0844837072	-0.0905990982	-0.0568514682	0.0019104426	0.0598317709	0.0914275044	0.0	-0.0328835746530273	-0.0131246034060836	0.0001722552145669	0.0010813294819612	-0.078131402480821	0.0240529809627502	0.00610451605362	0.0005785458931944	0.0639327963175659	0.1486446183772755	0.0220952225725258	0.0040874024449833	-0.0127095518691488	-0.0005991735032776	0.0001615327087145	3.590088870300705e-07	-0.0019586020488482	-0.0004475625000271	2.00312191430508e-07	3.836121985752367e-06	-0.0047196581020413	-9.081762962790016e-05	2.2275172600164083e-05	8.247841851230447e-09	0.0	0.0	0.0	0.0	0.0	0.0	0.0	0.0	0.0	0.0	0.0	0.0	0.0	0.0	0.0	0.0	0.0	0.0	0.0	0.0	0.0	0.0	0.0	0.0
5192.593536718684	-12.485984851237845	155.89981770534095	26963027.63757265	14476.673649714545	34.8143473307282	209574079.96033943	1212.0387800645815	4907.834908004806	1.8112552180873536	3.280645465048667	24086843.484230537	6196.940231373712	6539.547380833161	1.525075	41.950947	0.4074811531247326	0.1901948610913848	-0.1806040593	-0.1538694804	-0.1343857212	0.0068883043	-0.0479472923	-0.1765493344	-0.0434175777	-0.2321819768	0.0218408803	0.0047786362	-0.0884112295	0.0086897778	-0.2374444302	0.0593560377	0.0065512687	0.1409555297	-0.1248982175	-0.0088202251	-0.1302830456	0.0561440666	-0.0453865624	0.0260316694	0.1464783458	0.0358397251	-0.1094135777	-0.08649177	0.1089232395	0.1094003978	0.0521682743	0.0021659239	-0.0079448166	0.089971001	0.0441886835	0.0022106908	0.1825403324	-0.2781688693	0.0510795228	0.1458773388	0.0569742271	-0.0346341262	0.042834378	0.0087135877	-0.0506445682	0.0975140593	0.0024621853	-0.0070903729	-0.074021875	0.079948247	-0.0398903931	-0.0540318392	-0.0852212364	-0.0618722439	0.0181754368	-0.1009014833	-0.0254380861	-0.1104065492	-0.0720600023	0.0208095329	-0.0330226171	-0.0443184992	0.2019461526	0.1714325317	0.1157038404	0.0195197978	0.0085033955	-0.0806867761	-0.0740775901	0.013623124	-0.0844744667	0.0093667286	-0.1336980281	0.0591745677	-0.0461901774	-0.0231577459	0.0514068166	-0.0342608542	0.0457174999	0.1076897366	0.0769527512	0.0551230859	-0.0512170727	0.0570955418	-0.0647581451	0.002787998	-0.1179775812	-0.059731222	0.0141227678	-0.0198575249	0.2012251888	-0.1220573042	-0.1806480489	-0.1795039893	0.0111571618	0.0873673128	-0.0080227159	-0.1100637934	-0.0091835959	-0.0284958954	-0.09641929	-0.0885829281	0.1878730181	0.0953729554	0.090084773	-0.0059996825	0.2057642352	0.0102252589	0.0285109493	0.0640931921	-0.1831067673	-0.177592598	-0.2833581883	0.032429412	0.1332233932	0.0846043308	-0.1403861872	-0.0668337217	-0.0035907999	-0.0032195193	-0.0401759638	0.0172490838	0.0309645775	-0.2050927158	0.029619494	0.1535760923	0.0840487665	0.0510365964	-0.042685553	0.0125891382	0.0160819527	-0.111021605	0.0258493483	0.0359856199	0.10325532	-0.0040690973	-0.0810543573	-0.0433747461	-0.0101551838	-0.0515344563	0.0150666082	0.0129964149	-0.0436292661	0.0206583883	-0.001181106	-0.018863282	0.0709441825	0.0218939856	0.0823720207	-0.0854773817	0.2016836112	0.1555065812	-0.1229497478	-0.0732664736	-0.2653842275	-0.0265897654	-0.0162544946	0.058099264	0.0143708691	0.0056694411	-0.0786349317	-0.0011424835	0.1805632483	-0.1522397034	-0.0861943404	-0.1223143272	-0.0260563239	0.0140584907	-0.0568420711	-0.0552334028	-0.1265195212	0.13325638	-0.0195269089	0.0719318531	0.0177235635	-0.0445885354	-0.0865132565	-0.0888812078	-0.0506096822	0.0108022918	0.0672750948	0.0929874623	0.0	-0.0652219562394549	-0.0323383815864276	0.0010457709236293	0.0042539035757013	-0.0485104275779804	0.0296209749028405	0.0023532615837984	0.0008774021541947	0.1927530645008204	0.1288202681832544	0.0165946614948056	0.0371537438744574	-0.0116976178054678	0.0010119340636809	0.0001368342623227	1.0240105492379395e-06	0.0002710063373925	0.0022296083862407	4.971153555994859e-06	7.344443490689756e-08	-0.0058121462211638	-0.0010924881191225	3.378104369618864e-05	1.193530290423818e-06	0.0	0.0	0.0	0.0	0.0	1.0	0.0	0.0	0.0	0.0	0.0	0.0	0.0	0.0	0.0	0.0	0.0	0.0	0.0	0.0	0.0	0.0	0.0	0.0
5198.54642100887	5.952884290186375	35.43683137234775	27024884.891384136	14342.450860126202	-134.2227895883425	205705896.67513484	18015.757244876462	4898.231324918559	-9.603583086246545	92.22880809444072	23992670.11241342	6193.171930180626	6663.096242119284	1.682379	46.277988	0.3580881355189382	0.2259898732480168	-0.0535606046	-0.0127820714	-0.0544944895	-0.0687680785	-0.0955940245	-0.0723986358	-0.0652970097	0.0017348702	-0.0421922716	0.0711053212	-0.1160202992	0.1323986396	0.1115927437	-0.043521284	-0.0128644521	0.0670282749	-0.0076518419	-0.0241598	0.0501298271	0.1113289554	-0.0423147171	0.0479928161	0.01592211	-0.136368072	-0.0677992127	-0.0557906222	0.1121345202	-0.0794988232	0.1038587482	-0.0813600757	0.0592022399	0.1008183366	-0.1002650932	0.058600591	-0.1497210378	-0.0272338965	-0.0902370501	-0.1981861547	0.1647201893	0.0111186634	0.0954724652	-0.0180081104	0.0145232415	-0.078772681	0.0410146667	0.2037523654	0.0822234515	-0.1194344486	0.1360530897	-0.0791435938	0.1444223237	0.0328173482	0.027213498	0.1800687197	-0.0473366977	0.0158146286	0.0724429114	0.0479298937	-0.0306301586	-0.0062952278	-0.0128908825	-0.02945941	0.0750900593	0.0215555922	0.0030435662	0.0483646291	0.0436707061	0.1771621795	0.1618696673	-0.1330103039	0.0503211169	0.0427022705	-0.0020796693	-0.0283398063	-0.0153570341	0.0567952982	0.0081221136	0.107924028	0.011154112	0.0175976698	-0.0097030669	-0.0327628159	0.0374149161	0.0286208945	0.0297072282	0.0016996114	-0.0903818236	0.084653842	0.0573644063	0.07123973	-0.0694306256	-0.0687477886	-0.0081051529	-0.0186644239	-0.0851212121	0.119912105	0.0504634159	0.1282469679	0.0022765319	-0.0228961687	0.1706742437	0.0394142043	-0.042183464	0.0010816415	-0.125674451	-0.0146794199	-0.1521680949	0.0851289353	0.0165932118	0.2825644675	0.2286836304	-0.1659002815	0.0200681273	0.0663833997	-0.0020323263	0.0703028427	0.0447397746	-0.0842669339	-0.0466956494	0.0077037444	0.2022980634	0.2103666712	-0.1509545664	0.0173425383	-0.0462830838	0.0905504403	0.1599932163	0.0276147947	0.0682934097	0.0362327766	0.2299062544	0.0085016687	-0.0353566753	0.0213465878	-0.0255164756	0.0412664548	0.0437967185	-0.0670985611	0.026003925	-0.0901160286	-0.0091537286	0.1494156013	0.0841056397	0.0326637443	0.0174842006	0.0252644937	-0.0133913339	-0.0432425912	0.0507894353	0.1307085143	0.0154623191	-0.1019191905	0.0222663471	-0.0490971178	-0.035260731	0.1182041918	0.0339851818	0.0479958721	-0.1240902546	0.0534684641	0.1182963988	-0.16715964	-0.0652638307	-0.2356508294	0.0490342847	-0.0586899943	-0.0845337575	-0.0560139345	0.023599835	-0.0446300306	-0.0958478694	0.0711146114	0.015216262	-0.047906183	-0.0882846163	-0.0867489121	-0.0440281638	0.019595462	0.0739159167	0.0931439394	0.0	-0.0435318238392028	0.021690132400252	0.0004704618435404	0.0018950196867673	-0.1456213902587251	-0.0971109626807446	0.0212055893008839	0.0094305390727809	-0.005265093464871	-0.1980181579656914	0.0392111908841255	2.772120919382732e-05	-0.0112742393155802	0.0004233784898876	0.0001271084721449	1.792493456995057e-07	-0.0001257722191212	-0.0003967785565137	1.5743322290909546e-07	1.5818651102671142e-08	-0.0058069256181201	5.2206030436994025e-06	3.372038513437951e-05	2.7254696139883463e-11	0.0	0.0	0.0	0.0	0.0	0.0	1.0	0.0	0.0	0.0	0.0	0.0	0.0	0.0	0.0	0.0	0.0	0.0	0.0	0.0	0.0	0.0	0.0	0.0
5194.011414375312	-4.535006633558623	20.56628516642072	26977754.572661027	14382.730489095053	40.279628968850375	206862936.3219444	1622.4485098682503	4904.275232639701	6.0439077211422045	36.52882054168236	24051915.5574832	6192.694716481942	6619.575120420249	1.330633	36.602337	0.2551551459962513	0.1322419291016683	-0.0809795149	-0.0386491799	0.0519111226	-0.099358396	-0.058908203	-0.0631995856	-0.0937129275	-0.0290111832	-0.0262564215	0.0179392425	-0.0342360849	-0.0563661066	-0.0775650709	-0.0942185724	-0.0711886368	0.0483125915	-0.0586119294	-0.0746481271	0.0049755365	0.0774308789	0.0010184905	0.0061713283	-5.62234e-05	-0.1192572513	-0.0332011294	-0.0440488533	0.0661812354	0.1408491278	0.0599709627	0.1334080405	0.0024474655	0.0583064609	0.0041480173	-0.1152534841	0.0318814408	0.0329985626	0.0485992763	0.0413334584	-0.0029642139	-0.0023215476	-0.2317860844	-0.044263048	0.0100686085	0.002307991	0.0353489124	0.0131409005	0.0635391001	-0.0789629515	-0.0114264648	0.0862759103	0.0619082743	0.0744951302	0.0640890918	-0.0122595773	-0.0955544382	0.049979449	0.0544830661	-0.0402656833	-0.0953528027	0.1088484785	0.0216262899	0.0711656922	0.0643621566	-0.0582051329	-0.0022438705	-0.0071333681	0.0676663792	-0.0759700418	-0.0424877518	0.0043208186	-0.1198546603	-0.0753395383	-0.1702527891	-0.0061376957	0.0305996465	-0.0786080106	0.0164964474	-0.0471500766	-0.1123502383	0.0706044703	0.0016219872	-0.0699080268	0.0464069169	-0.0914776713	-0.0803527214	0.0581572382	0.0392399772	-0.0299888829	0.0787843529	0.0542116622	-0.0775814227	-0.0364052842	0.0003440956	-0.0694210981	-0.0327330725	-0.1321040125	0.0263030318	0.0612238671	0.038332723	0.0454536206	0.0359698376	0.0901533802	0.1010305045	0.0787707164	0.0271541713	0.064309085	-0.0745926072	-0.0091162705	-0.082933775	-0.0157592409	-0.0968186392	0.1704810091	0.0259031347	-0.0891789866	0.0176108323	-0.0238981288	-0.0348435558	-0.0412076213	-0.0287885665	0.1436420558	0.0269005149	0.1169058564	0.0344747202	-0.1032898347	-0.1119523633	-0.0032335119	-0.0968604447	0.0003541159	-0.0381197484	0.0506951956	0.0204777284	-0.0255257217	0.0688281169	-0.00697201	-0.1038690798	-0.0316051723	-0.0611157887	-0.0157086093	-0.1424343472	-0.0003655946	0.018698621	0.0904940188	0.0392399859	0.0586009196	0.117074929	0.0984437621	0.0038480688	-0.0403709706	0.081496341	0.1082620499	-0.1018205329	-0.0811515673	-0.0702348755	-0.0273199603	0.1277571524	0.019953989	-0.1185401367	0.0337787382	-0.05324342	-0.0375829738	0.0857619069	-0.1361490017	-0.0238446342	-0.0851710284	-0.0239463943	0.053458663	-0.1141871867	0.047616252	-0.099048448	0.182319486	-0.0946949076	0.070284102	0.0126976055	-0.0511434007	-0.0897925	-0.084212153	-0.0371510932	0.0282096273	0.0796750203	0.0918945739	0.0	-0.0394354687433207	0.0040963550958821	1.678012507155928e-05	0.0015551561950054	-0.0660923305219682	0.0795290597367568	0.004368196153825	0.0063248713426126	0.0696501256646513	0.0749152191295223	0.0056122900572243	0.0048511400051017	-0.0120716194576973	-0.0007973801421171	0.0001457239963314	6.358150910426888e-07	-0.0011278037203275	-0.0010020315012063	1.0040671294097513e-06	1.27194123158455e-06	-0.0056740470207617	0.0001328785973584	3.219480959381473e-05	1.7656721635935804e-08	0.0	0.0	0.0	0.0	0.0	0.0	0.0	0.0	0.0	0.0	0.0	0.0	0.0	0.0	0.0	0.0	0.0	0.0	0.0	0.0	0.0	0.0	0.0	0.0
5191.893515417724	-2.1178989575873857	4.485495994549735	26955758.275436614	14357.350176532453	-25.38031256260001	206133504.0915765	644.1602657752719	4901.114636570823	-3.160596068878476	9.989367510610078	24020924.68080875	6194.171572818777	6618.233704744473	1.38429	38.078308	0.483163759085167	0.2744565608062591	-0.07843983	0.0287152644	0.0776803879	-0.0004862927	0.0235512014	-0.0556351906	-0.0521983208	-0.0003590556	-0.0206585556	0.0313945122	0.0479283783	0.0796151485	0.0456664153	0.0415044262	-0.0364535291	0.0648505953	0.0120756448	-0.0566052984	0.0275003819	-0.081956512	-0.1108581573	0.0546495647	-0.0713442993	0.0188533293	-0.0105409342	0.0142741501	0.0910529827	0.1009858592	-0.1631678509	-0.177030902	0.0162069444	0.1669702426	0.0486086696	0.0525691311	0.0151182285	0.0938506224	-0.2724185436	0.1052121991	0.1701903223	-0.0413638208	-0.0687332503	0.0848778308	-0.1044257852	-0.0793049949	-0.0728535667	-0.0608039141	0.0234429114	-0.0794569834	0.047390738	0.0221812381	-0.0384441406	-0.0030187284	0.0524036547	0.0315036143	-0.0305246539	0.0771049688	-0.1241361218	-0.0420870424	-0.0308545329	-0.1689633349	0.1101790494	-0.015117264	0.0360454914	-0.0478384839	0.018555473	-0.1096030747	-0.1221703222	-0.1125858474	-0.0318651244	-0.0417325616	0.0091491803	0.0022730123	-0.0638722147	0.1086986942	0.0503487931	-0.0250398225	-0.1270966772	0.0382388076	0.0469284042	-0.045271377	-0.0957225346	0.068708422	-0.0409332791	-0.0519461081	-0.0038583166	-0.0021279621	0.0112066276	-0.0413197525	0.0411169289	0.0597185481	-0.0022184756	-0.0452777782	-0.0614756378	0.0502532406	-0.0338990313	0.1046866345	0.0702086654	-0.1026491537	-0.0474801622	-0.003996759	0.0760875804	0.1179469616	-0.0937108906	-0.031689902	-0.0974793717	-0.2031381942	-0.1878276767	0.0286242891	-0.0956830565	-0.1210910846	-0.0057222216	-0.0552386289	0.0567738951	0.0110240314	-0.0097055289	0.1812035055	0.1976621414	-0.0988088502	0.0708698474	-0.0906030227	-0.1913414291	0.0417737265	0.1020468127	0.1593454431	-0.1739277283	0.1647254319	-0.0593877332	0.0123374935	0.0089658868	-0.1425941325	-0.1125077699	-0.0415540093	-0.1459108254	0.066135187	0.010683452	0.0267039019	-0.0861668206	0.08637723	-0.0385044386	-0.0620493042	0.0133221394	0.02487078	-0.0457843167	-0.1486597232	-0.0606093007	0.0429093794	-0.0325325456	-0.0683070402	0.0139552759	-0.043254506	-0.0217512108	-0.0033190071	-0.031078851	-0.2266871832	0.3114343569	-0.0374797944	-0.080009982	0.1637686946	-0.0105906578	-0.4252910198	-0.0495728772	0.1523471175	0.0967359477	-0.0189735564	0.409692113	-0.0807832491	0.1813404241	-0.1235338787	0.0545307949	-0.2787750103	-0.0686838448	0.0694404798	0.0101694736	-0.0542947536	-0.0910324077	-0.0812827579	-0.0300246349	0.0365660973	0.0844837072	0.0892582227	0.0	-0.0363546950740385	0.0030807736692822	9.491166401342517e-06	0.0013216638539263	-0.1435952543748442	-0.077502923852876	0.0206195970789762	0.0060067032057446	-0.0495544033947226	-0.1192045290593739	0.0142097197482671	0.0024556388958068	-0.01679378832602	-0.0047221688683226	0.0002820313263391	2.229887882095608e-05	-0.0018102060481668	-0.0006824023278392	4.656729370404954e-07	3.2768459368196627e-06	-0.005411107566851	0.0002629394539107	2.928008510003215e-05	6.913715642285715e-08	0.0	0.0	0.0	0.0	0.0	0.0	0.0	0.0	0.0	0.0	0.0	0.0	0.0	0.0	0.0	0.0	0.0	0.0	0.0	0.0	0.0	0.0	0.0	0.0
5197.748241822391	5.854726404666508	34.277821273499214	27016586.785367757	14369.958645082132	12.608468549678946	206495711.4613707	158.9734791682431	4898.228090436272	-2.886546134550372	8.332148586887692	23992638.42593897	6194.115703679498	6669.837768394846	1.469928	40.433994	0.4860327584373756	0.2528052986634576	0.0269985008	0.0411395813	0.0600379355	0.0428229462	0.0598448116	0.035049581	0.0414153741	0.125922434	0.0528069433	-0.0052302543	0.0195754244	0.0107982959	0.027083816	0.0281336408	-0.0196346121	0.0555997707	0.059427378	0.0598190234	0.0798864351	0.0598186279	-0.1606218904	-0.0517082689	-0.1143071552	0.0496605353	0.0961330591	-0.1648180435	-0.1713581712	-0.16760549	0.0080010183	0.0052817213	-0.0679041766	-0.0097302196	0.0359892758	0.111797561	-0.0048865466	-0.0870659906	-0.0897790745	0.0243779117	-0.0864584587	0.0023219151	-0.0017586264	0.12632683	0.0919266206	-0.0939684546	0.0287860116	0.027118647	-0.0346009736	0.0482225711	-0.1118821708	-0.1357047765	-0.0153152575	0.034017652	0.0272641465	-0.1142646285	0.2169581599	-0.0285627397	-0.0390060875	0.0640616868	-0.0158476665	0.0331485517	-0.082867205	0.0191226843	0.062291886	0.1288700674	-0.0262247738	-0.0062131014	0.133303592	-0.0318862348	-0.0194498441	-0.0708164952	0.0140370536	-0.0172883494	0.0684186327	-0.0750204109	0.0390427886	-0.0945165779	0.0983847544	0.0530926684	0.0088379882	-0.0303901026	-0.0190267193	0.0177198365	0.0288363024	-0.1447939027	0.1022799379	0.0532557036	0.1112844757	0.0133455541	-0.0218244051	0.0545697789	0.1118183676	0.0468505854	-0.0261415577	-0.0112948839	-0.0492317965	0.074092709	-0.0645700656	0.0355585161	-0.0862051589	0.1616808643	0.1788532865	-0.1557310297	-0.0764561656	0.0148428886	-0.1125115471	0.1367708111	0.2014138068	0.1210500827	-0.0855450776	-0.0267099607	-0.0292148186	-0.0758106609	0.021368399	0.116013689	0.094453509	-0.1932029962	-0.0326648231	0.0046162265	0.1926548607	-0.0607560555	-0.0503035968	-0.1545967147	-0.0495123347	-0.0867919394	0.0354395034	0.0833277977	0.0567943227	-0.1307127781	0.1554410252	0.1407181035	-0.1259420356	0.0580429641	-0.0478239815	0.075898983	0.1210252564	0.0908997721	-0.0556504702	0.0080026103	0.0221899653	-0.0540229722	0.120068077	0.0377657168	0.0534157233	0.1051008292	0.122784992	-0.0290908859	0.0332653616	-0.0426926623	-0.008056062	-0.0123531216	0.2948655564	0.0578079145	0.0415233443	-0.1285187348	0.0670081712	-0.1423021789	0.0750225267	-0.0362677486	-0.1110359831	-0.0275658594	-0.033054278	-0.1498017353	0.0416838186	-0.2424144319	-0.0053369475	-0.0900567763	0.0253896399	-0.0019057133	-0.043046366	-0.107896228	-0.0153410516	0.0685839023	0.0076337529	-0.0573549508	-0.0920006388	-0.0779743851	-0.0226966273	0.0445885354	0.0882846163	0.085274677	0.0	-0.0753795913754089	-0.0390248963013704	0.0015229425313327	0.0056820827959236	-0.0204113058969142	0.1231839484779299	0.0004166214084174	0.0151742851626133	-0.1895172778263329	-0.1399628744316103	0.0195896062191587	0.0359167985947034	-0.0151257045397627	0.0016680837862572	0.0002287869378241	2.7825035179744885e-06	0.0001807959386954	0.0019910019868622	3.964088911689228e-06	3.268717144875084e-08	-0.0053929725554412	1.813501140980004e-05	2.908415298374199e-05	3.2887863883357767e-10	0.0	0.0	0.0	0.0	0.0	0.0	0.0	0.0	0.0	0.0	0.0	0.0	0.0	0.0	0.0	0.0	0.0	0.0	0.0	0.0	0.0	0.0	0.0	0.0
5205.11506761115	7.366825788759343	54.27012220192971	27093222.867072627	14372.562204527245	2.6035594451132056	206570544.32300505	6.778521784238183	4895.557089790919	-2.6710006453531605	7.134244447477	23966479.21940213	6192.390445948961	6761.935889613715	1.456268	40.058231	0.4086401488061688	0.2260304990950091	0.1044691111	-0.0228226151	0.0838593565	0.0967047423	-0.0265127305	0.0946938493	0.1578227891	0.1399793285	0.1064567395	0.0781820808	0.0694821943	-0.0148291793	-0.182873995	0.1508025634	0.0050921359	-0.0553572153	0.0458924434	0.0322943981	-0.0527244542	0.0606518375	-0.1541018876	0.0954704799	-0.0956371491	0.0723049073	0.2325915888	-0.3537886923	-0.0575593624	-0.0251495189	-0.1443667398	0.1637423083	0.0171389991	0.0996788983	0.0376534949	-0.0772860862	-0.0479335671	-0.1252867209	0.0233570218	-0.1374480301	-0.0342891022	0.0248859762	-0.0976858458	0.0153899096	0.0366989053	-0.0909608705	-0.0991895339	-0.1383070892	0.0105862389	-0.0231477566	-0.0468309995	0.0283189193	-0.0322142426	0.0668417881	0.0109612046	0.0373421404	0.0140168208	0.0929569441	-0.0237664212	-0.0030201207	0.091041254	0.0895196956	0.0184074331	0.029945343	0.0117739264	-0.0128185527	0.0500076979	0.0695671441	0.0983014127	0.0970808043	-0.0364950771	0.0863725679	0.0218489883	-0.0084323058	-0.0300534776	0.0057658212	0.0404352588	0.0803371469	0.0391515053	0.0963959409	-0.0108131961	0.0762994872	0.0834226381	0.0249755175	0.0525623032	0.0842076941	-0.0433254439	0.0671189677	-0.0793344742	-0.0626642802	-0.0822341123	-0.0554889474	0.2006598539	0.0501157672	0.0185689746	-0.0362907621	-0.1992799054	-0.0801312842	-0.2121009283	-0.0498029995	-0.0156107005	0.1630723839	0.1684986001	-0.2815430563	0.0379305393	0.1134197843	-0.0144733533	0.1036892107	-0.0324528279	-0.0238496582	-0.0165863298	-0.0452356489	-0.0797671891	-0.0731191272	0.028823126	-0.1021672208	-0.164104303	-0.003159428	-0.0509959351	-0.0104446368	-0.0981343609	0.0246353048	-0.0908906583	0.0510418643	0.025949138	-0.0787079515	-0.1242901355	0.070658284	-0.0566459777	-0.0220596058	-0.1142132067	-0.0908920362	0.0342773924	0.0483003583	0.054924576	0.0478883472	-0.0118889625	-0.0336070072	0.0381127069	-0.0929953289	0.0350022637	-0.0646475424	0.0973862345	-0.023930362	0.058343851	-0.0624326363	0.1048980819	-0.0272490655	-0.0274772627	0.0565828905	0.0028581988	-0.1450879164	0.4379663637	0.0163470589	-0.0569452424	-0.1236893942	0.1071703595	-0.0619953725	-0.0472152892	-0.0571529964	-0.1558506174	0.1316343139	0.2283565945	-0.0241797738	-0.1483972013	0.1547192674	0.0554607182	0.0517643872	-0.127556095	0.0027327089	-0.0364629676	-0.0922118919	0.0873753713	0.0677145291	0.0050923356	-0.0603188546	-0.0926943039	-0.0743024598	-0.015216262	0.0522036565	0.0910324077	0.0800040612	0.0	-0.0927152823667114	-0.0173356909913025	0.0003005261821459	0.008596123584339	-0.0584192956378046	-0.0380079897408904	0.0034128141028172	0.0014446072841436	-0.3390581412293088	-0.1495408634029758	0.0223624698273074	0.1149604231338738	-0.0129854798553111	0.0021402246844516	0.0001686226870726	4.580561699935954e-06	0.0017779091677148	0.0015971132290194	2.5507706663087747e-06	3.1609610086443328e-06	-0.0050551983754922	0.000337774179949	2.555503061557898e-05	1.1409139664021947e-07	0.0	0.0	0.0	0.0	0.0	0.0	0.0	0.0	0.0	0.0	0.0	0.0	0.0	0.0	0.0	0.0	0.0	0.0	0.0	0.0	0.0	0.0	0.0	0.0
5195.970639073253	-9.144428537897513	83.62057328471441	26998110.882111307	14373.314337314703	0.7521327874583221	206592165.0392564	0.5657037299698255	4898.730403320719	3.173313529799998	10.069918758411722	23997559.564418778	6199.721010841109	6741.106090640945	1.252637	34.456871	0.237219074045957	0.1193719437397866	0.0967089536	-0.0186470569	0.0939222494	0.0949852108	0.0536142141	0.0701380017	0.1184379996	0.11525491	0.0302542221	-0.0106055654	0.0986459766	0.0050515764	-0.0132184057	0.139139697	0.1201095108	-0.074796756	-0.0149697678	-0.0051885003	-0.0128993912	-0.1330816957	-0.0483497367	0.0331491655	-0.0990856041	0.1010693591	0.054044722	-0.0504193433	-0.0285555258	-0.1485240845	0.0588435424	0.0924802472	-0.0123872752	0.1356038229	0.0403833556	0.0325711484	0.0527208138	-0.0510964717	0.1548288289	-0.022213009	-0.0417331988	0.1086623649	0.0440249182	0.1549291802	-0.0277312218	0.1912251383	0.0227653803	0.0394129891	-0.0647118051	-0.1465786461	0.0744913597	0.1122465869	-0.0538486245	-0.1995611273	0.0246090525	-0.010055162	-0.0229466874	0.0888269398	0.0735523733	0.0074251396	0.0479940279	0.0210496292	-0.0467682167	0.0276736349	-0.0270902467	-0.179238325	0.0151916686	-0.0371740739	-0.0333278593	-0.0362765802	-0.0068471456	0.0143376038	-0.0220933273	0.0361739242	0.086010224	0.0422868254	-0.0735893383	0.0246322897	-0.0050260909	-0.0228693072	0.0905047832	-0.0398748911	-0.0772123509	-0.0630294937	0.0504379441	0.0692501239	-0.0920067973	-0.0214739788	-0.0921537732	-0.009860621	-0.0633727032	-0.0539876318	0.1200639769	0.127166974	0.0216993273	0.0181686706	-0.0631130231	0.0422730924	-0.0368085509	-0.130435315	0.0814744039	0.0146129956	0.0446134536	-0.1300437737	-0.0229814481	-0.1749681843	0.0543000565	0.10211549	0.0590169414	-0.0349259444	0.0554010208	0.0970199382	-0.0434139629	0.066352906	0.0431832817	-0.0710618519	-0.0983837766	0.1877769119	0.0036319535	0.1155272239	-0.0559563707	-0.0324157867	-0.0887900572	-0.0355200357	-0.0392042829	0.0587346972	0.0846889971	0.1342804019	-0.0110183603	0.0716116421	-0.0397994163	0.1416920758	0.1014314323	-0.1177998175	0.0076032261	-0.1092833969	-0.0519722452	-0.0278705771	-0.0952653975	0.0382841308	0.0956971176	0.1214434278	-0.0009869003	0.0161863148	-0.0152429478	0.000376829	-0.0373206996	-0.0068432061	-0.030725856	0.0936400709	-0.0118023895	-0.2526310972	0.1218938412	-0.001199865	0.0121253381	-0.0408411648	-0.0704830842	-0.2036681939	0.0654672158	-0.021328827	0.0067609187	0.1163675026	-0.1095782596	-0.14392557	0.1782142634	0.0456072396	-0.0581791523	0.0536429605	-0.0060500823	-0.0479225649	0.1047869737	-0.1177002793	0.196398021	0.0668325226	0.0025471182	-0.0631814888	-0.0931113328	-0.070284102	-0.0076337529	0.0593418965	0.0926943039	0.073525926	0.0	-0.0660004630288426	0.0267148193378687	0.0007136815722549	0.0043560611200216	-0.0044655351453428	0.0539537604924618	1.9941004134291743e-05	0.0029110082712779	-0.2628338193759774	0.0762243218533313	0.0058101472420002	0.0690816166077639	-0.0131553098297997	-0.0001698299744886	0.000173062176718	2.8842220234798782e-08	0.0007093634549535	-0.0010685457127613	1.1417899402605547e-06	5.031965112235661e-07	-0.0046870506154962	0.000368147759996	2.1968443472223303e-05	1.355327731900726e-07	0.0	0.0	0.0	0.0	0.0	0.0	0.0	0.0	0.0	0.0	0.0	0.0	0.0	0.0	0.0	0.0	0.0	0.0	0.0	0.0	0.0	0.0	0.0	0.0
5194.45473448232	-1.515904590932223	2.297966728809391	26982359.988585792	14383.009759990986	9.69542267628276	206870969.755996	94.00122087177796	4899.818765666452	1.0883623457330032	1.184532595609445	24008223.93637712	6204.546073871516	6688.998657227331	1.024972	28.194395	0.265441288545524	0.1461840639318734	0.046241451	-0.0398513521	0.0441334566	0.0330302484	0.0759450756	0.0237488702	0.0603941951	0.0514773654	-0.0078098071	-0.1013971171	0.0150825082	0.0438795276	0.0212975716	0.1414128484	0.088609717	-0.0931466387	-0.0545201704	-0.0354280198	0.0093160559	-0.0766156035	0.0165634733	0.0017914822	-0.0788735768	0.098352146	0.0673483615	-0.0028241518	0.0045415565	0.0012281991	0.0743910793	-0.002970676	-0.3432568272	-0.0790004295	0.0251277345	-0.1086234195	-0.0917534223	-0.0062661477	0.1065520758	-0.0155051046	0.0025420351	0.1342918223	-0.0233277683	-0.0666044145	0.0212288795	-0.0187683268	0.0669001041	-0.0141298287	-0.1101945963	-0.0335067532	0.0215711582	-0.0043086296	-0.0477466114	0.0072974171	0.0317731213	0.0660815638	0.0786272966	-0.0336680736	0.0400903829	0.0149821047	0.0045083234	0.0447828673	0.1015779235	0.0325933963	0.035925332	-0.0075136979	-0.0259856742	0.0058502696	-0.0173722027	-0.0652257551	-0.0131691104	-0.0273784256	0.0228035549	0.0325793974	0.0815185066	0.0182533401	0.0100604706	-0.0269506531	-0.0279133188	-0.0737000136	0.0095431278	-0.0476300212	-0.0609537619	-0.0774052042	0.0547589587	-0.0467148557	0.0407352355	0.0802278685	0.0448815941	0.1089896263	-0.0343580701	-0.0130632991	-0.0052955332	0.1042414534	0.0417485255	0.0126041009	-0.0186229523	0.0825286582	-0.044968998	-0.1509273512	0.0260701504	0.0039817434	-0.0730263679	-0.0909931651	0.0002969183	0.0620038019	0.1109575186	0.1440440203	0.0206240157	-0.1949293551	-0.095854342	-0.0191482352	0.0190208056	-0.0129431475	-0.0439786818	0.0354081402	0.0924803245	0.0779521358	0.0058631508	0.0540382007	-0.000433301	-0.0774867958	0.1583741163	0.0859304627	0.0282708666	0.0077271097	0.0023090131	0.0800375928	-0.062253296	-0.0041550541	0.0993940655	0.0486447225	0.0029036884	-0.0449585969	0.024979713	-0.0637324404	-0.0551038602	0.0504843897	-0.0585393572	-0.0052168466	-0.1123559363	0.0929538984	0.0364730978	-0.0583099727	0.0245486104	-0.0467847239	0.0218686446	-0.0441573745	-0.0154909289	0.0674971604	0.0183409323	-0.1623209432	0.0699643604	-0.0481945328	0.0397027115	-0.009956535	-0.0955617663	0.0053385181	0.0695794713	-0.0234659307	0.1355907482	0.0171216605	-0.0131855044	-0.0704697366	0.1157915143	0.0116332225	0.0093029107	0.0319463412	-0.0178800243	-0.0610089169	-0.0193278393	0.0456432971	-0.0064395621	0.0659380473	0.0	-0.0659380473	-0.0932504808	-0.0659380473	-0.0	0.0659380473	0.0932504808	0.0659380473	0.0	-0.0537866629699408	0.0122138000589018	0.0001491769118788	0.002893005113442	-0.0883559113887741	-0.0838903762434313	0.0078067670773409	0.0070375952262644	-0.1639538269012064	0.0988799924747709	0.0097772529118107	0.0268808573555507	-0.0138825326328724	-0.0007272228030726	0.0001927247123027	5.28853005308915e-07	0.0011181945030811	0.0004088310481276	1.6714282591311208e-07	1.2503589467207885e-06	-0.0044139620713281	0.000273088544168	1.9483061167123053e-05	7.45773529558522e-08	0.0	0.0	0.0	0.0	0.0	0.0	0.0	0.0	0.0	0.0	0.0	0.0	0.0	0.0	0.0	0.0	0.0	0.0	0.0	0.0	0.0	0.0	0.0	0.0
5180.62358374104	-13.831150741279998	191.30073082801024	26838860.71641386	14409.517760291466	26.50800030048049	207634202.0841552	702.6740799302737	4902.7055284085	2.886762742047722	8.333399128874882	24036521.498287268	6210.517652248732	6594.06232419502	1.130805	31.105568	0.2015056186094129	0.130351027082078	0.0275320248	-0.049637792	-0.0666208774	-0.0563146099	0.0251721344	0.0127391789	-0.0603698944	-0.0129743224	0.0321106336	-0.0457400158	-0.1214893124	-0.0547379438	0.0555819272	0.066517619	0.0456880037	-0.0223490308	0.0216601915	-0.0764046462	-0.018765994	0.0570742103	0.0224509941	-0.125320263	-0.080681832	0.0796349556	-0.0571692832	-0.0607790094	-0.0174675535	0.1693519228	-0.0030408763	0.0606090365	-0.023519858	-0.0416148859	-0.0406581471	0.0701354635	-0.1403499861	-0.0341460064	0.0727881437	0.12787445	0.1550084977	0.0318555545	-0.0099595671	0.1053463581	-0.0496512107	0.049119608	-0.0129429407	0.0437483853	-0.0014896513	0.0446381075	0.0435114399	0.0380026981	-0.0302050449	0.0265641088	-0.0208423572	0.0055726611	-0.0803519865	0.0629733546	0.0528037652	0.0066383538	-0.0689530451	0.0554610937	-0.0821288969	-0.0434363071	-0.1316708179	-0.0624664877	0.1160570392	0.0850711463	-0.031647856	0.0543413364	0.0255880089	0.0957601731	-0.0144530524	-0.1619537201	-0.0092459713	0.084227957	0.0019015739	0.0943791229	0.0732827148	-0.0811778639	-0.0288319841	0.0600735694	0.0834965359	0.0395633903	-0.1797229101	-0.0257395542	-0.037482144	-0.0060155373	-0.000573038	0.0324738022	-0.0167756821	0.0736604917	-0.0343522309	-0.0019873336	0.1187019871	-0.0605255349	0.1274043307	0.0416800543	-0.0631775566	-0.0656647568	0.0290555775	0.0589079955	0.0177420007	0.0437485694	0.1114832988	0.0139952763	-0.0626559318	-0.0089715079	0.0766536075	-0.0475738027	-0.1164291245	0.0686168557	0.0446619662	0.1667074778	0.0637743262	0.029714846	-0.0332953225	0.0951311588	0.0554433277	0.0211870975	-0.0364171378	-0.1108108503	-0.0491464984	0.0252855597	-0.1375112655	-0.0412453547	0.0012143529	-0.1070570157	-0.0191798063	-0.0319516343	-0.1208656468	-0.0573722131	0.052653733	-0.0196053457	-0.0121089069	0.0881980135	0.1096038582	-0.0072772418	0.0470482233	0.0224142156	0.0977728316	0.0447107794	-0.0255729808	0.005043394	0.0117178223	0.0478384428	-0.0111911002	-0.0484829713	-0.1085741966	0.0399649081	0.0479056438	-0.0005282688	0.0664897441	-0.020739642	0.0463874773	0.0307827625	-0.0337141879	0.0754009879	0.0696358646	-0.1154548419	0.0077866597	-0.0679312326	-0.0230163007	-0.0562722257	-0.0230457473	0.1012230994	-0.0478910056	0.0333483682	0.035010766	-0.0243954645	0.0284095593	-0.080673682	0.077580602	0.0650312701	-0.0025471182	-0.0685839023	-0.0931113328	-0.061284559	0.0076337529	0.0719318531	0.0926943039	0.0573549508	0.0	-0.0733001691890393	-0.0195135062190984	0.0003807769249627	0.0053729148031417	-0.0530462321169551	0.035309679271819	0.0028139027418058	0.0012467734502787	-0.038869997996251	0.1250838289049554	0.0156459642535241	0.0015108767442285	-0.0135804386636545	0.0003020939692179	0.0001844283142972	9.126076623782563e-08	0.0011189076231252	7.131200440999366e-07	5.085401972970955e-13	1.2519542690876847e-06	-0.0045431270663369	-0.0001291649950087	2.0640003540882925e-05	1.66835959356232e-08	0.0	0.0	0.0	0.0	0.0	0.0	0.0	0.0	0.0	0.0	0.0	0.0	0.0	0.0	0.0	0.0	0.0	0.0	0.0	0.0	0.0	0.0	0.0	0.0
5174.385750671035	-6.237833070005763	38.910561409257525	26774267.896747448	14363.665834084535	-45.85192620693124	206314896.19324735	2102.399136885868	4896.328499389598	-6.377029018902249	40.66649910792138	23974032.77393479	6201.559088861535	6596.856104491892	1.206936	33.19976	0.1061703784478343	0.0622190146542253	-0.0074955315	-0.056028962	-0.0310254879	0.0675293385	-0.1632765502	0.0139407036	0.0165644294	-0.094087145	-0.1073328281	0.1023476288	-0.0387796876	-0.0388949769	-0.065820797	0.0397867954	0.0277630172	-0.0513902414	-0.067285329	0.0220064764	-0.0946063995	0.0992983582	0.0342961926	0.0518517926	0.0518712293	-0.1061254075	0.0830251756	-0.0091637335	-0.0434636372	0.1095593255	0.0587844347	0.0435195585	-0.0593620518	-0.0193895313	-0.1242174696	0.075284214	-0.0760604629	0.0345958396	0.0564902465	-0.0687468654	-0.144018829	-0.0558324626	0.0757452613	-0.0020382211	0.0177654157	0.0136034842	-0.0232669899	-0.0401495925	0.0054619578	0.075165953	-0.0730555686	0.0002681431	-0.0570372335	-0.0081527111	-0.1013885359	0.0136022747	-0.0504419766	-0.1031955596	-0.0499966907	0.0537504847	-0.0679421282	0.0042229686	0.0369783697	-0.0315508452	-0.1136996915	0.0848694349	-0.0418582035	-0.0145734742	-0.1561686163	0.0190109439	-0.124627761	-0.0369161224	-0.1138967569	0.0026739711	0.0803732204	0.0479531937	0.1172300073	-0.023575358	0.0051580212	0.0242944245	-0.0398175154	-0.1926610831	0.0319161877	0.1057787376	0.082566423	0.0126629851	-0.112395208	0.1055254217	0.0568853837	0.054715652	-0.0166899561	-0.1147160613	-0.0761510674	-0.061404971	0.0206103306	-0.1332445506	-0.0564454651	-0.0525575432	-0.0056484255	-0.0045748925	0.0170756145	-0.0030601639	-0.0508072468	-0.0110466829	0.1026104821	0.0545797875	0.0108850979	0.0488165696	0.0426810423	-0.1347183546	-0.0816156583	0.0811468383	0.1229185191	-0.0576680053	-0.0511178494	0.0878316658	-0.04423748	-0.0308754617	0.0488796452	0.0395299044	-0.0552444433	0.0256666146	0.0166677687	-0.098204173	0.0794452041	0.0469957939	0.0944780657	-0.0720854044	0.0061324636	-0.0145268073	0.06742672	-0.0715763461	-0.0585598205	5.59767e-05	-0.0640875334	0.0368923687	-0.0240717288	-0.0564117154	0.1598260828	0.0282508858	0.0360951222	0.0625393924	-0.1173445384	-0.1207425753	-0.077706993	-0.0380755555	-0.0063417844	-0.1063200385	0.03517628	0.0373143795	0.0823834034	-0.011001919	0.0184303231	-0.0057574915	-0.1042858328	0.0400736318	-0.0373234403	0.1873733669	-0.0218661532	-0.061037467	0.0730583751	0.1117201015	-0.0477102243	-0.0094780703	-0.0098311433	0.0521923786	-0.0751720124	0.0148263257	0.0047023416	-0.0988705596	0.0039006904	0.0132605538	0.1143992584	0.0641123601	-0.0050923356	-0.0711146114	-0.0926943039	-0.0563453339	0.015216262	0.0772685604	0.0910324077	0.047906183	0.0	-0.0725577086893878	0.0007424604996515	5.512475935427567e-07	0.005264621090254	-0.0803891456580743	-0.0273429135411192	0.006462414739635	0.0007476349209171	0.0122583601295076	0.0511283581257586	0.0026141090046358	0.0001502673930647	-0.0136193369505217	-3.8898286867200885e-05	0.0001854863389718	1.5130767212030531e-09	0.0007426309655849	-0.0003762766575403	1.4158412300970022e-07	5.51500751045561e-07	-0.0044191690851183	0.0001239579812185	1.9529055402865315e-05	1.5365581107790662e-08	0.0	0.0	0.0	0.0	0.0	0.0	0.0	0.0	0.0	0.0	0.0	0.0	0.0	0.0	0.0	0.0	0.0	0.0	0.0	0.0	0.0	0.0	0.0	0.0
5186.635690541104	12.249939870069284	150.06102682031306	26901189.786394797	14335.021652143429	-28.64418194110658	205492845.7674209	820.4891590752163	4898.786181173273	2.4576817836750706	6.040199749808276	23998106.048854217	6188.855950032732	6599.1296958523735	1.062332	29.22205	0.1253464949050279	0.0620988555914997	-0.0128616404	-0.0498540602	0.0868005572	0.0083356288	-0.0823688693	-0.0082804807	-0.0054872927	0.0093443946	-0.1389714745	0.010305653	0.0244280734	0.0298072731	0.0459055958	-0.0688164434	0.0050226941	-0.0266333844	-0.0626498481	0.0084196481	0.0261732051	-0.0064416129	0.0129044219	0.0277990019	0.0066792879	-0.1203998384	0.0204354501	-0.0709239977	-0.0283780355	0.0994070488	0.0456283837	-0.050383963	0.0404735542	-0.049927701	-0.0486753748	0.0515473537	-0.071736235	0.0402927265	0.0617068832	0.0365889175	-0.081082377	0.0162616213	0.0097866074	0.0240665488	0.0780772126	0.0595780164	0.0737284836	0.0417502085	0.0743757003	-0.0048873437	0.0595219247	-0.052182232	0.0694032497	0.0349330069	0.006982173	-0.0501288092	-0.0407951216	0.1136521513	-0.1899564059	0.0331172433	0.0707555049	-0.0201735622	0.0090620484	-0.1037987024	-0.0398116252	0.0616898429	-0.0722123677	-0.0915807973	-0.0875861013	0.0392593135	0.022687875	0.0259687009	0.0139526677	-0.0205807848	0.0295902651	-0.0372114743	0.0355007356	-0.0458621432	0.1278668645	0.0485779592	-0.0633060449	-0.0964777628	-0.0910052973	0.0455665671	7.14123e-05	0.0486370124	-0.0142991669	-0.1362261772	-0.0374926121	0.0085470384	0.0093395255	-0.0051978558	-0.051714075	0.040284437	-0.070301053	-0.0518952172	-0.074600098	0.0342576521	0.0558822652	0.0347936603	0.0424139811	-0.0136958878	-0.0135240901	0.0621057136	0.0608235075	0.0548971698	-0.0585248149	0.0357081321	0.0250784358	-0.0351613276	-0.0222156727	0.0030747014	0.131004117	0.0280204271	-0.0174503077	0.0181373161	-0.0812143269	0.0219489408	-0.0821568713	0.0358261749	0.0102969366	0.0602250265	-0.0250024764	-0.0781641659	-0.0305274332	-0.0249933331	0.0243075797	-0.1110917281	-0.0895532773	0.0638161179	-0.1196618748	0.01093907	0.0940293173	0.0466531108	-0.0595439195	0.0302827957	0.0560126119	0.0763432544	0.1060715645	0.0804366768	0.0609610458	0.0264089783	0.0345565088	-0.0101816865	0.0792262363	-0.0669280596	-0.0598841746	-0.0137733822	0.0542547394	0.0385335034	0.0615177366	0.0249051888	0.0052982591	-0.0284681003	0.0528185197	-0.0075486862	-0.0188205446	0.0963316024	-0.0492300545	-0.0223986811	0.1181351996	0.0800505491	-0.026742699	0.0523114412	-0.0087944447	-0.0078164347	-0.0162274802	0.0604046184	-0.0477835273	-0.0372393769	-0.0086519985	-0.0715158888	0.0314668538	0.0631814888	-0.0076337529	-0.073525926	-0.0920006388	-0.0511434007	0.0226966273	0.0818994181	0.0882846163	0.0377343563	0.0	-0.0601902254472719	0.0123674832421158	0.000152954641744	0.0036228632393934	-0.1368680229911234	-0.0564788773330491	0.0187328557174986	0.0031898635848016	0.0229737315573004	0.0107153714277928	0.0001148191848355	0.0005277923416669	-0.0131121690802859	0.0005071678702358	0.00017192897799	2.572192485995185e-07	0.0006181390199082	-0.0001244919456767	1.5498244538370435e-08	3.820958479330701e-07	-0.0041351336429894	0.0002840354421289	1.7099330245382785e-05	8.067613238536e-08	0.0	0.0	0.0	0.0	0.0	0.0	0.0	0.0	0.0	0.0	0.0	0.0	0.0	0.0	0.0	0.0	0.0	0.0	0.0	0.0	0.0	0.0	0.0	0.0
5199.640755543263	13.005065002159428	169.13171571039197	27036263.98670652	14397.084246669672	62.06259452624363	207276034.8057041	3851.7656393289258	4906.76115213649	7.974970963216947	63.60016186415344	24076305.00411581	6201.901825977397	6660.588320557674	0.911734	25.079491	0.0570092133878758	0.033516679948998	0.0042603518	-0.0845611741	0.0636357665	-0.0074828612	0.0567610893	-0.0182432704	-0.056187032	-0.0189663918	-0.0622491418	-0.1123256616	0.0072304015	-0.0042974313	-0.0013067716	-0.0465212403	0.0636107719	-0.0068542904	-0.0779992529	-0.0220245367	-0.0152552797	-0.0441581167	-0.0520887178	-0.0748280794	0.0474045707	-0.0502436906	-0.1010041187	-0.079626094	0.0018915388	0.127359631	-0.0228589351	0.0277090946	0.041463377	-0.0169605358	-0.0462404056	-0.0109890077	-0.0034702432	0.0637207345	0.0713513735	-0.1292573344	-0.1389490514	-0.0300411738	-0.0332393864	-0.0773528664	0.0977418912	-0.047631324	0.0562013802	-0.0929227232	-0.0435122918	0.008502134	-0.0540516367	-0.0073846344	-0.1379328132	-0.0599688584	-0.0402946954	0.0730743591	-0.139823246	-0.0178782603	-0.0955887565	-0.0588532766	0.0039908691	-0.0895999715	-0.0582241063	0.0183703392	-0.0206929325	-0.0005919231	-0.0800879424	0.016466845	-0.0707537032	0.0036850511	-0.0005998162	0.0564573444	0.0778584645	0.0276839643	-0.0526084508	-0.0169628023	0.0172718531	0.0241448184	-0.0122366974	0.0066469179	-0.0369436347	-0.0418151198	0.1120991101	-0.0230371081	0.0292180161	-0.0566344642	0.0762760884	-0.0692315044	-0.0129770942	0.0885892699	0.0303070711	0.0110608697	-0.0749056705	0.0875683222	0.0249130206	0.0327026353	0.0274131297	-0.0439314672	0.0748384647	-0.0275398952	-0.0019592035	0.0497000474	0.0278726806	0.0130110196	0.1366943987	0.1082694299	0.0134199826	0.0183074783	0.0122597554	-0.0710024809	0.0752210609	-0.0133317825	0.1318853542	-0.0360020163	-0.005605897	0.0603650839	-0.0716619659	-0.0176497649	-0.0182452335	0.0019166029	-0.0711259476	0.0809697255	-0.0472532393	0.0705024037	0.1390984377	-0.0819302183	0.0169805279	0.0224918524	0.0278535654	-0.0364846957	-0.0475832091	-0.053473111	-0.0663240162	-0.032077354	-0.1317215474	-0.0109734742	-0.0530190208	-0.0114842595	0.0983099022	0.0044472876	-0.0500902863	-0.0578602867	-0.0372693575	0.0425567543	-0.0252484845	0.0349124404	-0.1032474374	-0.063725681	-0.0005157423	0.0506711592	0.061840608	0.0252069217	0.004070102	-0.042035607	0.0676570339	0.0213183924	-0.0583552335	0.0303209723	0.0222564406	-0.0205552594	0.1518331317	0.007582445	0.0453503652	0.0375933601	-0.0211734033	-0.008139497	-0.0159190963	0.070105163	-0.0443805185	-0.0545711628	-0.0066430077	-0.0230135675	0.0575463163	0.0622388298	-0.0101694736	-0.0758137976	-0.0910324077	-0.0457030134	0.0300246349	0.0857821235	0.0844837072	0.0269929964	0.0	-0.0608045385545779	-0.000614313107306	3.773805938079563e-07	0.0036971919088351	-0.1066894235469817	0.0301785994441417	0.0113826330967872	0.0009107478644099	0.0130592958995023	-0.0099144356577981	9.829603441261847e-05	0.0001705452093907	-0.0131901284846163	-7.795940433040147e-05	0.0001739794894406	6.077668723551019e-09	0.000396117700455	-0.0002220213194531	4.929346629173985e-08	1.5690923261375712e-07	-0.0041090770632004	2.6056579788999792e-05	1.6884514311319623e-05	6.789453503005123e-10	0.0	0.0	0.0	0.0	0.0	0.0	0.0	0.0	0.0	0.0	0.0	0.0	0.0	0.0	0.0	0.0	0.0	0.0	0.0	0.0	0.0	0.0	0.0	0.0
5178.687251492019	-20.95350405124464	439.04933202552536	26818801.64876596	14366.164516977164	-30.919729692508557	206386682.9288537	956.0296842577952	4889.67887349472	-17.082278641769335	291.8042435950488	23908959.4859006	6188.95166005531	6596.162043784339	1.218803	33.526184	0.0901017265077276	0.0554156362098762	0.0652274732	-0.0751993779	-0.0394692021	-0.1858392406	0.0497532327	0.0521728269	-0.0570650402	0.0600590267	0.007058802	-0.0274766623	-0.153114024	0.0528875893	0.0251114394	0.1003564312	-0.0870743244	-0.0861836775	-0.0504577146	-0.1230339254	0.1243565483	0.0713675949	0.0930294797	-0.0680171797	0.0330783988	0.1233284051	0.0409916858	-0.0261078705	-0.1650484334	0.0338118069	-0.0608250875	-0.0647895253	0.0103618898	0.0061349544	-0.0457887048	-0.0688434594	-0.0210442755	0.1658283052	0.0143408603	-0.0034168325	0.0414462387	-0.086363846	-0.1734853185	-0.059517514	0.0374653237	0.057671509	-0.0592232016	0.1406303618	-0.0435143925	-0.0183264875	-0.0606242655	-0.0089981266	0.1361098628	0.1319292796	-0.0332334623	0.0730133419	0.0196675848	-0.0295420662	-0.0034537011	-0.0940023192	0.0448393162	-0.0416930562	-0.0120835804	0.0186106347	-0.0002467386	0.0602876059	-0.0350093407	0.0844001789	0.0142071161	-0.0077176838	-0.0663100173	-0.099784061	-0.0810034502	0.048688762	0.1355784266	-0.0809809859	-0.0861877958	-0.0557027689	0.0600715082	-0.0679243982	0.0093464645	0.1623755517	-0.0367513384	0.117449518	-0.0300048552	0.0674160906	-0.04009535	-0.1100761103	-0.0138023471	0.1100000203	-0.0448982732	0.1357394493	-0.0775953846	0.0467353885	0.0632304726	-0.0282963061	-0.0221452167	0.0762146772	-0.2070211543	-0.0038780828	-0.0827221317	-0.0091425425	-0.0999915976	0.0444193108	-0.0129234233	-0.0071386894	-0.1300522025	0.0068503229	-0.0554623328	-0.0125377198	-0.0753268757	-0.025852234	0.0230440075	0.0449458889	-0.0766609493	0.0284650164	0.0116749419	0.0427094846	-0.187770638	-0.1568859183	0.0660928329	0.0987952099	0.03822976	0.0107872106	0.0045747084	-0.023835968	0.0603693628	-0.1087959423	-0.0824595166	0.0377555586	0.0184217318	-0.048850404	-0.0377760272	0.0268811939	-0.0639389447	0.0096240546	-0.115670348	-0.0729355513	-0.0178751421	0.0350914236	0.0808018436	-0.0030465726	0.0609688369	0.055601099	-0.0711309187	-0.027836907	0.0584432825	0.0624157582	-0.043698451	0.0802916094	0.0347955689	-0.0245529743	0.015756188	-0.0533489223	0.0567732431	0.0553592074	0.0299771054	0.0021259242	0.141321467	-0.0716671211	-0.0118612743	-0.0056663596	-0.1055969393	-0.0053846932	-0.0334467533	0.0285244809	-0.034285538	-0.003370046	0.0039036326	-0.0494387173	0.0597462601	-0.0455489815	0.0582370922	0.061284559	-0.0126976055	-0.0779743851	-0.0897925	-0.0400495376	0.0371510932	0.0888812078	0.0796750203	0.0158442251	0.0	-0.0515236027645329	0.009280935790045	8.613576913893832e-05	0.0026546816418373	-0.1155595340701722	-0.0088701105231905	0.0133540059145152	7.867886069361494e-05	-0.0334665654490748	-0.0465258613485771	0.002164655774227	0.0011200110029572	-0.0128263527594281	0.0003637757251882	0.0001645153251092	1.323327782362018e-07	0.0005096741267722	0.0001135564263172	1.2895061957933681e-08	2.5976771550100466e-07	-0.0040779128377875	3.1164225412899475e-05	1.6629373112592105e-05	9.712089455860092e-10	0.0	0.0	0.0	0.0	0.0	0.0	0.0	0.0	0.0	0.0	0.0	0.0	0.0	0.0	0.0	0.0	0.0	0.0	0.0	0.0	0.0	0.0	0.0	0.0
5180.126442529326	1.439191037306955	2.0712708418646693	26833709.96059153	14384.805655298478	18.64113832131443	206922633.74070707	347.4920379143773	4894.696768504701	5.017895009980748	25.17927033118969	23958056.455610365	6199.938879482012	6565.421096156241	1.123884	30.91519	0.1469199886187603	0.0793300177503342	0.0583915686	-0.0367900485	-0.0679801619	0.0047903935	0.0077102418	0.0420006138	0.0311897635	-0.0690955467	-0.0053585229	0.0329879028	-0.0093128462	-0.0508780751	0.0301665756	-0.0071208747	-0.0379298102	-0.0966666676	-0.0018787332	-0.0260384343	-0.042007911	0.0283371039	0.0887460398	0.01868621	0.0166011379	0.028770407	-0.0545201108	0.0593471553	-0.0703527777	0.0213394985	-0.0290559028	0.0436118567	0.0389272013	-0.0805593226	-0.0056453665	0.0671697344	0.14129309	0.0163982491	-0.0153151769	-0.0934768229	-0.0219268204	-0.0397834859	-0.0199325415	0.0336560896	-2.28043e-05	0.1045190065	0.1537444679	0.0851514231	-0.0264639199	0.1035372728	0.0215946971	-0.0648394632	0.1145248699	-0.13353535	0.0755828179	0.037365696	-0.0122095796	-0.0996227637	-0.0588060809	0.0309222871	0.1216724233	-0.0056608258	-0.0287986697	0.0580287403	0.0771167013	0.0794981388	-0.0709693046	-0.0295319919	-0.0022179643	0.0137094208	0.0909713528	0.0236254165	0.1105651668	0.0303782975	-0.0362767522	-0.0614656621	-0.0722102024	0.0695879956	0.118112954	-0.132738446	-0.0579193575	0.0153241663	-0.0667934074	-0.0787054326	-0.0284948573	0.0687902356	0.0184367308	0.0380119938	0.0242454695	0.065178061	-0.0551823545	-0.055131905	-0.0427312031	-0.0097081542	0.048599554	-0.0296834356	0.0314185675	-0.0469471397	-0.0516752761	-0.031476686	0.0829249956	-0.0655008632	-0.0565955785	0.0164888331	0.0078405611	-0.1023006444	-0.0527390413	-0.0625211873	0.0611162873	-0.0540959426	-0.0223504909	-0.0589971612	0.0665126601	0.0377671394	-0.1010089274	0.0103447169	-0.0901581548	-0.0910462062	-0.0511538082	-0.0100824886	0.0208738294	0.0485051298	-0.0306582133	0.0142045176	0.038731765	-0.0303220188	0.1071213673	-0.0070493072	0.0195374578	0.0560780062	-0.010706256	0.0296997324	0.0810597063	0.063153029	-0.0596042738	-0.0777714209	-0.0597714206	0.1505075386	-0.0310875294	0.0658482557	-0.0146688786	-0.0281215759	0.024788021	0.1033558906	0.0200642255	0.1212700204	-0.0949759867	0.0669624554	0.2158830475	0.0614566138	9.7744e-06	-0.0243660758	-0.0366512363	0.0371922405	0.0071729275	0.0596396235	-0.0535815804	0.0035306249	0.0766882365	0.0166791981	0.0429667576	0.0652884345	-0.0272167814	0.0009399777	0.044141278	0.1204169092	-0.0541514503	0.0177766508	0.0283682374	-0.1115147392	0.0018526972	0.0219794049	0.0378775275	0.0603188546	-0.015216262	-0.0800040612	-0.0882846163	-0.0342093323	0.0440281638	0.091168361	0.0739159167	0.0044563133	0.0	-0.0528993383204436	-0.0013757355559107	1.8926483197969288e-06	0.0027983399947407	-0.0973040774139661	0.0182554566562061	0.0094680834813831	0.0003332616977266	-0.0034071917045963	0.0300593737444785	0.0009035659499102	1.160895531186984e-05	-0.0135821558847703	-0.0007558031253422	0.0001844749584782	5.712383642770391e-07	-0.0005590207284196	-0.0010686948551918	1.1421086935134224e-06	3.125041748027802e-07	-0.0041980033104968	-0.0001200904727092	1.762323179494209e-05	1.4421721635542992e-08	0.0	0.0	0.0	0.0	0.0	0.0	0.0	0.0	0.0	0.0	0.0	0.0	0.0	0.0	0.0	0.0	0.0	0.0	0.0	0.0	0.0	0.0	0.0	0.0
5178.648736746272	-1.4777057830533522	2.183614381269321	26818402.738603763	14385.531789613382	0.7261343149039021	206943524.8699772	0.5272710432809593	4896.366597417291	1.6698289125897643	2.7883285973207155	23974405.856303778	6191.586973011559	6532.161370252045	1.136711	31.26803	0.1136159188178015	0.0603632213243739	0.007430279	-0.0573945728	-0.082016968	-0.0748578239	-0.0119731825	0.0196267406	-0.0582998301	0.0097198972	0.005187142	-0.0065880881	-0.0858989505	0.018580283	0.0735386014	-0.0472382197	-0.017430798	-0.0280807183	-0.0258276166	-0.0318033326	0.0051794095	0.0483535829	0.0902024148	-0.0196681925	-0.0440062583	0.0306851873	-0.1078395104	-0.0149431118	-0.0263883519	0.0170365909	-0.0491895853	-0.0077042794	0.1502230773	0.0038399767	0.0319283188	0.0242689854	-0.0687120075	-0.002225293	-0.0457265196	0.1176800342	0.0653340097	-0.0132904969	0.0464056377	-0.0427579648	0.0102287208	-0.0041033551	0.0013554255	-0.0575449926	0.0574513838	-0.0160224925	0.045056429	-0.061210371	-0.0058859841	-0.0266194564	0.020885384	0.0230777458	0.1055305259	-0.0315054512	0.0175788596	0.0125885266	0.0004509968	0.0042982417	0.0196720577	-0.1914114987	0.0173889712	-0.0379711572	-0.0337341647	0.0184856459	0.0285931663	0.0492810864	-0.0428411266	0.0855831926	0.1180003525	-0.0858501506	0.0073041029	0.0277424833	0.0936417671	-0.0189784363	-0.1419297346	0.0495771553	-0.0202308367	-0.0195941907	-0.0338092669	-0.0605499927	0.020176168	-0.0129975429	0.0269524814	-0.0477827137	0.1170984591	0.0517362839	-0.0090646473	0.0568656895	-0.0647171984	0.0135722807	0.0668753598	-0.0092702857	0.058242455	0.040461821	-0.0238666002	0.066776328	0.0576075177	-0.0299797958	0.0108204029	0.0207009466	0.0380959378	-0.0296100084	-0.0390210317	-0.0739279246	0.0214525623	0.1244738966	0.0158648169	-0.0321772177	-0.0214302286	-0.0056042959	0.0460824033	-0.0700207708	0.0194620757	0.048844297	0.0353487157	-0.017677757	-0.0479992845	-0.0919748301	-0.0005318547	-0.0447896004	0.0501587962	-0.0794454513	-0.0005270324	-0.0382538411	0.0595197101	0.0372815575	0.0627635271	0.0357010032	-0.003878269	0.046326534	-0.0691156673	0.0719636383	0.1543240367	0.0140223481	-0.0064200264	0.0714975085	0.0054214324	0.0302335189	0.0630701425	-0.0201875153	-0.0784093969	-0.1237227767	0.0068873017	-0.1157139501	0.0310956908	0.0403712839	0.02650916	0.0335822399	-0.0205508045	-0.0141390418	0.0722924573	0.0124835387	-0.0235926066	0.0125206021	0.0091527067	0.0231795398	-0.0807924897	-0.1288225502	-0.0419072768	0.0316052832	0.0235972476	0.0318818512	-0.0260923906	0.0179197606	-0.019130084	0.0219789941	0.0201019001	-0.0565887878	0.0409987127	0.0593418965	-0.0177235635	-0.0818994181	-0.0865132565	-0.0282096273	0.0506096822	0.0926226898	0.0672750948	-0.0069988586	0.0	-0.0601593576660803	-0.0072600193456366	5.270788089901913e-05	0.0036191483147953	-0.0606128469222113	0.0366912304917548	0.0036739172120154	0.001346246394999	0.0366525148424088	0.0400597065470051	0.0016047800886321	0.0013434068442729	-0.0139302709575099	-0.0003481150727395	0.0001940524489496	1.2118410386849606e-07	-0.0005541255853345	4.89514308510007e-06	2.396242582360303e-11	3.070551643223022e-07	-0.0044370923433402	-0.0002390890328434	1.9687788463328227e-05	5.7163565625992584e-08	0.0	0.0	0.0	0.0	0.0	0.0	0.0	0.0	0.0	0.0	0.0	0.0	0.0	0.0	0.0	0.0	0.0	0.0	0.0	0.0	0.0	0.0	0.0	0.0
5177.322281149979	-1.3264555962932718	1.7594844489377393	26804666.00289202	14363.546116286056	-21.985673327326367	206311457.03467625	483.3698316559101	4898.99086946574	2.624272048448802	6.88680378426967	24000111.539108686	6197.639442267202	6613.778943746537	1.321613	36.354237	0.1694108785222077	0.0976170875490106	0.0481178115	0.0402297032	0.0746410327	0.044974059	-0.1237992934	0.0688473967	0.0071165167	-0.0107854371	-0.0433020911	0.1150903374	0.0732150749	-0.0665464057	-0.023386512	-0.0607088082	-0.0167034981	-0.0794937607	0.0081079249	-0.0025822395	-0.0457057507	-0.0154706133	0.0038547225	0.0320068614	-0.0480014197	-0.0890455716	0.1306152564	0.0156593549	-0.0576470416	0.042316361	-0.0833762311	0.0747950123	0.0196807307	0.0796592402	-0.1534735949	0.0864310328	0.0623113585	0.0210899284	-0.112777282	0.0883667185	0.0977835142	0.1417623805	-0.0307172919	-0.0359024293	-0.0543433784	0.0459601926	0.0951521106	-0.0599476994	-0.1090342838	0.1654907094	-0.0003856562	0.0432875264	0.0476277737	-0.0108089485	-0.0670331659	-0.0995366419	0.052398208	0.0508831485	-0.0521266115	-0.0657539944	0.0086351076	0.1161283743	-0.010063581	-0.0347114967	-0.0520643477	-0.0456000028	0.091983729	-0.0529783221	0.0468212431	-0.0672986986	-0.0155884964	-0.0551132291	0.0306812737	-0.0560068242	-0.0702406871	-0.0529679471	-0.0382349915	-0.1436440086	-0.0060166535	-0.0818122229	0.1251481409	-0.1807756231	0.0157526332	-0.0798063053	-0.1173207228	0.0314536653	0.11225657	0.1388669674	0.0436461363	-0.057427061	-0.078803252	-0.0468999106	0.0244057194	-0.0163197837	-0.0431406509	-0.1031279398	-0.0491871382	-0.0724091485	0.0247858817	-0.0241132022	0.0713144809	0.0484078633	-0.0635945395	0.0235798663	0.0177464941	-0.0470142557	-0.0581397417	-0.0507468265	0.0282005969	-0.013231524	-0.0539176515	-0.0341938602	-0.0135241052	0.0423135763	0.0508455722	0.135292006	-0.0690682694	0.0774358872	0.1526233334	-0.1056440256	0.0544101624	-0.1892794719	-0.1501807672	-0.1676520863	0.0195080178	-0.1690695342	-0.0696434389	-0.0632912449	-0.0083976928	-0.0431750291	-0.037112301	0.0781839388	-0.0744513448	0.0511409222	-0.0125222669	-0.0865636684	0.0975002584	0.0601799958	-0.1160145683	-0.1120703366	-0.098675855	-0.0007433872	-0.1174781448	-0.0136807421	-0.0907227313	0.0201711578	-0.0407629018	0.0613462163	0.0053328327	0.0514937302	0.000203016	-0.0857898324	0.0183743802	0.0280531308	-0.0615438589	0.0322538599	0.1856443543	0.0280636074	-0.1437016079	0.0438849026	-0.0253025631	-0.0502363024	-0.1095406151	0.1660575175	0.0857682331	0.1250399956	-0.0623711941	0.0240964968	0.0462095277	0.0468878728	-0.0421078913	0.0624987829	0.1019827812	0.0583538671	-0.020217639	-0.0836572738	-0.0844837072	-0.0220783961	0.0568514682	0.0932309089	0.0598317709	-0.0183483952	0.0	-0.036821503892142	0.0233378537739383	0.0005446554187737	0.001355823148879	-0.054640533349044	0.0059723135731672	0.0029855878846679	3.5668529416238345e-05	0.0398038595722809	0.0031513447298721	9.930973606492664e-06	0.0015843472368498	-0.0153914125570491	-0.0014611415995392	0.0002368955805012	2.134934773903973e-06	-0.0009690565401396	-0.0004149309548051	1.7216769725547196e-07	9.39070577987332e-07	-0.0035741775687799	0.0008629147745603	1.2774745293169395e-05	7.446219081544538e-07	0.0	0.0	0.0	0.0	0.0	0.0	0.0	0.0	0.0	0.0	0.0	0.0	0.0	0.0	0.0	0.0	0.0	0.0	0.0	0.0	0.0	0.0	0.0	0.0
5197.852100915134	20.52981976515457	421.47349958973126	27017666.46298787	14368.060543744992	4.514427458936552	206441163.78872165	20.38005528200034	4901.756241994057	2.7653725283171298	7.647285220371074	24027214.255927697	6187.929848045341	6555.994663094052	1.362461	37.477844	0.1845213626781618	0.0878542175077353	-0.0243473145	-0.0432417456	0.0702389024	0.0574380628	0.0725270099	-0.0441343063	0.0116765066	-0.0126550826	-0.1291659371	-0.0966608599	0.0369308065	0.1157877545	0.0037430038	-0.0537049358	-0.0135123978	-0.0168745016	-0.0782479479	0.0405215296	0.0131126637	-0.0825236721	-0.0839717558	-0.0623754134	0.0168540871	-0.0899681874	-0.1042952254	0.0650930182	0.0250827821	-0.106810513	0.0019992973	-0.1578719847	0.0428982152	-0.1533377298	0.0308064594	0.0712316024	0.0499888051	0.0108895028	0.0153920693	-0.023499891	0.0252034609	-0.0009345496	-0.0665183642	0.0409905955	0.0828428111	-0.0128160742	-0.0895492379	-0.1044877094	0.0309424997	0.1059294464	0.062638437	-0.0770893193	0.0017468777	-0.0066120343	0.0028336525	0.044863117	-0.0223011685	0.0419271495	0.1043401029	0.120093145	-0.1013914754	-0.0144884224	-0.1120836378	0.1022264232	0.0322147675	-0.0462050835	0.0435494505	0.0421270777	0.0582096518	-0.0098673558	0.0207919029	-0.0127475179	0.0510559448	0.0021977737	0.0569049529	-0.0792934281	0.1193516964	-0.1017105271	-0.1479940888	0.0451802552	0.0347081126	-0.0299496786	0.0433440597	-0.0690389021	0.0177266093	0.0242677009	-0.1927189635	0.0461465195	-0.0555747356	-0.0212665564	0.0439316842	-0.0440636074	-0.0923160644	0.0981848273	-0.0629361632	0.122595051	-0.025709503	0.0748924601	0.1012384866	0.0408582739	-0.0516436389	-0.0106283536	0.0030538059	0.0032752422	-0.0444939777	0.0605410353	0.0366767023	-0.0748527878	-0.0001772368	0.0103264056	0.1091541838	-0.06332621	0.0252124828	0.0320864503	-0.1702378181	-0.0549483303	0.016534627	-0.0553247484	0.1413712987	0.061071942	-0.1213200797	0.0800023884	0.0046744874	-0.0704826838	-0.0407753097	-0.0173233469	0.0347756836	0.0457649639	0.1485805736	-0.1078921666	0.0520962928	0.0073768736	-0.0678258481	-0.0227603873	0.0565947299	-0.029441504	0.102251749	-0.0222136761	-0.0682370938	0.0200265085	-0.0655632626	0.0462414851	-0.0331594015	0.0736630229	0.0742137801	0.0251175466	0.085561016	0.0237118715	-0.0666348567	0.0208391625	0.0237790786	0.0339165445	-0.0464842008	0.0229878525	0.0729224061	-0.0342389682	-0.0705743646	-0.0079259766	-0.0129968769	0.0437595463	0.1449551125	-0.0110229244	0.0420159147	0.1375100785	0.0551301541	-0.1003367164	-0.0056556159	-0.006826596	0.0493381592	-0.0972550475	-0.040119312	0.0532752187	0.0322953728	0.0573549508	-0.0226966273	-0.085274677	-0.0822020253	-0.0158442251	0.0627116218	0.0929874623	0.0516747337	-0.0294209952	0.0	-0.0422698215503061	-0.0054483176581641	2.968416530426275e-05	0.0017867378138947	-0.1183497206170614	-0.0637091872680173	0.0140066563701364	0.0040588605423513	0.0955233706911613	0.0557195111188804	0.003104663919327	0.009124714348201	-0.014893432190607	0.000497980366442	0.0002218143224162	2.479844453618074e-07	-0.0004540714533556	0.000514985086784	2.652096396099241e-07	2.0618088475246682e-07	-0.0037540990482158	-0.0001799214794359	1.4093259663814776e-05	3.237173876240308e-08	0.0	0.0	0.0	0.0	0.0	0.0	0.0	0.0	0.0	0.0	0.0	0.0	0.0	0.0	0.0	0.0	0.0	0.0	0.0	0.0	0.0	0.0	0.0	0.0
5209.186390294944	11.334289379810798	128.46611574529183	27135622.84883407	14439.142751527444	71.08220778245231	208488843.39898756	5052.680263227724	4904.587082106026	2.830840111969337	8.013655739534569	24054974.445961304	6202.665012010534	6662.29386978088	1.149711	31.625643	0.065607928045833	0.032054995661561	0.051081761	-0.0171633112	-0.0605767462	-0.0434980845	0.0478064718	0.0329560555	-0.0618287857	-0.0520360602	0.0408505571	-0.0627738185	-0.0302226402	0.0022177476	-0.0133057996	-0.046949956	-0.0425387468	-0.044065997	0.0194430789	-0.0675279111	-0.0452105284	0.0218302075	0.0097361108	-0.0636624661	0.0612252416	0.0233805517	-0.0661258478	-0.0032344453	0.0534394434	-0.0536201553	-0.0657144142	0.0079115448	0.0040850999	-0.105215577	-0.0130609007	-0.0344241011	0.1186779103	-0.0370392361	0.032040092	0.0155984942	-0.0303321496	-0.0340646985	0.0047841346	0.0748785622	-0.1220791287	0.0344643892	0.1371966251	-0.0406048473	0.0186503688	-0.0197867555	-0.0475029919	-0.0519181897	-0.0958623369	-0.0004096093	0.0052311267	0.0061339347	-0.0415188	-0.0335478717	0.0816956412	-0.1026032869	-0.0496687917	0.0492226728	0.0113974285	0.0092697325	-0.0758576656	-0.0022760013	0.0693856734	0.103011712	0.0120943755	-0.0700800127	-0.0363756964	0.0074879392	-0.0010237357	-0.0179138232	0.0201132307	-0.0258858065	-0.12480062	0.0107183188	-0.0333708079	0.1359109437	-0.0179393513	0.0779941641	0.1005548865	-0.0436169626	-0.0391835133	-0.0282561592	0.0469923198	0.038610038	-0.0159934562	-0.0575909127	-0.0295361086	0.0307223168	-0.0667653468	-0.0207026266	0.0501932094	0.0614216537	0.0192272899	-0.0539564327	0.001054686	0.0053818396	0.0056613632	0.0070292172	-0.0001182764	0.0280982822	-0.0484334896	0.070676777	-0.0059177379	-0.0580034572	0.1027251408	-0.0523385509	0.0904294628	0.0132093227	-0.0508391594	0.0685113458	0.0568143893	-0.0573106649	-0.0516893706	-0.0755403134	0.0733602651	0.0316315714	0.0565497353	-0.0452041691	0.0094676343	0.0744124004	-0.0180520332	0.0141466482	0.1564453982	0.0150891496	-0.0565288872	-0.0351562272	-0.0190313859	0.0263224381	0.0074485265	-0.0289500689	-0.0386719151	-0.0261382172	0.0200121559	-0.0277997173	0.033857154	-0.064450913	-0.0383823108	-0.0459867311	-0.0185286702	0.0631458706	-0.1255102497	0.1235931842	0.0766848625	-0.0008373865	-0.0621842109	0.0481681145	0.0006672529	-0.0021194747	-0.0192137853	-0.0128351	0.020844053	0.0348827367	-0.0007772489	0.0639783377	0.0733755882	0.0296144468	0.0160598126	-0.0796123074	-0.006867239	0.1376392769	0.019527617	0.001980017	-0.0591847634	0.0622842259	-0.0414595773	0.0577414412	-0.0018051945	0.0445309246	-0.0025782721	0.0563453339	-0.0251586786	-0.0867489121	-0.0796750203	-0.0095361811	0.0681508051	0.0918945739	0.042901286	-0.0400495376	0.0	-0.0351871211523047	0.0070827003980014	5.016464492784919e-05	0.0012381334949869	-0.0996950214051963	0.018654699211865	0.0099390972929825	0.0003479978026851	0.0987220243726128	0.0031986536814514	1.023138537386316e-05	0.0097460380962267	-0.0145333797371022	0.0003600524535048	0.0002112191265828	1.296377692748269e-07	-0.0002026178539518	0.0002514535994038	6.322891265312674e-08	4.105399474003296e-08	-0.0036321676060341	0.0001219314421817	1.3192641518323486e-05	1.4867276592509286e-08	0.0	0.0	0.0	0.0	0.0	0.0	0.0	0.0	0.0	0.0	0.0	0.0	0.0	0.0	0.0	0.0	0.0	0.0	0.0	0.0	0.0	0.0	0.0	0.0
5197.665400936784	-11.520989358160476	132.73319579084696	27015725.62009534	14380.24126539964	-58.901486127804674	206791338.85110265	3469.385068063966	4901.4345588318965	-3.152523274129635	9.938402993929031	24024060.73451163	6193.513620900214	6668.278663653698	1.046729	28.792862	0.0621276591278036	0.0417358897742255	0.0045315809	-0.0114151747	0.0814528046	-0.0257394945	-0.0401155991	0.0202692422	-0.109361539	0.0206542594	-0.0293561793	-0.0342355869	-0.0079915851	0.0063416996	-0.0883913273	-0.008711081	0.0288253652	-0.0179516542	-0.0391275213	-0.0424430414	0.0280839972	-0.0086096197	-0.0416724144	-0.0540352583	-0.0315422445	-0.0475599094	-0.0322986186	0.0561582637	-0.0200622531	-0.009454615	0.0462388478	-0.1034999079	0.097335378	-0.0840222044	0.0299073958	-0.1176813659	0.0334314604	0.0119649073	-0.0110642287	-0.0252858794	-0.0139956916	0.0229432644	0.1211560412	0.038650907	-0.0272294756	-0.0991464108	-0.154628731	-0.1202772294	0.018796836	-0.0279091105	-0.0827269932	-0.0245088277	-0.0390038336	-0.0931725044	0.0142182678	0.0530937019	0.1459837422	-0.05504082	0.0408963814	0.0076685636	0.0548594041	-0.0224650927	-0.0302075704	0.0395586576	0.0019304313	0.1049132575	0.0065072588	0.0137343845	0.0667621257	-0.0292362346	-0.0553356111	0.0095733239	-0.1139714958	0.0265024108	0.0453198836	0.0759022366	-0.0230941256	0.0218836729	0.0486950359	-0.0172418055	0.0382604166	-0.0511734779	-0.0890283081	-0.0834176508	-0.0912108708	0.0438637018	0.0784012745	0.0033999033	0.0800204308	-0.0319513164	0.0005587278	0.067535876	-0.0582599728	0.063610268	0.0217174309	8.1398e-05	-0.0269408265	-0.0313682429	0.078564285	0.0171570911	-0.0570695175	0.0667575013	-0.0343754793	0.0119359767	0.0211757051	0.070806041	0.1292105296	-0.0648797268	0.0287169874	0.0571728698	0.1029365401	0.0293705263	-0.0051396647	-0.0554892823	-0.0602978815	-0.0961128562	0.0200396313	-0.0814829312	-0.0839946035	-0.0408730215	0.0235232889	-0.0490492165	-0.0158812324	-0.0357920326	-0.0287027956	0.058144736	-0.0412714104	0.0731997866	0.1032827364	0.007092204	0.0734387907	-0.0839552671	-0.080547403	0.0470954882	-0.0248512499	0.0513984783	0.0181394277	-0.0361388723	-0.0368350041	0.0927337475	0.0162672896	0.0107863591	0.0143470751	-0.2005868511	0.0196493787	0.0587194408	0.0385466544	0.0412748094	-0.0443235817	0.0264736318	0.0135989303	0.047922654	-0.0180338073	-0.0239816386	0.0818467306	-0.0002893945	0.0070201337	0.0549963032	-0.0459629695	-0.0103285906	0.0735157338	-0.0031551179	-0.0231634296	0.085257689	0.0215622075	-0.0970322626	-0.0401737993	0.0708291007	-0.0420178901	0.0730827857	0.0995127414	0.0232464027	-0.0489908587	0.0553252047	-0.0276019556	-0.0880775042	-0.0769102337	-0.0031836749	0.0731325059	0.0899622271	0.0336160831	-0.0500736032	0.0	-0.0402239635005514	-0.0050368423482467	2.536978084109135e-05	0.0016179672396936	-0.1131604072239866	-0.0134653858187902	0.0128052777630984	0.0001813166152488	0.1387939667560545	0.0400719423834416	0.0016057605663818	0.0192637652078807	-0.0144624444608273	7.093527627489993e-05	0.0002091622997825	5.031813420196381e-09	-0.0002027460574411	-1.2820348930001838e-07	1.6436134668699926e-14	4.1105963807909835e-08	-0.0036321613142518	6.2917823000219206e-09	1.3192595812747364e-05	3.958652451086912e-17	0.0	0.0	0.0	0.0	0.0	0.0	0.0	0.0	0.0	0.0	0.0	0.0	0.0	0.0	0.0	0.0	0.0	0.0	0.0	0.0	0.0	0.0	0.0	0.0
5183.016534479344	-14.648866457439908	214.58928848790805	26863660.39668627	14436.573073793068	56.33180839342822	208414642.11496705	3173.27263687391	4896.305178321207	-5.129380510689771	26.310544423444053	23973804.399255063	6200.79039097358	6574.15152536987	1.131441	31.123064	0.0317113277604596	0.0165799895173501	0.055744582	-0.0120140594	-0.0449265804	0.0347480142	0.0336665767	0.0205059855	0.0312262999	-0.126003037	-0.0064987338	-0.019596645	-0.0155826202	0.0013860475	-0.0057289767	0.076712462	-0.0744974505	-0.0758480458	-0.0127288639	0.0383896503	-0.0221023225	-0.0027100002	-0.0072080921	0.0182715095	0.0921811935	0.0579128963	0.0128311831	-0.0134683627	0.112537229	-0.0637920523	-0.031750691	-0.1168799398	0.0060291461	-0.0146483406	-0.0690041058	0.014819005	-0.0178171802	0.0481493373	0.0585344276	0.0111958593	0.0030240588	-0.0366521725	0.0470959119	0.0033163718	-0.0146057864	-0.0773371751	-0.1189427985	0.0591908506	0.0608772659	-0.0953871474	-0.0538282054	0.0587700325	0.0168627319	0.051021228	-0.0081038142	-0.1082025168	-0.0377962459	0.1116866801	0.1380254844	0.0406785365	0.0425345344	-0.0579242149	-0.0346572186	0.0613312202	0.1213556249	0.0368242213	0.0890668385	0.0247650415	-0.0100909554	0.0317364086	0.005442315	-0.0392664743	-0.0615897975	0.1157649223	-0.0312316432	0.0089857112	-0.0375944046	0.0217006031	0.0529145385	-0.1106906812	0.034811716	0.0260491747	-0.0005656274	0.0104847887	0.0106457091	-0.0557110821	0.1446936831	0.0825326504	0.0029602645	0.0770658295	-0.0406460947	-0.0693221898	-0.0597660042	-0.0169570813	-0.0484564875	0.0265007543	0.0402447926	-0.0300990821	-0.0675615802	-0.0509506147	-0.0116189527	-0.0457914236	0.0047346984	0.0206682029	-0.0855549476	0.1106003782	0.0122207321	-0.0425565995	-0.0001672434	-0.0392522207	0.0807434063	0.1326222501	-0.0250533779	-0.0223242676	-0.0717593479	-0.0501150946	0.0287896074	-0.0246240336	-0.0881175	0.0029199332	0.0068624736	0.0196603002	-0.0144543063	-0.0512530781	-0.0344670872	0.1096798328	-0.0708903117	-0.0134769483	0.0174219762	-0.0951221324	0.0182699153	-0.0308529238	0.0032016022	-0.0770833817	0.112781916	0.040461837	-0.0503841993	-0.0130436289	-0.10181015	0.0358227638	0.1562781731	-0.068102084	-0.0045538928	0.014547094	0.0020951829	0.0701820948	-0.0142794484	0.0579176401	0.013847051	0.0443377876	-0.0025027339	-0.0021502763	-0.0107877049	0.0366667339	-0.0822635748	0.0894925977	0.0490054916	0.0332567895	0.0662408987	-0.0246608246	0.1089341436	-0.0416391427	0.0199548887	0.091430292	-0.0312269099	0.0352617291	-0.0414601938	-0.0431945411	0.0225417282	0.0285465467	0.0394731056	0.1107196368	0.079050419	0.0542947536	-0.0300246349	-0.0892582227	-0.0739159167	0.0031836749	0.077623283	0.087208074	0.0239298853	-0.0593418965	0.0	-0.0374426229594888	0.0027813405410625	7.735855205358383e-06	0.0014019500140864	-0.1071504016314151	0.0060100055925715	0.0114812085697735	3.612016722274076e-05	0.1419283751235909	0.0031344083675364	9.824515814482343e-06	0.0201436636652227	-0.0145694181293594	-0.0001069736685321	0.0002122679446281	1.1443365759215816e-08	8.193382092858137e-05	0.0002846798783696	8.104263314857659e-08	6.713151011956838e-09	-0.0036281033959678	4.057918284000074e-06	1.3163134251833082e-05	1.6466700799622102e-11	0.0	0.0	0.0	0.0	0.0	0.0	0.0	0.0	0.0	0.0	0.0	0.0	0.0	0.0	0.0	0.0	0.0	0.0	0.0	0.0	0.0	0.0	0.0	0.0
5195.6893527931	12.67281831375567	160.6003240134611	26995187.85072758	14372.594917492988	-63.97815630007972	206571484.6623453	4093.20448355743	4899.900731385573	3.5955530643659586	12.928001838671436	24009027.177432872	6186.266967268737	6568.136311860741	1.138422	31.315115	0.0912390835343774	0.063009438842162	-0.0014656112	-0.0003940839	-0.0433910037	-0.0109363946	-0.0457001592	0.0053141838	0.0043177426	-0.0097307171	-0.0342480184	0.0150244179	0.0143495301	0.0477156044	0.0031633022	-0.080200426	-0.0274253507	-0.0235609108	-0.0047785271	-0.0191700427	-0.0208975024	0.0101986912	0.0354137206	0.0135042704	0.053839538	-0.0857102413	-0.0544410029	0.0470621837	0.0332781692	-0.0987427603	-0.058624294	-0.0340733539	0.0561752975	-0.1673391915	0.0840343416	-0.0488633939	0.0122572784	-0.1036287662	-0.0541542009	-0.0307666933	-0.0566533777	-0.0326112273	-0.0131085397	0.0154829907	-0.0598752754	-0.1342475944	-0.1082595958	-0.0865486375	-0.0249201048	-0.0377850734	0.090653668	0.0683941101	0.0441277468	-0.0221441281	-0.1010473501	-0.0764185234	-0.0501444032	0.0598761328	0.0713318928	0.0442168405	0.0406793602	-0.0351964081	-0.0397936566	-0.0410260758	-0.0356867867	-0.0276197088	-0.1375217693	-0.1338426871	0.0709016963	-0.02605922	0.022945436	0.0935097408	-0.0221868556	-0.0375190321	0.0686191486	0.047476386	0.1329926291	0.0507389859	0.01416826	-0.1330177422	0.075857071	0.0728493802	0.000256141	0.0981682457	-0.0760738805	0.0414142524	-0.0014191847	0.1063474634	-0.0298758943	0.0051190461	0.0011998845	-0.0039230869	-0.0466462772	0.0063109844	0.0248441397	0.0623366481	-0.0362996687	-0.0256063476	0.0497197816	0.1097934311	0.0346543152	-0.0575623041	-0.06973858	-0.0269987678	-0.0583515843	0.0735689094	0.0245423844	-0.0556896166	0.048678608	0.0117113882	0.1275859237	-0.0663215788	-0.0068506398	-0.0014310038	-0.0550408229	-0.0592200275	0.09628967	-0.0774153978	0.0283739223	0.0545761948	-0.1026334372	0.0285088273	-0.1299681981	0.0578177511	-0.0086356769	0.0298680441	-0.105804017	0.0638450629	0.1043308682	0.0513707768	-0.0368150836	-0.0148201533	0.0519863326	0.0584562234	0.0199798421	-0.0161341412	-0.0902750101	0.0104105302	-0.0234112019	-0.0196530549	0.0666878737	0.0173242329	-0.0224302437	-0.1624518602	0.1238197688	-0.0161179103	-0.0850517908	-0.0822137176	7.61401e-05	0.0181233122	-0.0156650319	0.0315204266	-0.0379512837	-0.0114933197	0.0530014954	-0.0455281443	-0.0512869344	0.122384408	0.0396082998	0.0679475217	0.0355638526	0.0190578493	-0.0190890215	0.1120406636	0.0312847516	-0.0683891176	-0.0398378255	-0.0341922706	-0.0151979956	-0.0025457899	-0.0307702876	-0.0269379773	-0.0417223698	0.0532541728	-0.0324249087	-0.0902890852	-0.0707010056	0.0095361811	0.0815929909	0.0836572738	0.0139582358	-0.0677145291	0.0	-0.0296221289158893	0.0078204940435995	6.11601270859753e-05	0.0008774705215095	-0.1651661258558192	-0.0580157242244041	0.0272798491302203	0.0033658242572821	0.1359781483297695	-0.0059502267938214	3.54051988979101e-05	0.0184900568231928	-0.014891568777673	-0.0003221506483135	0.0002217588206601	1.0378104020887228e-07	1.602213043883083e-05	-6.591169048975054e-05	4.3443509432166716e-09	2.5670866379890933e-10	-0.0036290938266155	-9.904306476999844e-07	1.3170322002378731e-05	9.809528679034103e-13	0.0	0.0	0.0	0.0	0.0	0.0	0.0	0.0	0.0	0.0	0.0	0.0	0.0	0.0	0.0	0.0	0.0	0.0	0.0	0.0	0.0	0.0	0.0	0.0
5197.933589000691	2.244236207591712	5.036596155465628	27018513.59566161	14376.745658365886	4.150740872897586	206690815.7253424	17.228649793942616	4901.378379158214	1.4776477726409212	2.1834429399906754	24023510.0156796	6196.529378501951	6654.451478824416	1.016242	27.954231	0.0986360963064131	0.0631057725676937	0.0610132844	0.047339728	0.0142897138	-0.0757627302	-0.0417558711	0.0757812511	-0.1047663597	0.0180168167	0.0081123927	-0.0031509495	0.0013671698	0.0012296867	0.0093272362	-0.1095408342	-0.024766327	-0.0479454104	0.0562409236	-0.0563861186	0.0175781176	0.0156182094	-0.0220245884	-0.0276366538	-0.0182000844	-0.1033675767	0.0308897304	0.0689447016	0.0406803886	-0.015319969	-0.0290840684	-0.0861709233	-0.0542732807	-0.0490532613	-0.0311042855	-0.0749038564	0.0654497437	-0.0232143319	0.0602203882	-0.0033279172	0.0218178806	-0.1164484085	0.1190121226	0.1225943044	0.0108809357	-0.0334465085	0.0529465207	-0.0906288585	0.0066475904	-0.1268300224	-0.0401675575	0.0352444272	0.1661054746	-0.077879133	0.0262215174	-0.0769291939	-0.1608751916	-0.0373466438	-0.0256029021	0.0365330897	-0.0683021131	0.0102029649	-0.0643821004	0.0269017163	0.0500899618	0.0209795352	-0.0180671664	-0.0440997373	0.0852616071	0.0140372902	-0.100948281	-0.0410654283	0.0899868341	-0.1561962358	-0.0312979405	0.0342846587	-0.1998572609	0.1286556978	-0.0440748591	0.0752863316	0.0862973712	0.0527671449	-0.0689322918	0.0896657143	0.0453050868	-0.018565303	-0.0316385957	0.0168872202	0.0214939574	-0.0441979779	-0.0830923323	0.0738974473	-0.028076064	-0.0340183858	-0.016856126	-0.0355294957	-0.0447711634	-0.0064007356	0.0678936086	-0.0021548742	-0.0032191258	0.04013742	-0.0510575123	0.0075175101	-0.030901041	0.0978942727	-0.012245699	-0.095710038	0.0390870573	-0.0639559302	0.1193961705	-0.0288578237	-0.0337275826	0.0725614378	0.0631026405	-0.0705481991	0.0299857774	-0.141839972	0.0512150839	-0.0490715348	0.0939077865	-0.0287932083	0.0542919697	-0.0396252252	-0.1486976156	-0.0010232837	0.0207657362	0.1116320649	0.0310995953	0.0252953112	-0.1132757976	0.0623268755	-0.0778171548	0.0012161401	0.0455489508	0.024767294	-0.1312903036	-0.0626870612	0.034013165	0.0237163229	0.0849998638	0.0102965179	-0.0374262482	0.192529915	-0.0225861121	-0.1471758128	-0.0418394771	-0.0752562532	0.0154867927	0.0350995849	-0.0535228949	0.00385763	0.0031620083	-0.0206145778	0.0424766643	0.0427537686	0.054320894	0.0637284756	-0.0244116553	0.0044902069	0.0662417877	-0.0028215216	-0.0379259504	0.0509033459	0.0146613413	-0.0697461456	-0.0485918162	0.0143250613	-0.0377130819	0.076992878	0.0227435497	0.0233604461	-0.0443985293	0.0522036565	-0.0348009859	-0.091168361	-0.0672750948	0.0158442251	0.0850149816	0.0793422632	0.0038200832	-0.0750651311	0.0	-0.0309339434606812	-0.0013118145447919	1.7208573999275812e-06	0.0009569088580286	-0.1043490686363526	0.0608170572194665	0.0108887281252742	0.0036987144488358	0.1253127356070464	-0.0106654127227231	0.000113751028546	0.0157032817053215	-0.0150174661159842	-0.0001258973383112	0.0002255242885447	1.5850139793844762e-08	-0.0002035521010721	-0.0002195742315109	4.8212843143615855e-08	4.1433457850866414e-08	-0.003457729160049	0.0001713646665664	1.1955890944253164e-05	2.9365848947447625e-08	0.0	0.0	0.0	0.0	0.0	0.0	0.0	0.0	0.0	0.0	0.0	0.0	0.0	0.0	0.0	0.0	0.0	0.0	0.0	0.0	0.0	0.0	0.0	0.0
5176.716882869502	-21.216706131189312	450.14861905724615	26798397.685386136	14393.039660957533	16.29400259164686	207159590.6818965	265.49452045659456	4892.746812964101	-8.631566194112565	74.50393496334688	23938971.375770368	6189.785005378092	6539.203074686571	1.060936	29.183661	0.0647692203441274	0.0385809563209082	0.028391794	0.0162551093	-0.029108431	-0.0135692815	0.0486305284	0.0069033567	-0.0123323178	-0.0084998652	0.0130428965	-0.079667721	-0.0264628944	0.0191719409	0.0411278154	0.0809340445	-0.0616829298	-0.0232671543	0.0130596525	0.0273516378	0.0289117696	-0.013087405	-0.0142474173	0.0097158098	0.02840836	0.058214227	0.0424440547	0.0847706444	0.0464691114	-0.0203749639	-0.0957221131	-0.1342712109	0.0668479559	-0.0287232261	0.0156167778	-0.0723168642	-0.0117141735	-0.0088668065	0.0492707543	0.0106610745	-0.0197651659	-0.0306572852	-0.0283009287	-0.0355699615	0.085566467	-0.1411064935	0.0791757657	-0.0360970463	0.0431675415	0.000294741	0.1124358188	-0.0334806845	-0.0764002149	0.0882533856	-0.0470759643	-0.0468122198	0.0202174798	0.0489971304	0.1184300902	0.0063659848	0.0157765513	-0.0412383654	0.0069905019	0.0718573628	-0.0272008246	-0.0357355486	-0.1065904714	-0.0138632723	-0.0154488491	-0.0100318857	-0.0090445217	-0.0800612185	-0.0597078497	0.0437923131	-0.0772935277	-0.0597715278	0.0146372929	0.0077767928	-0.0376302837	-0.0540764155	-0.0249728818	-0.0145988056	-0.1700189308	0.0767459963	-0.0562171014	0.108786381	0.0622232832	0.0810737836	-0.0110618251	-0.110436807	-0.0176520374	0.0178153286	-0.0264704919	0.0161456045	-0.0146543729	0.0545276085	0.0540829042	0.0309308783	-0.0331014024	-0.0187005759	-0.0685819268	-0.0357984833	-0.0602279087	-0.0508024045	-0.0346743656	0.0980420162	0.0617810096	-0.1071926495	-0.0923861213	0.0644894601	0.1169344719	0.0286301978	-0.066088885	0.0578187762	-0.1038847108	0.0100519425	0.0759401831	-0.118659782	0.0500266069	-0.0031389453	0.0188986001	0.1108693241	0.0479240277	-0.0133046475	-0.0243768695	0.0253369589	-0.1122628248	0.0322384951	-0.07822312	-0.0022548147	-0.0062476151	0.0533006864	0.0205038637	-0.0277410487	-0.0859363126	0.0828913542	-0.0012146254	-0.062350133	-0.1378315067	0.0013476476	-0.0448952945	-0.0242965058	-0.0684787056	-0.0724029454	0.0883569328	-0.0225502957	-0.067324975	0.0693906389	0.083706783	0.0206521883	-0.0394057904	0.0218666292	-0.0021333181	0.0193673378	0.021849946	0.0213105784	0.0129551728	0.0224999976	0.0511026181	-0.0265372572	0.1041003924	-0.0749214506	0.015802429	0.0480596913	-0.0058515318	-0.0267985127	-0.0098890631	-0.0706140454	0.0331525563	-0.0133558787	0.0838257472	0.1055129807	0.0236226058	0.0511434007	-0.0371510932	-0.0918945739	-0.0636484088	0.0220783961	0.087866284	0.0743024598	-0.0063636379	-0.0812827579	0.0	-0.037382870043217	-0.0064489265825357	4.158865406693685e-05	0.001397478972668	-0.1214309365042396	-0.017081867867887	0.0147454723402966	0.0002917902098559	0.1568337215296011	0.0315209859225547	0.0009935725535298	0.0245968162088244	-0.0150344751954824	-1.700907949819981e-05	0.0002260354444035	2.8930878537608115e-10	-0.0002007072172536	2.844883818499996e-06	8.093363940763118e-12	4.02833870576838e-08	-0.0036322239961553	-0.0001744948361062	1.3193051158246378e-05	3.0448447827764486e-08	0.0	0.0	0.0	0.0	0.0	0.0	0.0	0.0	0.0	0.0	0.0	0.0	0.0	0.0	0.0	0.0	0.0	0.0	0.0	0.0	0.0	0.0	0.0	0.0
5191.804713767351	15.087830897849017	227.64264120208747	26954836.18589689	14401.550663561698	8.511002604165697	207404661.5151344	72.43716532811527	4899.742086816122	6.995273852020546	48.93385626476236	24007472.5173172	6201.616455212712	6551.410535617954	1.069483	29.418766	0.0576990548802372	0.0411623156838248	0.0739662045	0.0666010715	-0.0769845628	0.0456308724	-0.0189575781	0.0555974611	0.0552502109	-0.1333172886	-0.0098105253	0.0454861366	0.0498108041	-0.0306795308	0.0024546	-0.0113896376	-0.0696295098	-0.0523481788	0.0435318946	0.0729287655	-0.0759492446	0.0139258275	-0.0121021306	0.0282679369	0.0592952554	-0.043076784	0.0147361429	0.0326710297	0.1318192834	-0.0265756114	-0.0373000783	0.0219607264	-0.0126922478	-0.1225560058	0.0654993365	-0.0464947059	-0.0570681567	-0.1081642335	0.0429505407	0.0553701084	-0.0479325141	0.0115187309	0.0509885756	-0.0153084047	-0.0744359267	0.0105360638	0.0111408478	-0.05531439	-0.0180988147	0.1161882519	0.0383362987	0.0152261979	0.06921188	-0.03201361	-0.0189221786	0.0915626808	0.0372154201	0.0183349469	-0.0248072046	-0.0310319408	-0.0618773598	-0.0136598951	-0.0647080635	-0.1407071575	-0.1132643909	-0.1560029517	0.0266253594	-0.0682653912	-0.0253237639	-0.054613791	0.1292528423	0.049449953	0.0010122269	0.0823896898	-0.0097128306	-0.0294602984	0.0249533359	-0.0250016922	0.0424641151	-0.0336962866	0.0252081454	-0.0068955327	0.0928783582	-0.0285747096	0.0203788978	0.0204235381	-0.0918821955	-0.0674131262	0.0196125671	0.0366663229	-0.0749912698	-0.0894669495	-0.0151875709	-0.0706245866	-0.0522091192	0.0181055166	0.0312489759	-0.0515683561	0.0166470751	0.0004500363	0.0484850558	-0.0258381011	-0.0122556017	-0.0109239706	-0.0648130573	0.1063762018	0.0343635554	-0.0376107961	0.0968957528	-0.0476972816	0.0311725696	-0.0398145253	-0.0005474435	0.0006084922	-0.0423096947	-0.0622274109	0.0905105123	0.0326433892	0.0654818669	0.0242111711	-0.1346772347	-0.082256075	-0.0859716941	0.0617608299	0.0014448165	0.0424009539	-0.0081744522	-0.0099266282	0.0600241901	0.031946329	-0.0136935151	0.0697655811	0.0322607669	0.1012065241	-0.0248370272	-0.0170955841	0.059276238	0.0530069006	0.1200859733	-0.0965491904	-0.0133338694	0.0539734969	-0.0900544862	0.0101072215	-0.0898258344	0.004046183	-0.0402749261	0.0270419972	-0.0157744563	0.0239241282	-0.0749536683	-0.0141114547	0.0158297628	0.0424839719	-0.1004856968	0.0558334126	0.0100792002	0.1264855626	0.0662367559	0.0365778475	0.0487509824	-0.0090446359	0.0189212229	0.0470272682	-0.0203968075	0.0118467993	-0.0743085089	-0.0297741098	0.0230555904	0.0100974797	-0.0858082392	0.0463896513	-0.0386657437	0.0500736032	-0.039473477	-0.0924665046	-0.0598317709	0.0282096273	0.090127758	0.0685839023	-0.0164714492	-0.0862735657	0.0	-0.0333844966254446	0.0039983734177723	1.598698998794894e-05	0.0011145246149343	-0.1251627187080117	-0.0037317822037721	0.0156657061543808	1.392619841639025e-05	0.1571495294070288	0.0003158078774277	9.973461544539873e-08	0.0246959745928506	-0.0157586044735117	-0.0007241292780293	0.0002483336149525	5.243632112992373e-07	-0.0001938277090096	6.879508244e-06	4.732763367926396e-11	3.756918077991018e-08	-0.0038942770375073	-0.0002620530413519	1.5165393644856631e-05	6.867179648183298e-08	0.0	0.0	0.0	0.0	0.0	0.0	0.0	0.0	0.0	0.0	0.0	0.0	0.0	0.0	0.0	0.0	0.0	0.0	0.0	0.0	0.0	0.0	0.0	0.0
5198.154207269021	6.349493501669713	40.31606772774591	27020807.162548624	14331.006626852964	-70.54403670873398	205377750.9389036	4976.461115163208	4900.086037472691	0.3439506565691772	0.118302054154368	24010843.174634814	6179.385468942459	6599.238579478791	1.338831	36.82785	0.0546189275349721	0.0347329587858764	-0.0207906711	0.060820988	0.0124008988	0.0128749611	-0.0602867161	0.0385233121	-0.0296714383	0.0844522009	-0.0262250228	0.0543689635	-0.0500021124	0.1380202994	-0.0372490741	-0.0958901029	0.020012443	0.005038363	0.0198945863	-0.0135605875	0.0010548196	0.0081194378	-0.0468709135	0.0432457074	-0.0124797711	-0.1060435535	-0.0180911622	0.011285124	0.0400356982	-0.0818951654	0.0198935276	-0.0635493053	-0.1698387388	-0.0348110318	-0.0181161375	-0.2183194848	0.0445770812	-0.0388479952	-0.0021731706	-0.0277142574	-0.0345677481	0.0918133459	0.0239733466	0.0253515987	0.0306328783	0.0115754351	-0.0033609929	0.0515854629	0.0621673274	0.047553816	0.046148522	0.0211124153	-0.1540820239	0.0419458356	0.0213766127	-0.0535090563	-0.0407955992	-0.099870517	0.0022465264	0.0183386232	-0.0859952595	-0.1138144705	0.0223502894	-0.0036590913	0.0450204283	0.05182462	-0.0324215633	0.0820427745	-0.0255504908	-0.0395538391	0.0728935969	0.0338542852	-0.1131432628	-0.0020826585	-0.1317465037	0.0063381956	-0.0808881653	-0.0514757297	-0.0360050547	0.0977185108	-0.0790690181	0.1102024571	-0.0015809909	-0.0671324841	0.0180688493	-0.0436818741	-0.0319625084	-0.1475420845	-0.0716503691	0.0340762624	-0.0059896899	0.0220854297	-0.0097774115	0.0122409056	0.0495786019	0.0279541047	-0.1038969113	0.0544089082	0.1176372783	0.114278924	-0.0703020537	-0.0362760138	-0.041247304	-0.0535346469	-0.0101765944	0.115082812	0.1484008625	0.0422652274	-0.0263810376	-0.1198156005	0.101070533	0.0068027857	-0.1234748744	-0.0194934207	-0.0062267368	0.0708426929	0.0170390141	0.0214225578	0.0590999263	0.0548916315	0.0286744033	-0.0376377691	0.0550943536	0.112636496	0.0002699481	0.0986383676	0.0180214854	0.0232365877	0.0114866388	-0.0044469299	0.0276316527	-0.0835979313	0.046063645	-0.0168517205	0.0759164507	0.0932507098	0.054596233	-0.062762681	0.0074572334	0.0213913591	-0.1201857681	-0.0590380257	0.0041355655	0.0011862938	-0.0273840579	0.0945348847	0.0026267204	0.0621161292	0.0376087843	-0.0014845141	-0.0476425814	0.0053722898	0.0093500688	-0.0476222686	0.0761892241	-0.1070126879	-0.0563656055	0.1047983177	-0.0562845737	0.0754119298	0.0226104112	-0.0392976007	0.0131877018	0.1113212631	0.0844371451	-0.194184233	-0.0045517914	-0.0204613033	0.0450942051	-0.0313584653	0.0544973376	0.1171585766	-0.084600114	0.0489944635	-0.0417664042	-0.092883193	-0.0558365714	0.0342093323	0.0917842227	0.0622388298	-0.0263827782	-0.0899622271	0.0	-0.0361093380682859	-0.0027248414428413	7.424760888625479e-06	0.0013038842957297	-0.1536562481790184	-0.0284935294710066	0.023610242604452	0.0008118812217151	0.176342238576538	0.0191927091695091	0.0003683600852653	0.0310965851061846	-0.0158060669449352	-4.746247142349905e-05	0.0002498317522677	2.2526861936264642e-09	-0.0001940269224192	-1.9921340959998523e-07	3.968598256445146e-14	3.764644662346625e-08	-0.0038577817733081	3.649526419919995e-05	1.488248021046819e-05	1.3319043089694052e-09	0.0	0.0	0.0	0.0	0.0	0.0	0.0	0.0	0.0	0.0	0.0	0.0	0.0	0.0	0.0	0.0	0.0	0.0	0.0	0.0	0.0	0.0	0.0	0.0
5173.181876005585	-24.97233126343599	623.6173287307826	26761810.722232662	14403.529466521435	72.52283966847062	207461661.09295127	5259.5622735786965	4894.634608046094	-5.451429426596405	29.71808279316121	23957447.946282543	6202.575228824637	6583.253779482784	1.719466	47.298157	0.2533446793712163	0.171279854852988	0.1294736912	0.0565111012	0.0366549495	-0.1465617973	0.0248497384	0.0972368346	-0.1112038322	-0.1240293869	0.0238623456	0.0250851264	0.1046762977	-0.1551615458	0.0010045948	0.0766313941	-0.0530590083	-0.099704007	0.1051110008	-0.0267497235	0.1029598006	0.0660951816	-0.1246198478	-0.0034490062	-0.0076596884	0.0401438482	0.0929675677	-0.0116595105	0.2594103611	0.0249361516	-0.0102217842	0.0489245838	-0.0452128883	-0.0340427768	-0.0784666823	0.0268161513	0.0428989147	-0.0149398173	-0.0215844527	0.1651811669	0.0895628985	-0.0238168189	-0.0446010277	-0.1563343656	0.0865981707	0.0811161986	0.0500155989	0.03762727	-0.1708969227	0.0521538193	-0.0242521503	0.0120147445	0.0299188007	0.0585683785	0.0189320815	0.0860916936	0.092268666	-0.0032343315	-0.0559293785	0.0216747587	-0.0689064378	-0.077306026	-0.1574878582	0.014156678	0.0898714713	0.1030836051	0.0875226821	-0.0585349878	-0.0148477557	0.166295224	-0.0252555714	0.0178777487	-0.0538859111	-0.0246967024	-0.0765909141	0.0962461611	0.0014433114	-0.0520761633	0.0054400511	-0.016397337	-0.0174286402	0.020151177	0.1391310846	0.0466959674	0.0737450809	-0.0008739023	0.0071437433	-0.1531880629	-0.0758736738	-0.1014051338	-0.1379561824	0.0666467651	-0.0305614749	-0.0686120391	-0.1144236009	-0.0733816488	0.0794021972	-0.1346806436	0.0071301898	-0.1422977962	0.0253783265	0.0186482911	0.1235539427	0.0151908943	-0.1476749066	0.0884805588	0.016465662	0.0519001232	-0.00903623	0.001509152	-0.092772812	-0.1348090992	-0.0511427079	0.0206797476	-0.0132114516	0.089640013	-0.0044822132	0.0205957083	0.027666977	-0.1613553995	-0.0823465258	0.026723215	0.0572874168	0.0125269214	-0.1009728508	-0.0825365214	-0.0338330561	-0.0934152758	-0.0187379006	0.0999398283	0.0979253304	-0.0618748572	0.1050246798	-0.1053591496	0.061458127	-0.0059085993	0.0077039189	-0.0319237048	0.0318376894	0.0349891781	0.0087961064	0.0117409974	0.0102154512	0.0831621402	-0.0049447736	-0.0369476146	0.1337759554	0.0770358701	0.0401685305	0.0521560385	-0.0611576076	0.0351945005	0.0878092932	-0.0562859538	-0.0408526964	0.210569132	0.200473477	-0.0430292996	-0.008495291	0.0333985111	-0.0033886182	-0.1088841049	0.1509491245	-0.0591383023	-0.1392965397	0.0004722998	-0.105281019	-0.0409619375	-0.0286687842	0.1995366278	-0.0310358988	-0.0206855	-0.1875133381	0.047906183	-0.0440281638	-0.0931439394	-0.0516747337	0.0400495376	0.0928245585	0.0553252047	-0.0359793958	-0.0922930681	0.0	-0.0369704325163127	-0.0008610944480267	7.414836484225724e-07	0.0013668128804432	-0.0730571269937598	0.0805991211852586	0.0053373438045823	0.006496218335836	0.1914790861223778	0.0151368475458397	0.0002291241536259	0.0366642404222609	-0.0130953926240095	0.0027106743209257	0.0001714893079769	7.347755274126008e-06	3.2057762797021994e-05	0.0002260846852162	5.1114284889318197e-08	1.0277001555501275e-09	-0.004055975091008	-0.0001981933176998	1.6450933938877352e-05	3.9280591180893314e-08	0.0	0.0	0.0	0.0	0.0	0.0	0.0	1.0	0.0	0.0	0.0	0.0	0.0	0.0	0.0	0.0	0.0	0.0	0.0	0.0	0.0	0.0	0.0	0.0
5183.355933039251	10.174057033666031	103.51143652428924	26867178.728573203	14310.404368239182	-93.12509828225302	204787673.18251908	8672.283930079284	4897.309667237242	2.6750591911477386	7.155941676143994	23983641.976815347	6172.901070894453	6435.802374625379	2.707768	74.483849	0.6135609536218212	0.4263194086896048	-0.093324782	-0.1622874088	-0.0373420191	0.2774846879	0.1124171508	-0.1085817014	0.4500736033	0.317737757	-0.1045493232	-0.1445309095	-0.3174959972	-0.190170853	-0.0785229282	-0.1953454729	-0.0348229166	0.0799630487	-0.2157123867	0.1886764093	-0.1382431836	-0.0226330603	-0.0837618083	0.067033818	-0.0699453068	0.0691103028	-0.1262475255	-0.1200150045	-0.1563018033	0.0056212267	0.0379181426	0.1945075742	0.1934915162	0.0410628397	-0.1273341921	-0.2371459371	0.1712115348	0.0777725262	-0.0317047434	-0.0719214054	0.1021865677	0.041664555	-0.0601480249	0.0117133368	-0.1604412	0.0099004002	-0.1453010096	0.0905840563	0.1409830561	-0.008726732	-0.0034808764	0.0605753633	0.1543541729	0.134668447	0.0720462262	-0.0073065874	0.0116971285	-0.071844528	0.0528995618	0.0275550762	0.0817622376	0.0508963639	-0.0057437985	-0.0345778947	-0.0179437854	-0.0055453831	0.004808837	-0.0038908674	0.0091932646	-0.0344140838	-0.0035607011	-0.0508496256	0.1184045572	0.0376153037	-0.0108058044	-0.0110181513	0.0227242727	0.0118896846	-0.090182107	0.0621579958	-0.0770751725	-0.0765577723	0.0909352654	-0.022555635	-0.0068163046	0.0235870591	0.0447573838	-0.1078884254	0.0114059183	0.0421256205	0.1881349382	-0.2360686849	0.2212144962	0.3158471019	0.2175059189	-0.1265164973	-0.0097934951	-0.092379374	-0.191483089	0.310988645	-0.1005386138	0.0656599028	0.1914273727	0.2399077007	0.0134198866	-0.1369564651	-0.0778705868	0.0344554163	-0.2715453723	-0.0440247637	0.1131443884	0.006635695	-0.0971538644	0.0784660392	-0.0235968764	-0.0164963029	0.0406809223	0.017877314	-0.0993920167	-0.0367248678	0.0678599368	-0.1036664704	-0.012026054	0.0791409068	-0.0144218791	0.0514027129	-0.0161930223	-0.0303035128	0.0210708229	0.0246319316	-0.0053929384	-0.0111945992	-0.055010645	0.0201607995	0.0685257395	-0.1104884707	0.0139557368	0.0675912707	0.0329508915	0.050491769	0.0001161901	-0.005183653	-0.0707072922	-0.0177256813	0.052424073	-0.00405456	0.0247623981	-0.0731252667	-0.0096804941	-0.035560747	0.1998039758	-0.0546622123	0.0255654445	0.1509922018	-0.2480751657	-0.2262981816	-0.2238576111	-0.2284795791	-0.1249598215	0.0421520222	-0.228495778	0.052559589	0.0223462387	0.1915260118	-0.0391537773	-0.0175579307	-0.1892602613	-0.1235221543	0.3142488524	0.2096772791	0.1318780895	0.0180559421	0.0267259008	0.0468089647	-0.0462570678	-0.0932483061	-0.0473586783	0.0457030134	0.093241782	0.047906183	-0.0451468273	-0.0932309089	0.0	-0.0381561182257002	-0.0011856857093874	1.4058506014457367e-06	0.0014558893580536	-0.0130473159876061	0.0600098110061537	0.0001702324544804	0.0036011774169942	0.5738399812625516	0.3823608951401738	0.146199854132395	0.3292923240954056	-0.0152898446791199	-0.0021944520551104	0.0002337793503116	4.815619822178258e-06	-0.0001428792257343	-0.0001749369885313	3.060294995640789e-08	2.0414473146433063e-08	-0.0030252728993276	0.0010307021916803	9.152276115406025e-06	1.062347007934779e-06	0.0	0.0	0.0	0.0	0.0	0.0	0.0	0.0	1.0	0.0	0.0	0.0	0.0	0.0	0.0	0.0	0.0	0.0	0.0	0.0	0.0	0.0	0.0	0.0
5232.80924889163	49.45331585237909	2445.6304487951693	27382292.635285784	14459.396341646634	148.99197340745195	209074142.56482407	22198.60813984687	4917.086474853211	19.77680761596912	391.12211947905416	24177739.40118438	6197.642134122838	6624.7957425113655	2.167958	59.63504	0.4199221564287871	0.2212677590818391	-0.1949324114	-0.2372831227	0.0521205882	-0.0001721057	0.1313466078	-0.2447130927	-0.0166691551	0.1174337606	0.0887949947	-0.1393322738	0.0727436627	0.246416114	-0.1897528358	0.0760963311	0.1793783168	0.09563333	-0.2346516897	-0.1997189932	-0.0380992343	-0.1451045089	-0.0024221386	0.002168546	0.0623269043	0.1028879822	0.0662798662	-0.0847815112	-0.2372177952	-0.1580903336	0.0252600461	0.0100375271	0.0352893508	0.1192046572	0.1581040483	-0.0225708353	-0.0194432031	0.027393409	-0.1677810788	-0.0709340895	0.0027585406	-0.069948036	0.0760854081	-0.0537354348	0.0309125722	-0.000103934	0.0732066125	0.0434919992	0.0803317807	-0.0141447138	0.093754256	0.0143736448	-0.0919364468	-0.0879750504	0.0407739064	-0.0032304619	0.0136014629	0.0333979353	-0.0117308525	-0.0344695366	-0.0481529452	0.0121395467	0.0158397951	-0.0069833532	0.0141024724	-0.0444952684	0.0423321869	-0.0028087828	-0.0708177695	0.0752650048	0.1036496634	0.0069928154	-0.0797805033	0.0046816202	-0.0263271777	0.0139788104	0.0921670583	0.0231653481	-0.0674076946	-0.0603221303	0.0163242447	-0.0605757507	-0.0551644289	0.0633714743	0.0343979939	-0.1036250693	-0.0223617738	0.0372359436	-0.0055196803	0.0365339075	0.232141213	0.0385737506	-0.026225441	0.0600490195	0.0850559658	0.1817417587	-0.2420215478	0.0283825087	-0.1569671542	-0.1759969526	-0.0058093266	0.0227450564	-0.012992021	-0.051445637	0.0628711709	-0.3419767662	-0.0747860227	0.0915703205	0.044582893	0.1653939956	0.116936366	-0.0978559621	-0.0265279462	-0.1468316729	0.1386495334	-0.0657629586	-0.0483596398	-0.021864768	0.0478371533	-0.003948603	-0.0107018829	0.019024099	0.0992511892	0.0677643743	2.3263e-06	0.0462373993	-0.0454673738	-0.0816330617	-0.06456421	-0.0730907267	0.0787047095	0.0621676152	0.0700675177	0.0047550701	0.0052532699	0.0629265471	-0.0539854146	-0.0723834825	0.006966614	-0.0087831645	-0.0286048413	0.0545041931	0.0008558228	-0.0735546062	0.0261164917	-0.0359179036	-0.1536393075	0.0393202391	-0.031321233	-0.055061332	0.2675906248	-0.1342726687	-0.1194123533	-0.072361383	-0.0130866735	-0.1921865884	0.0088153742	-0.3547158574	0.1021621819	-0.0450381443	-0.1797040012	0.1553623221	-0.1116603594	-0.0182298754	0.0285430463	0.0393561913	0.2059577268	-0.0685263143	-0.1630496744	0.0749003123	-0.0659130469	0.1223776905	-0.104376251	0.0457030134	-0.0484514532	-0.0931961179	-0.042901286	0.0511434007	0.0930330924	0.0400495376	-0.0537757173	-0.0927615946	0.0	-0.0584962393672867	-0.0203401211415865	0.0004137205280544	0.0034218100201149	-0.152337817342655	-0.1392905013550489	0.0232068105927241	0.0194018437677408	0.5720672550606949	-0.0017727262018567	3.1425581867494792e-06	0.3272609443126781	-0.0118132342794752	0.0034766103996446	0.0001395525041417	1.2086819870917672e-05	-0.0011909924728317	-0.0010481132470974	1.0985413787410557e-06	1.418463070341768e-06	-0.0023796203914638	0.0006456525078638	5.662593207470329e-06	4.1686716091081444e-07	0.0	0.0	0.0	0.0	0.0	0.0	0.0	0.0	0.0	1.0	0.0	0.0	0.0	0.0	0.0	0.0	0.0	0.0	0.0	0.0	0.0	0.0	0.0	0.0
5206.864586900545	-25.944661991085013	673.1254858316513	27111438.826318983	14489.676739658453	30.28039801181876	209950732.0197992	916.9025037541576	4905.250733336259	-11.835741516952112	140.08477725610388	24061484.756895907	6220.398027110915	6708.202689589655	2.59352	71.341164	0.5632414194867985	0.3966610212271184	0.1610392849	0.0483578469	-0.0796515189	-0.0524750138	0.0130725214	0.1315890656	-0.0819281036	-0.1596042132	0.1613496293	-0.0226766991	0.0656337576	-0.0554956455	-0.1900790561	-0.0352021694	0.1054632735	-0.0789391562	0.137830646	-0.1236064467	-0.0604715124	0.0400638028	-0.0039529294	0.0353377575	0.1508156901	0.1308623933	0.0837618162	0.1015949701	0.0914066277	-0.0728150635	-0.0615899162	0.0914584554	-0.0383534421	-0.0354391824	0.1002268963	-0.0104415549	-0.0725014578	0.0631672263	-0.0767045905	-0.0442853495	0.0179945959	0.0055762439	0.014411487	-0.1845463371	-0.0775238543	0.0030478624	0.0118963423	0.0093928947	0.0826307321	0.080776202	-0.1579791466	-0.0903106332	0.1269664974	0.0289129091	0.0233649294	0.0503532963	0.0752952137	-0.0900935956	-0.0613093957	0.1133951756	-0.0665860244	0.0403611417	0.0881070315	-0.0423802332	0.0436625598	-0.0479718607	0.0679744407	-0.0873611675	-0.0462205966	0.0125160381	0.0542713275	0.0328742813	-0.0314974884	-0.0075268858	0.0426962012	-0.089492135	-0.0668868508	0.0240736084	0.0580193932	0.1419926569	0.1009557314	0.0023822851	-0.0179240334	0.0433552567	0.0685811866	-0.0373932652	0.0513748209	-0.0337896204	-0.0815850236	0.0096736311	-0.1421491511	0.0220547892	-0.0273408373	-0.1333934725	0.0789739191	0.0426461333	0.0485520581	-0.2015686062	-0.0113880771	-0.1553514139	-0.03983462	-0.0273758838	-0.0698620098	-0.0519281933	-0.1610104854	-0.0283859275	-0.0600474455	-0.0097585655	-0.0187503796	0.0978562556	-0.0613947279	-0.0837945487	0.0812359108	-0.1871213889	-0.0063790365	-0.0885121047	0.0876992542	0.0428368656	-0.0934768651	-0.0992407867	-0.0103121187	-0.0817803973	0.1608985072	0.0882303775	0.0805074144	0.0227979836	0.0380357307	-0.0528245774	-0.0600636929	-0.0603322032	-0.0181600794	0.0010529297	-0.0467828026	0.1206750362	0.1395488699	-0.0189466693	0.0469281578	0.0398222013	0.0985836352	-0.1337312503	0.0130943993	-0.1062872092	-0.14197866	0.015306847	0.0153004251	0.013168808	0.0216801129	-0.0366362654	0.0137830007	0.0506078889	-0.0977939145	0.0026704304	-0.0360770456	-0.0027732403	-0.014870521	0.202747354	0.1183157717	0.0071657335	0.1454801366	0.1451042513	-0.035211583	0.0943519904	0.0215902622	-0.0031927865	-0.0834240822	0.0850260262	0.0729553781	0.0908690303	-0.0891710053	0.0500301368	0.028273497	-0.1108002016	-0.0770539964	0.0445885354	-0.0506096822	-0.0929874623	-0.0383158593	0.0563453339	0.0921998906	0.031827039	-0.0617631348	-0.0908922084	0.0	-0.0326819241311255	0.0258143152361612	0.0006663788711119	0.0010681081649126	-0.2144885851734272	-0.0621507678307722	0.0460053531696985	0.0038627179419545	0.1755086973797048	-0.3965585576809901	0.1572586896700271	0.0308033028559207	-0.0125963570526234	-0.0007831227731481	0.0001586682109971	6.132812778233254e-07	-0.0013209025414047	-0.0001299100685729	1.6876625916641545e-08	1.7447835238893952e-06	-0.0030409431245201	-0.0006613227330562	9.247335086566069e-06	4.373477572570541e-07	0.0	0.0	0.0	0.0	0.0	0.0	0.0	0.0	0.0	0.0	1.0	0.0	0.0	0.0	0.0	0.0	0.0	0.0	0.0	0.0	0.0	0.0	0.0	0.0
5158.896642060874	-47.96794483967096	2300.9237321417163	26614214.56346696	14340.05235501803	-149.62438464042316	205637101.5446581	22387.4564790253	4889.002715924756	-16.248017411503497	263.9980698045208	23902347.556319635	6180.083062454779	6583.938806378582	1.746374	48.038326	0.2397629323653697	0.1581033442957046	-0.0019070953	-0.0061835088	0.0792182198	-0.0167358374	-0.0930178021	0.0820437921	-0.0266680676	0.054422848	-0.0316912	0.0622556185	-0.004492408	-0.0138131047	-0.0171704212	0.0753920553	0.2153391881	-0.0159722673	0.0590904933	0.0288360445	0.0594404782	0.0191389304	0.00971711	0.0937474145	-0.1212017694	0.0530339782	-0.0050442258	0.1580859741	0.072333856	0.0033297818	0.0935798863	0.0990275376	0.0140635087	0.0662443568	-0.1070093149	0.0708958114	0.0471236004	-0.0533316197	-0.0749544088	-0.0832938277	-0.0188352076	-0.0875850178	-0.0825370709	-0.0005507078	-0.0625023728	-0.0369037968	0.0318692499	0.002222513	0.0487048666	0.0351519063	0.0957008925	0.124215929	-0.1899552137	0.0020052967	0.0202440429	0.0554751635	-0.0978866901	-0.0062943818	0.0103817329	-0.0245465434	0.0129581375	0.0319405911	0.1201728644	0.0383643118	0.0488136542	0.0943030856	0.1375323263	0.0220828071	0.05217969	-0.1788436039	-0.010039454	0.0364062942	0.163440507	0.0341546674	0.0119861842	-0.0149482158	0.1293305108	-0.0221331738	0.0465617564	-0.0129311824	-0.0205175358	0.0013991104	0.0230473771	-0.000658615	0.137079245	0.0123811127	-0.0005907803	0.104851163	-0.0437712266	-0.0050710767	-0.0548871557	0.0113846874	0.0347944214	0.0081836849	0.0206514365	-0.0918849475	0.0034508129	0.0353648637	0.105198173	-0.0018193738	-0.0273677257	-0.0881273714	0.0082098614	-0.0272430036	-0.0859604489	-0.1565512941	0.1202542066	0.0095097848	-0.1323221066	-0.002658	-0.0973682793	0.091375808	-0.0520345928	-0.0245370334	0.1108692938	-0.0298165611	-0.1172747362	-0.0633798782	-0.0097533339	0.1172914217	0.0337167793	0.0779048281	-0.0519456016	0.1069930922	0.0608199623	-0.0543564221	-0.0157699648	-0.0162363408	0.0687772067	0.0984555099	0.0462365468	-0.0353300942	-0.0895152581	-0.0910118641	0.0780989653	0.0226993239	0.0740583303	0.0568272871	-0.128629563	0.0298042631	-0.1737720139	0.0052868043	0.0207025914	0.0365316302	-0.1363589474	0.1485616458	0.0253113321	-0.0741309653	-0.0125715805	0.0098015159	-0.0049275155	0.028945047	-0.0099273125	-0.0402624999	0.0909381634	0.0561037112	-0.0656121322	-0.0598108323	-0.1486476226	0.0922328458	-0.0741404491	0.0609812536	0.0307827075	-0.0681837871	0.0618359066	-0.0015512103	0.0646896377	-0.0114933647	0.0166902311	0.0218032547	0.1457000736	-0.0065115672	-0.1205036424	0.0434657385	-0.0527301444	-0.0926226898	-0.0336160831	0.061284559	0.0907477697	0.0233138	-0.0690138005	-0.0876509655	0.0	-0.0414683402414226	-0.008786416110297	7.720110806328835e-05	0.0017196232423783	-0.0917250887407448	0.1227634964326824	0.0084134919044975	0.0150708760563772	0.2746737244082951	0.0991650270285902	0.009833702585581	0.075445654880324	-0.0124944725686575	0.0001018844839658	0.0001561118447689	1.0380448072997451e-08	-0.001399055065745	-7.815252434029986e-05	6.107817060761163e-09	1.957355076986746e-06	-0.0030418659720899	-9.228475697999236e-07	9.252948592158432e-06	8.516476370856247e-13	0.0	0.0	0.0	0.0	0.0	0.0	0.0	0.0	0.0	0.0	0.0	1.0	0.0	0.0	0.0	0.0	0.0	0.0	0.0	0.0	0.0	0.0	0.0	0.0
5126.681144117059	-32.215497943814626	1037.8383077679243	26282859.553445403	14342.334052609174	2.2816975911446207	205702546.0766327	5.206143897435164	4880.813311770118	-8.189404154637486	67.06634040799372	23822338.58435239	6182.77122785238	6423.616114466542	1.306399	35.935734	0.1634470699285539	0.0855234972296213	0.0163150517	-0.0451022027	0.0381664595	-0.019741245	-0.0103217742	0.0437444468	-0.0152106745	-0.0640392309	-0.0871029909	-0.0114122228	0.0302546206	-0.1417832808	0.1823816678	0.1765910927	0.0815990544	-0.0922448057	0.0065963607	0.0807039009	0.1187914852	0.0311201086	-0.0148988439	0.0928367766	-0.0450012891	0.1210437517	-0.0764937252	0.0545095432	0.0996394545	0.0390173014	0.1886839526	0.061717663	-0.0772105624	0.0887288975	0.0077094115	0.1485236015	-0.011855876	0.0520048477	-0.0042246287	-0.0393946815	-0.1019797484	-0.0887278719	0.0257647941	0.0355206539	0.0836535259	0.0711867177	-0.0403960899	-0.072286958	-0.0482953374	-0.1363369106	0.1015038249	0.0503780619	0.0724948119	0.0195118237	0.0131952153	-0.0079378789	0.0173337005	-0.1562161887	0.0095285237	-0.016219644	0.0411035346	0.0030710247	0.0097464859	-0.030439893	0.0020258421	-0.0202776086	-0.1133034987	-0.0484465517	-0.0395674651	0.1131113332	-0.0953862222	-0.1163656064	-0.0209759994	0.0655644022	0.0946044634	0.0389615825	-0.0741783845	0.0461618956	0.0844840368	0.0138544193	-0.0624910155	0.0748864416	-0.0143606115	0.0298997489	0.0153808429	0.0036170939	-0.012918481	0.019231527	0.0315899626	-0.0599024668	-0.0701968699	0.0065972259	-0.0334299415	0.0537304896	-0.087220353	-0.1095240399	0.1282369376	0.0359718065	0.0141937153	-0.0849597958	0.0729619154	-0.1718194854	0.1234384848	-0.0295063963	-0.0606667019	-0.1085773792	0.0231599444	0.0931054415	-0.0808327787	-0.0234369814	-0.0750708174	0.0438823904	0.143557847	-0.0271131778	0.0681009589	0.0358406605	0.064426743	-0.1069835582	-0.0272593697	0.0463498246	-0.0095743547	0.119505321	-0.0010478849	-0.0494526886	-0.0265571075	0.0288302665	0.025464255	0.0527382106	-0.0102755425	0.1301995227	0.0498260398	0.0519024313	-0.0382770942	-0.0052608408	0.0114582496	-0.1076184379	-0.0787413045	-0.0456422394	0.0650545453	0.0660102669	0.0579226631	0.0652391841	0.0473419561	-0.0315511965	0.0252092812	-0.1367815458	0.0678279833	0.0143251619	0.0136026942	0.0308881959	0.0045073578	0.0443666469	0.0221591959	-0.0404474594	0.0362852813	0.1954187936	-0.0780232813	-0.0764511677	-0.0882460895	0.0150782723	0.028262142	-0.0347499033	0.0651200129	-0.199586168	0.0090922214	0.077084013	0.031539006	-0.1530581108	0.0578416577	-0.068735493	0.0432470671	-0.0721781821	-0.0531568207	0.0423348324	-0.0548112574	-0.0921024127	-0.0288159833	0.0659380473	0.0886864774	0.0145875891	-0.0754412237	-0.0830867868	0.0	-0.0557662979202575	-0.0142979576788349	0.0002044315937857	0.0031098799837309	-0.0595807149611289	0.0321443737796159	0.0035498615952792	0.0010332607656836	0.3025992424166688	0.0279255180083737	0.000779834556036	0.0915663015111419	-0.012414432564168	8.004000448950076e-05	0.0001541181358902	6.406402318679301e-09	-3.701082888141194e-05	0.0013620442368635	1.8551645031733137e-06	1.369801454489156e-09	-0.0033813661399714	-0.0003395001678815	1.1433636972545089e-05	1.1526036399156692e-07	0.0	0.0	0.0	0.0	0.0	0.0	0.0	0.0	0.0	0.0	0.0	0.0	0.0	0.0	0.0	0.0	0.0	0.0	0.0	0.0	0.0	0.0	0.0	0.0
5139.21715647159	12.536012354530612	157.15160575294414	26411552.98137193	14276.13456655649	-66.19948605268473	203808018.16242903	4382.3719536396	4888.346571078957	7.533259308838751	56.7499958142057	23895932.1989794	6172.116201583711	6382.808996097586	1.154017	31.744093	0.1132968581761788	0.0729298571125292	-0.0284390507	0.0113692752	-0.0708035866	0.016977146	-0.1137584798	0.0171913107	0.0392488899	0.0110507109	-0.1309623153	0.145948481	-0.0531182987	-0.0249640149	0.0642880262	0.0598054208	-0.0749781043	-0.0143675944	-0.0063200175	0.1094727474	0.0186249509	0.0778600849	0.1179374819	0.0730585468	-0.0212642998	0.0269984388	0.0013182137	-0.048527123	0.0614376019	-0.0191421319	0.0418023414	0.0692254177	-0.0651701952	0.0724635091	0.0151142304	-0.0488150189	-0.0548586233	0.0341674723	-0.0195001699	-0.0245185228	0.1128091939	-0.0528778382	0.0175417304	0.0566349897	0.0295995163	0.0171431195	-0.0441017276	-0.0041298368	-0.0640589483	-0.0078708877	-0.0003435919	-0.1436982213	-0.0952258486	-0.0148012525	-0.0155312333	-0.1036914743	-0.0550077915	0.0706893236	0.0019627741	-0.0337793907	0.006574073	-0.151965176	0.0473679166	0.0379084314	-0.101702559	-0.0215114812	-0.0715248254	-0.0549318588	-0.0277881937	-0.0069049443	0.0096394438	0.0211804533	-0.0017203905	-0.0368924928	-0.0431518212	-0.0655160089	0.0077167716	0.0409340475	0.0275710399	-0.0588968533	-0.0050492843	-0.0082638192	0.013805368	-0.0077336025	0.0155022785	0.0030851879	0.0801051948	-0.1334837945	0.0868275578	-0.1189342913	-0.0184747819	-0.0566371881	-0.0122558786	-0.0244689383	-0.0403650549	-0.0992128712	0.0122309649	0.0649863418	-0.0470558624	0.1167469758	0.0282605221	-0.1001955407	-0.0180111414	-0.0671236248	-0.0180243674	-0.0176885836	0.0748610904	0.0600626394	-0.0715485978	-0.0364111832	-0.0294940488	-0.0283491478	-0.0032701502	0.0137037554	0.1847059258	0.1234019945	0.030395056	0.0399687934	-0.0179906819	-0.0117954917	-0.0523824745	0.0004441516	0.0593342291	-0.0669317415	0.0225586995	0.0555606553	0.0264198016	0.0128389441	0.0079453144	-0.0588582977	-0.077917329	-0.0156909298	-0.0045523228	-0.034886663	-0.169129871	0.0695765824	-0.0406523847	0.0365337308	-0.060061721	-0.0519756441	0.0830924748	-0.0353596551	0.0576015703	-0.0937486428	0.0258417392	0.0710595185	-0.0775790713	0.0039273949	0.0057083703	-0.0055052042	-0.0019425424	0.0266580208	0.01875883	-0.0079328854	-0.0724119106	0.1103873247	-0.0682633044	0.0266021944	-0.0919404355	-0.0170901126	-0.0839677235	0.009900716	-0.01992142	-0.121632874	0.0073770404	0.0349602239	-0.0163777873	-0.2026867561	0.0581415216	-0.06445226	-0.0786314951	-0.0348843884	-0.0372307559	0.0411960279	-0.0568514682	-0.0914275044	-0.0239298853	0.070284102	0.0860298509	0.0057281203	-0.0809687338	-0.0772685604	0.0	-0.04960435248951	0.0061619454307475	3.796957149151002e-05	0.0024605917859035	-0.0542400584829607	0.0053406564781681	0.0029419839442349	2.8522611617799947e-05	0.3382083606170525	0.0356091182003837	0.0012680092990088	0.1143848951912742	-0.013474309257499	-0.0010598766933309	0.0001815570099667	1.123338605066254e-06	-0.0002101185164677	-0.0001731076875862	2.996627150147192e-08	4.414979096258712e-08	-0.0034720845203917	-9.071838042029992e-05	1.2055370916743662e-05	8.229824546082254e-09	0.0	0.0	0.0	0.0	0.0	0.0	0.0	0.0	0.0	0.0	0.0	0.0	0.0	0.0	0.0	0.0	0.0	0.0	0.0	0.0	0.0	0.0	0.0	0.0
5161.462872259111	22.245715787520567	494.8718708991418	26640698.981709268	14295.122759540263	18.988192983773843	204350534.71032605	360.5514727890382	4892.459280940328	4.112709861371513	16.914382403822493	23936157.815659154	6178.055950093296	6454.129519306585	1.102191	30.318493	0.1012123075017299	0.046937917013465	-0.0397621627	-0.0166961758	0.0976679346	-0.0119544631	-0.0779808549	-0.0129023466	-0.0424865013	0.0288286812	-0.1483390381	0.0582704614	0.0632018371	0.0099899449	0.1054425705	0.0324339727	0.0116153836	-0.0088309458	-0.0304429655	0.0645024676	0.0833920018	-0.0093283124	0.0320283616	0.0082624461	-0.0479212267	-0.0830744125	-0.0259856786	0.0266585677	0.017158141	0.0350595814	0.1190358849	0.0699510516	-0.1680603175	0.0600412008	0.0977583765	-0.055437982	-0.0479618402	0.045858996	0.00341484	0.0555443247	-0.0179324938	0.0266301905	0.0351433924	-0.1154484838	-0.0261156548	-0.0757891254	0.0423055082	0.1348350355	-0.0609284195	-0.0304602033	-0.0286362005	-0.0697658795	0.0617171626	0.0305917826	0.0172256392	0.0134175089	0.0031553318	0.0615103045	-0.0934098456	0.0411320023	0.1131304103	0.1107539666	0.0365727724	0.0660391715	-0.0504235266	-0.0581500179	-0.0369475672	0.0573066383	0.0468020447	-0.1511793526	-0.0276991654	0.044235129	0.0587920599	0.0490664238	0.0289257843	0.0047529276	0.0637838449	-0.0598327789	-0.0042942125	-0.0718779231	-0.0587732904	0.0146309548	-0.0418541514	0.0622658171	0.0260091751	-0.0289387595	-0.0081703153	0.0161888508	0.0731933993	0.0864948775	-0.0013141875	0.0229371667	-0.0269157576	0.0523660744	-0.1145573393	-0.0650182973	-0.0040704674	0.07474704	0.0765561174	0.0252092379	0.0642972814	-0.0279676969	-0.0027305262	-0.0247432477	0.030951517	-0.0213808262	0.0626621361	0.0750900576	0.0784726495	-0.0554710362	-0.1176688179	-0.03109307	0.0662454147	-0.0135313521	0.0934689904	-0.005302677	0.1364626081	0.0894243071	-0.0637889157	-0.083100954	0.0686688221	0.0638733877	0.0790551196	0.0463600246	0.0528636211	0.0548567468	-0.0801799816	-0.0426468753	-0.0397511343	-0.0120677568	-0.044840339	0.0756312596	-0.0183080028	-0.0432723382	0.0347743401	-0.0449193352	0.0612420714	0.0873285742	0.0097780815	-0.0764377591	0.017174297	0.0285361265	0.0570506964	-0.0366165882	-0.0148713604	0.0010187453	0.0137939962	-0.0499339599	-0.0064174062	-0.0093774908	0.0054357967	0.0467637192	-0.0046147267	-0.0438041634	0.0473257284	0.0904319324	-0.0626288641	-0.0360668865	-0.1529039127	-0.0202509306	-0.0020223296	0.0315572837	0.0073960173	-0.1179749829	0.015232871	-0.0045955073	0.047754873	-0.1018090107	-0.0567283415	0.0160428706	-0.0472788237	-0.114357038	-0.0750435578	0.0400495376	-0.0588492543	-0.0905990982	-0.018972371	0.0743024598	0.0827957235	-0.0031836749	-0.0855303949	-0.070284102	0.0	-0.037507425928311	0.0120969265611989	0.000146335632227	0.0014068069997677	-0.0884682960730742	-0.0342282375901135	0.0078266394100731	0.0011715722485252	0.3532956147507349	0.0150872541336823	0.0002276252372943	0.1248177914020996	-0.0133593571281398	0.0001149521293592	0.0001784724228771	1.3213992044214297e-08	-0.0006032584916149	-0.0003931399751472	1.5455904005874106e-07	3.639208077054844e-07	-0.0031841788405634	0.0002879056798283	1.0138994888691675e-05	8.28896804773957e-08	0.0	0.0	0.0	0.0	0.0	0.0	0.0	0.0	0.0	0.0	0.0	0.0	0.0	0.0	0.0	0.0	0.0	0.0	0.0	0.0	0.0	0.0	0.0	0.0
5178.947574738418	17.48470247930709	305.7148207898874	26821497.98188894	14364.633508613782	69.51074907351904	206342695.8367899	4831.744236761728	4899.107857426752	6.648576486423735	44.20356929582658	24001257.79870054	6182.586036993361	6466.856139091597	1.087419	29.912142	0.1482410944892166	0.0731007515018069	-0.0249828876	-0.0061771544	-0.0342502842	-0.0547674209	0.0703840186	-0.0163114191	-0.063459192	0.0493104015	-0.0012939738	-0.0297869736	-0.0171494834	0.0489857711	0.085714811	0.0641315406	-0.0716980611	0.023087079	-4.4447e-06	0.0064367983	0.0547078157	-0.0340248297	0.0339154061	-0.0982777179	-0.0981634921	0.0797670157	-0.07105752	-0.0250926288	-0.0363072301	-0.0228487743	0.0432828749	-0.0061478723	-0.0172119901	-0.0128255882	0.1064711925	-0.0240074253	-0.0682215117	0.0097203087	-0.0162779332	-0.018076126	0.0014569693	0.0136520769	0.0696267297	-0.023362721	0.0014646604	0.0799965034	0.0929797037	-0.0816559851	-0.1229624765	0.0132280657	-0.0358457082	0.1123576081	-0.0800273623	0.0200044587	-0.0830552893	-0.1045752854	-0.0027495472	0.0467166709	-0.0073922512	-0.1326418526	0.0397880603	0.0429471675	0.1369585028	-0.0101807737	-0.1177783158	0.0751612119	0.0841479402	-0.0007966622	0.0358437025	0.1512798858	0.0511193123	0.0345790899	-0.05072815	0.021476292	0.0132692583	0.00607934	-0.0574936684	-0.0039869724	-0.0716085749	0.0268956309	-0.0634651784	0.0928211666	0.0167881688	-0.0665459627	-0.0112679571	0.0075462209	-0.0988670079	-0.0036832491	-0.1471951553	-0.0517235328	0.0193771116	0.0674955778	0.0020060379	0.043916047	-0.0018572293	0.0595775857	0.0579711509	0.0995849264	-0.0464176452	0.0100208672	0.0207752821	-0.0071195225	0.0523534459	-0.0497666561	0.0152639697	-0.0526176536	0.0663777587	-0.0359341456	0.0596677581	-0.0271305207	0.0339167507	0.0149978322	-0.0235541786	0.0574615997	0.1373264893	0.086870012	0.0217834112	-0.0582153098	-0.0472060402	0.0951333105	0.0010335516	-0.0269452684	-0.0373482447	-0.0609716991	0.0295277859	-0.0576901028	0.0010966977	-0.1701320201	-0.1066639691	0.0391699551	-0.019258365	-0.0897174677	0.0361522177	-0.0945446899	-0.0371266796	-0.0298108445	-0.0655106399	0.0109248324	0.0484553864	-0.1613195609	-0.1022299022	0.0116223745	0.1335355146	-0.0395923661	0.0135908765	-0.0543089333	0.0477033843	0.0953783966	-0.1499956612	-0.0090200963	-0.0054433919	0.0374841022	0.005332394	-0.0427688721	0.0489615711	0.0764860751	-0.0762734556	-0.0502378028	0.0039393639	-0.0814098045	-0.0346030388	-0.111662887	0.0112267313	-0.0901956027	0.022395541	-0.0092731333	0.0455084569	-0.1303787547	-0.0062934528	0.031630106	-0.0231634625	0.068907673	0.0297242518	0.0388955753	-0.0608031248	-0.0896185849	-0.0139582358	0.0779743851	0.0790058053	-0.0120663873	-0.0890717925	-0.0622388298	0.0	-0.0299373384838048	0.0075700874445062	5.7306223917470445e-05	0.0008962442354938	-0.0285562618707331	0.0599120342023411	0.0008154600920298	0.0035894518422624	0.3603556913586345	0.0070600766078995	4.9844681709410987e-05	0.1298562242945594	-0.0137778375396512	-0.0004184804115114	0.000189828807269	1.7512585481875086e-07	6.376041924549547e-05	0.0006670189108603	4.449142274453882e-07	4.065391062361349e-09	-0.0027957002382458	0.0003884786023175	7.815939822127623e-06	1.5091562445863577e-07	0.0	0.0	0.0	0.0	0.0	0.0	0.0	0.0	0.0	0.0	0.0	0.0	0.0	0.0	0.0	0.0	0.0	0.0	0.0	0.0	0.0	0.0	0.0	0.0
5184.231997102901	5.284422364483362	27.925119726251925	26876261.399785534	14379.5069924379	14.873483824118011	206770221.34557047	221.2205210663001	4896.373890953366	-2.7339664733863174	7.474572677600417	23974477.2800098	6190.022010205993	6555.228738076258	1.193276	32.824009	0.1144351106787181	0.060026517969898	-0.0068384996	0.0180024283	-0.0096410459	0.0384569392	-0.1197549835	0.0089374941	0.0517617521	-0.0638872353	-0.0051612179	0.1296712597	0.0021354555	-0.0345758926	-0.0292544979	-0.0473879991	-0.0356262136	0.0123049602	0.013605512	0.0720706318	-0.0204591094	0.0625649103	0.0624731148	0.0403305549	0.0435852314	-0.0367079089	0.0495105504	0.0612451446	-0.0073121423	0.0169803327	0.1293858538	0.0001428916	-0.0333793887	0.0794707727	-0.0228438889	0.0118929604	-0.1210668675	-0.0078673345	-0.0370024796	0.0419806832	-0.0829953493	-0.0001571595	0.0025955013	-0.0042063972	0.0005597424	0.1574718588	-0.0330199303	0.0639345193	-0.0487970002	0.0270699287	0.0400333522	0.0367522026	-0.0418754348	-0.0102597291	-0.0024664803	0.0180737839	-0.0118018786	0.050557713	-0.0170386688	-0.004379258	0.0700471418	-0.0269876375	0.007541796	0.007324081	-0.0258377664	-0.0720269323	0.0481677413	0.1320184878	0.0139721139	-0.0128833859	-0.0140124938	-0.0697339973	-0.0191977352	0.0450020196	-0.0646199074	0.0110173499	0.0608609221	-0.1028111404	0.0698605439	0.0241103888	0.066916404	-0.0565118866	-0.0200843009	0.0489740215	-0.0958935104	0.0685775235	0.0805676067	0.056584418	-0.0430515154	-0.0511689849	-0.0172079737	-0.0829375207	0.0167748889	-0.085881253	-0.0488698476	-0.0814168808	-0.0085625846	-0.0252011328	0.0012859275	0.0529662811	0.0078472223	0.0117783451	-0.0650568969	0.0033316647	-0.0005914443	-0.0453619263	0.0727856368	0.0995879195	-0.0011498611	-0.0282294126	-0.1083419312	0.0789171208	0.0242226104	-0.0376686085	-0.0049067037	-0.0258774667	0.0343919809	0.0797263221	0.0860789237	0.0185283136	0.0101738512	0.0521005705	-0.0646204496	-0.0236590939	0.0119898217	-0.0296036583	0.0710158941	-0.0600229345	-0.0221324967	0.0943270885	0.0516817324	0.0190541256	0.012200949	-0.0570848823	-0.0392726851	-0.0140109683	0.0334424124	-0.0880422622	-0.0300874049	-0.0094856726	0.0792779126	-0.0382744754	0.0366079288	0.0673724651	-0.0224416828	-0.0022495254	-0.015334727	0.1111220053	-0.0188359709	-0.0203462924	-0.0050076903	0.0321353631	-0.0094191793	0.0448697442	-0.1007699343	0.0959465093	0.0055906847	0.0580698017	-0.0690248173	-0.0652652599	-0.0507608885	0.1099907198	-0.0562139383	-0.0358274699	0.0244014	0.0371892489	0.0307574001	-0.1051091127	-0.0523602834	0.0307194201	-0.0260411016	-0.0265304212	0.0672159531	0.0377343563	-0.0627116218	-0.0884876105	-0.0089024437	0.0812827579	0.0746855372	-0.020838873	-0.0915506825	-0.0532541728	0.0	-0.0231250000835387	0.006812338400266	4.640795447974008e-05	0.0005347656288636	-0.0775477240779167	-0.0489914622071836	0.0060136495096647	0.0024001633691978	0.3781312580119831	0.0177755666533486	0.0003159707698476	0.1429832482857249	-0.0139187294462235	-0.0001408919065723	0.0001937310293971	1.9850529337577853e-08	-0.000210848704423	-0.0002746091236684	7.541017080197903e-08	4.445717615685761e-08	-0.0023940864001282	0.0004016138381176	5.731649691278803e-06	1.6129367496755014e-07	0.0	0.0	0.0	0.0	0.0	0.0	0.0	0.0	0.0	0.0	0.0	0.0	0.0	0.0	0.0	0.0	0.0	0.0	0.0	0.0	0.0	0.0	0.0	0.0
5198.9364151382415	14.704418035340495	216.21990975804684	27028939.84865047	14388.293159680488	8.786167242587908	207022980.04890832	77.1967348147248	4903.100423481878	6.726532528512507	45.246239857136864	24040393.76274817	6185.300081297213	6532.996845377538	1.167364	32.111217	0.0771671543347735	0.0518877555147005	-0.0524474294	0.0013429115	0.0643418158	0.0057379801	0.0491563525	-0.0712680354	0.0064487679	0.0373373414	-0.0097716612	-0.0422739576	0.048138481	0.0883534714	0.0416923977	-0.000809515	-0.0043021744	0.053355884	-0.038390464	0.0350417421	0.036612416	-0.0732351871	-0.0170273852	-0.0372526873	0.0251327078	-0.0971795087	-0.0361063213	-0.0229437997	-0.0708476237	0.0238672131	0.0295178883	-0.0310884447	-0.0620773021	0.0222719515	0.0483339711	0.0029482104	-0.059553872	-0.0182922392	0.0068742876	-0.0102746178	0.0384697701	-0.003405223	-0.0372298893	0.0328570426	0.0147062022	-0.0251591877	-0.0236160149	-0.0054692536	0.0479064361	0.0075117257	-0.0516676151	-0.000305733	-0.018265747	0.021659652	-0.004751776	-0.0525434286	0.0952736825	-0.0832970556	-0.077468642	-0.0499975601	0.0570152861	0.0639114709	-0.002917427	-0.0697827844	0.0538638348	0.0385859142	0.0580644178	0.1278254862	-0.0311234159	0.0136438013	-0.0276780564	0.064112005	-0.043941168	0.0013413955	-0.0238066323	-0.0072523987	-0.0171826477	0.0223904478	-0.1186398115	-0.0007848436	-0.0334170747	-0.0324863718	0.0375720185	-0.0427529755	-0.1196183837	0.0729454836	0.0200980112	-0.0103369719	0.0659076369	-0.0172398606	0.0645930547	0.010734704	0.0115032494	0.044122979	-0.0622069975	0.0879112203	-0.0338960109	0.0653516865	0.0507197985	0.0210338826	-0.0066284036	0.0310168835	-0.0027085026	-0.0036722849	0.0694721631	-0.0172068268	-0.0240544533	0.038409855	0.0013799243	-0.0060707527	-0.0590509096	0.0128016268	0.0136655048	0.0022003324	-0.0092201221	0.0368127361	0.0561320681	0.0052923538	-0.0323578519	0.0305497742	-0.0029421586	-0.0809410431	0.008597008	-0.0313940972	-0.026432889	-0.0350892704	0.028866238	-0.0345882868	-0.0575659984	-0.0452596178	0.0351722427	-0.0168696559	-0.0358353675	-0.0016466867	0.0135633447	-0.0023247705	0.0113915708	0.0445566073	0.0704301354	0.0557924338	0.0643451796	-0.018576869	-0.0025191248	-0.0710567126	0.0001725781	-0.0554422788	0.0076117608	0.0797346298	0.0086309769	-0.0336464724	0.0007393001	0.0284815838	-0.0269048169	-0.024482476	0.0713877054	-0.0381475618	-0.0709686764	-0.0514123541	-0.0409582101	-0.0133400681	0.0488593023	0.0311335259	0.050646834	-0.0277897504	0.0091815456	-0.026790382	0.0862788168	-0.0630547982	-0.0331910074	-0.0292019112	-0.0787854343	-0.0617225724	0.0422149905	0.0365660973	-0.064573321	-0.087208074	-0.0038200832	0.084212153	0.0698639202	-0.0294209952	-0.0929374951	-0.0434657385	0.0	-0.020039627369158	0.0030853727143807	9.519524786644927e-06	0.0004015866650947	-0.1259539317645988	-0.048406207686682	0.0158643929269612	0.0023431609426062	0.3944183367670888	0.0162870787551057	0.000265268934375	0.1555658243781167	-0.0139434099848167	-2.4680538593200435e-05	0.0001944186820046	6.091289852504561e-10	-0.0003718119055822	-0.0001609632011592	2.5909152127417084e-08	1.382440931326668e-07	-0.0023962125639479	-2.1261638197002902e-06	5.741834651621769e-06	4.52057258820253e-12	0.0	0.0	0.0	0.0	0.0	0.0	0.0	0.0	0.0	0.0	0.0	0.0	0.0	0.0	0.0	0.0	0.0	0.0	0.0	0.0	0.0	0.0	0.0	0.0
5203.958026448231	5.021611309989567	25.21658014861513	27081179.14103497	14455.001231345152	66.7080716646633	208947060.59818983	4449.9668252178535	4904.074922013174	0.9744985312954668	0.949647387497022	24049950.840718515	6195.736087685515	6553.817477924798	1.029765	28.326214	0.105190825292769	0.0590413596816844	-0.0144211344	0.0106738838	-0.0915178652	-0.035525122	0.0424602225	-0.0353830887	-0.0246064317	-0.0400477	0.1152494269	0.0021645542	-0.0165638822	0.0182935987	0.0335830644	-0.049349823	-0.0554474622	0.0449500701	0.036497155	-0.0249815786	0.0019202268	0.0167939104	0.0679391481	-0.0425439395	0.0176666408	-0.0687585167	-0.0504838174	-0.1270642559	-0.0349758736	0.0440836639	-0.0272016275	-0.0216844942	-0.0585939523	-0.01493164	0.0226059344	0.0765130035	-0.0953888866	0.042769646	-0.0374174023	0.0561300677	-0.0196415948	0.0812738265	-0.0243704121	0.0207204456	-0.0254118368	-0.0124967766	-0.0112608668	-0.0159784602	-0.0412741486	0.1068327595	-0.0258977551	-0.0071080338	-0.042925256	-0.035060422	0.0875385178	0.0324672878	-0.0277770581	0.0010932256	-0.0479642908	0.0923196116	0.1202158212	0.0784314245	0.0072808539	0.054557397	-0.0693213347	0.0635752649	-0.0538469044	0.0259329903	0.023693382	0.0362063878	0.0689861753	-0.0557571719	0.1070966781	-0.00413886	0.1211776313	-0.0046865882	-0.0201898293	0.0192585661	-0.1462118659	-0.0977961788	-0.0571879216	0.0815405113	-0.0045135995	-0.0361979241	-0.0414987512	0.0087870439	-0.0810548389	-0.0280782751	0.1043848861	0.0016114308	0.0355761507	0.0480999473	0.0055652693	-0.0632409836	0.0070577542	0.0700866447	0.0406170242	0.0044568895	-0.0399123269	0.0504254998	0.0736667497	0.034820464	-0.0289410455	-0.0599246517	0.1105397204	0.0831884451	-0.0274408437	-0.0039832318	0.0433796811	0.0398258408	-0.1119993081	-0.0133236049	0.0599931866	-0.0436448552	0.0233197497	-0.0053796627	-0.0212411387	0.0545340786	0.0995929215	0.0347433173	0.0972792988	0.0104002404	0.0186753883	-0.0529664767	-0.0045404861	-0.0318045239	0.0078145165	-0.0180753318	0.0423139787	0.0557371196	-0.0363236989	-0.0258935793	-0.0763842944	-0.0605909238	0.0195321825	-0.1244352379	-0.0015647118	0.1586379542	-0.0099048308	0.0835918431	0.0080432316	0.0221315568	0.0575775497	-0.0419027474	0.0841658935	0.0188134362	-0.0841438466	-0.0245739464	-0.0489484631	-0.0365491289	-0.024351823	0.041690041	-0.0496061559	0.0104728794	0.0360416724	-0.0252233093	-0.0424141435	0.0153863526	0.0715770512	-0.0376680492	-0.0890047645	-0.025033289	-0.0182720599	0.0024078384	0.0016014518	0.0598276959	0.039319931	0.0331173289	-0.1373818406	0.0374897926	-0.0572830853	-0.0960752149	-0.0117301007	0.0353910162	-0.0663868332	-0.0857821235	0.0012736779	0.0867489121	0.064573321	-0.0377343563	-0.0932156873	-0.033021266	0.0	-0.0063554021063225	0.0136842252628355	0.000187258021044	4.039113593304847e-05	-0.1050229691602737	0.020930962604325	0.0110298240512398	0.0004381051955436	0.3933629711571953	-0.0010553656098934	1.113796570545878e-06	0.1547344270776164	-0.0149633363165947	-0.001019926331778	0.0002239014337235	1.040249722254127e-06	-0.0006651872296481	-0.0002933753240659	8.606908077077187e-08	4.424740504869142e-07	-0.0023191087834775	7.710378047039992e-05	5.37826554960249e-06	5.944992962827624e-09	0.0	0.0	0.0	0.0	0.0	0.0	0.0	0.0	0.0	0.0	0.0	0.0	0.0	0.0	0.0	0.0	0.0	0.0	0.0	0.0	0.0	0.0	0.0	0.0
5205.320845969848	1.3628195216169845	1.8572770485003456	27095365.109488256	14388.114723557692	-66.88650778745978	207017845.29825765	4473.804924001917	4908.45718618735	4.382264174176271	19.204239292268834	24092951.94863424	6201.355755016322	6622.689017603995	1.31163	36.07962	0.2270931354278168	0.1366776004809715	-0.0188743726	0.0951568882	0.074222669	0.0069941319	-0.0707183084	0.0008549317	-0.0039697919	-0.0012622908	0.0182567261	0.1154105905	0.0723767935	0.0636904668	-0.0246094459	-0.0071282986	0.0064427843	0.0738139705	0.0611539321	-0.0331731629	-0.0464188193	-0.0172666332	-0.0242616345	-0.0002345052	0.0132511056	-0.0254852559	0.0902387054	0.0319949141	-0.0323502586	0.0672567596	0.030678355	0.0033636277	0.007894287	0.0383021338	0.0342931156	0.0138078365	-0.0335600228	-0.0930694079	-0.0056164259	0.0641248609	0.0902659116	0.0451794099	0.1058942419	-0.0149400103	0.0138329365	-0.0303779618	-0.0429422199	0.1227443849	0.0991839189	-0.0649650994	-0.0180886704	0.0419597835	-0.0110427248	-0.0778382224	0.0338110097	-0.0513161599	0.1097172813	0.054244433	0.1219517149	-0.1323838556	-0.026856389	0.0440497727	0.0009796577	-0.1380671082	-0.0308625776	-0.0111895536	-0.130335883	-0.0180852974	-0.0284442809	-0.1561941295	-0.06253223	-0.0647654663	0.0248142508	-0.0054210412	0.0554036619	-0.0685994787	0.0268089904	0.0914715218	0.2287267136	0.1515113462	-0.029531651	-0.0640274671	0.0775104761	-0.0849720381	-0.0935205671	-0.0633622921	0.0225551484	0.0294314183	-0.0855532453	-0.0018388639	-0.0071523187	0.0158067115	0.0620018749	-0.1301478495	-0.0446880241	-0.008518629	-0.0825859065	0.0462004634	0.0438106194	-0.0731779942	-0.0392943571	0.0428488695	-0.0055504774	0.1157255284	0.0307265148	-0.0760502344	-0.0782212367	-0.012764122	0.0881937014	0.0464906408	-0.0031443274	0.1366607207	-0.0925903704	0.0803527274	0.0261174057	0.025723001	0.074202903	0.1351350605	-0.13555771	0.1246394589	-0.0188737923	-0.1129009578	0.0172619952	0.0533436959	0.0149542881	-0.0557367577	-0.1202213924	-0.0017950929	0.0432123045	-0.0779847822	0.1329350607	0.0135126575	0.0915788971	0.0979280107	-0.0715249979	0.1366451123	0.0055238223	-0.0158366561	0.1377951579	-0.0079895951	0.0171727245	0.0088666961	-0.0638817503	-0.0499257872	-0.0024466443	0.1107983663	0.0761355706	-0.0757601031	-0.0447996891	-0.0492836565	-0.0665312648	-0.0014167093	-0.0034444959	0.0295123047	-0.0674008699	-0.0995326809	0.0986156266	0.0637122239	-0.0509891739	-0.1027744728	0.0174124848	0.0680657966	-0.0491057513	-0.0185601123	-0.0962957411	-0.0614001602	0.0885287823	0.1079649431	0.0438789857	-0.0289975093	-0.0216950726	0.1075616025	0.0382984811	0.0342093323	-0.0681508051	-0.084212153	0.0063636379	0.0888812078	0.0588492543	-0.0457030134	-0.0923819408	-0.0220783961	0.0	-0.0301884238173926	-0.0238330217110701	0.0005680129238803	0.0009113409325785	-0.1634672012536242	-0.0584442320933505	0.0267215258856928	0.0034157282649814	0.4019854675630867	0.0086224964058913	7.434744426960934e-05	0.1615923161319134	-0.016939712557862	-0.0019763762412672	0.0002869538615429	3.9060630470458525e-06	-0.000584259315604	8.092791404410002e-05	6.549327271529241e-09	3.413589478700545e-07	-0.0029856723325162	-0.0006665635490386	8.914239277152726e-06	4.443069649070671e-07	0.0	0.0	0.0	0.0	0.0	0.0	0.0	0.0	0.0	0.0	0.0	0.0	0.0	0.0	0.0	0.0	0.0	0.0	0.0	0.0	0.0	0.0	0.0	0.0
5197.88156279616	-7.439283173687727	55.34293413831334	27017972.740856253	14474.027280523838	85.91255696614644	209497465.7173483	7380.967444461357	4910.171450928852	1.7142647415021202	2.9387036039573307	24109783.67751675	6216.01417216813	6571.85598164696	1.128795	31.050283	0.0988862091315229	0.0515278201122415	-4.25363e-05	0.1137978198	0.0221878769	0.0526016921	0.0882991852	-0.0229376879	0.0506146364	-0.0650198997	0.106830568	-0.0564778899	0.0184714086	-0.0222755954	0.0151208759	0.0520323704	0.0819345879	0.0608951144	0.0998761842	0.0016991562	-0.0530944553	-0.0761511646	-0.085018974	-0.0302942929	-4.2823e-05	0.0362906008	0.0127677043	0.0566100784	-0.0481657366	0.1113513777	0.026634938	-0.0138645607	-0.0284203493	0.0232187134	0.0235973844	0.1177647438	0.0594427259	0.0262474633	0.1229256243	0.1066591677	0.0110373182	-0.0076262237	-0.0371914985	0.0025421844	0.0305202834	-0.0074689698	0.0364754571	0.0218730123	0.0680352859	-0.0329442427	0.0098379011	-0.0209062355	0.0432210864	0.0260230947	-0.0159084042	-0.0375531612	0.0206092056	-0.0119008327	0.0375728387	0.0601756408	-0.1278724846	-0.0516541329	0.0429933676	-0.0706355159	-0.0083141839	-0.0799335328	0.0217242328	0.0481418491	0.0785967067	-0.0644521946	0.1286765259	-0.0402835776	0.0377098058	-0.1132578177	0.0264387106	0.0674404768	0.0396887867	0.0400092154	0.1176202066	0.0199316812	-0.0447189399	-0.0160854088	-0.0765022077	-0.0186542953	0.0167478981	0.109931885	-0.0192081726	0.041491367	-0.0813685579	-0.0193144957	0.0013111198	-0.032263539	0.0826268295	-0.067315815	0.0114971426	0.0462240523	0.0817900766	0.0505082781	0.0653494168	-0.1547406155	-0.062231838	-0.0021513552	0.0673112733	0.1387930672	0.0491069046	-0.0455308816	-0.0912372727	0.034656073	-0.0003483599	0.01812859	-0.0161312502	-0.0339027621	-0.0002388834	0.109628948	-0.0848579491	-0.0094324321	0.0352152713	0.0332769619	-0.0216806303	0.0408904626	-0.0222998455	-0.0098733058	0.0801317183	-0.0625551471	0.0111288112	0.0252173771	0.0217238331	0.1112855651	-0.0016215954	0.0035877779	-0.0131209724	0.0343783142	0.0093843863	0.013804424	0.0201723238	0.0569322982	0.0589237873	-0.067609418	0.07587427	-0.0109980662	-0.0903645875	-0.1119174563	-0.0312014511	0.0972517271	0.0061043146	-0.0493515551	-0.0361737936	-0.0834729408	0.0119078269	-0.0534581634	-0.0986232786	-0.0025104416	-0.010621625	0.0325412026	-0.0206926013	-0.1424280897	-0.0153026569	-0.0011356915	0.0137740386	-0.0187174204	0.0901961893	-0.0255938054	0.0930382999	-0.0445904172	-0.0996624142	-0.0231326269	0.0064685164	0.1480751384	0.1677088017	-0.1523176262	-0.0667996299	0.0183369046	-0.0332890154	0.033021266	-0.0698639202	-0.0825007985	0.0114346062	0.0905990982	0.0527301444	-0.0532541728	-0.090446201	-0.0108022918	0.0	-0.0365201743387615	-0.0063317505213689	4.009106466485534e-05	0.0013337231337335	-0.1503303022042672	0.0131368990493569	0.0225991997608263	0.0001725781166329	0.4091311515703637	0.007145684007277	5.1060799931855045e-05	0.1673882991852919	-0.0177689350220758	-0.0008292224642138	0.0003157350518187	6.876098951568074e-07	-0.0008721294608571	-0.0002878701452531	8.28692205280409e-08	7.60609796494896e-07	-0.0033140172341197	-0.0003283449016035	1.0982710228042387e-05	1.078103744090122e-07	0.0	0.0	0.0	0.0	0.0	0.0	0.0	0.0	0.0	0.0	0.0	0.0	0.0	0.0	0.0	0.0	0.0	0.0	0.0	0.0	0.0	0.0	0.0	0.0
5187.969405574447	-9.912157221713642	98.2508607879699	26915026.55317648	14443.984388146033	-30.0428923778054	208628685.0050063	902.5753824243978	4903.869344735909	-6.302106192943029	39.71654246713088	24047934.550240595	6196.266359440679	6496.546273997674	0.996366	27.407497	0.0754230635080144	0.0370243564028856	-0.035106426	0.0438334991	-0.0616057927	-0.0159461029	0.0643702856	-0.0602243692	0.0152713111	0.0197081648	0.1129960746	-0.0858511546	0.003000881	-0.0457088631	0.090413632	-0.0091196431	-0.0373039247	0.0784786395	0.0604417721	0.008880055	0.0104946549	-0.0203421382	0.0577906291	-0.0771895581	-0.0115084902	0.0198661253	-0.0768807171	-0.04889502	-0.0762516345	0.0681530579	-0.0462152297	-0.0265294735	0.1055397072	0.1010703744	-0.0199702284	0.0252655631	0.0090174177	-0.0521456082	0.098213404	0.0572359357	-0.0488460884	0.0704374795	-0.0533582439	0.0379087935	0.0326636218	-0.0232021452	-0.0353568666	0.0614574692	-0.0661147986	-0.0320582636	0.0524887421	-0.0530820798	-0.05986476	0.0093717145	0.0158449311	0.1224618106	-0.0026018185	0.0327609228	0.0221143047	0.0581842974	-0.0625441823	-0.0575658408	0.0134596854	-0.0154468943	0.0238534383	0.030633845	0.0578911579	-0.0585024127	-0.0605406268	0.0437981306	-0.0555535388	0.0346239791	0.0332246803	0.0514156799	-0.0924560311	-0.1390753071	-0.0448178259	-0.0246158301	-0.0727708898	0.0659907768	0.1144204996	-0.026518289	0.0425022303	0.0094931933	0.0584518755	0.0361522623	0.0295430983	-0.003666715	0.0691804253	-0.0258016097	0.0548547275	0.0350064185	0.05717587	-0.0098104529	0.0267728034	0.0710441033	0.1096841223	0.0436328801	-0.0189520483	0.0160177209	0.0159676443	0.0065986693	-0.0220112403	-0.0050989652	0.1557267731	0.0693936882	-0.0330545794	0.0235321009	-0.047197849	0.0916408323	-0.0577192225	0.0342442657	-0.0438237439	0.0446311537	-0.0711892142	-0.0040597457	-0.1047702469	0.028516102	0.0491702609	-0.0698627597	0.0355125986	0.0896417525	-0.0687194446	-0.0353734567	0.0341156769	0.0228025248	0.0316041687	0.0751969491	0.0190538295	-0.0083899545	-0.0498023285	-0.0035706907	0.0562500927	-0.0297987888	-0.0027058299	-0.0022098885	0.0412557817	-0.0006118172	-0.062855491	-0.0267320285	-0.0311015779	0.0291483103	0.0083916144	-0.0166916199	-0.0277801897	-0.1126189885	0.049530133	0.0501693408	0.0552727668	-0.0540965829	-0.0606951431	0.0073899837	-0.0291799104	0.011625846	0.0101332027	-0.1519894294	-0.0298368047	0.0167151797	0.0631144003	-0.0650573201	-0.0129149677	-0.0897031291	0.0069238972	-0.0362538775	-0.0336979333	0.0420081433	0.0173927215	0.1203032599	0.0522432079	-0.1215014458	-0.058274946	-0.0084952415	-0.0183252232	0.031827039	-0.0715249003	-0.080650933	0.0164714492	0.0918945739	0.0462570678	-0.0603188546	-0.0874315588	0.0006368538	0.0	-0.0182368989356831	0.0182832754030784	0.0003342781594648	0.0003325844827903	-0.1425635506460167	0.0077667515582505	0.0203243659727993	6.032242976758684e-05	0.4253468740771993	0.0162157225068355	0.0002629496564186	0.1809199632872448	-0.0175768074452873	0.0001921275767884	0.0003089441599687	3.6913005762620654e-08	-0.0009330568337539	-6.092737289680004e-05	3.7121447681057236e-09	8.705950550148531e-07	-0.002903925903008	0.0004100913311117	8.432785650160827e-06	1.6817489985296608e-07	0.0	0.0	0.0	0.0	0.0	0.0	0.0	0.0	0.0	0.0	0.0	0.0	0.0	0.0	0.0	0.0	0.0	0.0	0.0	0.0	0.0	0.0	0.0	0.0
5192.931419804203	4.962014229756278	24.62158521630379	26966536.73078969	14393.10981695713	-50.87457118890234	207161610.20298773	2588.221993654692	4900.719503351117	-3.1498413847921256	9.921500749349176	24017051.65052602	6193.51430268377	6561.922929627006	1.014204	27.898178	0.0884127386784649	0.0378669861247316	-0.0237150485	0.0853280266	-0.0187601226	0.0171728212	-0.0710192485	-0.0190743896	-0.001682497	-0.0085602207	0.0423109575	0.1039975994	0.0772054351	-0.0645244826	-0.0160846079	0.0007501766	-0.0882813768	0.0712739779	0.0565092845	0.0430067567	-0.0013001256	-0.0128406658	0.095789887	0.0485763494	-0.0011028753	-0.0700738939	0.0864662764	-0.0434864901	-0.0190288112	0.0326928673	-0.1029472196	-0.0360370552	0.0762213246	0.0430772936	-0.0634511687	0.0917620219	0.0347779388	-0.0210130016	0.0096308842	0.0451736988	-0.0169350989	-0.004145605	0.0037024413	-0.048018343	0.0277286944	0.0365627306	-0.0513092628	0.0376619483	0.0305796197	-0.026207577	-0.0747502204	-0.1349443376	0.0435846651	0.0345818448	-0.1567140718	-0.0554555012	0.0403419407	-0.0258754158	-0.0218504957	-0.0598566636	0.0215498989	-0.0654387403	-0.0434327615	0.1580444766	0.0035867823	0.0527466712	-0.1299570426	0.0816249077	-0.0395013028	0.0615881231	-0.0171999047	0.1628336464	0.0122346545	0.0496184913	-0.0637293342	0.0700513932	0.013848403	0.0512212663	0.0168659029	-0.1430973782	0.0790063648	0.0063320059	-0.0275746317	0.0240227294	0.1091504969	0.0198264559	-0.0259205009	0.071909282	-0.0250920058	0.0488477698	0.0133594326	-0.0123042003	0.070134644	-0.1040101861	-0.0768969024	-0.0515802268	-0.0084687025	-0.0307445283	-0.0223442038	0.0347243245	0.0530422793	0.0310901127	-0.0463544343	0.0435664972	0.0561689347	0.0468549415	-0.04957034	-0.0219193506	0.0184128223	0.0610927854	0.0141623398	0.0261863015	-0.0492274797	-0.0701585311	-0.1092845417	0.0846164659	-0.059031247	0.0430571668	-0.0372422511	-0.0520546958	-0.035588843	0.0743897596	0.0003228604	-0.0157960193	0.0291977642	0.0431380929	0.0246910625	-0.0262552093	-0.0374861011	-0.0497168525	-0.0438613901	-0.0483668001	0.0414719131	0.1457912314	-0.0320195003	0.0246825177	-0.0359684596	-0.1544826192	-0.0526956378	0.0089856388	0.0883891854	0.0041539018	0.1701500469	-0.0411122545	0.0295179701	0.0394324648	-0.0324872019	-0.1261387548	0.0898366473	-0.0608762478	-0.0614435454	0.011748481	-0.024165947	0.045526612	-0.0813168419	-0.1137055219	0.0696097582	0.0996629405	-0.0043847308	-0.1145176816	-0.0278250556	0.0341935252	-0.0658675424	-0.0350791277	-0.0662347993	0.0387346916	-0.0119958025	0.118292558	0.0404808231	-0.0685415651	-0.0392533368	-0.0146247763	0.0447236884	0.0306268741	-0.0731325059	-0.0786656624	0.021459135	0.0927615946	0.039473477	-0.0668325226	-0.0833739747	0.0120663873	0.0	-0.0274962472242918	-0.0092593482886087	8.573553072976086e-05	0.0007560436114193	-0.1301771597376131	0.0123863909084036	0.016946092917352	0.0001534226797357	0.450593653720432	0.0252467796432326	0.0006373998823539	0.2030346407731285	-0.0171208783370132	0.000455929108274	0.0002931244750308	2.078713517716149e-07	-0.0007236100730745	0.0002094467606794	4.3867945559093896e-08	5.236115378548832e-07	-0.0027388973751971	0.0001650285278108	7.501558831861564e-06	2.723441499143293e-08	0.0	0.0	0.0	0.0	0.0	0.0	0.0	0.0	0.0	0.0	0.0	0.0	0.0	0.0	0.0	0.0	0.0	0.0	0.0	0.0	0.0	0.0	0.0	0.0
5199.800771994475	6.869352190272366	47.18799951399975	27037928.068434343	14374.41105831831	-18.69875863882044	206623693.2735037	349.6435746328619	4905.237163364317	4.517660013199929	20.409251994865585	24061351.62885041	6186.78775179189	6576.952895866105	1.000478	27.520611	0.1004160385970349	0.0491191248650997	-0.0496760328	0.0495450229	0.0672864446	0.0335451993	0.010803153	-0.0560960915	0.0353235501	0.0519471682	-0.0023301755	0.0151952231	0.065854968	0.0569198016	0.0074506647	-0.0997709364	0.0047097825	0.0896549958	0.010125598	0.0218856073	-0.0139969868	-0.0567659822	0.0192707013	-0.0566217425	-0.0098684393	-0.0817413819	0.0180374117	-0.0428521194	-0.1128047692	0.0546634131	-0.0899605102	-0.0289461424	0.0114312578	0.0188748514	0.0617479487	0.0412262316	0.1236544281	0.0255131829	0.0271672228	0.0303209835	-0.0376239554	0.046222138	0.0156908921	0.0171935337	-0.0187377204	-0.0053048698	-0.0230951775	0.1028200471	0.0483043163	-0.036045461	0.0265960906	0.0544120043	-0.0172272805	0.0696034659	-0.0700950623	0.0023616878	-0.0284871236	0.0143059037	-0.0340093247	0.1176811319	-0.1860585269	0.0274705882	-0.0423724892	0.0270722172	0.0317166436	-0.0004488063	0.0891130736	0.0641391957	0.0028536717	0.009475683	0.0721090047	0.0445690977	-0.0237983066	-0.0010753368	0.0608840041	0.0156532481	-0.0901451866	0.0068278765	-0.0058881697	-0.0030529998	-0.0308721145	-0.0371575167	0.0516881259	-0.0361845732	0.058469229	-0.0897855642	-0.0093485658	0.0631411244	0.0344039605	0.0312088133	0.0647769811	-0.0095579052	0.0618174633	-0.0042981396	-0.0438785067	0.0388146514	-0.0457607809	0.0493035665	0.0498602886	0.0330099581	-0.0029997874	0.0600833384	-0.0395917515	0.0524057225	0.1280670764	0.0139402495	-0.0667290301	-0.0235801225	0.0443829616	-0.019839416	-0.0176288938	-0.0786513254	-0.0213083487	0.0367338875	-0.0652018158	-0.0217174673	-0.0499866504	0.0796265355	-0.0161396907	-0.0078618101	0.0834696739	0.0811782859	-0.0239478916	-0.0164646096	0.0023438532	0.0938753425	0.0391851918	0.0257562603	0.038585636	-0.0252122794	-0.0060026407	0.0037472666	0.0694944735	0.0559321491	0.113048763	0.0324911573	0.0930983784	0.0149003425	-0.0542201767	-0.0900548032	-0.0104334601	0.0422654097	-0.0115337387	0.1275708809	-0.0440644857	0.0469952946	0.0447925931	-0.0345203513	-0.0270308242	-0.0562383372	-0.0311053634	0.000696977	-0.0360566328	0.0013712208	0.0189680423	-0.1762764917	-0.0031357239	0.0152928161	-0.0190139754	-0.0324521386	0.0508240461	0.0380424993	0.0124184435	0.0107602252	-0.0463495315	-0.0230946452	0.034897627	0.1368817218	-0.0272499059	-0.0270632656	-0.0345345725	-0.0498590978	-0.027811283	0.0294209952	-0.0746855372	-0.0765483197	0.0263827782	0.0931961179	0.0324249087	-0.0727356746	-0.0783218503	0.0233138	0.0	-0.0140734235129258	0.0134228237113659	0.0001801721963864	0.0001980612493741	-0.1654101677920323	-0.0352330080544192	0.0273605236089882	0.0012413648565627	0.4500703594451423	-0.0005232942752896	2.738368985509592e-07	0.2025633284510795	-0.016513012939391	0.0006078653976222	0.0002726795963364	3.695003416263973e-07	-0.0005796811747136	0.0001439288983608	2.071552778338228e-08	3.360302643173393e-07	-0.002465953420061	0.000272943955136	6.080926269910544e-06	7.44984026453373e-08	0.0	0.0	0.0	0.0	0.0	0.0	0.0	0.0	0.0	0.0	0.0	0.0	0.0	0.0	0.0	0.0	0.0	0.0	0.0	0.0	0.0	0.0	0.0	0.0
5193.962616639365	-5.838155355110757	34.084057950408415	26977247.663047235	14451.32240271935	76.91134440103997	208840719.18733817	5915.354897575382	4905.235275465401	-0.001887898915811	3.5641623163206987e-06	24061333.10767013	6200.255456657367	6559.954370762627	0.942775	25.933338	0.1254071978334038	0.0749507866986794	-0.0249091638	0.0470502977	-0.0203032223	-0.0112571088	0.0939518839	-0.0312950691	-0.0154284955	-0.0084766586	0.1163935469	-0.0701359001	-0.0046985949	0.0077500026	0.0431049253	0.0389940869	0.0241619781	0.070109751	0.0305421725	-0.0153410631	-0.0044450912	-0.0285809355	-0.0348057314	-0.0895187087	0.0029668122	0.0558139151	-0.0707342507	-0.0145034678	0.0018126385	0.0649274464	-0.0325450759	-0.0435031064	0.024224378	-0.0107595793	-0.042352616	0.041590385	0.0015080725	0.0058714982	0.0417510992	-0.0678478312	0.0328914445	0.0689257926	0.0600533675	0.0279135096	0.0130692758	0.0080974694	-0.0151763074	-0.1192047393	0.0180151892	-0.0372257957	-0.0104298325	-0.0899481723	0.0591309803	-0.0084060889	-0.116905475	0.0981117648	0.0289029855	0.0313482323	-0.0239422372	-0.1667883445	-0.0876206125	-0.0020452349	-0.0455668115	0.0749485361	0.0669742303	0.0883708458	-0.0093155463	0.0922045887	-0.0042405333	-0.013825264	-0.0626564454	-0.0921168559	0.0855508293	-0.078115359	0.0133581673	0.00254152	-0.0092155887	0.020358789	-0.0761473358	-0.0344769744	0.0049194993	8.15863e-05	-0.0074993598	-0.0311815084	-0.0244005846	0.0157546613	-0.1127725187	0.0387281031	-0.0354503078	0.0373250331	0.0328643307	0.0405414669	0.0343670384	-0.0085036578	0.0345888731	0.0495025619	0.1085658066	0.0278567481	0.0043025061	-0.0534990474	-0.0357300765	0.036923978	0.0479986858	0.0111193267	0.0754331701	0.0320540808	-0.0250639236	-0.0660662185	0.0052498518	-0.0319407772	0.0806591937	0.0626188127	0.0406501226	-0.0411804769	-0.0254507923	0.0131222759	-0.0106455984	-0.0379275873	-0.0537215259	0.0219884093	-0.0149300314	-0.0396516752	0.0281726526	-0.0662895144	-0.0151647981	-0.0405312511	-0.012767164	-0.0218204674	0.0435671371	-0.0351350723	-0.0344745746	-0.0011450639	0.0336574803	0.0774669751	-0.1216774543	-0.0419216369	0.0065282394	-0.0667299914	-0.0872335509	0.0594763381	-0.0434378376	0.0550470494	0.0525649918	0.0765944132	-0.0280051524	-0.1157255169	0.0469407507	-0.0060610393	-0.0686401544	-0.0472691896	-0.046160403	0.0158151608	-0.0220554307	0.0056780243	0.0408054036	-0.0882251735	-0.0033265882	-0.0080479494	0.0626310003	-0.0693008913	0.0575868967	-0.0808576592	0.0267187102	-0.0571616464	-0.0339063263	0.03257514	0.0129421513	0.1128316314	0.0192677664	-0.0445462365	0.0069288243	0.0025242212	0.037255599	0.0282096273	-0.0761828353	-0.0743024598	0.0312276849	0.0931961179	0.0251586786	-0.0779743851	-0.0723354508	0.0342093323	0.0	-0.0119003881537338	0.002173035359192	4.722082672298709e-06	0.0001416192382095	-0.1088099753317095	0.0566001924603228	0.0118396107316872	0.0032035817865455	0.4149533553835383	-0.035117004061604	0.0012332039742627	0.172186287144057	-0.0161166463212536	0.0003963666181374	0.0002597462886443	1.571064959736803e-07	-0.0003496850561879	0.0002299961185257	5.289821453688785e-08	1.222796385211348e-07	-0.0024619768376784	3.976582382600197e-06	6.061329949264935e-06	1.5813207445606262e-11	0.0	0.0	0.0	0.0	0.0	0.0	0.0	0.0	0.0	0.0	0.0	0.0	0.0	0.0	0.0	0.0	0.0	0.0	0.0	0.0	0.0	0.0	0.0	0.0
5177.653813099257	-16.308803540107874	265.9770729098351	26808099.008301277	14415.560277068307	-35.76212565104288	207808378.10178968	1278.929631080979	4902.014566650899	-3.220708814502359	10.372965267813193	24029746.8116576	6195.566013559092	6478.349322476568	0.973181	26.769733	0.038979496494907	0.0212370914690419	-0.0268824561	0.0303776403	-0.1037507716	-0.0146289722	-0.0372783084	-0.0310375539	-0.0088663385	-0.021349034	0.0851570859	0.0709072499	-0.0613922264	-0.0083789731	0.0274000368	0.0380318767	-0.0239377374	0.0571388144	0.0373132706	-0.021435064	-0.0168641038	0.0643612339	0.1236436063	-0.037161417	0.0063393034	0.0191719955	-0.0387515649	-0.0460853867	-0.0423929545	0.0722476983	-0.0755782664	0.0154435839	0.0065792203	0.0809016098	0.0047838312	0.1315278716	-0.008442435	-0.0434064769	0.0452092904	-0.0212626156	-0.1228707318	-0.0425772085	0.0224096103	-0.0318622308	0.0868209479	-0.0165021845	-0.0027264929	0.0195181264	-0.0060608351	-0.0332940369	-0.0009567962	0.0145099123	0.0037618838	0.0254310578	0.1562992684	0.0067288769	-0.0076329036	0.1048308659	-0.0259755698	0.0617004465	0.0790416787	-0.0150053713	0.0117889677	0.0140416775	0.04623201	-0.0383907813	0.023032957	-0.0152000882	0.0363526249	0.0300810136	-0.1019341604	0.0242013895	-0.0266419459	-0.001706021	-0.0168431131	0.0931533047	-0.032083583	0.0129745482	-0.0305662239	0.0272799247	-0.0630375367	0.1036475553	-0.0089570283	-0.0869236071	-0.0510726874	-0.0821942723	0.0300353042	-0.0540513715	0.0333518611	0.017008159	0.0240216337	0.0282117426	0.023246843	-0.0880149619	0.0323103688	-0.0290501292	0.0597100304	0.0035335263	-0.0495481752	0.0241991086	0.0657253476	0.0014307722	-0.0266497289	-0.0338536946	0.1292172264	-0.0146840048	-0.0606442381	-0.0369883634	0.0548635961	0.0098994648	-0.0450379213	0.0265033569	0.0004629058	-0.0723582433	-0.0049005293	0.0315053648	-0.0637105534	0.0515143537	-0.0095552426	0.0571108243	0.0069078191	0.155046227	-0.0476412941	-0.0200918777	0.0740014179	-0.0341172085	-0.0205180753	0.0378248344	-0.0018764926	0.012276409	-0.0273967425	0.0540096997	-0.0475239798	-0.1055660488	0.0658086417	0.0226671583	0.0307881126	0.0238712401	0.0298997108	0.050216248	0.0164674562	-0.0735658758	-0.0502531116	0.0470122987	0.0918365818	-0.0058229662	0.0654964646	-0.0025091424	-0.0147394374	-0.043087994	-0.0252433849	0.002249019	-0.0301491948	0.0232014696	-0.0231464931	-0.0744753854	0.0437051621	0.0697881905	0.0583306293	-0.068688505	-0.0314316063	-0.0496364684	-0.0506318233	-0.0435639527	0.0149077126	0.0885268652	-0.0392473677	0.0432085549	-0.0495976086	-0.0559234968	-0.0334342571	-0.0615592517	0.0572530378	0.0269929964	-0.077623283	-0.0719318531	0.0359793958	0.0927615946	0.0177235635	-0.0825007985	-0.0654861859	0.0445885354	0.0	-0.009449773899405	0.0024506142543287	6.005510223519499e-06	8.929822674987598e-05	-0.1143190069682447	-0.0055090316365351	0.0130688353542055	3.0349429572345672e-05	0.4317251117974265	0.0167717564138882	0.0002812918132068	0.1863865721565004	-0.0160706194510512	4.602687020239735e-05	0.0002582648095405	2.1184727806283326e-09	-0.0003536291307772	-3.944074589299989e-06	1.5555724365961873e-11	1.2505356213423802e-07	-0.002226985898667	0.0002349909390113	4.959466192861666e-06	5.522074141745948e-08	0.0	0.0	0.0	0.0	0.0	0.0	0.0	0.0	0.0	0.0	0.0	0.0	0.0	0.0	0.0	0.0	0.0	0.0	0.0	0.0	0.0	0.0	0.0	0.0
5195.650593351382	17.996780252125063	323.88409944327867	26994785.088192564	14386.67887119391	-28.881405874397387	206976528.94285727	834.1356052816759	4900.855876565426	-1.1586900854726991	1.3425627141727308	24018388.32286587	6189.985283932586	6551.902992844101	0.926502	25.485733	0.0601486121533758	0.0298149075014456	-0.0280177441	0.0630163566	-0.0279191156	0.0633672126	-0.0691273161	-0.0208550765	0.0515893562	-0.0276764884	-0.0052647578	0.1051596935	0.042200932	0.0074084343	0.0008854102	-0.0793749373	-0.0270978308	0.0590119553	0.0081277138	0.0525610794	-0.0385885324	0.0241103256	0.0763625194	0.0336544305	0.0224335355	-0.0907097327	0.0161488	-0.0264574066	-0.0440123529	0.0816045889	-0.0044096575	-0.0607643686	-0.0094575388	-0.0369764486	-0.0046146672	0.1152463729	0.0166099552	0.0111135141	0.0410369166	-0.0322119433	0.0033195967	-0.0308072702	-0.0378979943	0.0758131462	0.0401670523	-0.0370279912	-0.0005455028	-0.0476903894	0.0143831907	0.1246879877	-0.0647594561	0.0595543571	0.1035474219	0.0272998984	-0.0530496886	0.0454756286	0.0004100823	0.0476309302	0.047090288	0.0838590744	0.0758176048	0.0545446972	-0.0541146685	0.0737976823	0.0237837795	-0.0862509078	0.01552092	-0.0354623297	-0.0826061707	0.066313894	0.025116448	0.0207893286	-0.0636815603	0.0778603468	0.0090348216	0.056870942	-0.0140380171	-0.0095363653	0.0253120464	0.0565661789	0.0384488586	-0.1000060764	0.02934905	0.1033253567	0.0181310504	-0.0792255666	-0.049646161	-0.0004062265	-0.0629779629	0.0099839548	0.0256887719	-0.0668369712	0.0359073726	-0.0738549715	-0.0462960088	-0.0310568626	-0.0305652215	0.0043921525	0.0183878657	0.0659108924	0.0298500203	0.0103317916	-0.0136530159	0.047518911	0.0751733258	0.0188576181	0.0100639653	-0.0154312805	0.0614678793	-0.0242841613	-0.072163843	-0.0119359402	0.0945396646	-0.0291328993	-0.1453759492	-0.0236408736	-0.0470845702	0.0259905639	0.0007613941	0.0013807974	-0.0312577186	0.000161051	-0.056004065	-0.0049356074	-0.1300939578	0.0282411268	0.0075586422	-0.0046775073	-0.0350810829	-0.0890658823	-0.0094127127	-0.0434728374	-0.0577912106	0.00862758	0.0028686929	-0.0784160533	-0.0284330166	0.0015540777	0.0156355286	0.0049911448	0.0495916137	-0.0686332167	-0.0527314341	0.004142942	0.0528155431	-0.0069879176	0.002722986	-0.0774206088	0.0097835879	-0.0485955865	-0.0310940293	0.0034770106	-0.013394865	0.0612730568	-0.0507631369	-0.0993680747	-0.0081486536	0.1011654898	-0.0073422401	-0.0533803594	-0.0004023255	0.0470706263	-0.0543871022	0.0003675449	0.004755698	0.0065274682	-0.0082812129	0.0682489996	0.0073894132	-0.0087842334	-0.0048533825	-0.0372787135	0.1042928857	0.0257713294	-0.0790058053	-0.0694404798	0.0406237301	0.0918945739	0.0101694736	-0.0862735657	-0.0578557582	0.0542947536	0.0	-0.0118755881438659	-0.0024258142444608	5.884574748629405e-06	0.0001410295937627	-0.0903887260211746	0.02393028094707	0.0081701217917309	0.0005726583462057	0.4237342068532115	-0.007990904944215	6.38545618274798e-05	0.1795506780575202	-0.0161418381995588	-7.121874850759755e-05	0.0002605589404607	5.072110138988428e-09	-0.0001177198377637	0.0002359092930134	5.565319453012939e-08	1.3857960203111848e-08	-0.0020180816998355	0.0002089041988315	4.072653747210941e-06	4.364096428943092e-08	0.0	0.0	0.0	0.0	0.0	0.0	0.0	0.0	0.0	0.0	0.0	0.0	0.0	0.0	0.0	0.0	0.0	0.0	0.0	0.0	0.0	0.0	0.0	0.0
5198.792736576593	3.14214322521093	9.873064047738945	27027445.917881537	14389.42699569311	2.748124499199548	207055609.2643816	7.552188263100767	4905.337067171082	4.481190605655684	20.081069244216756	24062331.742562592	6191.076704502631	6597.3281778443925	0.831941	22.884592	0.1127085298555795	0.0612233136094874	-0.0365378619	0.0400656626	-0.0046740556	0.019218655	-0.0392814973	-0.0233290912	0.0021139438	0.0179812445	0.0115703341	0.0514536258	-0.0040236089	0.0686471247	0.0144448741	-0.0707631216	0.0407389443	0.0811046234	0.0157624303	-0.0315246799	-0.0343084753	-0.0083132279	0.0335364225	0.0166768127	-0.0221311018	-0.1192713468	-0.0012597023	0.0033633708	-0.0644759325	0.0370638207	-0.0926382721	-0.0459805622	-0.0488013527	-0.0014293238	-0.073635379	0.0814654203	0.0532509541	0.0029071371	0.006088581	-0.0103070175	-0.0163364149	0.1008713475	0.0007359751	0.1278099893	-0.0154374564	0.0167813853	0.0188549295	0.0799948984	-0.0040842282	-0.0738728752	-0.027562662	0.0120321047	0.0021874297	-0.1874327876	-0.076423889	0.0806636827	-0.0153236687	0.076755548	0.0413530223	0.0271576882	0.0320381798	-0.0264932052	-0.0546508396	0.0075214356	-0.0040710186	0.0790419998	0.0419530935	-0.0217472966	0.042618218	-0.0470511574	0.0148384949	0.0302871405	0.0031268862	0.0178046188	-0.0189155843	0.0218111651	0.0212561583	0.0421821545	-0.0171733516	-7.33141e-05	-0.0188904149	0.0657409726	1.61453e-05	-0.0068940638	0.1271065667	-0.0458106205	-0.0157392014	-0.1382042727	0.0097592761	-0.0100016022	0.0377055376	-0.0084626392	0.0201920729	-0.0528908945	0.0158532767	-0.0108408749	-0.0667309583	0.0585578795	0.0823280978	0.0342799559	0.0262532614	0.0289692664	-0.0425692828	0.0159141886	0.0810489375	-0.0014190643	-0.0724364696	-0.0065449635	0.0365765315	-0.0597315816	-0.0303912915	0.0232189693	-0.0126507413	0.0095841728	-0.0149720566	-0.041683322	-0.0957499656	0.0193137399	0.0343458467	0.0491039968	0.0994442989	-0.0270279943	-0.0271750447	-0.0473523527	-0.0456888398	-0.0553793182	0.0460372988	0.108292481	0.0650063856	-0.0338918252	-0.0500617321	0.0115623034	0.0934892528	-0.0247807349	0.0618206816	-0.0072159419	-0.001546272	-0.0156480034	-0.066494611	0.0300518675	0.0304338741	0.0010291389	0.0724548067	-0.0308827964	-0.095972089	0.0723476197	-0.0395533296	-0.0656495868	-0.0204201651	-0.0353477679	-0.0137003011	-0.0120567267	-0.0213486809	0.0064953809	0.0170503237	-0.1002330862	0.0103648212	0.0503686409	-0.0141683836	-0.0110384779	0.0533852841	0.0528198178	-0.017669526	-0.0098986979	0.0213277889	-0.0146839842	0.0089711845	0.0607182399	-0.0616226749	0.0016717589	0.0189474216	-0.0503106768	0.0331803467	0.0245448544	-0.0803293705	-0.0668325226	0.0451468273	0.0905990982	0.0025471182	-0.0892582227	-0.0495351885	0.0631814888	0.0	-0.0047294694709165	0.0071461186729493	5.106701208787608e-05	2.23678814763312e-05	-0.1367597084262826	-0.0463709824051079	0.0187032178488418	0.0021502680092148	0.4162358658678542	-0.0074983409853572	5.62251175326889e-05	0.1732522960347623	-0.0153424894312408	0.0007993487683179	0.0002353919819477	6.389584534115001e-07	0.0001134598159615	0.0002311796537251	5.3444032296503376e-08	1.2873129838017451e-08	-0.0020147483660354	3.333333800099869e-06	4.0592109784423145e-06	1.1111114222888234e-11	0.0	0.0	0.0	0.0	0.0	0.0	0.0	0.0	0.0	0.0	0.0	0.0	0.0	0.0	0.0	0.0	0.0	0.0	0.0	0.0	0.0	0.0	0.0	0.0
5188.272885456187	-10.519851120405292	110.66726759549248	26918175.533959877	14432.964323542668	43.537327849559006	208310459.16465548	1895.498916279986	4896.543826848926	-8.793240322155725	77.32107536318532	23976141.448252324	6194.413140546132	6526.737832216175	1.005907	27.669949	0.0867167016649334	0.0482508002984089	-0.03060446	0.0210151355	0.0345304697	-0.0014280181	0.1071618606	-0.0437693939	-0.0327989358	0.0455407342	0.0544344541	-0.1112339383	0.0598633175	-0.1293547077	0.1007358772	0.0383998831	0.0528934227	0.0570077504	0.0276429615	0.0225618416	0.0658440835	-0.0254798336	-0.0497884072	-0.0695005751	-0.0728328417	-0.001308467	-0.0316137067	-0.0639037433	0.0586578894	0.0674369423	-0.1074905175	-0.009637865	-0.0088447955	-0.0774142124	-0.0213125438	0.0218698554	0.0351328974	0.0605973032	0.0195572185	-0.0762508611	-0.0639977042	0.1020323182	0.0294673332	0.091021137	-0.0343901508	-0.0328506526	0.025411042	0.0216495828	-0.053272199	-0.0579968061	-0.0400229993	0.0705514197	0.06836749	-0.0526578593	0.0467540517	0.0530363307	0.0010790637	-0.1246151645	0.0845324742	0.0212576624	0.0056735432	0.0235419706	0.1036053722	-0.0561253149	0.0543287818	-0.1605275472	0.0133584489	-0.0628035882	0.0631419085	0.1248063247	-0.0021206343	-0.0067341823	-0.0349137677	0.0563566513	-0.0328215251	0.0515153848	0.0185105029	-0.0982505288	0.0755001954	0.0517212584	0.0073251933	-0.0750006392	0.0029083694	0.058951396	-0.0286103028	-0.0299787708	0.034297262	-0.0050110544	0.0461603285	-0.0238303552	0.0363443017	0.0670925524	0.056306673	0.0576325591	-0.0332588425	0.007576192	0.1170215566	0.027757346	0.0334380877	-0.0545591984	0.0203818063	0.0498909089	0.060359587	0.0174572375	0.0432442566	0.0964946035	-0.0901929578	-0.069762753	0.0221662416	-0.0063992109	0.0083148246	-0.022864085	0.0508782712	-0.0292040092	-0.0228762754	-0.0430663751	-0.106711392	-0.0172255196	0.0236152184	0.0304341598	0.0733971974	-0.0943245368	0.0198568098	0.0214764451	-0.0318450507	0.0387037695	0.0592636619	0.133953293	-0.0372823597	0.0171652681	0.0265247217	0.0428836157	0.0608511334	-0.0242980987	0.1222360747	-0.1177270404	-0.1732643866	0.0286375013	0.0253688655	-0.0207158667	-0.0639065406	-0.0712226142	0.0140177173	-0.0408286618	-0.0012705893	-0.0750234951	0.0614936844	-0.0033216741	0.0068048356	-0.0461481119	-0.0193296088	0.0235011843	-0.0098565163	0.0113890172	0.0723455497	-0.1060341268	-0.0208245292	-0.0024623281	0.0400125342	-0.0861534451	0.1007859496	-0.0755447472	0.0356901814	-0.029049383	-0.0310870502	0.0403712755	-0.0109929185	0.1156658478	0.0404914835	-0.0047396159	-0.0014213453	-0.051907696	0.0481079579	0.0233138	-0.0815929909	-0.0641123601	0.0495351885	0.0888812078	-0.0050923356	-0.0914275044	-0.0406237301	0.0711146114	0.0	-0.0002875824307579	0.0044418870401586	1.9730360477528933e-05	8.270365448062235e-08	-0.1001339156038909	0.0366257928223917	0.0100268010541671	0.0013414486998687	0.4340149645916824	0.0177790987238281	0.0003160963514316	0.1883689894895193	-0.0158595351375535	-0.0005170457063127	0.0002515248547792	2.673362624163988e-07	0.0001529781178073	3.9518301845800006e-05	1.56169618077576e-09	2.340230452786416e-08	-0.0020139139126228	8.344534126003382e-07	4.055849247455674e-06	6.963124978003504e-13	0.0	0.0	0.0	0.0	0.0	0.0	0.0	0.0	0.0	0.0	0.0	0.0	0.0	0.0	0.0	0.0	0.0	0.0	0.0	0.0	0.0	0.0	0.0	0.0
5215.899816446214	27.626930990026267	763.2473159276738	27205610.895203646	14415.870501552485	-17.093821990183642	207817322.31753108	292.19875023208584	4905.956067285684	9.412240436758111	88.59027003934452	24068404.934137218	6189.502136735169	6584.228670801106	1.104023	30.368881	0.1145863273460097	0.0739676036811397	-0.0187035512	0.0260394238	-0.0368218787	0.0159926845	0.0663885018	-0.0542906927	-0.0052666471	0.0210883091	0.0372413145	-0.0359552631	0.0045595958	0.0444070482	-0.0022431264	-0.040342948	-0.1472560852	0.0293429646	-0.0237125192	-0.0637758679	-0.028098847	-0.0507807474	0.0824992982	-0.0543509325	0.0766813701	0.005955201	0.034275136	-0.0448507108	-0.0249168245	-0.0902186238	0.0048589854	0.0033975831	0.0835547506	-0.0233341643	-0.0171138083	0.0003309069	0.0037307015	0.1166313366	0.0889987819	-0.079035566	-0.0517833755	0.0745073214	0.0262467224	0.0521271384	-0.0426108957	-0.0537172857	0.067979043	-0.0599976453	-0.0367613531	-0.0987379861	-0.0377264688	0.0354674412	-0.0628107277	0.0359295926	-0.0173122492	-0.0266419615	-0.0225876437	-0.0094133501	-0.0299389309	-0.0848224042	-0.0035877376	-0.005693205	0.0182964852	0.0705535561	0.0221613697	-0.123054036	-0.1150047663	-0.0523506536	0.0455318295	-0.1059417759	0.0206796477	-0.1684908234	-0.0755015962	-0.0834195813	-0.0626006473	0.0463883645	0.0890065751	-0.0357171767	0.0637551545	-0.0185223568	0.042458704	0.0733982261	0.0839087256	0.0431469496	0.0250819111	0.0219883105	0.0191744307	-0.0125909829	0.0102337742	0.1387105173	0.0579702399	0.018855638	-0.0031280903	0.0190772851	0.0400946785	0.1280279003	-0.0202446047	-0.0458027782	-0.0765861801	0.0458381668	0.0336153194	0.0438945294	-0.0737879753	-0.0271391376	0.00567682	0.0281602019	0.0166515645	-0.0255871375	0.0803503146	0.0307839933	0.0911887057	0.0754876121	0.1078269195	0.0328416502	-0.0684828522	0.0033695915	-0.0611317121	0.0475699598	-0.0048085733	0.0087286801	0.013070213	-0.0426012976	0.0097928286	-0.0332575379	0.0309156396	0.0387966662	-0.0164544926	0.1307134512	-0.0707837918	0.0563483185	0.0295745423	0.0577842774	-0.0702763938	-0.0303227098	-0.1213990651	0.0415973333	-0.1565010582	-0.1243557326	-0.0498770596	-0.1049394947	-0.0898926693	0.0156681898	-0.0885221563	0.034637066	0.0136191229	0.0627555098	0.0234240891	0.1017302976	0.0089069334	-0.0070077734	-0.0077612819	-0.0869598815	-0.0497238503	-0.0191336058	-0.0616034752	-0.0203894486	0.0633399269	-0.0293908296	0.1804529297	-0.0023309563	0.0134362519	-0.0334311351	-0.1260474843	-0.0513150805	0.0689075106	-0.0420426251	-0.0548344044	0.0153682365	-0.0788010225	0.0361102168	-0.0320055007	-0.0005470428	0.1012366322	0.0220783961	-0.0827957235	-0.061284559	0.0537757173	0.0867489121	-0.0126976055	-0.0927615946	-0.0312276849	0.0779743851	0.0	-0.0111545929636349	-0.010867010532877	0.0001180919179216	0.0001244249441843	-0.1005713845999451	-0.0004374689960541	0.01011460340035	1.913791225086643e-07	0.3808449552076638	-0.0531700093840185	0.0028270498978966	0.1450428799071274	-0.0151426459736472	0.0007168891639063	0.0002292997270832	5.139300733262739e-07	0.0004342408291972	0.0002812627113899	7.91087128183982e-08	1.8856509774187185e-07	-0.0020098290192578	4.084893364999717e-06	4.039412686650771e-06	1.6686353803418713e-11	0.0	0.0	0.0	0.0	0.0	0.0	0.0	0.0	0.0	0.0	0.0	0.0	0.0	0.0	0.0	0.0	0.0	0.0	0.0	0.0	0.0	0.0	0.0	0.0
5206.664399915499	-9.235416530714248	85.29291849578998	27109354.17334743	14441.413893479566	25.54339192708176	208554435.24278465	652.4648711405055	4909.008178863335	3.052111577650976	9.31538508243113	24098361.30014712	6204.1821905134	6661.66330699936	1.089147	29.959661	0.1753221735644636	0.0995080687209884	0.0394349678	0.0295729525	-0.090638511	-0.0261244411	-0.0169756045	0.0537072409	-0.0185442265	-0.0292993914	0.098586835	0.0309727453	-0.0889703849	-0.0329620246	-0.112103323	-0.071459314	0.0372557429	-0.0074400608	0.0875620655	-0.149970651	-0.0970320458	-0.0027406488	-0.0250587449	0.0226112411	0.0415689997	0.0895363884	-0.0272324361	0.0660282477	-0.0299833555	-0.0651366186	0.054600012	0.0199282493	0.0799222271	0.0019544427	-0.0188716601	-0.0111899708	0.0440693617	0.048400709	0.0298601801	-0.1002256816	0.0213452538	0.0295644137	0.0255058416	-0.0730233019	0.065033788	0.0819272105	0.0520693891	-0.1114612699	0.0488314899	0.0398461427	-0.0085665056	0.1186988303	0.0254447851	0.0342651847	0.0137810993	-0.031404507	-0.0082384837	-0.0171969603	-0.0649504244	-0.104366114	0.1362830117	-0.0497870173	0.0068318445	-0.0719383004	0.0485041229	0.0400830345	0.029116852	-0.0943637894	0.0275999467	-0.009107831	6.47153e-05	-0.0782832818	-0.1082085888	-0.0769725187	0.0025895404	0.0104880838	-0.0025212823	-0.0102196669	-0.0021585315	0.0179883454	0.0573126151	-0.0854139362	0.0139478134	0.122592933	0.0260423116	0.0141468703	0.0339850717	0.1024974553	0.1047063443	-0.0994822632	-0.0473112997	0.0232682619	0.0203086375	-0.0903167154	0.1548721757	0.0059593946	-0.017981284	-0.1236876913	0.0076575983	-0.0423596646	-0.0409507761	-0.0040155874	-0.0263867447	0.0127705602	-0.0946639462	-0.0826854372	-0.0053225619	0.0026941008	-0.0117426187	0.0019347152	0.1164902748	0.002796425	0.0434162552	-0.0386775183	-0.0340952409	-0.0118152042	0.0123572769	-0.0122291374	-0.071549034	0.0625646879	-0.0445381115	-0.0464582928	-0.0294180747	-0.0140924968	-0.0031033738	-0.1499691075	0.0002569831	-0.0026065058	-0.0655892641	0.0830891203	-0.0531048457	-0.0349203496	-0.1305621363	-0.0001168139	-0.1021714542	-0.0255811932	-0.0689215491	-0.0190146079	-0.0969099063	0.0252954191	0.0178185051	-0.0523165351	-0.1041221832	-0.0255677308	-0.0414052174	-0.0020206614	-0.0226672245	0.1196407464	0.0636439328	0.0068127413	-0.0234003636	-0.0530096213	-0.0294339552	-0.0310462406	0.016395323	0.0338770824	0.0208567134	0.0533681968	0.1245443121	0.1031832338	-0.0019339399	0.0106194579	-0.0331283119	-0.0448187132	0.0751680062	-1.28495e-05	0.0017741862	0.0512332083	-0.0342319299	0.0344000824	0.0638654178	-0.0361669303	0.004800796	0.020838873	-0.0839366709	-0.0583538671	0.0578557582	0.084212153	-0.020217639	-0.0932483061	-0.021459135	0.0836572738	0.0	-0.0059402679655704	0.0052143249980645	2.718918518544036e-05	3.5286783502781894e-05	-0.13179529471482	-0.0312239101148748	0.0173699997089662	0.0009749325628617	0.3340190192780667	-0.0468259359295971	0.0021926682756827	0.1115687052394815	-0.0137114609182079	0.0014311850554393	0.0001880041605115	2.0482906629127934e-06	3.032053000295853e-05	-0.0004039202991942	1.6315160810116558e-07	9.193345396603083e-10	-0.0020158837150628	-6.0546958050001175e-06	4.063787152655397e-06	3.665934129108602e-11	0.0	0.0	0.0	0.0	0.0	0.0	0.0	0.0	0.0	0.0	0.0	0.0	0.0	0.0	0.0	0.0	0.0	0.0	0.0	0.0	0.0	0.0	0.0	0.0
5179.815074036514	-26.84932587898584	720.8863001559786	26830484.201215893	14358.09482860076	-83.31906487880588	206154887.1070919	6942.066572278663	4893.923888779163	-15.084290084172608	227.5358073434681	23950491.02916336	6179.332044876923	6548.444332252482	1.18369	32.560318	0.1063017750942186	0.06542189964045	-0.0361466466	-0.0172140186	0.0226795318	-0.038637279	-0.0713615835	-0.0057520692	-0.0440402075	0.0219080976	-0.0442737001	0.051717898	-0.0281496243	0.0286362192	0.0647208969	0.0024750288	0.0788475066	0.0095365972	-0.0055674443	-0.0008649374	0.062810525	0.068664218	-0.0194617712	0.0551381152	-0.1204732912	-0.0667680905	-0.0016059733	0.0220755026	-0.0144708007	-0.0802315077	-0.0474050894	-0.0615964574	-0.0257573884	0.0901930037	-0.0114905075	-0.0378841313	-0.0575265191	-0.0481414154	-0.0889019466	-0.0628516908	0.0831605876	0.0556243272	0.0424669321	-0.0158061554	-0.0136168751	-0.0096317377	-0.0040221249	-0.0995453413	0.0270240709	0.1539511133	0.0372016256	-0.0674951384	0.0181178308	-0.0015444049	0.0548588495	-0.0696739895	-0.0120538525	-0.1427644372	-0.0809296275	0.0255464781	-0.0416257189	0.1077210869	0.041091392	-0.0029590429	0.0434152667	-0.034882046	-0.0612375912	-0.0275084381	-0.0476184845	-0.0388591331	-0.0766028455	0.0265640288	0.0295457956	-0.081023852	0.0749802309	-0.0363435184	-0.0159742598	0.0252745171	0.0119742479	0.0426792487	-0.0453192819	0.0041377	-0.1147916595	-0.0622874397	-0.0877872665	-0.0834565841	-0.0787826841	0.0382091339	-0.0457300645	0.0135184015	0.0051836737	0.0406064565	-0.0280156204	0.0113628981	0.016354693	-0.0706044956	-0.0325275124	0.086114723	0.0703066395	0.0536524546	-0.0067570536	0.0102631216	-0.0072025145	-0.144752746	-0.0056259545	-0.0047979352	0.0631449904	-0.0352230779	-0.1078078215	-0.0023776909	0.0150849885	-0.0157453653	-0.0425379126	-0.1084369882	0.0040182811	0.099547366	-0.0537450271	-0.0218984139	0.077353777	-0.0121174868	-0.0082842413	-0.1054876618	0.0254702558	-0.0463173332	0.00817659	0.019619446	-0.0675773246	-0.0726358488	0.0197017475	-0.0155461506	0.022395724	-0.0433574048	-0.1109562217	0.1302825705	0.0299105199	-0.0468299138	0.0047473622	0.0899713822	0.0063545887	0.0086368935	-0.018691502	0.0538739045	0.0111725128	0.0804106342	0.0402137265	-0.0273396102	-0.0365521791	-0.0396450727	0.0502018426	-0.0134417123	0.0370365057	0.0116424772	0.0314577461	-0.0137459273	0.0956409118	0.0123179344	0.0207714443	0.0081202953	-0.0915731387	0.0346876614	-0.062009305	-0.0082173046	-0.0022705589	0.0224477807	0.0910869687	-0.0125208603	0.0078078454	-0.0291149099	-0.0535587267	0.036883415	0.0691105128	0.0129770219	0.0229420997	0.019595462	-0.0850149816	-0.0553252047	0.0617631348	0.0812827579	-0.0276019556	-0.092883193	-0.0114346062	0.0880775042	0.0	-0.011865739679763	-0.0059254717141926	3.511121503569659e-05	0.0001407957781479	-0.0759547414955363	0.0558405532192836	0.0057691227556537	0.0031181673838356	0.3628595701460142	0.0288405508679475	0.0008317773743666	0.1316670676465502	-0.0134163764437043	0.0002950844745036	0.0001799991568791	8.707484709306612e-08	4.902241216675485e-05	1.870188216379632e-05	3.497603964685228e-10	2.403196894647194e-09	-0.0020157660858743	1.1762918850034484e-07	4.063312912960995e-06	1.3836625987249661e-14	0.0	0.0	0.0	0.0	0.0	0.0	0.0	0.0	0.0	0.0	0.0	0.0	0.0	0.0	0.0	0.0	0.0	0.0	0.0	0.0	0.0	0.0	0.0	0.0
5194.594740905472	14.779666868957976	218.43855275737403	26983814.522242785	14374.283282001204	16.188453400443905	206620019.8712193	262.06602349834384	4898.07230951545	4.148420736287335	17.209394605258755	23991112.349242013	6182.097961762249	6561.312397762425	1.141749	31.406633	0.064801685365439	0.0402151241414893	0.0048646824	0.0229819824	0.0894634246	-0.0238013191	-0.0524759859	0.0032378296	-0.0259355356	0.0252906954	-0.0368627543	0.0491576471	0.0790664849	-0.0498255603	0.0391288426	-0.0132325061	-0.1189811732	-0.0305982372	-0.0338524371	0.0442277828	0.0638176805	0.0018427154	0.0313875039	0.0469552086	0.0392229793	-0.0254807445	0.1192668088	-0.0456275355	0.0471797385	-0.0873539316	-0.0328606956	0.0476423025	0.1420140668	0.0286143884	-0.0001417372	-0.0388494742	-0.0189835571	-0.0415840236	-0.0394984624	0.119832002	-0.0211046312	-0.0497723312	0.0392945996	-0.0857376617	0.0275202312	-0.0816167376	-0.0244690024	0.0129366924	0.0493543684	0.0304509334	0.0121847539	0.013727991	-0.0859759039	-0.0671663945	-0.0178743766	0.00447685	-0.0266017474	-0.0360297633	0.0128781608	-0.0726262914	0.0661447034	0.0632669635	-0.0982525089	-0.0235783678	0.044730815	0.0239774068	-0.0432384594	0.007683479	-0.0400279688	-0.0055023787	0.0451798069	0.0017701002	-0.1255050455	-0.1446627593	0.0141291437	-0.0772821033	-0.0508463573	0.005014381	-0.0476447805	0.038194191	-0.0099915247	0.0267868012	-0.0959488179	-0.0908065486	-0.0079035499	0.0804835062	-0.008284991	-0.1524154024	0.0507389106	0.0329164388	-0.0154561579	0.0378946304	0.012824254	0.0244018494	-0.1199995978	-0.0553636109	-0.0287082614	-0.080105256	-0.0584186804	0.0389561232	0.0765182752	0.0451805582	-0.0369893817	-0.0053913147	-0.0618635303	0.0806343189	-0.0453745397	0.0280936125	0.0157943168	0.1425634813	0.0622085774	0.1200906778	-0.0567413314	0.0331065629	0.0435104585	-0.0622422975	-0.0167220399	-0.0377451151	0.0449411747	-0.0520424266	0.0070761001	0.0380753329	-0.0381174575	0.0168918308	0.0347255221	0.0018391497	-0.1187082995	-0.0480940943	-0.0531677935	-0.0047312575	0.0719667985	-0.1330346962	0.040301785	0.0113947108	-0.0024758924	-0.0144527548	0.06826402	-0.0482944599	-0.0149725405	0.0423337561	0.0941371403	0.0412702247	-0.0024071862	0.0080625583	-0.0500470643	0.0553892762	-0.0175767062	0.136353356	0.1194446624	0.001726543	0.0138230525	-0.0298533204	0.0249146705	0.0144794119	-0.0375660605	0.0985564826	0.1813118824	-0.025788185	-0.0510156335	-0.0010236397	-0.0006721623	0.0357601856	-0.0375125466	0.012556707	0.0142726537	0.0091435453	-0.0479244961	-0.0106595036	-0.0375853896	0.0591603351	-0.0408771992	0.0407426994	0.0771242579	0.0183483952	-0.0860298509	-0.0522036565	0.0654861859	0.0779743851	-0.0348009859	-0.0916695905	-0.0012736779	0.091168361	0.0	-0.0156235391163619	-0.0037577994365989	1.4121056605703012e-05	0.0002440949745204	-0.0880263354222137	-0.0120715939266774	0.007748635727864	0.0001457233799305	0.3967257568186113	0.033866186672597	0.0011469185997431	0.1573913261232999	-0.0136114882922944	-0.0001951118485901	0.0001852726135312	3.806863346024631e-08	-5.677609357945812e-05	-0.0001057985057462	1.119332381813146e-08	3.223524802143385e-09	-0.0020169778381293	-1.211752255000139e-06	4.068199599504745e-06	1.468343527497922e-12	0.0	0.0	0.0	0.0	0.0	0.0	0.0	0.0	0.0	0.0	0.0	0.0	0.0	0.0	0.0	0.0	0.0	0.0	0.0	0.0	0.0	0.0	0.0	0.0
5215.151185754216	20.55644484874483	422.567424819488	27197801.89027361	14440.858790314503	66.575508313299	208538402.6018037	4432.298307174144	4905.678919315536	7.606609800086517	57.86051265077224	24065685.65941685	6191.142537580698	6626.677422707164	1.351668	37.180965	0.1264649026191212	0.0677118085703438	-0.0088312021	-0.0377354332	-0.0157122438	0.1292506868	0.0651786833	-0.0161194132	0.1259685278	-0.0131950343	0.0065466089	-0.0796099312	-0.0239704845	-0.0410798349	-0.1843777118	-0.102885109	-0.0091241804	0.0243573019	-0.0660425896	0.0788445036	-0.1087853159	-0.0428727207	-0.1059462596	0.094686167	-9.00864e-05	-0.0086658063	-0.034724198	0.0659112594	-0.0028450289	0.0191565775	0.0539042102	0.0677278257	-0.074155868	-0.0244876904	-0.0125504238	-0.0157226899	-0.0161091186	-0.042097337	-0.0882422213	-0.028452796	0.0696796959	0.0881290084	-0.1527878942	-0.0288017963	0.0022539042	0.143132805	-0.0750591464	0.0065451667	-0.0281796823	0.0198986444	0.0003236416	-0.0990595533	0.0054485107	0.1206203705	0.1006927726	0.0477697397	-0.0290445374	0.0850427932	0.0750012301	-0.035886559	-0.081496695	-0.0126622798	-0.0122451062	-0.0069424649	0.0491357903	0.0081950038	-0.0505783001	-0.0505966836	-0.1180387955	0.1020614192	-0.0192322133	-0.040410205	0.0525574822	-0.0425836911	0.053262299	0.088678815	-0.0405693291	-0.0267445728	-0.0075768601	-0.0905432215	0.1334988452	0.1137959177	-0.0038655496	0.0455805765	0.0430714375	-0.0352403578	0.0806918709	0.0524114542	0.0307971755	-0.0970424065	0.0524703486	-0.1509957337	0.0360382996	0.0689669832	0.0741130612	0.0541558658	-0.0358011092	-0.1062654135	0.0666030728	0.0399096983	-0.0567414795	0.0151184186	0.0633569024	0.0366577786	-0.1016199974	-0.0222047722	0.0665869572	0.0213610647	-0.1259699096	0.0062661081	-0.1950618591	-0.1606781981	-0.0227757191	-0.0596314741	-0.0654084858	0.0311501588	0.0603283927	0.0134529987	0.1061468709	0.0119816121	0.0162542241	-0.0335637476	0.0846587086	0.053498872	0.0578780382	-0.1624207425	0.0187787532	-0.0164534385	0.0372534165	-0.0687042468	-0.0483108685	0.0400707597	0.0749182209	-0.0810913395	-0.109068554	0.0750751426	-0.0241092946	-0.07077404	0.0076438511	0.0248599792	0.0354672358	0.0647147268	-0.0157940854	0.0354586212	0.0449896476	-0.05200239	0.0102088345	-0.0106040262	0.0544329481	-0.0008272682	0.0530829904	-0.0258972251	0.046880173	0.0659186163	-0.039030414	0.0471366697	-0.0712673215	-0.0504414403	-0.0439080787	0.1558265887	0.0029496487	0.0560239228	0.1523669494	0.1125325796	-0.0112499004	0.0063489165	0.0429257907	0.0480902848	0.0080698372	0.0887266022	0.1204931285	0.0073407905	0.0143442554	0.0170979051	-0.0869805215	-0.0489944635	0.0690138005	0.0743024598	-0.0417664042	-0.0896185849	0.0089024437	0.092883193	0.0	-0.044793078052109	-0.0291695389357471	0.000850862001724	0.0020064198413823	-0.0770694621717353	0.0109568732504784	0.0059397019994405	0.000120053071427	0.3561206138343635	-0.0406051429842477	0.0016487776367712	0.1268218915977638	-0.0129862537824697	0.0006252345098247	0.0001686427873027	3.9091819227573333e-07	0.0001208260024061	0.0001776020959855	3.15425044984634e-08	1.4598922857438885e-08	-0.002128808181292	-0.0001118303431626	4.531824272735753e-06	1.2506025651887225e-08	0.0	0.0	0.0	0.0	0.0	0.0	0.0	0.0	0.0	0.0	0.0	0.0	0.0	0.0	0.0	0.0	0.0	0.0	0.0	0.0	0.0	0.0	0.0	0.0
5194.626380624266	-20.52480512995044	421.26762562243977	26984143.23427756	14408.12121895032	-32.73757136418317	207593957.05996647	1071.7485788249858	4899.791979182923	-5.886940132613745	34.656064124978336	24007961.439265303	6183.16696816374	6597.197271035047	1.457537	40.093155	0.272719378873525	0.139737212942301	0.0819068716	-0.0141010696	-0.0433707033	-0.1604987027	0.113085005	0.0566210782	-0.0513571478	-0.001268217	0.0354687807	-0.1385065724	-0.0340362663	0.0516590934	-0.0096498459	0.0391741632	-0.0628608757	-0.0987920528	0.0248474638	-0.1079344099	0.0460777795	-0.0233613837	-0.089502761	0.0344215042	0.1015665935	0.1639024391	0.0431513268	0.0272365655	0.0541056204	-0.1725502681	-0.0047693533	-0.0302114867	0.1217680542	0.0058120949	-0.0873741678	-0.0182313433	0.1110455407	0.0400512484	0.098645162	0.0667987208	0.0782894401	-0.1034875608	-0.1721715726	-0.0300443491	0.0566360517	0.076571268	0.0396260066	0.1212989647	0.0051102699	0.0670163695	-0.0285240991	-0.0050194079	0.0170571465	-0.0103652526	0.0118783761	0.0008420266	-0.0047082731	-0.000232124	-0.0404798824	-0.0429073338	0.0022570512	0.1239999469	-0.0407754633	-0.0440476371	-0.1329878447	0.0819331036	0.0553253923	-0.0912950194	-0.0133728439	0.0374744581	0.1002027701	0.0112922474	0.084672077	-0.0027651675	-0.0023466505	-0.0601436943	0.1059611906	0.0041835595	-0.1546390884	-0.0348367693	-0.0348909511	-0.0687303415	-0.0864347194	-0.0176724667	0.0136911561	0.0007700199	-0.0662703145	-0.0163235282	0.068550072	0.0842055079	-0.0567806107	0.0830185624	-0.0518630819	0.036193378	0.0348847076	0.1093067895	-0.0283427338	-0.0678119878	-0.0925341437	-0.0315118924	-0.0737724469	-0.0900493151	-0.0074557807	-0.0501211245	-0.2344569417	0.0077450197	-0.029660115	0.0587907751	-0.1002293829	0.0856904189	0.0933349094	0.0032098524	-0.0664964694	0.1685058838	0.0043741036	-0.0049820701	-0.1052193085	0.0108622838	-0.0757265038	-0.1251187678	0.0689980368	0.1295506679	0.0075159594	-0.0594636804	-0.0798921472	-0.0906092981	0.0776119782	-0.0878338299	0.0162447762	-0.0393711901	-0.1223283059	0.0389323898	0.0089290417	0.0231815729	-0.0150804245	-0.085866877	0.0922014283	0.034280405	0.0102365753	0.0806763058	-0.0641002479	0.1020627935	-0.0569858359	-0.0317792652	-0.0362161476	0.0528823004	-0.1164687344	0.0105667237	0.0106856713	0.0662460491	-0.006030287	-0.101619819	0.0377320005	-0.1095442708	-0.0071894701	0.1655891648	0.0660107088	-0.0951937381	0.2009516346	0.193733649	-0.0507931403	0.0127112273	-0.0227315948	-0.0602297951	-0.0047235391	-0.1114075895	-0.0133343361	0.0171989911	0.0845974171	-2.72719e-05	0.0078564907	0.11759854	0.0400396445	0.0158442251	-0.087866284	-0.0457030134	0.0723354508	0.070284102	-0.0484514532	-0.0867489121	0.018972371	0.0931961179	0.0	-0.0373535480620859	0.007439529990023	5.534660647245308e-05	0.0013952875528265	-0.1405319722384632	-0.0634625100667279	0.0197492352212321	0.0040274901839695	0.2565612283045695	-0.0995593855297939	0.0099120712470701	0.0658236638691494	-0.0120333809562937	0.0009528728261759	0.0001448022572392	9.079666228646368e-07	0.0006909759040234	0.0005701499016173	3.250709103142169e-07	4.774476999409549e-07	-0.0026509445192383	-0.0005221363379463	7.027506844079582e-06	2.72626355403973e-07	0.0	0.0	0.0	0.0	0.0	0.0	0.0	0.0	0.0	0.0	0.0	0.0	0.0	0.0	0.0	0.0	0.0	0.0	0.0	0.0	0.0	0.0	0.0	0.0
5210.54212253407	15.915741909803728	253.31084053948285	27149749.21070185	14392.84188263722	-15.27933631310043	207153897.4585961	233.45811816882943	4907.2815781623885	7.489598979465882	56.094092873216375	24081412.487371944	6194.568727941208	6653.654037992	1.22721	33.757439	0.2278629450956227	0.1266846121440178	0.0666721468	0.0157955269	0.059903009	0.0517113248	0.0516130978	0.0581007517	0.0391532981	0.0083069614	-0.0626182037	-0.0902824516	0.0596969411	-0.0230790444	-0.1149215911	0.0030096554	0.0400244693	-0.0648247759	-0.0115764749	0.000810134	-0.0587767793	-0.0738185684	-0.1392652398	0.0393898209	-0.0233308765	0.0628249726	0.0671487615	0.0262872061	0.0285451673	-0.1643029778	0.0348876971	0.0717086771	0.0541481697	-0.1149714487	-0.1316766836	-0.0009706886	-0.0163432112	-0.0368396687	0.0374128037	0.006237056	-0.0350428449	-0.0368928959	-0.0563334082	0.0761354542	-0.1293972166	0.0144894814	0.0558100748	-0.0155046672	-0.0475026645	-0.0656782261	-0.031820298	-0.0722838835	0.0619637978	-0.0235936977	0.067839371	-0.0621761196	-0.1358374649	0.0640179137	-0.0853206982	-0.0045786865	-0.1249059556	-0.1231995917	-0.0109449137	0.0192384689	-0.0178970701	0.0343644382	-0.0465797138	0.0314358873	-0.101294863	-0.10002873	0.0469259368	-0.0399749785	0.0482397725	0.0772541119	-0.0600933126	0.1203604872	-0.0467565264	-0.098929401	-0.0394972213	-0.1367468329	-0.0790513531	0.0172358452	0.0188358231	0.0827682488	-0.11732002	-0.035727551	-0.0016315447	-0.0347238022	-0.0662719896	-0.0213310008	-0.046186915	-0.0707954171	0.0113097624	0.0781967433	0.0182384544	0.0460000428	-0.066262321	-0.1065796353	0.0297518772	-0.0502975684	-0.0746647624	0.0256830949	0.0447096997	0.0278467987	-0.2496314805	-0.062725691	0.0580014521	-0.0132078442	0.0748153907	-0.0105165313	-0.0540553503	-0.0014806106	0.0132297906	0.0631449826	-0.0260245527	0.0160987847	-0.0488416844	-0.0830384722	0.0403388509	-0.0462609981	-0.0465913387	-0.0232222951	-0.0466195183	0.0069145427	0.0583535757	0.118905297	-0.0112470148	-0.0545548024	-0.0102360307	0.0107027877	-0.1083772025	0.1006582846	0.0805103883	-0.0138080513	-0.0359249815	0.1876709213	-0.1230221256	-0.0041679158	0.019371196	0.1182175631	0.0159754149	0.0735927064	0.0287321024	0.1113166642	-0.0408031017	0.0722380248	-0.1534923743	-0.1179693278	-0.1106508942	0.0469488717	-0.0088830832	-0.0553097254	0.0702746833	0.0288518168	-0.0339565088	0.1379195195	0.0055886701	-0.1141021513	-0.0214656915	0.17552891	-0.0231460392	-0.0029631976	0.0766362533	0.0493198323	0.0074734037	-0.0660157433	-0.0123402235	0.0991665504	0.054637042	0.0421471072	0.0534844019	0.0862708215	0.0383197177	0.0145875891	-0.0886864774	-0.0423348324	0.0754412237	0.0659380473	-0.0548112574	-0.0830867868	0.0288159833	0.0921024127	0.0	-0.0471435532250268	-0.0097900051629409	9.58442010904095e-05	0.0022225146106809	-0.0299749459741036	0.1105570262643595	0.0008984973861504	0.0122228560564182	0.2838398973522018	0.0272786690476322	0.0007441257850102	0.0805650873289084	-0.0127351414358818	-0.000701760479588	0.0001621838273919	4.924677707117191e-07	-0.0002010599251398	-0.0008920358291632	7.957279205108778e-07	4.042509349722197e-08	-0.0026618931029008	-1.094858366250005e-05	7.085674891270849e-06	1.19871484214763e-10	0.0	0.0	0.0	0.0	0.0	0.0	0.0	0.0	0.0	0.0	0.0	0.0	0.0	0.0	0.0	0.0	0.0	0.0	0.0	0.0	0.0	0.0	0.0	0.0
5196.4248336039645	-14.117288930105133	199.2978467360689	27002831.051295992	14397.991227839544	5.149345202324184	207302151.3969445	26.515756012699097	4901.757434656061	-5.524143506327164	30.51616147849657	24027225.94820597	6196.127487132148	6636.193571547171	1.137702	31.295309	0.1763127815477947	0.0799715000484601	6.2113e-06	-0.073302775	0.0477636078	-0.0014857257	0.0427176514	0.0131545289	-0.0233374825	-0.010482203	-0.0481502385	-0.0690783846	-0.0504931297	0.0798963831	-0.0535379301	0.1238663255	0.128502758	-0.0315242681	-0.0470223608	0.0037432418	0.0155598063	-0.0022542044	-0.0895629371	-0.0575086828	-0.0170839034	0.0617017845	0.018304218	0.0375740248	0.0848028618	0.0843190876	0.0685601559	-0.0421028822	-0.0124640846	-0.0551694706	0.1437702338	-0.083565116	-0.1048230358	-0.0704926906	-0.0330089054	-0.0162712268	-0.0089143395	-0.1055908643	-0.050154907	0.0617570799	0.0182519617	0.0122286274	0.0220033913	-0.0281346193	-0.1003460373	-0.0019706606	0.0205076649	0.0150908271	-0.0857474234	0.0088243187	0.0155811369	-0.0132346074	0.0108855246	-0.0161734521	-0.0133893964	-0.0131885024	0.0683761836	-0.042012542	0.0059762067	0.0020570098	0.0816917424	0.1051354192	0.0164050688	-0.0160304735	0.1142223264	0.1607546344	-0.1648125193	0.0026580983	0.097084049	0.07732541	-0.0212785051	-0.063865104	0.0454873188	-0.0817495834	-0.0760207627	0.0779589441	-0.0199964428	-0.0247009609	0.1127456154	-0.0756945825	-0.0734387055	-0.1033488122	0.0493440983	0.0505167302	-0.0430528896	0.1237026911	-0.0020282014	0.0059651958	-0.0782182063	0.0432285362	0.00636036	0.0202690377	0.0168092596	0.0835714665	0.0211695255	-0.1181929307	-0.1073710106	0.011031361	0.0343730061	-0.0522638101	-0.0156683626	0.0132952278	0.0641790915	-0.0428818657	-0.0610074514	-0.0198789995	-0.010024348	-0.017964469	0.0003364475	0.0198988967	0.1401719946	-0.0509146177	0.0810681749	-0.0752724517	-0.0323999296	0.0516622496	-0.1035554793	-0.0397662	-0.0624090378	0.0698187635	0.0031594552	-0.056613522	0.1125477521	0.0149490559	0.0265692973	0.0123398683	0.0839757355	-0.0577577587	-0.0029179409	-0.0561798761	-0.047926451	0.016931852	0.0516323452	0.1159573797	0.0973039771	0.0093115937	-0.0356104446	-0.060629604	0.0904721566	0.0029303851	0.0853617469	-0.0998336454	0.0584862132	-0.0345121362	0.0246627106	0.0209426374	0.0636459556	-8.5776e-06	0.0627021137	-0.0170130693	0.0899265791	0.0903338066	-0.0446318258	-0.089359974	-0.0491953403	0.0879353114	-0.0214907469	-0.0521421623	0.1138717159	0.0658447148	0.0304176493	-0.0499053563	0.0840584071	-0.0321489961	-0.0080237628	-0.0574810397	0.0415497828	0.0596579319	-0.0018149274	0.0133282315	-0.0894404896	-0.0388955753	0.0783218503	0.061284559	-0.0608031248	-0.0786656624	0.0383158593	0.0896185849	0.0	-0.0316026786631056	0.0155408745619212	0.0002415187821493	0.0009987292986835	-0.0732929659373695	-0.0433180199632659	0.0053718588558964	0.0018764508535379	0.347931136781817	0.0640912394296152	0.0041076869716242	0.1210560759422874	-0.0123402191233174	0.0003949223125644	0.0001522810080114	1.5596363296121396e-07	7.699165861074775e-05	0.0002780515837505	7.731268322618788e-08	5.927715495633928e-09	-0.0022676140473559	0.0003942790555449	5.142073467765805e-06	1.5545597364137858e-07	0.0	0.0	0.0	0.0	0.0	0.0	0.0	0.0	0.0	0.0	0.0	0.0	0.0	0.0	0.0	0.0	0.0	0.0	0.0	0.0	0.0	0.0	0.0	0.0
5165.872495163116	-30.55233844084887	933.4453842041715	26686238.636282794	14396.986415765225	-1.0048120743194886	207273217.8557284	1.0096473046982335	4895.221206341194	-6.536228314867003	42.72228058406914	23963190.659012537	6193.572149039103	6471.891806972113	1.188743	32.699303	0.072871230019696	0.0439517251844311	0.0149175915	-0.0614670001	-0.0909874313	-0.0886160359	-0.0254047201	0.0411367906	-0.0647061405	-0.0208712162	0.0165802004	0.0199749997	-0.114102376	-0.0959395628	0.0498561785	0.1085331808	0.0205788034	-0.0744539405	-0.0268921502	-0.0449264301	0.0519059492	0.1249992378	0.0617196295	-0.0104096143	-0.0970085356	0.1016571514	-0.0111864627	-0.012374757	0.1677622668	-0.0669759316	0.0515214581	-0.0270913237	0.002609624	0.002508953	0.0094560561	-0.0107181023	-0.0004500766	-0.0069416204	-0.1340214641	0.0080982987	0.0339953102	-0.0985213188	0.0437406363	0.0713356029	-0.0216504494	-0.0225247397	-0.0288804488	-0.0185199075	-0.0078455735	0.0200943858	0.0757119041	0.0648379005	-0.0341089315	-0.0352768902	0.1147449854	0.0141300101	-0.0426821017	-0.0481358089	-0.1002513879	0.057137662	-0.0235670871	0.053320505	-0.0620584558	0.0672352953	-0.0722282922	-0.0401902465	0.0025453455	0.0496926725	0.063815312	-0.1406850547	0.0413107836	0.0767562889	-0.0769916378	-0.0249795884	0.1004101149	-0.0509148295	-0.0081522967	0.053380932	-0.0149615291	0.0485873481	-0.0528670227	0.1133246558	0.0723809338	0.0414921426	-0.0611072899	0.0378048328	-0.0014870817	0.0412891584	0.1598804279	-0.0234126838	-0.0433294186	0.057998822	-0.0698978413	-0.0054896654	0.0469954952	-0.119316523	0.0893767835	0.0292786377	-0.0842640426	-0.0222272158	0.0620113957	-0.022015407	0.0173375731	-0.0603892745	-0.0900069398	-0.0033723648	0.086863409	-0.0232997219	-0.0464416273	0.0165670021	0.0478542953	-0.031771161	-0.0047224702	-0.0154171555	0.1168866878	-0.054380061	-0.0392710704	-0.0068154243	0.0126728893	-0.0180825149	0.0216877189	0.0130959925	-0.0666477113	0.096651256	-0.0759489656	0.0688072208	-0.0081197465	0.0103294417	0.0946543903	0.0567566075	0.0119121808	0.0141561559	-0.1352490383	0.0286900464	0.0793257209	-0.0128756466	0.0434290281	0.1303700587	0.0333753049	0.0626020121	0.0374274364	0.0671777103	-0.0265581362	-0.0282720876	0.0997261523	0.0990670718	0.0431307459	0.0275659675	-0.0822252168	0.0271744648	0.0561433882	0.0062621123	0.0484831303	-0.0154359271	0.0611014174	0.1325458787	0.0060495391	-0.0268763089	-0.0069683739	0.0157908397	-0.1271929766	-0.0829815412	-0.018980468	0.0171693177	0.0250047845	0.0765362144	-0.0222986552	-0.0459423222	0.0106125725	-0.0105222784	-0.0244138754	-0.0200463682	-0.083437918	0.0120663873	-0.090127758	-0.0353910162	0.0809687338	0.0563453339	-0.0663868332	-0.073525926	0.0473586783	0.0857821235	0.0	-0.0318007266702267	-0.0001980480071211	3.922301312463991e-08	0.0010112862167544	-0.0399639103468558	0.0333290555905137	0.0015971141302115	0.0011108259465555	0.3758871524313605	0.0279560156495435	0.0007815388109975	0.1412911513629568	-0.0124135946560404	-7.337553272300165e-05	0.0001540973322844	5.3839688023842865e-09	0.0002180018195325	0.0001410101609217	1.9883865483178465e-08	4.75247933194807e-08	-0.0022542375255503	1.337652180559987e-05	5.08158682159914e-06	1.7893133561568883e-10	0.0	0.0	0.0	0.0	0.0	0.0	0.0	0.0	0.0	0.0	0.0	0.0	0.0	0.0	0.0	0.0	0.0	0.0	0.0	0.0	0.0	0.0	0.0	0.0
5179.468696737957	13.59620157484096	184.85669726370784	26826895.980488382	14333.298158303283	-63.68825746194125	205443436.0948203	4056.194138538515	4896.503696246391	1.2824899051965986	1.6447803569311803	23975748.44735457	6178.3860226665865	6528.351227151685	1.130227	31.089691	0.0932736248477133	0.0534862403008426	0.0100147452	-0.0384793435	0.0376901987	0.0210205944	-0.1403815323	0.0300300787	0.0017995158	-0.0106743289	-0.1105576427	0.0777469266	0.0298036808	0.0174218837	0.0098540993	-0.045616258	-0.0479156002	-0.0692936855	-0.0241660365	0.0645547557	0.0290669844	0.0671935305	-0.0023500337	0.0716048936	0.0340819531	-0.0839315219	0.0834335644	0.0499160241	-0.025647607	-0.0855887543	0.1175164371	0.0380975048	0.009610032	0.0561950637	-0.0001273356	-0.0225089547	-0.0954399291	-0.0385472003	-0.0481522658	0.0481166954	-0.0587484573	-0.0590800717	-0.1054927521	0.0151397126	-0.0742509694	-0.1354548613	0.0024894477	-0.0372642702	0.009350828	0.0007670875	-0.001738485	-0.0253857822	0.0151158443	0.0232555138	-0.0567331366	0.0810675712	0.0224771256	0.0546549756	0.1067888591	-0.016304822	-0.0218172663	-0.0633783059	0.1019771257	-0.0540594312	-0.0485459963	0.0788572166	0.0807906624	-0.057041396	-0.0449671098	-0.0022953083	-0.0686918351	0.0602157683	-0.0459122717	0.0242028762	-0.0114608142	0.0606676399	-0.0245858389	-0.0093842087	0.0714527485	0.0608397276	0.0083650147	-0.0512779942	-0.0667841295	-0.0235511898	-0.0227709578	0.0016211059	0.0077458117	-0.0782258065	-0.1582131156	0.0986895306	-0.0374000149	-0.0304365011	-0.0453516549	0.014047439	-0.056241372	-0.0581974463	-0.0774951789	-0.0275655534	0.0121637707	0.0887095802	0.0090879601	-0.0296238858	-0.0074345876	-0.0539723502	-0.1034093502	-0.0486027499	0.0390152687	0.0889576531	-0.0151852128	0.0442805493	-0.0751415714	0.1261448958	0.0367971347	0.0097643304	-0.0194851345	-0.0511229261	0.0869302226	-0.058346545	0.1031323186	-0.0601614509	-0.0760076181	0.017070135	-0.0778097173	0.0235453363	0.0529366735	0.0478232736	-0.0129075836	-0.0001875237	-0.0215791583	-0.0399034907	0.0370404561	-0.0667437506	0.035418884	-0.008239153	-0.0813990733	0.07401094	0.0221866443	-0.0453711149	0.0704203755	-0.0233449191	-0.0949686696	-0.1266587074	-0.0113022481	-0.1035373757	-0.0805734614	-0.0637749926	0.0675622317	-0.0405279434	0.0192576209	0.0289112218	0.0284297244	0.012059435	0.0520573536	0.0439274774	0.0026515111	0.1368314168	0.0170719574	0.0378946828	-0.0994275986	0.0147727425	-0.0415165174	0.0661465612	-0.039318811	0.041784449	0.0356877207	0.0200263054	0.0280007401	-0.0833067405	-0.0066813929	-0.0834604116	0.0208373064	-0.0009226539	0.0090957949	0.0108022918	-0.0907477697	-0.031827039	0.0833739747	0.0511434007	-0.0715249003	-0.0677145291	0.0558365714	0.080650933	0.0	-0.0327406838360673	-0.0009399571658405	8.835194736150864e-07	0.0010719523780533	-0.0722747778709589	-0.0323108675241031	0.0052236435162964	0.0010439921601601	0.3347300710341159	-0.0411570813972446	0.0016939053491394	0.1120442204545042	-0.0125215717918556	-0.0001079771358151	0.0001567897601385	1.16590618588541e-08	0.000248125502134	3.012368260149999e-05	9.074362534759131e-10	6.156626480924964e-08	-0.0020150239687565	0.0002392135567938	4.060321594663196e-06	5.7223125753940644e-08	0.0	0.0	0.0	0.0	0.0	0.0	0.0	0.0	0.0	0.0	0.0	0.0	0.0	0.0	0.0	0.0	0.0	0.0	0.0	0.0	0.0	0.0	0.0	0.0
5195.785957338095	16.31726060013807	266.25299349281823	26996191.714471743	14387.71318359375	54.41502529046738	207006290.65335745	2960.9949773622047	4899.039780291725	2.5360840453340643	6.431722284997992	24000590.768880792	6184.844043163901	6586.361887167193	0.979341	26.939198	0.0502570232805445	0.0246953811122343	0.0324441937	-0.0277357766	0.0654403414	0.0547891996	0.028108088	0.0155182388	0.0571483044	-0.0096516023	-0.0881988378	-0.0373617209	0.0247397601	0.0560565114	-0.0200829528	0.0017139172	-0.0089627161	-0.0535842598	-0.0632549417	0.1049907954	0.0337008134	-0.0348387435	-0.062949555	0.0146102751	0.0307582491	-0.0096838191	-0.0030453008	-0.0366453394	0.0090956497	-0.0665512098	0.0609356815	-0.042563309	-0.074098206	-0.1158079682	0.0349425817	0.0220200021	0.0315250255	-0.1022953318	-0.0691478171	0.0032862245	0.0419296828	-0.0290433182	-0.0372026527	-0.1076182321	-0.0242263145	0.0610876911	-0.0690736249	0.0158185449	0.0708336095	-0.1046228183	-0.1135503779	-0.0552760966	-0.0776363276	-0.0367245985	-0.0131350932	-0.0011560587	-0.0125130674	-0.0239930785	0.0476997702	0.1084982807	-0.0721986272	-0.0192525409	0.0507068239	-0.085828061	-0.0662586881	-0.0203892018	0.005047331	-0.0502325289	-0.0268275139	-0.0161361877	-0.092964716	0.0640119148	-0.0411254506	-0.0887453253	-0.0001995095	-0.0729778612	0.0123259895	-0.00104972	0.0294571827	0.0031585737	0.016921836	-0.0896690651	-0.0282187161	-0.1136756881	-0.0067565711	0.1129673151	-0.0759460121	0.0073639056	0.1268475324	-0.0353547069	-0.0182435198	-0.0677886208	-0.0462757853	0.0765932649	-0.0970303124	0.0331210472	-0.0387171894	0.0331749022	-0.0152410345	0.016715205	-0.0395795903	-0.0096330809	0.042798338	-0.004209478	-0.093040344	0.0668007715	0.0123927553	0.0546580497	0.0250200727	-0.0038431802	-0.0090968406	-0.0413951465	-0.0282055005	0.0137246687	0.0553734759	-0.0087082809	0.0784945056	-0.0440323414	0.0219148896	0.0574677644	0.0082664994	-0.0005256496	0.0382935274	0.0453774195	0.0794034961	-0.0732724057	0.1428450314	0.0509058068	0.059443294	-0.1021133557	-0.0306053822	-0.0949955217	-0.0109998982	0.0383740303	0.1155415667	0.0478786556	0.0399777786	-0.0234982795	0.0146543861	-0.075602503	0.0788801199	0.1037659127	-0.0476032476	-0.0743314343	-0.016596725	-0.0946429367	0.0312353572	0.0335992605	0.0917132172	0.0402944052	0.0180472029	-0.0009193273	0.057699111	0.0245005996	0.0003224202	0.1212331294	-0.0314332962	-0.0450481691	-0.0631820829	0.0450840446	0.0570880981	0.032106597	0.0729334039	0.0330959842	-0.0204931728	-0.0422373626	0.0670425124	-0.0485593722	0.0201152343	-0.0794416927	-0.06597775	0.0229535882	0.0627429451	0.0095361811	-0.0913000619	-0.0282096273	0.0855303949	0.0457030134	-0.0761828353	-0.061284559	0.0636484088	0.0743024598	0.0	-0.0330838643167084	-0.0003431804806411	1.1777284229305765e-07	0.0010945420781263	-0.0636446466284326	0.0086301312425263	0.004050641044458	7.44791652632286e-05	0.3235412016229588	-0.011188869411157	0.0001251907986999	0.104678909147628	-0.0122953166401074	0.0002262551517482	0.0001511748112805	5.119139369260131e-08	0.0004499721982278	0.0002018466960938	4.074208872398285e-08	2.024749791779585e-07	-0.0021888189638389	-0.0001737949950824	4.790928456460796e-06	3.0204700315691544e-08	0.0	0.0	0.0	0.0	0.0	0.0	0.0	0.0	0.0	0.0	0.0	0.0	0.0	0.0	0.0	0.0	0.0	0.0	0.0	0.0	0.0	0.0	0.0	0.0
5196.627523282838	0.8415659447437065	0.7082332393523673	27004937.615740728	14435.86112530048	48.1479417067294	208394086.42896163	2318.2242905946123	4907.647245041192	8.607464749466999	74.08844941331698	24085001.4817604	6199.704912885942	6567.928170191099	0.982865	27.036129	0.086520311363228	0.0492523981858306	0.0380813877	-0.039939206	-0.0843593425	-0.0211545727	0.0328867796	0.0205929288	-0.0014659307	-0.0510702246	0.0174009945	-0.0436029933	-0.040074761	0.0459283597	0.0287557148	-0.0449147104	0.0115636955	-0.0338772358	0.0304330856	-0.0630452965	-0.0626676443	0.0371297205	-0.0175291147	-0.0505369041	0.0238001764	0.091308805	-0.0511029521	-0.0139030269	0.0619485088	-0.0559890975	0.0167531032	0.0326107865	-0.0604491552	-0.0922287006	0.0136166126	-0.0011044035	-0.0608229335	0.0284557781	-0.0101828283	-0.0181475369	-0.0112600498	0.1018976254	-0.0845293074	0.0464693095	0.0018852986	-0.0311657179	-0.0852138635	0.0688860338	-0.0654873727	-0.0620110328	0.0475568939	-0.017879907	0.0820205526	-0.1380053761	0.0111495651	0.0590871771	0.0240109396	-0.0337078583	0.0924140928	0.0902405824	-0.0119289032	0.0803850622	0.1350149849	0.0803855666	-0.15017785	0.0477123457	0.0761945245	-0.038879168	-0.0436762349	0.0621420071	-0.0561202945	0.0277964615	0.0682472918	-0.0467682108	-0.1495879357	-0.1548277714	-0.0957546364	0.0877923753	0.0174026845	0.0013762846	0.0341610011	-0.0488586261	-0.0209812902	-0.0686020151	-0.0122101945	0.0060110567	-0.0246158085	0.0717112279	0.0075296025	-0.0397666304	-0.0252707118	-0.0040282415	-0.0555094782	-0.0166116155	0.0949860758	0.0650095792	0.0324108774	0.0208310371	0.0088022239	-0.0055572703	0.0106058442	-0.0125224671	0.0034316921	-0.0433749294	-0.0993005031	0.0386928604	0.0167991704	0.0424488501	0.002725337	-0.0496891801	-0.04021576	0.0070486834	0.0604507602	0.0643409584	0.0519196794	-0.0554635595	-0.0001986439	0.0541244888	0.0054932809	-0.0176779669	0.0263800877	0.0198332088	-0.032715672	-0.0064710818	-0.020261737	-0.0271996867	0.0055538944	0.1033216342	0.0540963721	-0.0822108855	-0.0297312946	0.0709037001	0.074878205	-0.0019040475	0.1068413254	-0.0646861426	-0.0446878793	0.0409093617	0.0119511651	-0.0780728788	-0.0362948577	0.0576164686	0.0568727329	-0.1336721637	-0.0032278577	-0.0113754792	0.0343901409	0.0495487999	-0.0356959319	0.0374713831	0.0094220174	0.0091210698	0.0281203366	-0.001122557	0.0586969972	0.0869159959	-0.0602097745	0.0232855762	0.0617682369	0.0703297713	-0.0485300186	-0.01410997	0.0453037423	0.0813858403	-0.0075395109	0.0229781046	0.0331580049	-0.0100689685	-0.0216341418	-0.004607305	0.0005238024	-0.0076443819	-0.0448121465	0.0082682911	-0.0917842227	-0.0245448544	0.0874315588	0.0400495376	-0.0803293705	-0.0542947536	0.0707010056	0.0668325226	0.0	-0.016719111976073	0.0163647523406354	0.0002678051191703	0.0002795287052684	-0.1068578874598813	-0.0432132408314487	0.0114186081123886	0.0018673841831567	0.3105470403184398	-0.0129941613045189	0.0001688482280078	0.0964394642505426	-0.0122033852790007	9.193136110670004e-05	0.0001489226122677	8.451375154930483e-09	0.0004733764795155	2.340428128770004e-05	5.47760382593786e-10	2.2408529135848865e-07	-0.0020251914685008	0.000163627495338	4.101400484088428e-06	2.6773957230619912e-08	0.0	0.0	0.0	0.0	0.0	0.0	0.0	0.0	0.0	0.0	0.0	0.0	0.0	0.0	0.0	0.0	0.0	0.0	0.0	0.0	0.0	0.0	0.0	0.0
5190.113116298163	-6.514406984675588	42.43749836199009	26937274.159970228	14358.107348006812	-77.75377729366846	206155246.6168872	6045.649883433393	4902.432643399852	-5.214601641339868	27.19207027786445	24033845.823072463	6189.6770827052615	6614.226595525873	1.02727	28.257597	0.0856438805834665	0.048629142788391	0.02667425	-0.0282911741	0.0736521801	-0.0536296217	-0.0858015176	0.0697244914	-0.0838177783	0.0488339243	-0.0460161222	0.0495588071	0.0021118579	-0.0048815507	-0.0028970441	0.0012537922	0.0433404808	-0.0456874227	-0.0012367906	-0.0655801215	0.0314543748	0.0346107243	-0.0342798835	0.0256511768	-0.0743894203	-0.0236747194	0.0333267807	0.0808399449	0.0375872661	-0.0564642519	0.0394049122	-0.022190507	0.0384986954	0.0479241897	0.035821644	-0.0473084289	0.0120586708	-0.0841381427	0.0107806224	-0.1019377525	-0.0177492206	-0.0189839228	-0.0174391143	0.0290154283	-0.1161381319	-0.105993452	0.1113808147	-0.0355252331	0.0345827044	-0.0045320177	-0.0631384886	-0.0406394622	0.0561342582	0.0360140618	0.0198209323	-0.0680900325	-0.0497132386	0.0393753577	-0.0516241365	0.0780575044	-0.0344109543	-0.0787319912	0.013896041	0.0536317558	0.0145488366	-0.0116144514	-0.0355498359	-0.0573811018	0.0449724722	0.0229926749	-0.0597200103	0.0402961788	-0.0078964135	0.0649324103	0.0306568615	0.0144651875	0.0549772581	0.0742555998	0.0911997196	-0.0821675606	-0.0005520275	0.0988657182	-0.0472605883	-0.0110789406	0.0350862413	0.00629602	0.0177707555	0.0227880182	-0.0813989312	0.0856586719	-0.0549475704	0.0734973654	-0.0257506868	0.0182883312	0.0194094933	-0.0852812145	-0.0505855604	-0.0117448526	0.0569352577	-0.0124411484	-0.0164529106	0.0153483117	0.014482579	-0.0511411107	-0.0529762549	-0.0620885794	0.0847436421	-0.0471751359	-0.0056660787	0.0272802912	0.0518744351	0.0743961557	-0.018543169	0.0270354717	0.005506021	-0.0084726261	-0.0036860841	-0.0971070541	0.01066607	-0.0405614809	-0.0187544227	0.0093812922	-0.0116989886	0.0322613823	0.0383066647	0.1066957696	0.0100436659	-0.0040235629	-0.0469968784	-0.0272692679	-0.0700005107	0.0273448671	-0.0429592093	0.0691629975	0.0290080846	0.0818321262	-0.0558231171	0.1039417881	0.0006847522	-0.0153640898	-0.0329427379	-0.0507869783	-0.0091862165	0.0326616958	0.0930905989	-0.0488773262	0.0255801199	-0.0317737782	0.006497412	0.038130746	0.0172984987	0.0192429304	0.0415842233	-0.0295984215	0.0928020801	0.0832609577	0.0311745718	0.0119080707	-0.0825761136	0.0204930555	-0.0454322652	0.0277819034	-0.0624710104	0.0353139489	0.0455107588	-0.0074419488	0.0018739556	0.0212406386	-0.0156836005	-0.0050767856	0.0264845913	0.0206475647	-0.0248322642	0.0069988586	-0.0921998906	-0.020838873	0.0890717925	0.0342093323	-0.0839366709	-0.0468089647	0.0769102337	0.0583538671	0.0	-0.0140510110191769	0.002668100956896	7.118762716189876e-06	0.000197430910661	-0.065082082607077	0.0417758048528043	0.0042356774764743	0.0017452178710995	0.332027610083621	0.0214805697651812	0.0004614148774368	0.110242333857841	-0.0123812652240053	-0.0001778799450045	0.0001532957285471	3.1641274834839326e-08	0.000563778969931	9.04024904155e-05	8.172610273324568e-09	3.1784672693645944e-07	-0.0018990858037492	0.0001261056647516	3.606526890001745e-06	1.5902638682442975e-08	0.0	0.0	0.0	0.0	0.0	0.0	0.0	0.0	0.0	0.0	0.0	0.0	0.0	0.0	0.0	0.0	0.0	0.0	0.0	0.0	0.0	0.0	0.0	0.0
5190.341682547726	0.2285662495633005	0.0522425304394329	26939646.78159236	14420.956409004408	62.8490609975961	207963983.7504053	3950.004468279555	4903.339520159534	0.906876759681836	0.8224254572510268	24042738.44995833	6199.144806110084	6559.609454773588	1.005353	27.654707	0.0788528706969511	0.0463289091480493	0.0246622735	-0.0570266954	0.0304436192	0.0121007142	0.0563452681	-0.0105094463	0.0068573206	-0.0418680988	-0.0452400087	-0.0853939999	0.0493076711	0.0049749938	0.0212786435	0.106677226	-0.0248806085	-0.0336598451	-0.0466838751	-0.0013804356	0.0235112765	-0.0014843908	-0.0455267107	-0.0577898733	0.0521301284	0.0565123967	-0.0241776294	0.0133732912	-0.0002412878	-0.0045269423	-0.0493441377	-0.0167002734	0.0934210398	0.0437074851	0.0364370017	-0.0237600441	-0.0962693953	-0.0117689401	0.0734388941	0.0362353166	0.0300978022	-0.0794011708	-0.0101683818	-0.1181603974	0.0833924641	0.1021769576	-0.0435780582	-0.1332516448	0.0232617995	0.032366316	-0.0076802706	-0.032121078	-0.042547443	0.0277225396	-0.0361822253	-0.0590986695	-0.0666239876	0.0479431362	-0.0210983471	0.0053667646	0.0140006502	0.0481037741	-0.0293850947	-0.0042259329	0.0937910636	-0.0230758586	-0.0169086905	0.0059998492	-0.0025549538	0.0089715098	0.0586022337	0.0450976895	-0.0205720731	0.05710705	0.0622901438	0.0772693641	-0.0233307091	0.0029957026	0.0536784521	-0.0180897594	-0.0133759328	-0.07357435	0.0580091469	0.0282089808	-0.0835734645	0.0353420933	0.1144423946	-0.0568496338	0.0293417546	-0.0870518225	-0.0051647	-0.013544928	-0.0514513413	0.0480123099	-0.0292406477	0.0220223233	0.063063383	0.0373685939	-0.0331337262	-0.0775332011	-0.0522791696	-0.0016894145	-0.0055654164	-0.0405157573	0.0159785425	0.0194561784	-0.0290733412	0.0156734138	-0.0277484443	0.048159676	0.0524319648	0.0265990579	-0.0136278651	-0.0251830768	0.0136415992	0.0189003645	0.0725209678	-0.0186910385	-0.0037038708	-0.0314689813	-0.1725326814	0.0239442398	-0.0304589866	-0.0986049281	0.0157302658	-0.0267073455	-0.0194102972	-0.0586516417	-0.1001097301	0.0284260225	0.0142083371	-0.0289654438	-0.029618671	0.0123995413	-0.0269612345	-0.1112838623	0.0733574754	0.0155095014	-0.0245586092	0.0087743951	0.0635424818	0.0740165264	-0.0185702244	0.1381711231	-0.0028157501	0.0521783298	-0.0531756491	-0.0076892658	0.0175722199	0.0282914028	0.0258064882	0.0208452776	0.0127955042	0.0339358479	0.0092373829	0.0692599961	0.0191554042	-0.0545570537	0.0295751537	-0.0323109169	0.0588867538	-0.0314642253	0.013809339	0.0524669754	-0.0191484385	0.0181284055	0.0074252939	-0.0983319643	-0.0134999811	-0.0414809467	0.0088347422	0.0623877306	0.0210109034	0.0057281203	-0.0925467555	-0.0170979051	0.090446201	0.0282096273	-0.0869805215	-0.0388955753	0.0822020253	0.0489944635	0.0	-0.0051774993542466	0.0088735116649302	7.873920926765409e-05	2.680649956322396e-05	-0.0819979388880938	-0.0169158562810168	0.0067236619818955	0.00028614619372	0.3664545205465401	0.034426910462919	0.0011852121640218	0.1342889156289946	-0.0127032892184707	-0.0003220239944654	0.0001613735569681	1.0369945301145201e-07	0.0006140825710696	5.030360113859997e-05	2.5304522875113557e-09	3.770974040914503e-07	-0.0018986815535915	4.0425015769996603e-07	3.604991641948632e-06	1.634181900004474e-13	0.0	0.0	0.0	0.0	0.0	0.0	0.0	0.0	0.0	0.0	0.0	0.0	0.0	0.0	0.0	0.0	0.0	0.0	0.0	0.0	0.0	0.0	0.0	0.0
5194.736989599538	4.395307051811869	19.318724079707145	26985292.39111367	14396.159145883414	-24.797263120994103	207249398.15360263	614.9042582918142	4902.625775601136	-0.7137445583975932	0.5094312946421753	24035739.495588645	6191.067702220846	6559.203248954607	1.004115	27.620661	0.0726520262232728	0.0467577234346328	-0.0095287652	-0.0341864276	-0.0582696332	0.0186751979	-0.0719286906	0.0062733918	0.038555846	-0.0295992073	-0.0295264038	0.0875767021	-0.052171302	0.0206026346	-0.0268046457	-0.0430503883	-0.0317916504	-0.0331696961	-0.0388692442	0.0402447877	-0.0297390938	0.0562764698	0.0645087227	0.0824695943	0.02090561	-0.0551707081	-0.0236675484	0.0272408814	-0.0308468292	-0.0220740713	-0.0365527985	0.0692082334	-0.1045015678	-0.0353618611	0.0411687081	-0.1038784973	0.0244508529	0.0410115302	-0.0403014064	0.0910470957	0.08852569	-0.0271095941	-0.0365095919	0.0202201143	0.044160479	0.0173564828	-0.0221776216	0.0157761979	-0.0250726832	0.0484315185	-0.0136325715	-0.0550924781	-0.0154600694	-0.0624398931	-0.0427087273	0.0404328542	-0.1136762796	-0.0347252255	0.0246708374	-0.0847914052	0.0233797726	-0.0193216053	-0.0355161532	-0.0828424854	0.0353995019	0.0228011749	0.0495135879	0.0436814333	0.0672098479	0.0543594324	0.0748117687	-0.0489741074	-0.1150499122	0.0622923342	0.115684914	0.0798294042	0.0500355218	0.057054222	-0.0484654715	-0.0377612883	-0.1486088533	-0.043237533	-0.0112466736	0.0307174551	0.0308676912	-0.0256401813	0.0438614886	0.1058765225	0.0077603708	0.0246378692	-0.0098153834	-0.0652268216	-0.0258491474	-0.0291322218	0.0165060101	-0.0643148177	-0.05137787	0.001236101	-0.0164980935	0.0759263604	0.0429670675	-0.0869730433	-0.0142842874	0.0032765852	0.0104146343	-0.0012647581	-0.0088425658	0.0597010859	-0.0010898191	-0.0408139645	0.0077789519	-0.0851636504	-0.0510004636	-0.026534512	-0.0011075795	-0.0340524071	0.1125982156	0.0021770304	-0.0061583967	-0.0488908908	-0.0211164747	-0.0441818506	0.0640278848	-0.0177905507	-0.0554302961	0.0077778461	0.0116335754	-0.0202802198	0.047124592	-0.0114964492	0.0442943	-0.0832688024	0.105623155	-0.0164570004	-0.082752441	-0.0925421401	0.0086335065	0.1237933584	0.0450457379	0.0917612297	0.0045229163	-0.0033507156	0.034562441	0.0193500922	-0.0885284603	0.0624883816	-0.0521086623	0.0769600394	-0.0544952549	0.0091204512	0.0367839219	0.0061590867	-0.0036696006	0.0112262672	-0.0264969349	-0.0521796663	-0.0513698417	0.0788738843	-0.0139845295	0.0097124119	-0.0260686404	0.0452946169	-0.0306500729	0.0908143678	0.0149946789	-0.0123672452	-0.0570445738	-0.0794374877	-0.0152918227	0.0073465641	-0.0534326324	-0.033065994	-0.0396644329	0.0044563133	-0.0928245585	-0.0133282315	0.0915506825	0.0220783961	-0.0894404896	-0.0306268741	0.0865132565	0.0388955753	0.0	-0.0078961111502735	-0.0027186117960268	7.390850097496601e-06	6.234857129747349e-05	-0.0870547349355632	-0.0050567960474694	0.0075785268747011	2.5571186265702203e-05	0.3943226658391765	0.0278681452926364	0.0007766335220514	0.1554903647945148	-0.0132847007774874	-0.0005814115590167	0.0001764832747473	3.380394009582313e-07	0.0007701285541596	0.0001560459830899	2.4350348838524562e-08	5.930979899319559e-07	-0.0018959696339554	2.711919636099987e-06	3.5947008528809738e-06	7.354508112664687e-12	0.0	0.0	0.0	0.0	0.0	0.0	0.0	0.0	0.0	0.0	0.0	0.0	0.0	0.0	0.0	0.0	0.0	0.0	0.0	0.0	0.0	0.0	0.0	0.0
5199.0041024143775	4.267112814839493	18.20825177456742	27029643.65692153	14382.905545122196	-13.253600761217967	206867971.9199068	175.65793313775748	4899.8610165231285	-2.7647590780079554	7.643892759427399	24008637.981243063	6185.39455301943	6591.188011181729	0.986185	27.127462	0.0873681389088648	0.0463493464963597	-0.0330048424	-0.0459621952	0.0942312165	0.00479223	0.0074864675	-0.0417164226	-0.0207685917	0.0546720699	-0.0760046538	-0.0033650707	0.0273938406	-0.003208031	-0.0209817191	-0.0076517915	0.0204654252	-0.0070741677	-0.0928974458	0.0486421537	0.048676596	-0.0355576055	-0.0001002018	0.0002342874	-0.0128573785	-0.0900092247	-0.049695467	-0.0150784943	-0.0222264471	0.1027914488	-0.1263329606	-0.0010070504	-0.0666009977	-0.0413151907	-0.0253488729	-0.0550727924	0.0121007456	0.0357106502	0.0843064494	-0.0060600064	-0.0572137293	0.0183898145	0.0560773035	-0.0683734748	0.0379579916	0.0969776356	-0.0292269546	-0.0206405437	0.0244218963	0.0166144313	-0.0230985481	0.0867728559	0.0051594747	0.0133053256	0.0022470642	0.0186823984	0.048534728	0.0126363068	0.007461566	-0.0108539017	-0.0214565804	-0.092231038	-0.0399160628	-0.0033155931	0.0076003852	0.0173906169	0.0367021542	0.1273570055	-0.016512295	-0.0515059123	0.0427732713	-0.0443463095	-0.0191360576	0.1139920508	-0.0589918044	-0.0600609771	0.0433653097	-0.0234235494	0.0774439272	0.055145509	0.0719758957	-0.0482752588	-0.0891539478	-0.0118873742	0.0440388179	-0.1641040688	0.0640829788	0.013131029	-0.0031216641	0.043602189	0.0390374131	0.0096648282	-0.0197644224	0.0866129051	-0.0610393672	-0.0397118177	-0.0257956284	0.0279176855	0.0356710734	-0.0064340415	0.0133114742	0.0067089723	-0.04276679	0.0523268709	0.1291498806	0.0980320872	-0.0286590043	-0.0159224085	0.0304898571	-0.074025658	-0.0075604695	-0.0888366361	-0.0835795332	-0.0635874833	-0.0782453424	-0.0389215974	-0.0113105722	0.0565527432	-0.0569131844	0.0001113921	-0.0557497025	-0.008498941	0.0319699631	0.035568864	0.0306106867	-0.01266623	0.0074269352	-0.0599710873	0.0665379423	0.0038630432	-0.0056425314	0.0191973924	0.0287326305	-0.0215410594	0.0358916646	0.0721857453	0.0300443449	-0.0522602774	0.0109033603	0.0045408518	0.0117484345	-0.0492451803	-0.0162217148	0.0208971737	-0.0766590513	0.0495739252	0.0032458016	0.0358639558	-0.1712591504	0.0012408571	0.0464672734	0.018844726	-0.0158365346	-0.0126419226	0.0232731176	-0.0962186404	-0.002163014	-0.0097368219	-0.0528734811	-0.0534593937	0.0944687789	0.02568618	-0.0112967479	0.0686378131	-0.0416934796	-0.0478305495	-0.0250143709	-0.0309467975	-0.0314430638	0.0709545686	-0.0355165053	0.002576613	-0.073419102	0.0031836749	-0.0930330924	-0.0095361811	0.0923819408	0.0158442251	-0.0913000619	-0.0220783961	0.0897925	0.0282096273	0.0	0.0060170716710246	0.013913182821298	0.0001935766562188	3.620515149424678e-05	-0.1089389414147206	-0.0218842064791573	0.0118676929565599	0.0004789184932223	0.4305770184228308	0.0362543525836542	0.0013143780812599	0.1853965687938947	-0.0132843658887293	3.3488875810124e-07	0.0001764743770656	1.1215048030259083e-13	0.0010721142500884	0.0003019856959288	9.119536054560165e-08	1.149428965242612e-06	-0.0018919622781472	4.00735580820006e-06	3.579521261931943e-06	1.6058900573514752e-11	0.0	0.0	0.0	0.0	0.0	0.0	0.0	0.0	0.0	0.0	0.0	0.0	0.0	0.0	0.0	0.0	0.0	0.0	0.0	0.0	0.0	0.0	0.0	0.0
5191.1304923306	-7.873610083777748	61.99373575136664	26947835.788404536	14443.612938827124	60.70739370492811	208617954.7266543	3685.387650445145	4903.438940663364	3.5779241402351545	12.80154115327747	24043713.44481385	6193.679461360372	6503.521129838696	1.057021	29.075958	0.0996888630524416	0.0557499555695659	-0.0124762865	-0.0515403571	-0.0848326271	-0.0419174478	0.054766629	-0.0190367725	-0.0497899469	-0.0038850332	0.0668339927	0.0029200572	-0.0754148256	-0.0655631617	-0.0006158021	0.0555005147	-0.0282365723	-0.0153057107	-0.0149335097	-0.0414765505	0.0070700879	0.0379541531	0.0775794427	-0.0414499648	-0.022043405	0.0594913053	-0.0434662325	-0.0037400554	0.00105083	0.0339790511	-0.0996110317	-0.0546896206	0.0858438506	-0.0569029847	-0.0295114341	-0.0775354192	-0.0480250859	-0.0413384157	-0.0244143746	-0.0143123077	-0.047940604	-0.0243660499	0.0167317839	0.0705374077	-0.0277813907	-0.0112664381	0.0225364477	0.0368380769	-0.1053440417	0.0101239774	-0.0426417565	0.125599709	-0.0380114485	0.1092707337	0.0720901688	-0.0303951319	0.1028547545	-0.0548728533	-0.0047206972	0.0585073726	-0.0499926595	-0.0400460255	-0.1078833414	-0.1405743824	0.0117569196	-0.0508921237	-0.1833585204	0.1120084447	0.0561025375	0.0057632578	0.0160331371	0.0233172829	0.0525864662	0.0279752255	-0.0123729823	-0.1164123458	0.0220619558	-0.0296917099	-0.0100460436	0.0018422709	0.0706868549	0.0652092705	-0.0582952212	0.0794501029	0.0304790996	0.0601873704	-0.0681163307	0.0377758582	-0.0985057413	-0.0028146091	0.0250011186	0.0489793212	-0.0123800969	0.01077179	0.0680576667	-0.015526396	0.0767457479	-0.02441385	-0.0935964403	0.0034364445	0.0625848189	-0.0152242644	0.0137830451	0.000258914	0.0735188337	0.0514860237	0.0099028806	-0.1050662998	0.0306151686	0.0335342717	0.0602332284	-0.0089336169	-0.0429508065	-0.0363933074	-0.0791228173	0.0217477361	-0.0157541682	0.0098570742	-0.009898877	-0.0992704137	-0.0186179888	-0.0232548711	-0.0665586254	0.0719413529	-0.0038889516	-0.0124241854	0.0486509808	0.037285431	0.0612106227	0.0782624857	0.0701898969	0.0683019975	-0.0676842316	-0.0736283509	0.0709259105	0.1825627118	-0.0542103379	-0.0460482256	0.1475250564	-0.005768275	-0.034527667	0.0574246314	0.0179751096	0.0027073384	0.0460104212	-0.0321517583	-0.0346593422	0.024320628	0.0138035793	0.0058308335	0.0356071613	0.025827777	-0.0092035004	-0.0171392411	0.0137367898	-0.0787869204	-0.0262871231	0.0339528441	0.0742183153	-0.0882086045	-0.0167590664	-0.1083439583	-0.0566711453	0.047503212	-0.0099362485	0.0598272444	-0.0899810849	-0.0226315425	-0.0177530942	0.0608645354	-0.0304392081	0.0019267867	-0.0486866043	0.0019104426	-0.0931722015	-0.0057281203	0.0929374951	0.0095361811	-0.0925467555	-0.0133282315	0.0920006388	0.0170979051	0.0	-0.0116417038472462	-0.0176587755182708	0.0003118323528046	0.0001355292684669	-0.0574019722261311	0.0515369691885895	0.0032949864154495	0.0026560591931456	0.4215470789344095	-0.0090299394884212	8.153980716455016e-05	0.1777019397581332	-0.0136934443136456	-0.0004090784249163	0.0001875104171709	1.6734515773200114e-07	0.0010520033813965	-2.011086869189993e-05	4.044470395428408e-10	1.1067111144696698e-06	-0.0018918879946122	7.428353500003004e-08	3.579240184157772e-06	5.518043572100686e-15	0.0	0.0	0.0	0.0	0.0	0.0	0.0	0.0	0.0	0.0	0.0	0.0	0.0	0.0	0.0	0.0	0.0	0.0	0.0	0.0	0.0	0.0	0.0	0.0
5202.320782560955	11.190290230355458	125.22259543958882	27064141.524665628	14360.011228590743	-83.60171023638031	206209922.48525223	6989.245954447697	4912.956188187617	9.517247524253436	90.57800043790812	24137138.507051	6193.9576761903945	6592.104551283032	1.130699	31.102676	0.0832469986274432	0.0430526945481419	-0.0101891155	-0.0174318577	0.03387797	0.0560257258	-0.0711941173	-0.0168092262	0.0351217344	0.0213564263	-0.0808380537	0.0730862269	0.0284948925	0.0836971223	-0.0598226922	-0.0106673274	-0.0487849612	0.005349514	-0.0360493437	-0.0232080297	-0.0843899691	0.0069692267	-0.0280248204	-0.005286934	-0.0010767505	-0.06200786	0.067242031	-0.0197213482	-0.0674508001	0.093291114	-0.0378443236	-0.0888083451	-0.0556501279	-0.0400293453	0.0459198634	-0.0039765644	0.0588891516	-0.0103804122	-0.0686872817	-0.0106393343	0.0668971348	0.0627970413	0.005659273	-0.0070225783	0.0037067371	-0.1004239503	0.0058848214	-0.0122436091	0.031922423	0.005269612	0.011505698	0.0385061305	0.0964348998	-0.0060384431	-0.0952109103	-0.0367808224	-0.078366372	-0.0102022245	-0.1075461186	-0.0727625354	0.033770642	-0.004839339	-0.0884293885	-0.0204051462	0.0334854723	0.0512749343	0.0610657747	0.1225670338	0.0454756393	0.0548662438	-0.0130349647	-0.0232582341	0.0089456945	-0.0185057082	-0.0550665611	-0.0794324747	-0.0532268843	-0.0092482236	-0.0207594377	0.0341607788	-0.0022386979	-0.0008135807	0.0025702757	-0.0808349851	0.046450409	0.1551515474	-0.0256160723	-0.1005181472	0.028115641	-0.0953643466	0.0133849317	-0.0627206	-0.019862036	-0.0453756125	-0.0203113346	-0.009081071	-0.1314832951	0.0060253432	-0.0126321232	-0.0017566758	-0.0520856507	0.0592339232	-0.035988119	0.0149069811	0.0834964398	0.0057387086	-0.0088370651	-0.0826543556	0.028653534	-0.0863498093	0.0483355375	0.0053265858	0.0307481043	0.1100621051	-0.0079429651	0.1080177925	0.062397133	-0.0379164805	0.0264769322	0.0284894523	0.0805664618	-0.0218679809	-0.0767459225	0.0321796398	-0.0507396022	0.0114660044	-0.1105195638	-0.0537438345	-0.0701486051	-0.054252541	-0.0006581928	-0.1009603014	0.0339425515	0.1008412525	0.020403594	-0.0395113776	-0.0156329411	0.0020718435	-0.0230369885	0.010092256	0.0814919232	-0.0240357299	0.0558106803	0.0990357455	-0.0460273779	0.0047761623	0.073501573	0.091900455	-0.0512944201	0.004465222	0.0242798312	0.0124755679	-0.0058812676	0.0299751477	-0.0931932353	-0.0669187423	0.020810395	0.0777204921	-0.0451831138	-0.0793590434	0.0589498993	0.0681413091	-0.051952032	0.0623623718	-0.0045597336	-0.0308741224	-0.0089100233	-0.0711268477	-0.0039671571	-0.0249087488	0.0209025944	0.0731720963	0.0243749709	0.0006368538	-0.093241782	-0.0019104426	0.0932156873	0.0031836749	-0.0931722015	-0.0044563133	0.0931113328	0.0057281203	0.0	0.0047932367326808	0.016434940579927	0.0002701072718657	2.297511837552051e-05	-0.0806844570143283	-0.0232824847881972	0.0065099816036969	0.0005420740979126	0.3995753515805305	-0.021971727353879	0.0004827568029131	0.1596604615907045	-0.0132634179167519	0.0004300263968937	0.0001759182548344	1.849227020253782e-07	0.0010515979149012	-4.0546649530005113e-07	1.644030788109064e-13	1.1058581746245517e-06	-0.001892613049332	-7.250547198001198e-07	3.581984154501772e-06	5.257043467044303e-13	0.0	0.0	0.0	0.0	0.0	0.0	0.0	0.0	0.0	0.0	0.0	0.0	0.0	0.0	0.0	0.0	0.0	0.0	0.0	0.0	0.0	0.0	0.0	0.0
5199.279423274514	-3.041359286441548	9.24986630922424	27032506.52128576	14420.017424128606	60.00619553786237	207936902.51217255	3600.7435029281737	4910.213797897485	-2.74239029013188	7.520704503409616	24110199.541062847	6204.550626878833	6608.870822841943	0.981279	26.992489	0.0574230606216879	0.0361991095963711	0.006063764	-0.0283406136	0.0106417652	-0.0126874238	0.0446851943	0.0160343648	-0.0305090184	0.0126314831	0.0214679566	-0.0208477664	-0.061713776	0.0476278369	-0.0719932568	0.0098313267	0.0790398945	0.0117312256	-0.00293301	-0.0792954022	-0.0273623969	-0.0134419026	-0.0304628105	-0.0281598306	0.0164487172	0.0215518154	0.0067367929	0.0218726256	-0.0955821703	0.1092595642	-0.0054767731	-0.0022273828	-0.0905843308	-0.022718025	-0.0595703439	-0.0062363417	0.0518585326	0.0520975483	-0.0168756465	0.0295616364	-0.0800748032	-0.0967105843	0.0857992313	0.0034636524	-0.0623875575	0.0870010692	-0.0164745295	-0.0239360241	0.0258902676	0.052228271	0.0424077508	0.0606216071	-0.0557310353	-0.0302217766	-0.0212989434	0.0433855958	0.0345858976	-0.0043592315	0.0188303396	0.0102791757	0.0792663523	0.0105934289	-0.0183510073	0.0967062076	0.0019584514	-0.0705944424	-0.0031513713	-0.0366756705	0.0754856112	0.0607699997	0.0123620103	0.0563529871	0.0704593611	0.0167293623	-0.0302256147	0.0393042228	-0.0167208211	-0.1063815966	-0.0141996109	0.1309002236	0.1182246802	0.0438071853	0.0110333068	0.1307031187	-0.0729048671	0.021631892	0.0212036593	-0.069745777	-0.0062919544	-0.0296942618	0.0036067444	0.0234237719	-0.0152379451	-0.0107543136	0.0721783276	0.0028207819	0.0009643168	0.0023767833	0.0178469464	-0.0945526633	-0.0763316277	-0.0084518906	-0.0460784337	0.048034543	0.0788262496	-0.0511427104	-0.0775976934	-0.0256639555	0.0838829218	-0.1310610314	0.0034221588	-0.0414873351	0.0034096368	-0.0028734274	0.0535224416	-0.1043380227	-0.0599194159	-0.0209941244	0.0018371869	0.0446985098	0.047315746	-0.02917522	0.0192312981	0.0368487973	0.0019715394	-0.0074565988	0.0450629438	0.0162982406	0.0248140648	0.0973832028	0.0100484537	-0.0546061115	-0.0996525394	0.0060049341	-0.0003787214	-0.1085642527	0.0275641068	-0.1246151211	-0.0295833662	0.0149099814	-0.0212887491	-0.0840713464	0.0530931433	-0.0141151771	0.0688380295	-0.0360296943	0.031214365	-0.0756549047	0.0709970873	0.0070593231	0.0288200698	0.0172928328	-0.0183115918	-0.0201499931	0.0211841584	-0.0802570539	-0.0177142694	0.0259282093	0.0250426075	-0.0217340594	0.0598043242	-0.0100287162	-0.0120510925	0.0453960369	-0.0160876745	0.0080471121	-0.0440098913	-0.032309533	-0.0101194642	0.0370754881	0.0081964077	0.0134269671	-0.071084734	-0.0006368538	-0.093241782	0.0019104426	0.0932156873	-0.0031836749	-0.0931722015	0.0044563133	0.0931113328	-0.0057281203	0.0	0.0062535039485283	0.0014602672158475	2.132380341679009e-06	3.910631163425904e-05	-0.1039620264650977	-0.0232775694507693	0.0108081029467296	0.0005418452395353	0.3956858114449844	-0.003889540135546	1.5128522466023966e-05	0.1565672613788757	-0.0126888538473001	0.0005745640694517	0.0001610070119581	3.301238699050127e-07	0.0010505534170941	-1.0444978070999703e-06	1.0909756690366467e-12	1.10366248216809e-06	-0.0018929181584636	-3.051091315999476e-07	3.583139154641227e-06	9.30915821856741e-14	0.0	0.0	0.0	0.0	0.0	0.0	0.0	0.0	0.0	0.0	0.0	0.0	0.0	0.0	0.0	0.0	0.0	0.0	0.0	0.0	0.0	0.0	0.0	0.0
5173.803593190189	-25.475830084325025	649.0179184854001	26768243.620907705	14364.979931014625	-55.03749311398133	206352648.4184529	3029.125648271542	4898.223809898272	-11.989987999213554	143.75981222128505	23992596.49185434	6186.22744202535	6553.046261769739	0.935095	25.722107	0.0638851695626532	0.0411132784509765	-0.0161665553	-0.0266796832	0.0679332172	-0.0314303587	-0.0846816388	0.0192735012	-0.0571727831	0.0414485284	-0.0556853804	0.0454972955	-0.0275974948	-0.0840699444	-0.0008422234	0.004685614	0.0940830479	-0.0203128335	-0.0429804679	-0.0099287349	0.0551407509	0.0422574853	0.0147286004	-0.0339225371	-0.0783200851	-0.0043642853	0.0097084635	0.0065767816	-0.0267138281	0.0808273211	0.0008775188	0.0092196953	-0.0189267983	-0.0426813975	-0.025918072	-0.0635526285	0.072188962	-0.0032780891	-0.0090574133	-0.0870366011	0.030271758	-0.0847424249	-0.0433549646	-0.0301102938	-0.011108043	-0.13628342	-0.0226116088	-0.0101278926	-0.0134956321	0.0677539009	0.0822479871	0.0416814143	-0.0171782042	-0.1007665476	-0.0374330733	-0.032238761	0.1085905884	0.0219562491	-0.0054934361	-0.0476146934	-0.0482227741	0.0520476984	0.0368748439	-0.1220236819	0.1246431327	-0.0419055876	0.0879138242	0.0676185046	-0.022699895	-0.0710072298	0.0902307973	0.0539202156	0.0594802914	0.0295551836	0.0213686277	0.0299217687	0.0286912104	0.0385973064	0.0659727653	-0.1298570401	-0.0106215074	0.0227736665	-0.0604997672	0.0934631262	0.0497935299	-0.0077242974	0.0315950026	-0.0539872391	-0.1459734938	-0.0295690492	-0.0084503061	0.035346176	-0.011167595	0.028015871	-0.0116052749	-0.1277366668	-0.0105436622	0.0061094961	0.0238841062	-0.002581971	0.019289861	0.0213052342	-0.0270386913	-0.0046639746	0.083005612	-0.0315351989	0.0251035653	-0.0352419917	0.0055773267	-0.0689538876	-0.005214195	-0.0773807182	-0.0015212934	0.0053282002	0.0004119464	-0.0191612916	-0.0785341205	-0.1069719494	-0.087864939	-0.0124682753	0.0186840314	-0.0054460272	0.0280388513	0.099309142	-0.0080220156	0.0141892659	-0.1388012089	-0.0514688209	0.0023526454	-0.0388615013	0.1537411955	0.017601472	0.0021457357	0.0436327326	0.0337226457	0.0091991662	0.0451105785	0.0488386007	-0.0327146178	0.0253103633	-0.04939484	-0.0295370238	0.0160026145	0.0082564098	-0.1318123719	-0.0108434139	-0.1277365616	-0.0208826545	-0.1012547064	0.0085455768	0.0244673054	0.03093312	6.50378e-05	-0.030591893	0.0273578892	-0.0632695219	0.0027799307	0.0480853643	-0.080721309	-0.0689222192	0.0348411958	0.0079542782	-0.0650087048	-0.0085350374	0.0195927378	0.0164242516	-0.0827497864	-0.0447574806	-0.0267049471	0.0498849328	0.0547356673	0.0034588367	-0.1459100076	-0.0019104426	-0.0931722015	0.0057281203	0.0929374951	-0.0095361811	-0.0925467555	0.0133282315	0.0920006388	-0.0170979051	0.0	0.0064949511405956	0.0002414471920673	5.8296746557183707e-08	4.2184390318724086e-05	-0.0649860777109694	0.0389759487541283	0.0042231902962561	0.0015191245812844	0.407638476127687	0.0119526646827026	0.0001428661930171	0.1661691272197028	-0.0127973931404939	-0.0001085392931938	0.0001637732711923	1.1780778167009754e-08	0.0010919870942625	4.143367716839992e-05	1.7167496036951851e-09	1.192435814035858e-06	-0.0017885889501507	0.0001043292083129	3.1990504326011827e-06	1.0884583707196512e-08	0.0	0.0	0.0	0.0	0.0	0.0	0.0	0.0	0.0	0.0	0.0	0.0	0.0	0.0	0.0	0.0	0.0	0.0	0.0	0.0	0.0	0.0	0.0	0.0
5190.92182763987	17.11823444968104	293.03395067424674	26945669.420668043	14376.562654622396	11.582723607771186	206685553.76228333	134.15948617401995	4895.108033090148	-3.115776808123883	9.70806511804265	23962082.655623693	6182.233182560122	6555.556594442879	1.042402	28.673826	0.0384083690383507	0.017204592966969	-0.0010936998	-0.0517218753	0.0725027061	0.0115687932	0.0967361008	-0.0334798039	-0.0138984244	0.0347347485	-0.0854975328	-0.0720532651	0.0561137809	-0.0608487606	0.0030640527	0.0955443395	-0.0795979685	-0.0536316773	-0.0761960393	0.0384303331	0.1515796729	-0.0432719661	0.0079220779	-0.0335675339	0.0264881213	-0.0296055079	-0.0346384168	0.000194479	0.0158580758	0.0211903104	-0.0946848874	0.0239691166	-0.0499163409	0.0073645394	0.0014764084	0.0066613481	0.0831849305	-0.0699070414	0.0688529058	-0.0098219995	0.0826112573	-0.043070974	0.0455167829	-0.1315956701	-0.0013543204	-0.0259364336	0.1069977556	0.0071784268	-0.0152254515	-0.0172125696	0.0739358418	0.0054089255	0.0479752076	0.1650068731	-0.0450539952	0.0176293013	0.0416099229	-0.0266329851	0.1220797086	0.0776596395	0.1024916921	0.1035321813	0.0257452782	-0.0361133043	-0.0700604066	-0.0245677516	-0.0744247929	-0.0109519002	0.0339069675	-0.0417683183	-0.0006477554	-0.0681349463	-0.0267174883	-0.0989089014	0.0590278397	0.083260623	0.0072147558	0.0156560295	-0.0723548822	0.0249869788	-0.0040798302	0.0698770844	0.0104170047	-0.030081686	0.1087108939	-0.0044115958	-0.0880501588	0.0223963675	0.0213563258	-0.0508266996	0.0182154722	0.0395248416	-0.0169792026	0.1209280358	-0.1045046607	-0.0081691045	0.0420027455	-0.0299326244	-0.0709823324	-0.0177332512	0.0149860703	-0.0306420813	0.0033290598	0.0376740514	0.0534146529	-0.0005879139	-0.0714708826	-0.0677005668	0.0217438141	-0.0432193761	0.0055097749	0.012056235	-0.0763205748	-0.0333403324	-0.0858317988	0.1105962871	0.0591216878	-0.0471592156	-0.0030261717	-0.0038016993	-0.0834666922	-0.0050632977	0.1650573749	0.0571133834	-0.069527587	-0.0233483511	-0.0439107	-0.0062185524	-0.065773594	0.0846865222	0.0250688167	0.0187456121	-0.0058654737	-0.096122843	-0.0029280968	-0.149524698	0.0817940594	0.0205993848	-0.048095309	-0.0988291062	-0.0074625327	0.0044264577	-0.0907574897	-0.0534346188	0.0047058809	-0.0558905511	0.0481228499	-0.0775855343	0.0616822691	0.0075024971	0.0343375594	0.02700349	-0.0050571307	0.0021952644	0.0001982278	-0.0307458348	0.0110825585	-0.0507392922	0.0165258477	-0.1127509791	0.1344363115	-0.0627548084	-0.0064958586	-0.0026023367	-0.0453449082	0.0218430296	-0.0499331578	-0.1011209917	0.0186673589	0.0203554118	0.0053636352	0.0446640904	-0.0287482338	-0.0031836749	-0.0930330924	0.0095361811	0.0923819408	-0.0158442251	-0.0913000619	0.0220783961	0.0897925	-0.0282096273	0.0	-0.0023681429922817	-0.0088630941328773	7.855443760824401e-05	5.608101231892924e-06	-0.0659746053866712	-0.0009885276757018	0.0043526485559269	9.77186965628409e-07	0.4162878024158587	0.0086493262881717	7.481084523925841e-05	0.173295534440225	-0.0126102434752073	0.0001871496652865	0.000159018240504	3.5024997216886194e-08	0.0012575450937675	0.000165557999505	2.7409451200097583e-08	1.5814196628587103e-06	-0.0017431481961103	4.544075404039989e-05	3.038565633602593e-06	2.064862127760118e-09	0.0	0.0	0.0	0.0	0.0	0.0	0.0	0.0	0.0	0.0	0.0	0.0	0.0	0.0	0.0	0.0	0.0	0.0	0.0	0.0	0.0	0.0	0.0	0.0
5183.621265579172	-7.3005620606973025	53.298206402092845	26869929.42496462	14390.567995042067	14.005340419671484	207088447.21992907	196.14956027088385	4902.496285059528	7.38825196938069	54.58626716305764	24034469.82502248	6190.3202628374365	6562.3209441759045	1.112836	30.611294	0.0723317322878542	0.0367276758308366	-0.0050276022	-0.0358769348	-0.0750780516	0.0323903376	-0.06358282	-0.0053917153	0.0795833352	-0.0521691356	-0.0326611178	0.0969714615	-0.063483581	0.0625322761	-0.028686149	-0.0222471368	0.0054111047	-0.004087741	-0.0216887929	0.0543878805	-0.0477017746	0.0611351261	0.0699832719	0.0174120037	0.0884752339	-0.0491378883	0.0045627061	-0.0025899463	-0.0530163571	0.0791790414	-0.0146236072	-0.0050695113	-0.0823354019	-0.0236723967	0.0075303593	-0.1255831366	0.0932709195	0.070200749	0.046268785	-0.0108566906	0.0750511904	-0.0797808007	0.1242910357	0.0199776187	-0.0317357786	0.0533473872	0.0541722928	0.0830209557	-0.0968641465	0.072180219	0.1506720378	-0.0749686935	0.011945614	-0.0369579404	0.0366475789	-0.0896640725	0.0757725003	0.0433355676	0.0693213477	0.0127347106	0.0702940792	-0.0735354913	-0.0525375187	0.0190959882	-0.0468642011	-0.0754424258	-0.0682677778	0.0124420942	-0.0197791192	-0.0331529306	-0.0196537563	5.69513e-05	-0.0005823244	-0.0625702925	0.049998404	-0.096173583	0.0142380339	-0.0724720721	-0.0874684235	0.0010604653	-0.0331394606	-0.1093095277	0.0869571215	0.0445120597	0.0626265431	0.0964143012	0.0441281313	0.0664618344	-0.0157034648	-0.0494776188	0.0089376306	-0.0817092232	-0.0315769031	-0.0616889532	-0.006899886	-0.0299729236	-0.0385213434	0.0129580641	-0.0449461364	0.0598767641	-0.0177740158	-0.0658601701	-0.0677415662	0.0150542337	0.0942084143	0.0090227063	-0.0161759125	-0.0254110222	0.0351937732	-0.1029922641	0.0263203339	-0.1320658217	-0.0294618062	0.0485760685	0.0144515066	-0.0217621025	0.0455996051	0.0038154605	-0.0530440984	-0.0781609041	-0.0097801015	-0.0492706923	0.1036749275	0.0028957426	-0.0656603755	0.073899522	0.0201577871	-0.0486669203	0.1233920208	0.0584327223	0.0133631494	0.1496013582	-0.0042983714	-0.0735593216	-0.1078285001	-0.0281115663	0.0453084948	0.0136590056	-0.0152607545	-0.0772110368	0.0733189851	-0.0615918554	0.03835446	-0.055935583	0.0518430055	-0.0206196365	-0.0762354323	-0.0239941358	0.1157876777	-1.32866e-05	0.0312471118	0.0256686992	-0.0191632926	0.0402705697	-0.0646908187	-0.0672732538	-0.0474126665	0.0872537417	0.0069927384	-0.0261567684	0.0151342572	0.0504226337	-0.0252395681	0.0473127022	-0.0101218961	0.0295185405	-0.063546687	-0.1104027847	-0.0320630862	0.0137389968	0.0165319853	-0.0363148801	-0.130023629	-0.0044563133	-0.0928245585	0.0133282315	0.0915506825	-0.0220783961	-0.0894404896	0.0306268741	0.0865132565	-0.0388955753	0.0	0.0007551817710123	0.003123324763294	9.755157577005523e-06	5.702995072692739e-07	-0.0798911382156717	-0.0139165328290005	0.0063825939653955	0.0001936698859806	0.393522168535469	-0.0227656338803897	0.0005182740859759	0.154859697128858	-0.0122524506282973	0.00035779284691	0.0001501225463988	1.2801572129996366e-07	0.0009980134407105	-0.0002595316530569	6.735667893849896e-08	9.960308278388108e-07	-0.0017099478797739	3.320031633639994e-05	2.9239217515432563e-06	1.1022610048370244e-09	0.0	0.0	0.0	0.0	0.0	0.0	0.0	0.0	0.0	0.0	0.0	0.0	0.0	0.0	0.0	0.0	0.0	0.0	0.0	0.0	0.0	0.0	0.0	0.0
5180.476930958883	-3.1443346202895555	9.886840204351463	26837341.232197165	14328.51038661859	-62.05760842347809	205306209.8994368	3851.1467632417375	4895.07936002848	-7.416925031048777	55.0107769161979	23961801.94097683	6179.395365049452	6544.255177426396	1.094665	30.111448	0.1199470127891932	0.0536510819719737	-0.0111317619	-0.0155770379	0.1094232769	-0.0312721345	-0.0459713204	-0.0040140056	-0.0463478348	0.0959277488	-0.1116221494	0.0325818351	0.0359546167	-0.0070370135	0.0422247185	-0.0274690436	0.0182509756	-0.0300598844	-0.0411911259	0.0040945545	0.1000500377	-0.0080773098	0.0017060137	0.0293942659	-0.0142768843	-0.0172661417	0.0189404883	0.0702287121	0.019656715	0.1154450158	0.0053847219	-0.002496277	-0.0661379225	-0.0066429359	-0.0249122959	-0.0788287803	0.0607313133	0.1085339805	0.0087002143	-0.0045087966	-0.0602335732	0.0120528302	0.1153902237	0.0088412139	-0.0287340213	-0.0686090759	0.0816511059	0.0102595178	-0.0009191281	0.0300111089	0.0200875717	-0.0062685204	0.007936066	0.0191162592	0.0117638352	-0.0877219403	0.0539794555	0.0341335356	0.0027878902	0.092110314	-0.0140014469	-0.0234196589	0.0181265878	0.0481308261	-0.0613925536	0.0381881464	0.0064506127	-0.0441316424	0.0562425277	-0.0154175039	0.0740639131	0.084429706	-0.0652022517	-0.0252534352	-0.0224403494	0.0611204056	-0.0264598181	0.0851280708	0.0561518238	-0.0277848854	-0.054463925	-0.1000173443	0.1008683031	-0.0631573807	-0.0016090403	-0.0535901107	-0.0580712311	-0.0098631345	-0.0102305209	0.0032810258	-0.0057714433	0.0493918305	-0.0150584204	0.0747924295	-0.0777419595	-0.0781561463	-0.0551973392	0.0314854632	0.0431977841	-0.0124187723	-0.004762121	-0.0419797102	-0.0673146122	0.0155498236	0.0719198335	0.0079045868	0.0060146803	-0.0170949867	0.0085545264	-0.1069809785	0.0598490836	-0.0318926864	0.012903191	0.0376231426	0.0326272058	-0.0062590732	0.0063586659	-0.0213121545	-0.0713814717	-0.0402441514	0.0928642694	-0.0029670244	0.0364456854	-0.0358620055	-0.0127819	0.0623522732	-0.0300324393	-0.0421740699	-0.0443442353	0.0149798411	0.0461598448	0.0524472077	0.0266148078	-0.0162842229	0.0565804381	0.0540908589	0.0342918593	0.0418240713	0.022586339	-0.1083902788	-0.0454408494	-0.0656513042	-0.0255887427	-0.0852074572	0.0816996688	0.1198528396	0.0207059859	0.0028972166	-0.0189218337	0.0111327773	0.0174385325	0.0259023976	0.0014883463	-0.045090394	0.0545080326	-0.0671926251	0.0223088867	0.0215105143	-0.063585104	-0.0489823549	0.1015975063	0.0389038177	-0.0551205449	-0.0038674188	-0.0249097886	-0.0405345586	-0.0522697503	-0.0654550766	-0.0369684609	0.077412172	-0.0070925446	-0.0100247386	-0.0989602257	-0.0057281203	-0.0925467555	0.0170979051	0.090446201	-0.0282096273	-0.0869805215	0.0388955753	0.0822020253	-0.0489944635	0.0	0.0179441313500348	0.0171889495790225	0.0002954599876301	0.0003219918499073	-0.1156544644200892	-0.0357633262044174	0.0133759551402976	0.0012790155012035	0.3785749753780507	-0.0149471931574183	0.0002234185832851	0.1433190119824916	-0.0118034382431592	0.000449012385138	0.00013932115436	2.0161212200740446e-07	0.00121189891728	0.0002138854765695	4.574699708736215e-08	1.4686989857044365e-06	-0.0013318948645148	0.0003780530152591	1.7739439301208972e-06	1.429240823464974e-07	0.0	0.0	0.0	0.0	0.0	0.0	0.0	0.0	0.0	0.0	0.0	0.0	0.0	0.0	0.0	0.0	0.0	0.0	0.0	0.0	0.0	0.0	0.0	0.0
5194.945102123822	14.468171164939122	209.32797685797587	26987454.614080288	14379.698602138422	51.18821551983274	206775731.8883417	2620.233408104845	4906.7851414166535	11.705781388173818	137.02531790771656	24076540.42402725	6187.359621327662	6565.957852013931	0.969317	26.663443	0.1274902836285677	0.0728971765315348	-0.0063222933	-0.0324651367	0.0153922431	0.00627849	0.0961272783	-0.0254853658	-0.0286727052	0.0383224124	-0.0438313884	-0.0907463092	0.0091813881	-0.0305550285	0.0085809507	0.0030330966	-0.0774830519	0.0192422469	-0.0212148427	0.0036575778	0.0368453461	-0.0470351766	-0.0725814095	-0.1034807947	-0.0125828372	0.0018478013	-0.0943988303	-0.0305443079	0.004278123	0.0640431848	-0.0302787175	0.0133307221	-0.0408184567	0.0088032243	0.0390396198	-0.029539706	-0.0176478819	0.0446251414	0.0314238013	-0.0197803443	0.0446743225	0.0091520644	0.1381038579	-0.0530987015	-0.0062797771	-0.0187649516	0.0529953601	-0.0804344746	-0.1404880756	0.0112046132	0.0590399099	0.0321767845	0.0304708926	0.0167773759	0.0152627507	-0.0338200651	0.05899204	0.020622032	0.0712799566	-0.0431503486	0.0122352395	-0.0296872466	0.0825266029	-0.0118251619	-0.0238727939	-0.0390609374	0.00441033	-0.0674824253	-0.0611371126	-0.0342445967	0.0075416512	0.0088083397	0.1135790072	0.0682749356	-0.0602683308	-0.0112572842	-0.1401174399	0.0329242479	0.0454997134	0.0189885418	-0.0587458727	-0.0271651219	0.0125122163	0.0431993016	0.1339838453	-0.0503797946	-0.0202125906	-0.1061446969	0.0123248612	0.0845026513	0.0333924058	0.0396806785	0.0003187601	0.0668552858	-0.0188804729	0.0363906132	0.0495789711	-0.0214657895	-0.0063683162	-0.0019099037	-0.0247752746	0.0483742622	0.0373172384	-0.0059592694	0.103486122	0.0003656854	-0.0116300152	-0.0802786244	0.021608107	-0.1059469063	0.0397629467	-0.0458227145	-0.0088361322	-0.0091910617	-0.0114373225	0.0899292629	0.0589194216	-0.0071778895	-0.0276794956	0.0104327749	-0.0544251771	-0.0298560365	0.0333552219	0.0116073563	-0.0098155402	0.0154024975	-0.1186841313	-0.0933645107	0.003870415	0.0664379654	0.0499529846	0.0240951774	-0.0198278014	-0.1503688107	-0.0142209293	-0.0068578665	-0.0664443167	-0.0026812934	-0.010809794	-0.099311578	-0.0497985472	0.0430980747	0.0797919029	-0.0538087074	-0.0696701756	-0.0544171532	-0.0545036852	-0.040106767	0.0503254229	0.0050942386	0.0075174329	0.0255089277	-0.0274116615	-0.0094848749	0.0045166271	-0.0525811475	-0.0194549418	-0.0307269902	0.0334577678	-0.0954681252	0.0889324596	-0.0715266936	0.0092334192	-0.0064210002	-0.0179724194	0.0091823851	-0.0729420053	-0.086179232	0.0081298969	0.0497319002	0.0559384353	0.0404619955	-0.0420697633	-0.0069988586	-0.0921998906	0.020838873	0.0890717925	-0.0342093323	-0.0839366709	0.0468089647	0.0769102337	-0.0583538671	0.0	0.0139742442934789	-0.0039698870565558	1.5760003241810058e-05	0.0001952795035738	-0.0475469768854566	0.0681074875346326	0.0022607150109461	0.0046386298582801	0.3800386998580549	0.0014637244800042	2.1424893533635733e-06	0.1444294133898007	-0.012252468799471	-0.0004490305563118	0.000150122991682	2.016284405016846e-07	0.0009781248806353	-0.0002337740366447	5.4650300209157554e-08	9.5672828211782e-07	-0.0017280739627058	-0.000396179098191	2.9862396205817266e-06	1.5695787784343406e-07	0.0	0.0	0.0	0.0	0.0	0.0	0.0	0.0	0.0	0.0	0.0	0.0	0.0	0.0	0.0	0.0	0.0	0.0	0.0	0.0	0.0	0.0	0.0	0.0
5184.465640903338	-10.479461220484154	109.81910747163124	26878683.981707256	14372.132632211538	-7.565969926883554	206558196.39787972	57.24390093450633	4901.347244777036	-5.437896639617065	29.570719863158573	24023204.813883446	6190.5232991783205	6570.71457586665	1.084718	29.837856	0.1458030200152276	0.0796698000238276	0.0432856319	-0.0118403775	-0.0711982565	-0.0712803709	-0.0286557293	0.0487229861	-0.030096103	0.0049394347	-0.008212018	0.0420230712	-0.0808103004	0.0431555899	-0.0779956602	0.0509978484	-0.1198502724	-0.061065876	0.0126856704	-0.0672058881	0.0556710627	0.0557475641	0.1263850778	0.0083835403	0.1316917918	0.0531496877	0.0587896993	-0.0305814254	-0.0861324362	-0.0374652223	0.0125476839	-0.0384557304	0.0598532605	0.0651999139	-0.0785445479	-0.0072663472	0.0155415591	-0.0423140429	0.0374092264	0.0470387242	0.1170003026	0.1001175505	0.1224417751	-0.0306716419	0.0756806331	0.031698431	0.0016644155	0.0084288171	0.0070159187	-0.0495506968	-0.0400767331	-0.0472504706	-0.0083663843	-0.0221014899	0.0192099579	-0.04943899	0.0922887718	-0.0832510162	0.013972488	-0.0464457657	-0.0528417623	-0.0805057577	-0.1021317803	0.1718895664	-0.0046204474	-0.0479698884	0.0834333229	-0.0179813563	0.005140813	-0.0332481217	-0.0528338008	-0.1389255238	0.0758475351	0.0345069483	0.0259704774	0.1366822624	0.1705694312	-0.0111968454	0.0042316432	-0.0342113061	-0.0833895469	0.0107895331	0.0257958977	-0.158335619	-0.0236915096	0.07073299	0.0317418175	0.0170928319	-0.0588402006	-0.0406055813	-0.0372382197	0.0267185481	-0.042614321	-0.0377970457	0.017504254	-0.0168986086	-0.0209655673	-0.0465963863	-0.1708148268	0.0272010022	-0.0769197537	-0.0681789098	-0.0998607688	0.0274811687	0.0324935041	-0.0429433133	0.0261124142	0.0020236344	0.0886229716	0.0788710284	0.0719910717	0.0666284174	-0.0349127572	-0.0058394177	0.0261182357	0.1692848239	0.0491436547	0.1219085501	0.024392866	-0.02288357	-0.0357841316	-0.0504045718	0.0803806499	-0.1167481696	-0.0072832846	-0.0125050497	0.0347830613	0.089807087	0.0516342438	0.0334422873	0.0648906738	0.0386374702	-0.0681472231	0.0071926443	-0.0869344375	-0.0212686786	-0.0205195706	-0.0476673157	-0.1412145854	0.0946507587	0.0280726757	0.0084793397	-0.0136561781	0.0653044354	0.0505255708	0.0653697331	0.137565991	-0.0449266076	-0.0744293652	0.0394412493	-0.0026461186	-0.0497072065	-0.0437214539	-0.0632529484	-0.0958423017	0.0224728951	0.0516836394	-0.0210604404	0.1118288572	-0.0353308298	-0.0240388263	-0.0403767314	-0.1637339774	-0.122137791	0.0436917177	-0.0421175158	-0.0558788141	-0.0914678311	-0.0284880576	-0.0446743805	-0.0244280216	-0.0056106788	0.0015490185	-0.0082682911	-0.0917842227	0.0245448544	0.0874315588	-0.0400495376	-0.0803293705	0.0542947536	0.0707010056	-0.0668325226	0.0	-0.0188842225401515	-0.0328584668336304	0.0010796788426567	0.0003566138609459	-0.0556566588208795	-0.0081096819354229	0.0030976636711037	6.576694109372451e-05	0.3247942356025106	-0.0552444642555443	0.0030519508308821	0.1054912954806191	-0.0116321802640289	0.0006202885354421	0.0001353076176948	3.8475786720090605e-07	0.0011850461462812	0.0002069212656458	4.281641017650108e-08	1.4043343688159231e-06	-0.0018926723014304	-0.0001645983387245	3.5822084406018464e-06	2.7092613110898148e-08	0.0	0.0	0.0	0.0	0.0	0.0	0.0	0.0	0.0	0.0	0.0	0.0	0.0	0.0	0.0	0.0	0.0	0.0	0.0	0.0	0.0	0.0	0.0	0.0
5179.682129991018	-4.783510912319798	22.88197664828259	26829106.967748288	14399.35476950621	27.222137294671484	207341417.77810124	741.0447588899441	4906.056594499389	4.709349722352272	22.17797480741942	24069391.30843094	6199.727170529939	6505.802891456918	1.096876	30.172287	0.0953676992349266	0.0478818317322069	0.0226507153	0.0451383925	-0.0955744613	0.0566141535	-0.0686082223	0.0255602785	0.053176752	-0.0900076017	0.0039658246	0.0669386244	0.0113531849	-0.0160095557	0.0607783749	0.0086495341	0.0240882451	-0.0088745325	0.0535419013	0.0297139058	-0.1057225388	0.0348555764	0.0096878507	0.0634860525	-0.0293479206	0.0635693846	-0.0487759786	-0.0342404838	0.059087514	-0.0063186319	0.1215774576	0.0934934843	0.0696646302	-0.0366344983	0.0929732851	0.1053352991	0.0361778682	0.1090243468	-0.0053466838	-0.0769941738	-0.0600480543	-0.0845454871	0.0714112755	0.0670615098	0.0074175738	0.0723050988	0.0300199847	0.04301162	0.0909979063	-0.1042793587	-0.0142636531	-0.1037212826	0.0582008014	0.0780919395	-0.1562159871	0.0489132646	0.0089191046	-0.0399631819	-0.0902525188	0.0343368441	0.0066534916	-0.029423253	0.0275002715	0.0807231781	-0.0223817293	-0.0347358559	0.0250650312	0.0598237952	-0.0011815392	-0.0342363282	0.0571796717	0.0451502221	-0.0413246482	0.0288457476	-0.0505560139	-0.0358760225	0.0800587365	0.0111414417	-0.021260533	-0.0578626504	-0.0177311291	-0.0331302735	0.0060249693	-0.0747344801	-0.1081503461	0.0280106912	0.1371883626	0.0297209714	-0.0898785827	0.0034062373	-0.0413164405	-0.0829207038	0.022885085	-0.0764090052	0.037008097	-0.0237032209	0.0420174893	-0.0032297599	0.0021982596	0.0082955353	0.0832536634	-0.0450724627	0.1232734219	0.0456549535	-0.0558384495	-0.0538316843	0.004194816	0.0077480192	-0.0011619768	0.0040096319	0.0182167697	0.0075526226	0.1704643165	-0.0063566613	0.0387322425	0.0110237671	0.0018959628	-0.0150254005	-0.1114691122	0.0684925329	-0.00070644	0.092261679	-0.0229754035	-0.0370741404	-0.0293311812	0.177514867	0.0842669592	-0.0039731547	-0.0471884599	-0.0098670437	-0.0722709496	0.0278135449	0.0767144984	0.0765150771	-0.0456112162	0.0224008479	0.0469550033	-0.0860034962	-0.0459090145	-0.078503486	-0.0286931873	-0.0538928437	-0.0849150467	0.0211840633	0.0832523856	0.0735610537	0.0057957251	0.0048952148	-0.0452483746	0.0207479766	-0.041841871	-0.0246125412	-0.0133331912	-0.0211629567	-0.1192784833	-0.0043736406	-0.0474497495	0.0598100711	0.0082980759	0.0208432319	-0.0389745981	-0.0365851896	0.0590868165	-0.1246628965	0.0145738828	0.0029099417	-0.0586162474	-0.0103159978	0.0976786514	-0.0429976565	0.0219574241	-0.0389314601	-0.0397839497	-0.0095361811	-0.0913000619	0.0282096273	0.0855303949	-0.0457030134	-0.0761828353	0.061284559	0.0636484088	-0.0743024598	0.0	-0.0234357986252149	-0.0045515760850634	2.0716844858121088e-05	0.0005492366572016	-0.0241320257429435	0.031524633077936	0.000582354666458	0.0009938024906984	0.3259292935342728	0.0011350579317622	1.2883565084563236e-06	0.1062299043837501	-0.0122350670162132	-0.0006028867521842	0.0001496968648912	3.634724359593331e-07	0.0010562581273105	-0.0001287880189706	1.6586353830397363e-08	1.1156812315094846e-06	-0.0023241261730787	-0.0004314538716483	5.401562468389443e-06	1.8615244336030778e-07	0.0	0.0	0.0	0.0	0.0	0.0	0.0	0.0	0.0	0.0	0.0	0.0	0.0	0.0	0.0	0.0	0.0	0.0	0.0	0.0	0.0	0.0	0.0	0.0
5192.154417627172	12.472287636153853	155.5579588789562	26958467.49648536	14469.252996669671	69.89822716346134	209359282.28163427	4885.762160594845	4910.685254170406	4.628659671016976	21.42449035009898	24114829.665526666	6207.317981926057	6503.412513431669	0.923899	25.41411	0.1817286158344881	0.0897834786600717	-0.0061183775	0.0594779429	-0.0778331735	0.0197190898	-0.0157589029	-0.0137778032	0.0660948168	-0.0941710937	0.1072895314	0.0136730955	-0.0404217308	-0.0140970835	0.157432801	-0.053943187	0.0516225668	0.0533503818	0.0770458943	0.0484576742	-0.0802889485	-0.0119818162	-0.011501581	0.0182932922	-0.0724488999	-0.0646496105	-0.0952831536	-0.1232962436	0.053133116	-0.0118087903	0.0284255493	0.0385152187	-0.0270198075	0.0189773396	-0.0248386569	0.0782922342	-0.0965525416	0.1504292012	-0.0288889362	0.0890660826	-0.0263486822	0.0878958622	-0.0740709119	-0.0257393887	0.037226715	0.0218997607	-0.0383652633	-0.1820591458	0.0690565167	-0.0029782224	0.0808241369	-0.0200198043	-0.0184740213	0.0294029868	0.0143735945	0.0197992808	0.0508349557	-0.0432773429	-0.0772901644	-0.0579995147	0.0618089568	0.0894296107	-0.0338924875	0.0406762684	-0.0536875618	0.0488438508	-0.094545086	-0.0665092322	-0.0586447889	-0.0558785002	0.0207643561	-0.1099343172	0.0463917642	0.0949859855	-0.0611365532	-0.0659209308	-0.1363250531	0.0453903097	0.0136998769	-0.0213933815	0.0368013766	0.0584194836	-0.0458488344	-0.0633528573	-0.0699539718	0.0075181966	-0.0140726175	0.0342853498	-0.0736403006	-0.0062262288	-0.0078291874	-0.0437749728	0.0431294466	-0.0816039148	0.041546169	0.0492701617	0.0734175553	0.0653171722	0.0681628022	0.0351996696	0.1336461722	0.0035865341	0.1283335059	0.0414378878	-0.00122277	0.0965488845	-0.041983121	0.1708445899	-0.129635498	-0.0005766008	-0.0252664418	-0.0616987164	0.0935457733	-0.0250043773	-0.0212501852	0.0073995313	0.0052559537	0.0116164538	0.0418360481	0.0721629698	-0.0254270789	-0.0210325952	-0.0159705601	-0.0766883567	0.0796296508	-0.0379934872	-0.1266331306	-0.0395332342	-0.0927290716	0.1011512585	-0.0346574231	0.0079329089	-0.0523815019	0.0584325914	-0.0464483093	-0.0284368192	-0.020158056	-0.0775124154	-0.0854598263	0.0410995624	-0.0232751134	0.0411698972	-0.0312149708	-0.0396786435	0.046947312	0.0811956197	-0.0498620002	0.073313118	0.0229807819	0.0077941583	-0.0430645059	0.0011395756	-0.0305576876	-0.0207993755	-0.047424854	-0.0406455863	-0.0294524191	0.0468009939	0.0012498587	0.0487256057	-0.0425419215	0.008300977	0.2085099172	-0.1031601167	-0.0253214202	0.0178998061	-0.0179587592	0.0140417887	0.1027382485	-0.0791496556	-0.0217143218	-0.0533912154	0.0487494413	-0.0108022918	-0.0907477697	0.031827039	0.0833739747	-0.0511434007	-0.0715249003	0.0677145291	0.0558365714	-0.080650933	0.0	-0.0144416241034264	0.0089941745217885	8.089517532838942e-05	0.0002085605067446	-0.0934406339623024	-0.0693086082193589	0.0087311520752769	0.0048036831733045	0.3092124882416271	-0.0167168052926456	0.0002794515791922	0.0956123628845783	-0.0112086385229961	0.0010264284932171	0.0001256335775391	1.0535554516879267e-06	0.0006180324599034	-0.0004382256674071	1.920417355743983e-07	3.8196412149424773e-07	-0.002054599777689	0.0002695263953897	4.221380246479688e-06	7.264447781176498e-08	0.0	0.0	0.0	0.0	0.0	0.0	0.0	0.0	0.0	0.0	0.0	0.0	0.0	0.0	0.0	0.0	0.0	0.0	0.0	0.0	0.0	0.0	0.0	0.0
5199.788256984258	7.63383935708589	58.27550332979351	27037797.917471383	14474.309569060497	5.05657239082575	209505637.50099623	25.56892434366124	4917.274590945075	6.589336774669391	43.41935913001041	24179589.402754053	6206.327286187186	6560.6157823020085	0.890433	24.493563	0.1117767953487509	0.061211870340655	-0.006216035	0.0354851137	-0.0696696952	-0.0345971047	0.0122792259	-0.0200432561	-0.0247743694	-0.0302765742	0.1422896379	-0.0572738058	-0.0003008204	-0.0786546315	0.1210190376	-0.0961965281	-0.0063952019	0.0545320579	0.0745408057	-0.0645578083	-0.0549835403	0.001558799	0.0444583732	-0.0437323689	-0.0060539698	-0.0311627099	-0.0640198997	-0.1181061084	0.0670162963	-0.0505311919	0.0401251771	0.1524483905	0.0647964991	0.0116056212	-0.027704345	0.1154114495	-0.0375293418	0.1107939259	0.0204082333	0.0301408113	-0.0486073307	-0.006007473	0.0606661699	-0.0764055704	-0.0989514788	-0.1415478872	-0.015472158	0.0289188372	0.0627204301	-0.1247434558	-0.0692667963	0.0115137789	-0.1571325121	0.1086353954	0.0463110811	-0.0037698335	-0.0542875241	0.0216805095	-0.0322819903	0.152798748	0.1040212983	0.0262245117	0.0486595786	0.0300511129	-0.0464507871	-0.0906694304	0.0112841632	-0.0150142561	-0.1048801153	0.015672568	0.0017953788	-0.0171757747	-0.0233290888	0.0433959252	0.0009003648	0.048255065	-0.0197753926	-0.0571730106	-0.0887585093	-0.0209571629	-0.0285526992	0.0006114645	-0.1221848453	0.0892028275	-0.0420800307	0.050512566	-0.0834837419	0.0657300176	0.1363517001	0.0143888919	0.0043692826	0.0646048597	0.0506258783	-0.0536143413	0.057266766	0.070688088	0.0773042042	-0.0754660623	0.0137827985	0.0557709252	0.1650937557	0.0644293108	0.0860384224	0.0422705877	0.0018541182	0.0146688803	-0.0800089828	0.0621713979	0.0191150532	0.073614649	-0.0385775969	0.0559940832	0.1133416829	-0.0034230847	0.087987025	-0.0241269811	-0.0336452889	0.0455474105	0.0715947146	0.0352768956	0.0244547864	0.0455487002	0.0450232615	0.0177363599	0.1298742911	0.1234101378	-0.0593890261	0.0404939667	-0.1403937491	0.0169316647	-0.0383327099	-0.0159259708	-0.1047366081	-0.1533128763	0.0723769862	0.0435094242	0.0286935618	-0.0181807816	-0.076689402	0.0099657802	0.0951530321	0.0739117776	-0.1275638353	-0.08831051	0.0352317235	0.0012060169	-0.0365524837	-0.0158269426	0.0051933225	0.0018480381	-0.0337578993	0.0081565129	-0.0573003904	-0.0365395497	0.0031878836	-0.0279447582	-0.0332108255	0.0164689029	0.0469130992	-0.0038158542	-0.1074947481	-0.0468684584	0.0655436611	-0.117841059	0.0200245474	0.0320568657	-0.0227592813	0.082686515	0.0602109403	0.0098900075	-0.0247508419	-0.0760569931	-0.0201045181	-0.0120663873	-0.090127758	0.0353910162	0.0809687338	-0.0563453339	-0.0663868332	0.073525926	0.0473586783	-0.0857821235	0.0	-0.008862899311822	0.0055787247916044	3.112217030046156e-05	7.855098421149487e-05	-0.0398176078203249	0.0536230261419774	0.0015854418925331	0.0028754289326232	0.3200279580400362	0.010815469798409	0.0001169743869602	0.1024178939272751	-0.0114720576776791	-0.0002634191546829	0.0001316081073599	6.938965105390624e-08	0.0001969267514407	-0.0004211057084627	1.773300176998725e-07	3.8780145432987245e-08	-0.0019039331484995	0.0001506666291894	3.624961433955219e-06	2.2700433151326235e-08	0.0	0.0	0.0	0.0	0.0	0.0	0.0	0.0	0.0	0.0	0.0	0.0	0.0	0.0	0.0	0.0	0.0	0.0	0.0	0.0	0.0	0.0	0.0	0.0
5202.8228535175085	3.034596533250806	9.20877611961781	27069365.64508407	14457.977567858574	-16.33200120192305	209033115.3527017	266.73426325961594	4913.773698709133	-3.5008922359420467	12.256246447679302	24145171.962125637	6206.683722448717	6624.81209018901	1.100403	30.269295	0.051943021920681	0.0251203361545363	-0.0035365084	0.062317732	0.0078655246	0.0505516412	-0.0905212927	-0.0186544138	0.0658100776	-0.0750774362	0.0938860774	0.0448685985	0.0186089546	0.0668101255	0.0289667167	0.0098748415	0.0200373939	0.0460496271	0.0586387175	0.002926862	-0.1372224732	-0.023765722	0.0039123449	-0.0076483466	-0.0270249235	-0.046373899	0.099582912	-0.0184335319	0.0295888669	0.070778306	0.1417284118	-0.102553735	-0.0412062984	0.0855754216	0.0448988051	0.0352503726	-0.0241938415	0.0095726796	0.005911715	0.0177897946	-0.0058059917	-0.0439737832	0.0047094134	0.045278184	-0.0416073793	-0.0494771111	-0.0288305719	0.0167132992	0.053441641	-0.066971084	0.0723093342	-0.0093331717	-0.0986456753	0.0576514498	-0.0022435424	-0.0480958345	0.0431416534	-0.0524332156	0.0374071093	0.0576050015	0.0489335346	0.1157824458	-0.1012331021	-0.0684758824	0.0085877005	0.0780204221	0.1177960211	-0.1191426954	-0.0295481601	-0.0332708738	-0.0747220014	-0.1129148051	-0.0329958871	-0.0548252602	-0.0805383342	-0.1013197976	-0.037363953	-0.0459504306	0.0147429005	-0.0128088704	0.1251514221	0.0041237999	0.0882127181	0.0109480039	0.0134155125	0.0524831215	-0.065925751	-0.0251215645	-0.0374292171	0.0212002932	-0.0058001184	-0.0740514317	0.0123955721	-0.1362102568	-0.0190236853	0.0643129864	-0.0630643312	0.076332644	0.0004256955	-0.0493507635	0.0028266472	0.1060661688	0.0334882213	0.0265513607	0.0364079273	0.0180609374	0.0701967422	0.0232030601	-0.0924856278	0.0591796146	-0.0482824181	0.0806133386	0.0389479211	0.1006420069	0.0614802074	-0.0298907762	0.0493232779	-0.0669562442	0.0605333389	0.0433247784	0.1489670775	-0.0232903886	-0.0052545279	-0.0311618471	-0.0225498896	0.0207455722	0.0054073441	0.0386775453	-0.0241006312	0.01053974	0.0033083827	0.0283532606	-0.0579998079	-0.0418503858	0.0506519912	0.0024450319	0.0799332742	-0.0888955056	-0.0248695605	0.0231695043	0.0703718014	-0.0182466839	-0.1619932444	-0.06637198	0.0041249449	-0.1109675548	0.0329012671	0.1067962282	0.1014251708	-0.0063937569	-0.0411003367	0.0069597947	-0.0310521115	0.0397029343	-0.0912270921	-0.0074981578	0.0271386217	0.0357341288	-0.0640294316	-0.0159584049	-0.0444928065	0.0623174091	0.0547856984	-0.0685163434	0.044603924	-0.024916024	0.0670249847	0.0141848983	0.0237415333	-0.1112907173	0.0338513943	0.0285806464	0.1203489064	-0.0133282315	-0.0894404896	0.0388955753	0.0783218503	-0.061284559	-0.0608031248	0.0786656624	0.0383158593	-0.0896185849	0.0	-0.0144535958107638	-0.0055906964989418	3.12558873432801e-05	0.0002089064318609	-0.0465555298350182	-0.0067379220146932	0.0021674173582192	4.539959307608856e-05	0.3068510315669002	-0.013176926473136	0.0001736313912784	0.0941575555736707	-0.0111851262576392	0.0002869314200398	0.0001251070493993	8.232963980611318e-08	0.0001709463935783	-2.59803578624e-05	6.749789946583693e-10	2.9222669477427047e-08	-0.0016880953877236	0.0002158377607758	2.849666038053692e-06	4.658593897675461e-08	0.0	0.0	0.0	0.0	0.0	0.0	0.0	0.0	0.0	0.0	0.0	0.0	0.0	0.0	0.0	0.0	0.0	0.0	0.0	0.0	0.0	0.0	0.0	0.0
5201.348452036433	-1.4744014810758015	2.1738597273985176	27054025.719501797	14435.165035932492	-22.812531926081647	208373989.6146079	520.4116128784945	4914.356151287128	0.5824525779953547	0.3392510056134347	24150896.381693635	6207.990918749354	6622.265946364422	0.997055	27.426455	0.1209260152825972	0.0652586932642717	0.0112985579	0.0575953516	0.1073737341	0.0617422741	-0.0211978815	-0.0033682225	0.0587911551	-0.0239220475	0.0218521339	-0.0267614647	0.0829910354	-0.0407657265	0.0354763109	-0.0620274306	0.1262826679	0.0365394352	0.0535624096	-0.0146249213	-0.0783947773	-0.098308632	-0.0911772577	-0.0391123305	-0.0244946108	-0.039387262	0.081543392	0.0431644076	0.016492659	0.0412493708	0.1136146612	0.0127479537	-0.0285760619	0.0072802791	0.0484842621	0.0471170198	-0.0211609413	-0.025942531	-0.0621223476	0.0387997744	-0.0245050958	0.0516682737	0.0102471806	0.0976930184	0.0433616637	-0.0591640916	-0.0602984096	0.0470954195	0.1225048326	0.0436800158	0.0141635764	0.0124297971	0.0376872667	0.0295915296	0.0272107401	0.1127450119	0.0622581932	0.0978707004	-0.0507575423	0.0067649127	-0.1045029671	-0.0793693774	0.039725603	-0.0680787402	-0.0007579498	-0.0382928392	-0.0763332472	0.1410418894	0.0248396025	0.0044589249	0.0404030587	0.006922534	-0.0631324327	7.28666e-05	0.166793232	-0.0115761905	-0.0743586373	0.0410683848	-0.0176266098	-0.0555055168	0.1678109246	0.1648373265	0.0158770423	-0.0208438109	0.0271083229	-0.0598762548	0.1296971645	-0.0204740846	0.0372824051	-0.1041854856	-0.0129949212	-0.0425390981	0.063351216	-0.0152710105	-0.0104989403	0.0245510318	-0.0167705142	0.0079906771	0.1314834841	-0.0949476672	0.0018407493	0.1054768032	0.021928904	0.0863004408	-0.0187793226	-0.0256823361	-0.0036093785	0.0953098877	-0.0789759284	0.0116301917	-0.0861623337	-0.016207678	0.0719936424	-0.0013720119	-0.0150292935	-0.0527515891	0.0260753697	0.0491632938	0.0195254471	0.06249922	0.0380507716	0.0863600146	0.0195419565	0.0061866851	-0.0735213264	0.0707151711	-0.0133504841	0.0599067584	0.0470587641	0.0042848008	0.003690314	0.0180357243	-0.0013362138	0.1292729696	0.0003672003	0.1631629825	0.0456756702	0.0778386303	0.0189551335	-0.042507433	0.0244429388	0.0121051561	0.0290511412	0.0072628604	-0.005012685	0.0316054797	-0.0222823152	0.0408398968	-0.0713491028	0.0094668131	-0.0341422901	-0.012220753	-0.0292169315	-0.0090134885	-0.0172700647	-0.0132168563	-0.0025822857	-0.046235047	-0.0782057394	0.0797670645	0.0311589332	0.0798306591	0.1273029605	-0.0368786041	-0.0105456537	-0.0353942226	0.0361053437	0.1069665862	0.0404578406	-0.0228473086	-0.0240298427	-0.0920383027	0.0643706982	-0.0145875891	-0.0886864774	0.0423348324	0.0754412237	-0.0659380473	-0.0548112574	0.0830867868	0.0288159833	-0.0921024127	0.0	-0.0101585786537583	0.0042950171570054	1.84471723789716e-05	0.0001031967202645	-0.0921079220666882	-0.04555239223167	0.0084838693074431	0.0020750204380279	0.3024651840204484	-0.0043858475464517	1.923565870071702e-05	0.0914851875445237	-0.0102539953079581	0.000931130949681	0.0001051444197756	8.670048454540269e-07	0.0002821660148972	0.0001112196213189	1.2369804166319516e-08	7.96176599629669e-08	-0.0013965907917742	0.0002915045959494	1.950465839668487e-06	8.497492945962297e-08	0.0	0.0	0.0	0.0	0.0	0.0	0.0	0.0	0.0	0.0	0.0	0.0	0.0	0.0	0.0	0.0	0.0	0.0	0.0	0.0	0.0	0.0	0.0	0.0
5204.223176367318	2.8747243308853285	8.2640399785841	27083938.869438738	14420.577217297676	-14.587818634816358	207953047.2800448	212.8044525222954	4904.401126501216	-9.955024785912428	99.10251848813078	24053150.409626395	6191.321256559765	6613.9815034582	1.136537	31.263247	0.0818322455961825	0.039210670361954	0.0078525375	0.0038799515	0.0068681022	-0.0093206146	0.1303277095	-0.0138223767	-0.023707417	0.0305383483	0.0439456382	-0.1462945713	0.0196744772	0.0376433328	0.0203007756	-0.0219803726	0.0233016519	-0.0106075587	0.032150393	-0.0218054669	0.0346217781	-0.0865299651	-0.0214122671	-0.0431021676	-0.0242857991	0.0116505369	-0.0786088339	-0.0123545689	-0.0295143146	-0.0457198736	0.024623598	0.080643239	-0.0446583825	-0.0209253889	0.0469037012	0.1370339131	-0.0815271648	-0.0616419343	-0.0264302177	0.0590482853	0.0049259183	-0.0021554828	-0.0798742473	-0.0355681006	0.1096400217	0.0021653059	-0.0174100437	-0.0303215653	0.096665058	-0.0523714675	0.1015525749	0.0187304575	0.0478527803	-0.1040991078	-0.0943242705	-0.0496530238	-0.0824318278	-0.0524990639	-0.006924731	-0.0994066197	-0.0625188282	-0.0190830636	0.0605400693	-0.0272905907	0.1008160276	0.0618199194	0.0701074015	-0.0241044244	0.0463277638	-0.0589331104	-0.1214204949	0.049599179	0.0601286091	0.0775301627	0.0196174354	0.0408465612	0.1179803257	-0.1191018678	0.1381219372	0.0307015287	-0.0757701303	0.0517701116	0.0265058732	0.0277711977	-0.0324293791	0.0337313079	-0.0761600485	-0.016900616	0.0392532311	0.0107725918	0.0058077434	0.0422816294	0.0095926823	0.0647428459	0.0245909494	0.1046273574	0.0466617697	0.0275147595	0.04759128	-0.0267474888	-8.4801e-05	-0.0389384316	0.0094484557	0.0026011785	-0.0365658624	-0.0287497028	-0.0296722283	0.0480941973	0.0562817083	0.0056687368	-0.0076167261	0.0020464309	0.0434221492	0.0066611173	0.0574386202	0.0407059962	0.026238248	-0.0181824521	0.0038834432	0.1055515876	-0.1029891672	0.0541794253	-0.0689014057	-0.0301557165	0.011695159	-0.0498960985	-0.0371708408	-0.0240610068	-0.0102859871	0.0311566767	0.0050975642	-0.0809827368	0.0831250012	0.1746620944	0.05721662	-0.0005105404	-0.0071760264	-0.0402875309	-0.0540234146	0.1581794334	-0.0669310377	-0.0453637717	0.038884935	-0.0098906056	-0.1453127121	-0.076811968	0.1006065394	-0.1318113946	0.0355936659	0.0033883949	-0.0342086665	0.005767128	-0.0223613669	-0.041657176	0.0520098602	-0.0236508689	-0.0356450512	-0.0597891843	0.0521528118	0.0211331789	0.0084412543	-0.0598835327	0.0554978706	0.0097152909	-0.0263014907	0.0133963499	0.0622017541	0.0543690188	0.0467115204	-0.0044751476	-0.0025946987	0.0050715816	0.0540912675	-0.0158442251	-0.087866284	0.0457030134	0.0723354508	-0.070284102	-0.0484514532	0.0867489121	0.018972371	-0.0931961179	0.0	0.0063966447127654	0.0165552233665237	0.0002740754207154	4.091706358134954e-05	-0.0843249497564926	0.0077829723101956	0.007110697151435	6.057465798127151e-05	0.2678578501009951	-0.0346073339194533	0.0011976675610125	0.0717478278607271	-0.0105268400674898	-0.0002728447595316	0.0001108143618065	7.444426280391076e-08	0.0004479618551425	0.0001657958402453	2.7488260642645053e-08	2.006698236627102e-07	-0.0014156845119974	-1.9093720223199847e-05	2.0041626375093164e-06	3.645701519618308e-10	0.0	0.0	0.0	0.0	0.0	0.0	0.0	0.0	0.0	0.0	0.0	0.0	0.0	0.0	0.0	0.0	0.0	0.0	0.0	0.0	0.0	0.0	0.0	0.0
5194.357446219748	-9.865730147569591	97.33263134466354	26981349.279098548	14386.77919108073	-33.7980262169458	206979415.4929135	1142.3065761613557	4898.372034854707	-6.029091646509187	36.34994608200686	23994048.59184664	6187.690324575136	6633.157214420635	1.133148	31.170017	0.1289644936549719	0.0765662844405817	0.0548925299	0.0212687756	-0.078680649	-0.0855057561	-0.0270260077	0.0745016461	-0.0533404227	0.0359622374	0.0790524646	0.0260217475	-0.0529046214	-0.0726867744	-0.0506941988	-0.0434326886	-0.0587089021	-0.0266435472	0.0552830959	-0.0404402781	0.04333269	0.0617594779	0.0877210125	0.023568109	0.0207507403	-0.0085695111	0.0030479458	-0.0268486173	0.0229403713	-0.0438145796	-0.0343693521	0.1164967326	0.1270695325	0.0013304154	-0.0225800433	0.0058121196	-0.0463448115	-0.033147121	-0.0545772032	0.0717264738	-0.0295846606	0.1310433002	0.0132083143	-0.0256659708	0.0642952349	0.0570894705	-0.0264088605	-0.0144130656	-0.0217982615	-0.0237470157	-0.0698640851	-0.0021158439	-0.0518248042	-0.0435616829	0.0659701493	0.0524088374	-0.085701244	0.0091793215	0.051397091	0.0031613987	-0.0022714048	-0.061262679	0.071455249	0.0240541686	0.0087556251	0.0558732	-0.0019939037	0.0601171489	0.0469062995	-0.013389985	0.0200914528	-0.0129305348	0.0029090589	-0.1788243294	0.0238228218	-0.024733348	-0.0130410711	0.0579258349	-0.0329910622	-0.0646567055	0.0799904223	0.0549988402	0.1017382142	-0.0204938283	0.0389161502	0.0366727204	-0.0069807093	0.0762049174	0.0779237325	-0.0170332918	-0.0563796313	0.0720738048	0.0190586904	-0.0257350204	0.0498558939	-0.040415776	0.0308540141	-0.0899548205	-0.0483111835	0.0925834779	0.0335535168	0.0039064546	-0.0166868615	-0.0188737427	-0.0061302031	0.0141908208	0.0270479244	0.0199231933	0.0087558705	0.1317927496	0.0350990817	0.0059613792	-0.014240734	-0.0939821134	0.0458931385	-0.0451612107	-0.0177263236	0.0785462353	0.050710377	0.0045185602	-0.0259311745	0.0193770689	-0.0005733954	-0.0695458488	0.0452781562	-0.1232870694	0.0572780852	0.0775879654	0.1052656746	0.0350647401	-0.0334858811	-0.0265609421	0.0737794868	-0.0442665423	-0.0348573673	0.0319279824	-0.0900804521	0.0200421985	-0.045022954	-0.0094274992	0.006903899	-0.0173486374	0.0044466503	0.0285471924	-0.031172632	0.0554773701	0.0389306818	-0.0303162254	-0.0113763589	0.0216702977	-0.0362550325	0.007686504	0.0209955276	-0.0174451619	0.008334062	0.0333044502	0.0403597829	0.000440471	0.0275144601	0.0094106628	-0.1398782363	-0.0208212816	-0.0437452477	-0.0236216208	-0.0139842183	0.0355908512	-0.0028702703	0.0944484611	-0.0297297264	0.0639088904	0.0031992424	-0.110911286	0.0414854167	-0.0170979051	-0.0869805215	0.0489944635	0.0690138005	-0.0743024598	-0.0417664042	0.0896185849	0.0089024437	-0.092883193	0.0	-0.0044840819302578	-0.0108807266430232	0.0001183902122801	2.0106990757264512e-05	-0.0243731543849463	0.0599517953715462	0.0005940506546724	0.0035942177682717	0.2470231999337926	-0.0208346501672025	0.0004340826475897	0.0610204613055304	-0.0099439392323867	0.000582900835103	9.88819274573994e-05	3.397733835638897e-07	0.0003417636358389	-0.0001061982193036	1.1278061783255523e-08	1.1680238278182427e-07	-0.0013588371369401	5.684737505729995e-05	1.846438364727568e-06	3.231624050905328e-09	0.0	0.0	0.0	0.0	0.0	0.0	0.0	0.0	0.0	0.0	0.0	0.0	0.0	0.0	0.0	0.0	0.0	0.0	0.0	0.0	0.0	0.0	0.0	0.0
5181.428140012238	-12.929306207510308	167.16695900756457	26847197.57011068	14348.35242575621	-38.4267653245206	205875217.33370408	1476.616293305779	4897.033858230598	-1.33817662410911	1.7907166773120542	23980940.608656853	6186.09104971586	6625.271719914881	1.17003	32.184566	0.099370878901091	0.0488453862346475	0.0320808774	0.0219209003	0.0777833478	0.0744683029	-0.0817434879	0.0582559676	0.0535152208	-0.0063690346	-0.0458792267	0.0502794689	0.0585128292	0.0489012787	-0.0268447981	0.0171201071	0.0604747458	-0.0292246089	0.0070166219	0.1193680957	-0.0340556917	-0.026450659	-0.0169907672	0.0727573265	-0.0256118359	-0.0370189927	0.0402519469	0.034968109	-0.0075746391	0.0102361147	-0.0077895702	-0.063216793	0.077336904	0.0943827598	-0.0330599875	0.0057403209	0.0218948384	-0.0753308829	0.0644619766	-0.0896877472	-0.1131555913	-0.0551302367	-0.0561165949	-0.0404724889	0.0207897762	0.0431308188	-0.0345160404	0.1319920688	-0.0397233839	-0.0408463474	-0.0002339649	0.0283958494	0.0025028469	-0.0271244913	-0.0428401338	0.0917614804	0.0565036347	-0.0184854559	-0.0209468611	-0.0884148243	-0.0608004835	0.0987743163	-0.0498419491	0.0088287187	0.0603946181	0.1382794134	-0.0351107577	0.0231554738	-0.0461307997	-0.0734764942	0.0952692911	0.1285772826	0.0622735212	-0.1155580847	-0.0119235516	0.021345143	-0.1029270468	0.0024612398	-0.0347970227	0.0624724705	0.0392848514	-0.0030351412	0.1018623702	0.0615431594	-0.0697420941	-0.0307368665	0.0398574275	0.1415857857	0.0805758704	0.038980086	-0.0509665132	-0.0772240097	0.0171685545	0.0062447126	-0.0623266546	-0.0334545789	-0.0611034069	0.0292109189	0.0519478561	0.0103146245	-0.0283267715	-0.005169491	-0.0049432645	-0.0144319016	-0.0032857055	-0.0209990707	0.0386241078	-0.0214774578	-0.0364159194	0.0622100147	-0.0376149836	0.0837112799	-0.0369415047	-0.0277668578	-0.018122249	-0.0450490005	-0.1267338791	-0.011233863	-0.1244717155	-0.024530416	0.0669371965	0.0611652939	-0.1101730701	0.0627923947	0.0374996711	-0.0910269012	0.0274590611	0.0161163998	0.04143556	-0.0223469661	0.0083923024	0.0685525548	0.0470847741	0.0311988796	-0.0271725456	-0.060810326	0.0543444226	-0.0487207504	0.0439833717	-0.0056959759	-0.013885376	0.0702751838	-0.0388003291	0.0484749368	-0.1059981583	-0.01679658	-0.0259113439	-0.1218190811	0.1227043675	0.0183360244	-0.0305071491	-0.0086662252	0.0310341619	0.0388101513	-0.0548980449	0.0395088557	0.0324937427	-2.185e-05	-0.0953214229	0.0105891371	0.0130628657	0.0970520862	-0.0083860003	-0.0083475007	-0.0159657108	-0.0127321283	0.097532432	0.0330256508	-0.0429850855	0.026810021	0.0736998704	-0.025184528	0.0126538306	-0.0183483952	-0.0860298509	0.0522036565	0.0654861859	-0.0779743851	-0.0348009859	0.0916695905	-0.0012736779	-0.091168361	0.0	0.0071565777516156	0.0116406596818734	0.0001355049578291	5.12166051149194e-05	-0.0594455601797818	-0.0350724057948355	0.003533774625088	0.0012300736482376	0.2344673295431505	-0.012555870390642	0.0001576498812666	0.0549749286230963	-0.0093798204659975	0.0005641187663892	8.798103197434556e-05	3.182299825924739e-07	0.0005020203365293	0.0001602567006904	2.5682210116172463e-08	2.5202441828899164e-07	-0.0012811737433449	7.76633935952e-05	1.6414061606363837e-06	6.031602704722953e-09	0.0	0.0	0.0	0.0	0.0	0.0	0.0	0.0	0.0	0.0	0.0	0.0	0.0	0.0	0.0	0.0	0.0	0.0	0.0	0.0	0.0	0.0	0.0	0.0
5179.9990175599605	-1.429122452277625	2.042390983604012	26832389.82192216	14358.172731996194	9.820306239984347	206157124.20183903	96.43841464707552	4894.776289871223	-2.257568359375	5.096614897251129	23958834.92788549	6181.124711748521	6560.743754402271	0.95887	26.376089	0.0714940470820989	0.0335951605490244	0.0174642876	0.0191522969	0.0591631276	0.0163140981	0.0677502875	0.0101096636	0.0191170478	0.0330007246	-0.0541161054	-0.0705658762	0.0667243343	-0.0403583332	0.0470934187	-0.0104106653	0.013025434	-0.023706427	-0.009998739	0.0873550934	0.0617305754	-0.0521652392	-0.0293542186	0.0120073469	0.0361251016	0.031319027	-0.0188914577	0.0326433447	0.0492867502	-0.1070243954	-0.0408756327	-0.0167836937	0.006820965	0.0019804726	-0.0279669208	0.0365471558	-0.0335192342	0.0207711171	-0.0120438811	0.0582044292	0.0110740839	0.118533204	-0.0866538705	0.000143651	0.0899991226	0.0565686501	-0.026881024	0.0241501928	0.0822450473	0.0167145868	-0.0224710363	0.0205768162	-0.0186631249	-0.118044898	-0.0003490515	-0.0045325043	-0.0396072475	0.0218935145	0.0101328149	0.0212479766	-0.0222061722	-0.0836689568	-0.0233931559	0.0931463305	-0.0762283526	-0.0182184241	-0.0723745111	0.0117449972	0.0271275694	0.011226019	0.0897364928	-0.0944581447	0.0296103677	0.0279392892	0.0655870442	-0.0690135473	0.0124852202	-0.0547109047	0.0318902535	0.1290076258	-0.0179724005	-0.0667993237	0.1020192725	0.0097125435	0.0722520024	-0.1018680906	-0.003815603	-0.1086392802	0.1044915702	0.0243295571	-0.0115678523	-0.0126102834	0.0159322333	0.081775289	-0.0654385509	0.01964057	0.0475313333	0.0145854114	0.028205762	0.006626317	-0.0101131096	-0.0620746952	-0.0048451768	-0.0112981928	-0.0851803763	0.0336906287	-0.0228113483	0.055654427	-0.035938135	0.0403909477	0.0317185933	-0.0240997126	-0.0155492269	-0.0085843242	-0.0095130694	0.0385680276	0.0014862974	0.1068290395	0.075449651	0.0460615719	-0.0427991787	0.0293681401	-0.0006175112	-0.0404473565	-0.0266117874	-0.0885906615	0.0377677427	0.0747289175	-0.0181674349	-0.0860525988	0.0242410773	0.0066141847	0.0063251961	0.0141470967	0.0648728227	0.0369242162	-0.034943578	-0.0232532956	0.0242835639	-0.0171732657	0.0019005307	-0.0335302309	0.0514469761	0.0090049855	0.0126845672	0.1402383786	-0.0319680785	0.0092290392	-0.0245565986	0.0066923092	-0.032653589	-0.0016901348	0.0023618408	-0.0005580068	0.0242012967	0.0237356903	-0.0155638914	-0.0705667505	-0.0240143291	0.0484163184	0.0498574145	0.0107027149	0.0376645237	0.006520952	-0.0260339615	-0.0025715683	0.0387360338	0.0420216767	0.0481464229	-0.0355654227	-0.0489912063	-0.0294259639	0.0685528328	-0.019595462	-0.0850149816	0.0553252047	0.0617631348	-0.0812827579	-0.0276019556	0.092883193	-0.0114346062	-0.0880775042	0.0	0.0150557890401756	0.00789921128856	6.239753898131374e-05	0.0002266767836222	-0.0747695873005227	-0.0153240271207409	0.0055904911850904	0.0002348258071972	0.2480796757729635	0.013612346229813	0.0001852959698803	0.0615435255316186	-0.0096650124372832	-0.0002851919712857	9.341246541283894e-05	8.133446048582356e-08	0.0002549214557556	-0.0002470988807737	6.105785687961523e-08	6.498494860455434e-08	-0.0011202953465446	0.0001608783968003	1.2550616634894851e-06	2.588185855703478e-08	0.0	0.0	0.0	0.0	0.0	0.0	0.0	0.0	0.0	0.0	0.0	0.0	0.0	0.0	0.0	0.0	0.0	0.0	0.0	0.0	0.0	0.0	0.0	0.0
5194.693683298312	14.694665738351432	215.93320116187945	26984842.463299382	14409.80243827624	51.629706280045866	207642406.31015188	2665.6265705638075	4904.603589588535	9.8272997173126	96.57581973389227	24055136.371004745	6189.5242702900505	6566.350052946523	0.962865	26.485985	0.1041749220883582	0.0615591758886607	0.0199888293	0.0138480162	-0.0822947665	-0.0258331615	0.1027181693	0.0149107537	-0.0299627188	-0.0014316026	0.0740462943	-0.0885691753	0.0078253768	0.0430869614	0.0329136442	-0.0042782892	-0.0479419295	0.0232650815	0.0541296891	-0.004796486	-0.0368452217	-0.0176741706	0.0092225119	-0.0314406553	-0.0055797572	0.0323775829	-0.1337978321	-0.0633498301	0.0231319993	-0.0714084014	-0.0456152934	-0.0051270115	0.0027818568	-0.0028052699	-0.0525889979	-0.0876144883	0.0747080222	0.0225968077	-0.0147635358	-0.0057795577	-0.0326762962	0.075822759	-0.0523826532	-0.0030160525	0.0579970849	-0.0790398408	-0.0524300966	0.1580633904	-0.0317049741	0.1609574324	-0.0787841786	-0.0940725694	0.1026800934	-0.0590360798	-0.0602688019	-0.0037033711	-0.0779277187	0.0003173731	-0.0008616592	-0.039170728	0.004509969	-0.0167474167	-0.0286870837	-0.0401611305	-0.1189095035	0.0106352082	0.0318392693	-0.0628555841	-0.0552608001	0.132849078	0.0467278568	0.101327164	0.0543919753	-0.0660187438	-0.1410800328	0.1518077523	0.1035370418	0.0182624952	0.0942069904	0.0808318528	0.0064489391	0.0278527799	-0.0921166991	-0.0162813596	0.0060842845	0.0045587258	-0.0023317051	0.1262862218	-0.0529424577	-0.0957120571	-0.0028629428	0.023909639	0.0190358904	0.0122332135	0.0589700742	0.1263887549	0.0700501799	-0.0068805482	0.0101461561	0.0738913749	0.0220924481	-0.0259112865	0.0720368935	-0.0199906376	-0.0528072648	-0.0014412174	0.0528576426	-0.0538865559	0.0640517543	-0.0239274899	0.0207371182	-0.015625131	-0.0254974536	-0.0082216674	-0.0076192993	0.0255611167	-0.0479695585	0.0731330988	0.0245657045	-0.0859408249	0.1236959632	0.0444055683	0.0008791865	-0.0211391634	-0.0296905556	-0.0654967809	-0.0288230279	-0.0395023745	-0.0060140434	-0.172748201	-0.0404556278	-0.0414461433	0.0915300815	0.0796037058	-0.051670081	-0.0551630035	-0.0302169051	-0.0284030109	0.1289318862	0.0167686609	0.0221765411	-0.1172546262	0.0440723373	-0.0333821223	0.0234295253	0.031244052	-0.0215955133	-0.0028645789	0.0110665661	0.010998207	-0.0444798393	0.0041522621	-0.0049946618	-0.0040510788	0.0602152687	0.0088056772	-0.0647721829	-0.0253933092	0.0780577847	0.0329011351	-0.0764726144	-0.0742380738	0.0059328858	0.0198346763	-0.0111991553	0.0319809097	0.0337547878	0.0674534937	-0.0034509915	0.0409072047	-0.0041482186	-0.0090329701	0.0766498171	-0.020838873	-0.0839366709	0.0583538671	0.0578557582	-0.084212153	-0.020217639	0.0932483061	-0.021459135	-0.0836572738	0.0	0.0205338621290565	0.0054780730888809	3.0009284767121132e-05	0.0004216394939351	-0.0367749483164772	0.0379946389840455	0.0013523968236795	0.0014435925915279	0.2039140677940167	-0.0441656079789468	0.00195060092815	0.0415809470443028	-0.009554011968193	0.0001110004690902	9.127914468837508e-05	1.23211041382446e-08	0.0002914841713179	3.656271556229997e-05	1.3368321692896524e-09	8.496302212888287e-08	-0.0009371264904674	0.0001831688560771	8.78206059135746e-07	3.3550829836629995e-08	0.0	0.0	0.0	0.0	0.0	0.0	0.0	0.0	0.0	0.0	0.0	0.0	0.0	0.0	0.0	0.0	0.0	0.0	0.0	0.0	0.0	0.0	0.0	0.0
5198.35097183022	3.657288531908307	13.37575940562802	27022852.8263282	14368.128510616987	-41.67392765925251	206443116.89760476	1736.7162465486117	4904.043225488809	-0.56036409972603	0.314007924261764	24049639.957462683	6190.057324696533	6681.162122389849	1.064737	29.288218	0.0756790027850815	0.047643313896974	0.0136808733	0.0553527615	0.0099663096	-0.0619715233	-0.0725743023	0.0470328338	-0.0664515555	0.0488231412	0.0558597964	0.0742405123	-0.0071248279	-0.0378711599	-0.092267537	-0.0207130712	0.0200881604	0.0371523774	0.0547781311	-0.0925851185	0.0118731964	0.0450773557	-0.0122036761	0.0322778129	0.0126942641	-0.0720553828	0.0768027089	0.0787257676	-0.0202455032	-0.0404996108	-0.0265278869	0.0027011209	0.0561006865	0.1212833957	-0.0408299386	-0.0250787398	0.0073676302	-0.0434114724	0.0692504844	-0.0606600717	-0.0993528306	0.1145286976	0.0723383223	0.0799296699	-0.0053358784	0.0606955044	0.0261396575	0.0820948635	-0.0555408775	0.0732265286	0.0263201734	-0.051807199	-0.0459857342	0.0591439286	0.0756261789	-0.0283568772	-0.1249199222	0.0216367535	0.0994181761	-0.0117010413	0.0299873042	-0.0274566382	0.0508133283	-0.0483160911	0.0785112791	0.0713912688	0.1374114968	0.0271057307	-0.0541872445	-0.0516437728	-0.1249546034	-0.0410738639	-0.017687099	-0.0165882615	0.0644652118	0.0622476959	0.1425254239	-0.0387555834	0.0168005035	-0.0272218827	-0.0180256691	0.0411776972	-0.061885911	0.0605365915	0.051857255	0.0699559021	-0.0782247978	-0.0054386486	-0.0619113271	0.0577160099	-0.0238403001	0.062477538	0.0408633624	-0.0514109113	0.0525802379	-0.049082066	-0.0499341632	-0.0790917738	0.0497878646	0.0287058996	-0.0450971285	0.0473457737	-0.0244089049	-0.0260773702	0.0182838042	-0.0522075277	0.0634274693	0.0174615213	-0.008973753	0.0394321889	0.0512619667	0.1166839803	-0.0756533724	-0.0709723125	-0.045207045	0.0388376118	-0.0547828679	0.0385180965	0.0825336516	0.0176678529	0.0281101581	-0.0201650009	0.0197252943	-0.0532840556	0.0454500211	0.0515350025	0.0397093624	-0.0321614253	-0.0252438015	0.0176701897	-0.0634327967	0.0237226459	0.08109924	-0.1713055025	-0.0300015589	-0.0230930794	-0.0337232173	-0.0223024779	0.0399839069	0.0577962833	0.0202856321	-0.0978357602	0.0410344282	0.0732889248	-0.0778209065	-0.0727146835	0.1175803875	-0.0186999605	0.0248154139	-0.0114363729	-0.0432050173	0.0037991294	-0.0100209948	-0.0189093957	0.0087261503	0.0208976276	0.0547083266	0.0343122325	-0.0364739956	-0.0172134502	-0.0749553988	0.0352734833	-0.0998746199	-0.0071174115	0.0128495154	-0.011712392	0.0337459105	0.098739944	-0.0357660011	0.022332709	0.057107083	0.0048458863	0.0826332174	-0.0220783961	-0.0827957235	0.061284559	0.0537757173	-0.0867489121	-0.0126976055	0.0927615946	-0.0312276849	-0.0779743851	0.0	0.0120198823498185	-0.008513979779238	7.248785168127357e-05	0.0001444775717034	-0.0408129797385612	-0.0040380314220839	0.0016656993151402	1.6305697765737707e-05	0.2426227464405812	0.0387086786465645	0.001498361802563	0.0588657970903705	-0.0098910582712419	-0.0003370463030489	9.78330337251028e-05	1.136002103989315e-07	0.0002140045780014	-7.747959331649997e-05	6.003087380490227e-09	4.57979594055573e-08	-0.0010109668528459	-7.384036237850008e-05	1.0220539775531438e-06	5.452399116188209e-09	0.0	0.0	0.0	0.0	0.0	0.0	0.0	0.0	0.0	0.0	0.0	0.0	0.0	0.0	0.0	0.0	0.0	0.0	0.0	0.0	0.0	0.0	0.0	0.0
5174.172215074961	-24.1787567552592	584.6122782299924	26772058.111253727	14370.487432391828	2.358921774841292	206510909.0445315	5.564511939820392	4891.60320046719	-12.440025021619476	154.75422253851866	23927781.870820854	6185.157655793751	6586.351067825828	1.161677	31.954802	0.0905680791364315	0.056333040632251	0.0248834513	0.0237026798	-0.0061685846	0.0848260351	0.0151229798	0.0367399181	0.0980902773	-0.0481371802	-0.0102107841	1.57349e-05	0.0398059376	-0.0071818886	-0.0469092778	0.0531310452	0.0315793279	-0.0287212066	0.0066435147	0.0869909107	0.0011150095	-0.0353301171	-0.0833085914	0.0458872944	-0.0328832837	0.0281898578	0.0216446912	0.0561633453	-0.0306206071	0.0565555201	0.0477808389	-0.1320631832	0.0656793939	-0.0547047926	-0.0174622952	0.072017617	0.0186041383	0.0285336587	-0.0140187839	-0.0320256086	0.0568354221	0.0170328308	-0.0888314463	0.0837653758	-0.0030761133	0.0209705089	-0.1227641875	-0.0869568846	-0.0077302243	0.1902103855	-0.0322229449	-0.0507372647	0.0311363767	-0.0221587886	0.1021257458	-0.023805907	-0.0578163602	-0.0226661571	0.072534633	-0.0091500882	0.0298861633	0.084425683	0.0773853158	0.02562228	0.0848745619	-0.0626364007	0.016428566	-0.0345751769	-0.0286088383	0.0634485	0.0027270144	-0.0518745628	-0.0517230961	0.1107266411	-0.0470117492	0.0427492462	0.0550901526	0.1855315301	0.0143904787	-0.0909339259	-0.1170552562	0.0018118766	0.0501384055	-0.0420493586	-0.000279196	0.0451656748	0.0926247586	-0.0973090354	0.0274320039	0.033305978	-0.0312096639	-0.099716322	0.0326303397	0.0211666646	-0.0246352476	0.006770729	0.0111472845	0.0099034254	0.0014012578	-0.0315508056	-0.0927209481	-0.0229038399	0.0284738062	-0.0103312648	-0.0209953541	-0.0243643379	0.0703911583	-0.0585176811	-0.0850525979	0.0523487442	-0.0966750317	-0.0312467616	0.0555900072	-0.0231374423	-0.1677206606	-0.037100076	-0.0569278998	0.0027931826	0.048721783	0.0485470719	-0.026526937	-0.0540536621	0.0040967317	-0.0822665047	-0.0789129234	-0.0075598407	0.0114066272	-0.1009969318	0.0617481716	-0.08105299	0.0493754229	-0.07140128	-0.0592869462	-0.0117784523	0.0030586584	-0.1453361496	-0.0531033792	0.0370180535	0.0656159602	0.0911517199	-0.0255423092	0.0295481255	0.0877971381	0.006237914	0.0688961404	0.0763583753	-0.0491829441	0.0334901684	-0.0524588364	0.0026555669	-0.0342378588	-0.0187958151	0.0073385365	0.064899389	-0.0419706994	0.0355880685	-0.0206841226	-0.041026324	-0.0199202032	0.023560038	0.0497243815	-0.0102533914	0.029772573	0.0159114828	-0.01553569	0.017682353	0.0702982253	0.0369478338	0.0081437727	0.0027211918	0.0535341879	0.0248158212	0.0486126674	-0.0233138	-0.0815929909	0.0641123601	0.0495351885	-0.0888812078	-0.0050923356	0.0914275044	-0.0406237301	-0.0711146114	0.0	0.0182890742467236	0.006269191896905	3.930276704022056e-05	0.0003344902368021	-0.0265180165110621	0.014294963227499	0.0007032051996809	0.0002043459736755	0.2093618883889689	-0.0332608580516123	0.0011062846783295	0.043832400309795	-0.0092280046893321	0.0006630535819098	8.515607054633522e-05	4.39640052483416e-07	0.0002418721726369	2.7867594635499988e-05	7.766028307685478e-10	5.8502147896094353e-08	-0.0010549069955089	-4.394014266299981e-05	1.1128287691736145e-06	1.930736137244776e-09	0.0	0.0	0.0	0.0	0.0	0.0	0.0	0.0	0.0	0.0	0.0	0.0	0.0	0.0	0.0	0.0	0.0	0.0	0.0	0.0	0.0	0.0	0.0	0.0
5190.722804883171	16.550589808210134	273.9220229996292	26943603.23713421	14370.43486015124	-0.0525722405891428	206509398.06985	0.0027638404805627	4895.75685757793	4.153657110739914	17.25286739360025	23968435.208521325	6182.520766152043	6528.101867973948	1.135748	31.241543	0.1212021021128057	0.0636700073028748	-0.014648828	0.0158333001	-0.0738465899	-0.0403400453	0.0407292068	-0.0460189099	0.0090591107	-0.013295096	0.0235035548	0.0043515872	0.023376762	0.0977125111	0.101369446	-0.0474027668	-0.0442191567	0.0225335161	0.0330637184	0.0154796171	0.0201147503	0.0207619168	0.1053720878	0.0326172947	0.0052225399	-0.0024832373	-0.1036441533	-0.0104176555	0.0565690553	-0.1178564467	-0.0488092764	-0.0232697215	-0.01923466	0.0557312351	-0.0863475607	0.0259129857	-0.0885139786	-0.1110876008	-0.0236915794	0.0536580963	0.0688013754	0.0307199348	-0.0508792442	0.1138232306	0.0465399026	-0.0475370381	0.0991529591	-0.0252368842	-0.0471747748	-0.0236659446	-0.0531283613	0.0934640055	0.0630596054	0.0320065344	-0.0663015181	0.0567932015	0.0179296657	0.1218036406	-0.0315550809	-0.0013914088	-0.0236476385	0.0604163112	7.36342e-05	-0.0232115562	0.0468333522	0.0072372871	-0.0202393882	0.0569968803	-0.0287190828	0.0168230399	-0.0153408285	0.0830023819	-0.1093795515	0.0542372338	-0.0132789884	-0.1259130678	-0.0282944963	-0.1011304952	0.0198649583	-0.0078308564	0.0555731101	-0.1436215905	0.0266225769	0.0412976295	0.002842005	-0.0563645188	0.0406090954	-0.0322912565	0.0641746211	-0.0026171102	0.0237595717	0.0187237685	-0.0162706622	-0.0368272633	-0.0101929852	0.0670614513	0.0191234305	0.0792167302	-0.0026367471	0.0543087339	0.0955123403	-0.1002893597	-0.0142761087	-0.0091192662	-0.0446124162	-8.46683e-05	-0.0643453204	0.034909311	0.0211367186	0.0138632851	-0.0572798301	0.0686530339	-0.0940129693	-0.0018587882	0.0030496144	-0.0514137248	-0.0585865323	-0.0018913665	0.0667501081	-0.0676711092	-0.059887055	-0.0621033358	-0.106829117	0.0291961252	-0.1165526913	-0.0795051352	-0.0455535721	0.0269043601	-0.125641285	-0.1178212818	-0.0637266911	-0.0004745379	0.0316381606	-0.0023905452	0.0733576221	0.0830130374	-0.0148085512	0.1054088928	-0.0043850181	-0.0800293126	-0.0347821329	0.0405433591	-0.0189333699	-0.0297172067	-0.0135639762	-0.0250378541	0.0726140667	0.056186641	-0.0277199749	-0.0214706876	-0.02256282	0.0020621585	-0.0232692007	0.0023616155	0.0319484309	-0.0134030211	-0.03508945	0.0079043163	0.0606286248	0.0249159988	-0.0611384483	-0.0110924833	-0.0243730844	0.0340198001	0.003123179	0.0167764418	0.0329902992	0.024792535	-0.0118714399	0.022092668	-0.0982426172	-0.0334125185	0.0360037098	-0.0245448544	-0.0803293705	0.0668325226	0.0451468273	-0.0905990982	0.0025471182	0.0892582227	-0.0495351885	-0.0631814888	0.0	0.0276658232014597	0.0093767489547361	8.792342096014454e-05	0.0007653977734144	-0.0674941582258839	-0.0409761417148217	0.0045554613946206	0.0016790441898331	0.2429992004365218	0.0336373120475528	0.0011314687617844	0.0590486114127888	-0.0095840494199538	-0.0003560447306217	9.185400328411676e-05	1.26767850203479e-07	0.0002743577064301	3.24855337932e-05	1.055309905829139e-09	7.527215107758494e-08	-0.0006991992720099	0.0003557077234989	4.888796219791742e-07	1.2652798455684097e-07	0.0	0.0	0.0	0.0	0.0	0.0	0.0	0.0	0.0	0.0	0.0	0.0	0.0	0.0	0.0	0.0	0.0	0.0	0.0	0.0	0.0	0.0	0.0	0.0
5205.917707203021	15.19490231984946	230.8850565097665	27101579.174169958	14374.997560471757	4.562700320517251	206640554.86356896	20.81823421484823	4904.079591164527	8.322733586597678	69.26789435348105	24049996.63647644	6187.432050610325	6689.705362289207	1.079296	29.688686	0.0531565828648243	0.0316285171723443	-0.0312043483	0.0240563233	0.0459119671	-0.0077646854	0.0435237548	-0.0037819059	-0.0439860352	0.0329221222	0.0498498842	-0.0123559948	0.0278015709	-0.0399954223	-0.112963403	-0.0515783763	0.0384392456	0.0544145376	0.0062468189	-0.021547192	0.0162887573	-0.0752653992	-0.0148976224	-0.0450009776	0.0193625245	-0.0341089227	-0.0284433274	-0.0063374587	-0.0048463286	-0.0819116628	0.0884866685	0.0325387138	0.0040858619	-0.0104234667	0.032823873	-0.0930394404	0.0007287958	-0.0705122739	-0.1160818041	-0.0122521625	0.0561910678	0.1050009214	0.033128401	0.0481253443	0.011109056	0.1423178992	-0.0017232748	0.0250509874	0.0453396411	-0.0286368006	-0.0620624476	-0.0096523469	0.0226296492	0.014885163	-0.0400421159	0.140142758	0.0654784723	0.0095571787	0.0060611578	-0.0057414898	0.1017457213	-0.0944937598	0.0004972434	0.080003048	-0.0640657417	-0.0300369167	-0.0009824213	-0.0819596012	0.0386724925	0.0019200143	-0.1257202431	0.0659296559	-0.0096269299	-0.1063970241	0.0481427089	0.0103176771	-0.053516889	-0.0633361138	0.0009697311	0.0022720301	-0.028521876	-0.0685798448	0.010117655	0.0055776109	0.0351119096	-0.1950855178	0.0685915218	-0.0728474931	-0.1097171972	0.0476667128	0.0308369577	0.0392991363	0.0418421078	0.0272855391	0.0204844372	0.0316753232	-0.0035093988	-0.0764040832	0.053111194	0.0273175941	-0.0170681056	0.0564106556	0.0017740712	0.0364298092	-0.0217401024	-0.02035263	0.1161366585	0.0359183655	0.0752831157	0.0255997235	-0.0080518546	-0.0173570232	-0.0672407492	-0.1663533241	-0.0060496513	-0.0318465183	0.0259943029	0.0973353627	-0.0389878571	-0.0019476471	0.0076275894	-0.0391074277	-0.007145956	0.0959692451	-0.1156422762	-0.0365654592	0.1528519861	0.0108988986	0.027214214	0.051446925	-0.0250629007	-0.060624844	0.0385316533	0.0288711157	-0.0643776758	0.0625105837	0.0007630011	0.0524741624	-0.1163905079	-0.0354937689	0.0621740255	-0.0166363853	0.1219420762	-0.1022164918	0.0147059716	-0.0361225159	0.0527510352	-0.0532515268	0.0059342584	-0.0422923514	-0.0095172276	0.0066047658	-0.0284040956	-0.0229473013	0.0638727945	-0.0382863035	-0.0137721352	-0.0085608753	-0.0208105862	-0.0017454631	-0.0098464233	-0.0132700867	-0.0214049604	0.0170796423	0.028097945	-0.0363644319	0.0471845558	0.113697547	-0.0432149209	0.1353788327	0.0033925359	-0.0241062287	-0.0285145674	-0.0257713294	-0.0790058053	0.0694404798	0.0406237301	-0.0918945739	0.0101694736	0.0862735657	-0.0578557582	-0.0542947536	0.0	0.0274637919840046	-0.000202031217455	4.0816612826388865e-08	0.0007542598701406	-0.0401204371679995	0.0273737210578843	0.0016096494785513	0.0007493206045548	0.2480782868963729	0.0050790864598511	2.57971192666429e-05	0.0615428364294391	-0.0095971295968748	-1.3080176921000802e-05	9.210489649921027e-05	1.7109102828468204e-10	2.908299940762582e-05	-0.0002452747070224	6.015968190496055e-08	8.458208545439637e-10	-0.0008508792706591	-0.0001516799986491	7.239955332373619e-07	2.30068219902213e-08	0.0	0.0	0.0	0.0	0.0	0.0	0.0	0.0	0.0	0.0	0.0	0.0	0.0	0.0	0.0	0.0	0.0	0.0	0.0	0.0	0.0	0.0	0.0	0.0
5168.3451838308365	-37.57252337218415	1411.6945125533243	26711791.9392274	14365.850787510017	-9.14677296173977	206377668.84900215	83.66345561361373	4897.772897708431	-6.306693456096582	39.77438234917145	23988179.35752724	6193.420062518304	6593.525118169239	1.146995	31.550919	0.0651076856329407	0.0333427317660751	-0.0277855513	0.0156674939	-0.0327177167	-0.0471393731	-0.06330543	-0.0200832517	-0.0523255641	-0.0218863777	0.0328997436	0.0840161169	-0.071543996	0.0028818699	-0.026059419	0.0862480969	0.0412653622	0.0267980882	0.0158260448	-0.0559361422	0.0188854462	0.0522497349	0.0419165148	-0.0423049182	0.0510650367	0.0542649218	0.0564842054	0.057037554	0.0010630805	0.0514682565	-0.1063109035	-0.0237512601	-0.0261693865	0.170090092	0.0745300631	-0.0104792058	-0.0241800367	-0.0775214992	0.0334989092	0.0006664657	-0.096459229	0.0132056947	-0.0035196678	0.0120320492	0.1040234797	-0.002382236	-0.0296819865	-0.0306877975	0.0171663632	-0.0800453916	0.1009760188	0.0135915131	0.0728898457	0.0172151582	0.0471176563	-0.0197342796	-0.0393716733	-0.019282585	-0.0309629947	0.0617079492	-0.0481204593	-0.0428530812	0.0520516305	0.0061987556	-0.0534393733	-0.0854749932	0.0062237276	-0.0202030574	0.0264654575	0.0427486829	-0.0007610134	-0.0917955899	-0.011548246	-0.0795713442	-0.0002205608	-0.1155078965	-0.0761067188	-0.0505944756	-0.1625012946	-0.1205941856	-0.0877223196	-0.0095987228	-0.0647568391	0.059645118	-0.0599497362	-0.0797690069	0.0573295248	-0.026133081	-0.044277777	-0.022190022	0.0188058929	0.0417766641	-0.01595355	-0.0602431478	0.0272268875	-0.0556124866	0.0279850318	0.0163377543	-0.0358262644	-0.0644663852	-0.0463963185	0.011005065	-0.0902259431	-0.0588346939	0.0736955371	0.0098117879	-0.0430842572	0.0323230651	-0.0860350725	0.0126996162	0.0454087372	0.0463463031	-0.1132635415	-0.0868785216	0.0151716647	0.0075321887	0.0842758495	0.0221537278	0.009424223	0.0101367465	0.0214969232	0.0986041581	-0.0496257729	-0.0718653699	0.0212124069	0.0376190268	-0.0252473516	0.101440344	0.0261519822	0.0718161408	-0.0860819655	0.1146682432	0.0310500927	0.0130564456	-0.0027419828	-0.0151910664	0.0199394866	0.0663085714	-0.0168882743	-0.0084284621	-0.047450166	-0.0728960979	-0.0192075775	0.1006260479	0.0385636785	-0.1191184137	-0.1159641711	0.028701647	-0.0354787257	-0.0493380843	-0.0011117659	0.0055447544	-0.0254612153	0.0093565662	-3.13965e-05	0.0115006713	0.0440677311	0.0132245218	0.0097655129	-0.0405469281	-0.0010598761	-0.0064898863	-0.044978462	-0.0233522923	0.015728212	0.0206035949	0.0354287243	-0.0126347588	-0.0062196103	-0.0105296572	-0.0204405155	-0.0517978271	0.0263402501	-0.0269929964	-0.077623283	0.0719318531	0.0359793958	-0.0927615946	0.0177235635	0.0825007985	-0.0654861859	-0.0445885354	0.0	0.030900049918074	0.0034362579340694	1.18078685894549e-05	0.0009548130849394	-0.0568955591440953	-0.0167751219760958	0.0032371046503192	0.0002814047173128	0.2692060137541148	0.0211277268577418	0.0004463808421753	0.0724718778413806	-0.0096810019068153	-8.387230994049907e-05	9.372179791976148e-05	7.034564374755141e-09	0.0003749074346546	0.0003458244352469	1.1959454001388865e-07	1.405555845592932e-07	-0.0008052044385459	4.567483211319996e-05	6.483541878540181e-07	2.086190288569002e-09	0.0	0.0	0.0	0.0	0.0	0.0	0.0	0.0	0.0	0.0	0.0	0.0	0.0	0.0	0.0	0.0	0.0	0.0	0.0	0.0	0.0	0.0	0.0	0.0
5176.095625202661	7.750441371824309	60.06934145808587	26791965.921242125	14336.08475435697	-29.76603315304601	205523326.0841064	886.0167296682342	4891.9509245848285	-5.82197312360222	33.89537105194659	23931183.84854636	6174.909940507209	6543.266731853931	1.085894	29.870182	0.1089621034102967	0.0540824455331405	-0.0599160473	0.0245971591	0.0778292121	0.075639938	-0.0432731283	-0.0325476067	0.0330893991	0.0104495044	-0.0717467118	0.0346397908	0.1014226854	-0.0103535504	-0.0076128484	0.0199996919	0.0250074473	0.0169525548	-0.0371025993	0.1081586079	0.0276832738	-0.0758599061	-0.0293178872	0.0358266598	0.0220168477	-0.0643434079	0.0283211813	0.0524399909	0.0152878159	-0.0205765823	-0.0703328481	-0.0697343688	0.0184100865	0.04259032	0.0385154253	-0.035987242	0.0364693947	-0.0083946732	0.0331778022	-0.046789235	-0.1694266404	-0.0213449817	-0.0568778548	-0.0389013099	-0.1342984607	-0.0312791265	-0.0186685745	-0.0694738508	-0.0311445218	-0.0798166425	-0.1266719025	0.1152203472	0.0651343087	-0.0069956952	0.1559517929	0.0228371266	-0.0210706291	0.0086338383	-0.0978041185	-0.0803076908	0.0647835352	-0.0360474757	0.0512106853	-0.0341221384	0.0096083869	0.0609758581	-0.0223513735	0.029365648	-0.0345093393	0.0589651092	0.0173968914	-0.0394782204	-0.0625832075	0.0320391318	0.0381132658	0.0099143281	0.0151047637	0.0093987586	0.0012367299	0.065049395	-0.1257791264	-0.0002772875	0.0665498543	-0.0928608295	0.0499740953	0.0100403958	-0.0195093718	0.0681432557	0.0048317975	-0.0354851883	0.0330574447	-0.0550097299	0.0205776284	0.0320859326	-0.1196101237	-0.0062367905	-0.0505981656	0.0106628187	0.0476400276	0.0063575279	-0.0060768721	-0.0162333361	0.0107744052	0.031127947	-0.0208018352	-0.01337742	0.0120267312	-0.0652916546	-0.0062066797	-0.003566496	-0.0237510807	0.0389676329	-0.0685208405	-0.0692922489	-0.085071384	-0.110094673	0.0032404179	-0.0285715059	-0.0669628259	0.0166840852	0.07435058	-0.0248661544	-0.0592133799	-0.0178489983	0.1589486488	-0.0636445931	0.0127580389	0.048510975	-0.0464400851	0.092243747	0.0290436144	0.0182756616	-0.0948774745	-0.0357702409	0.0119670014	0.0083993653	-0.1378117405	0.0585310515	0.1829350375	-0.0628340629	0.0386278302	-0.0221220047	0.0051985431	0.0373629956	-0.0454493341	0.0733115136	0.0312024787	0.0403773311	-0.0133951539	-0.0470915045	0.0007731177	-0.0034236055	-0.0003693022	0.035038044	-0.0214070097	-0.0078764804	0.0075153175	0.0054462706	-0.0818695439	-0.0177084233	0.0916195889	0.0515400665	0.0023086689	-0.0008163846	0.010252	-0.0141905725	0.0559063521	-0.0518661532	-0.0019927994	0.0408839046	-0.0545433576	-0.0649857272	0.0478028963	-0.0282096273	-0.0761828353	0.0743024598	0.0312276849	-0.0931961179	0.0251586786	0.0779743851	-0.0723354508	-0.0342093323	0.0	0.044860472960579	0.0139604230425049	0.0001948934115257	0.0020124620342468	-0.0522547969198115	0.0046407622242838	0.0027305638011307	2.153667402233958e-05	0.2428275676761018	-0.0263784460780129	0.0006958224174906	0.0589652276234918	-0.009133472780981	0.0005475291258342	8.342032504092081e-05	2.99788143636872e-07	0.0007329853003164	0.0003580778656618	1.282197578769101e-07	5.372674504799232e-07	-0.0004311619887321	0.0003740424498138	1.8590066052741955e-07	1.3990775426270914e-07	0.0	0.0	0.0	0.0	0.0	0.0	0.0	0.0	0.0	0.0	0.0	0.0	0.0	0.0	0.0	0.0	0.0	0.0	0.0	0.0	0.0	0.0	0.0	0.0
5193.369986563299	17.274361360638068	298.40356041790545	26971091.81733648	14332.9182028746	-3.166551482370778	205432544.21029404	10.027048290504572	4893.108881232444	1.1579566476157197	1.340863597757436	23942514.52359582	6176.507190674904	6604.850281774566	1.133936	31.191696	0.1709525513960825	0.0882572704158398	-0.0157064549	-0.0143530774	0.0053037882	-0.0442580794	0.1468350861	-0.0520400532	0.0100940546	0.0420725655	-0.0299014592	-0.1056772154	0.0516092884	0.1029620576	0.0452453218	0.0070120717	-0.0787617766	0.026104287	-0.0301483807	0.0200756478	0.0743553509	-0.0752378991	0.0505329946	-0.013347655	0.1034949504	0.0542392578	-0.0425947037	-0.0349214668	-0.0174749737	0.0157032122	-0.0351911416	-0.0597564484	-0.1254601046	-0.0699825411	-0.0423893394	-0.0241222581	-0.0729901798	-0.0218131683	-0.0583911784	0.0735480657	-0.0882097287	-0.0823292848	-0.066416954	0.0681577474	-0.0713440998	0.0029828842	-0.027303535	0.0174131671	0.0475744841	0.0183139834	-0.0483391827	0.0278039226	0.036337435	-0.0227532705	-0.058147991	-0.0866249599	-0.0211203472	-0.022238617	-0.0744165109	-0.2893001609	-0.2168981286	0.1890630504	0.0703160008	0.0111695556	-0.0225486421	-0.0969675027	0.0047997855	0.0653668236	0.0687132581	0.0962221992	-0.0006600473	-0.0668541573	-0.0243980857	0.0371862398	-0.0436082982	0.0408119338	0.0298242776	0.1425568575	-0.0284080438	0.0668141037	0.0582834968	-0.0438857675	-0.0357305511	0.0455591171	0.0693761816	0.0978790167	-0.106213751	-0.0705704361	0.019618099	0.1176211219	0.0445742722	0.0342288682	-0.0149225554	0.0470459269	-0.0666520407	0.116032424	-0.0052517639	0.0553820096	-0.0360220078	0.0013639419	-0.0181846732	-0.0686350275	-0.0768691814	0.0016697233	-0.0378232795	0.04443757	-0.0728795716	0.0530062716	-0.012911749	-0.0834491076	-0.0702079924	0.0467655726	-0.0665879137	-0.0215909998	0.0763191179	-0.0171397689	0.0410639127	-0.028889357	-0.0034045172	0.0569785313	0.0918479716	-0.0345838843	-0.0607126779	0.0703485269	-0.048367265	0.0185756684	-0.0497089207	-0.1235360651	-0.0876683542	-0.0518730709	0.0267357561	-0.0098279365	-0.0176201106	0.1728665203	-0.0350586699	-0.0837272717	-0.0888397242	-0.140072534	0.1851413154	0.0231614516	-0.1131892246	0.0991948628	0.1113647818	0.1087412904	-0.0096710156	-0.0595551249	0.0229716295	0.0576427245	-0.1489452806	-0.0173526243	-0.0012265634	-0.0206929333	-0.0327640094	-0.0184430831	0.0200912581	-0.0023021424	0.0004833726	-0.0647541555	0.0996266744	0.0074574838	0.0440700256	0.0124519595	-0.01235352	0.0083014913	-0.0348019788	-0.0441706437	0.0736644412	-0.0361035652	0.0253082801	0.0111453744	0.015701259	0.0748799553	0.0075418301	-0.0294209952	-0.0746855372	0.0765483197	0.0263827782	-0.0931961179	0.0324249087	0.0727356746	-0.0783218503	-0.0233138	0.0	0.0499796136446661	0.0051191406840871	2.6205601343475748e-05	0.00249796178007	-0.1055648990317195	-0.053310102111908	0.0111439479075771	0.002841966987182	0.2038247970574644	-0.0390027706186374	0.00152121611593	0.0415445478955165	-0.008082404034869	0.001051068746112	6.532525498286669e-05	1.1047455090534535e-06	0.0005577397150915	-0.0001752455852249	3.071101514081768e-08	3.110735897903477e-07	-0.0006752584170242	-0.0002440964282921	4.5597392976202846e-07	5.9583066304960315e-08	0.0	0.0	0.0	0.0	0.0	0.0	0.0	0.0	0.0	0.0	0.0	0.0	0.0	0.0	0.0	0.0	0.0	0.0	0.0	0.0	0.0	0.0	0.0	0.0
5192.168077333947	-1.201909229352168	1.4445857956019226	26958609.34328569	14386.762090594952	53.84388772035163	206978923.45138	2899.1642448418334	4904.107385401224	10.998504168779618	120.96709395066264	24050269.24754683	6195.178772342771	6616.151897353573	0.997132	27.42857	0.2016634349820012	0.112078774637885	0.0057792102	0.0187211552	-0.060877812	0.0146176517	0.0649601766	-0.0117622566	0.01153311	-0.0315477082	0.0726354331	-0.0449790908	-0.0157588101	-0.0303274068	-0.0531162135	0.0492212331	-0.1215610951	0.0303310272	0.0075489382	-0.0726302048	-0.0549906697	0.0154794335	0.003345128	-0.0261472296	0.0066021542	0.1252522577	0.0171467734	-0.037112121	-0.0410527245	0.0309549112	0.0198691096	0.0409845337	-0.0349662535	-0.0510866643	0.0217117039	0.0833807134	-0.0149087595	-0.071086878	0.0007173991	0.0011340591	0.0016287626	0.0257263511	0.013813245	0.0062561058	-0.0323094539	0.0837233677	0.0104381421	0.0366441105	0.049783781	0.0315140904	-0.1280633114	0.110804302	-0.0342104566	-0.0569767882	0.0029337056	-0.0532726126	-0.0724717315	0.0659768969	0.0436081984	0.0491007743	0.0670784459	-0.0401966533	-0.0945736895	-0.0877362395	0.0032254863	0.1523961579	-0.0532447315	-0.0225520869	0.06938637	0.0568328807	0.066813652	-0.0923205059	-0.0938019631	0.0190187306	-0.031569196	0.0470876759	0.0502515777	0.0383340138	-0.0786246524	0.1098666138	-0.0105262824	0.0543513506	-0.1326408265	0.0083430462	-0.0357459831	0.0081816785	0.0576711249	0.0551560836	0.1216507604	0.0019704877	0.0249560772	0.0073889259	0.020683085	-0.0320342971	0.0712380369	0.0472627731	0.0383544033	-0.0640098426	-0.0855143334	-0.0414500113	-0.0408426885	0.0400241778	0.0166142278	-0.0150961192	0.0188875844	-0.0314512197	0.019965004	-0.0906933647	0.0804654677	-0.0429545601	-0.054309122	0.0890510529	0.0231011984	0.1059018271	0.0124702201	-0.0009515456	0.0966716788	0.0397844573	0.0370077514	0.0615612588	0.0300923214	0.037328965	-0.0177235496	-0.0742346956	-0.0080153859	-0.0950656179	0.0805773767	0.0187530831	0.0276073486	-0.0241942609	-0.0278477902	-0.0889833102	0.0497774923	-0.0183319548	0.0297192588	0.0517015491	-0.0379422799	-0.0159911856	0.0224498519	0.1129631397	0.0239464241	0.0004626968	-0.0521025006	-0.0045901443	0.0314148138	0.0226774671	-0.0549730896	0.0812673382	-0.0306458073	-0.0250504151	-0.020424252	-0.0175683576	-0.0057080934	0.0373555607	-0.0279322168	0.0350495677	0.0145716115	-0.0321207426	0.0602906834	-0.0426085489	-0.0050205429	-0.0608178203	-0.0462624804	0.0036229954	0.0119229371	0.0171547874	0.0158206914	0.0238330904	0.0210031833	0.0476885416	0.0085889028	0.0651338916	0.0603394504	-0.0306268741	-0.0731325059	0.0786656624	0.021459135	-0.0927615946	0.039473477	0.0668325226	-0.0833739747	-0.0120663873	0.0	0.0326837931752663	-0.0172958204693998	0.0002991454057097	0.0010682303363235	-0.0025555232349177	0.1030093757968018	6.530699004204226e-06	0.0106109315020467	0.1935831587892948	-0.0102416382681695	0.000104891154416	0.0374744393668413	-0.0091400398829795	-0.0010576358481104	8.35403290624559e-05	1.118593587208416e-06	0.0004031350056463	-0.0001546047094452	2.3902616182634725e-08	1.6251783277744233e-07	-0.0004651669656273	0.0002100914513968	2.163803059109097e-07	4.4138417950055995e-08	0.0	0.0	0.0	0.0	0.0	0.0	0.0	0.0	0.0	0.0	0.0	0.0	0.0	0.0	0.0	0.0	0.0	0.0	0.0	0.0	0.0	0.0	0.0	0.0
5181.56465584446	-10.603421489487118	112.43254728371724	26848612.28269651	14365.814177058292	-20.947913536660053	206376616.969769	438.8150815393855	4898.525693895814	-5.581691505410163	31.155280061567968	23995553.973757464	6199.410060121311	6632.539553756776	0.988992	27.204676	0.1370738745318336	0.0725402718357536	0.0128221709	0.0170761475	-0.0959650271	0.065581738	-0.0615632988	0.0245916136	0.0852693688	-0.0581296942	0.0332790453	0.0707848734	-0.0749410176	0.0467005077	-0.0428761747	0.0628454792	0.0402318862	-0.0098752085	0.0208364361	-0.0041838193	-0.1014019396	0.0643136775	0.0119151493	0.0366622623	0.0247846519	0.0819391523	0.0693092959	0.0691232897	-0.1490499187	0.0371285085	0.0125652023	-0.059875101	-0.0421987669	-0.016598062	0.0507163219	-0.0199023861	0.0696235578	0.053431857	-0.0010612938	-0.1314205706	0.1715513403	0.0840255309	-0.018201444	-0.1019562411	-0.0438522767	-0.0058095629	-0.1099439592	-0.1063224675	-0.072568618	-0.1653464577	-0.0436778738	-0.075839727	-0.1109415054	-0.0105021587	-0.0453894116	-0.0217722189	0.0033117919	0.0237371348	0.0463481578	0.027135001	0.0643001402	-0.0531165952	-0.0141631415	-0.0640537934	0.1216088772	-0.0158099819	0.0928094435	-0.0144659918	0.030827794	0.0347800205	0.0124180439	0.1135195069	-0.0167714579	0.0305173881	0.0038765888	0.0589014845	-0.0446106729	-0.0219554035	-0.0752225054	-0.0532520132	-0.0007110772	0.1059051299	0.029294587	0.1127051566	-0.0955692743	-0.0494429378	-0.0832041698	0.0047713075	0.0409029475	0.0406936854	-0.0220404556	-0.1007643772	-0.0061501114	-0.0890184902	0.0698103899	-0.0244203707	-0.0242200265	0.0868395244	-0.0312975887	-0.0701724831	-0.1003018216	-0.0200738842	-0.083494497	-0.0349208542	0.0378828549	-0.0287898774	0.0013981218	-0.0014737683	-0.0033562463	0.0221764537	0.0495223227	-0.095745787	0.0631972954	-0.0235658558	-0.0279604457	0.0255524464	0.0005995167	-0.0858525083	-0.099879821	-0.0646872017	0.0039933922	-0.1145006977	0.0949538846	0.0405148377	0.1437350554	0.037892502	-0.0233446251	0.0903996702	0.1038982333	-0.0717545109	-0.0766494273	-0.1042899249	0.0712509035	-0.0600058539	0.0533273451	-0.03657727	-0.0515163723	-0.0061999932	-0.1949071098	-0.0130910422	0.100886449	0.0465628565	0.032791221	-0.0098961271	-0.0122300155	-0.0895028625	-0.0425787914	0.0672079845	-0.0856126651	-0.0123545562	-0.0122464109	-0.0100578151	0.0242355884	0.0690325696	-0.0474905256	0.0204958264	-0.0561677595	0.0361729731	0.0168752499	0.0332985989	-0.032342597	0.026709999	-0.0111556523	0.0312825735	-0.0055247053	0.0108347874	0.0454357605	-0.042206895	-0.0833969592	-0.0961371281	0.0026475644	0.0212596817	-0.053039971	-0.031827039	-0.0715249003	0.080650933	0.0164714492	-0.0918945739	0.0462570678	0.0603188546	-0.0874315588	-0.0006368538	0.0	0.0387654325698036	0.0060816393945373	3.698633772518808e-05	0.0015027587623239	-0.0340786987918591	-0.0315231755569413	0.0011613577113462	0.0009937105971937	0.1505473368562349	-0.0430358219330599	0.001852081969454	0.0226645006345046	-0.0083304277136742	0.0008096121693053	6.939602589275114e-05	6.554718646872341e-07	0.0005536478488161	0.0001505128431697	2.265411595905681e-08	3.065259404986951e-07	-0.0006337067060981	-0.0001685397404707	4.015841893537036e-07	2.840564411796461e-08	0.0	0.0	0.0	0.0	0.0	0.0	0.0	0.0	0.0	0.0	0.0	0.0	0.0	0.0	0.0	0.0	0.0	0.0	0.0	0.0	0.0	0.0	0.0	0.0
5177.753159667325	-3.811496177134359	14.527503108309832	26809127.78244497	14306.487193885216	-59.32698317307586	204675575.8288017	3519.690932418426	4893.868921172752	-4.656772723061295	21.685532194247703	23949953.01762056	6177.800389097439	6584.693064345937	1.151012	31.661432	0.1192623825246469	0.0567075383103238	-0.0272813356	0.0217563934	0.0471656072	-0.0528203302	-0.0899884981	0.0004356712	-0.0384670602	0.0731262095	-0.027464774	0.0491215921	0.0147376783	-0.0277549337	0.0543491886	-0.0875408687	0.011132982	-0.0139289685	-0.0104686387	-0.0084324718	0.0527202939	0.0568557147	0.0165041688	0.0842121488	-0.0432759579	-0.1323878361	0.0390009337	0.0200707639	-0.0586870079	-0.046862475	-0.0055995179	0.0127468214	0.0542793933	-0.002237454	-0.0487963161	-0.030408025	0.0663202748	0.0892135816	0.1019687801	0.0738951654	0.0283321487	-0.0807418761	-0.0544534075	0.002150035	-0.0133582758	0.0059373832	0.0924487219	0.0314462307	0.0546499831	-0.0466144304	-0.0494266374	-0.015490829	-0.1181128257	-0.076471534	-0.0614497213	0.0398281291	0.1548940433	-0.0103834243	-0.0468113039	0.0506253443	-0.0089463326	-0.0122413071	0.0349944071	-0.0375079889	0.1365817926	0.0052321795	-0.0293070917	-0.0555401932	-0.0235427765	-0.0464699207	-0.1387934103	0.0374592145	0.0495356356	0.0372762864	0.0265952213	-0.1189799441	-0.1206742967	0.0956353004	0.0187575798	-0.0303977572	0.0104440857	0.1019485848	-0.1254890581	-0.026778074	-0.0905667593	-0.0345104491	-0.08016741	0.0023751195	-0.1377627093	-0.094251427	-0.0029887481	0.0573904827	0.0156520595	0.0187358433	-0.0087484716	-0.091559409	-0.0655226694	0.0068321577	0.0634819678	0.0699532087	0.0572520793	-0.0344949304	-0.0350179178	-0.0115038531	-0.012664566	0.0198444131	-0.0972682911	0.0889221215	0.0025272071	0.0760387465	0.0198373365	-0.0075151199	-0.0240012962	0.1142678367	-0.0523451969	-0.0277211917	-0.1213736766	-0.0167974212	-0.0401618202	-0.0187317356	0.0084046057	-0.0535398603	0.0748349299	-0.0350371698	0.0937089424	0.0320803099	0.0606767279	0.0153347118	-0.1212202167	-0.0292144068	0.1656053527	0.0074805525	-0.0006514472	-0.0105286615	-0.0132364079	0.0876963813	0.055411728	-0.0012940481	-0.0544377168	0.0422832612	-0.0321465215	0.0202320037	-0.0535584497	0.0201387592	0.0206772001	-0.0519722342	-0.0498772391	0.0161808715	0.0576220218	-0.0201459299	0.0003462685	0.0047326471	0.0082256233	-0.0361840455	0.0846476239	-0.0218368151	0.0157524744	0.0414897346	-0.0526292605	0.0328036977	-0.0317428193	0.0731571725	-0.0743414302	0.0093605611	0.0201353685	0.0062646402	-0.0265141108	0.0156620143	0.0014461098	-0.0161518149	-0.0527569907	0.0196872671	-0.0504985262	-0.033021266	-0.0698639202	0.0825007985	0.0114346062	-0.0905990982	0.0527301444	0.0532541728	-0.090446201	0.0108022918	0.0	0.0430417466984778	0.0042763141286742	1.828686252709858e-05	0.0018525919588559	-0.0809291615485108	-0.0468504627566517	0.0065495291889449	0.0021949658605124	0.1675660695273109	0.017018732671076	0.0002896372617295	0.0280783876568315	-0.0076869696593625	0.0006434580543116	5.908950254395962e-05	4.140382676585982e-07	0.0006458436601264	9.219581131030008e-05	8.500067623164455e-09	4.171140333254649e-07	-0.0003470231123552	0.0002866835937429	1.2042504050868977e-07	8.218748292134412e-08	0.0	0.0	0.0	0.0	0.0	0.0	0.0	0.0	0.0	0.0	0.0	0.0	0.0	0.0	0.0	0.0	0.0	0.0	0.0	0.0	0.0	0.0	0.0	0.0
5201.6789709934565	23.925811326131225	572.4444476136292	27057464.117275544	14313.264569561296	6.777375676079828	204869542.6382587	45.9328210547185	4892.899875928202	-0.969045244550216	0.939048685985388	23940469.195858218	6174.242658385894	6648.7060168187145	1.059783	29.151934	0.0765325412817174	0.0598510936837462	-0.0158826505	-0.0053760112	0.0962656279	-0.0176905217	0.0811573873	-0.0336826642	-0.0460235394	0.0873129686	-0.0461236112	-0.0524595312	0.0348801682	-0.0031573128	0.0140571165	-0.0156133362	-0.0562719721	0.0146534046	-0.0325911032	0.069795371	0.0977249426	-0.055178011	0.0387568351	-0.062385657	-0.0278964697	-0.0915768848	0.0525558779	-0.0650822404	-0.0248398509	-0.015642797	-0.0058850547	-0.052618752	0.0205502011	-0.0734436522	0.0030070708	0.0948135986	-0.0079656272	-0.062262881	0.0566695478	-0.0505599924	0.0474525654	-0.0104468455	-0.0288046633	-0.0533296996	-0.096730685	-0.0174656944	0.046860088	0.0432871596	0.0260753491	-0.0036303695	-0.1060773891	0.0720364673	-0.0705266565	0.0659931868	0.1785490032	-0.0209899627	0.0048738823	-0.0183721547	-0.0505006547	-0.0283953899	-0.0239672553	-0.0579642481	0.0556378318	0.1197457557	0.0001340407	0.0032214014	-0.0122300022	-0.1684347052	-0.0444703335	0.0124454176	0.1260374447	0.0772458538	0.0732364058	-0.1464400266	-0.0121533438	-0.0933902835	0.032583942	0.0248772446	-0.0416448741	0.0493529313	0.0127129976	0.0011695612	-0.0018706667	0.0696840613	-0.0913931015	0.1292719751	0.0211502306	-0.1072557562	-0.0585516842	0.0149875541	0.0278714724	0.0625140831	0.0094828983	0.0863980192	-0.1066731366	0.0157258274	-0.0007699891	0.0172070943	-0.0118272811	0.0599952079	0.0183394164	0.0940217806	-0.0139152532	0.033806418	-0.0382419856	0.0292909082	0.017553676	-0.0505277373	0.0618065737	0.0570916677	-0.0687112311	-0.0145403433	-0.0549120103	-0.0066677462	-0.0137128609	0.0753250609	-0.0582463014	0.0014299323	-0.0537163406	0.0648377027	-0.0007320871	-0.0562713287	0.0455457392	0.0776655506	0.0562308353	0.0015818892	0.0425094643	-0.0271611832	0.0211312704	0.015806502	-0.1359108322	-0.0133690614	-0.1555813687	0.0039491682	-0.0287061461	0.0709088549	-0.1206964441	-0.0102886336	-0.0015556974	0.020372548	-0.0277421943	0.0224719481	-0.0704897087	-0.0134399182	0.0915673692	-0.0246800354	-0.0514301403	-0.0441321339	0.1833124717	-0.0172088168	0.00745015	0.0085180092	0.0348364168	0.0061131531	0.0692518292	0.0104808973	0.0393011867	-0.0794078686	-0.022950054	-0.0409115359	0.0333025394	-0.02169754	-0.0046074451	-0.0053511473	-0.0179584778	-0.0516991294	0.0166827212	0.0005661066	-0.039407195	-0.0046378504	-0.0369750487	0.0452666635	0.0444456507	-0.0342093323	-0.0681508051	0.084212153	0.0063636379	-0.0888812078	0.0588492543	0.0457030134	-0.0923819408	0.0220783961	0.0	0.041246331272589	-0.0017954154258888	3.223516551519479e-06	0.0017012598434481	-0.0208800342547874	0.0600491272937234	0.000435975830481	0.0036058976887377	0.1679108080652511	0.0003447385379402	1.1884465954114912e-07	0.0281940394651255	-0.0079299707653507	-0.0002430011059881	6.288443633931676e-05	5.9049537511488234e-08	0.0006259805394273	-1.9863120699100084e-05	3.9454356390701816e-10	3.9185163574169355e-07	-0.0003710240861512	-2.400097379600004e-05	1.376588725043331e-07	5.760467431562807e-10	0.0	0.0	0.0	0.0	0.0	0.0	0.0	0.0	0.0	0.0	0.0	0.0	0.0	0.0	0.0	0.0	0.0	0.0	0.0	0.0	0.0	0.0	0.0	0.0
5195.844447097023	-5.834523896433893	34.04166909805814	26996799.518428963	14389.348649401543	76.0840798402478	207053354.554034	5788.787205137201	4902.18811751424	9.288241586037657	86.27143176059933	24031448.339497805	6194.470073628452	6648.094325726499	1.056199	29.053349	0.0712109793728275	0.0360394425021724	-0.0054002229	-0.0171465214	-0.0837529501	-0.0252856901	0.0260960127	-0.0310465091	-0.0167883029	-0.0301492746	0.0837585515	-0.0246792094	-0.0424858534	0.006104304	-0.0644708579	-0.0071841296	-0.0491803919	0.0379408483	0.0347785349	-0.0752674211	-0.0505772801	0.0318165046	0.0152500071	-0.0188242183	0.0004310644	0.0510518516	-0.0163026898	-0.0116815822	-0.0099944727	0.0540033277	-0.0261309654	0.0484319714	-0.0227671459	-0.0032022409	0.0587837409	-0.0126695293	-0.0228764474	-0.0921094919	-0.0358157116	0.0026187681	-0.0686181627	-0.1017217123	-0.0302412263	-0.0271803215	-0.0420455335	-0.0206862824	-0.0089857571	0.0476118831	-0.1424402779	0.0413414332	0.0195185487	-0.0754119372	0.0305025	0.1555902274	0.0364808208	0.1053548244	0.0832067484	0.0336924892	-0.0032038817	0.0093906234	-0.0872071599	0.0318981903	-0.1053632341	0.0558363147	0.0386344275	0.0063795917	-0.0165410156	-0.0582792375	0.0859623889	-0.0837904524	0.0285373406	-0.0414025721	-0.1135409479	0.0658898354	0.0204004692	0.1456115123	-0.0126879783	0.0046948281	-0.0931643373	0.0985118426	-0.0818697457	-0.1004424468	-0.0005990418	-0.0993576224	0.0080006601	-0.0127280259	-0.0257415541	0.0235837014	-0.0419547731	0.0071784603	0.0328095693	0.0241105702	0.0046949017	-0.0600415313	0.0718953785	0.0420896273	0.0221506507	-0.0671972211	-0.0452451754	-0.0207672044	0.0042824716	0.0356018564	0.0118444748	-0.0355047314	0.0321373952	-0.0009452413	-0.0114751749	-0.0662356659	0.024985889	-0.0363643589	-0.112926321	0.0528481351	-0.0470955688	-0.0025586928	0.010093562	-0.0130614697	0.0735742067	-0.0408588819	-0.0424455673	-0.114478267	-0.0115677549	0.0446616031	-0.0730112047	0.090256729	-0.0120167355	0.0557473276	0.0305118025	-0.0366395948	0.0703945296	-0.0428889687	0.0642249238	0.0654858776	-0.011122787	0.0010435814	-0.0118439577	-0.028855893	0.1355196586	-0.0063849489	0.0595613904	0.008574399	-0.1382518142	0.058256054	-0.032868372	-0.0034207332	0.1043436814	-0.0025751262	0.0960451187	0.0599056813	0.003131947	-0.030585121	0.0181831184	-0.0027248427	0.0151769674	0.0183425061	0.0126574629	0.0066463837	0.0071544861	0.0211396247	0.084967396	-0.0162303834	-0.0394910489	-0.0294651235	-0.0006881331	0.0257526071	-0.0119430619	0.0405152685	0.0138797862	0.0228576199	-0.0613701231	0.0719227671	-0.0010785419	-0.0036574411	-0.0527386263	-0.0353910162	-0.0663868332	0.0857821235	0.0012736779	-0.0867489121	0.064573321	0.0377343563	-0.0932156873	0.033021266	0.0	0.028848943858037	-0.0123973874145519	0.0001536952147064	0.0008322615617241	-0.0468433478806957	-0.0259633136259082	0.0021942992406718	0.0006740936544372	0.1831085331426933	0.0151977250774421	0.0002309708475295	0.0335287349096688	-0.0080914625079973	-0.0001614917426466	6.547176551832595e-05	2.6079582943035746e-08	0.0007803632011555	0.0001543826617282	2.3834006242283837e-08	6.089667257176594e-07	-0.0003338474254275	3.717666072370002e-05	1.1145410346457017e-07	1.3821041025650998e-09	0.0	0.0	0.0	0.0	0.0	0.0	0.0	0.0	0.0	0.0	0.0	0.0	0.0	0.0	0.0	0.0	0.0	0.0	0.0	0.0	0.0	0.0	0.0	0.0
5176.396072295906	-19.448374801116188	378.2392824046911	26795076.297280487	14305.27203901242	-84.07661038912374	204640808.11015052	7068.87641452451	4890.563194424125	-11.624923090114862	135.13883685108567	23917608.3586559	6180.829717886356	6629.03429684881	1.067758	29.371317	0.0720816644697502	0.0337708151095881	-0.0410836808	-0.0010834438	0.0341617721	0.0460996845	-0.1036174162	-0.0153293401	0.0025903422	-0.0302754362	-0.0336597264	0.1338487192	-0.0263099566	0.043003382	-0.0603981737	0.0267054345	0.0564602867	0.0122239299	-0.0250222298	0.0133499544	-0.0130237028	0.0728246469	-0.0286570649	0.0582877031	-0.0184752044	0.0457257617	0.0485166876	0.077761044	-0.0527118776	0.0592237061	0.0635721073	-0.0501110789	0.0112375615	0.0248154618	0.0492864402	0.0104220427	0.0903917998	-0.0971232786	0.0118500356	-0.0543452204	0.0247533291	-0.0576168838	0.0879298679	-0.0503633713	-0.0344654383	0.0112364363	0.0723267548	-0.0665711449	-0.097574648	-0.0396810551	0.0976169456	-0.07005604	-0.0303404958	-0.0065937389	0.0152539462	0.0386832715	0.0175254677	-0.0583315635	0.0355171627	0.0505207074	-0.032466726	0.080346202	0.0505721108	-0.0327338635	-0.0532109111	0.0125240724	0.0409207639	0.0891060386	-0.1074250743	0.0107978558	0.0947319889	-0.0300536925	0.0170326297	-0.0005892461	-0.0715104602	-0.0283597879	0.0056300957	0.0757559869	-0.0014401871	-0.0157312023	0.0315953637	-0.1032956758	0.0182510816	-0.0348646191	0.0263618675	-0.068646173	-0.0484195543	-0.0302335036	0.1123178309	0.0012042168	0.0117687226	-0.0464665567	-0.0165302734	-0.0568381379	-0.0129698277	-0.0940862385	-0.0677989775	0.0293661365	0.0051303873	-0.0352889634	-0.0845869282	-0.0029087493	-0.002940639	-0.0409677329	0.0160420245	-0.0946026085	0.0366783584	-0.0331884165	-0.0202577225	0.0125469237	-0.0004469425	0.0259689619	0.0254831617	0.0023830781	0.0022948986	0.0068889609	-0.025221269	-0.1313427221	-0.0005500146	-0.0281102848	-0.0110215607	-0.0007286771	0.0130269385	0.0138064332	0.0319417459	0.0357501733	0.0037886896	0.0248722814	0.0410006103	0.0112706613	-0.0131042014	0.0248184962	0.0463881831	-0.0507703383	0.0292369662	-0.10957147	0.1142064784	0.0487098586	0.0022533113	-0.0612652379	-0.0689967208	0.0902913128	-0.0956541523	-0.0149233252	-0.0552733373	-0.0125461643	0.0067317948	0.0156332819	-0.0018049472	-0.0361115562	0.0294157983	0.0086185994	0.0234721122	0.0526218435	-0.0227886847	0.0233625826	0.0234723569	0.0240327861	-0.0785596456	-0.0191607377	-0.0130402658	0.0656321087	-0.0530115354	0.0034234699	0.0464746769	-0.0177508832	0.0438400002	-0.0235889962	-0.0470081652	-0.0271750255	0.0265039416	0.0408760988	-0.0540136339	-0.0365660973	-0.064573321	0.087208074	-0.0038200832	-0.084212153	0.0698639202	0.0294209952	-0.0929374951	0.0434657385	0.0	0.038909812190397	0.0100608683323599	0.000101221071601	0.0015139734846919	-0.0246067579709432	0.0222365899097524	0.0006054925378405	0.0004944659308145	0.1922871976694011	0.0091786645267078	8.424788249384448e-05	0.0369743663875513	-0.0077459512363671	0.0003455112716301	5.999976055617701e-05	1.1937803882351717e-07	0.0005951173262064	-0.000185245874949	3.431603418565757e-08	3.541646319510548e-07	-0.0004152011128668	-8.135368743930003e-05	1.723919641258292e-07	6.618422459971323e-09	0.0	0.0	0.0	0.0	0.0	0.0	0.0	0.0	0.0	0.0	0.0	0.0	0.0	0.0	0.0	0.0	0.0	0.0	0.0	0.0	0.0	0.0	0.0	0.0
5180.197925601246	3.801853305340046	14.454088555325033	26834450.548403457	14303.454669345954	-1.8173696664653107	204588815.4780346	3.3028325045882347	4890.4019790122375	-0.1612154118874968	0.0259904090300552	23916031.516326807	6175.470000043068	6572.607266449909	0.984936	27.093092	0.0614350576508858	0.0361830681345794	-0.0487556814	-0.0153385139	0.0528541246	0.0428886438	0.0560487198	-0.0545318701	0.0204189965	0.008665724	-0.0915966205	-0.0248438728	0.0537203387	0.0196971079	0.0567198789	0.0123020926	-0.0288434172	0.0215426864	-0.0473438951	0.0709140968	0.0388289624	-0.0703673932	-0.0746525485	0.0010064042	-0.0151352475	0.0278769224	-0.0049151677	-0.0205636172	-0.0045904501	-0.017608029	-0.0943831576	0.0230488263	0.0949849842	0.0622730519	0.0087915585	-0.0626217704	0.0343160693	0.0376354903	-8.3494e-06	-0.0538424879	0.0351180686	-0.1566036045	0.0911666317	-0.0034656273	0.1005654071	0.0286750205	0.0377154835	0.0164611738	-0.0301428867	0.0317893909	0.0030105717	0.0289046997	0.0023889192	0.0266151111	-0.0724119258	-0.0461582584	-0.0354495355	-0.028993782	-0.0681252693	-0.0087490443	-0.0654788996	0.0791668053	-0.0148117425	-0.0918385143	-0.0755464388	0.0414819436	-0.1159928956	-0.0909869961	-0.0866290505	-0.0060623651	-0.0633450232	-0.0458335274	0.0623198349	0.0669252833	0.0885850431	0.0633483264	-0.0697004658	-0.0864650811	0.143505006	-0.0778949702	0.0654756528	0.1228014507	0.0052767623	0.0050450597	-0.0078886376	-0.0647271532	-0.0640212027	-0.1105839003	0.1616443646	0.0741803217	0.049708406	-0.0290626082	-0.0004767829	0.0640696628	-0.0830012031	0.0076499648	0.0100534632	0.044147101	0.0274271249	-0.0283277624	-0.0222225707	-0.0204752497	0.0084897448	-0.0363937583	-0.0131457163	0.0094600447	-0.0706970441	0.0015702634	-0.083586182	-0.0108480383	0.0865555305	-0.0674287639	-0.0187109921	0.01279437	0.0858867959	0.0168187202	-0.0901311666	0.0072185784	-0.045531316	-0.0275555261	-0.0406853193	0.098842198	-0.0037117718	-0.0287058187	-0.0566121786	0.0358247402	-0.0240881782	-0.029365668	-0.0393563024	0.0222214836	0.0305835149	-0.0301391071	-0.0422940019	0.0102376467	-0.0981697156	-0.0072672586	-0.0085850718	-0.0295550049	0.1025426094	-0.0934754956	0.0744648713	0.1089835094	-0.034538988	0.0540736711	-0.1056658283	-0.0638054522	0.0088932898	-0.0664609533	0.0567182289	-0.0307090842	0.0336832972	-0.0067910372	-0.0033746929	0.019528244	0.0302480921	-0.0032228364	-0.0135057674	-0.0632405358	-0.0158685594	0.0423869172	0.0613350442	0.0164387468	0.0363738804	0.0061182975	-0.0088769435	-0.0035459237	0.0099597153	-0.0277393973	0.0169351078	-0.0600886058	-0.0861452821	0.0151437463	0.0048994944	-0.0377343563	-0.0627116218	0.0884876105	-0.0089024437	-0.0812827579	0.0746855372	0.020838873	-0.0915506825	0.0532541728	0.0	0.0386796348689131	-0.0002301773214839	5.29815993255027e-08	0.0014961141535924	-0.0592036335458203	-0.034596875574877	0.0035050702250277	0.0011969437995435	0.1895846351210863	-0.0027025625483148	7.303844327553796e-06	0.0359423338739954	-0.0075355081977458	0.0002104430386213	5.678388379829416e-05	4.4286272504165966e-08	0.00048497605334	-0.0001101412728664	1.2131099988630796e-08	2.352017723132425e-07	-0.0002576765802303	0.0001575245326365	6.639721999918223e-08	2.481397838234777e-08	0.0	0.0	0.0	0.0	0.0	0.0	0.0	0.0	0.0	0.0	0.0	0.0	0.0	0.0	0.0	0.0	0.0	0.0	0.0	0.0	0.0	0.0	0.0	0.0
5185.191080259745	4.993154658498497	24.931593443685244	26886206.53880522	14366.40724221254	62.95257286658489	206393657.04909688	3963.02643052268	4892.229987377432	1.828008365194364	3.341614583220572	23933914.249394987	6187.499883144929	6589.183891751322	1.001561	27.550413	0.0486052527543419	0.0257143389660115	-0.0337631634	-0.0218919198	-0.1005247264	-0.0543758558	0.0357198253	-0.0266226846	-0.0420046445	-0.0087447827	0.0540780043	-0.0208641202	-0.075380634	-0.0522033706	0.0268379253	-0.0067650187	-0.0119623406	0.0340955346	-0.0021851229	-0.0362498636	0.0237706111	0.0613913391	0.0863860937	-0.0341935109	-0.0373755612	0.0475028638	-0.0257642843	-0.031363284	0.0774323732	-0.0511305197	0.0541543674	-0.026269147	-0.0373529218	-0.0702655984	-0.088586734	-0.012170571	-0.01411482	-0.0247730964	-0.0194877461	-0.0163461453	0.0679256562	-0.0340445832	0.0536133284	0.0740698419	-0.0903656429	-0.004539368	0.0286348075	-0.0258366344	0.095252499	0.1596683171	-0.0054755934	0.1630658194	-0.0730241398	0.008940473	-0.0165306378	0.0996212085	-0.0286852434	-0.0645922277	-0.0060924186	-0.0053359954	-0.0503714791	0.1480452054	-0.1167596873	0.0292355673	0.0265409226	-0.1181759391	0.0220916795	0.0212145221	-0.0394784875	0.0471437286	-0.0020377789	0.1033476736	-0.0115818881	-0.0038505841	0.0022985258	-0.0304271878	0.0764919526	-0.1143725601	0.0864682622	-0.0249470114	0.009611213	0.0969788331	-0.1587334846	-0.0029319761	0.03509912	-0.0762198492	0.0264213063	0.01605447	-0.0603944916	-0.0223159967	0.0340096028	0.0478260198	-0.0228374099	-0.0356341103	0.0412762467	-0.021068344	0.0763731684	0.0186985158	-0.044562433	0.0232815968	0.0682912645	-0.0151018611	-0.0192784267	-0.0152286095	-0.0209131203	0.0147844659	0.0236977779	0.0044156758	0.0451085374	-0.0304478257	0.0300856767	-0.0030053416	0.0156784194	0.0189997737	0.0509670933	-0.0961966183	-0.1429354211	0.0016680972	0.0870869897	0.0394638567	0.031976521	-0.0720122305	0.0609717558	0.1387572971	-0.1667594496	0.0082880041	0.0222508336	-0.0756436897	0.0265152578	0.0199139626	-0.0276447293	-0.0661459515	-0.0996170906	0.1058198358	0.0495398859	-0.0233395872	-0.0015871725	0.028381012	-0.0217069416	-0.0371899028	0.0051669069	0.1341468193	-0.0321723453	0.0202794628	0.0312954687	0.031273248	0.01771053	-0.0229267793	-0.0733944616	-0.0283440563	0.0286552134	-0.0012461533	-0.0142752184	0.0059975526	0.0534487434	0.0013248946	-0.0283788788	0.0001150952	0.0799969468	0.0140257504	-0.0901738001	-0.0534541059	-0.0155243349	0.0194693098	0.0096032424	0.0340197406	-0.0122715333	0.0407334334	-0.0165055519	0.01045335	-0.0497399551	-0.0011288383	-0.0510901309	-0.0388955753	-0.0608031248	0.0896185849	-0.0139582358	-0.0779743851	0.0790058053	0.0120663873	-0.0890717925	0.0622388298	0.0	0.0388503831891284	0.0001707483202153	2.9154988856347995e-08	0.0015093522739421	-0.0357912547131178	0.0234123788327024	0.0012810139139392	0.0005481394826059	0.1799588427555321	-0.0096257923655542	9.265587866476192e-05	0.0323851850859103	-0.0077199826013938	-0.0001844744036479	5.959813136582298e-05	3.403080560128492e-08	0.0004859748237002	9.987703602000486e-07	9.975422324141348e-13	2.361715292704405e-07	-0.0003801300709395	-0.0001224534907092	1.444988708324693e-07	1.4994857386868134e-08	0.0	0.0	0.0	0.0	0.0	0.0	0.0	0.0	0.0	0.0	0.0	0.0	0.0	0.0	0.0	0.0	0.0	0.0	0.0	0.0	0.0	0.0	0.0	0.0
5178.660305441331	-6.530774818414102	42.65101972883175	26818522.5591537	14291.58406638121	-74.82317583132863	204249375.1264413	5598.50764148592	4892.3801856769205	0.150198299488693	0.0225595291692951	23935383.88120414	6177.475399063598	6650.410777274108	1.085136	29.849333	0.0481789744731765	0.0242247322118357	-0.0312160541	-0.0048424793	0.094108162	-0.0142438091	-0.0845760834	0.0037481172	-0.0601859915	0.0504033838	-0.0299017156	0.0687715494	0.0447328036	-0.0436539876	0.0003338209	-0.0143233303	0.02892524	0.0232242288	-0.0253006979	-0.0427209665	0.0435637007	0.0656000041	0.0025565092	0.0788513314	-0.0771116324	-0.1026745867	0.002472708	0.0567184188	0.0125754319	0.010041416	0.0245418784	0.0171041639	-0.0272987616	-0.0701275723	0.0991253181	-0.057210121	-0.0336571703	-0.0159762972	-0.0584336119	-0.0681338514	0.0444270329	-0.1169031876	0.0029428528	-0.0792533968	0.0072234927	0.0133743127	0.0605756577	0.0135490234	-0.0128147577	-0.0113283085	-0.0112946584	-0.0191710677	0.0905701818	-0.036793667	-0.0748798576	0.01295812	-0.0735072013	0.1494836673	-0.0775113569	-0.1364209414	0.105212983	0.0711905542	0.0545320456	-0.013669045	0.0062099498	-0.1465857144	-0.0110032939	0.006748257	0.1587228415	0.0295023408	-0.0045910709	-0.0547424502	0.1055638975	0.0006892201	-0.0650949939	0.0918440055	-0.0246642539	-0.0315839455	-0.0186304668	-0.0372845458	0.0397672905	-0.1857804398	0.0025469078	-0.0594686226	-0.1319981846	-0.0165144496	-0.0293088016	0.0042276679	0.0486448886	-0.0079114703	0.015231645	0.0583489615	0.0114570647	0.0102900489	-0.0197911803	-0.0948305224	-0.0716155391	-0.031911574	0.0672807718	0.0483501501	0.0393137502	0.0178867988	0.0177036911	-0.0291153965	-0.0410118291	-0.040453833	0.0256406037	-0.1051658064	0.0555867765	0.0212490574	-0.0573587948	-0.0370415131	0.0362357985	0.0049495031	0.0600314898	-0.0711539945	0.0546654869	-0.0170148927	-0.0678324189	-0.0011792836	-0.032287958	-0.0216433207	-0.0153313667	0.0666214865	-0.0172150775	-0.0842767813	-0.0946878757	-0.0196547956	-0.0366420685	-0.0376086504	-0.0180734024	-0.0058462915	0.016375573	0.0126136314	-0.0773057136	-0.119209095	-0.017698861	0.0430233075	-0.0016630353	-0.052129074	-0.0505607999	-0.0366640875	-0.0236136915	0.1504090254	0.0968151518	-0.1185192271	-0.1137904488	0.0214075858	-0.0167473971	-0.0213063233	0.028662365	-0.0008715896	0.0327444974	-0.0129354812	0.0505801816	0.0060309512	0.0631555412	0.0182986337	-0.0853731725	-0.0175130239	-0.0148429764	0.0308398718	-0.0546699719	-0.0111322601	0.0244289819	-0.0120745825	-0.0431288175	0.0222542802	-0.0298326604	0.0106837833	0.021399292	0.0441480702	-0.0451322091	-0.0400495376	-0.0588492543	0.0905990982	-0.018972371	-0.0743024598	0.0827957235	0.0031836749	-0.0855303949	0.070284102	0.0	0.0388211689312214	-2.921425790700094e-05	8.534728650567668e-10	0.0015070831571864	-0.0262171210719657	0.0095741336411521	0.0006873374373021	9.16640349786404e-05	0.1696797163557946	-0.0102791263997374	0.0001056604395417	0.0287912061425829	-0.0075354763092582	0.0001845062921355	5.678340320739158e-05	3.4042571837627243e-08	0.0007429730371342	0.0002569982134339	6.60480817082678e-08	5.520089339084173e-07	-0.0002557045730215	0.000124425497918	6.538482866410763e-08	1.5481704532142226e-08	0.0	0.0	0.0	0.0	0.0	0.0	0.0	0.0	0.0	0.0	0.0	0.0	0.0	0.0	0.0	0.0	0.0	0.0	0.0	0.0	0.0	0.0	0.0	0.0
5191.5068387124975	12.846533271166663	165.03341708719205	26951743.25639863	14343.277893379409	51.69382699819835	205729620.72670645	2672.2517497196604	4902.183654505761	9.803468828840778	96.10800107805277	24031404.58250346	6192.31891121491	6603.725511826016	1.102748	30.333799	0.0676187890930458	0.0299375799456394	-0.0145521851	-0.0183730452	0.0129119529	0.0868473752	0.0647727752	-0.0543244428	0.0774609436	-0.0440978173	-0.0426089484	-0.027007992	0.0328339167	0.0451605861	-2.63792e-05	0.0767512905	-0.0396702105	0.0263650098	-0.0385425298	0.0418540574	-0.0591745131	-0.0431234644	-0.077411888	-0.0731337827	0.0193799156	0.0460125583	0.0511953426	0.0119597045	0.0150342013	-0.0012322554	0.0020933369	-0.0455643486	0.0225690845	0.0799868279	0.0084548258	0.0439239334	-0.0420885936	0.0626259144	0.0761224623	0.0491956313	0.0649971231	-0.0249388143	-0.0511132935	0.0522410306	0.0583229945	-0.0242605535	-0.0576171369	-0.0038127527	-0.0968193442	0.0296954795	-0.0178731778	-0.17318949	0.0380612907	-0.0861762524	0.0595682995	-0.0498138013	-0.0703568237	-0.0424622656	-0.0189745327	0.0857205326	0.0815192462	0.0354925452	-0.0814825286	-0.0650872024	-0.028812191	-0.0052929908	-0.0738692119	0.0183491445	0.0768718896	-0.1376137329	0.042536996	0.068040707	0.0424927544	0.1239927387	0.0245909995	0.0680373636	0.0473557603	0.0656603511	0.0415560418	0.03684576	-0.1164803699	0.0780011838	-0.0224898685	-0.0486387245	-0.0228617915	-0.0258674649	-0.0059217858	0.0836676732	-0.0617290126	-0.0224584644	0.0426195939	-0.0930335631	-0.0175909291	-0.0036718877	-0.0442888438	0.064745029	0.0033881684	0.0528766023	-0.0458041673	-0.058811202	-0.0667457174	0.0670877104	0.0009259338	-0.0189132614	-0.0096154527	-0.0054153027	-0.0111646715	0.0051673534	-0.0076984599	0.030425857	0.0191569884	0.0175307894	0.0542222512	0.0755416786	-0.0496325979	0.0365002694	0.0231727936	0.0423733854	-0.014510183	-0.0811619432	-0.097959228	0.0059871938	0.0022348511	-0.0714355617	0.0237717249	0.0369000328	-0.0080934766	0.0230285028	0.0457017806	-0.0454153183	-0.052699233	0.0345160797	-0.0201546145	-0.0682515047	-0.0046833942	-0.0636874613	0.0999497527	0.0907559278	0.1244603939	0.1290338287	0.0057496985	-0.0448564504	0.0852592951	-0.0278331167	0.0352325094	0.1501522299	-0.0570105373	0.0041770052	-0.0208916729	-0.0136175846	0.0238722507	-0.01058487	0.0245010462	0.0684161644	-0.0658731387	0.0347701299	-0.0070940475	-0.0296015779	0.0315215077	-0.0121261937	0.0651541528	-0.0151886042	0.0370394197	0.0192509657	-0.0258727164	-0.0037573507	0.0303537405	-0.0458355651	0.0027592805	-0.117352031	0.0050035989	0.0866647626	0.0068206872	-0.0411960279	-0.0568514682	0.0914275044	-0.0239298853	-0.070284102	0.0860298509	-0.0057281203	-0.0809687338	0.0772685604	0.0	0.0291282128972198	-0.0096929560340016	9.395339667708808e-05	0.0008484527865857	-0.0187203006468905	0.0074968204250751	0.0003504496563099	5.620231648582468e-05	0.1506439153358556	-0.0190358010199389	0.0003623617204707	0.0226935892277164	-0.0076838297883224	-0.0001483534790642	5.904124021591066e-05	2.2008754750452073e-08	0.00097743751076	0.0002344644736258	5.497358939262353e-08	9.553840874407053e-07	-0.0005007508526121	-0.0002450462795906	2.5075141639174506e-07	6.00476791411945e-08	0.0	0.0	0.0	0.0	0.0	0.0	0.0	0.0	0.0	0.0	0.0	0.0	0.0	0.0	0.0	0.0	0.0	0.0	0.0	0.0	0.0	0.0	0.0	0.0
5190.677005514286	-0.8298331982114178	0.6886231368537902	26943127.775574755	14362.134673602764	18.8567802233556	206270912.3827028	355.57816039193483	4902.254501717417	0.0708472116557459	0.005019327399394	24032099.19960868	6198.0854604904025	6640.549589909871	1.043821	28.712873	0.1333452752760352	0.0742668057105344	-0.0118163805	-0.0024816683	-0.0520288295	-0.0102950005	-0.0334349573	-0.0009146765	0.0048937065	-0.0108107884	0.0573036753	0.0161178686	-0.0940156233	0.0063938914	-0.0387732548	-0.0378662657	0.0768047226	0.0352131885	0.0098034243	-0.0866572445	-0.0730334536	0.0309109053	-0.0264590228	-0.0028753159	0.019852006	0.0457139926	-0.0287373209	-0.0165107114	0.0385804828	0.0781274346	-0.0400264704	0.153851114	0.0582603658	0.0178750818	0.0209998136	-0.032672603	-0.0875602713	0.0774029551	-0.0942678526	0.0112903153	0.0427889168	-0.0196849935	0.0369529555	-0.0407720563	-0.0020063811	0.0680809311	-0.0522369432	-0.070187072	-0.1228678136	-0.088805091	0.1174026319	-0.048553909	0.0281580486	-0.088645196	-0.0089751927	-0.0932202743	0.0632789425	0.022747582	0.0621345427	0.0675328032	-0.079932764	0.006331528	-0.0482872706	0.0037500777	0.0278033397	-0.0244527861	-0.0883273673	0.0419247822	0.0176323707	-0.024210397	-0.0602403337	0.0630678074	-0.022512066	-0.0569892813	0.0193296329	-0.0364705443	-0.0699894631	0.000504805	-0.0087403548	-0.0110187707	0.0507492664	-0.116439983	-0.1429666278	-0.0149623356	0.1645245656	0.0499857434	-0.0987018609	0.0461859592	-0.0152217834	-0.0164250843	0.0111473091	0.0002538517	0.0094239164	-0.0612608996	0.1048343051	-0.0259303615	0.0101416849	-0.0076580241	0.0128271548	-0.0786769021	-0.0172295862	-0.0218126273	-0.0171963447	-0.0006781612	0.0424862082	0.0373501589	-0.1046222132	0.0412756043	-0.0397194324	-0.0406047143	0.0517005358	-0.0817503834	0.0433343252	0.0454829603	0.1244855541	-0.0483478178	0.0413342097	0.0294038561	-0.0221462827	-0.0713373934	-0.114044121	0.0077681843	-0.068151558	0.0062385309	0.0716663801	0.0048551258	-0.028448044	0.0266378379	0.1036459649	0.0267108309	0.0345204495	0.0940060297	0.0218789163	-0.028208591	0.0397232964	0.022962543	0.0726604556	-0.036218048	-0.068633263	-0.0110520396	0.0411857517	0.0232282491	0.161402743	-0.0149581166	-0.0168864368	-0.0708653805	0.0037393823	0.0239804018	0.0935940851	-0.019078886	0.0226188845	-0.0070037258	0.0026040988	-0.0083177662	0.019030207	-0.0104781854	-0.0032843993	0.0370127339	0.0219930756	0.0711315794	-0.0229613156	0.0438387693	0.0254285545	0.043447067	-0.0121546999	0.0441577563	-0.0240942946	-0.0040801527	-0.0237488002	-0.0563201796	-0.0618439263	-0.0262225805	-0.0603809374	-0.0423348324	-0.0548112574	0.0921024127	-0.0288159833	-0.0659380473	0.0886864774	-0.0145875891	-0.0754412237	0.0830867868	0.0	0.0288554211721532	-0.0002727917250665	7.441532526481063e-08	0.0008326353310223	-0.0866549441192177	-0.0679346434723272	0.0075090793403047	0.0046151157837122	0.154190547933787	0.0035466325979313	1.2578602784709582e-05	0.0237747250721214	-0.007187501270576	0.0004963285177464	5.166017451453161e-05	2.463419975283388e-07	0.000484931688256	-0.000492505822504	2.425619852003417e-07	2.3515874227481443e-07	-0.0002577610432483	0.0002429898093637	6.644075541645197e-08	5.9044047454655854e-08	0.0	0.0	0.0	0.0	0.0	0.0	0.0	0.0	0.0	0.0	0.0	0.0	0.0	0.0	0.0	0.0	0.0	0.0	0.0	0.0	0.0	0.0	0.0	0.0
5165.132641978724	-25.544363535562297	652.5145084369648	26678595.20923411	14309.480165139224	-52.65450846353997	204761222.59651288	2772.497261537002	4883.407041552064	-18.847460165353368	355.22675468458203	23847664.33348028	6169.486023453919	6598.492981817721	1.017882	27.999348	0.1194923062754091	0.0710260602115882	-0.0202290415	-0.0285594733	0.077252037	-0.0390804985	0.0268804343	-0.0106923508	-0.0539012539	0.0694180867	-0.0358092909	-0.0629508589	-0.021375664	-0.0646951375	0.0644703046	-0.0103574094	0.0467258165	-0.0132611855	-0.0385298138	0.0144284525	0.115572356	-0.0305126766	-0.0352655879	-0.0230598154	-0.0580261325	0.0361472412	-0.0063813355	0.0353564485	-0.0316951844	0.0134794252	0.0251475429	0.015645016	0.0383173785	0.0108136621	0.0183930555	0.066483742	0.0454254593	0.0818910392	-0.0120625913	-0.031249889	-0.0697809694	-0.1460619214	-0.018163104	0.0586768283	0.0563446134	0.0398377432	0.0078398471	-0.0089337995	0.0038173905	0.057718349	-0.0208664786	-0.0673782054	0.0212680506	0.072557774	-0.0492982002	-0.0369967852	-0.0132866283	-0.0638778125	0.1351843086	0.1276702692	0.0392901992	-0.0305723901	0.0282172515	0.0140967222	-0.0370289763	-0.0573292065	0.0445628696	0.0188410241	0.0735320528	0.1158715771	-0.0668355031	0.0167540233	-0.048040667	-0.0605706796	0.0465951963	-0.0099576358	-0.0689195125	-0.1038179934	0.010798154	0.0783496534	0.0939170499	-0.0143306693	0.0054497155	0.0189232722	-0.081957148	0.0938636645	0.0047936262	0.0247102196	-0.0622477543	0.0346527727	0.013465205	0.0609621784	-0.004559444	0.0948647398	-0.0310833305	-0.0388499913	0.0370450069	0.0129672391	0.0113210867	-0.0134714153	-0.0148479882	-0.0065276188	7.27512e-05	-0.036848747	-0.0001077177	-0.0667357695	-0.0038319932	-0.018606397	-0.0671510355	0.0085196274	0.0091745619	-0.0510055965	0.0883343312	0.0113652015	-0.0321600912	-0.0065312262	-0.0443909898	-0.0641252198	0.0829206191	0.0070268406	-0.0057821025	0.1146630677	-0.0011600168	-0.1099626819	-0.0648033048	0.0343304784	0.1305890146	-0.0255497463	0.0541513945	0.01061456	0.0333916393	-0.0872686356	-0.0638033882	-0.0271760892	-0.0659999143	-0.0252655863	0.0076146755	-0.0579323251	-0.0116938512	-0.081706614	0.0885618219	-0.1351344961	-0.0725298538	0.0034040462	0.0241615447	-0.0145405188	0.1173992396	-0.0978969316	0.0329979062	0.0002052737	0.0226088363	0.0057175242	0.0237175208	-0.0063820784	0.0802026189	0.0024488154	0.027883751	-0.0614733039	-0.0378186166	0.0193807451	0.0269792203	-0.013221197	0.002329316	0.0034892684	-0.0009388867	0.0022930501	-0.0749345258	-0.0224786225	0.017524413	-0.0971861202	-0.0072547278	0.0257856322	-0.012379831	-0.0434657385	-0.0527301444	0.0926226898	-0.0336160831	-0.061284559	0.0907477697	-0.0233138	-0.0690138005	0.0876509655	0.0	0.0481568428574803	0.0193014216853271	0.0003725448790748	0.002319081514	-0.0228044169651013	0.0638505271541164	0.0005200414331181	0.0040768898178585	0.1346250070832013	-0.0195655408505857	0.0003828103887759	0.018123892532152	-0.007130968047644	5.653322293199936e-05	5.085070529651969e-05	3.196005295079137e-09	0.0007619207077658	0.0002769890195097	7.672291692900034e-08	5.805231649223376e-07	-0.0002557869539825	1.974089265799957e-06	6.542696582764558e-08	3.897028429346614e-12	0.0	0.0	0.0	0.0	0.0	0.0	0.0	0.0	0.0	0.0	0.0	0.0	0.0	0.0	0.0	0.0	0.0	0.0	0.0	0.0	0.0	0.0	0.0	0.0
5180.767684025019	15.635042046294984	244.45453978941205	26840353.79583796	14334.028258964345	24.548093825120304	205464366.1287884	602.6089104469096	4893.817555224751	10.410513672687555	108.37879492921456	23949450.26382596	6184.176268791022	6562.160744846107	1.213893	33.391125	0.1518587725898145	0.0837510647361295	0.0352603305	-0.0202885178	-0.0958303602	-0.024365042	0.0517041341	0.0111415583	0.0228284018	-0.0412056475	0.0226416964	0.0229854038	-0.0553305678	0.0113607048	0.063101586	0.0986632889	-0.127553112	-0.0292835905	0.0042566169	-0.0014256887	-0.0286824114	0.0661901385	0.0875029981	-0.0329651527	-0.0035863956	-0.0048463075	0.019447772	-0.1376449009	0.0099022846	-0.0062307409	-0.0245100367	0.0088613262	0.0074953245	-0.1018000643	0.062051975	0.1147804707	-0.0753093512	0.0435910711	0.0959489225	0.015542354	0.0765806105	0.1051185654	-0.0512784627	-0.0102772999	-0.1022865111	0.097475701	0.0172321921	-0.097953723	0.0085480587	-0.0070569979	0.0678960807	0.0004356236	0.0772875499	0.0529549913	-0.0023896067	-0.0835651987	0.0051394273	-0.0952562217	-0.0696191753	0.0266418127	0.1130257801	-0.1349264187	0.0461679666	-0.1210151723	0.0411975574	0.0315258882	-0.0359176653	0.0662053226	0.0432021999	-0.0400739039	0.0088718628	-0.058347698	0.0754368976	-0.0308202785	-0.0119077435	0.0334446009	0.1063602897	0.0238308451	0.0292067325	-0.0530747957	-0.0282265097	-0.0520719113	0.0374188963	0.031843673	0.1227840657	-0.0124782068	-0.01463707	0.0531013271	-0.2267401941	-0.1103703284	-0.0205963271	0.0053271091	-0.0239509036	-0.0340201457	0.0001368433	0.0225679337	0.0227845176	0.0310532425	-0.1473051402	0.0435533377	0.0810822647	0.0127420802	0.0375787375	-0.0196740777	-0.0166086416	0.0682113116	-0.0277878122	-0.0257641172	0.0318035096	0.0425537953	-0.0181555423	-0.0652898033	0.0802567562	0.090620829	-0.0406257081	0.1228392992	0.0275167189	-0.006214308	-0.0480300911	0.0396257735	-0.1103470205	-0.1347931638	0.0536039142	-0.0158664278	0.0967538334	-0.0391257691	0.051017115	-0.0403752463	-0.0486823657	0.135372542	-0.0887857619	0.02437266	-0.0373140973	0.0261806008	0.0815506208	0.0836505139	0.0520348551	0.0109645164	-0.0167773649	0.0661632596	-0.0212869682	-0.1314753168	0.1019124293	0.0086242724	-0.0252365564	-0.0067811245	-0.1074217903	-0.0045428167	-0.0746812265	0.023814435	0.0029119339	-0.0208806572	0.0715231578	-0.0072732161	-0.0453781255	0.0231716705	0.0144091995	0.0261246826	0.093267319	-0.0586629717	-0.0649745175	-0.0772595881	0.0361654397	-0.0214050044	-0.0749699383	0.02315129	-0.0565488764	-0.0412667658	-0.0089063983	-0.0813136615	0.0111287769	0.0754953444	-0.0673719285	-0.0445885354	-0.0506096822	0.0929874623	-0.0383158593	-0.0563453339	0.0921998906	-0.031827039	-0.0617631348	0.0908922084	0.0	0.0105494647808086	-0.0376073780766717	0.0014143148858017	0.0001112912071615	-0.0196599811686581	0.0031444357964431	0.0003865148595519	9.887476477953364e-06	0.1063333519458566	-0.0282916551373447	0.0008004177504104	0.0113067817360414	-0.0072103748923722	-7.940684472819946e-05	5.198950608855141e-05	6.305446989688379e-09	0.0018427385162682	0.0010808178085024	1.1681671351759306e-06	3.395685239338328e-06	-0.000751868372339	-0.0004960814183564	5.653060493236971e-07	2.460967736385968e-07	0.0	0.0	0.0	0.0	0.0	0.0	0.0	0.0	0.0	0.0	0.0	0.0	0.0	0.0	0.0	0.0	0.0	0.0	0.0	0.0	0.0	0.0	0.0	0.0
5186.495379138336	5.727695113317168	32.80649131111736	26899734.31782331	14303.284620392627	-30.743638571717383	204583950.93196023	945.1713126283888	4901.501879161465	7.684323936713554	59.04883436434889	24024720.67142337	6192.225215184255	6663.599815931174	1.109257	30.512844	0.0591097752763808	0.03048397952985	0.0263688143	0.010674787	0.0226250575	0.0450953742	-0.0763012908	0.0351108079	0.0558121968	-0.0122393886	-0.0232226923	0.0892944545	-0.0137740092	0.018447042	-0.0684783291	-0.0225399239	0.0326679959	-0.0265131792	-0.0018815391	-0.031908026	-0.1071962598	0.007442375	-0.0331703515	0.055836503	0.0254493593	0.016147172	0.0476853781	0.0628407485	-0.0413335526	0.0098674483	-0.0197508134	-0.0145747808	-0.1152781187	-0.0296551301	-0.1291869093	0.0326870916	-0.060244391	-0.0383228476	0.093063924	0.0553624502	0.0176821169	0.0267227951	-0.1207797831	-0.0448350797	-0.0919888725	-0.2086217464	0.0548757286	-0.0281959004	-0.0675785852	-0.0796012065	-0.0020224375	-0.0226534814	0.0406398927	0.0410861027	0.0810470779	-0.191421256	-0.0026642768	0.0276992245	0.0063053754	0.0694885509	0.0341963872	-0.1766889307	-0.0726608196	0.0620889183	-0.0158110147	-0.0375029979	-0.0068458624	0.032727406	-0.0423645059	-0.0397989812	-0.0540584091	-0.0778043533	0.0439559279	-0.0086370092	-0.0200436089	-0.0535698195	0.0071481281	0.1201897507	0.0517001556	0.0119240548	0.0777178369	-0.0150256359	0.1484588922	-0.0462213915	-0.0130807776	-0.0499497507	-0.010122263	-0.0792012404	0.1337954733	-0.00040169	-0.030336097	-0.0694009461	0.0204197137	-0.0397193095	0.0683739292	-0.0687858423	-0.070275419	-0.0358711555	0.0189417438	-0.053922667	-0.0284519108	-0.0088674023	-0.0491239207	0.0231424731	0.0147392887	0.0582231826	-0.030433654	0.0303640842	0.0357342604	-0.0741247009	0.0100201637	0.0674977861	-0.0090497981	0.1101404945	-0.0345166154	0.190882346	0.0742672775	-0.1299873753	0.0722145449	-0.0878310752	-0.0429849824	0.0013709255	-0.0175960305	0.0648278002	0.0965947479	0.0382822843	-0.0588517179	0.0380395002	-0.0508186542	-0.0632163289	-0.0027443291	0.0914233316	-0.0862061618	-0.1048462323	0.1135934643	0.1111134948	-0.053960983	0.06427777	-0.0048654667	0.0389106833	0.0613603515	-0.0339586298	0.0383178473	-0.0109537918	0.0274776037	0.0216927182	-0.0054497392	-0.0456892405	-0.0059173352	0.0156832857	0.0075086218	-0.0249184131	0.0599763016	-0.0135934517	-0.0576130323	0.0117148414	0.0030139913	0.0579847952	-0.0624215579	0.0283444647	0.0146915712	0.0650052895	0.0180112676	-0.0209433791	-0.0216557388	-0.0062623218	-0.0526309749	0.0100526539	0.044388323	-0.1087167915	0.0635752076	0.0542127586	-0.0312005215	-0.0457030134	-0.0484514532	0.0931961179	-0.042901286	-0.0511434007	0.0930330924	-0.0400495376	-0.0537757173	0.0927615946	0.0	0.0133363364966072	0.0027868717157986	7.766653960318237e-06	0.0001778578711507	-0.0379080482162947	-0.0182480670476365	0.0014370201195689	0.000332991950975	0.1191336354469072	0.0128002835010506	0.0001638472577072	0.0141928230947965	-0.007300956683499	-9.058179112680052e-05	5.330396849432872e-05	8.205060883739318e-09	0.0014950143443661	-0.0003477241719021	1.2091209972500134e-07	2.2350678898603994e-06	-0.000819053469548	-6.718509720900006e-05	6.708485859786166e-07	4.513837286982788e-09	0.0	0.0	0.0	0.0	0.0	0.0	0.0	0.0	0.0	0.0	0.0	0.0	0.0	0.0	0.0	0.0	0.0	0.0	0.0	0.0	0.0	0.0	0.0	0.0
5174.685020852607	-11.810358285729308	139.4845628372949	26777365.06503634	14311.761551294572	8.476930901944797	204826518.7011136	71.85835751634663	4894.899656577552	-6.602222583912408	43.58934304752303	23960042.64796304	6186.585456553736	6582.601854070745	0.984362	27.077303	0.0713936408578807	0.0363872631892902	-0.023439255	-0.0201500646	0.0533900021	-0.0001036833	0.0016673485	-0.0240920522	-0.0079998073	0.0369898246	-0.0597577467	-0.0239887832	-0.011800315	-0.0211963198	0.0385484697	-0.0123550318	0.0281853943	0.0022460848	-0.0229847788	0.0191910226	0.014311458	-0.0324380114	-0.0701246846	-0.0338428287	-0.0396428386	0.0446140864	-0.0031792197	-0.0241131502	0.0050536298	0.0840573395	0.046201555	0.0318983548	0.0347010188	-0.0934351804	-0.0356256371	-0.0080887107	0.0535782264	0.1021852108	-0.0292649785	0.0556911587	0.0567390371	0.0601798164	-0.0560606297	-0.0733617643	0.0567208326	-0.0411518052	0.1447957079	0.0981850178	-0.0619428826	0.0353512561	0.090424867	0.058983928	-0.0342415767	-0.0652436222	-0.0939036294	0.0876158966	-0.0538743924	0.0731274896	0.1098120527	0.0235497622	-0.0243437737	-0.0989867092	0.0521006642	0.0338952572	0.0275151156	0.0521553621	-0.014270689	-0.0537705017	-0.0751331073	-0.1307806937	-0.0038934307	0.1173150431	-0.1794727512	0.0382572701	-0.0014294107	-0.0518464769	-0.0061829555	0.0507737525	0.029507235	-0.0003942873	-0.0188954724	0.0797312642	0.0036554145	0.0183369988	-0.0171870422	-0.0141489915	0.0994000089	0.0505663308	0.1290881482	0.0895953098	0.0143860343	0.0069849793	-0.0048301192	0.0475684624	-0.0065729572	-0.0319936439	0.0341056791	0.0271596711	0.0330035391	-0.0623474261	-0.0259072031	0.0166743456	0.0351080173	0.0249718029	0.0014784704	0.0369213695	0.0072339606	0.0226867327	0.0077696808	-0.0309029308	0.0294623103	-0.0804087368	0.0897138184	0.1402160991	-0.0096961545	0.0177110497	-0.0523834399	0.0893615474	0.0129922603	-0.0465195459	0.0005973014	0.0918460105	-0.0166103395	0.0224959873	0.0159675139	-0.0243246328	-0.0092812062	-0.0500361439	0.1388535519	-0.0161157975	0.0484914013	-0.0611855662	0.1401567662	-0.0398374463	-0.0123843102	0.1087862292	-0.0589300354	0.1030300484	-0.1448916487	-0.0607322697	-0.1115055859	0.0464682605	-0.1435369446	-0.1862257601	-0.0434818118	0.0822626719	0.0086978829	0.0087730756	0.0360362823	0.0042465704	0.0293152621	-0.0124717235	0.0334673289	-0.0341302275	0.0297690453	-0.0117244441	-0.0081446867	-0.0019725881	-0.0497371914	0.0381726315	0.0462312899	-0.0260297698	0.0497017405	-0.0056349349	-0.0120860177	-0.0071485215	-0.0737331327	-0.0131625524	0.0319229216	-0.0169597617	-0.0732236462	-0.0186799497	-0.0542134666	-0.0468089647	-0.0462570678	0.0932483061	-0.0473586783	-0.0457030134	0.093241782	-0.047906183	-0.0451468273	0.0932309089	0.0	0.0221421573012747	0.0088058208046674	7.754248004391495e-05	0.0004902751299543	-0.045714544003232	-0.0078064957869373	0.0020898195334234	6.094137647146987e-05	0.1528199710642681	0.0336863356173608	0.0011347692073254	0.0233539435560837	-0.0070510768355012	0.0002498798479978	4.971768454014162e-05	6.243993843540373e-08	0.0014933050100749	-1.7093342911998852e-06	2.921823719071814e-12	2.2299598531147973e-06	-0.0006487428788587	0.0001703105906893	4.2086732286987394e-07	2.9005697300938284e-08	0.0	0.0	0.0	0.0	0.0	0.0	0.0	0.0	0.0	0.0	0.0	0.0	0.0	0.0	0.0	0.0	0.0	0.0	0.0	0.0	0.0	0.0	0.0	0.0
5185.127830583182	10.44280973057539	109.05227506900006	26885550.61948825	14348.744088666866	36.982537372294246	205886456.92205235	1367.708070493141	4888.766514594387	-6.133141983164933	37.615430585660285	23900038.034219354	6180.46216288002	6608.843099257525	0.951503	26.173429	0.0951389020954535	0.0569374983253649	0.0127110295	-0.0207096566	-0.0383657476	-0.0639464691	0.0906089756	0.0143741876	-0.03854658	0.0098209876	0.036595264	-0.0942379767	-0.0404259398	-0.1073817805	0.0108101924	0.0289864713	-0.0347421791	-0.0289349473	-0.0300462634	-0.0035860687	0.0741567759	0.0110566411	-0.0150447197	-0.0398820145	-0.0458121636	0.0761750859	0.0079405106	-0.0212539116	0.0947435175	-0.0394339864	-0.0532036413	-0.0031212973	-0.0029352272	-0.0545633072	0.0202273024	0.0754062649	0.054469019	0.0439615343	0.0119872205	0.0590629619	0.0464378422	0.0452076355	-0.0220829942	-0.0384466422	0.0505509581	-0.1713536105	0.1222869076	0.1400378806	0.0733347016	0.0221026547	0.047081526	-0.0790353691	-0.0610078046	0.0158094558	-0.0788990459	-0.04997809	-0.0545686159	-0.1376064138	-0.0210465817	0.0864265847	0.0548014066	-0.0277118518	0.0321781192	-0.1292578813	-0.0442350578	0.0001864997	0.0772335305	0.2309040845	-0.0015651862	-0.0131498292	-0.1627798914	-0.0103726272	0.1088776563	0.0139359383	-0.0422974356	-0.0077759576	0.0416826521	-0.0419534881	-0.067439313	0.0459635432	0.1229005484	-0.0014425007	0.0968662741	-0.0458196592	0.0416880839	0.0569844215	0.0832751862	-0.0287415172	-0.0361778393	0.0553350663	-0.004084216	0.0563374513	-0.0054943753	0.060697276	0.007899634	-0.0140906541	0.0908080697	-0.0448083872	-0.0631179425	-0.0146694279	0.0143688043	0.0140300282	0.0477770322	-0.0326777995	-0.0535198197	0.0567201077	0.0184851292	-0.041573388	-0.0037359262	0.064269703	0.0447268503	-0.0377716251	0.033773801	0.0744180659	-0.0502410576	0.1367169031	-0.0194042133	-0.0441293349	0.085183683	-0.0034720337	0.0863512519	0.0473176688	0.1194264277	0.0456306807	-0.0339441607	0.0724229795	0.0390190541	-0.0409419375	-0.0403858679	-0.0514771432	0.0280905807	-0.017864939	0.0534301786	-0.0097541643	0.1098630936	0.0246671673	0.1147468376	0.0611276262	0.008462375	0.0153413033	0.0525920337	-0.1838238368	0.0040503678	-0.0405498342	-0.1443966837	-0.1007492843	0.0114730129	-0.1162283921	0.0199192104	0.0180891775	0.012480671	-0.0052645543	0.0387326356	-0.0324755249	0.0287822054	0.0166837555	-0.0215087967	-0.0188033205	0.046970419	-0.0184684403	-0.0365513494	-0.111969907	0.0440696002	-0.0212876499	-0.0249074669	0.0141704967	-0.1008288248	0.0279347684	0.071987956	-0.0248083189	0.0199975133	0.0502112653	-0.0262866923	-0.047906183	-0.0440281638	0.0931439394	-0.0516747337	-0.0400495376	0.0928245585	-0.0553252047	-0.0359793958	0.0922930681	0.0	0.0189879009728173	-0.0031542563284573	9.949332985613544e-06	0.0003605403833535	0.0090601577135487	0.0547747017167807	8.208645779437602e-05	0.0030002679481622	0.1423674220903876	-0.0104525489738804	0.0001092557800513	0.0202684828726625	-0.0074800134985274	-0.0004289366630261	5.595060193815211e-05	1.839866608880514e-07	0.0014943383293237	1.0333192488000322e-06	1.0677486699406629e-12	2.233047042485947e-06	-0.0007539207981104	-0.0001051779192516	5.683965698234225e-07	1.1062394698117115e-08	0.0	0.0	0.0	0.0	0.0	0.0	0.0	0.0	0.0	0.0	0.0	0.0	0.0	0.0	0.0	0.0	0.0	0.0	0.0	0.0	0.0	0.0	0.0	0.0
5179.1822342387	-5.945596344481601	35.35011589151297	26823928.615453776	14316.38467986278	-32.35940880408634	204958870.30180973	1047.1313381499806	4891.231864202136	2.4653496077489763	6.077948688428031	23924149.149386305	6181.153049691904	6635.6888241210745	1.048846	28.851101	0.1010892776348877	0.0467028384806771	0.0157122228	-0.0069233606	-0.0356570139	-0.0196395845	-0.1096172193	0.0186983559	-0.0122801202	0.000288895	-0.0106368132	0.0738516147	0.0312635217	-0.0692197065	-0.0412318656	0.0113253252	-0.0245223372	-0.0394809809	-0.0269643904	-0.0147207539	0.008265934	0.1056082452	0.0292547081	0.0897482264	-0.029104944	-0.0657680245	0.0865364573	-0.0343739156	0.0210276205	-0.0222951516	0.0539203811	-0.0080095884	0.0393090069	-0.057466142	0.0006516405	0.0427119636	0.0598793511	-0.0049292677	0.0465526054	0.0418326195	0.0182970107	0.0393070068	0.0121588915	0.0103639187	-0.0707725141	0.0226239713	-0.0730958372	-0.1110181374	0.0758776651	0.0503436998	0.0177192082	-0.0006711531	0.0046746218	-0.0936508485	0.0826899369	0.0900831584	-0.0288244943	-0.1576325378	0.0084184571	-0.0140291893	-0.04233217	-0.0302067444	0.1375588201	0.0676618768	-0.0867312954	-0.0057832391	-0.0625425994	0.0915544862	-0.0661377767	0.0020192641	0.0431612475	0.0820924418	0.0895676161	0.0214624368	0.1009529278	0.0490239932	-0.0824242901	-0.0397827346	-0.0808213607	0.1067248178	0.0101345602	0.0265469564	0.0427873834	0.0721961598	0.0644153264	0.0389886102	0.0726476357	-0.0319853457	0.0427851314	0.0831130835	-0.0259121502	-0.0056470094	-0.0023385551	-0.0284661936	-0.0084748577	-0.0904568139	-0.0617981625	-0.0794222869	-0.0538290457	0.0504708339	0.0533712343	0.019241169	0.0078410319	-0.0262331291	-0.0110195035	0.0185243558	0.0680386384	-0.0011838373	-0.0347529345	0.0627734237	-0.0529210404	-0.0167312903	0.0294488533	0.0179405084	-0.1362799297	-0.0283520766	-0.0072562385	0.0216087422	0.099060884	0.0845368338	-0.0732330975	-0.003460912	0.1195580273	0.0147254817	0.0059653194	0.0601553094	-0.0119187685	0.0725239648	0.0116148624	0.087770391	0.0068823577	-0.0650021492	-0.027466164	0.0723988211	-0.0095622513	-0.0753668554	-0.0494903945	-0.0035712641	0.0049628295	0.0336774305	-0.0459054474	0.0779795642	0.0775790212	-0.0242053564	-0.0908997095	0.0887223777	0.0041348686	-0.1716825351	-0.0456716556	0.0128228996	0.0153621337	-0.0045136068	0.0315859949	0.0050760716	-0.0644656578	0.0189731915	0.0627749973	0.0605474837	-0.005512553	-0.001721854	-0.0915296255	0.0098384578	-0.0267156481	0.029773756	0.0053460964	0.0210069067	-0.0738370451	0.0144582747	-0.0279522196	-0.0385817948	0.0531284633	0.0117291701	-0.0321871679	-0.0489944635	-0.0417664042	0.092883193	-0.0558365714	-0.0342093323	0.0917842227	-0.0622388298	-0.0263827782	0.0899622271	0.0	0.0244264150604323	0.005438514087615	2.9577435481186825e-05	0.0005966497527045	-0.0229750842512856	-0.0320352419648343	0.0005278544963536	0.0010262567277454	0.1528014574219511	0.0104340353315634	0.0001088690933003	0.0233482853902723	-0.0070962656306191	0.0003837478679082	5.03569859003059e-05	1.4726242612416552e-07	0.0009452239914711	-0.0005491143378526	3.015265560352994e-07	8.934483940525582e-07	-0.0006231532788538	0.0001307675192566	3.883200089462418e-07	1.7100144092525257e-08	0.0	0.0	0.0	0.0	0.0	0.0	0.0	0.0	0.0	0.0	0.0	0.0	0.0	0.0	0.0	0.0	0.0	0.0	0.0	0.0	0.0	0.0	0.0	0.0
5199.837621361741	20.655387123040786	426.64501720267896	27038311.28852893	14307.489701021635	-8.89497884114462	204704261.54484016	79.1206485844105	4899.536826627035	8.304962424898804	68.97240087898102	24005461.11547452	6178.954204992528	6664.072995879783	1.017895	27.999712	0.0434946733519547	0.0281885820038342	0.0068385755	0.0011335206	0.0661881714	0.053617858	-0.0198115497	0.0042893613	0.0482891154	0.0071984035	-0.0597742229	0.0237020974	0.0546690576	0.0302531216	-0.0255966233	-0.107954383	-0.0355312276	-0.0086831958	-0.032804664	0.0159774718	-0.0414594724	-0.0097158471	-0.0715506061	-0.011076735	0.0120830851	-0.0908309838	0.0260095418	0.0121530931	-0.0014374429	-0.0239518928	0.0320616394	-0.0262510491	-0.0263272745	-0.0837578626	-0.0131060622	0.0276717076	0.0409523902	0.102828499	-0.0066225125	-0.0134204932	-0.0215024298	0.0102389998	0.0118803715	-0.0187683392	0.1007972973	-0.0259351752	-0.0149527006	0.1019601282	-0.0667354769	0.1006604831	0.0137677574	0.0772947815	0.0057912424	-0.0539909463	0.0107072293	-0.0030523827	0.0814910258	0.1215501464	0.0242692813	-0.0113770247	-0.0298408274	0.125385583	-0.000344115	0.1160897931	-0.0223948685	0.1134596733	-0.07987645	-0.0138001823	-0.0220648848	0.0576592908	-0.0819136785	0.0150876736	0.0196429362	-0.0083071999	0.0334165223	-0.0258845019	-0.0005917839	-0.032330332	-0.076728671	-0.1031220576	-0.0516794528	0.0648128616	0.0563834842	-0.1029751307	-0.0381386032	-0.0475844867	-0.0139708565	0.0455773531	-0.1195632526	-0.178340963	-0.003717435	-0.0458490747	0.0032716581	0.0218134568	-0.0543232514	0.0251424266	-0.0832276594	-0.0461831986	0.0480935182	0.0622433062	0.0117094327	0.0449425899	0.0080945612	0.0062305097	-0.048752126	-0.0017492724	-0.0202460796	-0.0308756689	0.0604469125	-0.026920667	0.0057848296	-0.0652283662	0.077597252	0.0914046307	-0.0425943266	-0.0495376562	0.0117247964	0.0508787495	-0.0147153348	0.0136180354	0.0658800807	0.1111701876	0.0208187994	-0.0506128896	-0.0613518538	-0.0937954403	-0.0899555403	-0.0587500726	-0.0094938544	-0.0566510949	0.0956369909	0.034780799	-0.0117204348	-0.0930448967	0.0204617502	-0.0133836658	-0.0373886433	0.0236409445	-0.006925084	-0.009110951	-0.0303855752	0.1153671639	0.1050110866	-0.0569924126	0.0916360265	0.0245072927	0.0084718122	-0.0227956778	0.0415380637	0.0149663483	0.0084025604	-0.0079585183	0.0109580419	0.024275343	-0.0133391154	-0.0131961306	0.0202675249	-0.0030357667	-0.0434795157	0.0549004021	0.0125943508	0.0569247367	0.0150623668	0.071372438	-0.0050402266	-0.0273594595	-0.0466916536	0.0706749625	-0.0636782096	0.0209011712	0.0018403906	0.0306131815	-0.0453143799	-0.0500736032	-0.039473477	0.0924665046	-0.0598317709	-0.0282096273	0.090127758	-0.0685839023	-0.0164714492	0.0862735657	0.0	0.0402253719247056	0.0157989568642732	0.0002496070379991	0.0016180805464808	-0.0332622065364915	-0.0102871222852059	0.0011063743836762	0.0001058248849107	0.1529915479623866	0.0001900905404355	3.6134413563062664e-08	0.0234064137479272	-0.0070969261967967	-6.605661776000124e-07	5.036636144277928e-05	4.363476749890912e-13	0.0009430104132339	-2.213578237200025e-06	4.899928612205571e-12	8.892686394675708e-07	-0.0002816573500278	0.000341495928826	7.933086282468263e-08	1.1661946940473245e-07	0.0	0.0	0.0	0.0	0.0	0.0	0.0	0.0	0.0	0.0	0.0	0.0	0.0	0.0	0.0	0.0	0.0	0.0	0.0	0.0	0.0	0.0	0.0	0.0
5195.321773218604	-4.515848143137191	20.392884451875616	26991368.3272793	14366.759815079127	59.27011405749181	206403787.58417243	3512.9464203880884	4899.117226615331	-0.4196000117044605	0.1760641698223833	24001349.60011909	6196.008078039941	6694.146155625558	0.978155	26.906557	0.051683466473773	0.0224070556994865	0.0301627691	-0.0173439016	-0.0143538146	0.0020302056	0.0637646312	0.0157644118	0.0021357492	-0.0197093308	0.0342107501	-0.0626764721	-0.0347134702	0.0036508955	-0.0005906875	-0.0144189674	0.0913452088	-0.0154161674	0.014968391	-0.053453022	-0.0648186362	-0.0001210235	-0.0851344318	-0.0438024601	-0.0076693489	0.0635947572	-0.0062156268	-0.0014422159	-0.060315506	-0.0278473143	-0.0408146718	-0.0061285419	0.0559895761	-0.0774182273	0.0234890212	-0.0177504154	0.0221944988	0.0293057444	-0.0840698955	-0.051393077	-0.073620488	-0.0135882137	0.0727265908	0.0802539963	-0.1519540166	0.0136771005	0.1024553788	-0.0011210919	0.0254284194	-0.0125337895	0.0461700951	-0.0052278836	0.0362287738	0.10432	-0.0634377103	-0.0292326893	-0.1359648617	-3.08573e-05	0.0334030408	0.0240641528	-0.031389593	-0.0136014968	-0.063438366	0.1673056278	0.0075841894	0.0297966441	-0.0209864605	0.0010454927	-0.1262703761	0.0733571592	-0.0052882763	0.0496406699	-0.0926123265	-0.0020058061	0.0069246641	-0.0545864231	-0.0601476027	-0.034420961	0.0232970651	-0.0079223737	-0.0530986963	-0.0878216772	-0.0304211395	-0.1004564098	0.0288052375	-0.0005501845	0.0430937421	0.0188496156	0.0798523248	-0.0163705218	-0.0174052084	-0.0055994498	-0.0066987441	0.0029336949	0.0806310392	0.0307107864	0.031640594	-0.0010025535	0.0213641208	-0.0677445061	-0.0300730327	0.0299700997	0.0293362744	0.0026413535	-0.0137567733	-0.0165730114	-0.0709412156	-0.0490441503	0.0417219073	-0.0491341689	0.1120110988	-0.0008095851	0.0527028545	0.0238594483	0.0032615664	-0.0185062119	-0.0199324003	-0.114623687	0.0204893705	0.0046722145	0.062507494	-0.0236082629	-0.0900341732	0.0483843083	0.0178675815	0.1536833961	0.0392785602	-0.1002810804	-0.0531987061	0.0016126742	-0.0454893157	-0.0322366357	0.1188868453	0.0467962046	-0.0217169046	-0.0134466988	-0.0412129967	-0.0121296362	-0.0797287187	-0.1196669201	0.0355273999	0.0817419287	0.0107053752	0.0781780076	0.1214299635	0.1234867564	0.0968589788	-0.053916366	0.0622429079	0.0235346425	0.0134286613	0.0010660944	0.0037505956	0.0008264186	0.0251259378	-0.0050408318	0.0131742958	-0.0403240436	0.0364273758	0.0503056414	-0.0027447966	-0.038068052	0.0649641295	0.0857347648	-6.58847e-05	0.0172305385	-0.0523480858	0.0537192908	-0.013216799	-0.0441138044	0.0537554477	0.0989462011	0.0041648455	-0.0511434007	-0.0371510932	0.0918945739	-0.0636484088	-0.0220783961	0.087866284	-0.0743024598	-0.0063636379	0.0812827579	0.0	0.0436693830557857	0.0034440111310801	1.1861212671003645e-05	0.0019070150164729	-0.0428506869826463	-0.0095884804461547	0.0018361813748847	9.19389572662929e-05	0.1595336638808646	0.006542115918478	4.279928069080328e-05	0.0254509899112526	-0.0068550483144035	0.0002418778823932	4.699168739280626e-05	5.8504909991019066e-08	0.0007976005799243	-0.0001454098333096	2.1144019623125664e-08	6.361666850955796e-07	-2.676788616939787e-05	0.0002548894638584	7.165197299778417e-10	6.496863878602368e-08	0.0	0.0	0.0	0.0	0.0	0.0	0.0	0.0	0.0	0.0	0.0	0.0	0.0	0.0	0.0	0.0	0.0	0.0	0.0	0.0	0.0	0.0	0.0	0.0
5171.045962801465	-24.275810417138928	589.3149714088709	26739716.34940533	14328.604739458133	-38.15507562099447	205308913.77962208	1455.8097956438062	4891.604765588425	-7.512461026905839	56.43707068077914	23927797.18272739	6182.489678901244	6607.04920363138	1.085745	29.866098	0.0831883307139849	0.0445305977254723	-0.0089745547	-0.0117122147	-0.0259840911	-0.0947930221	-0.1006910437	0.0197574853	-0.074210227	0.0242151577	0.0238944231	0.0671497032	-0.0480677209	-0.0770292009	0.0082709297	-0.0154707335	0.0376720001	-0.0106679155	0.0111464034	-0.0614247358	0.0502993661	0.0743516808	0.0201101478	0.0214897548	-0.0626164595	-0.0309421017	0.0267880347	0.0920889049	-0.0083815914	-0.0083113579	0.0121388559	0.0466742804	0.0697053342	0.0381515514	0.0214939279	-0.0875077765	0.0080187612	0.0187646606	-0.0253243093	0.1250085393	-0.0227991842	0.0756241508	-0.023136576	0.0802876579	-0.0672938855	-0.0176638445	-0.1404020992	0.0040970785	-0.0656420515	0.0092858368	0.0547996125	0.0850594168	0.0635108591	0.1080633443	-0.0416452097	0.0670293151	0.0337166185	0.0102247695	-0.0704715407	-0.0168460092	-0.0685702185	-0.0320366691	-0.0131887853	-0.0077330331	0.0067017776	0.017557266	-0.0098040257	0.0031517334	-0.0067019092	0.072398171	-0.0189562332	-0.0636994265	-0.0482479565	0.0406372153	-0.0423089306	-0.0720404384	0.1178967155	0.0820112482	0.1127158377	-0.0916995703	0.0458344819	-0.0461994498	0.0184173819	0.0394064524	-0.038829923	-0.0145521566	-0.001956018	-0.0564627086	0.0090653777	0.0685004381	-0.0231067168	0.0800587666	-0.006243262	-0.0089838952	0.0748508183	-0.0963278613	0.0265156883	-0.0375188991	0.0295936009	0.0338670034	0.0380043372	0.0009969488	-0.0176212582	-0.0138443443	0.0027874085	-0.0744365854	0.0573392604	0.0030854375	-0.0435569791	0.0610385693	-0.0310178924	-0.0246419936	-0.0269065454	0.0075378062	-0.1106554621	0.0030634368	0.064461466	0.0427513297	0.0531659809	-0.0758210766	-0.0298308963	-0.0977138893	-0.1012551077	-0.055853824	-0.0256797294	0.0531746319	-0.0715841295	0.0175696696	-0.0006307845	0.1258911451	0.1007721259	-0.0445631677	0.0458578869	0.0234626815	-0.0163166453	0.0366190583	-0.0894166173	-0.0463135344	0.0790840106	-0.0131344442	0.0313396114	0.022158465	-0.0259695164	-0.0188662247	0.0380592203	-0.0241997218	0.0631705853	0.0701969809	-0.1055992758	0.0061931478	0.0245637473	0.0148728612	-0.0033501586	-0.0328404536	0.0521474911	-0.0120364582	0.0441414037	0.0444803694	-0.0201698683	0.008981933	-0.0852835508	-0.0178598171	-0.0610312747	0.0467128547	0.0701240601	-0.0052106559	-0.1306317906	-0.0143620557	0.0488444228	-0.0091303084	0.0201808181	-0.0088264525	0.0336502647	-0.0522036565	-0.0348009859	0.091168361	-0.0672750948	-0.0158442251	0.0850149816	-0.0793422632	0.0038200832	0.0750651311	0.0	0.04243803400837	-0.0012313490474157	1.5162204765715591e-06	0.0018009867304955	-0.0164935167015443	0.0263571702811019	0.0002720360931841	0.000694700425227	0.1887810326477321	0.0292473687668675	0.0008554085797851	0.035638278287544	-0.0071790234963843	-0.0003239751819808	5.153837836163785e-05	1.0495991853949249e-07	0.0009413210648645	0.0001437204849402	2.0655577791446272e-08	8.860853471576362e-07	-8.612107162039211e-05	-5.935318545099424e-05	7.4168389770447085e-09	3.5228006231801142e-09	0.0	0.0	0.0	0.0	0.0	0.0	0.0	0.0	0.0	0.0	0.0	0.0	0.0	0.0	0.0	0.0	0.0	0.0	0.0	0.0	0.0	0.0	0.0	0.0
5183.649780277634	12.603817476168842	158.85621497257912	26870225.04457236	14322.2672657502	-6.337473707932077	205127339.63157973	40.163572998730345	4894.11726999779	2.512504409364737	6.312678407077248	23952383.85249062	6182.869354147107	6613.135642627282	1.152083	31.690876	0.0995203721399461	0.0492023544580443	-0.0114759508	-0.0165493665	0.1099698592	0.0560202953	-0.0160788643	-0.0300006627	0.0378116372	-0.0095051272	-0.0862962623	0.0032939337	0.0496998299	-0.0082330379	0.0384150904	0.054159304	-0.0118406974	-0.0143568532	-0.0675618604	0.0596011027	0.0342644741	-0.0490695746	-0.0126110023	-0.0579247195	0.0113759195	-0.0183920378	0.0554958018	0.0095186362	0.0366319424	0.010477081	0.0134900775	0.0003640569	-0.0153289212	0.0860837888	0.0231056289	-0.0144568841	-0.0193642216	0.0371589697	-0.0424110678	0.0015282187	-0.059361471	-0.0277729548	0.0400516251	-0.0905737029	-0.0639476099	0.0222871576	-0.095935773	-0.0283233755	0.0403646516	-0.0375056066	-0.0362989354	0.1205097262	-0.0915858312	-0.0060381716	-0.0648883018	0.0489324827	0.033010709	0.0124206662	0.008996471	-0.0396528431	-0.0309687261	-0.0959247702	-0.1569812934	0.0534577972	-0.0088463435	-0.0144618155	0.0656868271	-0.0036350514	0.0690785912	0.0349341771	0.0659909564	-0.0254989635	0.1818811812	0.0136225496	0.0045753085	-0.0012877285	-0.0541058846	-0.1705528449	0.1548911657	0.0726013384	-0.0862595315	0.0378775696	-0.0187459657	-0.0534682758	-0.0541002483	0.1510275691	0.0210835649	0.2192391337	0.0125808927	0.0524349329	0.0176774331	-0.0385396494	-0.0316158727	0.047847639	-0.1194994749	-0.0263960577	-0.0056091317	0.0236905191	-0.0038885495	-0.0461373432	-0.0026382556	0.0399491979	-0.0142714824	0.0522183798	-0.0016168288	-0.0085325865	-0.029339824	0.0052704225	-0.0177251859	-0.0341567744	0.0579998838	0.0731740788	-0.0282623935	-0.0405242216	0.060623176	-0.1020302341	0.0759422741	0.0724098365	-0.0579373875	0.0043909876	0.0271197937	0.0185296516	-0.0497475667	0.0169407105	0.0713176493	-0.0245942073	0.0495617946	-0.0084481553	0.0606181101	0.0521675841	0.0182438695	-0.0587352919	-0.1159931195	0.0990127748	0.011397964	0.0308463616	0.0562164188	-0.0601784776	-0.0959423943	-0.0424391771	0.0761557807	0.049454752	0.0232881274	0.1213640612	-0.037100544	0.0838568611	0.0329720571	0.0482042946	0.0712132134	0.0068832021	0.0420255227	-0.0070726033	0.0148101971	0.0372961038	-0.0746319718	0.0264573974	0.0894021746	-0.0486551578	-0.0725966602	-0.016849892	0.1085218583	-0.0022020636	0.0258466544	0.0826534599	0.014126099	-0.0506351167	-0.0213196344	-0.055319277	-0.0074479447	0.0314383597	-0.0399737914	-0.0075783606	0.0656358516	-0.0532541728	-0.0324249087	0.0902890852	-0.0707010056	-0.0095361811	0.0815929909	-0.0836572738	0.0139582358	0.0677145291	0.0	0.0381405973024158	-0.0042974367059542	1.846796224168248e-05	0.001454705162585	-0.0426187613145572	-0.0261252446130128	0.0018163588159871	0.0006825284060897	0.2313117197148457	0.0425306870671136	0.0018088593424007	0.0535051116774393	-0.0069290837733464	0.0002499397230378	4.801220193805238e-05	6.246986515226205e-08	0.0010858385329433	0.0001445174680787	2.0885298579906963e-08	1.179045319624458e-06	5.076181234021622e-05	0.0001368828839606	2.576761592063328e-09	1.873692392137337e-08	0.0	0.0	0.0	0.0	0.0	0.0	0.0	0.0	0.0	0.0	0.0	0.0	0.0	0.0	0.0	0.0	0.0	0.0	0.0	0.0	0.0	0.0	0.0	0.0
5184.832055429374	1.182275151740214	1.3977745344223458	26882483.443007987	14374.786116536456	52.51885078625492	206634475.89616925	2758.2296879089085	4895.107208112256	0.9899381144659856	0.9799774704724707	23962074.578912564	6187.1141260855775	6574.976559376928	1.206779	33.195427	0.0662597522461138	0.0317741939906616	-0.0426827397	-0.0514337052	-0.0641090794	0.0073644294	0.0613470566	-0.0538815761	-0.0134026336	-0.0322256153	0.0017963527	-0.0519146041	0.0067628904	0.0175066867	-0.0034119547	-0.0259844362	0.0342235652	0.0246119112	-0.0269101939	-0.0169483024	-0.0145889772	-0.0524679416	0.0350870861	-0.020751551	0.0175120011	-0.0046432246	-0.1401824929	0.1123825256	0.0187780466	-0.0978317266	-0.02805209	0.0681622408	-0.0482534361	0.0520838755	-0.0582300986	-0.0474109448	-0.0333647176	-0.020705561	0.0003103667	-0.0104873656	-0.0011116513	-0.0489116886	0.0371533386	0.052394524	0.0853574053	0.1036114401	-0.0457033219	-0.0839450414	0.0753709278	0.0481936952	-0.051362272	-0.0071004013	0.022763489	-0.0299018203	0.1232516567	0.0019638444	0.1843462157	0.1369847139	0.0242841529	0.0839158908	0.067230787	0.1232338516	0.0169991414	0.0068055162	0.0164545556	0.0160036421	-0.0277317681	-0.0108445866	-0.0764789235	-0.0577811765	-0.027088568	-0.0133209448	-0.0409232153	-0.1273657948	-0.1390854312	0.0854814525	0.0241121733	-0.0175916936	0.0216030871	0.0791022933	-0.1294507935	-0.0057090816	0.0289608007	0.0781657495	0.0903210603	0.0198310723	0.0953065047	-0.0064672897	-0.0340281703	0.0414219307	0.0494483623	-0.0103045606	-0.0210559009	0.0132792448	0.0658037117	0.0418279833	0.0516316899	-0.0098341628	0.0518580864	-0.006932854	0.0791316579	-0.0756350472	-0.0090513198	0.0299904836	-0.0146830786	-0.1101172347	-0.0149820176	0.0122367158	0.0485851395	-0.168132627	-0.0455628205	0.0225055276	-0.1023501671	-0.1567553617	-0.0744349169	-0.128703665	0.0497873331	0.0180070889	-0.0301628942	0.0026270524	-0.0969009508	-0.0474482054	0.0155258163	-0.052278298	-0.103383578	-0.0815709845	-0.0468714237	0.0274243552	-0.0728740869	-0.0409029899	0.0622595358	0.0689638781	-0.0417059805	-0.1068586282	-0.039829521	0.0638384486	0.0703217096	-0.0684305709	0.0174000845	0.0447559631	0.0442736571	-0.0273892491	0.0455557249	-0.0232513927	0.0170869091	0.036028828	-0.0203575709	0.0325924031	0.07465353	-0.0214166215	0.0376393173	0.0192746282	-0.0765626947	0.0044875489	0.0530839851	-0.0447127164	-0.1067286879	-0.0036975152	0.0678535023	0.0189466229	0.0453992948	0.0239850599	0.0107547397	-0.055874084	0.0494395672	0.0852486812	0.0109635326	-0.0513812463	0.0781631364	0.1136811906	0.0803909919	-0.0794559641	-0.0221641639	-0.0542947536	-0.0300246349	0.0892582227	-0.0739159167	-0.0031836749	0.077623283	-0.087208074	0.0239298853	0.0593418965	0.0	0.0418125781013429	0.0036719807989271	1.3483442987689328e-05	0.0017482916874809	-0.0573016255528671	-0.0146828642383099	0.0032834762910009	0.0002155865022406	0.2583350649549203	0.0270233452400746	0.0007302611879642	0.0667370057852629	-0.006658073945479	0.0002710098278673	4.43299486634663e-05	7.344632680071758e-08	0.0009403465001625	-0.0001454920327808	2.1167931602689382e-08	8.842515403678625e-07	4.963243361237081e-05	-1.1293787278454127e-06	2.4633784662863956e-09	1.275496310909723e-12	0.0	0.0	0.0	0.0	0.0	0.0	0.0	0.0	0.0	0.0	0.0	0.0	0.0	0.0	0.0	0.0	0.0	0.0	0.0	0.0	0.0	0.0	0.0	0.0
5180.532419139795	-4.299636289579212	18.48687222266649	26837916.145758417	14306.513988005809	-68.27212853064702	204676342.48900583	4661.083534105187	4893.617852359031	-1.489355753225027	2.2181805596644875	23947495.684927013	6177.112088675536	6621.6432881812525	1.025452	28.207577	0.1477969527830609	0.0707056921231382	-0.0437822207	-0.0224113884	0.0445687993	-0.0609143334	-0.0902507329	-0.0327133371	-0.0697805397	0.0332187614	-0.0404162732	0.0629811008	-0.012774119	0.0829327826	0.0461057513	-0.0332860139	0.0513612398	0.0233975223	-0.0309981542	-0.0611077419	0.0559235216	0.0130219439	0.0487736725	0.0468488405	-0.060013154	-0.0927524797	-0.024957548	-0.0106456821	0.003424319	-0.0208157265	0.0536300716	0.0271874588	-0.0920626539	0.0500458794	-0.0143131892	-0.005330626	0.0023552649	-0.0192297877	0.0601083104	-0.1011796475	0.0285310277	0.0282524941	0.03873084	-0.0730025785	0.0690740023	-0.0430911771	0.0484652061	0.0511893558	0.0888633237	-0.0500257006	0.0937699206	-0.0463994912	-0.0106894024	-0.0234466086	0.0887227261	-0.1732920833	0.0589470325	0.0419077911	-0.0576427771	-0.0377655653	0.0644179643	-0.0242025467	-0.0215360889	-0.0428826741	-0.0264674061	0.0938880113	0.1944403415	0.0298988522	0.08668645	0.021794528	0.1596691662	0.0580242577	-0.1004771643	0.0876735233	-0.1019036929	-0.0517917327	0.1019206304	-0.016739808	-0.1291289936	-0.0321806766	0.1271237868	-0.0140221266	-0.0290725696	0.0148350338	0.0252949785	-0.0642408514	-0.0705430466	-0.1316545614	-0.0629431183	-0.0105107277	0.0253580163	0.0539596223	-0.0528771633	-0.0177066936	-0.0006342728	-0.0157181747	-0.0887775768	0.0859801365	0.0465327398	0.0419150312	0.0237229881	-0.0345615154	0.0080942345	-0.0047803342	0.0190803547	-0.0514382015	0.0513461477	0.0562969988	-0.0116041516	-0.0148547753	0.0199581683	-0.0095228042	-0.0467439157	-0.0014669021	0.0771280657	0.1256560696	0.0078222353	-0.0759415528	-0.0498121588	0.0796233799	0.0098554115	0.0038416218	0.099667793	0.007547467	0.0030823146	-0.0282913861	-0.1042544539	-0.017138685	-0.039011927	-0.023227186	-0.0779197059	0.1108239541	0.0662095826	-0.0577434216	0.137092612	0.0211762488	0.0270120292	-0.0589385915	-0.0113516448	0.1160741093	0.0208602889	-0.2110906634	-0.0426044689	-0.0662765544	-0.016808113	0.0191685652	-0.0223584482	0.1607765845	-0.0133462769	-0.0067141081	0.0213983331	0.0193651487	-0.0413460951	-0.0645449512	0.062210052	-0.0388822496	-0.0582962789	0.0736703534	-0.0373826946	-0.0414789224	0.0155684994	0.0438224107	-0.0565772226	-0.1639117348	0.0853552252	-0.017059033	0.0669985776	-0.1032301063	0.0693318594	-0.0095175919	0.0829960818	-0.0089291985	0.0659077717	-0.0553252047	-0.0276019556	0.0880775042	-0.0769102337	0.0031836749	0.0731325059	-0.0899622271	0.0336160831	0.0500736032	0.0	0.0022416361461097	-0.0395709419552332	0.0015658594472244	5.0249326115455474e-06	-0.0283622546540556	0.0289393708988115	0.0008044174890614	0.0008374871880189	0.2363364278638826	-0.0219986370910377	0.0004839400338631	0.0558549071354601	-0.0067632400881899	-0.0001051661427108	4.574141649049893e-05	1.1059917572689345e-08	0.0015144253563501	0.0005740788561876	3.295665331216633e-07	2.293484159956128e-06	-0.0004168826242487	-0.000466515057861	1.737911224004828e-07	2.176362992111183e-07	0.0	0.0	0.0	0.0	0.0	0.0	0.0	0.0	0.0	0.0	0.0	0.0	0.0	0.0	0.0	0.0	0.0	0.0	0.0	0.0	0.0	0.0	0.0	0.0
5183.840965157735	3.308546017939989	10.946476752826555	26872207.15204748	14341.936331255009	35.42234324919991	205691137.7297724	1254.7424012641386	4892.50707337264	-1.1107789863908692	1.2338299566075268	23936625.46300131	6184.631003618503	6631.783561724987	1.052706	28.957285	0.0612556843056508	0.0380983986069677	-0.00960078	-0.0351428449	0.0739864834	-0.0288033699	0.0588848313	-0.0370602336	-0.0348411131	-0.0028033178	-0.0495809511	-0.0759688924	0.0395706297	-0.0352794479	0.0137957643	0.1012299064	-0.024176586	-0.0213149921	-0.0499373403	0.0072687993	0.1016057063	-0.0287643203	-0.0131184803	-0.0455440443	0.0426800731	0.0544538722	0.0214550231	-0.0271628225	0.0791836057	0.0540306818	-0.0484749029	-0.0140258864	0.00444572	0.0357686047	-0.0437019208	-0.0845968609	-0.0027477668	-0.0706983384	0.008859467	-0.0138909455	-0.0779784659	0.1458561556	0.0047880719	-0.0248760486	-0.0068131984	-0.0447624411	-0.0711910146	-0.0414482747	0.1122536496	-0.1582136477	-0.0094452543	-0.0615987432	-0.0558696983	-0.0859107364	-0.1365549252	0.0716779873	0.0304851588	-0.0781497722	0.1219606699	-0.0632390403	-0.0048874767	0.0966479017	0.0049423395	0.0639178606	-0.0662271981	0.059186304	-0.0916068754	-0.126565129	0.0966609416	0.0242741743	0.0350717079	-0.0846241969	0.0005821491	-0.0436232404	-0.0544461604	0.044130373	-0.0218230243	-0.0907369573	0.0290123106	-0.094791769	-0.097686826	-0.0134622258	-0.0879067181	0.0655482867	0.0136474593	-0.0243168452	0.0755983773	-0.0795300246	-0.1106226495	-0.0225953835	0.0239120914	0.0457524835	-0.035378115	0.0535702209	-0.0792805275	-0.0060099053	0.0513734564	-0.0230886544	-0.0603805266	-0.058329559	-0.0024413109	0.0125208708	0.0063495747	0.0477168803	0.0258147026	0.0718030782	-0.0029808492	0.0176708607	-0.0302342048	-0.0030347451	0.0393606917	0.1136534477	-0.0653597522	-0.0813499926	0.0366341294	-0.0338171087	0.0811161758	-0.0085351825	0.0352754839	0.044302069	0.0185376682	-0.0075118061	0.0558997638	0.0296697134	0.0247664287	-0.0739152538	-0.0395046789	0.1802454107	-0.0949714092	0.0160390206	0.0038854047	0.0044107694	0.0993389986	0.1189740218	-0.0587685853	-0.0746692643	0.0058111089	-0.1953776336	-0.0119444427	-0.0378105444	-0.0403074938	-0.0072560962	0.0796394394	-0.1182089987	-0.0022499206	0.0669831454	-0.049780854	-0.0261057499	-0.032196631	0.0032975163	0.029587756	0.0113101134	-0.0194013125	-0.0298212312	-0.0197190505	0.0290853051	0.0270223658	-0.0219588244	0.0308500536	-0.1253832095	0.1452756794	-0.0076578871	0.0136358496	-0.0928944589	-0.0248952703	-0.02873025	0.034514815	-0.0735326713	0.0731032506	0.1038082647	0.0401730188	-0.0682247456	0.0026106817	-0.0563453339	-0.0251586786	0.0867489121	-0.0796750203	0.0095361811	0.0681508051	-0.0918945739	0.042901286	0.0400495376	0.0	0.0069210273421305	0.0046793911960208	2.189670196539697e-05	4.790061947051797e-05	-0.0424022684733387	-0.0140400138192831	0.001797952371685	0.0001971219880456	0.2706432657769895	0.0343068379131069	0.0011769591275961	0.0732477773104341	-0.0067632071468413	3.294134860026832e-08	4.574097091108523e-05	1.0851324476043993e-15	0.0016779300345437	0.0001635046781935	2.6733779791192656e-08	2.815449200823822e-06	-0.0004158314162461	1.0512080026000214e-06	1.729157667372373e-07	1.1050382647303266e-12	0.0	0.0	0.0	0.0	0.0	0.0	0.0	0.0	0.0	0.0	0.0	0.0	0.0	0.0	0.0	0.0	0.0	0.0	0.0	0.0	0.0	0.0	0.0	0.0
5192.221973647776	8.381008490041495	70.24130331014761	26959169.02363081	14356.313993639824	14.377662384815268	206103751.48397863	206.71717565173185	4897.189444489148	4.682371116507966	21.92459927270805	23982464.455215927	6183.50032243655	6576.413854883333	1.086766	29.894182	0.0494134165662221	0.0272195958525377	-0.0167458329	-0.0386211741	-0.0953724278	0.0948646196	0.0419917198	-0.0355795236	0.0864106933	-0.0677952018	-0.0314748858	-0.0186666375	0.0051084481	0.0167728083	-0.0412986554	-0.0132056872	-0.0703764199	0.0091505051	-0.0160854055	0.0681166933	-0.0940073585	0.0135282511	0.0768841763	0.0068315135	0.0805631894	0.0710288455	-0.06619006	-0.0518171189	-0.0023400182	0.0304302702	-0.073547007	0.0302673458	-0.042955758	-0.0289180259	0.024742578	-0.0718532735	0.0929986507	-0.1019093804	0.0332391547	-0.010903399	0.0354390185	-0.0166482628	0.0412332673	0.0274934101	0.1192033928	0.0350393945	-0.121816688	-0.0236275745	0.0033997674	-0.0037451343	-0.0494691126	0.038449222	0.0876387094	0.0352264451	0.0508137466	0.0830717482	0.0283822496	0.0324160522	-0.0629387364	0.0191742387	-0.0995865264	-0.0491412745	0.0770563512	-0.0983224409	0.0056470698	-0.0579461786	0.0721177499	0.0080332758	-0.0479404216	-0.0228923265	0.0333901551	-0.0967366427	-0.0140055023	-0.028172717	-0.0171074835	-0.0295198128	-0.0065982256	-0.0328443821	0.0486902579	-0.1272160143	0.0611301836	0.0343089304	-0.0583580148	-0.0367569281	-0.0570129271	0.0511069937	-0.0147723181	0.0022077636	-0.1060284205	-0.0738635212	0.0358311512	-0.1101190514	-0.0154458325	-0.0041389646	0.0127675937	0.0507258815	0.0389428261	-0.0354632965	-0.0495032551	0.0476032119	0.0102495818	-0.0612939771	0.0067242276	0.0092024287	0.0122007254	0.0269128666	0.0221016722	-0.027922962	0.0506064389	-0.0850687283	-0.0111388974	-0.0294766852	-0.063148617	-0.0885588646	0.032525288	-0.0018198003	-0.0008495286	0.038901166	-0.1094107311	-0.034750466	0.0124572037	0.0294580739	-0.0347298457	-0.0502724374	-0.070933355	0.0253368632	0.0012011081	0.1251205886	0.0431113734	-0.0146399679	-0.0588708997	-0.0563435113	0.0031883642	0.0553219965	-0.0114282263	0.0166093959	0.0236782483	-0.0027697542	0.032005864	0.0096661229	-0.0354583748	0.0266614021	-0.1135526962	0.0922783383	-0.0504229973	-0.1080743566	-0.0316896298	0.1253760852	-0.0847280663	0.001020346	0.0256321414	-0.0034402102	-0.0443334085	0.0452940442	-0.0997680473	-0.0002657332	-0.0874244737	0.0456130455	0.0610428594	-0.0290165128	0.0562544921	0.0016974591	0.0022627276	-0.0262388454	0.0229771537	0.035057126	0.081123415	-0.059012951	0.0051942617	0.1304203516	0.0263315747	-0.0658383747	-0.0090990187	-0.0573549508	-0.0226966273	0.085274677	-0.0822020253	0.0158442251	0.0627116218	-0.0929874623	0.0516747337	0.0294209952	0.0	0.0159281798244421	0.0090071524823115	8.112879583961198e-05	0.0002537069125197	-0.0234579275010986	0.0189443409722401	0.0005502743626467	0.0003588880548724	0.263883630052689	-0.0067596357243004	4.569267512523947e-05	0.0696345702097844	-0.0067632639535146	-5.6806673300220656e-08	4.5741739304909936e-05	3.2269981314380024e-15	0.0013859283992321	-0.0002920016353115	8.526495502464855e-08	1.9207975277980515e-06	-0.0004178187220086	-1.9873057625000158e-06	1.745724844608998e-07	3.949384193665768e-12	0.0	0.0	0.0	0.0	0.0	0.0	0.0	0.0	0.0	0.0	0.0	0.0	0.0	0.0	0.0	0.0	0.0	0.0	0.0	0.0	0.0	0.0	0.0	0.0
5195.826924508645	3.6049508608684846	12.995670709276428	26996617.42944896	14344.790353941306	-11.52363969851831	205773010.29852757	132.79427190126714	4903.117282595974	5.92783810682613	35.13926462073999	24040559.086891327	6190.71338886568	6660.054596580487	0.992795	27.309267	0.1092404135583753	0.0557925700198791	0.0127426895	0.0129167764	-0.0377334492	-0.0200701225	-0.0600556075	0.0264052628	-0.009990985	0.0040047573	0.0202997547	0.0187173547	-0.0426662654	-0.0289716405	-0.0773116446	-0.0925107383	0.0320805026	0.0113011963	0.048386302	-0.0667026575	-0.0484350121	-0.0015205164	-0.0199793276	0.0768115399	0.0705910563	-0.0551487923	-0.0941602151	0.0622910999	-0.0589070213	-0.0230911056	0.1356347163	0.0232208879	-0.150976438	0.0659040909	-0.0406616818	-0.0831923278	-0.0188939582	-0.0735768569	-0.0618145094	0.0552972399	-0.0125146651	0.0592989437	-0.0092769466	-0.0339734041	0.099318933	0.0665292773	-0.0259145968	-0.0832980341	0.0203112516	-0.0580570481	-0.0633843043	-0.0503778698	0.0134502917	0.0059399425	-0.0528046946	0.1101769571	0.0976430394	0.0207359511	0.0855506958	-0.0375961728	-0.0511364089	-0.0200468554	0.0012795064	-0.020409745	0.0726921525	0.0025571921	-0.0229336684	0.0347529064	-0.0237198934	0.0589195024	0.1489172541	-0.0034657957	0.0340521385	-0.0183802538	0.014271427	0.0041889497	0.0205685225	0.0074558625	0.015618029	-0.0541812374	-0.0809651557	0.040341992	0.0721954265	0.0050611854	-0.0907679166	0.1074878737	-0.0600939883	0.0234332501	0.1485052067	0.0343339743	-0.0155765064	-0.0038381382	0.0196495804	-0.0479699081	0.0888196872	-0.0089121956	-0.0480733199	-0.0556026027	0.0790092416	0.0189971122	-0.0286091616	-0.0778593479	0.0104447654	0.0471212634	0.0348816622	-0.0385331335	0.0340229235	0.1501133163	0.0107443195	-0.0878313328	-0.0179678362	0.0229895641	-0.0395759717	-0.1156567705	-0.0119804525	-0.0254028761	0.1433657835	-0.0110324716	0.0410534953	-0.0175778086	-0.0287609504	0.0024751421	0.0523559992	-0.0755764343	-0.0376027169	-0.0720624352	0.063234967	0.0502530042	0.016802334	-0.0015614275	0.0505974541	-0.0183502486	0.0340548072	0.0472081264	-0.069266941	0.0118448707	-0.0552488069	-0.0107208785	-0.0814549661	0.0187777439	-0.0373339592	0.1189991756	-0.0042010395	-0.0038425828	-0.0385081443	-0.0088137131	0.0153482046	0.0649626254	0.0175150552	0.0175569096	-0.0124480539	0.0080087519	-0.0204487547	-0.0654169379	-0.0223173231	-0.0199745176	-0.0667151246	0.0907581165	0.0115307494	0.0176586965	0.0317813758	0.0735220144	0.0064651594	-0.0445917243	0.0247831153	-0.0243272551	-0.0185138392	-0.0312185414	0.03611812	0.0727271084	0.0230424059	-0.1256950218	0.0024043575	-0.0583538671	-0.020217639	0.0836572738	-0.0844837072	0.0220783961	0.0568514682	-0.0932309089	0.0598317709	0.0183483952	0.0	0.0022878237849823	-0.0136403560394598	0.0001860593128832	5.234137671130737e-06	-0.0526638633110394	-0.0292059358099408	0.0027734824988438	0.0008529866865343	0.2304948161588242	-0.0333888138938648	0.0011148128932391	0.0531278602760901	-0.0067630136067236	2.503467909998128e-07	4.573835304472856e-05	6.267351576390395e-14	0.0018859728150792	0.000500044415847	2.5004441781986735e-07	3.5568934592177623e-06	-0.0005776301156727	-0.0001598113936641	3.336565505320569e-07	2.5539681544861944e-08	0.0	0.0	0.0	0.0	0.0	0.0	0.0	0.0	0.0	0.0	0.0	0.0	0.0	0.0	0.0	0.0	0.0	0.0	0.0	0.0	0.0	0.0	0.0	0.0
5182.679842338801	-13.147082169843998	172.84576958062996	26860170.34818494	14321.704772010216	-23.08558193108911	205111227.5766202	532.9440930970279	4893.5064131871295	-9.610869408844335	92.3688107938599	23946405.01590357	6178.390679608632	6626.767069376255	0.985677	27.113472	0.0850687365289605	0.0500557994947286	-0.0089780645	-0.0105072691	0.1119486323	-0.0278694468	-0.0355174165	0.0198008043	-0.0564468856	0.0399951052	-0.0372650866	-0.0258850431	0.0278462689	-0.0026907889	0.0498861875	-0.0028775162	0.111611149	-0.0161455006	0.0224382495	0.0009934568	0.0686272956	-0.027662204	-0.0551365016	-0.0094030865	-0.0689469347	-0.0385236881	-0.0380414354	0.0304923956	-0.0047779282	0.0207090022	0.0161083642	-0.051943733	0.0155034239	0.0935633129	-0.0018631681	-0.0883645335	-0.0877650478	-0.0325842862	0.1429631251	-0.0329779475	0.0440265428	-0.0160348486	0.0582372309	-0.0624951032	-0.0169865523	0.0141121955	0.0029464092	0.0032669833	0.0874052503	0.0170729645	0.0343132048	-0.0441321037	0.001024831	0.0052703604	-0.003710566	-0.0141053184	0.0067293142	0.0577482788	-0.1102409287	-0.0549908164	0.0246148323	-0.0214765701	-0.1289147368	-0.0531007654	-0.1331160451	0.0440589455	0.0700036672	-0.1162958733	-0.0454771875	-0.0051370489	0.0223873679	-0.0158410721	-0.0953595348	-0.0664706904	-0.0329720288	0.012799847	-0.0810861331	0.0651038988	0.0428271775	0.010053536	-0.0614452142	0.07157697	0.060703434	0.0770804728	0.0585159391	0.0847134005	-0.0020529552	0.0717595595	0.0820521318	-0.0987103201	-0.0187546108	0.0542540259	-0.014185403	0.057355876	-0.0376840501	-0.01090981	-0.0356645457	0.0538742499	0.0938017472	-0.0154106152	-0.0435898332	0.0074159185	0.0365854525	-0.013631739	0.0497231868	-0.0150688765	0.0452596273	-0.0228720862	-0.0432447925	-0.0058509272	-0.0270358529	0.0488821967	-0.0461438145	0.0047094959	0.0294146697	-0.0353113888	-0.0239211299	0.007255318	-0.0576899471	0.0150929763	0.0044228444	0.0051774393	0.0599939794	-0.0455701756	-0.0038849568	-0.0717830908	-0.0679335407	-0.0751482116	-0.0582588844	0.0935437033	-0.0966409182	0.0770975497	-0.0335156074	0.0773842572	-0.0887390451	0.0747242069	0.0485398323	-0.0075872152	0.0171058665	-0.0254785181	0.1812839715	-0.0187893553	-0.1009192565	-0.0334190821	-0.0426042529	0.0046859734	-0.0439561419	0.1026939973	0.0825144208	0.025407996	0.003832269	0.0121774563	-0.0156471735	-0.076059897	0.0609627477	-0.0410075941	-0.0217551954	-0.0033041649	-0.0907973534	-0.0246518586	0.0707655704	0.0063257036	0.009654016	-0.0936220172	0.0303387878	-0.0496797239	0.0161268781	-0.037324996	0.0167471449	0.1122129024	0.0116380517	-0.0638101779	0.056631169	-0.0593418965	-0.0177235635	0.0818994181	-0.0865132565	0.0282096273	0.0506096822	-0.0926226898	0.0672750948	0.0069988586	0.0	0.0020216630598923	-0.00026616072509	7.084153158043471e-08	4.087121527733097e-06	-0.0115343911233338	0.0411294721877056	0.000133042178586	0.0016916334824392	0.2359756203758891	0.0054808042170649	3.0039214865796388e-05	0.0556844934117857	-0.0064416839434225	0.0003213296633011	4.149529202694725e-05	1.0325275251719846e-07	0.0015440544075968	-0.0003419184074823	1.1690819737530046e-07	2.384104013619105e-06	-0.0004770321984742	0.0001005979171985	2.2755971838112853e-07	1.0119940944676271e-08	0.0	0.0	0.0	0.0	0.0	0.0	0.0	0.0	0.0	0.0	0.0	0.0	0.0	0.0	0.0	0.0	0.0	0.0	0.0	0.0	0.0	0.0	0.0	0.0
5192.828207656445	10.148365317643766	102.98931862035484	26965464.794232443	14351.469111202923	29.76433919270676	205964665.64981163	885.9158875784996	4890.727561820511	-2.7788513666182557	7.722014917756145	23919216.083950803	6182.492656198857	6652.449906065616	0.975244	26.826481	0.0465304861987462	0.0273424223866223	0.0334222702	-0.0166109771	0.0473353008	-0.0313802194	0.1074091194	0.0161960328	-0.0359832187	0.003712707	-0.0102705839	-0.0981982559	0.0383133002	-0.0118784633	0.0306018681	0.1066689362	-0.0699126966	-0.0221015095	-0.0150994162	0.0690919444	0.1146427743	-0.0452164792	0.00012693	-0.0472654562	0.0472123505	0.0270194082	0.019330049	-0.0697805253	0.0915194903	-0.0085125639	0.0293434525	-0.0086795906	-0.0279937491	0.0612494835	-0.071031674	0.064043082	-0.0257254066	-0.0229865287	0.1076044369	0.0102346976	-0.1235372153	-0.062690918	0.032026703	0.0385047862	0.0152820272	-0.0179412526	-0.0264081191	-0.0629190531	0.099134315	0.0603823197	0.0574106816	-0.0604086894	-0.0885669176	0.0568352856	0.0310201684	0.0011691625	-0.0154787263	-0.022661976	0.0534045127	0.0058323431	0.0274810342	0.0466462104	-0.0945573367	-0.0326318601	0.0287635819	-0.0104174772	-0.0033651447	-0.0111520673	0.0129562776	-0.122683079	0.0493924405	0.043240427	0.0055576513	-0.0205086518	-0.0474236049	-0.0023742112	0.0622420561	0.0436913305	-0.1152167901	-0.0882850366	0.0706860333	-0.0094057209	0.11644937	0.0287048639	0.0487226117	-0.0252219892	0.0188691936	0.0084173439	0.0312362204	0.0204363468	-0.0141660019	0.0539327441	-0.0179619983	0.0662819248	-0.0991560852	0.0259048543	0.0846025102	0.0149489988	-0.0558487795	-0.0331573074	-0.0160387984	0.0222439801	0.0215479776	0.0193483962	0.003285677	0.0599804755	0.0253106029	0.0990955544	-0.0168933682	-0.0081121602	0.0101718249	0.0850550506	-0.0323907905	-0.079700444	-0.0356325086	-0.0122293825	-0.0177190329	-0.0161629725	0.0290807562	0.109311843	-0.0092129674	0.0003342711	0.0105247638	0.0065079216	-0.0318824562	0.0284084937	-0.0536835341	-0.0199365685	0.0318307062	0.0457904282	-0.00111863	0.1254353692	-0.0726655915	-0.0303324775	-0.0611747367	-0.0114342888	0.0835406606	-0.0640530531	0.0670297276	0.0383169114	0.0056736125	-0.0120956229	-0.1336712952	-0.0213854557	0.0097559416	0.0807586364	-0.0305948583	-0.0998668042	-0.014841309	0.0290613037	-0.0097372449	0.0311743833	-0.0200619913	-0.0155986031	0.0049248686	0.0352527651	0.0006378906	-0.0549140061	0.0569449058	-0.1140000774	0.0622036285	-0.0302426164	0.0234281954	-0.0572152222	-0.0262913373	-0.0395107322	0.0122461169	-0.0090238565	0.0389862603	0.0569285649	0.0713956434	-0.0215710821	0.025038719	-0.0603188546	-0.015216262	0.0800040612	-0.0882846163	0.0342093323	0.0440281638	-0.091168361	0.0739159167	-0.0044563133	0.0	0.0049988576875534	0.0029771946276611	8.86368785097412e-06	2.498857818041173e-05	-0.0108159299075083	0.0007184612158254	0.0001169843397641	5.161865186454556e-07	0.2492060721017637	0.0132304517258746	0.0001750448528706	0.0621036663723894	-0.0063528177541046	8.886618931789984e-05	4.035829341686662e-05	7.897199603884816e-09	0.001097847306487	-0.0004462071011098	1.9910077708081138e-07	1.2052687083607608e-06	-0.0004200179163142	5.701428215999999e-05	1.764150500249223e-07	3.250628370220093e-09	0.0	0.0	0.0	0.0	0.0	0.0	0.0	0.0	0.0	0.0	0.0	0.0	0.0	0.0	0.0	0.0	0.0	0.0	0.0	0.0	0.0	0.0	0.0	0.0
5188.24814972465	-4.580057931794727	20.97693065859579	26917918.863121253	14377.80146546975	26.33235426682768	206721174.9804641	693.3928812337178	4895.389880792726	4.662318972214962	21.737218198675578	23964842.08496782	6186.455718119326	6608.544817424224	1.127251	31.007826	0.0346879355147452	0.0182158173123141	0.0333434437	-0.0279453235	-0.0779605418	0.1018926748	-0.0336063965	0.0270597605	0.0779372785	-0.0998282476	0.0187836599	0.0321010027	-0.0316014383	0.0273176988	-0.0486602542	0.0379913546	-0.0126399253	-0.0464102988	-0.012506417	0.1079269859	-0.1168659718	0.0237543619	4.6893e-05	0.0239898037	0.0728733795	0.0075229492	-0.0486460566	-0.0291121197	0.0520853449	0.0496218743	-0.0317088528	-0.014063476	-0.0325909891	-0.0444893963	-0.0194452541	-0.0484765147	0.0419786264	0.0293569575	-0.1120877204	-0.0801013483	0.0123038307	-0.0878986854	0.0507036609	0.1162675834	0.1111051096	0.0376880807	-0.0144454767	0.0274056391	-0.0009543364	-0.0464454129	-0.0529080502	-0.0398209771	-0.0654781851	-0.0140054328	0.076636628	-0.0036570031	0.0283538461	-0.0496055454	-0.1181429209	0.0140921494	-0.0648581474	0.0463602207	0.0803881025	0.0070242152	-0.1118896845	0.0125348553	0.0518691848	0.0268969901	0.0412833879	-0.0929731936	0.020826568	-0.0568172833	-0.0447991646	-0.0335786461	0.0531374293	0.0309508009	0.0225930322	0.0357062155	0.0320460657	0.0781205692	0.0971044746	-0.0400141738	-0.0265379827	-0.0078938954	0.0013744143	0.0052264673	0.0636129483	-0.0477801789	-0.0787653128	-0.0637641848	-0.0263022124	-0.1269345695	-0.0366486169	-0.037956481	-0.0156082455	0.0330469246	-0.0061824044	-0.0321275511	-0.0482419705	0.0415590759	-0.0010687626	-0.0165922514	0.0416433405	-0.0044084895	-0.0037218459	0.059732686	0.0025592918	-0.0622871103	-0.0574882155	-0.0396836859	-0.0207171458	-0.0902928654	0.0107093352	-0.1167585557	0.1369238821	-0.0067584718	-0.0870266693	-0.0079271974	-0.0329476227	-0.0283356883	0.0632080998	0.0146103074	-0.0046072018	-0.0007061717	-0.1092508396	0.0235284193	0.0644951057	0.0762677742	0.003232629	-0.0532580579	-0.0044286496	0.0173167346	-0.0639425452	-0.0285552398	-0.0542367471	0.0091622028	0.0460325583	-0.0799335094	0.0963843443	6.64424e-05	-0.0132697903	-0.0214432435	-0.0232454776	-0.0236220473	-0.0478592227	-0.0162789133	0.0209606958	0.0345054828	-0.051760327	0.0389241224	0.0036820626	-0.0205683643	-0.0177443469	0.0386035124	-0.1197987529	-0.0156873662	-0.0142363535	0.0397255824	0.0069116467	0.0279020679	0.0326525946	-0.0240633082	0.016573375	0.0261492648	0.0239210787	0.0523018549	0.0522895008	-0.0487228016	-0.0315619745	0.1092743749	0.010762561	-0.1004753853	0.0027178416	-0.061284559	-0.0126976055	0.0779743851	-0.0897925	0.0400495376	0.0371510932	-0.0888812078	0.0796750203	-0.0158442251	0.0	0.0020810697586455	-0.0029177879289079	8.513486398080653e-06	4.330851340348841e-06	-0.0079412877091868	0.0028746421983215	6.306405048008133e-05	8.263567768370666e-06	0.2413070180021179	-0.0078990540996458	6.239505566913125e-05	0.0582290769370744	-0.0063528549438792	-3.718977460015482e-08	4.03587659379704e-05	1.3830793348103209e-15	0.0013688759955952	0.0002710286891081	7.34565503197093e-08	1.8738214913167495e-06	-0.0002711547694396	0.0001488631468746	7.352490898984262e-08	2.2160236497408733e-08	0.0	0.0	0.0	0.0	0.0	0.0	0.0	0.0	0.0	0.0	0.0	0.0	0.0	0.0	0.0	0.0	0.0	0.0	0.0	0.0	0.0	0.0	0.0	0.0
5193.071661989714	4.823512265063982	23.26627057122267	26967993.28656061	14308.511579151642	-69.28988631810898	204733503.6107166	4801.088345976466	4893.873866671381	-1.5160141213455065	2.2982988161189875	23950001.42288909	6177.871514603216	6637.872569370808	1.036123	28.50111	0.1709348966538757	0.0974477135580191	0.0637691994	0.0547835284	-0.0699574087	0.0257195463	-0.0574219965	0.0717057224	-0.0119344022	0.0099457657	-0.0242123239	0.0519454684	0.0031856091	0.1486109824	-0.0027959381	-0.0275051208	0.0036946326	-0.0896911974	0.0729174706	-0.0226438792	-0.0417880374	-0.0254667087	0.0466668363	0.1859194401	0.0162695466	-0.0594892663	-0.0656973916	-0.1279234016	0.0816617736	0.0370616332	-0.0789204481	-0.0798859835	0.0302711955	-0.0621554167	0.0139591784	0.0490324066	0.0089801306	0.1402985136	-0.1328392408	-0.0669317023	-0.0868120113	0.1053341023	0.0403291176	-0.0125915064	-0.0262142072	0.0130731444	-0.0111274922	0.0990173681	-0.0880445168	-0.0429748899	0.0564638542	0.1149411871	-0.0321272299	-0.0855392724	0.0230586665	-0.0666283754	-0.0805603319	-0.0212190701	0.0523775101	-0.1074353171	0.0357228556	-0.0053132168	0.0378646862	0.0327111985	-0.0381604444	0.0274033975	0.077210185	0.0366296263	-0.0141167025	-0.0246487592	-0.1240122138	-0.1124376779	0.0028543689	-0.0289601014	0.2077641415	0.1240986063	-0.0065904221	0.1078687514	-0.0714301282	0.0545467246	0.0001278265	-0.0072348816	0.1070667371	-0.0132532585	-0.0566072139	-0.0749092849	0.0469038522	-0.0532052867	-0.008541748	-0.0926524011	-0.0807255622	-0.0132768078	-0.0173764306	-0.0302249635	0.0092430939	0.0551074834	-0.1256712787	0.030264041	0.0041450788	0.0423452506	0.0479556775	-0.1580841208	0.0463465162	0.0020672405	-0.0185851275	0.1013210131	0.0235630729	-0.1183744917	-0.022536683	-0.0002340076	0.0719719023	-0.033138814	0.1257647359	-0.0149657669	0.1077559137	0.0643038943	-0.0785599481	0.1284611154	0.00471263	0.0749870531	0.1411410273	-0.0405391154	-0.1196579323	0.0595328995	0.0895672415	0.0046066561	-0.0073259052	-0.0224596504	0.017812127	0.0166976052	0.0725737817	0.0195311132	0.0314154052	-0.0738354243	0.0015993757	-0.1321571703	-0.0922027556	-0.0418754596	-0.0042960565	0.0924919639	0.0189174272	-0.1161109337	-0.0093982601	-0.0545539853	-0.0286548188	0.0093547739	0.0760968018	-0.1239818306	-0.1818631942	0.0671469326	-0.0680361319	-0.0539970683	-0.0524759391	-0.1099403409	-0.0821091549	-0.0448853978	0.0279438461	0.0745184156	-0.0130775494	0.1130282868	-0.0520686076	-0.1354739269	-0.0031235043	0.0531063806	0.0030475774	0.0518555405	0.0536047759	-0.0609279247	-0.096835685	0.0217089757	0.0095750787	0.0276091661	0.0849438131	-0.0622388298	-0.0101694736	0.0758137976	-0.0910324077	0.0457030134	0.0300246349	-0.0857821235	0.0844837072	-0.0269929964	0.0	0.0020583467845369	-2.27229741086004e-05	5.163335523401242e-10	4.236791485413395e-06	-0.0746765808602845	-0.0667352931510977	0.0055765917289826	0.0044535993519629	0.1738560424393185	-0.0674509755627994	0.0045496341043733	0.0302259234926621	-0.0068051785909103	-0.000452323647031	4.63104556541839e-05	2.04596681663515e-07	0.0013653865017833	-3.489493811899974e-06	1.2176567063288211e-11	1.8642802992520373e-06	-0.000549859727914	-0.0002787049584744	3.023457203816581e-07	7.767645387821705e-08	0.0	0.0	0.0	0.0	0.0	0.0	0.0	0.0	0.0	0.0	0.0	0.0	0.0	0.0	0.0	0.0	0.0	0.0	0.0	0.0	0.0	0.0	0.0	0.0
5197.198792178806	4.127130189091986	17.03320359771445	27010875.28542484	14400.504653069913	91.99307391827097	207374534.2630882	8462.725648932466	4899.809851130098	5.93598445871703	35.235911494130114	24008136.57723155	6192.165352077968	6628.944927058808	1.055172	29.025122	0.2024138764918603	0.1122896073399443	0.0524485094	0.0420551562	-0.0728694392	-0.0552952382	0.0120099494	0.0620941002	-0.0149068577	-0.0506706736	0.0964660782	-0.0090222797	-0.0511591466	-0.0126605811	0.0078974482	0.0267625857	-0.0521830181	-0.0308476608	0.087437552	-0.0426344456	-0.02442264	0.0118169325	0.0636992494	-0.0798436645	0.00865666	0.0156506811	-0.0247872658	-0.0853069372	0.0111140527	0.054435649	0.0070600216	0.0516265679	-0.0345640292	0.0555732919	-0.007167456	-0.0258334867	0.1377214045	-0.0320888705	-0.0385925518	0.0693352246	-0.098706509	0.0486854336	-0.0010968005	-0.0654415614	0.0051640684	-0.1275496858	-0.0986906583	0.0058565253	-0.0108526967	0.0573836371	-0.0644429643	0.0619462212	0.046714029	-0.0121686257	0.0038356842	-0.0471794409	-0.0359524064	-0.0757080746	-0.0314805653	-0.0314415094	0.0556833141	-0.0906536593	-0.01081082	0.0391845747	0.004941259	-0.0269012583	-0.0516429657	-0.1568443881	0.0497793691	-0.037424408	0.0774894679	-0.0176657867	0.0014691859	0.1402480983	0.072632492	-0.1624557338	0.1233498532	-0.0285236248	-0.0499855766	-0.0453434346	0.0449772178	-0.0077307796	-0.0431131997	-0.1175563851	0.0284769215	-0.0069614384	-0.0670774731	-0.0008401832	0.0203636388	-0.0318411722	-0.058264895	0.0325812644	-0.0030319629	-0.0465318925	0.0481054466	0.0428885318	0.0703296727	-0.0177122194	-0.050188205	0.0304428972	0.0341412314	0.0307659297	0.0363572549	0.0413570324	0.0584548018	0.026099705	0.0775534911	0.0657210209	0.0305728743	0.0096987243	0.0189266291	-7.34777e-05	-0.0557217548	-0.0206346247	0.0807263783	0.0428027312	0.0649756977	0.0337799996	-0.0286259604	0.012952058	0.0752081553	0.0254985897	-0.0582962195	-0.0695679946	0.1270724904	0.0213148831	-0.0832227562	0.0753502894	0.0504158076	-0.0029026081	0.0020956811	-0.0112204299	-0.0864751168	0.0924500945	0.0489746461	-0.130765507	-0.0963558775	0.1403534268	-0.0193305542	0.0227537565	-0.0850335649	-0.045432125	-0.0487994601	-0.052215312	0.0507720457	0.0772959578	-0.004161752	0.0428570953	0.0368303833	0.0349288105	-0.0539688398	0.0323306046	-0.0104150605	-0.0156011896	-0.037915331	0.0394036822	0.0034625835	0.0040939068	0.0329631987	-0.0880391593	-0.0497105412	-0.0637665586	-0.0164328255	0.0185945398	-0.0081325819	-0.0485948925	-0.0359742779	0.0202846673	0.000461399	0.0249870792	-0.001333945	-0.0269808604	0.0357739463	-0.0631814888	-0.0076337529	0.073525926	-0.0920006388	0.0511434007	0.0226966273	-0.0818994181	0.0882846163	-0.0377343563	0.0	-0.0158501425503772	-0.0179084893349141	0.0003207139902587	0.0002512270188672	0.0205170650579304	0.0951936459182149	0.0004209499585913	0.0090618302232024	0.2217935426182649	0.0479375001789464	0.0022980039234064	0.04919237554716	-0.0070783423123116	-0.0002731637214012	5.010292989026073e-05	7.461841868980687e-08	0.0008348725953781	-0.0005305139064052	2.8144500488930524e-07	6.970122505133647e-07	-0.0005260525345248	2.3807193389199983e-05	2.767312690799659e-07	5.667824570707673e-10	0.0	0.0	0.0	0.0	0.0	0.0	0.0	0.0	0.0	0.0	0.0	0.0	0.0	0.0	0.0	0.0	0.0	0.0	0.0	0.0	0.0	0.0	0.0	0.0
5196.090899848932	-1.1078923298737209	1.2274254145930217	26999360.639492884	14352.802502128405	-47.70215094150808	206002939.6651034	2275.4952044464203	4902.5929607846965	2.783109654598775	7.745699349520912	24035417.739135657	6194.111798102433	6637.959265881829	1.010259	27.789667	0.0722905589687758	0.0359766950137531	0.0633459591	0.0324854946	-0.0990174222	0.0883394974	-0.0480955503	0.0674839696	0.1067498499	-0.0711531567	-0.0137203023	0.0629469705	-0.0035137785	0.0307468385	-0.0454950601	-0.0354104721	0.0323423814	-0.0227126827	0.0333633611	0.0426628752	-0.1254731074	0.020107343	0.0222298311	0.0450056089	0.0646712837	0.0097965853	-0.0062004866	-0.0543371331	-0.0598084877	-0.0048722768	0.0436809533	-0.088052287	0.0222900059	-0.0474110229	0.01091415	-0.0081085837	-0.0456664219	0.1380822918	-0.0766498653	-0.0017347749	0.029070603	0.0001552174	0.0373216196	-0.0093279198	0.0609164293	-0.0723895947	0.1107038819	-0.020597525	-0.0104049774	0.0186196275	-0.0174289257	0.0812072542	-0.034593335	0.0480529017	0.0222655548	0.0227693851	0.0400617234	-0.0082048275	-0.0326160512	0.0027149833	-0.0380318426	0.0244060355	0.0078044483	0.048311257	0.1646404056	-0.0176110956	0.146325456	-0.0802959027	-0.1339603443	0.0023199441	-0.0273067755	-0.0231852227	0.1029363357	-0.0248267565	0.0547452009	-0.0046815952	0.0396789018	-0.0598169353	0.0963170778	0.0087767533	-0.069464618	0.0149609123	-0.0317939557	-0.0551061442	0.0230940229	0.1533220104	-0.0686638865	-0.0403160364	0.0442547116	-0.0590246715	-0.0615615009	-0.1281300693	0.0076925843	-0.0751790181	0.0160399724	0.0214860505	-0.0367559846	0.0007438015	-0.0109182162	0.0415887046	-0.0459987949	-0.0356132786	-0.0037867739	0.0319542707	0.0096215603	0.0222512892	0.0154157266	0.0038735196	0.030354405	0.0425449322	0.1030167018	-0.0365936442	0.1575464425	-0.0393365122	0.0673606991	-0.0012199811	-0.0639856998	0.0050402431	-0.0203144189	0.0073691536	0.0747269075	-0.0677467466	-0.0162811616	0.0157522395	-0.0020218933	0.0212415989	-0.016879635	-0.0753255744	-0.0884451372	-0.0290641919	0.0878789196	-0.0243239908	-0.1002728948	-0.0231733129	-0.0270740499	0.0143647917	-0.0200894375	0.0708520627	-0.123473646	0.069225579	-0.089902978	0.1081387644	-0.0326934542	0.0953401685	-0.0341559442	-0.0489510173	0.1294998213	-0.0523035545	0.0142931811	0.0434587168	-0.0499985456	-0.0015180665	-0.0216847797	0.0434396008	-0.1319237108	0.0232983963	-0.0437336827	0.0431721687	0.0068853462	0.0332240214	-0.0415720902	-0.0006503303	-0.0043462849	0.097899465	0.0090415001	-0.0197046526	0.0251687011	0.0208042181	-0.0752740958	0.0031831814	0.0067420356	-0.0381428143	-0.0022535302	-0.0641123601	-0.0050923356	0.0711146114	-0.0926943039	0.0563453339	0.015216262	-0.0772685604	0.0910324077	-0.047906183	0.0	0.0010116974108598	0.016861839961237	0.0002843216468783	1.0235316511404228e-06	-0.0058193603076404	-0.0263364253655708	3.386495439014057e-05	0.0006936073010362	0.2216043209945368	-0.000189221623728	3.58048228862935e-08	0.0491084750834497	-0.006802418533968	0.0002759237783435	4.627289791127136e-05	7.61339314554079e-08	0.0006359453428494	-0.0001989272525287	3.9572051798617184e-08	4.044264790918409e-07	-0.0004228421250323	0.0001032104094925	1.7879546270183121e-07	1.0652388627609542e-08	0.0	0.0	0.0	0.0	0.0	0.0	0.0	0.0	0.0	0.0	0.0	0.0	0.0	0.0	0.0	0.0	0.0	0.0	0.0	0.0	0.0	0.0	0.0	0.0
5203.708357945542	7.61745809660988	58.025667853607416	27078580.674552288	14342.554582331732	-10.24791979667316	205708871.94716492	105.01986015904563	4904.162922262699	1.5699614780023694	2.464779042411384	24050813.96809621	6188.500113725925	6653.562705680116	1.083812	29.812912	0.133481993517874	0.064406632976839	0.0149183048	0.0356299036	-0.0038599002	-0.0492148943	-0.0568125584	0.0394148681	-0.0157952082	0.0260306143	0.0114348881	0.0269434447	-0.010894858	0.0628652559	0.0016633765	-0.1139128513	0.0009765993	0.0094881836	0.052309303	-0.0334096328	-0.0332368634	-0.0092991276	0.0263404257	-0.013621157	0.0304033256	-0.1113860118	0.0576458849	-0.0036582891	-0.008162678	-0.0762811886	-0.0105216713	-0.0296028541	0.0338587071	-0.0167456678	-0.0797009338	-0.1227880515	-0.0474160779	-0.1379655659	-0.0367489942	0.0438026431	0.0290211757	-0.0415749561	0.0489305912	0.0967773909	0.1055567612	0.0432284935	0.0538122913	0.0451518405	-0.0070143407	0.0443326403	-0.0315838214	0.0449985826	-0.1404403071	-0.0219409587	-0.0582243854	0.0060579168	-0.0919766231	0.0161172155	0.0186104306	-0.0189535815	0.1081688469	-0.0956972631	-0.0175272422	-0.0483838749	0.0856448945	-0.1451635615	-0.0069868253	0.06874151	0.0252450901	0.0241070484	-0.0646599252	0.0715006012	0.1056963252	0.0051922413	0.0968025269	-0.0716410199	-0.1022466104	-0.0184015646	-0.0887209912	0.0481629064	-0.1108342312	-0.0494424925	-0.0422411848	0.1385348089	0.0452977181	0.0547021735	0.0607690527	0.0472459755	-0.0376740138	0.0119429269	-0.0339054024	0.0291870405	0.0112352817	-0.0426596442	0.0350945242	0.0266448895	-0.0486606687	0.0140390306	0.0678694982	0.0574598995	-0.017135093	0.0249344305	-0.0987583253	0.0242913787	0.0185974637	0.0480130644	-0.0112509184	0.0998316091	0.020428864	0.0229854328	0.0907350942	0.0507350977	-0.1394791042	-0.0194336417	0.0704073918	0.0327186686	-0.0529866462	0.0528316613	0.0602056892	0.0369620636	-0.0511839207	-0.0226624216	-0.0723602547	0.0777527195	-0.0957850059	-0.0320054266	0.0866320849	-0.0318126993	-0.0317943964	-0.0272942523	0.077739637	-0.1124728644	0.0325417369	-0.0587276905	-0.0491319826	0.0260584254	-0.016543196	0.0822084478	0.0304621861	0.0325490764	0.0472059021	-0.0311969655	0.0387693593	0.0940901757	0.0242272794	-0.0888431531	-0.0902886831	-0.1081924166	0.0819291984	0.0137243268	-0.0419471745	0.0322540466	-0.039687868	-0.0384601127	0.0304795419	-0.0239292162	-0.0199323654	0.0267034027	-0.0224488113	0.0431579481	-0.0471780162	0.0759400315	-0.0305732403	0.0781502776	0.0163681852	-0.0594577027	-0.0005245276	0.010842188	0.0010420142	-0.0073773251	-0.1139151079	-0.0466142444	0.0657560906	-0.0650312701	-0.0025471182	0.0685839023	-0.0931113328	0.061284559	0.0076337529	-0.0719318531	0.0926943039	-0.0573549508	0.0	-0.0046278986071683	-0.0056395960180281	3.1805043246558405e-05	2.141744551823029e-05	-0.0643450032220158	-0.0585256429143754	0.0041402794396412	0.0034252508785409	0.2413255362909723	0.0197212152964355	0.0003889263327683	0.0582380144661253	-0.0063160115059293	0.0004864070280387	3.989200134303131e-05	2.365917969254409e-07	0.000391016919633	-0.0002449284232163	5.998993249927194e-08	1.5289423143928e-07	-0.0001622667905067	0.0002605753345256	2.6330511301345264e-08	6.789950496312836e-08	0.0	0.0	0.0	0.0	0.0	0.0	0.0	0.0	0.0	0.0	0.0	0.0	0.0	0.0	0.0	0.0	0.0	0.0	0.0	0.0	0.0	0.0	0.0	0.0
5201.587945948745	-2.1204119967969746	4.496147036160533	27056517.159439284	14345.870508438502	3.3159261067703483	205804000.6448856	10.99536594556116	4896.20903761249	-7.953884650209147	63.26428102883269	23972862.939998224	6179.507257430004	6679.896798932293	0.956918	26.322384	0.1155831840536214	0.0671886185827727	0.0198996574	0.0256894591	0.115122934	-0.057276198	0.0292689624	0.0396529978	-0.0854042389	0.080099019	0.0191189665	-0.0486936955	0.0415737497	-0.0332003512	-0.0343739606	-0.0298783298	0.0426286556	-0.0222883129	0.0285518904	-0.0195993416	0.0904494478	-0.0771594732	0.009806505	-0.0354813296	0.0168940542	-0.0734957161	-0.0274628233	0.0016225383	-0.0089672812	0.0247907798	0.0399287958	0.029492232	0.0645798827	-0.0259861357	0.0450944214	-0.0648215743	-0.0136363794	0.0109063932	-0.0446073721	-0.0556541809	-0.0638233181	-0.1238171338	-0.0450870469	0.0130945816	-0.0316420305	-0.0402875133	0.0407828612	0.0592866012	-0.1095390591	-0.0339450338	-0.0117163216	-0.0130853684	0.0493987279	0.0239746274	0.0875964358	0.1066284405	-0.0003406912	-0.0120378479	0.0202478671	0.0188257244	0.0626658729	-0.0331522194	0.125299679	-0.203094419	-0.0553450306	-0.0547515058	0.0027776143	0.0056004157	0.002522125	0.0060474617	-0.0305398943	-0.0154838016	-0.0101132804	0.0360192149	-0.0334630978	0.0117201931	0.0103053379	0.091847445	0.0486277132	0.041333594	0.0483818903	0.0528317788	0.0252178715	0.0171953246	0.0447760792	-0.0576411163	0.0168297452	0.0969879205	0.0810835279	-0.0098060581	-0.0299354347	0.0866794421	0.0242269355	0.0739339289	-0.0402424101	0.0211582194	-0.0022720629	-0.04990218	0.0505207787	0.0207860912	-0.0114747559	0.0424058734	-0.0170235507	0.0573620953	0.0158218372	-0.0083135833	0.043487489	-0.0103945244	0.0136760768	0.0193950833	-0.0648715676	-0.009930889	-0.0008405721	-0.073679611	0.0307407267	-0.0784684729	-0.027653389	-0.0638008674	-0.0678872882	-0.0780348955	0.0310345936	0.0285366747	-0.006539002	0.0664749831	0.0739376471	0.0249434755	0.0539284327	0.0077071022	0.0410000525	0.0329977103	0.0254323578	0.0231044028	0.0233971312	-0.1060863399	-0.0659871017	0.0106745728	-0.0643989142	0.1202765332	0.1061247776	-0.0675163802	0.0024798944	-0.0408551604	-0.0676925539	-0.0747868774	-0.0779402785	-0.0914935808	-0.0426489359	0.0622417242	0.0093526921	0.0200905835	-0.0340492878	0.0183394704	-0.0199517581	-0.0315487056	0.0604399278	0.0027050004	0.040023894	-0.0840976611	-0.0650308062	-0.0328023236	0.0222513688	-0.005007448	-0.0115531547	0.0371174182	-0.0117064326	-0.0757680147	0.0043451557	0.0832850297	-0.0224417538	0.0802143809	-0.0366074696	-0.0256719059	0.0524388292	-0.0659380473	-0.0	0.0659380473	-0.0932504808	0.0659380473	0.0	-0.0659380473	0.0932504808	-0.0659380473	0.0	-0.0160093649362522	-0.0113814663290838	0.0001295377758	0.0002562997656621	-0.0036358729494452	0.0607091302725706	1.3219572104507338e-05	0.0036855984984519	0.2611716569349056	0.0198461206439333	0.0003938685046135	0.068210634386124	-0.0062270324466077	8.897905932160003e-05	3.877593309110508e-05	7.917272997756817e-09	0.0001116796373243	-0.0002793372823087	7.802931728761037e-08	1.2472341392887182e-08	-5.765379597632864e-05	0.0001046129945303	3.3239601904801283e-09	1.0943878624611506e-08	0.0	0.0	0.0	0.0	0.0	0.0	0.0	0.0	0.0	0.0	0.0	0.0	0.0	0.0	0.0	0.0	0.0	0.0	0.0	0.0	0.0	0.0	0.0	0.0
5194.261788696758	-7.326157251986842	53.6725800808394	26980355.529515248	14393.485873647836	47.61536520933441	207172435.59489983	2267.223004018294	4896.201265650197	-0.0077719622931908	6.040339788678087e-05	23972786.833754588	6188.07207020483	6637.458600575265	1.017164	27.979612	0.0503312312782431	0.0246183492039959	0.037527902	0.0054838789	0.0040365364	0.0325402407	0.0709995208	0.00444115	0.0393015772	-0.0441263394	0.0467806652	-0.0953051492	0.0285121303	0.0331310027	0.0246064223	0.0770893591	-0.0831906016	-0.0092518882	-0.0284757726	0.0826639732	0.0158777074	-0.0507551767	0.0023089256	-0.0377517959	0.0476411084	0.0207769582	-0.0268251927	-0.0531786741	0.0414110818	0.0762051621	-0.0081135296	-0.0750005487	-0.0736081435	-0.0281603239	0.0090438439	-0.0077403347	-0.0838036675	-0.0543614886	-0.0512116003	0.0678404035	-0.0274088777	0.0150472507	-0.0775576924	0.1038701688	0.0357288624	0.0599204151	0.061608989	0.0514753594	0.0914297445	-0.0371804394	-0.1191886466	-0.0355878331	0.0097885678	-0.0021051247	-0.0534222884	0.0450178339	0.0841033039	0.0244457246	0.0753549391	0.0200198522	0.006276571	0.037741211	0.0253407395	0.0174012884	0.0943048774	-0.0185151571	-0.0452665396	-0.0727576509	-0.0091477368	0.0121066983	-0.0442891236	-0.0244848654	-0.0018344004	-0.0023438316	-0.0779140776	-0.0201297213	0.060027372	0.1349787969	-0.1412770356	-0.0403149412	0.0186874816	0.0230514045	0.0638737162	0.1602841297	-0.0475700927	0.0897390508	-0.0171020997	0.1183263139	-0.0476977318	0.1068545899	0.0004169185	-0.0356997448	-0.0090960853	0.0204244583	-0.0595791054	0.0816550336	0.057206975	0.0326349573	-0.0608894253	-0.0139065982	-0.0180783205	0.0127702682	0.0119387526	0.0197670042	0.0393368025	0.0955027628	0.0061731199	-0.0064049575	-0.0616834165	-0.0015929167	-0.0722383588	0.0503505141	-0.0498457238	-0.0280154244	-0.0058959122	-0.0631719447	0.1006536422	0.0136996156	0.0364357723	0.0151048401	0.0536282442	0.0244118588	-0.0025625168	-0.0461522643	-0.0960129568	-0.0676765963	0.1019090983	0.0101359622	-0.0622550373	-0.1018021159	0.0352939451	0.0167834029	0.0894153057	0.0245469514	-0.0270052731	0.065199187	-0.0477376966	0.0403442999	-0.0715496379	0.0848841378	-0.0661664464	0.0221220271	-0.0526038109	-0.0458785367	0.1031751999	-0.0885720364	-0.0186541756	0.0143425743	0.0047559584	0.0195130708	-0.0316738579	0.0192405122	-0.0204254396	0.0467693668	-0.0428821381	0.0296951862	0.0112112698	-0.0555866978	0.0405393505	-0.0544247916	0.034008677	-0.0304624418	0.0209732495	0.050385625	-0.0302594317	-0.0181990815	0.055211967	-0.0125111243	-0.0471388071	-0.0033840855	0.0091914394	0.0178838141	0.0185292754	-0.0668325226	0.0025471182	0.0631814888	-0.0931113328	0.070284102	-0.0076337529	-0.0593418965	0.0926943039	-0.073525926	0.0	-0.0287001485034892	-0.012690783567237	0.0001610559875504	0.0008236985241223	-0.0219856649580236	-0.0183497920085784	0.0004833694636464	0.000336714866758	0.2690433113193649	0.0078716543844592	6.19629427483765e-05	0.0723843033656886	-0.0061320314240702	9.500102253749958e-05	3.760180938578441e-05	9.025194283170505e-09	0.0001988204500573	8.7140812733e-05	7.593521243767774e-09	3.9529571360987326e-08	-0.0001038919870652	-4.623819108887136e-05	1.0793544976355684e-08	2.1379703151709833e-09	0.0	0.0	0.0	0.0	0.0	0.0	0.0	0.0	0.0	0.0	0.0	0.0	0.0	0.0	0.0	0.0	0.0	0.0	0.0	0.0	0.0	0.0	0.0	0.0
5201.349491753448	7.087703056689861	50.2355346198108	27054036.535363853	14367.244466771836	-26.24140687600084	206417713.56798592	688.611434831824	4904.655080502399	8.453814852202413	71.4669855553181	24055641.458697997	6190.682104411435	6629.262328843356	0.921444	25.346592	0.0581049924453141	0.0274669409968512	0.038713276	0.0145422006	-0.082295477	0.0373641101	0.0380110536	0.0169957456	0.0632572036	-0.0518655178	0.0314012341	-0.0119980355	-0.0025855106	0.0257251409	-0.0085968503	-0.0351224786	-0.0583487337	-0.0081503641	0.0422361418	0.0191553243	-0.0914469075	-0.0022228982	0.028118357	-0.03377345	0.0766383801	-0.0162983916	-0.0174380445	-0.03561954	-0.0047852518	-0.0220659158	-0.0058797719	0.0028040845	0.0548218761	0.0408408129	-0.0257788636	0.0333263485	0.0093235038	0.0071094612	0.082948711	-0.0050431954	-0.0093906381	0.0424705432	0.0443519114	0.0788988835	-0.061470444	-0.0262220629	0.0648092347	0.0254416149	-0.1659293529	0.0966750364	0.0480097059	-0.092241778	0.0268737093	0.0421164668	0.0182489709	0.0791266557	-0.0955400644	0.0486178546	0.0863272793	-0.0654445713	0.0390863247	0.103024241	-0.0288532024	-0.1140996171	0.0191527416	-0.0963254695	-0.0098065318	-0.0768849417	0.0707986211	-0.040542692	-0.0586254979	0.0822298446	-0.0540043893	0.0845625561	-0.1276736383	-0.0192007109	-0.0765177876	0.0221053516	0.0097994726	0.083878245	0.0440438504	0.1555962735	-0.0921205422	-0.0282476049	-0.0607175736	-0.0601528393	0.0368011362	-0.0041826238	0.0805032329	0.0415138761	-0.0154445779	-0.0610192987	0.0084232512	-0.0284721046	0.0308599831	0.0815863868	0.016285263	-0.0316115843	-0.0165902811	0.0468271054	0.0441842106	-0.0003276812	0.007362758	0.0060174438	0.0179524432	0.0107966425	-0.0184361389	0.0023047765	0.0598964696	0.0058093113	-0.0106031623	0.0558194082	0.0228479491	0.0182027386	-0.0487687643	-0.032636047	-0.1146816244	0.0363744809	0.0284467054	-0.0766838122	0.0036857809	-0.0405796177	-0.0424107151	0.000757291	-0.0545641274	0.0784643254	-0.003461484	-0.0561540535	0.0839335923	-0.0271296187	-0.1492892781	0.0806545884	0.0439755374	-0.1121623395	-0.039049854	-0.0885468725	0.0320273773	0.005103411	0.0703818474	-0.1095527772	-0.0734134584	-0.0427014708	0.0252184421	-0.0267712292	-0.0223394835	-0.0511832204	0.0399247835	0.1345184972	0.0285277305	0.0243673865	-0.0317233512	0.0024383946	-0.0193681602	0.0331344165	-0.0444800143	-0.0065351625	-0.0384131259	0.005883958	0.0593726332	0.034364458	-0.0249845944	0.0181140441	0.0158403547	0.084563148	-0.0108405635	0.0199484932	0.0120212784	0.0240262983	-0.0545109634	0.0322587886	-0.0350423242	-0.0605057656	-0.0044463741	-0.0677145291	0.0050923356	0.0603188546	-0.0926943039	0.0743024598	-0.015216262	-0.0522036565	0.0910324077	-0.0800040612	0.0	-0.0112922164591111	0.0174079320443781	0.0003030360980616	0.0001275141525594	-0.0271619775218283	-0.0051763125638047	0.0007377730228963	2.6794211758202385e-05	0.2554746003771839	-0.0135687109421809	0.0001841099166324	0.0652672714378818	-0.0059940416227676	0.0001379898013026	3.592853497547044e-05	1.904118526353116e-08	0.0003608978802387	0.0001620774301814	2.62690933742066e-08	1.3024727996078706e-07	3.508151934980769e-05	0.000138973506415	1.2307129998909316e-09	1.9313635485282185e-08	0.0	0.0	0.0	0.0	0.0	0.0	0.0	0.0	0.0	0.0	0.0	0.0	0.0	0.0	0.0	0.0	0.0	0.0	0.0	0.0	0.0	0.0	0.0	0.0
5195.351763118832	-5.997728634615669	35.972748774488736	26991679.94254196	14337.109584084536	-30.134882687299974	205552711.22604865	908.111154577332	4903.63744619356	-1.0176343088387512	1.035579586525723	24045660.2037117	6190.63678755755	6703.362131541434	0.962709	26.481682	0.0787311533099381	0.0474994948499956	0.0393597795	0.0209470719	0.0293723584	-0.0252425889	-0.064094505	0.0609658778	-0.0200812528	0.027817099	0.0242158939	0.0478519494	-0.0339516238	0.0485940529	-0.0130876394	-0.0500469927	0.0707783446	-0.0098303322	0.0407022804	-0.059455392	-0.0492218819	0.0090604646	-0.0318274556	-0.0272863448	-0.0378800909	-0.0129109558	0.0325999545	0.0962355023	-0.0021381445	-0.0509390467	-0.04124795	-0.0119781524	0.0227080826	0.0638133851	-0.0083817455	-0.0063551707	-0.0353105911	-0.0895083367	0.0004967887	0.0889581486	0.0637879677	0.0977343015	0.0118708238	-0.0609020644	0.0074886041	0.0289985159	-7.35619e-05	-0.0054383173	0.1022999422	0.0097923867	0.0191739089	0.0232480643	0.0845270588	0.0648229259	-0.0418933312	-0.1252867332	-0.0775006305	-0.048230235	-0.0509077498	0.1199637379	0.0825859175	0.0850677548	0.0698478373	-0.0030052059	0.0400572015	-0.0219789274	0.0163856959	-0.1322220288	0.0381960202	0.0479485286	0.0997102185	-0.0495276111	-0.1042102085	0.019385382	0.0906538887	-0.0548347221	-0.1641263871	0.0506346018	-0.0113228427	-0.0942975035	-0.0453434704	-0.0505239226	0.0355518568	-0.0915364897	0.0685908092	0.0249913689	-0.032630921	0.020742072	-0.0316450317	0.1639135407	-0.0500198383	0.0117165377	0.0126894312	-0.0281263818	0.0827049048	-0.0100114353	-0.0301151763	0.0143473697	0.0683050424	-0.0190356812	-0.0412378643	0.0413856056	-0.0585509395	-0.0255622621	0.0183428599	-0.0188388103	-0.0178258696	0.0110921019	-0.0605138967	0.0074059766	0.0471657596	0.0526048684	-0.1306064691	0.0173426202	-0.0064570856	0.0879701244	0.0522584758	0.0286345614	0.0480763432	0.0663417377	-0.0306030542	-0.0636005763	-0.0015038379	-0.0380556692	-0.0400212455	-0.0034929843	-0.0032584095	-0.0838168386	-0.1454663383	0.0469667155	-0.0509538762	-0.0408030317	0.0377548335	0.0883043742	0.1164725373	-0.0544078761	0.0659355351	0.0637343855	0.0031077437	-0.0701506722	0.0216797761	-0.0205927659	-0.0369374567	0.0424269899	0.1038675617	0.0467277902	-0.0475988321	-0.0007153501	0.0696711147	0.0276566025	-0.0318687951	0.0234409695	-0.008518425	-0.0224017804	0.0419153195	-0.0328157178	-0.0052887816	0.0281469858	-0.0345905199	0.0323186375	-0.021666659	0.0752006108	-0.0140503999	0.0401785592	0.0240464643	-0.0165221463	0.0083612743	0.0226189525	0.0089285264	-0.0409970447	-0.0105223462	0.0251182788	0.0614525826	-0.0685839023	0.0076337529	0.0573549508	-0.0920006388	0.0779743851	-0.0226966273	-0.0445885354	0.0882846163	-0.085274677	0.0	-0.0112072775422547	8.493891685640124e-05	7.214619596738643e-09	0.0001256030699091	-0.0466294273919203	-0.019467449870092	0.0021743034988983	0.0003789816044445	0.2429309303285265	-0.0125436700486573	0.0001573436582895	0.0590154369102833	-0.00522804097997	0.0007660006427976	2.733241248824568e-05	5.867569847663365e-07	0.0005063556171924	0.0001454577369537	2.1157953239691797e-08	2.563960110622964e-07	5.632502908515516e-05	2.124350973534747e-05	3.1725089014435752e-09	4.5128670587580276e-10	0.0	0.0	0.0	0.0	0.0	0.0	0.0	0.0	0.0	0.0	0.0	0.0	0.0	0.0	0.0	0.0	0.0	0.0	0.0	0.0	0.0	0.0	0.0	0.0
5187.458000519658	-7.893762599174806	62.311487972131	26909720.507155403	14328.331728265224	-8.777855819311299	205301090.1152119	77.05075278461723	4895.0504233193205	-8.587022874239665	73.73696184271523	23961518.646838658	6185.510391319468	6648.62874824899	1.006294	27.680595	0.1804773948620454	0.0823060847037798	0.0116534195	-0.0149169232	0.1397309651	-0.0395999599	0.0322636684	0.0321529068	-0.05683266	0.0732593637	-0.0282626899	-0.0550753153	0.0529735334	-0.1067125833	0.0213962871	0.0328410285	0.08828284	-0.0294430136	-0.0038286764	-0.0350339503	0.1003430922	-0.0864594388	-0.0755774403	-0.051019246	-0.0691550125	0.0122126477	-0.0223268398	0.0673326566	-0.0195944323	-0.015421008	-0.0406414977	0.0836675954	0.033799724	0.0112508098	-0.0347602804	0.03570282	0.1330064844	-0.128843826	-0.0097942362	0.0256209808	-0.0307527997	0.0627074107	0.0262640207	-0.0105121569	-0.0082365426	0.0927493028	-0.0039882724	-0.1013852828	0.0983683259	-0.0907046521	0.0456075584	-0.0074835031	0.1733759156	0.0341738798	-0.0453883561	-0.0420936576	-0.02893646	-0.0501410959	-0.0854011117	0.0006714559	0.1306360483	-0.0019023869	0.023627669	0.0334907352	0.0448088352	-0.0002156336	0.0327984968	0.1073515302	-0.0097951591	0.0537932568	-0.0261221703	0.1970289111	0.0393768948	0.0833977404	0.1180431152	-0.0199720663	-0.0326612582	-0.0105274473	0.0249752673	-0.0524848573	0.0265215136	-0.0729241044	0.072167854	0.1000784511	-0.0500611356	-0.0800547612	-0.1270882463	-0.0207575758	0.0129881471	0.0192971296	-0.0306107313	0.0779831339	0.0355086115	0.114045671	-0.0195079464	-0.046810361	0.0297117244	-0.0208476596	0.0678142824	-0.0739160885	-0.0029627516	0.0481845497	0.0165967277	0.056294618	-0.0232315768	-0.0778423926	0.0095371279	0.003996222	0.0259719961	-0.0056757876	0.0071403085	-0.0618274536	-0.0641014018	-0.087100224	-0.0804257506	0.0288481832	-0.0240209844	-0.082892566	-0.0172294841	-0.0033606176	-0.0669746904	0.0147412064	-0.0474647137	-0.082508877	-0.0165029864	-0.0003646746	9.78457e-05	0.0275359871	-0.0254530079	0.1098758713	-0.099070791	0.023954114	0.0949058319	0.1115828989	0.1531950856	-0.0317007989	-0.0379274424	0.109356258	-0.0579630587	-0.0559546791	0.1218917494	-0.0325661677	0.0392138823	0.0417530067	-0.0024770986	-0.0101587675	0.0191219908	-0.04744297	-0.0488973884	0.0156358279	0.0027326422	-0.0041653904	0.0116209254	0.0250006857	0.1157025316	-0.0270763878	0.0623036427	-0.1155611661	-0.053070213	-0.0213316381	0.0326738909	0.0250155553	-0.0068324858	-0.0358431256	-0.0453322552	-0.0108900048	-0.0264836601	0.0402053897	0.0466091613	0.009994327	-0.0599892978	-0.016313835	0.0037105204	-0.0694404798	0.0101694736	0.0542947536	-0.0910324077	0.0812827579	-0.0300246349	-0.0365660973	0.0844837072	-0.0892582227	0.0	-0.0202230253358948	-0.0090157477936401	8.128370827852635e-05	0.0004089707537362	-0.0086356842068937	0.0379937431850266	7.457504172119327e-05	0.0014435245212097	0.288673191912018	0.0457422615834915	0.0020923544947725	0.0833322117286727	-0.0043119942376868	0.0009160467422831	1.859329430584417e-05	8.391416340476626e-07	-0.0002093871905008	-0.0007157428076932	5.122877667645452e-07	4.384299554581832e-08	0.0001790483251065	0.0001227232960213	3.2058302723442924e-08	1.5061007386342637e-08	0.0	0.0	0.0	0.0	0.0	0.0	0.0	0.0	0.0	0.0	0.0	0.0	0.0	0.0	0.0	0.0	0.0	0.0	0.0	0.0	0.0	0.0	0.0	0.0
5195.809583114871	8.351582595213586	69.74893184467449	26996437.22398833	14362.755868765023	34.42414049979925	206288756.1457441	1185.021449149919	4892.022862250637	-3.0275610686830987	9.166126024605546	23931887.68478292	6182.409999590856	6629.016561528159	1.182866	32.537655	0.0982617977156201	0.0536529809679521	0.0556397233	-0.0348201277	-0.0111830661	0.0868623942	0.0680648087	-0.0042972303	0.1024721111	-0.0355947146	-0.0104993298	-0.0833763336	0.0550623618	0.059881163	0.0239180597	0.0483811534	-0.0945498143	-0.0530714784	-0.0184727594	0.1217429836	0.0025735509	0.0080704577	-0.0029117398	-0.0722660707	0.0715483138	0.0400838082	0.0255351878	-0.0034963602	-0.0063952004	-0.0594685431	-0.079282921	-0.0357780178	0.060590109	0.0355885875	0.0672168747	0.0341862846	-0.1273607392	0.0154507615	0.0521178708	-0.0364539936	0.0757168104	-0.0357334963	-0.0062917093	0.0756242011	-0.1263185269	0.0678849687	-0.0329068629	0.0262029101	-0.0763675311	0.1065169847	0.075389363	-0.0186046663	-0.0026101276	-0.038691067	0.0177082637	0.0995748747	-0.0357409572	-0.0543022181	0.0033448343	-0.0229902961	0.0540729437	-0.0635295293	0.0484881387	0.0467125757	0.0550617852	0.1428966099	0.0226098859	0.0863106756	0.1049984415	-0.0425443261	0.0786642086	-0.1019261778	-0.030539463	0.0182615679	-0.0422559041	0.0228732701	-0.0371059498	-0.0712869271	0.0515003209	-0.0439550956	0.0412681003	-0.0899327497	-0.1402563068	0.0597693446	-0.0829391994	-0.1280206648	0.0444572219	-0.0682813667	0.0185210114	-0.0716552555	-0.0131932736	-0.0856578479	-0.0190071109	0.0431818395	-0.0767443387	0.0915308265	0.0185036669	0.0255367541	-0.1043489456	0.0376349224	-0.0315004762	0.0255018373	-0.0170260228	-0.0841224783	-0.0116581631	-0.0043743509	-0.062889893	-0.0685238292	-0.0534315542	0.0934135837	-0.0739569966	0.0697776461	0.0123801624	0.0058816237	-0.0449531725	-0.0265176318	0.0199848232	-0.0383057194	-0.026850712	-0.0977772359	-0.0302435536	-0.0369182893	0.0317112714	-0.0368401334	-0.0553423906	0.0512689744	-0.0013459839	-0.0737365869	0.0543695837	0.0832743074	-0.012650793	-0.0156814452	0.0158816309	-0.0737140352	0.0009525306	0.011229549	0.038760693	-0.0307244446	-0.0317415964	0.0352525615	-0.0216764528	-0.016555448	0.1131723989	0.0783650903	-0.0970948223	0.0857682755	-0.0986484701	0.0763042653	-0.121997057	0.0412602655	-0.0147317396	0.0089995103	0.0214999094	0.1165859148	-0.0396280947	0.0086152467	0.0169580193	-0.0633283829	0.0402097176	-0.0075275668	-0.0129261166	0.0100597658	0.0125425313	-0.0258018435	-0.0490619727	0.0283880119	0.109728121	-0.000388741	-0.0225912718	-0.1228430547	0.0600734887	0.0660410892	-0.045943347	-0.070284102	0.0126976055	0.0511434007	-0.0897925	0.084212153	-0.0371510932	-0.0282096273	0.0796750203	-0.0918945739	0.0	-0.0427864444266674	-0.0225634190907726	0.0005091078810658	0.0018306798266762	-0.0056884871666369	0.0029471970402567	3.235888624499271e-05	8.685970394098437e-06	0.2456680090575602	-0.0430051828544578	0.0018494457523453	0.0603527706743054	-0.0044070144301481	-9.502019246129984e-05	1.9421776187533584e-05	9.028836975382463e-09	6.410547662638599e-05	0.0002734926671271	7.479823897234179e-08	4.1095121334961214e-09	-4.735878990767264e-05	-0.0002264071150141	2.242854981519076e-09	5.12601817290408e-08	0.0	0.0	0.0	0.0	0.0	0.0	0.0	0.0	0.0	0.0	0.0	0.0	0.0	0.0	0.0	0.0	0.0	0.0	0.0	0.0	0.0	0.0	0.0	0.0
5197.442015773755	1.632432658883772	2.6648363857903417	27013403.507330354	14394.71251502404	31.95664625901736	207207748.3901897	1021.2272401239684	4893.157886240019	1.135023989381807	1.2882794564721924	23942994.09967289	6188.957829922273	6638.14312114608	1.063129	29.243979	0.0962308289621623	0.0585740632063037	0.0670685668	0.0095124471	-0.0645047784	-0.0244159576	0.0621724644	0.0514377543	0.0307237654	-0.0402879076	0.090852172	-0.028238096	-0.0367654689	-0.0034336054	-0.0397232433	-0.046906531	-0.0121338067	-0.0232322131	0.0531267287	0.0186717103	0.0014567697	0.0201127112	0.0648176226	0.0102393165	-0.0208721291	0.0298886229	-0.0835807699	0.0204942942	-0.0168943824	-0.0394280982	-0.0164634353	0.09771145	-0.0176604393	-0.0371618472	0.0342893478	0.0941050113	0.0679881049	0.0216249858	0.0792807607	-0.0028728205	0.0962939331	-0.0376613239	-0.0502102459	0.044170252	0.0357401335	-0.0720858527	0.0400548947	-0.028090434	0.0440815427	-0.0035615914	-0.0128592467	0.02687608	-0.0272972722	0.0709893927	-0.0132304652	-0.0180493359	0.0188064293	0.1429731966	-0.0072551793	-0.1226655766	-0.0295618799	-0.0489711091	-0.0770920163	0.0594459766	-0.0415186204	0.1389226591	0.0741168642	-0.081113421	0.061620682	-0.0626276491	0.0678787046	-0.04759123	-0.0353955978	-0.0331377218	0.0650330586	0.0648139111	-0.0458448486	-0.0147313562	0.049146732	0.2079928372	-0.0064829293	-0.0098240489	0.0027612745	0.0369440192	-0.075780311	-0.1847813832	-0.1084176736	0.0671572409	-0.0599282817	0.0679475609	-0.0461995253	-0.0087586899	0.0272510428	-0.0189256149	0.0564327534	0.0420588166	0.0641210739	0.0083288947	-0.0125405591	0.0198585091	0.053099709	-0.0755522274	-0.0053261495	0.0312251465	-0.031595244	-0.0564354777	-0.0657564292	0.0375989564	0.028721347	0.0249813711	-0.0431153253	-0.0495417733	-0.0489044723	0.0691375855	-0.0351612528	-0.021946711	-0.0481852664	-0.0177274851	-0.0790000389	0.1062391287	-0.0806197453	-0.0542905376	0.0046490957	0.0445275944	-0.0620853122	-0.016849417	-0.0796907626	0.006748502	0.0104003297	-0.0893240301	-0.0390411748	-0.0135018441	-0.020747399	-0.0455808985	-0.0718328838	0.0497240477	0.0894548269	0.014647944	0.0066604537	0.0136580473	-0.0543242358	-0.0642051859	-0.1170556901	0.0213256771	-0.0420487673	0.0210562614	0.1186599289	-0.0136345836	-0.0332309019	0.0365848945	-0.0411691086	0.013820047	0.0119170236	-0.0053544942	0.0306122351	-0.012013218	-0.0357518933	-0.0290737972	0.0609375044	0.069462603	-0.0722814977	0.0375011697	0.0448406161	-0.0225007192	-0.0665907511	0.0693434984	0.0090902058	0.0624298501	0.0459758925	-0.0856944668	-0.0438782219	0.0258304126	-0.073289286	-0.0711146114	0.015216262	0.047906183	-0.0882846163	0.0867489121	-0.0440281638	-0.019595462	0.0739159167	-0.0931439394	0.0	-0.0449654134526724	-0.0021789690260049	4.747906016289177e-06	0.0020218884069697	-0.0570264439538732	-0.0513379567872363	0.0032520153100242	0.0026355858070881	0.2274432749238286	-0.0182247341337316	0.0003321409342452	0.0517304433080762	-0.0044590138142548	-5.199938410670006e-05	1.988280419571514e-05	2.703935947476131e-09	5.95198574382394e-06	-5.815349088256205e-05	3.381828501828228e-09	3.542613429468342e-11	-0.0004269892952222	-0.0003796305053145	1.8231985823435106e-07	1.4411932056536338e-07	0.0	0.0	0.0	0.0	0.0	0.0	0.0	0.0	0.0	0.0	0.0	0.0	0.0	0.0	0.0	0.0	0.0	0.0	0.0	0.0	0.0	0.0	0.0	0.0
5191.850816675209	-5.591199098545985	31.26150735958144	26955314.90261104	14325.360257036258	-69.35225798778265	205215946.49387392	4809.735688003962	4897.705258258719	4.547372018700116	20.67859227645677	23987516.79677511	6178.174698633028	6647.532296272173	0.990705	27.251793	0.1023705516669341	0.0716493130800071	0.0305968366	-0.0304051483	-0.0407092704	-0.0252280898	-0.0337279071	0.0310025066	-0.012017387	0.0300681997	0.0015335372	0.0073247258	-0.0166482866	-0.0134322569	0.0078478482	-0.0927456659	0.0021112821	-0.0130693665	0.0193090471	-0.0374784916	-0.0338054208	0.0371358864	-0.003242459	0.0333262897	0.0033581037	0.0510157968	0.0029320241	0.0724122462	-0.0604118672	0.0542303711	-0.0061039609	0.0662933721	-0.0405007615	-0.0776612114	0.1817830446	0.0428501844	0.0187717987	-0.063189446	-0.0603692462	-0.0380028476	0.003983883	-0.0872195461	-0.1027865287	0.0098846649	-0.0198810571	-0.0741713821	-0.0639433755	0.0272959443	0.0783740091	-0.0190409297	0.0156703803	-0.1050483908	-0.059132858	0.0617025123	-0.0439347882	0.0910446822	-0.0875522206	0.113901084	0.0055267835	-0.0065221098	-0.0169652947	0.0755595118	0.015589821	0.0899132712	-0.1041299444	0.0823292945	-0.130382905	0.1033400559	-0.042135897	-0.0447783732	-0.0324682783	-0.0252346201	0.0626760341	-0.083286448	0.0755961406	0.0325123612	0.0264873307	-0.0146550139	-0.0142352444	-0.0981144137	0.0436594106	0.0238467831	-0.0034637232	-0.0175895539	0.0118483659	-0.0481305959	-0.092225907	-0.1891788185	-0.0097067058	-0.1456631479	-0.0257136585	0.0064395806	0.0098212006	-0.0121690378	0.0445301346	0.0005158482	-0.028715593	-0.0782329597	-0.0107660649	0.0644098465	0.0179144294	0.0165149805	-0.0592542091	-0.0837038508	0.0098115916	-0.0670819611	-0.0492749149	-0.0493740833	-0.0263311598	0.0423177443	-0.118601445	-0.1109704351	0.0805641942	0.0376044942	0.016932532	-0.0271978675	0.0995479541	-0.0903999808	0.0252497213	0.0879962665	0.0490685453	0.1989401926	0.030803883	0.1195589231	0.038583492	0.0462211803	-0.0755649385	0.0395700144	-0.0657408671	-0.0642723855	-0.0643315979	-0.1207224515	0.026692227	-0.0461850147	-0.0990174617	0.0617178211	0.0889166213	-0.0043471339	-0.0644430135	-0.0361015544	0.087539811	0.1130115323	0.0595054665	0.009394786	-0.0030000021	-5.85726e-05	0.0033638765	-0.1129639454	-0.0863550383	0.0285276697	-0.015511837	0.0040148629	0.0199646262	0.0478443368	0.0368198026	-0.0391109147	0.0134391789	-0.0105638014	0.00637917	0.0521929207	-0.1320826453	0.0201895323	-0.0314015966	-0.0696716178	-0.0304469081	0.0699123551	0.0273931443	0.0668525093	-0.0330776674	-0.0860577731	-0.070930274	0.0208975764	-0.0665259783	-0.0719318531	0.0177235635	0.0445885354	-0.0865132565	0.0888812078	-0.0506096822	-0.0108022918	0.0672750948	-0.0929874623	0.0	-0.0450038624260429	-3.844897337049874e-05	1.4783235532453211e-09	0.0020253476332621	0.0071660749843687	0.0641925189382419	5.135263068159487e-05	0.0041206794876365	0.2288952247103992	0.0014519497865705	2.1081581827223947e-06	0.0523930238952241	-0.0040930871739813	0.0003659266402734	1.675336261381023e-05	1.3390230606185146e-07	-0.0003601242443338	-0.0003660762300776	1.3401180622784546e-07	1.2968947135699048e-07	-0.0004287391042461	-1.7498090239000095e-06	1.8381721950974825e-07	3.061831620121905e-12	0.0	0.0	0.0	0.0	0.0	0.0	0.0	0.0	0.0	0.0	0.0	0.0	0.0	0.0	0.0	0.0	0.0	0.0	0.0	0.0	0.0	0.0	0.0	0.0
5190.687882650923	-1.1629340242861872	1.3524155448424662	26943240.69509912	14275.043173452525	-50.31708358373362	203776857.6039335	2531.808900372436	4897.035837466351	-0.669420792368328	0.44812419725504	23980959.993429765	6181.911874049816	6699.13574542738	1.228828	33.801956	0.2426548922116778	0.1190550298248936	0.1107792804	0.057343	0.0541983902	-0.0112525833	-0.0714313338	0.1201899358	-0.0099271764	0.0631966954	-0.0077794447	0.0729413498	0.0440181055	0.0878752664	-0.0297270548	-0.0131323246	-0.0072895065	-0.1038138518	0.1262878344	-0.0514044156	-0.0122061816	0.0013614279	-0.0510040009	0.0522944552	-0.025043876	-0.094060751	0.0425088966	-0.0204388136	-0.0242328038	0.0844196965	0.0668498637	-0.062646095	0.0841272768	-0.0293698471	0.0778520636	0.0510653872	-0.0751734567	0.0870820125	0.0497636425	-0.0869882941	0.0493296509	0.0254852136	-0.1269782576	-0.0876402783	-0.0808957126	0.1434518687	-0.0424125006	0.0151100689	0.0162374092	-0.0809272072	-0.031884366	0.0483913255	0.0872830153	-0.1113534949	0.0477961518	-0.1124918165	0.1895936941	-0.0470296968	-0.0024508442	0.036883038	-0.1649109085	0.0480129049	-0.0617588841	0.1488440089	-0.0363173536	-0.1431952784	-0.0992820309	-0.0064974261	0.0808683096	-0.0682650414	-0.0173792253	0.1926746365	-0.0396902417	0.0761553191	-0.0359291778	0.0681416011	0.0289958601	-0.1313141746	-0.0930085318	0.1146843022	0.0004264598	0.0540443102	-0.0078379925	0.0206991578	0.0546289053	0.023517191	-0.0606680674	-0.0361968883	0.0184926189	0.0512082781	-0.1311845693	0.0328030225	0.0283458687	-0.043251923	-0.0137727939	0.0140589492	-0.1479143752	0.0320629343	0.0227701578	-0.0158992084	-0.0484338382	-0.0325518254	0.0413024401	0.0314861773	0.0103304819	-0.0053309523	0.00689925	-0.1150638328	-0.0507314996	0.0571037464	-0.1020788178	-0.0994853467	0.0988625151	0.1628629959	-0.0672523342	-0.0831853114	0.031066604	0.1606591804	-0.0808016729	-0.0109339338	-0.1419242164	-0.033782601	0.014217207	0.0184804202	0.0506657787	-0.0556805402	0.0897716389	0.0168915609	0.0238371395	-0.0260537227	0.0527280411	0.1961073588	-0.1226342473	0.1691747226	0.151951862	-0.0498057511	-0.0707816471	-0.1945148164	-0.0174634197	-0.0602568138	-0.0192916348	0.0630057819	0.1330120576	-0.0365703965	0.0782108651	0.0072267673	0.06605558	-0.0780485438	0.1055307447	0.070075718	-0.0981341909	-0.0087337532	0.0090593201	-0.1023648243	-0.0120618412	-0.0486605016	0.0069691571	0.0298796812	-0.0853553512	0.0730986983	-0.0860913524	0.0049491598	-0.04396465	-0.0243937268	-0.0419724102	0.0039190143	0.0122374018	0.0537497242	-0.0295265284	-0.1098702017	0.1017142042	0.0377538083	-0.0419796633	-0.0727356746	0.020217639	0.0411960279	-0.0844837072	0.0905990982	-0.0568514682	-0.0019104426	0.0598317709	-0.0914275044	0.0	-0.0322491095442103	0.0127547528818326	0.0001626837210766	0.0010400050663944	-0.0617473491955706	-0.0689134241799393	0.0038127351326797	0.0047490600322042	0.1419587631184882	-0.0869364615919109	0.0075579483541218	0.020152290426131	-0.0044588865608628	-0.0003657993868814	1.988166936264289e-05	1.3380919144288124e-07	0.000296978069938	0.0006571023142718	4.317834514213554e-07	8.819597402409961e-08	-0.0008868424742527	-0.0004581033700066	7.864895741386509e-07	2.098586976114039e-07	0.0	0.0	0.0	0.0	0.0	0.0	0.0	0.0	0.0	0.0	0.0	0.0	0.0	0.0	0.0	0.0	0.0	0.0	0.0	0.0	0.0	0.0	0.0	0.0
5192.236945930375	1.549063279452639	2.399597043748565	26959324.502684392	14332.22655874399	57.18338529146604	205412718.1311666	3269.9395533922543	4900.586550137524	3.5507126711727324	12.6075604732266	24015748.5353888	6191.90823280141	6686.042283432413	1.129971	31.082651	0.1506559805264805	0.105109527376355	0.0437194679	0.0333248797	0.0416923392	-0.0738669707	-0.0814453196	0.0854277139	-0.0355750937	0.0712580012	0.042506381	0.0184880426	-0.0539762344	0.0099289489	0.0623084824	0.0312202076	0.1058543151	-0.0128835794	0.0751730385	-0.0713875892	-0.0065367741	0.0694869584	-0.039676971	-0.0890409004	-0.1360276027	-0.0616480296	0.0051049163	0.0214782958	-0.0959285123	-0.0985100731	0.0963565486	-0.0662374084	0.1638270177	0.0154096334	0.0559405422	0.0480570929	-0.011705628	0.1216633167	0.0822545335	0.031194959	-0.0151272028	0.0569474574	0.0308127741	-0.057334457	-0.0081854528	0.0874140593	0.0310582779	-0.0683851658	-0.1164517657	0.0393767621	-0.0945062681	-0.0783333432	-0.0081153062	-0.0660414468	0.0355065166	-0.1261093446	-0.0159799667	-0.0114360914	-0.0042401874	-0.0986538152	-0.1748267196	0.0851907115	0.0482056012	-0.0922724485	0.0579095732	-0.0318779729	-0.0528251488	0.0902549711	-0.1669626272	0.0118399373	-0.0030965867	-0.1364203071	-0.0425071214	-0.0072732307	-0.0454990864	-0.0998744082	0.0597003995	-0.0667915316	-0.0610179956	0.0468374112	0.0442538211	0.0728026481	0.0540611635	0.0689239498	0.0676286615	-0.0888169959	0.0607760576	-0.0188925703	-0.0340900779	0.0834319151	-0.0741199195	0.0849164139	0.0041451536	-0.0145720103	0.0886399262	-0.0338389935	0.0109803771	0.1162516821	0.057577258	0.0178887918	-0.024544103	0.1113979834	0.0475163625	-0.022762542	0.00530911	-0.0506298364	0.0652737269	0.0671707626	0.0011676538	0.1529088258	0.1170103284	-0.0443504308	0.03097601	0.0952458065	-0.0958215064	0.0132334622	-0.0552619885	-0.020231601	0.0532449702	0.0206055671	-0.0828654797	-0.085114716	0.051267442	-0.1686350036	0.1448666527	0.0359612741	0.004901697	-0.1039844651	0.0115686689	-0.0600710972	0.0296254841	0.0799375304	0.002813342	-0.0269010314	-0.0448765965	-0.0645986851	-0.1108998805	-0.0840451985	0.1382537615	-0.0492505697	-0.0857159494	0.0905381239	0.002478527	0.1030913756	-0.0548854741	-0.0413385565	-0.0433938714	0.0466699948	-0.0417082199	0.0472408328	-0.0466688067	0.0384784985	0.0526507026	-0.0409460576	0.0886166498	-0.0187818796	-0.0349227421	-0.0004009131	-0.084949714	-0.034644466	-0.1263061181	-0.0247476657	-0.05646205	-0.0723024435	-0.0083035385	-0.0596363004	-0.0221732313	0.0540027356	0.0677731236	-0.1074186551	0.0110292809	0.1116633046	0.0348675864	-0.073525926	0.0226966273	0.0377343563	-0.0822020253	0.0918945739	-0.0627116218	0.0069988586	0.0516747337	-0.0884876105	0.0	-0.0449942479383906	-0.0127451383941803	0.0001624385526868	0.0020244823475413	0.0391276705649232	0.1008750197604938	0.0015309746038371	0.01017576961168	0.1656777027858496	0.0237189396673613	0.0005625880989439	0.0274491012003963	-0.0043469500060516	0.0001119365548112	1.8895974355112003e-05	1.2529792303000881e-08	0.0001429291714436	-0.0001540488984943	2.3731063127337943e-08	2.0428748049554004e-08	-0.000887194675036	-3.522007832999384e-07	7.871143914122336e-07	1.2404539175709017e-13	0.0	0.0	0.0	0.0	0.0	0.0	0.0	0.0	0.0	0.0	0.0	0.0	0.0	0.0	0.0	0.0	0.0	0.0	0.0	0.0	0.0	0.0	0.0	0.0
5184.485598190419	-7.751347739956145	60.08339178572325	26878890.91784387	14312.798814352966	-19.427744391025044	204856209.90014365	377.43725212300507	4888.936022151673	-11.650527985851111	135.7348023491	23901695.42869222	6185.837723468078	6690.878613861601	1.213823	33.389194	0.1493588847496347	0.0849770266645956	0.0586284821	0.0229645848	0.118985711	0.0121548299	0.025592291	0.0341392465	0.0209563877	0.0140471299	-0.0407601163	-0.0017465574	0.0621636189	-0.0624019573	0.0197386852	0.1012604664	-0.0246152596	-0.0350785316	-0.0200863199	0.0599517287	0.0770100811	-0.0407615712	-0.0586611824	0.0146034213	0.0420919459	0.0522366872	0.164946308	0.0041297508	-0.011681274	0.0754958252	0.0969439301	-0.0184566213	0.1270585927	0.0291413432	0.1008315635	0.0493111123	-0.0398243594	0.0426547725	-0.0821020569	-0.0068824449	0.0243810379	0.0043213846	0.0151920893	0.0446342555	-0.0816771105	-0.0328801957	-0.0208797245	0.0368536095	-0.054393187	0.0726901293	0.0036132117	0.0172046381	-0.0923063468	0.0586124833	-0.0598783452	0.0239514115	0.0282674085	0.1089823256	-0.0718010136	-0.0355826165	-0.0243578295	-0.0163443329	-0.0060451292	0.0437901016	0.0262942103	-0.1074763928	0.087253188	0.0488265277	0.0009859061	0.0529415989	-0.0373469321	0.0272539637	-0.0079735945	0.0655428576	-0.0190495424	0.057395833	-0.0352347314	0.1001442201	0.0256644085	0.0380277609	0.0200181186	-0.0384543951	-0.0769475316	-0.0696198907	0.1226317109	0.0654485658	-0.049784138	-0.0057432783	0.0877563712	0.0424063051	-0.0432110439	-0.0095334361	0.0187216342	0.0410091137	-0.1087396765	-0.0584458378	0.0034648231	0.0107021971	-0.0479299703	-0.1049897067	-0.0970922346	0.0628185934	-0.0559256299	0.0194049553	0.0239906486	-0.0075157098	0.0254752782	0.0337917676	-0.0773216251	0.1149228675	-0.0667054275	0.0458078633	0.0933568323	0.0527560789	0.0045630678	-0.0369286551	-0.0124648155	0.0826134255	0.0225378749	0.0709624405	0.015629709	-0.0398965482	-0.1003784347	0.0639483212	0.0419517302	0.1144986578	0.003845487	-0.0297879799	0.0279294648	-0.0624185644	0.0879996695	-0.0342227943	-0.0479128291	-0.0653063269	-0.0514208247	0.049708889	0.0440372648	0.0271575856	-0.045992211	-0.1635440048	0.03449069	-0.0154443961	0.0708608171	0.0450972815	0.0026514126	-0.0164471322	0.0292103268	0.0893591335	0.0055074468	0.0195055932	-0.034997936	0.0069321118	0.0298840616	0.0398748793	-0.0432587117	0.0543513178	0.0925271694	-0.0793410242	-0.0629801614	-0.0873601973	0.056506524	0.0132185188	-0.0259558006	-0.0219817667	-0.0723613032	-0.0346414271	0.0484437893	0.0132449819	0.0024192299	-0.1088602586	0.0382619609	0.0303279109	-0.0641915128	-0.0743024598	0.0251586786	0.0342093323	-0.0796750203	0.0927615946	-0.0681508051	0.0158442251	0.042901286	-0.084212153	0.0	-0.045031804321681	-3.755638329040051e-05	1.4104819258554742e-09	0.0020278634004661	-0.0097308411413905	-0.0488585117063137	9.468926931897798e-05	0.0023871541661559	0.2289289024833252	0.0632511996974756	0.0040007142631699	0.0524084423922198	-0.004440101279796	-9.315127374440006e-05	1.9714499374846075e-05	8.677159800204157e-09	-0.0002700599143854	-0.000412989085829	1.7055998501387314e-07	7.293235735784956e-08	-0.0006491026953583	0.0002380919796776	4.213343091214101e-07	5.668779078684628e-08	0.0	0.0	0.0	0.0	0.0	0.0	0.0	0.0	0.0	0.0	0.0	0.0	0.0	0.0	0.0	0.0	0.0	0.0	0.0	0.0	0.0	0.0	0.0	0.0
5182.182572776719	-2.303025413700197	5.303926056148966	26855016.21759073	14371.030582682291	58.23176832932586	206526520.0083897	3390.938842760278	4891.341867688989	2.405845537316054	5.788092749423573	23925225.266607203	6186.523975746634	6530.352736744354	1.317514	36.24147	0.0764315944043675	0.0601384882546482	-0.0335480865	0.0078297024	-0.0843859375	0.1072617709	0.0596753472	-0.0498160416	0.1052942962	-0.0629674545	-0.0097903713	-0.0557636076	0.0325331215	-0.069522287	0.06228305	0.014927458	-0.0102978761	0.0203777012	-0.0303565913	0.1105934516	-0.0291219537	0.0010049962	0.0457358035	0.0110720146	-0.0600491048	0.0921173355	-0.0817351355	-0.0288360959	-0.0569600424	-0.0491067492	0.0142578987	0.0561390576	-0.0145489785	0.0269182633	-0.1048894659	0.0003903369	-0.0277452207	0.0525072135	0.0273658404	-0.0669670757	-0.0127332853	0.0064716743	-0.0013458604	-0.0725113673	0.0666633932	-0.0281755657	0.0676195269	0.0520689039	-0.0571344102	-0.0677384604	0.0081735041	-0.0668777417	0.0343532474	-0.0025127749	-0.0098836022	-0.0684725006	0.0577294913	0.0379063086	-0.0122721915	-0.0143934885	-0.140441341	-0.0229655233	0.0821913437	-0.0277292957	0.0612385373	0.0230054993	-0.000217581	0.0135167244	-0.0265842302	-0.0048035925	-0.0593025539	0.0256201623	0.0321370193	-0.0238793844	-0.0200442973	0.0626070314	0.1186446718	0.0339839541	-0.0416827831	0.0206627695	0.0339233556	0.0475570193	-0.0690178177	-0.0556840658	-0.0778102122	0.0651576356	-0.0478499849	-0.0014173779	0.0560879372	0.0011889119	0.0391028112	-0.1098331673	0.0364961581	0.0509151326	0.0191988274	-0.004979005	0.1121342929	0.0197669316	0.0120331276	0.0182733946	0.0454968716	-0.0742299535	0.0360900859	-0.0201772218	-0.0314167223	-0.0171927005	-0.0088008761	0.011492088	0.0538471603	-0.0419196289	-0.0025512817	0.0360242574	0.0731494782	-0.0389934108	0.0003644259	0.100116307	-0.0793475688	0.0045821766	-0.1087099393	-0.1404511054	-0.0135888523	0.0327028484	0.0386565433	-0.0507900801	0.0705808737	0.0096093598	-0.006747112	-0.0274222262	0.0133821796	-0.0789814703	0.0480985277	0.0659493095	0.0909988303	0.029374055	0.0204359402	0.1030539752	-0.0544266197	-0.093568246	-0.0251387781	0.1154355141	-0.1352315318	0.0231151256	-0.0038095081	0.0183867514	0.0095103037	-0.1366693073	0.0345559362	-0.0506192588	0.019190536	-0.0342540302	-0.007901339	-0.0010717562	0.010499642	0.0751390146	-0.0336417199	0.0219399972	-0.1222163694	-0.0128422907	0.0139202524	0.025658045	-0.0036579726	-0.0274696421	0.0215768546	-0.0096603648	-0.0422062687	0.0265428903	0.0335616773	-0.0023343995	-0.000789195	-0.0110198552	-0.0609719888	0.0378501636	-0.0800497739	-0.0750651311	0.0276019556	0.0306268741	-0.0769102337	0.0931961179	-0.0731325059	0.0245448544	0.0336160831	-0.0786656624	0.0	-0.0450824267184515	-5.062239677049857e-05	2.5626270547897837e-09	0.0020324251988245	-0.0094182849160091	0.0003125562253814	8.870409075912452e-05	9.769139402466934e-08	0.2655761421180358	0.0366472396347106	0.0013430201728439	0.0705306872622991	-0.0052066176798392	-0.0007665164000432	2.710886766401413e-05	5.87547391535187e-07	-0.0002692565347646	8.033796207999769e-07	6.454188151167146e-13	7.249908151344025e-08	-0.0006702064386444	-2.110374328609995e-05	4.491766704004099e-07	4.453679806856087e-10	0.0	0.0	0.0	0.0	0.0	0.0	0.0	0.0	0.0	0.0	0.0	0.0	0.0	0.0	0.0	0.0	0.0	0.0	0.0	0.0	0.0	0.0	0.0	0.0
5203.4823590581545	21.299786281435445	453.6808956348256	27076228.661029417	14303.03767277644	-67.99290990585177	204576886.66886207	4623.035797465276	4896.985259412876	5.643391723887362	31.84787014924037	23980464.63090699	6174.376580924945	6624.957317761122	1.199205	32.987083	0.0515818861047066	0.0405718476878479	-0.0426863166	0.0348001837	-0.035951339	-0.0432662475	-0.0096857473	-0.0532002198	-0.0098372144	0.0313702117	0.0064500972	0.0599766645	-0.0081068301	0.1303113528	0.0599663948	-0.0323350895	-0.0635899019	0.0552095564	0.0152700115	-0.0240618349	0.0158527963	0.0234497769	0.0453832368	0.0482632191	0.0169439001	-0.0948396014	0.0223269194	0.001105735	-0.0853327635	-0.0229757786	0.0092245662	-0.0067508294	-0.040699791	-0.0429951671	0.0104361108	0.0463755633	0.0155109076	-0.0714872344	-0.0303089986	0.0711036364	0.0387851643	-0.031158555	-0.0100367068	-0.0710500351	-0.0668067662	0.0038701861	0.0055058261	-0.0287675848	-0.0211335223	0.0149928943	0.1607306711	-0.0403046479	-0.0406954553	0.1258395488	0.0137896916	0.026878406	-0.073768632	-0.0337719691	0.0488877404	0.0093606224	-0.0732469291	-0.0273250823	-0.0451321204	0.0291775236	-0.0373405861	-0.030026108	-0.1381808005	-0.0711334542	-0.0268458534	0.0884596426	-0.0684892076	0.0411807471	0.099432987	0.0209094123	-0.1250771676	0.0699660452	0.0508026354	-0.0800037152	-0.0082611337	-0.0102543209	-0.0975069692	-0.0565789249	-0.082861246	-0.0629952574	0.0820723356	-0.0182859046	0.155878455	-0.0103636407	-0.0294803293	-0.0227003499	0.0459443609	0.039211248	0.0049015419	-0.0661861369	-0.0269949199	0.0291533319	-0.0766737809	0.0397999085	-0.0090593496	0.0745262133	0.0173162169	-0.0370640595	-0.0466952176	-0.0024042556	-0.009559067	-0.003575707	-0.0596149041	0.0242359883	0.0372185275	0.0704725577	-0.0434553002	-0.0584484938	-0.0435895652	0.0762144216	0.0265240929	0.0452420113	0.0658311265	-0.0731530496	0.1568484135	-0.0148439494	0.0281240295	0.0570306883	0.0332228565	0.1197935319	0.0312463383	0.0091489361	0.0023278517	-0.0664227763	0.150009251	0.0972406785	-0.091977351	-0.0765625584	0.0371673843	0.0014285403	-0.0367839967	-0.0392638241	0.0632527658	-0.0105151132	-0.0292069888	0.0146231443	-0.0630955645	0.0868878086	0.0768631338	0.0057860441	0.1287702123	-0.0583512845	-0.030319803	-0.0424932766	0.0743767951	-0.0443306935	-0.013659735	-0.0048150763	-0.0098503582	-0.0257868358	0.0153488721	0.0030231463	0.0034220798	0.0257303351	0.011427097	0.0313428521	-0.0442359909	0.0362893309	-0.0168346575	0.0121245619	-0.0315382325	-0.0178431401	0.0101603212	-0.0587851779	-0.0530312765	-0.0586205075	-0.1278140919	-0.0173875353	-0.0067358096	-0.0758137976	0.0300246349	0.0269929964	-0.0739159167	0.0931961179	-0.077623283	0.033021266	0.0239298853	-0.0719318531	0.0	-0.0452876307533074	-0.0002052040348558	4.210869592113996e-08	0.0020509694992479	-0.0497802011248751	-0.040361916208866	0.002478068424033	0.0016290842800515	0.2637891915866461	-0.0017869505313897	3.1931922016340005e-06	0.0695847375979362	-0.0050711210151852	0.0001354966646539	2.571626835065297e-05	1.835934613235852e-08	-0.0002691777925007	7.874226390001093e-08	6.200344124098963e-15	7.245668397554992e-08	-0.0007191873383184	-4.898089967400002e-05	5.172304275975048e-07	2.399128532874456e-09	0.0	0.0	0.0	0.0	0.0	0.0	0.0	0.0	0.0	0.0	0.0	0.0	0.0	0.0	0.0	0.0	0.0	0.0	0.0	0.0	0.0	0.0	0.0	0.0
5193.826589873906	-9.655769184248127	93.23387853947578	26975834.64568121	14354.71618714944	51.67851437300124	206057876.8136102	2670.6688478004958	4902.503252566778	5.517993153902353	30.448248446513237	24034538.14142784	6195.142654301182	6662.642562125404	1.057693	29.094458	0.0881721683350525	0.0466539011837457	-0.0384218051	0.0051747505	0.0201836728	-0.0432492824	0.0639394522	-0.0439871753	-0.0648463676	0.0301937338	0.0571961904	-0.0442251548	0.0252614414	-0.129550377	-0.0610973514	-0.0054115085	0.015939186	0.0637014252	0.0198618431	-0.085048223	0.0248347099	-0.0255050254	-0.0655551275	-0.0932959909	-0.0477781154	0.0396859748	0.0471108273	0.037792877	-0.0556812796	0.0696080926	-0.0206767857	0.03396758	-0.0163559241	0.076957118	-0.0974433541	-0.0014682498	0.0419503055	-0.0153330344	0.0428881352	0.0649512462	0.0253709573	0.0162553961	0.0236765968	-0.0924397625	-0.0392424129	-0.0436042274	-0.0223946687	0.026545252	0.0034746353	0.1059254783	-0.0173730995	0.1096022069	-0.0439606095	-0.029828571	-0.04744001	0.0220208852	0.0020544583	-0.0013788509	-0.0858173039	0.1223633503	0.0010032154	-0.0489910671	0.1097938209	0.0145495963	-0.0457961728	-0.0184836818	-0.0737600366	0.0426261502	-0.0163527779	0.0989130293	-0.0485734754	0.0121087505	0.0770871936	-0.1161246703	0.0026563024	-0.024386116	-0.0352953167	0.0490221907	0.1499079897	0.0489357875	-0.0564441413	-0.0534906289	0.0252642178	-0.0365511025	-0.0902127838	-0.0299217973	0.1195739625	-0.0249559868	-0.0269401333	0.0025367739	0.0446053802	0.0755906442	0.0440875218	0.0185355444	0.0553490827	-0.0273400447	0.0794042424	-0.0566316497	0.0398170399	-0.0883313727	-0.0273158719	0.0826990296	0.0005885658	0.0252618479	0.042371749	-0.0678810565	-0.0202019078	0.0039776709	0.0504475471	-0.0118141818	-0.0435548706	0.0218607599	-0.0186940688	0.0270193995	-0.0477304851	0.0406631113	-0.0705264636	0.0729750029	0.0593830747	-0.1005545965	0.0267176746	0.0473648676	0.0808914488	-0.0566606997	0.006172782	-0.057046742	-0.0172433252	0.0170670895	0.0507406741	0.0773425772	0.0709099675	-0.0818480818	-0.0495106203	0.0456220824	0.0498910261	0.0660817428	-0.0229327703	0.0689087562	0.0697136052	-0.1626636954	0.0484142506	-0.0246993381	0.0028073667	-0.0278443643	0.0459715432	0.0151931681	-0.0710468438	-0.0911584946	-0.0571896711	-0.0519184555	0.0102988271	0.0077247376	0.0185231998	0.0061203285	0.0735303942	0.0226098712	0.0166140177	-0.0405482637	-0.0022192934	-0.0394123903	0.0323191757	-0.021069875	0.0244599688	0.0030855259	-0.0385293786	-0.0020537182	-0.0263342595	0.0533298439	0.0153918678	0.0888472335	-0.0622927085	0.0022303676	-0.0304054179	-0.0765483197	0.0324249087	0.0233138	-0.0707010056	0.0927615946	-0.0815929909	0.0411960279	0.0139582358	-0.0641123601	0.0	-0.0450251303532098	0.0002625004000975	6.890646005139994e-08	0.0020272623633235	-0.0163695784742401	0.033410622650635	0.0002679630994243	0.0011162697059031	0.2862403018593511	0.022451110272705	0.0005040523524771	0.0819335104085324	-0.0047480703385186	0.0003230506766665	2.2544171939520137e-05	1.0436173969474787e-07	-0.0002710439025261	-1.8661100254000309e-06	3.482366626898504e-12	7.346479709657803e-08	-0.0004031454247781	0.0003160419135403	1.625262335195147e-07	9.988249111421449e-08	0.0	0.0	0.0	0.0	0.0	0.0	0.0	0.0	0.0	0.0	0.0	0.0	0.0	0.0	0.0	0.0	0.0	0.0	0.0	0.0	0.0	0.0	0.0	0.0
5182.306993754106	-11.519596119800552	132.70109476332397	26856305.77751272	14317.347127904648	-37.36905924479288	204986428.78091943	1396.44658884084	4891.856948325498	-10.646304241280632	113.34379399790996	23930264.402880453	6181.7919208228	6636.028045144031	1.021193	28.09042	0.0532784115475722	0.0442374371422678	-0.0849727067	-0.011647038	0.0183990339	0.0368543136	-0.0117277355	-0.0879165358	0.00548273	0.0003078958	-0.0322308886	0.0129369535	-0.0179917633	0.0061487674	-0.0292292478	0.089610761	-0.0295422475	0.0538252489	-0.0584661594	0.0252001849	0.017092323	-0.0331133857	-0.0039764587	0.0401170058	-0.0104470058	0.0772414734	0.0626193248	0.0657283147	-0.0578587922	0.0728564454	-0.0323340664	0.01188978	-0.0655640473	0.0948757717	-0.0680345558	0.0559828671	-0.0121618497	-0.0573032099	-0.0066516076	0.0712984254	-0.0326208954	-0.0503536923	-0.0012308351	-0.0160392065	-0.1651065506	-0.0155808123	0.0291451634	0.0037656708	0.0681812326	-0.0194368703	0.0363102503	0.0457158121	0.0611056135	-0.0887652865	-0.0586951772	-0.0083277487	-0.0403493083	-0.1012623994	0.0507352366	0.1176353083	-0.0665265159	-0.0478225403	0.024696031	0.0616405902	-0.0436898186	0.0778185897	-0.0322468703	0.1741425382	0.0838491374	0.010570553	0.0528294532	-0.0278745326	-0.0901312113	-0.0271422682	-0.0948799465	0.1024438369	0.0012732765	0.0499303184	-0.0274170571	0.0044810636	0.0471255165	-0.025833542	-0.1051439028	0.0502563835	-0.0578661737	-0.0014136073	0.0209227912	0.0638925825	0.0554601021	0.0170983812	0.081615143	-0.0293395855	0.0090579835	-0.0051329205	-0.0534903954	-0.0517659572	0.0028349508	0.021354042	-0.0428367583	-0.0872262689	-0.0448361143	-0.0136708246	-0.0528037876	-0.0136467943	0.0375837571	-0.0452103184	-0.0628567492	-0.0638144728	-0.0225490765	-0.0562349485	-0.0680582105	0.1435993885	-0.044489345	0.0724588807	0.0262025296	-0.037684669	-0.0029144223	-0.0919686673	0.1526550732	-0.1164696722	0.0547516026	0.1031813151	0.0361145736	-0.0054509328	0.0105574446	0.0657504579	0.0341085465	0.0059618966	0.0566066788	0.071524833	-0.0556009384	-0.054324969	0.0061510913	0.1110778291	0.164703343	0.0560239689	0.0296765586	-0.1141370515	-0.0498069975	0.0349201278	-0.0584358862	-0.0323619598	0.0221802494	-0.0047847242	-0.0743467465	0.0553479655	-0.0719496873	-0.0425258666	-0.0418861644	-0.0851178898	0.0484191121	-0.0415589243	0.0152680042	0.0635154015	-0.0221725546	0.0322105569	0.0173374665	-0.0068113851	-0.022023802	-0.0472039514	0.0621122444	0.0186922789	-0.032539751	-0.0318999613	0.0360913338	-0.013481731	0.0210337331	-0.0252776713	-0.011128446	-0.0108064306	-0.0234643474	-0.0011027944	-0.0446618124	-0.0772685604	0.0348009859	0.019595462	-0.0672750948	0.0918945739	-0.0850149816	0.0489944635	0.0038200832	-0.0553252047	0.0	-0.0450229739677752	2.156385434597119e-06	4.649998142542605e-12	0.0020270681849029	-0.0161165193305379	0.0002530591437022	0.0002597421953316	6.403893021129215e-08	0.3293677006777216	0.0431273988183704	0.0018599725288387	0.1084830822497292	-0.0047580460762421	-9.975737723499216e-06	2.263900246364284e-05	9.951534312804535e-11	-0.000271986957592	-9.430550658999676e-07	8.893528573195926e-13	7.397690510015242e-08	-0.0002161482735662	0.0001869971512119	4.672007616564884e-08	3.4967934561366194e-08	0.0	0.0	0.0	0.0	0.0	0.0	0.0	0.0	0.0	0.0	0.0	0.0	0.0	0.0	0.0	0.0	0.0	0.0	0.0	0.0	0.0	0.0	0.0	0.0
5178.18083286706	-4.126160887045444	17.025203665783643	26813556.737871803	14319.82847305689	2.481345152242284	205057487.4977708	6.157073764556283	4887.793015789996	-4.063932535501408	16.515547653106903	23890520.56520547	6174.433594927636	6574.491419108619	0.92353	25.403965	0.0448246891451787	0.026772887125307	-0.1105349438	-0.0173449771	0.0015062821	0.0149339832	0.0475439527	-0.0913107085	-0.0193412526	0.0156858924	-0.026925364	-0.0113619168	0.018291204	-0.0401534766	0.0335690976	0.0278312025	0.0650251701	0.0658578303	-0.079848133	0.0426799135	0.0730817835	-0.00816326	0.0160188919	0.0704737079	-0.0104821558	0.0698150811	-0.1114973682	0.0241769121	-0.0712905169	0.0299918835	-0.0369492338	0.0521114614	-0.1074752658	0.0410436011	-0.1806789227	0.0730257299	0.0316389907	0.0279640445	-0.0858880639	0.0092919025	0.0227352114	-0.0131853182	0.0442536058	-0.0417917625	-0.1205053827	-0.0359970738	0.0345384355	-0.103720179	-0.0726068239	-0.104861427	-0.1463642661	-0.1023047056	-0.0435905924	-0.0159846502	0.0489783441	-0.0170726734	0.034340542	0.0160992407	0.0421911169	0.0776982394	0.0549360757	0.0264922927	-0.122296497	-0.0326718675	0.0049054638	0.0979388624	0.0938495518	0.0300461066	-0.0512516775	0.065623443	0.0454572374	0.0346164797	-0.0348482107	0.0063699605	0.0740604285	-0.1774038493	-0.0775155712	-0.002361468	0.0592872151	-0.0289117319	-0.0318338762	0.0348186734	-0.0227172613	0.0418904728	0.0031137749	-0.0200023199	-0.0164717139	-0.1083814683	-0.1082551459	-0.0827620804	0.0973464153	0.0004743348	0.015854657	0.0547086676	-0.0121441148	-0.0551169899	0.0534151328	0.0255813998	0.0305283788	-0.0225812294	0.0437224176	-0.1036692846	0.0272266386	0.0138561939	0.0031765761	-0.0813454157	-0.087712793	0.0135902121	0.0792687228	-0.0904380994	-0.0453102889	0.0132086994	0.0366171244	-0.0994819221	0.0037747449	0.0038599833	-0.0259713409	-0.2020834681	0.0487182738	-0.119931663	0.0293425403	-0.1118344004	0.0425367973	0.0128527489	0.1589446624	-0.0571986385	-0.005807441	0.0182604669	-0.0146987758	-0.112587254	-0.1094492785	-0.0263310028	-0.0088956609	-0.0612415375	0.065439433	0.0180695788	0.0342531555	-0.0481345467	-0.0714535956	0.058133689	0.1059572163	0.0432191808	0.031459944	-0.0855653101	-0.0002105258	0.1379687101	0.0242078853	-0.0235783712	-0.0132403554	-0.0984253368	0.0571610849	-0.0135411437	0.0086244662	0.033240059	0.0934053092	-0.00715618	-0.0606679069	-0.0062569966	0.0117889857	0.013096797	0.0639728082	-0.0156766887	0.0324064339	-0.0195619462	-0.0108626046	0.0513058423	0.0040186546	-0.0601686422	0.0305734589	0.0144154381	-0.0805814043	0.0081504246	-0.0097732616	-0.0779743851	0.0371510932	0.0158442251	-0.0636484088	0.0905990982	-0.087866284	0.0563453339	-0.0063636379	-0.0457030134	0.0	-0.0449998982536641	2.3075714111100987e-05	5.324885817372652e-10	0.0020249908428401	-0.0379882074060589	-0.021871688075521	0.0014431039019257	0.0004783707392728	0.3327382964225833	0.0033705957448617	1.1360915675279823e-05	0.1107147739062029	-0.0044100389882992	0.0003480070879428	1.9448443878319037e-05	1.2110893325849698e-07	-0.0002721193247665	-1.3236717450002425e-07	1.7521068885119863e-14	7.404892691137591e-08	-0.0001731011364699	4.304713709630002e-05	2.996400344717094e-08	1.8530560121876491e-09	0.0	0.0	0.0	0.0	0.0	0.0	0.0	0.0	0.0	0.0	0.0	0.0	0.0	0.0	0.0	0.0	0.0	0.0	0.0	0.0	0.0	0.0	0.0	0.0
5184.184714037421	6.003881170360728	36.0465891078121	26875771.149259254	14291.93292580629	-27.89554725060043	204259346.75574595	778.1615564104812	4894.790493308332	6.997477518335472	48.96469161961036	23958973.973381624	6174.4675902983845	6534.015678007693	0.946856	26.045622	0.1022101625487269	0.0469885401145019	-0.1162471728	-0.0001834396	-0.0740300497	-0.0267257935	0.0173557074	-0.1073972645	-0.0391281136	0.018330946	-0.0069514008	0.0884653866	-0.0329347573	0.0012705399	0.0499042796	-0.0448807932	-0.0582587865	0.0766969537	-0.0747210226	-0.0148114906	-0.0094515641	0.0082171735	0.1379193153	0.0254027456	-0.0539852298	0.0092032747	-0.0337844788	0.0127558037	-0.0474627688	-0.0780917027	-0.0063732962	-0.0183427004	-0.0347058759	-0.0759579406	-0.0844137101	0.0265986689	0.0217843991	-0.1184644873	-0.1322427979	-0.0376147709	-0.0195528207	-0.0699154658	0.0362696498	-0.0511140365	0.0683027567	0.0468111574	0.0251696712	-0.1020854053	-0.1208698919	0.0120834911	-0.0784616149	0.0505580817	-0.0194705039	-0.1176643228	0.0773815842	-0.0242463318	-0.1109979649	0.0140911491	-0.0702192788	0.0844039519	0.0165218472	0.0013849058	-0.0465559779	-0.0904123905	0.0269196269	0.1026311646	-0.0991598215	0.0313783994	0.0302069308	0.0495776224	0.010771614	-0.0153014897	0.0125067696	-0.0221488031	-0.1226134498	0.1104990857	0.0419953635	-0.0225574678	0.0659346087	-0.0118111864	0.0982460934	0.0679402079	-0.0309217908	-0.1924649049	0.0205215558	-0.0138723335	0.0215600849	0.0347735653	-0.0419804997	0.051497107	0.0990841886	0.026317252	-0.0039923925	-0.0388483774	0.0061579544	-0.0225414218	-0.015600287	0.0307250051	-0.0340245649	0.0362863243	0.113826386	-0.0324055393	-0.0504139104	-0.0030936971	-0.0347542026	-0.0473548203	0.0154072712	-0.0467629346	0.1079715351	-0.0594199138	0.0312096375	-0.0600977574	0.0064159987	-0.0808205837	0.0460628396	0.0383250127	-0.0295460279	-0.0897013008	0.0601069589	-0.0561705165	-0.0015840039	0.0520538763	-0.0509115741	0.003743606	0.0091154171	-0.1958030988	0.0381665749	0.0572233062	0.0773958551	0.0287317632	-0.0247628991	-0.1477935976	0.0130032949	-0.0138148343	0.0264332816	0.0891972098	-0.0373080365	-0.0162912407	0.1063911268	0.052628127	0.0220625036	0.0746695066	0.0014831265	0.061564951	0.046247595	0.0858922462	-0.0488089947	0.0504455042	0.0117137843	-0.0891450917	0.0465613915	-0.0445647859	-0.0241013741	-0.0065083031	0.0101829216	0.0079730831	0.0066130339	-0.0014248494	0.0437424638	-0.0012383257	-0.0463063688	-0.0251352824	-0.0424105651	-0.0015921893	0.0864882839	-0.0175417708	-0.1017606493	-0.0333501207	-0.0218907415	0.0225545116	-0.1128858116	-0.0612893157	0.0663702137	-0.0786656624	0.039473477	0.0120663873	-0.0598317709	0.0888812078	-0.090127758	0.0631814888	-0.0164714492	-0.0353910162	0.0	-0.0410573266720177	0.0039425715816464	1.5543870676405824e-05	0.0016857040734527	-0.0114769487359325	0.0265112586701263	0.0001317203522872	0.0007028468362743	0.3057269068996291	-0.0270113895229541	0.0007296151639607	0.0934689416024145	-0.005127068141184	-0.0007170291528847	2.6286827724343956e-05	5.141308060866932e-07	-0.0003282465926495	-5.612726788299996e-05	3.150270200010039e-09	1.0774582558600679e-07	-0.0002948435711821	-0.0001217424347122	8.69327314674141e-08	1.4821220409654288e-08	0.0	0.0	0.0	0.0	0.0	0.0	0.0	0.0	0.0	0.0	0.0	0.0	0.0	0.0	0.0	0.0	0.0	0.0	0.0	0.0	0.0	0.0	0.0	0.0
5199.2652724594	15.080558421978822	227.4232423187164	27032359.37340232	14344.54675042568	52.61382461938956	205766021.47514796	2768.214541079883	4899.35408112093	4.563587812597689	20.82633372329016	24003670.41219631	6184.930568270279	6624.829030973694	1.094031	30.094015	0.0460135705089232	0.0313238889389196	-0.0950564864	0.0132662885	0.0468078513	0.0388091956	0.064875175	-0.0947700422	0.0023555965	-0.006597849	0.0187855058	-0.037366551	0.0382543056	0.0225760743	-0.0196649362	0.0129458107	-0.0415497228	0.0813452558	-0.024575289	0.0066617345	0.0119813748	-0.0880036953	-0.06376559	-0.089577337	0.0283465545	-0.0006808475	0.076201817	-0.0614853448	0.0660724439	-0.0425347167	0.0010614303	-0.0565320452	0.0201096996	0.0996409412	0.0170438697	0.0068862146	-0.0734052862	-0.0004591985	0.0513190417	0.0755117981	-0.0333531897	-0.1125648753	-0.0381525393	-0.0703788039	-0.1020985823	0.0513847898	-0.0979190829	0.0948379681	-0.1532063885	0.0063830533	0.0688262218	0.0948262055	-0.0578859417	-0.0628325643	0.0046612883	-0.0638251602	-0.0504762823	0.0031535427	0.1527862559	0.0475466799	-0.018446669	0.0409005911	-0.0398819682	-0.0398567868	0.0109597411	0.1021552589	-0.0066810439	-0.0395132632	0.082482612	0.050292081	0.0378011999	0.0004358135	0.127325291	-0.0524368237	0.0793869269	-0.0137248736	0.0369681105	0.0816309858	0.0050590441	-0.0892213359	-0.0852676254	-0.0812977574	0.0601620534	-0.0367556027	-0.0096492195	-0.0028775027	-0.0249814979	-0.0395468204	-0.0614595275	-0.0209742534	0.091500542	0.0035059637	0.0106641859	-0.0085752933	-0.0700326231	0.0565091993	0.0159105799	0.0247689301	-0.0151363777	-0.0818235806	-0.037712089	0.0762777471	0.0284439869	-0.0081865498	-0.0256046182	0.0198020159	-0.0365535585	0.0166258687	-0.0156712816	0.0324767559	0.0623882889	0.1206128909	-0.080758749	0.1033600385	0.0970775821	-0.031527831	0.0241197155	0.0244817438	0.0149064812	-0.0240108939	-0.0020402493	-0.0181843823	-0.0587735726	0.0101193293	0.0970296383	-0.0988552757	0.0583693451	-0.0354735265	0.1326172647	0.1018607339	0.0513952425	-0.0337186014	-0.0147625164	-0.1458028598	0.0297101131	-0.1144917356	0.0306845652	0.0317908381	0.133634388	0.0340476873	0.0336844334	-0.0574627407	0.0057949907	-0.0271913265	0.0893081231	0.0211187678	-0.0668152857	-0.1177276598	0.0921080506	-0.0925385499	0.041959524	-0.0221155751	0.0106430699	0.0307921749	-0.0361889769	0.0263502048	0.053663427	-0.0428608272	0.0008076168	-0.0371980365	0.0924862689	-0.0411282006	0.0602669961	0.0631484237	0.0379546003	-0.0654876439	0.0024786782	-0.0443465865	-0.0304904277	0.0475939042	-0.0425587401	0.0193495863	0.1192526124	-0.0793422632	0.0417664042	0.0082682911	-0.0558365714	0.0867489121	-0.0917842227	0.0694404798	-0.0263827782	-0.0245448544	0.0	-0.0450968004514749	-0.0040394737794572	1.6317348414922252e-05	0.0020337214109601	-0.0169447778200151	-0.0054678290840825	0.0002871254953696	2.9897154892739556e-05	0.2758229244656007	-0.0299039824340284	0.0008942481654146	0.0760782856607564	-0.005127067812897	3.2828700001485966e-10	2.6286824358044424e-05	1.0777235437875648e-19	-0.0002710546664137	5.719192623579997e-05	3.270916426561185e-09	7.347063218464218e-08	-0.0003696970208864	-7.48534497043e-05	1.366758872522793e-07	5.603038932634171e-09	0.0	0.0	0.0	0.0	0.0	0.0	0.0	0.0	0.0	0.0	0.0	0.0	0.0	0.0	0.0	0.0	0.0	0.0	0.0	0.0	0.0	0.0	0.0	0.0
5183.481672219571	-15.783600239828957	249.1220365307287	26868482.2462362	14355.402758163062	10.856007737382242	206077588.34907565	117.85290399410312	4888.354918189015	-10.999162931914723	120.98158520280693	23896013.80618273	6184.960229169179	6649.303622155878	1.201912	33.061554	0.101526426333591	0.0812407935279079	-0.0370530962	0.0240591872	-0.1215125372	0.0236973593	-0.049231566	-0.0204817694	0.0647443239	-0.071752093	0.0553156598	0.0613204047	-0.0931918682	-0.0091126951	-0.0695176744	0.0465928565	0.0007659635	0.0385893792	-0.014809315	0.0185691483	-0.0497107623	0.0687475096	0.0492102512	0.0493330358	0.0290537844	0.088884964	0.0694429261	-0.0592445661	0.0314065389	0.0150735912	0.0376087999	-0.1568602742	-0.0035466505	0.0176860759	0.0532892756	-0.0746643529	-0.0069319503	0.1160978238	0.0500900279	-0.0912569843	-0.0377041941	-0.0275984104	-0.0717699013	0.0728401	0.176813975	-0.0455322999	-0.0240613415	0.0253871976	0.1333526113	0.0856599467	-0.0028956636	-0.0434217992	0.0427588135	0.032915304	0.0144495932	-0.0604057115	-0.044375263	-0.0891000538	-0.053514795	0.0290815611	0.0210423783	0.0134564405	0.0921295811	0.0684394066	0.0009067826	-0.0570975659	0.0163047405	-0.0408925564	0.0175991504	0.0394310257	-0.0804083766	0.0177701887	0.027117462	-0.1817709373	-0.0775792992	0.0810801067	-0.1270227284	-0.0714068631	-0.0012473839	-0.0881376866	-0.0222092322	-0.0510351036	0.0718614765	-0.0571588843	-0.0359750746	-0.1015312407	0.0072905111	0.037791429	-0.0113752481	0.1201494681	0.027867156	-0.0746295212	-0.0052182774	-0.0945060673	0.039538969	-0.03072312	-0.0046500622	0.0389995555	-0.0869108465	-0.0052165226	-0.0630930503	-0.021500393	-0.0356867047	-0.0497731684	-0.0005864189	0.0976929973	0.086874311	0.0412253655	-0.1044035385	0.0331148589	0.0683501539	-0.0410139394	0.0716510961	-0.0549479425	-0.0452999401	-0.0075264216	-0.0514128673	0.0464859047	-0.1232555287	0.0440961552	0.1164451159	0.1140128795	0.0217715932	-0.0436941941	-0.1163433631	-0.0011034717	-0.0249865965	-0.026391997	-0.077942321	-0.0717854336	0.0105944241	-0.0102891023	-0.0904648782	0.0703692679	-0.0318059678	-0.0002114738	-0.0326654809	0.0958221764	0.0139375624	0.0477613203	0.0280683398	-0.108862856	0.0403658722	0.0391770253	0.07638896	-0.0746815233	-0.0419726322	-0.0656956889	0.0426182109	-0.0458448892	0.014317404	-0.035751182	-0.005284696	0.022825835	-0.0763687711	0.0258733047	-0.0305389844	0.0589821764	0.092659304	0.0050006784	-0.0511158641	0.011402191	-0.0442250565	0.0394810201	0.0241210998	-0.0144155166	-0.0072663489	0.0015800494	-0.038100805	-0.0312414984	0.0527150975	-0.0264546398	-0.0649036351	-0.0800040612	0.0440281638	0.0044563133	-0.0516747337	0.084212153	-0.0928245585	0.0750651311	-0.0359793958	-0.0133282315	0.0	-0.0450810426100503	1.5757841424601793e-05	2.4830956636289625e-10	0.0020323004028091	-0.0173979859335844	-0.0004532081135692	0.0003026899145452	2.0539759420504347e-07	0.2044325502915285	-0.0713903741740722	0.005096585524714	0.0417926676186983	-0.0046350638237515	0.0004920039891454	2.148381665024988e-05	2.420679253350847e-07	-0.000219029909803	5.20247566107e-05	2.7065753004025724e-09	4.797410138831032e-08	-0.0004190099992207	-4.93129783343e-05	1.7556937944693106e-07	2.431769832199141e-09	0.0	0.0	0.0	0.0	0.0	0.0	0.0	0.0	0.0	0.0	0.0	0.0	0.0	0.0	0.0	0.0	0.0	0.0	0.0	0.0	0.0	0.0	0.0	0.0
5194.822547763977	11.340875544406115	128.61545811370874	26986181.302757017	14288.300192808494	-67.10256535456756	204155522.39981124	4502.754277164011	4895.658820131249	7.303901942234006	53.346983581769685	23967475.28312889	6175.957233937862	6669.2448275901925	1.293027	35.567909	0.1395982631930974	0.070864869428964	-0.0682902619	0.0041257286	0.0990052199	0.005032407	-0.0666872083	-0.0474456562	-0.0183472602	0.0723612433	-0.0449560343	0.0340333416	0.0784105146	-0.0511357889	0.0436953888	-0.1091817592	0.1025118688	0.0728706827	-0.0588134243	-0.0161140013	0.028446447	-0.0032077964	-0.0245049702	0.0812859847	-0.0562975033	-0.135438467	0.0289801325	0.055395907	0.0657278837	-0.0371494637	0.0175608967	0.0976873992	-0.0248661425	-0.0682095098	0.0673414459	-0.0001411558	0.0258506663	0.0353136143	0.1269369324	0.0676843982	0.0934248962	0.0467155453	-0.0675940435	0.0947670925	0.0647473531	-0.0159922693	-0.0036690527	0.081271414	0.021687754	-0.0306906049	-0.1068611183	0.0021286528	0.0099031714	0.0373027673	0.1092885953	-0.112393579	0.0293125034	-0.0361811724	-0.0102802914	-0.0417501858	0.0365756338	0.0308620412	0.0397310891	0.0445492396	-0.0102785391	-0.1201400832	-0.0121273493	0.0431412687	0.0035723792	0.0886166202	-0.0446732206	0.0463195136	-0.1245819413	0.041945663	0.0391885012	-0.0768512771	0.0705372451	0.0678871792	-0.0290481975	0.0706879037	-0.1076322069	0.0133252051	-0.0446079927	-0.0500132622	-0.0938955934	0.0615854516	0.1079888671	0.0869020987	0.0123762215	-0.1081961018	0.0579898795	0.0368899255	0.0235314151	0.0333508846	-0.036821564	-0.0780523302	-0.0574900619	-0.0100241385	0.127531984	0.0239456078	0.0854793113	0.0217040381	-0.0150810166	-0.0196191254	-0.055021938	0.0308091227	-0.0597806579	0.049774996	-0.0056539575	0.0373120892	-0.0033918123	-0.0340118423	-0.0421468185	0.1301246727	-0.0104368843	-0.0047024966	0.0252296735	0.0585186948	-0.0701850967	0.1122558249	-0.0268229717	-0.0955906284	0.0728656764	-0.020121847	-0.0553861633	0.0875986244	0.0656954566	0.0884104148	-0.1011706696	-0.1188701994	-0.0393648032	0.02062773	-0.0201693907	-0.0038097798	0.0264302414	-0.046960794	-0.0609517952	0.1065991227	0.0435686	0.0663426056	0.0023853251	-0.0459205139	0.0336498774	0.0264388938	0.1258175762	0.0272028964	0.064609185	0.1147966961	0.009496272	-0.0514895232	0.0340052244	-0.0210576432	-0.0066185529	-0.0102578206	0.0802293973	-0.0396045938	0.0287421688	0.0076486288	-0.0488290761	0.0495125144	0.0066006355	0.1023067159	-0.0233429717	-0.0108333093	0.0345951386	0.0321549836	-0.0032201575	0.0618816258	0.0126473312	-0.0030664822	-0.0138453943	0.0582195448	0.0224688432	-0.080650933	0.0462570678	0.0006368538	-0.0473586783	0.0812827579	-0.093241782	0.0800040612	-0.0451468273	-0.0019104426	0.0	-0.0451638681541055	-8.282554405520531e-05	6.8600707480407575e-09	0.0020397749866414	-0.0678585449240358	-0.0504605589904514	0.0046047821192073	0.0025462680136288	0.2139110649190243	0.0094785146274958	8.984223954365234e-05	0.045757943694791	-0.0036901163963064	0.0009449474274451	1.3616959018289332e-05	8.929256406351132e-07	-0.00073846446591	-0.000519434556107	2.6981225807807615e-07	5.453297674117415e-07	-0.0002918647021509	0.0001271452970698	8.518500436163359e-08	1.6165926566967697e-08	0.0	0.0	0.0	0.0	0.0	0.0	0.0	0.0	0.0	0.0	0.0	0.0	0.0	0.0	0.0	0.0	0.0	0.0	0.0	0.0	0.0	0.0	0.0	0.0
5199.2761666785245	4.453618914547405	19.83472143601441	27032472.65739133	14331.572551707732	43.27235889923759	205393971.80486247	1872.4970447044263	4894.175649578651	-1.483170552597585	2.199794888092625	23952955.288928613	6179.318618555711	6689.885198268844	1.153696	31.735252	0.0836797249682752	0.0647261920636931	-0.0547443766	-0.0330925578	-0.0299018016	-0.0566436467	0.1164420334	-0.0807898341	-0.0622475056	0.0072813413	0.0514953363	-0.0735716049	-0.0159251071	-0.0540467367	0.0175369161	0.0145508874	-0.0427152303	0.0694810932	-0.0496736824	-0.04948288	0.0360300574	0.0117552101	-0.0012527124	-0.0516348197	-0.0189268432	0.0473241854	0.0013446145	-0.0084163609	0.0363877237	-0.1008716501	-0.0070783649	0.0323327618	-0.0423543735	-0.0389090572	0.1160201357	0.0008625969	0.0368288446	-0.0576608862	-0.0284469832	-0.0530161577	0.0158052248	0.1061968087	-0.0536649392	0.0094961577	0.0123806255	-0.0838237128	0.0625563093	0.0811792505	0.0113965572	-0.0383159462	0.007915649	-0.0417492176	0.0596477358	0.0453406199	-0.0411367266	0.0601528317	-0.0930531305	-0.0351350981	-0.0133804265	-0.0124048477	0.0739152033	-0.0184209358	-0.0643527056	-0.0321318035	0.0912684628	-0.0757974905	-0.0725806221	-0.0444257312	-0.0668342439	-0.0734013111	0.042811934	-0.0246704405	-0.0726530235	-0.0132458909	0.0022281715	-0.007939224	0.0467320575	-0.0128829829	0.1170843973	0.0889226894	-0.0900367099	-0.058387134	0.1336729799	0.0169369628	-0.031408782	0.0492890939	-0.0744512605	0.0214332289	0.0500524149	-0.1485529944	0.0874403761	0.0687198017	-0.0030903173	0.0266431713	0.0307262968	0.0328106677	0.066750581	-0.0555409133	-0.0424058186	0.0111465997	0.01675742	0.053542373	0.0277148677	-0.0625654979	-0.0518635417	-0.0515789798	0.0545619214	-0.0357337025	0.0496159166	-0.0300014431	0.0099466879	-0.0132703086	0.0478859137	-0.0034167131	-0.1033824559	0.0776701132	0.0646883583	0.0188851977	-0.0037687194	-0.0036587321	-0.0098918354	-0.0331142764	-0.0278650648	0.0901967885	-0.0250874555	0.0283591064	-0.0112023611	0.0509867181	-0.0985117617	-0.0110936315	-0.0207917348	-0.0849141066	0.1300242698	0.0083153589	0.0168420686	-0.0316222847	-0.0496422145	0.1419906877	0.029252406	0.0218816117	0.0701552579	-0.0369390421	-0.0549525002	0.0343609461	-0.0118909781	-0.0118806076	0.0559961036	0.084574585	0.1493619012	-0.0594821433	0.0484799452	0.0030733846	0.0070953745	0.0199090307	0.0975684455	0.0080256854	0.0283758571	-0.0315575474	0.1091695204	-0.0432743973	-0.0022244395	-0.0364074843	0.0254516626	-0.0094108038	0.0012613253	0.0516679086	-0.0068213587	0.0712577938	0.0195418618	0.0018343466	0.0724899646	0.1077997942	-0.0215663594	-0.0812827579	0.0484514532	-0.0031836749	-0.042901286	0.0779743851	-0.0930330924	0.084212153	-0.0537757173	0.0095361811	0.0	-0.0474850113078986	-0.0023211431537931	5.387705540400583e-06	0.0022548262989112	-0.0037303708153331	0.0641281741087027	1.3915666419888936e-05	0.004112422714516	0.2140574999656337	0.0001464350466093	2.1443222875492272e-08	0.0458206132915372	-0.0037900479387637	-9.993154245730016e-05	1.4364463378126971e-05	9.986313177895184e-09	-0.0006787948859108	5.966957999919997e-05	3.5604587772809253e-09	4.607624971386561e-07	-0.000109786371424	0.0001820783307268	1.2053047350448486e-08	3.315251852029437e-08	0.0	0.0	0.0	0.0	0.0	0.0	0.0	0.0	0.0	0.0	0.0	0.0	0.0	0.0	0.0	0.0	0.0	0.0	0.0	0.0	0.0	0.0	0.0	0.0
5181.074645179171	-18.20152149935348	331.2953848914268	26843534.478918474	14288.725885166266	-42.84666654146531	204167687.4214205	1835.836833715523	4892.991800918611	-1.183848660039985	1.4014976498784673	23941368.763856757	6180.247690522552	6677.287801860898	1.035207	28.475908	0.0822438844489566	0.0419910986695807	-0.0567066215	-0.0294390769	0.0275588635	-0.0258735947	-0.0939901626	-0.0386495099	-0.0384462674	0.0139797044	-0.0123698368	0.0669098298	-0.0110865531	-0.0143334684	-0.0283634423	-0.0106064356	0.0646228355	0.0488461048	-0.0480240302	-0.0758339332	-0.0067720454	0.0994321877	-0.0310439675	0.029182417	-0.0503268388	0.0197274489	0.0992197546	0.0966630597	0.0535474615	-0.0145343859	0.0300095579	0.010644279	-0.0331503533	-0.0452845291	-0.0160441488	-0.030380442	0.0566651894	0.0819341051	0.0464273609	-0.0358277245	-0.1139407779	0.0124936688	-0.0545329315	0.092955132	0.1326759824	-0.0272998106	-0.1616763955	0.0632768697	-0.0321080116	-0.0506824506	-0.042339033	-0.0056818439	-0.0359723975	0.0437374271	-0.0530040197	-0.0202219976	0.0208028964	-0.0726409149	0.0465953151	-0.0158513817	0.1131834444	-0.0009681998	-0.0870300174	-0.070986957	-0.0492988003	-0.008036176	0.0145251887	0.0360850596	-0.1540152553	0.0224869754	0.0387216599	-0.0503592922	0.0684464471	0.0414329349	-0.054345296	-0.0091112341	-0.0542787584	-0.1132195803	-0.0554479779	0.080287406	0.0220606838	0.021553878	-0.0368143492	0.0415741369	-0.0348472915	-0.013790074	-0.1699122471	0.0048918133	0.0496702359	-0.0592506708	0.0503038741	0.0320320684	-0.0207053524	-0.0479242651	0.045511809	-0.1079692329	-0.0516344211	-0.0226637753	0.0213286889	-0.009479218	-0.0141121141	0.0775061688	-0.0337082927	-0.062803806	-0.0623644417	0.0172670047	0.0301702817	0.0393563973	-0.0564958886	-0.0231138946	0.0228324414	0.0082721595	0.0053680679	0.0082439749	-0.0797693018	0.0200105921	0.0344440446	-0.0083379065	-0.032018359	0.0580542892	0.0489230368	0.0947100828	-0.0581459044	-0.015872588	-0.0335058123	0.0638085092	0.0196156731	0.0874834461	-0.0661395357	-0.1115521417	0.0765980609	-0.0016288706	0.0002561091	-0.1192717314	0.0083491679	-0.064153111	-0.0241125455	-0.1097296522	0.0550149477	0.0649022392	0.0613753953	0.0284196408	0.0040003155	-0.0487594883	-0.0604337724	-0.0397820545	-0.0075541712	0.0300627168	-0.0234397061	-0.0536178868	0.0678288505	-0.0066950069	0.0375692452	0.029880073	0.0528831497	-0.0159672985	0.1015001994	0.0492971279	-0.0237199478	-0.0066546138	-0.0299716055	0.0494577869	-0.0265381084	-0.0108294434	0.0724079538	0.0652559271	-0.0359301875	0.0294390615	0.0348618265	-0.0702125979	0.1140285582	0.0725598726	0.008053429	-0.0818994181	0.0506096822	-0.0069988586	-0.0383158593	0.0743024598	-0.0921998906	0.0876509655	-0.0617631348	0.020838873	0.0	-0.061193330923345	-0.0137083196154463	0.0001879180266792	0.003744623749494	-0.0269712820708321	-0.023240911255499	0.0007274500565443	0.0005401399559859	0.1984850886604974	-0.0155724113051362	0.0002424999938563	0.0393963304205655	-0.003297076965644	0.0004929709731197	1.0870716517380246e-05	2.43020380338584e-07	-0.0006786536576706	1.41228240200012e-07	1.9945415829992278e-14	4.60570787069684e-07	-0.0002111190155216	-0.0001013326440975	4.457123871480958e-08	1.0268304759810863e-08	0.0	0.0	0.0	0.0	0.0	0.0	0.0	0.0	0.0	0.0	0.0	0.0	0.0	0.0	0.0	0.0	0.0	0.0	0.0	0.0	0.0	0.0	0.0	0.0
5171.994569086279	-9.08007609289234	82.44778185271504	26749527.82265796	14264.572209284855	-24.15367588141089	203478020.3139018	583.4000585842501	4882.354853369324	-10.63694754928747	113.14465316629273	23837388.914218992	6170.553809993454	6590.623208409447	1.041462	28.647993	0.0751674784044134	0.0402390589286221	-0.0638069794	-0.0432242368	0.027121678	0.0544764353	0.0447004008	-0.0667021462	0.0503696202	-0.0165192616	-0.0768044381	0.0238894125	-0.0460015819	-0.0462517863	-0.0043161957	0.0696829134	-0.1015310422	0.017034019	-0.094757023	0.0904024528	0.0281587651	0.0733561454	0.0401500938	0.0038578345	0.0109109927	0.0789116824	0.0911824881	0.0435475846	0.0677554276	0.0058288835	-0.0103968212	-0.0238706002	-0.0007854447	-0.0339393851	0.0981196978	0.0334081918	0.0083315482	0.0375453974	-0.0363683698	-0.1333024146	0.0754177043	0.0836874977	-0.0364126569	-0.0549712517	0.0392206771	-0.0095551224	0.1498279948	-0.0746709969	0.0443999711	-0.0386679234	-0.1053072779	0.1643671932	0.0119263583	-0.0938268043	-0.0745444566	0.060469632	0.04655993	0.0774990469	-0.0097942779	0.0796615727	-0.0087240163	-0.0006617647	-0.0803617077	-0.1289556162	-0.0460594175	-0.0125318063	-0.0258923297	-0.1219893764	-0.101407889	-0.0679759303	-0.0230636227	-0.0131450543	-0.0068391243	-0.0147414329	-0.0414295312	0.0374437014	-0.0481776341	0.0178574614	-0.1307559791	-0.0485948179	0.1480527989	-0.0156185063	0.1206638223	-0.1310430492	-0.051641944	0.0287932458	0.113535544	0.0303942225	-0.0596715699	0.1164010217	0.0657193993	-0.0559261486	-0.0256859945	0.0188965153	-0.0874115442	-0.0711749211	0.0361274879	-0.0003693458	-0.0997052486	-0.0212187483	-0.0077967072	-0.0036681342	-0.0213194659	-0.0837457523	-0.0472393983	-0.0211773162	-0.004298437	-0.0582216424	-0.0323174383	-0.0556520979	0.0436093096	0.0066459556	0.0878096125	0.0754241442	-0.0330315627	-0.0340679159	0.0192351141	0.0915165974	-0.0577542984	0.0592562961	-0.0425459706	-0.0806462147	-0.0326424748	0.0746233837	-0.0013544625	-0.1728116817	0.0478681377	0.1125931814	-0.051810113	-0.0774176355	0.0274116538	-0.0366154885	-0.0082123086	0.0551419739	0.0163981396	0.0557070045	0.0315628845	0.0274045065	-0.0464601076	-0.1058169187	-0.0929924579	0.0387814019	-0.1616932332	-0.0132740442	-0.0745165506	-0.0473498954	-0.0777984257	0.0063720893	0.094402209	-0.0575958982	0.078902116	-0.0178401567	0.0470147513	0.0872301963	-0.0303904405	0.0283964522	0.061043559	-0.0286197218	0.0131153179	-0.0279223857	0.0789601181	-0.0179467629	0.0155566086	-0.0261187222	0.0133112736	0.0438550626	-0.0101334631	0.0124544066	0.0193582125	-0.0328740154	0.0749846081	0.0457792579	-0.0938677723	-0.0825007985	0.0527301444	-0.0108022918	-0.0336160831	0.070284102	-0.0907477697	0.0902890852	-0.0690138005	0.031827039	0.0	-0.0637726642268319	-0.0025793333034868	6.652960290476601e-06	0.0040669527025882	0.0051768860508758	0.0321481681217079	2.6800149183752436e-05	0.0010335047135815	0.2139452509155361	0.0154601622550386	0.0002390166169521	0.0457725703893117	-0.0035711523984049	-0.0002740754327608	1.275312945263307e-05	7.51173428430746e-08	-0.000677724826424	9.288312466000648e-07	8.627274846606303e-13	4.593109403514409e-07	-0.0004357110459977	-0.0002245920304761	1.8984411560440985e-07	5.044158015337743e-08	0.0	0.0	0.0	0.0	0.0	0.0	0.0	0.0	0.0	0.0	0.0	0.0	0.0	0.0	0.0	0.0	0.0	0.0	0.0	0.0	0.0	0.0	0.0	0.0
5182.794050216705	10.799481130426102	116.62879268642943	26861354.166961677	14275.11529634916	10.543087064304927	203778916.7240618	111.1566848455139	4893.305747068281	10.95089369895686	119.92207280585308	23944441.134291463	6175.542802366953	6542.714050219195	1.151883	31.685379	0.0584087548056116	0.0479812040899979	-0.0951299639	-0.0488668639	-0.0906847581	0.011071557	-0.005795922	-0.1165510668	0.0085242538	-0.0218740335	-0.0299872517	0.0448801868	-0.0309327512	0.0287844058	0.0943264349	-0.058530961	-0.0041565209	0.086836476	-0.066236253	-0.0160145915	-0.0385731249	0.0784137309	0.0539223034	-0.0041999428	-0.059899407	-0.0478329609	-0.0632881679	0.0327711856	0.0274474424	-0.0500183387	-0.1169856221	0.0485065682	-0.0804288589	-0.01164544	0.0313612041	0.0928748538	-0.0428161617	0.0845453783	0.0837477005	0.0409510895	0.0963622779	-0.0847094306	0.0368255378	0.0521047064	-0.0116332453	-0.0076484394	-0.0427966843	-0.0456925159	0.1315997136	0.0111100435	0.0458135832	-0.0013888733	0.0779409157	-0.0587835852	0.2048082442	0.1865441189	0.0595259122	-0.0979397464	0.058805178	-0.1181318023	0.0118799665	-0.1532649937	-0.0735886609	-0.0246465498	-0.048872413	0.0257246409	0.0078246709	-0.0534057766	0.0295473212	0.0425413244	-0.1425934996	0.1141069756	-0.0224288013	0.0787490455	-0.0275262605	0.0699628223	-0.018342042	-0.0884606949	-0.0157762068	-0.128862886	0.0991880651	-0.0612278264	0.0263716499	-0.0002787968	0.0652491755	0.0228014513	-0.0961464938	0.0541274409	0.0260470349	-0.002320503	0.1074611206	-0.003820236	-0.0375382159	-0.0420283393	0.014576404	-0.0159846422	0.0079170894	0.0509442263	0.0410951047	0.0346412807	0.1101243248	-0.0107437382	-0.0061209156	-0.0731127566	-0.0597913225	-0.0178899423	-0.1151948758	-0.0580439862	0.0635298729	-0.045189074	-0.0202267153	-0.0375829475	-0.0196796447	0.0266377537	-0.008377536	-0.1188569383	-0.0109853582	0.0850181645	0.0385615747	0.0095622689	-0.0969984231	-0.0234392825	0.1275880296	0.0658212225	-0.0971819606	0.0951617847	-0.0355435655	0.0166504648	0.0614934264	0.0628632837	-0.0946195167	0.0437288094	-0.1292993139	0.0901045929	-0.0125356254	-0.0017924712	-0.021496744	0.0512291647	0.0128793403	0.2361324651	0.0138169114	-0.0298127321	0.0654005134	-0.0659781323	-0.156004713	-0.1006343597	0.1724284091	0.0891450432	0.089977237	-0.0692638432	0.0864268437	-0.0082106675	0.016003999	0.0472050922	0.0720922947	-0.0274658097	-0.0134977934	0.0552905741	0.0667082209	0.0829973964	-0.0354602197	-0.0139918806	0.0389789102	0.0114518779	0.0368025304	0.1152948661	-0.0555805843	-0.0149949865	-0.0256188418	0.0130718432	-0.0367518967	0.0339522546	-0.0134365002	-0.0830867868	0.0548112574	-0.0145875891	-0.0288159833	0.0659380473	-0.0886864774	0.0921024127	-0.0754412237	0.0423348324	0.0	-0.0637542528412637	1.8411385568198324e-05	3.3897911854086153e-10	0.0040646047553477	-0.0427697146532892	-0.047946600704165	0.0018292484915237	0.0022988765190846	0.2188102456322695	0.0048649947167334	2.3668173593843955e-05	0.0478779235936541	-0.0034701508397063	0.0001010015586985	1.204194685031434e-05	1.0201314859546708e-08	-0.0006777639544199	-3.9127995899975246e-08	1.5310000631484796e-15	4.593639779109002e-07	-0.0004251767727093	1.0534273288399971e-05	1.8077528805149573e-07	1.1097091371469714e-10	0.0	0.0	0.0	0.0	0.0	0.0	0.0	0.0	0.0	0.0	0.0	0.0	0.0	0.0	0.0	0.0	0.0	0.0	0.0	0.0	0.0	0.0	0.0	0.0
5197.208028182641	14.413977965936285	207.76276080249667	27010971.288206097	14273.738755759216	-1.3765405899448524	203739618.06766263	1.8948639957657225	4897.563361756464	4.257614688182912	18.127282833030872	23986126.882419277	6177.97186174992	6683.994048441734	1.10792	30.476068	0.0784441133582092	0.0484761873782412	-0.0757558805	-0.0380003525	0.0230146723	-0.0784455275	0.0552151446	-0.0621538038	-0.1168726331	0.0540474736	-0.0215616984	-0.0095194175	-0.0146616874	-0.0715340696	-0.1049435346	-0.040326386	-0.0645968264	0.090620332	-0.0448749704	-0.1570342434	0.029623876	0.0251308609	-0.0066236929	-0.0905819375	-0.0085294591	0.0521324421	0.0800533806	0.0065543819	-0.0044238132	0.0779360968	-0.0328180359	0.0544418984	-0.0036412813	-0.0778741186	-0.0371301433	-0.0002634047	-0.0049865342	-0.040806039	-0.0168120008	-0.0023262493	-0.02407631	0.014341242	0.0107703828	-0.1004838969	-0.01710016	0.0286185873	-0.0400891067	0.0847685569	0.0925226726	0.0562474063	0.0071473132	0.0321643274	-0.0785798744	-0.1029043699	0.1191245407	0.2032001326	0.0375098387	0.0724168618	-0.103701325	-0.0465304944	0.0320562378	0.0646040574	-0.0241493561	0.065467435	-0.0350224265	0.0160774893	-0.0472840717	-0.0266888191	-0.040499088	-0.1647804464	-0.1127462668	-0.0397696117	-0.0080737986	0.0857446516	-0.0523796215	-0.0783013322	0.016002168	0.0458626013	-0.0243067714	-0.0563621721	-0.0891893272	0.0549973041	-0.0031955131	0.0612953378	0.1034294396	0.0004553165	0.0421778707	0.0216014459	-0.0346573673	-0.0271454843	0.0920929138	0.098291773	-0.0128081286	0.0095043901	0.0502090256	-0.0356482311	-0.0052319706	-0.1192627716	-0.0235590782	-0.0131153443	-0.0414454099	0.1319467613	-0.0567680612	-0.0014685622	-0.0229004031	-0.0219736208	0.0661864711	-0.0226825743	0.0923473034	-0.0610360944	-0.0673698784	-0.0594161467	0.013436438	-0.042680767	-0.0044627652	0.0185104498	-0.0628192381	0.1679670803	-0.0385425525	0.0526261901	-0.007256865	0.1452237401	0.055723463	0.0799833025	0.0719716333	0.0164130089	-0.0285780033	-0.0047421768	-0.0040336409	0.0597899868	0.0552773186	0.017143207	-0.0410354519	0.0792357504	-0.061616691	0.0044514343	0.0495985445	0.0411649007	-0.0383565728	0.0871384825	0.0199052186	0.1045900921	-0.0192740798	-0.0751128905	-0.0474113181	0.0639857486	0.004974779	0.1046821676	-0.1229942114	-0.0672480433	0.0775217917	-0.0071094759	0.0338334309	-0.0100850701	0.0885497421	-0.0005588471	0.0724975046	0.0130432623	0.0415511211	-0.0304039762	-0.0196210764	-0.0027046287	-0.0095606338	-0.007580224	0.0032551666	0.0215509843	-0.0668139088	0.1004965285	0.004585772	0.1254689537	0.0512313952	0.0294425119	-0.0937087225	-0.0836572738	0.0568514682	-0.0183483952	-0.0239298853	0.061284559	-0.0860298509	0.0930743832	-0.0809687338	0.0522036565	0.0	-0.0636699745197404	8.427832152330117e-05	7.102835478784929e-09	0.0040538656553443	0.0025660184319207	0.0453357330852099	6.584450592956768e-06	0.0020553286943733	0.2014235111076985	-0.017386734524571	0.0003022985374279	0.0405714308269531	-0.0036191227022852	-0.0001489718625788	1.3098049134196127e-05	2.2192615840226583e-08	-0.0005142328662572	0.0001635310881626	2.6742416795676756e-08	2.644354407390953e-07	-0.0004249323749128	2.443977964999974e-07	1.8056752324903242e-07	5.973028293405415e-14	0.0	0.0	0.0	0.0	0.0	0.0	0.0	0.0	0.0	0.0	0.0	0.0	0.0	0.0	0.0	0.0	0.0	0.0	0.0	0.0	0.0	0.0	0.0	0.0
5174.571355929098	-22.63667225354311	512.4189307143286	26776188.717601903	14289.944996995191	16.20624123597554	204202528.0171479	262.642254998634	4887.667400206123	-9.895961550340871	97.9300550058249	23889292.61503768	6182.102903893921	6646.240753684094	1.072554	29.50325	0.0669118256735675	0.0335181304631861	-0.0795291934	-0.0628620976	-0.0045618358	0.0199476194	-0.0692284147	-0.0648277188	-0.0342919105	-0.0321060009	-0.0407579708	0.0434874916	-0.0776950331	0.0189175479	-0.049827951	0.0525633531	0.0638487289	0.0414231832	-0.0665179981	-0.0404519017	0.0032531498	0.065565132	-0.0589447754	-0.0382751173	-0.0081179404	0.0043710682	0.0819426014	0.0386611444	0.0281199796	0.0103618483	-0.1177524604	-0.0608984698	-0.0276595124	-0.0364849117	0.0130795969	0.0438394788	-0.0044082025	-0.0466081756	0.0774659038	-0.0888551756	-0.1103878237	0.0906765415	-0.0071275591	0.0692223093	0.0384666333	-0.044228476	-0.0415654722	-0.0725233634	-0.0296619089	-0.0212393903	0.0700786907	-0.0685668094	-0.0628819965	0.0332705729	0.0223842511	0.035666714	0.0083056704	-0.1424950897	0.0776455938	-0.1485206499	0.0079673046	0.0403517739	0.0352983271	-0.0599641827	-0.0544457733	-0.0353790653	0.080594884	-0.0084657749	-0.1073912246	-0.015338459	0.0832918385	-0.0383130395	-0.0359637431	-0.0183136376	0.0046117439	0.0208651066	0.02798256	-0.0901106943	0.0964782092	-0.0667189221	-0.0102330767	-0.0240999744	0.0030121464	-0.0426614935	-0.0181310399	-0.0316372477	0.05078185	-0.0350281991	0.0379392857	-0.0213510408	0.0708099199	0.0008829175	-0.0554657911	-0.0387286194	0.0318763072	-0.0849004093	-0.010080308	0.0193114691	-0.0036980382	-0.0824348064	-0.0695564892	0.0839457304	-0.0494341511	-0.1040419491	0.0222655724	0.0625402061	-0.0113410859	-0.0068231283	-0.0587152484	-0.0312301233	0.0447339866	0.0396737737	-0.0304053184	-0.0952098374	-0.1167570841	0.0932285916	-0.0251396917	-0.0616438689	0.0035858718	0.1019399786	0.0076062807	-0.0154206162	-0.0420038371	0.0301155536	0.0112845548	0.1119223653	-0.0142949875	0.0486889098	0.0149480159	0.0215074881	-0.0185811632	0.070504491	0.0163578257	0.0079573321	-0.0601441768	-0.0843326577	-0.0335264649	-0.0397165312	0.0591220209	0.0158333125	-0.0421613927	0.0873148244	0.0110319591	-0.0732474206	-0.1535138369	0.0430360323	0.0161070169	0.0366933578	0.0041026659	-0.065027571	0.1025639058	-0.0018299013	0.0357619755	0.0609029589	0.031624951	0.0069265443	0.0748736065	0.0710038336	0.0058150249	-0.0186719845	0.0270164244	0.0154138209	0.0155855399	-0.0240325991	0.0835790475	0.0675829042	0.0114827387	-0.0093292387	0.0014392607	-0.0375585466	0.1348950911	0.0713407286	0.0004251235	-0.084212153	0.0588492543	-0.0220783961	-0.018972371	0.0563453339	-0.0827957235	0.0931961179	-0.0855303949	0.061284559	0.0	-0.0636090391506627	6.093536907769703e-05	3.7131192046351556e-09	0.0040461098616705	-0.0235345463841838	-0.0261005648161045	0.0005538748735092	0.0006812394837196	0.2108219147826489	0.0093984036749504	8.83299916373212e-05	0.0444458797526224	-0.003191065507531	0.0004280571947541	1.018289907335408e-05	1.8323296198083485e-07	-0.0005261217513343	-1.188888507709998e-05	1.4134558837649063e-10	2.7680409722707093e-07	-0.0002378400184754	0.0001870923564374	5.6567874388378616e-08	3.500354983729914e-08	0.0	0.0	0.0	0.0	0.0	0.0	0.0	0.0	0.0	0.0	0.0	0.0	0.0	0.0	0.0	0.0	0.0	0.0	0.0	0.0	0.0	0.0	0.0	0.0
5164.454148103888	-10.117207825210244	102.3578941784954	26671586.64786745	14260.125996594552	-29.8190004006392	203351193.43875176	889.1727848933206	4876.428304138057	-11.23909606806592	126.3172804272148	23779553.005398765	6164.963065453375	6607.467627403143	1.012447	27.849842	0.0263477755220984	0.0161673242312859	-0.0637944178	-0.0691605043	0.0157396802	0.0088233968	0.0109645495	-0.0676944966	-0.0084711339	0.0028071982	-0.0668072554	0.0120912069	-0.0457655411	-0.1283117229	-0.0097382813	-0.0218541214	-0.0807868442	0.0326825451	-0.1064847263	0.0593818662	0.0752241274	0.1032163532	0.0249519032	-0.005358486	0.0007024048	0.0726871945	0.0915619866	0.0718713287	0.0295258198	-0.0122927585	-0.0490630093	0.1581400976	-0.023072064	-0.0652369922	0.0221425056	-0.0017268935	0.091934978	0.0213938521	0.0297675042	-0.0471314811	-0.0689052483	-0.0309060689	0.0347514887	0.1021406166	0.030174794	0.0609994578	0.0079991383	-0.0408549332	0.0049044627	0.0279059024	0.0217017123	0.0579562505	0.0147101323	0.0099138924	-0.140202222	-0.0053035398	0.0450872899	0.1679420452	-0.0424240542	0.0510658178	-0.0304663828	-0.0946328064	0.017169037	-0.0164118491	0.1252727198	-0.0564577098	0.0734433471	-0.0601932185	0.0549755849	0.0528151928	0.0380132906	-0.0504036494	0.0198357716	-0.032810715	0.0531482354	0.0435561584	-0.0020375073	0.0175241664	-0.0671838912	0.0860966765	-0.0214281218	0.0307049522	0.003557573	-0.0473206843	0.0899301917	0.1374029667	-0.0710325928	-0.131198344	0.0805460652	-0.0868694708	0.0760552496	-0.0029004852	-0.0193926307	0.0414445018	-0.05221045	-0.1167978893	0.0587800036	-0.0955247461	-0.0665115071	0.0373200798	0.0106612585	0.0032258786	-0.0528108154	-0.1102853862	-0.0712301203	-0.067111073	-0.0776021584	-0.0299097677	0.0232210521	-0.1247802723	0.0290153287	-0.0221771654	0.0526241506	0.0381220499	0.0132284183	-0.0562281305	-0.0105273426	-0.032590872	-0.0738573184	0.1285435215	-0.0020232484	0.0204257432	-0.0579085353	-0.1021600961	-0.0494805922	0.0058360091	0.017687928	0.0755813004	-0.0363779983	0.0207087731	0.1299625152	-0.0606301196	0.037506391	-0.0741062424	-0.0135035684	0.0473543742	0.0221652925	-0.0369514805	-0.060803708	-0.032589853	-0.0236370809	-0.0626954694	-0.0553660368	0.124740011	0.0587405259	-0.0721850939	0.0339331892	0.0506531662	-0.0163735441	-0.058184039	0.0983844737	-0.014917467	0.0315851811	0.078578092	0.0274955902	0.0306718254	0.0769260396	0.0030095979	0.0607778642	-0.0186552055	0.0948894798	0.0179657884	-0.0229119177	-0.0080194787	0.0218149434	0.0732973905	-0.0758859301	0.0040607804	0.0268743257	0.0126141443	0.057345142	-0.0012087201	-0.0829822947	-0.0847513209	0.0608031248	-0.0257713294	-0.0139582358	0.0511434007	-0.0790058053	0.0924665046	-0.0890717925	0.0694404798	0.0	-0.0634941301398583	0.0001149090108043	1.3204080764044662e-08	0.0040315045622172	-0.0100528506584538	0.0134816957257299	0.0001010598063611	0.0001817561196411	0.2127809722996829	0.001959057517034	3.837906355047472e-06	0.0452757421727984	-0.0031805690901589	1.0496417372100018e-05	1.0116019737274214e-05	1.1017477764932306e-10	-0.0006787070792613	-0.000152585327927	2.3282282298590132e-08	4.606432994394045e-07	-0.0001850794984039	5.27605200715e-05	3.4254420729439216e-08	2.783672478215154e-09	0.0	0.0	0.0	0.0	0.0	0.0	0.0	0.0	0.0	0.0	0.0	0.0	0.0	0.0	0.0	0.0	0.0	0.0	0.0	0.0	0.0	0.0	0.0	0.0
5187.9161441226615	23.46199601877379	550.4652571849571	26914473.918448545	14365.19196088742	105.06596429286763	206358740.07314456	11038.85685279014	4903.121448531133	26.69314439307618	712.5239575896144	24040599.93904604	6195.3888275583895	6548.041151575462	1.747378	48.065948	0.2949337008930853	0.1456052285047291	-0.1516650357	-0.0253328366	-0.1369538169	0.2626906746	-0.1262870938	-0.1722130954	0.1237570972	-0.2436307789	0.0161587088	0.096624123	0.0086706765	0.0904032066	0.1147551957	0.0614381792	0.1379162081	0.1918424887	-0.0441756227	0.1458468942	-0.2171734237	0.0989836177	-0.1092466783	-0.0453358672	-0.0952634179	-0.0517944417	-0.1018307839	-0.1323317884	0.1421290507	-0.1243940376	0.0267936598	-0.1078129788	0.0224112029	0.0228933494	0.0279306422	0.0276837836	-0.0242132531	-0.0207767309	-0.0569534164	-0.0033144285	0.0253688154	-0.0716017171	0.0938743586	0.0007447546	0.07410259	0.0665299402	0.0722785635	-0.003162228	-0.0863451231	0.0009023939	0.0026075564	0.0503422504	0.0444761717	-0.0254491359	-0.1705737594	0.0072674703	0.0750419205	0.0034058179	-0.0306372628	0.0626516731	-0.0004333509	-0.0906428406	0.0302695332	0.1036028001	-0.0219883563	-0.0107202156	0.0454959787	-0.0227556973	0.117751657	-0.1253473951	0.0135394488	-0.0314470084	-0.0195688395	-0.0059162619	0.1200987175	-0.0975345276	0.0559275407	0.1092368553	0.01621579	-0.0833358317	-0.0697545727	0.0200148967	-0.0094925443	0.1041022525	0.1239612513	0.0794609689	0.0193102844	-0.0529591663	0.0217355473	0.1287691495	0.1482444809	-0.1926745447	-0.0398410462	-0.1747966585	-0.0224050874	0.0439716163	0.0279022245	0.1231504463	0.0946357232	0.0253819082	0.0781406907	0.0883104751	0.3035529198	-0.1032542509	-0.0606079244	0.0703638611	0.0197548676	-0.0412648502	0.0796347064	0.0441411762	0.094545208	0.0147849496	-0.0066151448	-0.0841230956	0.0387006077	0.0550287354	0.0753383016	-0.024704176	-0.0959857234	-0.0558176696	-0.0600969199	-0.0123303782	-0.0436010205	-0.0201212861	-0.083344115	-0.0382896932	0.0511631805	-0.0501715694	0.0254985737	0.0985987511	0.1337131365	0.015928731	-0.0473806707	0.0032223268	-0.0301552889	0.0388327052	0.0044608305	0.028223449	-0.1382665918	-0.0885687296	0.0059325657	-0.0207523799	-0.0162411205	-0.0022702654	-0.0085363012	0.0583185487	-0.0948532944	-0.0830975228	-0.0655965261	-0.110011976	0.1057382434	0.0160872785	0.0547286299	0.1031046291	-0.1252491201	0.0099502444	-0.1294195199	0.1632319351	0.0045088678	0.0642961279	0.0043426323	-0.1400267486	0.1551915485	-0.0778695478	0.1705801704	-0.0114307047	0.066579022	-0.0891204971	-0.1562508404	0.0880071797	0.0682491764	0.0043294639	0.1997692406	-0.085274677	0.0627116218	-0.0294209952	-0.0089024437	0.0457030134	-0.0746855372	0.0908922084	-0.0915506825	0.0765483197	0.0	-0.0857768641216552	-0.0222827339817968	0.0004965202337035	0.0073576704185448	0.0617058046378531	0.0717586552963069	0.0038076063260048	0.0051493046099341	0.2274319837413045	0.0146510114416215	0.0002146521362625	0.0517253072285049	-0.0053419751324474	-0.0021614060422885	2.8536698315686417e-05	4.671676079641236e-06	0.0001070714121793	0.0007857784914406	6.174478376106651e-07	1.1464287306069552e-08	-0.000962720968142	-0.0007776414697381	9.268316625002698e-07	6.047262554564323e-07	0.0	0.0	0.0	0.0	0.0	0.0	0.0	0.0	0.0	0.0	0.0	0.0	1.0	0.0	0.0	0.0	0.0	0.0	0.0	0.0	0.0	0.0	0.0	0.0
5199.10746307056	11.191318947898251	125.24561979358646	27030718.412555996	14321.146173878204	-44.04578700921593	205095227.7335863	1940.0313532612147	4900.8879026745535	-2.23354585657944	4.988727093443183	24018702.234581783	6178.828749012132	6610.207104543829	2.181185	59.998867	0.3532161360064398	0.2503126090567903	-0.1345226564	0.1122227616	-0.0230191152	-0.2503761653	-0.0117885672	-0.1309646085	-0.0776217551	-0.0032151645	0.1034002985	0.0730080852	0.0290316425	0.0938895629	-0.0228103889	-0.0919075743	-0.0948348114	0.1345931306	0.0718542211	-0.1887176443	-0.0234318372	-0.091569613	0.062097727	0.1047936512	0.1408303017	-0.0643739655	0.0352902456	-0.1109809765	0.0776301581	-0.0972914008	0.0269121364	-0.1219184563	-0.142327089	0.0347912269	-0.2421281347	-0.0701215488	0.1137805485	-0.026156351	0.059419622	0.0156846872	0.0743839482	-0.0962832459	-0.0259192966	-0.0479964632	-0.0491782835	0.030729012	-0.0955797108	0.017517152	-0.0743212261	-0.0805172047	0.0770427169	0.0924702634	0.0888866519	0.1575728592	-0.0433146399	-0.0204997851	0.0049855595	-0.03323073	-0.0174562467	-0.0896370418	0.0212264739	0.0975752645	0.0751871033	-0.0679698778	-0.020896523	0.0312202298	-0.0493961783	-0.0095434074	0.0426182977	-0.0264514139	-0.0332120839	0.0723930332	0.0452807579	0.0508395139	0.1252769923	0.0219376483	0.0080700568	0.0415969274	-0.0904781892	0.0475172045	0.0656304271	-0.0128580295	0.0345990584	-0.0121481666	-0.0441142651	0.0532728491	0.1227015604	0.0378661559	0.0059909369	0.0533685757	0.0934886448	0.109993055	0.0098847577	-0.1897508681	0.0214296994	0.1101871156	-0.1493592222	-0.0292250888	0.0187976563	0.0005076574	0.0238168767	-0.0906353761	0.0053657111	0.1904173149	-0.1806175567	0.0864921041	0.0091902318	0.191030085	-0.0509086085	-0.1417394108	-0.0408105117	0.1369175502	-0.1491479344	0.0516119255	-0.0849947519	0.1710263917	-0.0160983777	0.0120459963	-0.1145493424	-0.1009578084	0.0990745933	-0.0326215777	-0.0307633253	0.0107258717	-0.0481295889	-0.0156474001	-0.1017520137	-0.0262432377	0.083511664	0.1488271891	-0.0332948019	0.0615278967	-0.0631425529	0.0032361674	-0.060041776	-0.0917164805	-0.0067422131	0.0095256552	-0.0318063172	-0.1058778699	0.0079088968	0.0767762594	-0.0597460572	-0.010592362	0.0083830033	-0.052837172	0.0310312213	-0.1446710614	-0.0457805749	-0.1139328611	0.0093480777	-0.0877389339	-0.0828169502	-0.2821513431	-0.0920949332	0.0035624282	0.094597808	0.1466397998	0.1459264001	0.086539218	0.0115761801	0.1623437658	0.0433411622	-0.0362186351	0.0042069108	-0.1739493279	0.0986142401	-0.0710160431	0.3457932792	0.1894824938	0.0463637224	0.0143627679	0.0133035806	-0.0857821235	0.064573321	-0.033021266	-0.0038200832	0.0400495376	-0.0698639202	0.0884876105	-0.0929374951	0.0825007985	0.0	-0.0934545202682528	-0.0076776561465976	5.894640390538791e-05	0.0087337473585692	-0.1752675089845894	-0.2369733136224425	0.0307186997056631	0.0561563513692005	0.1749765142660706	-0.0524554694752338	0.0027515762778671	0.0306167805447044	-0.0053420366039087	-6.147146129967251e-08	2.8537355077500397e-05	3.778740554317136e-15	-9.74334627201756e-06	-0.0001168147584513	1.3645687792039669e-08	9.493279657643848e-11	-0.0019680386734727	-0.0010053177053307	3.873176220284185e-06	1.010663688651384e-06	0.0	0.0	0.0	0.0	0.0	0.0	0.0	0.0	0.0	0.0	0.0	0.0	0.0	1.0	0.0	0.0	0.0	0.0	0.0	0.0	0.0	0.0	0.0	0.0
5185.35978529118	-13.747677779379956	188.99864432565735	26887956.10291499	14316.85857434395	-4.287599534252877	204972439.4377659	18.383509766125485	4888.615242706058	-12.272659968495644	150.61818270231555	23898558.991218008	6184.892358445543	6750.756824531063	1.788125	49.186775	0.4556835638246589	0.2234723149851654	0.056785532	0.1806660199	0.0019186143	0.0466065442	-0.0422748287	0.0816531225	0.0164490603	0.0075665445	0.1395959542	0.0482919633	0.0255649285	-0.090408452	-0.162459945	0.0061682747	0.0778047499	-0.0280997005	0.1612817887	-0.0326176888	-0.1014034986	-0.0548674466	-0.0744062035	0.2053703008	0.0564399373	0.0241979531	-0.0638398245	-0.0026105069	0.1758207151	0.1122878127	-0.1034927573	0.0451581699	0.1025940005	-0.0729293826	0.0280301397	-0.1172018911	-0.1304031376	0.0357399714	0.0895201732	-0.0566169545	0.0520392296	0.0218986675	0.060637826	-0.0594515688	-0.0527616289	-0.0479837306	0.0039749657	-0.0127306607	0.002222392	0.027973722	-0.0566185159	-0.0300542562	-0.1193377284	-0.065172307	-0.0429553181	-0.0321630137	0.1887542854	-0.005874015	-0.0241934624	0.0272884749	0.0614741448	-0.0191736249	0.0151684832	-0.0040742221	0.0282833875	0.0903908942	-0.0155939796	0.1413893711	0.0346502193	0.0602695541	0.1188401805	0.0625439917	0.0222615301	-0.0495722416	-0.0576747249	0.0125124529	0.0524561749	0.0224876682	0.0802840454	-0.0223955476	-0.0645527128	0.0281126483	-0.0870714571	0.062824747	-0.1123172855	-0.023117814	-0.053802119	-0.0565656096	0.0765973484	0.1229743485	-0.0750802476	-0.0153364483	0.1282275602	-0.0512235503	0.0824031071	0.0038543828	-0.0186207243	-0.205819208	0.0561452651	-0.0711875482	-0.0258352332	-0.1280781856	0.0506610646	0.0017212808	0.0352282153	0.2088473472	0.0267082131	-0.1440340523	-0.0892878907	0.0773389118	0.0270920285	0.0287434143	-0.013396481	0.029250246	0.1264760443	-0.0385131803	-0.0203272413	-0.022375073	-0.1107862217	0.036568256	-0.0330107673	-0.1279411226	0.1323758605	-0.0071145336	0.0105142996	-0.062566958	-0.0296640988	-0.0823272773	-0.0411491823	-0.0221171131	0.0609955862	0.0056546037	0.0139522042	-0.0644757463	0.0132038686	0.0689051686	0.0215057231	-0.0708150337	0.0328785096	-0.0289369055	0.0760250814	-0.0229990025	0.0981961378	-0.0989655887	-0.0072351445	0.0800694221	-0.1393138762	0.0182417292	-0.0451150291	-0.0143743238	-0.1361397228	-0.0693628185	-0.0327419044	-0.1948710056	-0.1585922847	0.0332345243	-0.0068313684	0.0821106231	-0.0907419223	0.1483674214	0.0652715026	-0.0333408176	0.0258897389	-0.0773675815	-0.0409491837	0.0513127864	-0.0141934627	0.0801172267	0.0410821825	0.0883729849	0.0809244291	-0.0390064852	-0.0128736784	-0.0862735657	0.0663868332	-0.0365660973	0.0012736779	0.0342093323	-0.064573321	0.085274677	-0.0932156873	0.087208074	0.0	-0.1108351469835184	-0.0173806267152656	0.0003020861850154	0.0122844298068581	-0.0393269786838885	0.1359405303007009	0.001546611252403	0.0184798277784357	0.0054651501656124	-0.1695113641004582	0.0287341025591981	2.9867866332693243e-05	-0.005986263661162	-0.0006442270572533	3.583535262094867e-05	4.1502850129724667e-07	-0.0007478035370782	-0.0007380601908061	5.447328452528584e-07	5.592101300666668e-07	-0.0032427722795779	-0.0012747336061052	1.051557205719885e-05	1.6249457665339671e-06	0.0	0.0	0.0	0.0	0.0	0.0	0.0	0.0	0.0	0.0	0.0	0.0	0.0	0.0	1.0	0.0	0.0	0.0	0.0	0.0	0.0	0.0	0.0	0.0
5147.286771824822	-38.07301346635813	1449.5543544094878	26494561.111402795	14229.279025190304	-87.57954915364644	202472381.57672077	7670.177429955973	4877.122431494324	-11.49281121173408	132.08470954856054	23786323.211785104	6177.481640194322	6644.344814844616	1.274497	35.058178	0.2650794301729533	0.1493510387715591	0.0455886993	0.081854796	0.0663441891	0.0582352614	-0.0875140302	0.0857779302	0.0237247008	0.0442559904	0.0072284119	0.0745257387	0.0565286746	-0.0157295632	0.0412764935	0.1469385355	0.1699866162	-0.0769911551	0.0920305949	-0.0035040848	-0.0156522632	-0.0979559583	-0.0549550859	0.2444146558	-0.1539645087	0.012442248	-0.1654006531	0.000795688	0.0280904572	0.170019446	-0.0774101359	-0.0766223277	0.0973726713	0.0982666392	0.0306032286	-0.0065234711	0.0583629189	-0.0459631685	0.0404843957	-0.0601582261	0.0730436405	0.0134641119	-0.0394250321	0.0465718104	0.0451932154	0.0434382691	0.0550776054	-0.0071138242	0.0092938921	0.0123920623	-0.0334374983	-0.0517288729	-0.0669289075	0.003697052	0.0023229825	-0.0519422659	-0.059273483	0.0569220131	0.0803572316	-0.0771381131	0.0230191865	0.0420268836	0.0434644848	0.0406029897	-0.1218400178	0.0169134694	0.0054958396	-0.0077206811	0.1848649506	0.0026492461	0.0938959356	-0.0179269331	-0.0158399352	0.0120662821	-0.012526792	-0.1394165368	-0.0623001709	-0.0874786342	0.0876247056	-0.0535164735	0.038692167	0.0387319341	0.0309802576	0.0494212109	0.168082296	0.0796635387	0.0501237216	0.0632650853	-0.0195217137	-0.0369624206	-0.0900950591	-0.0185397932	0.1011816392	0.0416667872	0.031859306	-0.0484401536	-0.0422805414	0.0531371618	0.091664022	-0.1321552352	0.0644130802	-0.1973474221	0.1612688168	0.0328197379	0.1524164717	0.0181067424	0.0123886983	-0.1986585799	-0.0895564047	0.0782121524	0.0156537457	-0.0003325962	-0.0874259688	-0.0139157535	0.0492740151	-0.0100904703	-0.049387133	-0.0428706343	-0.0025051193	0.0636382944	-0.0108029855	0.0515884011	0.0047340137	0.03467769	-0.0488391848	-0.108248324	0.0319167896	0.0480482223	-0.0447805334	-0.0577495528	-0.1694300981	0.021696778	-0.0304298364	-0.0154095942	-0.1393252458	-0.0361880969	0.0361678184	-0.0154532628	-0.0707687389	-0.1023620544	-0.0530365902	-0.0630246386	0.129575082	-0.0170332129	-0.069799144	0.1384546509	-0.0040230058	0.0760097187	0.0089375126	0.0459405087	-0.0814517349	-0.0534427278	-0.0141998216	-0.1592404531	-0.0676816011	-0.0593598943	-0.0910316182	-0.0052746256	-0.217727973	0.0901373236	0.0361001813	-0.1597852947	-0.0088550243	-0.1168832903	-0.0066951882	0.1397044283	-0.0039604301	-0.0143020605	-0.0923275626	-0.0049640596	0.0045809584	-0.0460526043	0.0984518909	-0.0867489121	0.0681508051	-0.0400495376	0.0063636379	0.0282096273	-0.0588492543	0.0812827579	-0.0923819408	0.0905990982	0.0	-0.1003877426816615	0.0104474043018569	0.0001091482566464	0.0100776988807194	0.0219615300398174	0.0612885087237059	0.0004823088016898	0.0037562813015757	-0.0283234538158581	-0.0337886039814705	0.0011416697590166	0.000802218036059	-0.0039881320921541	0.0019981315690079	1.5905197584469437e-05	3.992529767065972e-06	-0.0009789579903856	-0.0002311544533074	5.343238128384301e-08	9.583587469398126e-07	-0.0022809600385748	0.0009618122410031	5.202778697575153e-06	9.250827869434056e-07	0.0	0.0	0.0	0.0	0.0	0.0	0.0	0.0	0.0	0.0	0.0	0.0	0.0	0.0	0.0	0.0	0.0	0.0	0.0	0.0	0.0	0.0	0.0	0.0
5154.488027911872	7.201256087050751	51.8580892312855	26568746.829886824	14226.608189352964	-2.670835837339837	202396380.5733648	7.133364070018788	4879.569619498251	2.447188003927294	5.988729126565657	23810199.671530303	6172.905434824009	6579.101644111775	1.231133	33.86536	0.1987381565094371	0.1187668309641675	-0.0106503578	0.0136975374	0.0212886978	-0.0654172253	-0.0901031735	0.05578444	-0.0376774118	0.0564520301	-0.0507034956	0.0218536277	-0.0602178538	-0.1277186262	0.0398035341	-0.0309084651	0.0490812042	-0.0189565477	0.0155201193	0.0030199667	0.1029072422	0.0598728668	0.0274976617	0.017017824	-0.0546811526	-0.0290050153	-0.0808532763	0.0572635801	0.0058116043	-0.0049568591	0.1168961254	0.0570793908	0.1210364635	0.0163358936	-0.0492309226	-0.0953354587	-0.0522236328	-0.0375850718	0.0638921226	0.1270975477	-0.0873821385	0.0797398328	0.0385350851	0.0107533649	-0.0736677995	-0.0023765839	0.0432366141	-0.1033038141	0.0370508566	0.0702562376	0.0582971384	-0.1583615695	0.0323863631	0.08408147	0.0249069138	0.0258539742	0.0288293877	0.0259314085	-0.0009584048	-0.0998146863	-0.0327842118	-0.090061707	0.0234398671	0.0474435384	-0.0159986676	-0.011336583	0.0535180669	-0.0206408236	0.0562394634	-0.0262547621	-0.0807235082	-0.1051173166	0.0773675167	-0.0955299963	0.0864961625	-0.0751383201	-0.0085360311	-0.0097208205	-0.052577082	0.0269600643	0.0624158304	-0.0513255728	-0.0315757726	0.0399045381	-0.051132862	-0.0030002926	-0.06649229	0.0945804189	0.0428076242	0.0012272782	-0.0344475253	0.0488878935	0.0124508139	0.0460937975	0.0251218017	-0.1269295044	0.0821778649	0.0081949047	0.0562221889	0.0754180935	0.0084067302	-0.0792948852	0.0131954872	0.0574185445	0.0181592442	-0.0020337791	0.1083261013	0.0657648885	0.0133316978	0.0385609471	0.0375913704	0.019248601	-0.0562402047	0.0192519809	-0.0029680779	-0.1105474806	0.0122158138	-0.0488124772	0.1071866351	-0.0336390697	-0.0745623732	-0.0601908562	0.0328938258	-0.1000263453	0.0577724769	0.0337245491	0.0115840366	-0.0976640481	0.0003255803	0.0155843986	-0.0945362921	0.1073469647	0.0026194952	0.0684677898	-0.1176478971	0.0488878361	0.0323952093	-0.0137776449	-0.0492314225	-0.0067712125	-0.0399393512	-0.0538388736	0.0541695665	-0.0030642995	0.0694944215	-0.1426224332	0.0915894949	-0.0244426465	-0.0810320025	0.0035961227	-0.0157011526	0.0449792912	0.0052353556	-0.0373580252	0.0632832241	0.082170052	-0.0981737112	-0.00772568	-0.1478799445	-0.0170378861	-0.0685748924	-0.0349494791	-0.0735373386	0.0260360421	-0.0076771305	-0.0090262251	-0.0495575689	0.0591888631	0.0837120359	-0.1017181622	-0.1116617058	-0.0489939234	0.0041665375	-0.087208074	0.0698639202	-0.0434657385	0.0114346062	0.0220783961	-0.0527301444	0.0765483197	-0.090446201	0.0926226898	0.0	-0.1004179063154566	-3.016363379511333e-05	9.098448037257031e-10	0.0100837559087798	0.0475978716234237	0.0256363415836063	0.0022655573830799	0.0006572220097913	0.0734046522773326	0.1017281060931907	0.0103486075693074	0.0053882429759561	-0.0041857245525524	-0.0001975924603983	1.7520290029839986e-05	3.90427804062538e-08	-0.0018090717998402	-0.0008301138094545	6.890889366472277e-07	3.2727407769770603e-06	-0.0018817954044508	0.0003991646341239	3.54115394421215e-06	1.5933240513534668e-07	0.0	0.0	0.0	0.0	0.0	0.0	0.0	0.0	0.0	0.0	0.0	0.0	0.0	0.0	0.0	0.0	0.0	0.0	0.0	0.0	0.0	0.0	0.0	0.0
5150.331948566899	-4.156079344973477	17.27299552171517	26525919.18042891	14173.45081693209	-53.1573724208738	200886708.0599929	2825.7062426914745	4871.781574504851	-7.788044993400035	60.65364481922336	23734255.709684964	6158.895388063811	6586.851460914089	1.236334	34.008411	0.1780972693237608	0.1075900721183919	0.062428463	0.0405717718	0.0563656209	-0.0917257423	0.0514116767	0.0726752279	-0.0242615555	0.0886231487	-0.0609794789	0.0090501611	0.0115175266	0.0287205776	0.0280568747	0.0679478442	-0.0462722252	-0.1009719358	0.0535972633	0.0121605066	0.105778578	-0.0741063245	-0.0018179948	0.0784482045	0.0824550891	0.0266962176	-0.0691128663	-0.0295986424	-0.054488356	0.0499219574	0.0653174516	-0.0547840414	-0.0167235968	0.0340677722	0.0263036728	-0.0181587373	0.0250586336	0.0186195556	-0.0641212325	0.0401106494	0.0391163002	-0.0423111591	-0.0346080323	0.1486652531	-0.0281585857	0.0283770586	0.0795717437	-0.0288874187	-0.0464518034	-0.0671881728	0.0427426705	0.0360486635	0.1154046554	-0.0038159256	-0.1044068352	-0.0457708274	-0.01627472	-0.0663155793	-0.0045590485	0.0409809389	0.0292511961	0.1079472239	-0.1489936267	0.0402540188	-0.130719853	0.0237133346	0.1097692715	0.0439730211	-0.2199107726	-0.0125151636	0.0130927616	-0.0238234541	-0.0391710097	0.0072437075	0.0257864298	-0.0551110175	0.1561040874	-0.0405718565	0.0276926376	0.0940468738	-0.0287651792	0.1182826096	-0.103954169	-0.0148010926	0.0163119795	-0.0109944005	0.0934295073	0.0490394061	-0.0580273972	-0.0383704476	-0.0827304876	0.0539212812	0.0287339709	0.0653850136	-0.0667970865	0.0240674241	-0.059791442	0.0362023486	-0.056929518	0.0085376637	-0.0663991619	-0.160963293	0.0227527367	0.0645773713	0.0378999455	-0.0413516621	0.0100311302	-0.0283900457	-0.0809204993	-0.0507413342	-0.0034118912	-0.0542007576	0.0623184472	0.0746821229	0.0356984638	0.0477726805	0.0801881956	-0.0706034347	0.0883024591	-0.0873047928	0.0443032317	0.011791124	-0.0930297139	-0.0254009047	-0.1035907288	0.009694728	0.1049236276	0.004773706	-0.0623694823	0.0075396707	-0.0396772964	0.0577728511	0.0005950835	-0.0265963247	-0.0306473408	-0.0359386828	-0.050633184	-0.0440092717	-0.0008472165	-0.0453400839	0.1737355287	0.0374094728	-0.1191711942	-0.0621984562	-0.0539975582	0.049649737	0.0701813962	-0.0889197063	-0.1481098845	0.0426731568	-0.0799682143	0.0125010419	-0.0100592458	-0.0812737132	-0.042301444	0.0289246881	-0.0241262664	-0.0672070335	-0.0576376211	-0.0513402576	0.016202619	-0.013920988	-0.0316127313	0.0689204707	-0.1105890982	-0.0434280588	-0.014890737	-0.1651760952	0.0263221823	-0.1534055477	-0.0225182147	-0.0774575339	0.0637788803	-0.0876509655	0.0715249003	-0.0468089647	0.0164714492	0.0158442251	-0.0462570678	0.0711146114	-0.0874315588	0.0932483061	0.0	-0.0876703658287141	0.0127475404867425	0.0001624997884611	0.0076860930445405	-0.0084955487905489	-0.0560934204139726	7.217434925259686e-05	0.0031464718137386	-0.0170387013875981	-0.0904433536649307	0.0081800002221597	0.0002903173449757	-0.0042431038268683	-5.737927431590049e-05	1.8003930085584413e-05	3.292381121019357e-09	-0.0015952908779106	0.0002137809219295	4.57022825810697e-08	2.544952985144773e-06	-0.0019868943033676	-0.0001050988989168	3.9477489727546205e-06	1.1045778553523748e-08	0.0	0.0	0.0	0.0	0.0	0.0	0.0	0.0	0.0	0.0	0.0	0.0	0.0	0.0	0.0	0.0	0.0	0.0	0.0	0.0	0.0	0.0	0.0	0.0
5165.817117054641	15.485168487742158	239.79044309376275	26685666.486854725	14281.456938288762	108.00612135667144	203960012.28019625	11665.322250512036	4873.069729732366	1.2881552275148351	1.659343890173797	23746808.590833876	6172.091975000753	6592.020952960928	1.115416	30.682272	0.1654550492590129	0.0894751143894877	0.0384525612	0.0388890009	0.0082069809	-0.0673832483	0.0678821287	0.0328857649	-0.0259022717	0.0244167128	-0.012917135	-0.0815398638	0.0155904114	-0.0436402578	0.1087798494	0.0238049325	-0.0371046605	-0.0457255718	0.0365837252	0.1135563585	0.1849975834	-0.047494031	0.0787201891	-0.0248427239	0.0171855938	0.0506286038	-0.1402357839	-0.0578212638	-0.0024983221	0.0576054103	0.0094735269	-0.0828518973	0.0459662334	-0.0603025547	0.052117435	-0.0667626476	0.051303357	-0.0573494291	-0.0424243171	0.0932451427	-0.1339861011	0.1332177108	-0.0769170389	-0.0945218663	0.0188592627	0.0172593807	0.0849114876	-0.0574377001	-0.0594446444	-0.0690875753	-0.0428076617	-0.0891063628	-0.0213568133	0.012572133	0.0050000485	0.0179539319	-0.0966824083	0.1002350845	-0.1242157041	0.064691004	-0.0647345859	0.085665169	0.0439628356	0.0170354542	0.0954813329	-0.0902096308	0.0929106071	0.0226470607	-0.0036123787	-0.0188707957	0.0638284215	-0.0529593803	-0.0326236172	0.0068824504	0.0675174403	0.0052076753	0.0003928741	0.0473122779	-0.0106630159	-0.0286109762	0.0208601759	-0.0478362433	-0.0264558253	0.0215969902	-0.0129860431	-0.0290553725	0.0468620796	0.0508558408	-0.0786353601	0.0726073893	-0.0418013993	0.0647899882	-0.0008054504	0.0906780503	-0.0903473078	-0.0092642865	0.1456294366	0.0940207003	-0.0151958958	0.0392087458	-0.0058742068	-0.088895926	-0.0050046512	0.1043288469	0.0323996551	0.0983918227	0.1329553256	0.0752963509	0.0405884389	0.0622711196	-0.0051499738	-0.0735466507	-0.0248131787	-0.0896420708	-0.0482166648	-0.0382660634	0.0309836986	-0.0227508469	-0.0111577933	-0.0470277588	0.0839000365	-0.0025605959	-0.0864913863	0.0224066614	0.1860887624	-0.0323076258	0.0085018129	0.0063610731	-0.1102549554	-0.0511098366	0.0045532212	0.0748722333	0.1571687571	0.0300988698	-0.0221745172	-0.0134060983	0.0623781277	0.0663120461	-0.0395991707	-0.0216219618	-0.0626638362	0.0736902599	-0.0982463721	0.1086716331	0.086389088	0.0347553351	-0.0096135736	-0.0355096641	-0.1692778194	0.0283924504	-0.0621555148	0.0611627473	0.0063373396	-0.0275765108	0.0353419354	0.1086980699	-0.0730925553	-0.0507309723	-0.0601119636	-0.0987430546	-0.0121614227	-0.1049962837	-0.009601988	0.1253509767	-0.0756195862	-0.0577947715	-0.0093155455	-0.0033229246	0.0174532578	0.0082239972	-0.1170730779	-0.0463908247	0.0851732633	-0.0880775042	0.0731325059	-0.0500736032	0.021459135	0.0095361811	-0.039473477	0.0650312701	-0.0833739747	0.0924665046	0.0	-0.0827577863358612	0.0049125794928528	2.4133437273598835e-05	0.006848851199212	0.0510440991178597	0.0595396479084086	0.0026055000547538	0.0035449696730572	0.0414826304320783	0.0585213318196764	0.0034247462779486	0.0017208086275643	-0.0045510212502848	-0.0003079174234165	2.071179442054383e-05	9.481313964345629e-08	-0.0018092381382712	-0.0002139472603605	4.577343021580635e-08	3.2733426409750376e-06	-0.0016591291863832	0.0003277651169844	2.752709657108579e-06	1.0742997191179747e-07	0.0	0.0	0.0	0.0	0.0	0.0	0.0	0.0	0.0	0.0	0.0	0.0	0.0	0.0	0.0	0.0	0.0	0.0	0.0	0.0	0.0	0.0	0.0	0.0
5190.104447117997	24.287330063355512	589.8744016063724	26937184.171994004	14248.981860977565	-32.47507731119731	203033484.0744677	1054.6306463682424	4885.979802671791	12.910072939424936	166.669983301272	23872798.63211667	6174.081203776132	6690.314099689149	1.293135	35.570866	0.1033500972627398	0.056586245069713	0.0635539116	0.0056751737	0.0101428488	0.1133781503	0.0499820159	0.0613728996	0.0608175492	-0.0034091706	-0.0548078463	-0.0645289953	0.071983108	0.0036029357	-0.1542670406	0.0226135908	-0.1651748597	-0.095980885	-0.0116558771	0.0835785446	-0.0701339065	-0.1063284575	0.0006351902	0.0233203534	0.1454361199	0.0111492481	0.0917182389	-0.0825052755	-0.0492332175	-0.0843780715	0.026740085	0.0494149819	0.0404700031	-0.0374140577	-0.1103244732	0.0245180808	0.0047036716	0.06005946	-0.1272069006	0.0909054335	0.0249674393	0.102056035	0.2018845161	-0.0361906089	-0.0122534624	-0.175817345	0.1175087504	-0.0491614071	-0.0108260645	0.0278826323	0.0943461846	-0.0178608032	-0.0294079971	0.0470377988	0.0451470329	0.0550496913	0.0651072353	-0.0122364088	0.0055678512	0.043148253	-0.0814671211	0.1156202082	0.1370868356	0.0042801108	0.0304301214	0.0245073787	-0.1002596188	0.0483352638	0.0962813917	0.0924794637	0.0407465742	-0.0043996794	-0.1073513077	0.0658436526	0.0103890459	0.0665475278	-0.0089210374	-0.1064804107	0.0338771849	-0.0291038041	-0.0448377777	0.0320461354	0.203724643	0.1727917972	-0.0081907427	0.0019943375	-0.1158154375	0.0365710632	-0.0482381591	-0.1250225264	-0.0639764795	-0.101815092	0.0140951362	0.0526988297	-0.0898144213	0.0876817261	-0.0429992412	-0.124873627	-0.1227013373	0.0382621057	-0.0449770322	-0.0025930794	-0.0379163331	0.0747255374	0.0043380547	-0.0236913562	0.0601625322	-0.0056601262	0.0941048895	0.0420171626	0.1099568401	-0.0153693086	0.1527399252	-0.1129901545	0.086928404	0.0236366642	-0.0762731758	-0.0181854787	0.2178563083	-0.0283160225	0.074902482	-0.0810320743	0.1368493783	-0.1037020056	-0.0701469244	0.0331863583	-0.1899245889	0.0176318064	-0.0735991148	0.0904686203	0.0539514802	-0.0038466656	0.0219693516	-0.0130947666	0.1081732515	0.036245804	0.0474418837	-0.0143366233	0.0878590833	-0.0984900869	-0.1535279169	0.0751099395	0.1185706139	-0.0142811317	-0.0002936665	-0.0059017973	0.0486978982	0.0134106747	0.1383254727	0.0670080842	-0.033464044	-0.0414820241	-0.0631004287	0.0090389984	-0.161984582	0.058878761	-0.054511572	-0.147740993	0.0503628799	-0.0593015085	0.0504115336	0.0310948635	-0.1235097614	0.0521374566	0.0292068823	-0.1948568924	-0.0697335657	0.024119508	-0.092063148	-0.0340594364	-0.0312375291	-0.1676257986	0.0245835476	-0.0884876105	0.0746855372	-0.0532541728	0.0263827782	0.0031836749	-0.0324249087	0.0583538671	-0.0783218503	0.0902890852	0.0	-0.0825274479078927	0.0002303384279685	5.305579139900192e-08	0.0068107796581899	0.0713864441716793	0.0203423450538196	0.0050960244114762	0.0004138110022886	0.0219494631567016	-0.0195331672753767	0.0003815446238078	0.0004817789328674	-0.0039101093612116	0.0006409118890732	1.5288955216634584e-05	4.107680495553785e-07	-0.0012621149798268	0.0005471231584444	2.993437505061761e-07	1.5929342223032036e-06	-0.0017359790689771	-7.684988259390002e-05	3.013623327926599e-06	5.905904454696217e-09	0.0	0.0	0.0	0.0	0.0	0.0	0.0	0.0	0.0	0.0	0.0	0.0	0.0	0.0	0.0	0.0	0.0	0.0	0.0	0.0	0.0	0.0	0.0	0.0
5187.575128682772	-2.5293184352249227	6.397451746768652	26910935.715728074	14226.390227175982	-22.59163380158316	202390178.89588827	510.38191782483466	4889.4307749062045	3.450972234413712	11.909209362694366	23906533.30259989	6181.56564707898	6682.304834849982	1.131959	31.137335	0.1244950937601289	0.0742273177227155	0.0827952601	0.023754949	0.0464341767	-0.0160294404	0.0426706533	0.0735375343	-0.024073485	0.0524318944	-0.045180626	-0.0362216833	0.0064803854	0.1073931259	0.0304060132	-0.0187815994	-0.0106801827	-0.0648028068	0.0252063494	-0.027645491	0.0155763821	-0.1074361565	-0.0354465478	-0.1007295965	0.0205872129	-0.0078621137	0.0514829005	0.016218254	-0.0798375041	-0.0022244656	0.1048590537	-0.0256637597	-0.0254227957	0.0370880371	0.0905306057	-0.1060022342	0.0515891523	0.1876554789	-0.0634352094	0.1084658561	-0.0162202102	-0.0564226129	0.0813585369	-0.0411542712	0.050791553	0.0677359228	-0.0785479682	0.0326535282	-0.0194836944	0.0518761419	-0.0772211741	-0.1282482916	-0.0162998754	0.012827592	0.1824774104	0.0148736275	-0.1337576854	0.0549694833	0.0429036156	0.0229226425	-0.0355680063	-0.0273773493	-0.0727281413	0.0160243413	-0.0252444234	0.026187541	0.0258724153	-0.0540168925	0.0716919432	0.0158568829	-0.0602372705	0.1082516147	-0.0332375896	0.0349628851	-0.0290769372	-0.061854203	0.0235002701	0.1295108107	0.0372198615	-0.0095836141	0.0848834436	-0.0394225073	0.0497360186	0.0081705761	0.0139449136	0.0169383309	-0.1401039155	0.056529728	-0.0784188717	0.0019213202	-0.0741758996	0.0330051747	-0.0103080936	0.0531063904	-0.0077931533	0.0636887889	-0.0189855074	0.1063641917	0.0327453642	-0.0374475323	-0.0942213851	0.0358243476	-0.0708317319	0.0916881406	0.0243726837	-0.0497501463	0.0449870475	0.0925489208	0.0614022184	-0.003940095	0.1315668003	-0.1145965948	0.0403041476	0.013222171	0.0892812535	-0.0501237194	0.0736466825	0.1063479836	-0.0035484376	-0.0954873376	0.0358724115	0.0748894938	0.0150257019	-0.0541134684	0.0878758426	0.0564347346	0.0076753271	-0.0451581013	0.0680197319	-0.0703815267	-0.076806579	-0.061990707	-0.0518196334	-0.0984952124	-0.0711562927	-0.0160990698	0.0554662782	0.0057185182	0.1487460304	0.0851052677	-0.0045190495	-0.0052306774	-0.0360861179	-0.0255488126	0.0743383052	0.0851201982	0.1746566973	0.0858298949	0.1130648871	0.0821705321	-0.0730051442	0.0228325521	-0.0277066843	-0.059024343	0.0151018532	0.0008020138	-0.0876701674	-0.0917436885	-0.0115681674	-0.0216391574	-0.0017440771	-0.0172977846	-0.0372608471	0.0827800791	-0.0285594043	-0.1428383628	-0.0284111918	0.0173078459	-0.0731427236	-0.0066020779	-0.0716567286	-0.0700117233	0.062154099	-0.0888812078	0.0761828353	-0.0563453339	0.0312276849	-0.0031836749	-0.0251586786	0.0511434007	-0.0723354508	0.0867489121	0.0	-0.0786006844745088	0.0039267634333838	1.54194710617609e-05	0.0061780675998612	0.0076221577173356	-0.0637642864543437	5.809728826793864e-05	0.0040658842270316	-0.0136649099295098	-0.0356143730862114	0.0012683835703238	0.0001867297633816	-0.0038323839300923	7.772543111929982e-05	1.4687166587629704e-05	6.041242642681021e-09	-0.0014493753397033	-0.0001872603598764	3.5066442381076285e-08	2.100688875340056e-06	-0.0018947866937051	-0.0001588076247279	3.5902166146419043e-06	2.5219861671749268e-08	0.0	0.0	0.0	0.0	0.0	0.0	0.0	0.0	0.0	0.0	0.0	0.0	0.0	0.0	0.0	0.0	0.0	0.0	0.0	0.0	0.0	0.0	0.0	0.0
5196.918144164196	9.343015481424118	87.29193828613074	27007958.19714303	14293.939439352966	67.54921217698393	204316704.69589016	4562.896065731194	4887.263881980207	-2.166892925997672	4.695424952738753	23885348.25210824	6175.167515494989	6743.393954139482	1.058908	29.127878	0.0791643233930345	0.0451127644845263	0.1142991834	0.0313066735	0.0927451247	-0.0757122023	0.0455932965	0.1084320782	-0.0731683346	0.0818255518	0.0709694514	-0.0856064531	0.0209059896	-0.0264376526	-0.0815299316	-0.0764181829	-0.0769088184	-0.08348708	0.089787405	-0.0512691979	0.1067266282	-0.0848179713	-0.0366024114	-0.0898900319	0.0656010732	-0.0658523767	-0.0162343315	-0.0940326705	0.0071644901	0.1302857154	0.0965777795	0.0763284633	0.0932261381	-0.131159794	-0.0247160075	-0.0154894515	-0.0558967166	-0.0435854568	-0.0799257517	-0.0132072443	-0.0461527499	0.0097825171	0.1704844375	-0.0161411013	-0.0555914507	-0.0500739558	-0.1431885785	0.0306966386	0.0412603657	0.0450279493	-0.0068550486	-0.02790804	0.0937817161	-0.0210117749	0.0051137355	-0.0409530724	-0.0403228223	0.0619561769	0.0290863439	-0.0458679412	0.0712127118	-0.087127202	-0.0064138645	0.0191225723	0.0193468454	0.0880824836	0.0741248007	-0.0268239059	-0.0749599855	-0.0221117052	-0.0805823974	0.0058969629	-0.0479644611	0.0283246797	0.0213544769	-0.0134590207	-0.0602879531	0.0365530831	-0.041150548	0.0066753423	-0.0636164439	-0.0559828498	-0.0038676773	0.0082296237	-0.1082441554	0.0338194676	0.0175479369	-0.0336051844	-0.1054260306	0.0323575119	-0.0988237905	0.1253530812	0.0406248416	0.0625083328	-0.0352830975	0.0775310814	-0.0253802859	-0.1506111221	-0.0341833152	0.0693315951	-0.0530023823	0.0871893309	0.0172483707	0.132176793	0.0725997638	0.059750288	0.04816642	-0.0584128479	0.0451173328	-0.0257809819	-0.040222319	0.0632819254	0.0893209404	-0.0840562134	0.1023199792	-0.078900137	0.0774126003	-0.016676216	-0.0498196827	0.0502748901	-0.0329290474	-0.0502415136	-0.1202862717	-0.0871176496	0.0410559359	0.0850577303	-0.0788966391	-0.1641767348	0.1359802606	-0.0338892552	0.0011443064	-0.054631814	0.0830628287	0.0293666822	0.0049153085	0.0262283502	-0.0025007185	-0.0211427525	-0.0550889427	0.1009058819	0.0666097528	-0.0327528986	-0.0304111189	-0.0229123658	-0.0243576603	-0.0295314856	0.0274367235	0.0102563563	0.0231039684	0.0841919482	-0.0906815309	0.0808783796	-0.0001252527	-0.053273029	0.0201316005	0.0185880553	0.0280618201	-0.065993086	-0.0386752094	-0.1266758319	-0.0116152593	0.0094263108	0.0634365519	0.1461910712	-0.1109510298	-0.0168398923	-0.0303828665	-0.0022077859	-0.1045745993	0.0918998571	0.0345961528	-0.1253864792	0.0863848782	-0.0892582227	0.077623283	-0.0593418965	0.0359793958	-0.0095361811	-0.0177235635	0.0434657385	-0.0654861859	0.0818994181	0.0	-0.0824814263219195	-0.0038807418474107	1.5060157286244645e-05	0.0068031856880982	0.0467869486850247	0.0391647909676891	0.0021890185672551	0.0015338808515427	-0.0040660742966451	0.0095988356328647	9.213764550675306e-05	1.6532960185837947e-05	-0.0035842505880641	0.0002481333420281	1.2846852278037848e-05	6.15701554260836e-08	-0.0014930416180434	-4.366627834010003e-05	1.906743864075089e-09	2.229173273209654e-06	-0.001656187215172	0.0002385994785331	2.7429560916991845e-06	5.692971115626725e-08	0.0	0.0	0.0	0.0	0.0	0.0	0.0	0.0	0.0	0.0	0.0	0.0	0.0	0.0	0.0	0.0	0.0	0.0	0.0	0.0	0.0	0.0	0.0	0.0
5198.151305167022	1.2331610028259092	1.5206860588906022	27020776.99140961	14316.727295547877	22.787856194911	204968680.4550856	519.2863899599437	4889.860027565641	2.5961455854339874	6.739971900768381	23910731.08918425	6189.215354406321	6716.242217676377	1.499738	41.25399	0.1253894267538798	0.0684971378390246	0.0974559597	-0.0417700412	-0.0238854553	0.1700405211	0.0258870254	0.046137938	0.1552565523	-0.1305581544	-0.0366041043	-0.0792506659	0.0654691186	0.0870822045	-0.0478125049	0.0205488428	0.0661414205	-0.0848303054	-0.0404901302	0.1570973021	-0.1162432935	-0.0283088009	-0.0355780768	-0.0757970069	0.0388148117	0.0101328362	0.009513162	-0.0047786137	-0.0078165581	-0.0150337808	0.0480476493	-0.0582764977	0.035415843	0.0827540104	-0.0764536821	-0.1107930212	-0.1285189345	-0.0388946663	0.0572382411	0.0900750057	-0.0240482698	0.0066353619	0.0089251787	-0.0684852929	0.0089575021	-0.0097865113	0.1016555868	0.0133607768	0.1173437104	-0.0073523301	0.1496932123	0.1227612097	0.1010211831	-0.0041972601	0.0742278058	-0.0546087547	-0.0522534179	0.0664520614	0.0059451384	0.0210472151	-0.0176053925	0.0253577259	-0.0301858188	0.0309686619	0.0821947313	-0.0112241207	-0.0234580349	-0.0446188908	-0.018464221	0.024287135	-0.0384454865	0.0054897297	0.1118342829	0.0665893283	0.025186456	0.113512103	-0.0435380839	-0.0715351503	-0.0413024655	0.0736499956	0.1020391923	0.1130386702	-0.0716054274	-0.0774871617	-0.1137024117	-0.0450862725	0.0193442658	-0.132379732	0.0276949285	-0.0890385525	-0.0533308856	-0.2238630369	-0.0696692642	0.0289405613	-0.0495320111	0.0966367208	0.0101936691	0.0802311982	0.0213519454	-0.0094503274	-0.0650539621	0.0345912575	-0.0442363144	0.0066635643	0.0433373285	-0.0029061775	0.0544508264	0.024480097	0.0066411913	0.0153864333	0.0023621826	0.0471714682	-0.0436638747	0.0187338681	0.0373329623	-0.1385145162	-0.1063911532	0.0334690436	0.1295039634	-0.0306061261	-0.0738640523	0.0211680966	0.0284560904	0.0374957372	-0.0174722672	-0.0696200327	-0.1452972778	-0.0862081799	-0.1243576125	0.122771764	-0.0048994118	0.093753381	0.083583529	-0.0200928368	0.070972258	0.0823842666	-0.0607993938	0.0257790647	-0.0587131585	0.0785810421	0.0279425432	-0.0450313139	-0.061292553	0.0473711495	0.0854592013	-0.098607538	0.0646640767	-0.1220975165	0.0036262154	0.0966639249	-0.0232625131	0.0432127226	-0.0006141544	0.125989476	-0.1165716658	0.0310434718	-0.1206118063	-0.0250395579	-0.0125690435	-0.0165955902	0.0394653209	-0.0050176741	-0.0130302997	0.0643055589	0.0539143801	-0.1446720275	0.1276207421	0.0544747787	-0.1218845916	0.0038104692	-0.0342953316	-0.0297756477	0.0114737463	-0.0896185849	0.0790058053	-0.0622388298	0.0406237301	-0.0158442251	-0.0101694736	0.0353910162	-0.0578557582	0.0758137976	0.0	-0.0932168398977069	-0.0107354135757874	0.0001152491046432	0.0086893792405147	0.101613169097888	0.0548262204128633	0.0103252361341159	0.0030059144447598	0.032074533225689	0.0361406075223341	0.0013061435120833	0.0010287756816458	-0.0034059995938695	0.0001782509941946	1.1600833233439198e-05	3.177341693136345e-08	-0.00119868675017	0.0002943548678734	8.66447882407668e-08	1.436849925033116e-06	-0.0016550493723821	1.1378427898999476e-06	2.739188425022383e-06	1.2946862145272961e-12	0.0	0.0	0.0	0.0	0.0	0.0	0.0	0.0	0.0	0.0	0.0	0.0	0.0	0.0	0.0	0.0	0.0	0.0	0.0	0.0	0.0	0.0	0.0	0.0
5213.770461470659	15.619156303637284	243.95804363745228	27183402.42490397	14229.513348545172	-87.21394700270503	202479050.13642523	7606.272551790641	4890.043469731033	0.1834421653920799	0.0336510280437352	23912525.13585912	6170.589743819231	6769.400617564138	1.563364	43.004177	0.3988476650827834	0.2421011778215919	0.12676702	-0.038723384	0.0845205861	-0.094274272	0.0999428915	0.086354068	0.0091312704	0.1001257636	-0.0041233236	-0.0911855001	0.0354334635	0.1874203996	-0.0226159517	-0.0704410724	-0.1174749109	-0.0994399713	0.0346015341	-0.0444543229	0.0300789312	-0.1137023257	0.0369188723	-0.0710300687	0.1703930442	-0.1643610237	0.0386308229	-0.1204430853	-0.1386718668	-0.0418991858	0.0751577688	0.0564579485	-0.0955376026	-0.0505644323	-0.0377921306	0.0096334147	-0.0873158683	-0.0698372546	-0.1708866943	-0.1303022902	0.0134502366	-0.0504258128	-0.186697662	0.0229409949	-0.0061813813	0.1600249745	-0.0275847496	-0.0384703513	-0.078645552	0.0430396431	0.0149214426	0.0490128122	0.0423611064	0.0285597253	-0.0652979892	-0.0972695604	0.0142547516	-0.0117121612	-0.0191831713	0.0979102152	0.025823616	-0.171322642	0.0639345884	-0.0184393287	-0.1206325782	0.0136049253	0.0077512336	0.0921465105	0.0170838974	-0.1171961022	0.0479345092	-0.082765558	0.0593725783	0.0123306144	-0.1078734354	-0.0773901403	-0.1113048568	0.0135392218	0.0037423823	0.0099731407	0.0113244879	0.0678312755	-0.0474190266	0.038390025	0.0169388429	0.0066448779	0.0079237587	0.0137086042	0.0746293082	-0.0043489163	-0.094073519	0.0575583325	-0.0170232353	0.0565005032	-0.0498153377	0.1953216845	-0.1711195342	-0.0158971083	-0.0733203198	0.117116809	-0.0116788322	0.0292567951	-0.064733522	0.1016777973	0.0145552784	0.0141498637	-0.0762846058	0.1692912274	-0.0732206575	-0.1042694556	-0.098651887	-0.0405091325	0.0809640921	-0.0178582854	-0.0038962724	0.1299264597	0.091776868	-0.0426664726	0.0304158762	0.0286450125	-0.1081541867	0.0013926789	-0.1551333856	0.033852751	-0.0353390347	-0.0617795448	0.1933459022	-0.0147408614	0.0801493596	0.0559406456	0.0251784245	-0.0029105643	-0.091178271	-0.0323532258	0.1066667876	0.0290095958	-0.0836093311	-0.0247976025	-0.0780487368	-0.0977057607	-0.0376629678	-0.1269306324	0.0003610234	0.0614723418	-0.0560349314	-0.0243795753	-0.1574087263	0.0953898384	-0.0580973891	0.1312536327	-0.0581831924	0.0349939371	-0.0421775899	-0.0893647138	-0.0204203816	-0.1385424038	0.0604262937	-0.0735313658	0.1104087821	-0.0392037322	-0.0109097608	0.1800404827	0.0686037122	0.1202623129	-0.0960979881	-0.086662934	0.0451718164	-0.1294170066	-0.006910157	-0.0623772642	0.0830911659	-0.0213102319	-0.059990304	-0.0899622271	0.0803293705	-0.0650312701	0.0451468273	-0.0220783961	-0.0025471182	0.0269929964	-0.0495351885	0.0685839023	0.0	-0.0997174886747558	-0.0065006487770488	4.22584345225473e-05	0.0099435775476	-0.0980141254578796	-0.1996272945557676	0.0096067687892729	0.0398510567316552	-0.0519247106988629	-0.0839992439245519	0.0070558729798963	0.0026961755811606	-0.0013040491096119	0.0021019504842576	1.700544080279589e-06	4.41819583827076e-06	-0.0012689247718451	-7.023802167510011e-05	4.933379688831833e-09	1.6101700766021391e-06	-0.0016528283218065	2.221050575600082e-06	2.731841461365691e-06	4.933065659373456e-12	0.0	0.0	0.0	0.0	0.0	0.0	0.0	0.0	0.0	0.0	0.0	0.0	0.0	0.0	0.0	1.0	0.0	0.0	0.0	0.0	0.0	0.0	0.0	0.0
5192.189019791018	-21.581441679641102	465.7586249717502	26958826.817238413	14310.080666566506	80.56731802133436	204778408.68364048	6491.092733150828	4887.617592877068	-2.425876853964837	5.884878510602336	23888805.734201424	6193.384105694991	6752.82222590727	1.183337	32.550598	0.1980530500311947	0.1139255504441353	0.1725715119	-0.0292364434	-0.0079120401	-0.023092738	0.0873712116	0.1483093212	-0.0150222965	-0.0161952835	0.0662616936	-0.1741516909	0.0286991584	0.0283402512	-0.087516188	-0.0231981044	0.0200035471	-0.1317984977	0.0654441088	-0.0579847506	-0.0220670542	-0.0736648137	-0.0272170351	-0.0438211836	0.0950741436	0.0486211409	-0.0994462311	0.0057449606	-0.0384484305	0.0364573941	0.0455508519	0.0341681175	-0.0045356278	0.0049174647	0.0192029002	0.0489657101	-0.0065110741	0.0330594378	-0.0696982875	-0.0192813463	0.0421805885	-0.0053897047	-0.0415899351	-0.0220515555	0.0588962202	-0.0300608749	-0.0264361929	-0.0150383231	0.1002089294	0.030046278	0.0619460126	0.026568211	-0.0455584051	0.0621867525	-0.0724864589	-0.0168983116	-0.0209369563	-0.0619690591	0.169880991	-0.0185502751	0.0440301916	-0.0459329872	-0.0808084001	-0.0682309175	0.1831595697	-0.0480495246	-0.0302779041	0.040689949	-0.0634166014	-0.173993754	-0.0068463304	0.0202635608	0.0526374069	-0.0270873719	-0.0807761299	0.0163413123	-0.0805768517	0.1191203226	0.0110165291	0.0831850882	-0.043765787	-0.1193921618	-0.0540671228	-0.0151709812	0.1201208359	-0.0940443058	-0.0458697115	-0.0082098013	-0.0230115317	0.022977932	-0.1392792402	0.0219962786	-0.0095606483	0.0498129127	0.0886657599	0.1039590996	0.048652984	-0.0568385719	-0.0297533273	-0.0730027211	-0.0321928287	-0.0342131141	-0.004437383	0.0833850655	0.0968559012	-0.0326656971	-0.0512915775	0.0967338514	-0.0388114957	0.0071353009	0.0205563101	-0.0117023453	0.0208394221	-0.0459339126	-0.051671091	-0.0440247055	0.0716308654	0.0240039502	0.0469554527	0.0354994918	-0.0568809936	0.0152161956	-0.0109489472	0.1064094182	-0.0781478158	0.0062313409	-0.0460009752	-0.0690956481	0.0786420914	-0.1223167604	0.0950505315	-0.0208679455	0.0571544766	-0.028962133	0.0524239697	-0.0328662366	0.0753632052	-0.0215792963	-0.1302789217	0.0453352251	-0.0188531222	-0.0775007072	-0.0694474769	0.0503617052	-0.0852458995	-0.0331685459	-0.0570616641	-0.0106189238	0.105788855	0.1520798469	-0.0711281666	0.0560408041	-0.0368490566	-0.0527238179	0.0066200001	-0.0762748104	-0.044905849	-0.0903962614	0.06976079	-0.0113617908	-0.0238777884	0.0213059346	0.0574482232	0.0383641252	-0.0378899838	0.0013633865	-0.03652585	0.0094266875	0.0019250258	0.0414887572	0.0077313007	0.0056017256	-0.0536264111	-0.0902890852	0.0815929909	-0.0677145291	0.0495351885	-0.0282096273	0.0050923356	0.0183483952	-0.0406237301	0.0603188546	0.0	-0.1048216190606012	-0.0051041303858453	2.605214699571027e-05	0.0109875718224857	0.0060510474214083	0.1040651728792879	3.661517489613204e-05	0.010829560206396	-0.0237447851278815	0.0281799255709813	0.000794108205186	0.0005638148207692	-0.001975962123191	-0.0006719130135791	3.904426312285484e-06	4.514670978169478e-07	-0.0014349970341187	-0.0001660722622735	2.757999629667137e-08	2.059216487929465e-06	-0.0020289194698554	-0.0003760911480489	4.116514215158317e-06	1.4144455164073965e-07	0.0	0.0	0.0	0.0	0.0	0.0	0.0	0.0	0.0	0.0	0.0	0.0	0.0	0.0	0.0	0.0	0.0	0.0	0.0	0.0	0.0	0.0	0.0	0.0
5170.388878264066	-21.800141526951847	475.2461705951304	26732921.152476747	14263.669637983274	-46.41102858323211	203452271.5415259	2153.983574153588	4878.526819909358	-9.090772967710109	82.64215315044886	23800023.932574917	6174.811541320733	6662.272980901333	1.081425	29.747269	0.1391005937271947	0.073438561305446	0.1482419666	-0.078186094	-0.060021723	-0.067100369	0.0034168114	0.1524363341	-0.0178853736	-0.0085702543	0.0670804428	-0.0374106572	-0.1010491774	0.0532264032	-0.0057262644	0.0528181474	-0.0314376188	-0.1279997159	0.0627461037	-0.0115894221	0.013183537	0.1207681142	0.0560720602	-0.068510931	-0.0041333195	0.0113932843	-0.0879035595	-0.0262398532	-0.0816101894	0.0939905887	0.0155671385	0.0423605848	-0.0501669372	0.0357356462	0.0037682299	-0.0438284232	-0.0302273001	-0.069877497	-0.0329229074	-0.0500383719	-0.1024905241	-0.0105863894	0.0054362131	0.071428865	-0.1338068921	-0.037077886	-0.0463105113	0.0614779821	0.1344771463	0.0581139986	0.0363529948	-0.0400501209	-0.0044432331	-0.0850718496	0.0476895682	-0.0974339923	0.0928932083	-0.0142788656	-0.0528938642	0.1362351716	-0.1256346141	6.64617e-05	-0.0060710811	-0.1078613644	0.0047422563	0.0657924914	0.1274044503	-0.132773159	0.0183904137	0.0663790948	0.0292961441	-0.0687137774	0.0286132552	-0.0248037725	0.0673251522	0.1439538313	-0.0081080609	-0.0964669232	-0.1264336607	-0.0924851893	-0.045728697	0.1153994264	0.0437088326	0.0217330382	0.0668548252	0.0475771891	0.157832139	0.0153655017	0.0377404831	0.0591003322	-0.1375796237	0.0310391948	-0.0566357814	-0.0072489426	0.0616023498	0.044405685	0.0137424979	-0.0084220828	-0.0929162361	0.0909427612	-0.0340112799	0.003958087	0.0189208644	-0.0496090615	0.1372901469	-0.0678366443	0.0048546909	-0.0375407753	-0.0787274444	-0.0618343456	-0.1576714672	0.0029586787	-0.0333073395	-0.0349826743	0.0413913344	-0.0841981783	0.03681449	-0.0809149333	0.040117408	0.0699996973	0.0703007287	-0.035825418	0.0271563678	-0.0584411158	0.0291816929	0.0874987579	0.0716624559	0.0228189513	0.0557819959	0.0490402519	0.0409295172	0.0860435516	0.0163253693	0.1235221145	0.0881235609	0.0523320363	0.054106446	0.0061966753	0.055580265	0.0480213881	-0.0112172187	-0.0672044967	-0.0056144243	-0.0059469484	0.0184470477	-0.0080907801	-0.0904259389	0.0034033449	-0.0076309527	0.1467188998	-0.0368411911	0.0868737071	-0.0100683507	0.0248774284	0.0317149983	-0.0649260811	0.0284369472	-0.001982179	0.0363028583	-0.0641627083	-0.0934017254	0.0198436222	0.0579397222	0.0237617029	-0.0048825962	0.0493442462	0.0066712183	-0.0669347604	0.0138396589	-0.0222715779	0.1064929922	-0.0505255851	-0.083138013	-0.0905990982	0.0827957235	-0.070284102	0.0537757173	-0.0342093323	0.0126976055	0.0095361811	-0.0312276849	0.0511434007	0.0	-0.1047076941337792	0.0001139249268219	1.2978888951397032e-08	0.010963701210813	0.0599471793273806	0.0538961319059723	0.0035936643093091	0.0029047930344259	0.016082300814439	0.0398270859423205	0.0015861967746569	0.0002586403994861	-0.0014392921577108	0.0005366699654802	2.0715619152478103e-06	2.88014651848519e-07	-0.0014997606796021	-6.476364548340004e-05	4.194329776299522e-09	2.249282096080553e-06	-0.0017250840617774	0.0003038354080779	2.9759150201984124e-06	9.231595520192473e-08	0.0	0.0	0.0	0.0	0.0	0.0	0.0	0.0	0.0	0.0	0.0	0.0	0.0	0.0	0.0	0.0	0.0	0.0	0.0	0.0	0.0	0.0	0.0	0.0
5145.59925973707	-24.78961852699649	614.5251867140078	26477191.74180668	14223.943014135117	-39.72662384815703	202320554.8693632	1578.2046423729591	4871.679276636626	-6.847543272731855	46.88884887193528	23733258.97441076	6177.549538239097	6574.713325143917	1.045812	28.767635	0.0739305740790087	0.0336033074498268	0.1758776627	-0.0545010624	-0.1085795753	0.036186582	-0.0457187102	0.1823670967	0.0359785529	-0.0534465602	-0.0214693071	0.0038672388	-0.0180196621	-0.0427449585	0.0974403102	-0.0145464042	0.0296551476	-0.179393707	0.0625418232	0.0707731669	-0.0380241422	0.0486928286	0.0499198638	-0.0596967476	0.0213924997	0.0002812675	-0.0912315213	0.0269785693	-0.0014500793	-0.046250242	-0.0291086373	0.0372118729	0.0097022028	0.1054924691	-0.0071007106	-0.0081236657	0.1029580777	-0.0088071628	-0.1045938485	-0.0829598468	-0.0830701735	-0.0129199206	0.0013786248	0.0197234387	0.1068473628	-0.0912124544	-0.1955346373	0.0922909198	-0.0425469754	-0.0283401687	0.0651754325	0.0037951772	-0.0140356783	-0.0516990836	0.0850354201	-0.107163782	0.0082518592	-0.0122369237	-0.0805752347	-0.0422130799	-0.0675726062	-0.0534845833	-0.0481085331	-0.052244722	0.0804399831	-0.1340640361	-0.0696317035	0.0176385941	0.0650696019	0.0072533103	0.0301800143	0.0457794149	0.0005038334	-0.1004418678	-0.1172748137	-0.1272919143	0.0261761678	-0.0857282099	0.0746991223	-0.0098030965	-0.0473770163	-0.0070253884	0.0518619612	0.062500265	-0.0075703993	-0.1185266678	-0.0163840477	0.0048791671	0.0574860983	-0.0112586254	-0.1818803746	-0.0749184396	-0.0408223323	0.033175304	0.0466017909	-0.0125916256	0.0839963982	0.0247760127	0.0025183273	0.0416754925	0.0628437455	-0.0752659283	0.0109586324	-0.0038378061	0.0727626052	-0.095974762	-0.0105971574	0.0497952699	-0.0036210355	0.0136406156	0.0646169695	-0.0845623946	-0.0421915868	-0.106742568	0.0042109324	0.0592418757	-0.0570431655	0.0296736379	-0.0368929621	-0.0319204209	0.0215215058	0.0528253359	-0.1145350026	0.0307685891	0.0199945954	0.0118651635	-0.1470984547	0.1178611209	0.1322117608	-0.047031705	0.0912951254	0.0854805946	-0.0340187936	0.0637206457	0.0955561965	0.0554429455	-0.0660874974	-0.0418615639	0.1234528806	-0.0532440883	0.1110378561	-0.0605825811	0.0433239502	0.109320348	0.0186573265	0.0120184896	-0.082096014	0.071710815	0.0825341139	0.1804292878	-0.0656912899	0.0750445728	-0.0123079655	0.0320677252	-0.0257755468	-0.0790077055	-0.0524018533	-0.0024291316	0.0120432994	0.0007333761	-0.0559859119	-0.0080494809	0.0054480222	-0.0184680042	0.0124488545	0.09464278	-0.0755499924	-0.0694371993	0.0019225348	-0.0525036852	-0.0301122391	-0.0514432344	-0.1246583726	-0.0908922084	0.0839366709	-0.0727356746	0.0578557582	-0.0400495376	0.020217639	0.0006368538	-0.021459135	0.0411960279	0.0	-0.1176810573918203	-0.0129733632580411	0.000168308154225	0.0138488312688569	0.0437395558543869	-0.0162076234729936	0.001913148746339	0.0002626870586423	-0.0006999387396149	-0.0167822395540539	0.0002816435644496	4.899142392136948e-07	-0.001796916281454	-0.0003576241237432	3.2289081225544717e-06	1.278950138830917e-07	-0.0014807896791508	1.8971000451300027e-05	3.5989885812322584e-10	2.192738073879529e-06	-0.0019078358934613	-0.0001827518316839	3.639837796379277e-06	3.3398231983820526e-08	0.0	0.0	0.0	0.0	0.0	0.0	0.0	0.0	0.0	0.0	0.0	0.0	0.0	0.0	0.0	0.0	0.0	0.0	0.0	0.0	0.0	0.0	0.0	0.0
5175.559221094602	29.959961357532848	897.5992845448615	26786413.251057368	14275.698795885915	51.75578175079863	203795576.11085856	2678.660944636301	4889.478208696649	17.798932060022707	316.8019824773042	23906997.15331939	6179.042538256997	6624.819161561494	1.161505	31.95006	0.0714871151510766	0.0394492113098542	0.1441457286	-0.0585403238	-0.0699857862	-0.090518016	-0.0377500997	0.1480724318	-0.0207032645	-0.005486384	0.083233967	-0.0684979262	-0.0639914549	0.0909463832	0.1399781913	-0.057723058	-0.0701867886	-0.1016933502	0.0896868909	-0.0062426321	-0.0172709949	0.091463769	0.0595356859	-0.1271993402	-0.0556792106	-0.1558831401	-0.100073072	-0.0719388792	-0.0739988734	-0.0518902531	0.1063294639	0.0792459974	0.0429653622	0.0197060996	0.1160987593	-0.0396069179	0.0904366959	0.0128161567	0.0864535313	0.1083017503	0.0977086039	-0.1413209656	-0.0714200717	0.0474876953	-0.0532010841	-0.0577636053	0.0374764476	-0.0414876495	0.1275196279	-0.0751765227	-0.0510656156	0.0289546361	-0.1825489745	-0.0610818011	0.0198954765	-0.0311703015	-0.0631056504	0.0279783644	0.0746626177	-0.0368664105	0.020607434	0.0613624943	0.0489617617	0.0073202206	0.013615086	0.0632971465	-0.1340895621	-0.0024085331	-0.097391494	0.1453362306	0.1630136952	-0.0005153118	-0.0110988851	0.0637842824	0.049026623	0.0476797371	-0.0430114313	-0.0417943956	0.0706814651	-0.0611546624	0.1074553112	-0.1280119627	0.0198921386	-0.0886088413	0.013679173	-0.0249110944	0.0700817584	0.0157175651	-0.0475926396	-0.0537188398	-0.1401583558	0.0546122992	-0.0505369765	0.0009312287	0.0641832531	0.1105364604	0.0387395659	0.0790401419	0.0029012766	0.1911689152	0.1022134812	0.0484243637	0.0604326055	0.0101014799	0.1003572955	-0.0281458296	0.0041781615	0.1234711195	0.0032534618	0.0429870673	-0.0317268292	-0.0682692302	-0.0372434193	0.1568414325	0.0170952775	-0.1449748229	-0.0219615943	-0.1112349096	0.0246772658	0.0499065082	-0.0579093771	-0.0471608438	0.1196609626	0.003475192	0.037934346	0.1061609878	-0.0258609304	0.1227935724	-0.0715491928	0.0059087718	0.0565337112	-0.1461451571	0.0053637089	0.0365304338	-0.116510038	-0.0464709262	-0.026011278	0.0323441433	0.1023688551	-0.0543336015	0.0263279109	0.0039797864	-0.0200361732	0.0592337488	-0.0489879589	0.1487672976	-0.0897359019	-0.0465268288	0.0825106148	0.1755702597	-0.0542913288	0.0965220836	-0.0079292725	-0.0028502959	0.048373259	-0.0590049544	-0.0135291888	0.0179191635	0.0318865108	-0.0636486448	-0.1103390771	0.0066879467	0.0582707632	0.0156442388	0.0216632131	0.0354453279	-0.0381754091	-0.0623486915	0.0406357329	0.0195005945	-0.0233005624	-0.0345232391	-0.0073709145	-0.091168361	0.0850149816	-0.0750651311	0.0617631348	-0.0457030134	0.0276019556	-0.0082682911	-0.0114346062	0.0306268741	0.0	-0.1125700741234254	0.0051109832683949	2.612214996981265e-05	0.0126720215881534	0.0780287753926671	0.0342892195382802	0.0060884897892792	0.0011757505765443	0.0074166672495366	0.0081166059891515	6.587929278312999e-05	5.500695309034879e-05	-0.0015911602772058	0.0002057560042481	2.5317910277576386e-06	4.233553328418528e-08	-0.0012269967890832	0.0002537928900676	6.44108310488649e-08	1.5055211204204828e-06	-0.0018879786606721	1.9857232789200104e-05	3.5644634231532163e-06	3.9430969404448365e-10	0.0	0.0	0.0	0.0	0.0	0.0	0.0	0.0	0.0	0.0	0.0	0.0	0.0	0.0	0.0	0.0	0.0	0.0	0.0	0.0	0.0	0.0	0.0	0.0
5168.08805682007	-7.471164274532384	55.81829561704901	26709134.16304625	14241.835915589943	-33.86288029597199	202829890.24658763	1146.6946619393282	4881.061889902433	-8.41631879421584	70.83442204587077	23824765.17305791	6194.335862047223	6704.756211348448	1.467449	40.365799	0.1831747873355229	0.1157775189694477	0.17854249	-0.0872453686	0.0002973578	0.1244984629	-0.1196420679	0.1683387069	0.0632519636	-0.1014863191	-0.1015923529	0.052639416	-0.0297826432	0.0009850638	-0.0431365314	0.0559060243	0.0855704526	-0.1739187294	-0.0286684276	0.1044450898	-0.0932141878	0.0972643755	0.0297414491	-0.0582901518	-0.0214288075	-0.0252991059	0.0757070049	0.0539826603	-0.0722153599	0.0740620463	-0.0010111199	-0.0223692277	-0.0350803324	0.0779797803	-0.0351898123	-0.0780926961	-0.0556871455	-0.0642822058	-0.0131288481	0.0060138543	0.0140147299	0.1099484692	0.0579904536	-0.0076998957	0.0840408224	0.0144804075	0.1084742013	-0.0183238984	-0.0223193137	-0.0011307793	-0.1039451177	0.0386967934	0.0399465161	0.0077482222	-0.0566971996	0.1116188085	-0.0499772004	-0.0965247263	0.1023918164	-0.0033691117	0.1462450298	0.0465699231	-0.0122242703	0.0763331091	0.1060469527	-0.1046239757	0.0904421162	0.0068310499	-0.0680472406	-0.0671355645	0.0354926268	0.0703970216	0.0712669345	0.0168291141	-0.0257283105	0.0445377746	0.0337333997	0.0579339123	-0.0459711406	-0.0270469761	0.0287923354	0.0608539363	-0.0371106363	-0.0109200091	-0.1165263593	-0.0808332793	-0.1107175442	-0.010336566	0.0646590453	-0.0300142218	-0.1741705098	-0.1555048065	-0.0931614422	0.0125279422	0.0048218508	-0.1450308793	0.0053297892	0.0642911052	0.0119572829	-0.0296982828	-0.0352963014	0.0880723015	-0.0728545164	0.0092762667	0.1238718463	-0.0370625589	0.0373654821	0.022939427	0.1306604872	0.0461072442	0.0163550376	0.0886716637	-0.0287451724	-0.098158345	0.0676107237	0.0097235249	-0.0046651308	0.1104427876	-0.0438838284	-0.1238673569	0.0258359935	-0.0307824773	0.0282737543	0.0557178341	-0.1133508486	-0.0698324252	0.0438572985	-0.0106351497	-0.1328968765	-0.0297458782	-0.0366458494	-0.0468855312	0.0311176518	-0.0610707914	0.0740452182	-0.0946701882	-0.0710864673	0.040898124	-0.1208140968	0.0452533231	-0.076196641	0.0012905524	-0.0750434437	-0.0060832605	0.0113026611	0.0136747092	-0.048038353	-0.0428804981	0.0353809631	0.1815888786	-0.0047204886	0.0538388728	0.0145850204	0.1671712785	-0.0563385571	-0.0168270011	0.0041733915	0.0491677198	-0.078057674	-0.0366072815	-0.0040663443	-0.0193298295	-0.1065456836	-0.0966497464	0.0988930566	-0.0254963292	0.0876280791	0.0870684914	0.0134556662	0.0885048053	-0.0206189395	0.0420966328	-0.149228272	-0.0914275044	0.0860298509	-0.0772685604	0.0654861859	-0.0511434007	0.0348009859	-0.0170979051	-0.0012736779	0.019595462	0.0	-0.1203693952570432	-0.0077993211336177	6.082941014529717e-05	0.0144887913145462	0.1306380954682566	0.0526093200755895	0.0170663119875733	0.0027677405588158	0.1086828793242773	0.1012662120747407	0.0102548457079663	0.0118119682582154	-0.0016231509842102	-3.199070700439987e-05	2.6346191175425406e-06	1.0234053346413592e-09	-0.0013901600483532	-0.00016316325927	2.6622249175609248e-08	1.9325449600373717e-06	-0.001653133945915	0.000234844714757	2.732851843136498e-06	5.5152040049343656e-08	0.0	0.0	0.0	0.0	0.0	0.0	0.0	0.0	0.0	0.0	0.0	0.0	0.0	0.0	0.0	0.0	0.0	0.0	0.0	0.0	0.0	0.0	0.0	0.0
5187.858595614821	19.77053879475079	390.87420423474606	26913876.80809458	14181.748852539062	-60.087063050881625	201122000.516493	3610.455146080624	4891.387120571128	10.32523066869544	106.61038836176888	23925667.96328912	6172.510236107133	6587.442076050592	1.481904	40.76342	0.2722778680654915	0.1454517311901202	0.1181887692	-0.121361362	0.1253540977	0.0380373949	-0.0844569132	0.101227255	-0.0121054085	-0.0128589173	-0.1741193934	0.0021571584	0.1585439486	0.1178586455	0.0769909673	-0.133328724	0.1037498598	-0.1524517418	-0.010255981	-0.0164541234	-0.0773487737	0.0900991608	-0.0799342812	0.0007749462	-0.1049416104	-0.2011943133	-0.0685992108	0.0674788445	0.0324917497	-0.0802427837	-0.2413583481	0.1475067696	-0.0254052408	0.1271904634	0.1631276311	0.0903558539	-0.0243177913	-0.0452359722	0.047045152	-0.012790206	0.0136538944	-0.0932881402	0.0399193518	-0.1170930088	0.0059661509	0.0344426519	-0.028741778	0.1146687876	-0.0569777981	0.0405198481	-0.1181708914	0.0436740824	-0.0347913723	0.0550544693	-0.1737498082	-0.0094607929	-0.0164179923	-0.1238952011	-0.0191870778	0.0197502437	-0.1009112436	0.0718937537	-0.0127335879	0.079304043	0.0634969398	0.0196614818	0.0112250918	0.0023170045	-0.0188408407	-0.0968378576	-0.0589837703	-0.1192556513	-0.0033221645	0.1482190649	-0.033909507	0.0780190014	-0.0607739695	0.062412167	-0.1718568086	0.0121888271	-0.035313611	-0.0120399281	-0.0018436735	0.0191137607	-0.0075728156	3.54368e-05	0.0911067367	-0.0276403892	-0.0235768026	-0.0764965617	-0.1176303848	-0.0274190829	-0.0814222498	0.1093857446	0.0077910089	0.0187504602	-0.1212991529	-0.0774332227	0.1874988731	0.0771739203	0.173376421	0.0590503337	0.0985373242	-0.2080536241	0.0326650179	-0.0289009195	-0.1878886352	-0.1937140769	0.0329656256	0.0727414871	-0.0640277407	0.0467005138	-0.168650319	-0.0258260066	0.0236280972	0.161634549	0.127150083	0.1281439883	-0.1054809956	-0.0673760969	-0.0828706045	0.127711177	0.0015592542	0.0053955516	0.0509229956	0.1631266885	0.0744973573	-0.0683200333	-0.0805610274	-0.0516699005	0.0764506539	-0.0590789604	-0.048709855	-0.014812976	0.072978792	-0.123011279	0.0283396279	-0.0883684016	-0.0403124481	0.1059971163	-0.1147847172	0.1023178856	-0.1184388898	0.0268502495	0.041441682	-0.0337826014	-0.0265408943	-0.0244490552	-0.057409005	0.1810662768	0.0189169273	0.0290706051	-0.0119620346	0.0566640553	0.104432815	-0.1552740986	0.0929020334	0.0983152889	-0.0901505921	0.0778590708	0.0595262622	-0.0023939969	-0.0046682469	-0.1316736242	0.0156194767	0.2152492615	0.0970605238	-0.1596649227	-0.0533365201	0.1338290305	-0.2249677516	0.2160034295	0.1212767114	-0.0916695905	0.0869805215	-0.0793422632	0.0690138005	-0.0563453339	0.0417664042	-0.0257713294	0.0089024437	0.0082682911	0.0	-0.1156900634006774	0.0046793318563657	2.1896146621999733e-05	0.0133841907696527	0.0392774869240213	-0.0913606085442353	0.0015427209790666	0.008346760793573	0.0888890797193369	-0.0197937996049403	0.0003917945028005	0.0079012684933506	0.0004770013717025	0.0021001523559127	2.2753030860606658e-07	4.410639918045664e-06	-0.0008757718744214	0.0005143881739318	2.6459519348089174e-07	7.669763760275724e-07	-0.0011387919145605	0.0005143420313545	1.296847024668369e-06	2.645477252178735e-07	0.0	0.0	0.0	0.0	0.0	0.0	0.0	0.0	0.0	0.0	0.0	0.0	0.0	0.0	0.0	0.0	0.0	0.0	0.0	0.0	0.0	0.0	0.0	0.0
5200.62922645165	12.770630836828786	163.0890119705623	27046544.351023085	14361.568948442507	179.8200959034457	206254662.660868	32335.266890724404	4901.222092176447	9.83497160531897	96.72666647743038	24021977.996838477	6206.250594201135	6767.704899647272	1.529078	42.06105	0.1049199764948042	0.0657709546295878	0.1756835063	-0.0865497079	0.0278261076	0.0545040785	-0.0146292582	0.1102314218	0.015465602	-0.1672391199	0.0187984372	-0.1131365213	0.0089322745	0.0150775838	0.034694059	-0.1499927662	0.105462884	-0.082549741	0.0094142124	-0.028662684	-0.1429466288	-0.0465211822	-0.1102298375	-0.220894215	0.0931362762	-0.0850437612	0.0660664257	0.0363112862	0.0555841378	-0.1186950464	-0.0077776733	-0.0385760208	-0.1082766179	0.0921303208	-0.119389127	0.1443089342	0.0733166829	0.0424205939	-0.0034834092	-0.1107801486	-0.0227649666	-0.0102982489	0.0230422932	0.0126248006	-0.0023663013	0.0648965525	0.062433625	-0.042873004	0.0875198651	-0.0281242614	-0.0221566759	-0.0201136564	-0.0300989491	0.131957768	-0.0082144077	0.0555534472	0.0251396245	-0.041034993	-0.0329304084	-0.1028704939	0.0119363079	0.0319877859	0.0445818932	-0.0601549845	-0.1362211622	-0.0159542738	-0.0198183376	0.0342348245	0.1018630503	0.0090603968	-0.0375309175	0.0956489291	-0.0459120159	-0.0503049931	-0.0011038225	0.0385334058	0.0975337157	0.0935740938	0.0963369702	-0.1292868364	0.0433716949	0.0323703122	-0.0413568623	-0.0911383305	0.0210732111	0.0103928265	-0.0524327287	-0.1324129886	0.0117863988	0.014181746	-0.1242712521	-0.0631901706	-0.1272057023	-0.040521327	0.0132025933	0.1165885816	0.0321280911	-0.0137181284	0.0779290567	-0.053398449	0.0484655434	0.2687821932	0.0104521085	0.0135148767	-0.0576937451	-0.0526195148	-0.1241879977	0.1275654414	-0.1178806333	-0.0720149156	0.082058516	0.0462488485	0.0188172865	-0.1240851698	-0.0584975002	0.1122927362	-0.1037369764	-0.0814623717	0.0164090574	0.086066686	0.0881441503	0.0209552997	0.110955484	0.0354534112	-0.0454018229	-0.0356181552	0.0514067006	-0.0475732111	-0.0004413308	0.0452812746	-0.1380160035	0.0333566976	-0.0871361374	0.0403713575	-0.0346479643	0.0333182454	0.0073712069	0.0238472107	0.0275524973	-0.0783312694	0.0274135146	0.056645411	0.0411598833	-0.0585493417	-0.0414633365	-0.0119403552	0.076736948	0.0021597872	-0.0875462557	0.1920382131	0.0129149711	0.0209664389	-0.0522834504	0.1204919612	0.0307731332	-0.0579612072	0.0899952137	0.0176721241	0.0868407312	0.0308081034	0.0518718951	0.15085148	0.1187657522	-0.070556377	0.0805772058	-0.0304334054	0.0231160538	0.0847065704	0.0846695753	0.0265427137	0.0530199814	0.01295811	-0.0283945209	-0.0918945739	0.087866284	-0.0812827579	0.0723354508	-0.061284559	0.0484514532	-0.0342093323	0.018972371	-0.0031836749	0.0	-0.1161018158144315	-0.0004117524137541	1.69540050232329e-07	0.0134796316354081	0.0185459355750055	-0.0207315513490157	0.0003439517263522	0.0004297972213368	0.1459089107288562	0.0570198310095192	0.0032512611283541	0.0212894102300813	0.000278810519412	-0.0001981908522905	7.773530573478923e-08	3.9279613931634794e-08	-0.0011326666997408	-0.0002568948253194	6.59949512758851e-08	1.2829338527017158e-06	-0.0012188430714009	-8.005115684040008e-05	1.4855784327019791e-06	6.408187711486332e-09	0.0	0.0	0.0	0.0	0.0	0.0	0.0	0.0	0.0	0.0	0.0	0.0	0.0	0.0	0.0	0.0	1.0	0.0	0.0	0.0	0.0	0.0	0.0	0.0
5162.023116127815	-38.6061103238344	1490.431754336073	26646482.65143792	14240.468364383012	-121.1005840594953	202790939.23699337	14665.351459550888	4877.905375950147	-23.31671622630074	543.6692555778362	23793960.856723346	6166.742980317744	6565.263103356004	1.456023	40.051502	0.1115304456597626	0.0588523062765464	0.162772702	-0.1091301912	-0.0449360517	-0.1073008837	0.0339370125	0.145525076	-0.0527143971	0.0047846428	-0.035800669	-0.1478276248	-0.0984767893	0.0923532052	0.0578748088	-0.0615215519	0.0019907101	-0.1861913866	0.0077343417	-0.0692026348	0.0314551195	-0.0041220462	0.0025034935	-0.0126464077	-0.0448003861	-0.0132383556	-0.0657715255	0.1287790867	-0.0657156238	-0.0027797083	-0.2318326537	-0.1165420328	-0.0739418166	0.1563343705	0.0242671854	0.0362185096	-0.0223384954	-0.0120013118	0.0166436684	-0.089330439	0.0046617263	0.1097856931	0.0564353456	0.119128154	-0.0520734845	0.0222071848	-0.0339146426	0.1105404455	-0.0044114259	-0.0125390024	0.0010320353	-0.0446121313	-0.0171215521	-0.0071648477	0.0020177802	0.0547506258	0.0834221049	0.1215050256	-0.0523810008	0.0210356478	-0.0117052776	-0.0506678657	0.0674561364	-0.018761763	-0.0825635193	0.0336522815	-0.101140986	-0.0853279239	-0.0816651993	0.0847160049	-0.0354684721	0.0510349359	0.0086866151	0.0209145432	0.0814183989	0.0134431833	0.1427526634	0.0360480138	0.0154939368	0.1341153388	-0.0350206517	-0.0577386437	0.0016772949	-0.0875885021	-0.0131613995	0.1544402968	-0.0332057815	0.0250118182	0.0506742934	0.0163701569	-0.1289078144	0.0649758163	-0.1229376938	0.1047743686	0.0978390199	0.0933469575	-0.0176144169	-0.0153531078	0.0161031801	0.0704922094	0.0192113543	-0.0428710785	-0.0661167017	-0.1367264456	0.0139121644	-0.0546551307	-0.0801293566	-0.1888842622	-0.1745338867	-0.0385403681	-0.0716117815	0.1162239187	-0.1197483674	0.0236861732	-0.0940073522	0.0603601694	-0.0076679739	0.0770366006	-0.0018940178	0.0119622311	0.1642102564	-0.0048902073	0.0310388916	-0.1391452122	0.0396966932	-0.0196428651	0.0025379134	0.0702687433	0.0764688267	-0.0551223142	-0.0305557498	0.0609135496	0.0392089121	-0.0023016494	-0.0685206111	0.0957231209	0.009269048	0.0714883331	-0.0018644173	-0.051166048	0.0416017539	0.1141935458	0.063609442	-0.1319934206	0.0443764624	-0.0211942461	0.1253719227	-0.025578628	0.0441738872	0.2053391292	-0.0163901213	0.0248973285	-0.0739640186	0.0136644665	0.1085829436	-0.10011438	0.0798101395	0.015217102	0.0483754406	0.0726804477	-0.0132301858	0.0089245495	0.0068218607	-0.0428654625	0.045775953	0.1481440197	0.0556664617	-0.1032084318	0.0392406595	0.0880041057	-0.019549552	0.1542073025	0.0915314674	-0.0921024127	0.0886864774	-0.0830867868	0.0754412237	-0.0659380473	0.0548112574	-0.0423348324	0.0288159833	-0.0145875891	0.0	-0.1159194150185669	0.0001824007958646	3.3270050332042966e-08	0.0134373107782467	0.0164279897736889	-0.0021179458013165	0.0002698788480044	4.485694417314612e-06	0.0956032415208198	-0.0503056692080364	0.0025306603544683	0.0091399797892882	-0.0003389824119872	-0.0006177929313992	1.1490907563665982e-07	3.816681060868166e-07	-0.0016588007921984	-0.0005261340924575	2.7681708324618226e-07	2.7516200681980397e-06	-0.0011842814981668	3.4561573234099955e-05	1.4025226669002003e-06	1.1945023444160543e-09	0.0	0.0	0.0	0.0	0.0	0.0	0.0	0.0	0.0	0.0	0.0	0.0	0.0	0.0	0.0	0.0	0.0	0.0	0.0	0.0	0.0	0.0	0.0	0.0
5165.866357042556	3.843240914740818	14.77050072873784	26686175.21882413	14290.94846880008	50.4801044170672	204231208.1378993	2548.240941958007	4888.006536933814	10.101160983666889	102.0334532179542	23892607.90510769	6204.684552075976	6641.117599530339	1.653278	45.477489	0.3819551799455702	0.2300594695406528	0.1958619462	-0.1045702837	-0.103294909	0.1266852513	-0.1004666159	0.1452998383	0.0930799569	-0.2520830116	-0.080061671	-0.0044419031	-0.0552494886	-0.0353348817	0.10423585	-0.0241477535	0.0034924901	-0.1322523302	-0.0063841796	0.1596510156	-0.1674772666	0.1482933646	0.0125366281	-0.1808210721	-0.1170400688	0.0642347456	0.0883290936	0.0954683222	-0.0184681307	-0.0256401422	0.0905492391	-0.140703861	-0.0141853144	-0.1041414963	-0.0384969394	0.0979157442	0.1490563162	-0.0125774647	0.0712842929	0.1099764194	0.0702899953	-0.0207163606	-0.0546186689	-0.0692179459	-0.0172570722	-0.0052672553	-0.1114968366	0.0313179267	-0.0468383662	-0.0791925524	0.0662664833	0.0910421086	-0.0215760895	-0.0147587481	0.0598336751	0.0748555302	0.0370624042	0.1221777786	-0.0418692219	-0.0888831153	0.1561348089	0.0373603154	0.123221533	0.0270223088	-0.042887211	0.0457018375	-0.0291587249	0.0857046959	0.0754582762	0.0862880689	-0.0026977546	-0.064771723	-0.1439114506	-0.0685416805	-0.0417872396	-0.05183647	0.027402773	-0.0303814884	-0.041150236	0.066749753	-0.0516358486	-0.047522885	-0.0924845848	0.1000811201	0.0751090326	0.000438827	0.015924775	-0.0245868313	-0.0080945441	0.0961589365	-0.156787857	-0.2024325803	-0.181866584	-0.0998037455	0.0040700353	-0.0743303503	0.1340587284	0.1393222255	-0.0183451205	-0.0279241481	-0.0106920773	0.1751933604	-0.0148209549	0.0795318193	-0.1503954015	-0.1208323946	-0.0170734048	0.0187507236	0.093009929	0.0352901679	-0.0504340467	-0.0668010855	-0.1370364433	0.1486698984	-0.1176804183	-0.0557316678	-0.0838065327	-0.0564260088	-0.1138542824	0.0584502628	0.0928939167	0.0083041499	0.0046175419	0.0998163928	-0.015540839	-0.0639722901	-0.102638899	0.0175024336	0.0577956121	0.0908560583	-0.0077480835	-0.1363186119	0.0510320575	-0.0785585808	-0.059590748	-0.0342926606	-0.0153138896	-0.1236697435	0.0197065475	0.0092761442	0.0164404159	-0.0609564639	0.110703318	-0.1588617095	0.0818692855	-0.0864228916	-0.0421360693	0.0618348489	-0.1180620638	0.1932152848	0.0127166344	0.0516569523	0.0283399017	0.2847050608	-0.0337639217	0.0582071862	0.0286565326	0.0643020861	0.0351235628	-0.0195247161	0.0021963109	-0.0287000219	-0.0713667195	-0.1154936668	0.1141254511	-0.146813351	0.1032129954	0.1436955106	0.1792559352	0.0092791439	-0.0395456376	0.0276012286	-0.1432075509	-0.0922930681	0.0894404896	-0.0847513209	0.0783218503	-0.070284102	0.0608031248	-0.0500736032	0.0383158593	-0.0257713294	0.0	-0.1269710963193944	-0.0110516813008275	0.000122139659575	0.0161216593005489	0.2006233399905994	0.1841953502169105	0.0402497245489836	0.0339279270415303	0.225216722620587	0.1296134810997672	0.0167996544827997	0.0507225721479584	-0.0008880803440949	-0.0005490979321077	7.88686697567716e-07	3.015085390449523e-07	-0.0014511420146254	0.000207658777573	4.312216790311269e-08	2.1058131466110647e-06	-0.0007991448612862	0.0003851366368806	6.386325093201399e-07	1.4833022906769918e-07	0.0	0.0	0.0	0.0	0.0	0.0	0.0	0.0	0.0	0.0	0.0	0.0	0.0	0.0	0.0	0.0	0.0	1.0	0.0	0.0	0.0	0.0	0.0	0.0
5197.580181840381	31.7138247978246	1005.7666833071144	27014839.74665989	14289.154591721755	-1.7938770783239306	204179938.9461229	3.217994972136001	4898.393891993732	10.387355059918264	107.89714514080956	23994262.7211215	6191.004119132819	6582.871733684679	2.5242	69.434341	0.7198265064332553	0.4330290289881615	-0.085535248	-0.0170231401	-0.0827770724	0.1368936625	0.0627502171	-0.109408338	0.2396833628	0.1639991415	-0.0435304987	-0.045280049	-0.3060103416	0.0096110488	0.0146425014	0.0680646259	0.1687013621	0.0626477133	-0.1808548731	-0.0404169107	-0.1003036532	-0.0978066316	0.0402603536	0.0806715085	-0.2085269589	0.079159078	-0.0141562918	0.1141286383	-0.1730135738	-0.0573909764	-0.1024215584	0.0073622638	0.102939681	-0.3295788937	-0.1218094828	0.0006154106	-0.3140376854	-0.0813791684	0.0782003153	0.104947853	0.0207135076	-0.0719502111	0.0211553776	-0.0601242092	0.0868727654	-0.0137053808	-0.0794987039	0.1023836924	-0.0309205815	-0.1283530433	0.0299348547	-0.0332484935	-0.0295918175	0.0555718694	-0.0254151751	-0.0380460572	-0.0097752728	-0.0921260245	-0.039745845	-0.0126938663	0.0039204036	0.0280112985	0.0877959158	0.0817130491	-0.024456927	-0.0597535879	0.1190441815	-0.1040300234	0.0396870612	-0.0069351832	0.0098212936	0.0226093258	0.024150763	-0.0430414241	0.0320417491	-0.0140564477	-0.0117600325	0.0470081137	0.0527976203	0.0901997079	0.00865348	0.0390158606	0.0096455447	-0.0009734898	0.0900229051	-0.07365979	0.037391448	0.0067247326	-0.0120093463	-0.0346285822	0.1775336046	-0.1114194035	0.0676744903	0.2316812505	0.3645443663	-0.1198359296	0.0156021063	0.2036284077	0.0659544557	-0.0183138335	-0.0743700902	-0.0054948325	-0.275747888	0.1009234203	-0.2367832387	0.3150551588	-0.0830363808	-0.0432281587	0.1313542819	0.2310254216	-0.2214614814	0.0270150399	0.0437353788	-0.0718982793	0.1424144697	0.0592715214	-0.0156192128	-0.0524904474	-0.0341194374	0.073951794	-0.0822827541	0.0443295539	-0.0170884026	-0.0843668878	-0.0327172113	-0.0049697931	-0.0241665945	0.0411729617	-0.0154519405	0.0909653726	0.0238387736	-0.0011669677	0.0204485771	-0.0202753188	0.027961483	-0.0584680625	0.0030042748	-0.0325476564	0.0197951449	-0.107807982	-0.0023789892	-0.0465116038	-0.0320921202	0.0003330767	-0.0591305706	0.0192045904	0.013664964	-0.0001267496	0.0416945914	-0.0470442997	0.1061196096	-0.256535888	0.0011318604	0.2383289347	0.164598307	-0.0208171198	-0.1192469373	0.1467022458	-0.0186125237	0.283443054	0.0375877583	-0.1222456233	-0.2383435809	-0.1249771266	-0.6003562345	-0.1708982798	-0.0136293087	-0.0751184424	-0.0567282378	0.0444777017	0.1138327791	-0.0437030723	0.0800408008	-0.0924665046	0.090127758	-0.0862735657	0.0809687338	-0.0743024598	0.0663868332	-0.0573549508	0.0473586783	-0.0365660973	0.0	-0.1436543615304657	-0.0166832652110713	0.0002783313381029	0.0206365755867257	-0.0354065582950653	-0.2360298982856647	0.0012536243703018	0.0557101128847412	0.5878435354600313	0.3626268128394443	0.1314982053900933	0.3455600221821491	-0.000286831744005	0.0006012486000899	8.227244936894985e-08	3.614998791100646e-07	-0.002781367750392	-0.0013302257357666	1.7695005080957928e-06	7.736006562920656e-06	-0.0009574011273712	-0.000158256266085	9.166169186916448e-07	2.504504575516633e-08	0.0	0.0	0.0	0.0	0.0	0.0	0.0	0.0	0.0	0.0	0.0	0.0	0.0	0.0	0.0	0.0	0.0	0.0	1.0	0.0	0.0	0.0	0.0	0.0
5169.106377121478	-28.47380471890301	810.7575551702234	26719660.737997927	14381.660167518028	92.50557579627277	206832149.1739747	8557.281553399964	4900.187584428156	1.7936924344239742	3.217332549309803	24011838.36258385	6185.781857491591	6513.523195326665	2.131239	58.624989	0.7427905229219425	0.4423882345859096	-0.2299976019	0.1042286106	0.0390293648	-0.0291758609	-0.0173127797	-0.2800297318	-0.0334921278	0.1028755303	0.2156527922	0.1324207382	0.1681803552	0.0964907221	-0.0277809542	0.1451246197	0.1352859127	0.1755481218	-0.0660016443	-0.119970739	0.0367852344	-0.1179584434	0.1822247904	0.0601603485	-0.0507421677	-0.0378555417	0.1387263597	-0.0458396126	0.052309853	0.067842152	-0.015596956	0.0011116677	-0.0194539109	-0.0093483427	0.1153360466	-0.0410024235	-0.1017690368	-0.0138354896	0.0291595815	-0.0692630883	0.0505189384	-0.040406704	-0.0985893627	0.1238243328	0.0416862323	-0.000162948	-0.0224282048	-0.0386971792	-0.0701904817	0.1306614895	0.0213502995	-0.1138109329	-0.0271351998	0.0399060498	0.0257154874	-0.0627076825	-0.0069793253	-0.0729304371	0.083645498	-0.034738031	-0.0092408191	0.034781051	-0.1032463346	0.0459600008	0.0784498008	0.0346264439	0.01596149	-0.0853227763	-0.0135317981	-0.0785655092	0.1237085518	0.0014039691	-0.0582849965	0.0435415179	0.104940138	0.0060116121	-0.0721414406	-0.0145418987	0.0923883234	0.0025701349	0.0777349541	-0.0425644579	0.0541807941	0.012309582	-0.055990947	0.0591041571	0.0433714302	-0.0721481411	0.0652501486	-0.0216263565	0.2184772769	0.0931397078	0.1129297496	-0.089767498	-0.0178881314	0.0468092143	-0.1299663794	0.0720028528	-0.0842639468	-0.1851972958	0.1773255168	0.0050187769	-0.1788197391	-0.1359676776	0.1119458021	0.0636824332	0.1344603954	0.0531477996	-0.1648949556	0.1137139071	-0.1203787415	-0.1285443969	0.0574248306	-0.0291309083	-0.025752175	-0.0136387449	-0.0240612778	-0.1397720885	-0.0355328556	-0.05026288	-0.0778254297	-0.1346284647	-0.0642713958	0.0204274718	-0.1312977703	0.0677030581	-0.0046318663	-0.1263133037	0.0601280885	-0.0966622766	-0.0119310923	0.0987565096	0.0457758967	-0.0196037215	-0.0533900444	-0.0382183078	-0.050270391	-0.0235693153	0.0189660211	0.0462928559	0.0358020829	-0.0004833582	-0.1376274357	0.0074408743	-0.005295975	0.102115944	0.060566373	-0.0409338632	0.0230887051	-0.216362767	0.0330573995	-0.1981872684	-0.055961958	-0.0705788839	0.0885214632	0.0126323575	0.1082211415	0.0635890488	-0.0693849286	-0.1574768011	-0.0429206776	-0.0045567957	0.0758628224	0.0835289698	-0.1299730427	0.0975346962	-0.0256940754	-0.1151785453	-0.1833441591	-0.1586101404	0.2034681997	-0.0044527101	-0.1241231741	-0.0926226898	0.0907477697	-0.0876509655	0.0833739747	-0.0779743851	0.0715249003	-0.0641123601	0.0558365714	-0.0468089647	0.0	-0.1452694085602957	-0.0016150470298299	2.6083769085626408e-06	0.0211032010634581	-0.1216423572837186	-0.0862357989886533	0.0147968630855398	0.0074366130272114	0.8091334935104655	0.2212899580504341	0.0489692455339629	0.6546970103204505	-0.0060502158119693	-0.0057633840679643	3.660511137140334e-05	3.3216595914864724e-05	-0.0041976451525811	-0.0014162774021891	2.0058416799515064e-06	1.762022482698761e-05	-0.0024507340342783	-0.001493332906907	6.00609730676999e-06	2.230043170851609e-06	0.0	0.0	0.0	0.0	0.0	0.0	0.0	0.0	0.0	0.0	0.0	0.0	0.0	0.0	0.0	0.0	0.0	0.0	0.0	1.0	0.0	0.0	0.0	0.0
5160.339785372142	-8.76659174933593	76.8531308995248	26629106.7004946	14301.086835186296	-80.57333233173267	204521084.6675388	6492.061883039838	4887.364088245	-12.82349618315584	164.44205435941237	23886327.73106688	6171.389886589008	6461.461429469918	1.613836	44.392551	0.3402140416429992	0.2442283393246408	-0.1003372503	0.0269903334	0.1134824031	-0.1259980777	0.0581299802	-0.1236399328	-0.107705088	-0.0195315193	-0.0650572139	0.0371476174	0.1690470551	-0.1058396223	-0.0100188914	-0.0281565354	-0.0358919684	-0.0130619756	-0.1090432984	-0.0526055985	0.1052245939	-0.1564028486	0.1547776095	0.0775440039	0.0949485746	-0.0076399406	0.1406153736	0.0064958753	0.1406703711	-0.0389395531	-0.0852838319	0.1325572557	0.008523989	0.0629069896	-0.0163793138	0.0708157197	0.1288938286	0.1042245143	-0.0177723287	0.0127449059	0.0927076243	0.0051779569	-0.0279876324	0.081123416	-0.0195134103	0.053403274	-0.01652073	-0.1128945535	-0.0138083191	-0.0810317698	-0.0059084893	-0.0811971993	-0.060405757	-0.0168315354	-0.0239573134	0.0503637714	0.0442248883	-0.0554765139	-0.0254376848	0.0466369222	-0.0327643041	-0.0130343297	0.0214218875	0.0548273703	0.0685534882	-0.0063633685	-0.0166319017	-0.0077732815	0.0799971063	0.0630840088	-0.0070890495	-0.0227929463	0.0476198337	-0.0156279084	-0.0605100606	-0.0937970986	0.0786168632	0.0718234845	-0.0137882026	0.076580159	-0.0068809618	0.0095791258	0.0444513363	-0.0543258707	-0.1300666109	-0.1557124822	0.0211058205	0.0207335578	-0.039145691	0.107530486	0.0759736134	0.0701703299	-0.0412452891	-0.0159155183	-0.2091226014	-0.0102411098	-0.0524744039	-0.1003168994	-0.0560274469	-0.146315703	0.1822706656	-0.0946476923	-0.1140947352	0.074044875	-0.1654459513	-0.064601417	-0.0938149807	0.0516234879	-0.0666572616	-0.0196896252	0.0957593024	-0.0410327023	-0.0563387701	-0.0100714999	0.0326104423	0.0422504228	-0.1241329185	0.0140658598	-0.0569241528	-0.0546281517	-0.020535249	-0.1397168622	0.0158647924	-0.0306812579	0.1124830572	0.0342879705	0.0769436142	0.1642953224	0.0546041216	-0.0570171177	0.0041951929	-0.0925339905	0.0287324525	0.0279417313	-0.0389416377	-0.0092024227	0.0645915747	0.015452575	-0.028099726	0.0676663491	-0.1148090455	-0.1079605694	0.0155458138	-0.0026070958	0.1985907276	0.0040344181	-0.012285606	-0.0895231438	-0.0867399563	-0.078185316	0.0481156676	-0.2065817827	-0.1412562974	-0.1074686676	0.0368570953	0.113712491	0.1777345665	-0.0991473953	0.0670823329	0.0307277861	0.0776688016	0.1057514969	-0.063180779	-0.0197194881	0.0710262576	-0.0504630487	-0.0036720381	-0.084405345	0.0567137479	-0.1339451264	-0.2570358614	-0.0019874201	-0.0359360496	-0.0927615946	0.0913000619	-0.0888812078	0.0855303949	-0.0812827579	0.0761828353	-0.070284102	0.0636484088	-0.0563453339	0.0	-0.1468955247376584	-0.0016261161773627	2.6442538222807404e-06	0.021578295187952	-0.1233739706797791	-0.0017316133960604	0.0152211366412949	2.998484953416167e-06	0.6136867545020195	-0.195446739008446	0.0381994277890356	0.3766114326512219	-0.0040699875271134	0.0019802282848559	1.656479847085865e-05	3.921304060143339e-06	-0.0036040630865015	0.0005935820660796	3.523396691713268e-07	1.298927073148272e-05	-0.0021963529239912	0.000254381110287	4.823966166724694e-06	6.470974927089768e-08	0.0	0.0	0.0	0.0	0.0	0.0	0.0	0.0	0.0	0.0	0.0	0.0	0.0	0.0	0.0	0.0	0.0	0.0	0.0	0.0	1.0	0.0	0.0	0.0
5171.484070026607	11.144284654465082	124.19508045974592	26744247.48653896	14265.739694135616	-35.347141050679056	203511329.02083656	1249.4203804566005	4899.967130930088	12.60304268508844	158.83668492216125	24009677.88419524	6178.055951304577	6543.086016351422	1.531926	42.139393	0.3738590644391919	0.2209036431460557	-0.1410282544	0.05322713	-0.0237112329	0.0438324693	-0.0140884763	-0.0950234232	0.0545952873	0.0992399321	-0.0178985141	0.1115610035	-0.0485643519	-0.1349138269	-0.103866297	-0.0474240912	-0.0997469304	0.0841136119	-0.077130693	-0.0691885768	-0.0720832079	-0.0529459034	0.0921249641	0.0552022021	-0.0681894929	0.1418487173	0.0895503285	0.0951488183	0.0282675909	0.1013853402	0.0595539685	-0.0180894652	0.0549866702	-0.033956907	-0.073220216	-0.01740589	0.039421723	-0.0296721022	-0.0949352059	0.0642453248	-0.1096258777	-0.0027687813	-0.0014747223	-0.0134045952	0.066058463	-0.0907928749	0.0523846346	0.0489798343	0.021344232	-0.0128563352	0.0055265087	-0.0363571957	0.0691073111	-0.0956903697	0.002861366	0.0314409905	0.0242325948	0.0008674203	-0.1053378608	0.0174803416	0.015763604	0.0417344248	-0.091070876	0.1112669838	-0.0969837171	-0.0636278116	-0.0021177852	-0.0295204056	0.0050839302	-0.0484747826	0.0299717568	-0.0437435851	0.0732418429	0.0670871938	0.003516143	0.0399185032	-0.0283297219	-0.0120673938	-0.0176958817	0.0314569153	-0.0092092961	-0.0057971789	0.050615746	0.1098432784	0.0437083315	0.0234344105	0.0228963769	-0.027871318	-0.062964612	-0.0769381613	0.1170571484	-0.0294265353	0.07511463	-0.0134859099	0.0469688191	-0.1012762471	-0.0458417694	-0.0601696646	-0.0799006633	-0.0239028797	0.0093052398	0.0294332929	-0.08020039	0.1554580124	-0.1050699407	-0.0729583019	0.1424457516	-0.1305304391	0.0808737419	-0.0446995822	0.0020986823	-0.0288662794	0.094959508	0.0306248337	0.0616934491	-0.0032134822	0.0557598702	0.0464327203	0.1285983509	-0.066193928	0.0473762194	0.1391490552	0.0008269246	-0.0056955564	-0.041828556	-0.0633217876	-0.0599725528	0.1060463816	-0.1316112855	-0.0139409608	0.0424383113	0.0976166973	-0.0666855032	0.083781307	-0.0517282366	-0.068174543	0.0646376056	-0.0343532757	0.0611385224	0.0187358817	0.0095938157	-0.0736212952	0.0438885008	0.0455735071	0.000784645	-0.0015056678	-0.0272556653	-0.0219556442	-0.0261839125	-0.1252662822	0.056704163	-0.1805581654	-0.0426507817	0.0137005115	-0.0221829993	0.0930165712	-0.0313096625	0.0063290088	-0.0193642782	-0.0101586068	-0.0511526946	-0.0241916851	-0.1167761664	0.004712788	0.0357575086	-0.098220243	-0.0775742117	0.0938867186	0.0162569094	-0.0104070539	0.0262940496	0.0040164698	-0.0899709644	-0.092883193	0.0917842227	-0.0899622271	0.0874315588	-0.084212153	0.0803293705	-0.0758137976	0.0707010056	-0.0650312701	0.0	-0.1580140982049585	-0.0111185734673	0.0001236226759477	0.0249684552315262	0.0484511994794161	0.1718251701591951	0.0023475187309941	0.0295238891002363	0.7098951173617962	0.0962083628597767	0.0092560490841584	0.5039510776541184	-0.0058761204104973	-0.0018061328833838	3.452879107866296e-05	3.2621159924406376e-06	-0.0036850680142441	-8.100492774259973e-05	6.561798318583803e-09	1.3579726269604954e-05	-0.0022033542719231	-7.001347931900274e-06	4.854770047601775e-06	4.901887286352424e-11	0.0	0.0	0.0	0.0	0.0	0.0	0.0	0.0	0.0	0.0	0.0	0.0	0.0	0.0	0.0	0.0	0.0	0.0	0.0	0.0	0.0	1.0	0.0	0.0
5168.709507567083	-2.7745624595236222	7.698196841797772	26715557.97361436	14303.08287071815	37.34317658253349	204578179.60663092	1394.5128372742774	4905.8668875819285	5.899756651840107	34.807128550931594	24067529.9186728	6193.052153632554	6538.633434753664	1.291738	35.532452	0.3512260366927211	0.1889768290427623	-0.1531069139	0.0381276636	0.0081655323	-0.0257145837	-0.061476216	-0.0871168087	-0.0505371757	0.0461326224	-0.0137511193	0.0503447294	-0.0395856754	-0.0071004634	-0.0812253318	-0.0301015224	0.103478939	0.2263876123	0.0824133705	-0.0777575444	0.0194615091	0.1701566754	-0.3123354468	0.1431657484	0.1178972859	0.0451482802	-0.0536285136	0.0754411673	-0.126782622	-0.0119271282	0.0060484192	-0.0770910086	-0.0585136712	-0.0216021431	0.0108912698	-0.0358215884	-0.0048486389	0.0455088533	0.0092219111	0.0368575564	-0.0643977255	0.0261194646	0.0288789132	-0.0569990135	-0.0075756718	-0.0074433798	0.0205696625	-0.0452945823	-0.0161085222	-0.0682403502	-0.0918642048	0.0465037505	-0.0448471157	0.0216313374	-0.0625001954	-0.0055592719	-0.1254431042	0.0492839186	-0.0899645523	0.0274757615	-0.0011642274	-0.0259689901	-0.081135179	-0.0900856862	-0.1032048112	-0.0635421973	0.0083478379	0.053948093	0.0444614142	-0.0333936686	-0.0716327241	0.0918281795	-0.0001414841	-0.0357992858	0.0353197755	-0.05027628	0.0386621961	-0.0963077025	-0.0374931466	-0.0581387415	-0.0221600126	0.0293117597	-0.0088069344	-0.0476410374	-0.047509471	-0.0487565447	0.0438643345	0.0682160134	-0.08569528	0.0050030038	0.1118655	0.0518025474	0.0676796217	-0.0947452692	0.0892877062	-0.0859258145	-0.0205599182	-0.0015886815	0.1927138392	-0.0258097051	-0.3132191571	-0.1057914705	0.1396340599	-0.1195750597	0.0178478438	0.0082220175	-0.1089363241	0.0858249875	0.0983361858	-0.0667457482	0.1121991104	-0.0145081981	0.0822698954	0.0075872981	-0.0902336349	-0.0079514279	0.1092539306	0.0850821191	0.0521646754	-0.0555005956	0.0263013086	-0.0123338777	-0.0892956543	0.03811187	0.1163959184	-0.0127395507	0.0300227944	0.0023358055	-0.0830038163	-0.0461970878	-0.1322129887	-0.0533680419	-0.051180565	-0.0050489059	0.0412783657	0.0662894547	0.022039792	0.0278369418	0.0815972897	-0.0329854572	0.0653424131	0.0657035092	-0.0307204067	0.0018323289	0.0347349076	-0.0731447541	-0.0129336861	0.0165491184	-0.0966653743	-0.2275300086	0.019354617	0.2163239494	0.2656344451	-0.0872144668	0.0034615569	-0.056128121	-0.1147877905	-0.0024118593	0.034993711	0.217923945	0.0678440266	0.1483453726	-0.1353864021	0.0561662833	0.0230991359	0.102864459	0.0506827706	0.0535451738	0.0616182098	-0.0976079607	0.0641012268	0.0806009165	0.104405007	-0.0929874623	0.0921998906	-0.0908922084	0.0890717925	-0.0867489121	0.0839366709	-0.080650933	0.0769102337	-0.0727356746	0.0	-0.1759408505023145	-0.017926752297356	0.0003213684479307	0.0309551828754777	-0.1118789010255625	-0.1603301005049786	0.0125168884946876	0.0257057411279365	0.6460636894016147	-0.0638314279601814	0.0040744511954358	0.4173982907632261	-0.0065130890162281	-0.0006369686057308	4.242032853331112e-05	4.0572900468664e-07	-0.0029736532162871	0.000711414797957	5.061110147521992e-07	8.842613450734613e-06	-0.0030377259868394	-0.0008343717149162	9.227779171119406e-06	6.96176158652367e-07	0.0	0.0	0.0	0.0	0.0	0.0	0.0	0.0	0.0	0.0	0.0	0.0	0.0	0.0	0.0	0.0	0.0	0.0	0.0	0.0	0.0	0.0	0.0	0.0
5136.218044116648	-32.49146345043482	1055.6951971509418	26380735.796709448	14233.98296461839	-69.09990609976012	202606271.0370465	4774.797022995665	4875.554037982307	-30.312849599621583	918.8688508492786	23771027.177285574	6151.119010176653	6433.253677798509	1.590163	43.741348	0.2640759229901382	0.1379010988966051	-0.0895533288	0.078334184	0.0068962247	-0.1551640641	0.0706119645	-0.0161705279	-0.1974150622	0.0416521395	-0.0292080513	0.0228498027	-0.0324241463	-0.0483410812	-0.195852198	0.1472595246	-0.1653482988	0.1533333359	0.1527303776	0.0347961672	0.3053249036	0.2195999449	-0.2329094364	0.1903467474	0.2710972381	0.1340181662	-0.0629592044	-0.0903889113	-0.1236540017	-0.0250501845	-0.0185122105	0.0697485765	-0.0578458431	-0.0859626387	-0.0008387756	0.0414529828	-0.0403650374	0.0296899295	0.1443259416	-0.0281288069	0.0728999601	0.0231138582	0.0737617551	0.0965104508	0.0202354142	-0.0018670768	-0.0352289819	0.0552564388	0.0322286501	0.0980507023	0.0976498756	0.0992555753	-0.0221374354	-0.1013244668	0.0457839065	-0.0114555632	-0.0280842016	0.0408990001	0.001394958	5.07704e-05	0.0417072269	0.0542135297	0.1072997844	0.0471406541	0.0686815576	0.005623426	-0.1097346204	-0.0188488397	0.0045241802	-0.0416692211	-0.0011417985	0.0040300651	0.0230764748	0.0379531887	-0.044822423	0.0304328745	-0.0397742328	0.0040622643	-0.0136891752	-0.0307060232	0.070504501	-0.0358618746	0.040363759	-0.0350692962	0.0262362872	0.0448076702	-0.0258279472	-0.0222154898	0.0296100747	0.0270051123	0.059679177	0.1630142969	0.0458105137	-0.0703493169	-0.1233357308	-0.0427890835	0.0581123703	-0.1736754741	-0.0375192411	0.085789386	-0.3958507815	-0.3108629616	0.115101725	-0.1849863301	0.0401513465	0.0357213613	-0.1281001244	0.1082175816	0.110994958	-0.017795988	-0.0949954391	0.0247267719	0.0308704822	0.0502528672	-0.0191041492	-0.0342496089	-0.1468154541	0.0502288367	-0.0358195232	0.164626648	0.0091297551	-0.032233118	0.0429068915	-0.017045728	-0.0880584213	0.028685623	-0.1241269124	0.024587548	0.0229094149	0.0663457389	-0.0026636284	-0.0421794389	-0.00778609	-0.0544990907	-0.0004532998	-0.0147075434	-0.0274044134	0.0350508607	-0.0071402292	0.0306084067	-0.0593094716	0.0224710493	0.0065083084	0.0019395595	-0.0164682776	0.0337933499	-0.0668533573	-0.0019206269	0.0701415912	-0.2204057328	-0.0595555953	0.385067045	0.2434423901	-0.2641818741	-0.142366796	0.0174066487	0.0240287562	-0.1310753479	0.1402308619	0.1053195836	0.1634246056	0.0258968148	-0.1816705183	0.0651009953	-0.0197891658	0.1767836015	0.0140323853	-0.0162208335	0.0310068384	0.0105536797	0.055100424	-0.0629134513	-0.0662127982	-0.0930743832	0.0925467555	-0.0916695905	0.090446201	-0.0888812078	0.0869805215	-0.0847513209	0.0822020253	-0.0793422632	0.0	-0.1864721825337056	-0.010531332031391	0.0001109089543554	0.0347718748588836	-0.0643939393759893	0.0474849616495731	0.0041465794283585	0.0022548215828614	0.6038987883401958	-0.0421649010614189	0.0017778788815192	0.3646937465587566	-0.0090410838277449	-0.0025279948115168	8.174119678031038e-05	6.390757767055863e-06	-0.0029067553645945	6.689785169259992e-05	4.4753225610850935e-09	8.449226749598905e-06	-0.0037207278885851	-0.0006830019017457	1.3843816020894936e-05	4.6649159778824316e-07	0.0	0.0	0.0	0.0	0.0	0.0	0.0	0.0	0.0	0.0	0.0	0.0	0.0	0.0	0.0	0.0	0.0	0.0	0.0	0.0	0.0	0.0	1.0	0.0
5160.523016631034	24.304972514385558	590.7316889250372	26630997.805178665	14232.209323041869	-1.773641576521186	202555782.21487987	3.145804441964558	4881.036070939158	5.482032956851072	30.0526853400013	23824513.12580917	6161.06270558148	6445.0288476690375	1.713072	47.122284	0.3853624143756841	0.24519981494706	-0.1260686404	0.0111286365	-0.0066994045	0.0553494353	0.0199270627	-0.1059675044	0.007191927	0.038327434	-0.08161574	0.0675705275	0.068085281	-0.0220884188	0.0646836759	0.1249188642	-0.143517223	0.1488033045	-0.0449945938	0.1893495816	0.1528050408	0.1621178611	-0.0349173716	0.0428271359	-0.0426143752	-0.0070459195	-0.0725751488	-0.0602898806	-0.0750949838	-0.0788048445	0.094696175	-0.0827850319	0.0390887825	0.0448379831	0.006623471	0.0284331991	-0.0010116094	-0.0283876168	-0.0069744436	0.0054396911	-0.0126991291	0.0174707074	-0.0549530421	-0.1107998736	-0.1415061505	0.0070997956	0.0468672926	-0.0245539671	-0.0635294864	0.0412841116	-0.0765539564	0.037316776	0.0430908897	-0.0015145831	0.0572020518	0.0448164473	0.0542191523	-0.0921228815	0.0258028293	-0.0818529858	-0.000974662	-0.1485936885	-0.1808308021	0.0206847436	-0.0749144299	-0.1179706097	0.0556035591	-0.0069331262	-0.0053591296	-0.0361059248	0.0128347099	-0.0418954572	-0.0575198748	-0.0794169477	-0.0523603717	0.0252971564	-0.0351671798	0.1066532371	0.0176501777	-0.046220308	0.0666364049	0.0434346493	-0.0097831402	0.0113165076	-0.0126729066	-0.0185575084	-0.0767116308	0.0437306393	-0.0222060255	0.0035757394	0.1225889327	-0.0073499129	0.0388966764	0.0064186706	-0.1760485831	-0.1071609109	0.0848351592	0.1124077734	-0.0354304892	0.0973661552	-0.06606062	-0.0245655597	0.1364728859	-0.0885048725	0.020525447	-0.0338811716	0.0607257048	0.0293133968	0.1821078844	0.1229697558	0.005367693	0.0349032595	-0.0441447297	0.0534492067	-0.084782583	-0.0477626695	0.0182232139	0.027089825	0.0927932738	-0.1200638723	-0.0139098189	-0.0317765925	-0.008943757	0.2088475523	-0.0047910235	0.0123256972	0.0997795979	-0.0900192905	0.0542842686	-0.0001155893	-0.0400131139	0.0842521666	-0.1334292421	0.0669324638	-0.0370541999	-0.0029437484	-0.1118723231	-0.1237074603	-0.1124846238	0.0204350951	0.0605420088	-0.0465100088	-0.0519677752	-0.0116473612	-0.0059190346	0.0037253675	-0.0375818306	0.1171870106	-0.0145115468	-0.1764530838	0.0333144878	0.1621736524	0.2125601177	0.0622829926	-0.1057732996	0.0347523595	-0.0963154494	-0.0624314065	-0.0423588876	-0.0665794585	-0.0339952443	-0.1890240253	-0.0934633088	-0.1070263704	0.101228102	-0.1221086283	-0.027039103	0.1217845687	-0.1108804976	0.0754651235	-0.1053154197	0.1137499163	0.0719501749	-0.0931439394	0.0928245585	-0.0922930681	0.0915506825	-0.0905990982	0.0894404896	-0.0880775042	0.0865132565	-0.0847513209	0.0	-0.1852246686043912	0.0012475139293143	1.5562910038334066e-06	0.0343081778596065	0.1519550749745377	0.216349014350527	0.0230903448105173	0.0468068960104445	0.7058293306774885	0.1019305423372927	0.0103898354611746	0.4981950440446314	-0.0081481003782191	0.0008929834495258	6.639153977353424e-05	7.974194411269974e-07	-0.0029638926440176	-5.713727942310018e-05	3.2646686998734274e-09	8.784659605261642e-06	-0.003354141742363	0.0003665861462221	1.12502668278619e-05	1.3438540260197112e-07	0.0	0.0	0.0	0.0	0.0	0.0	0.0	0.0	0.0	0.0	0.0	0.0	0.0	0.0	0.0	0.0	0.0	0.0	0.0	0.0	0.0	0.0	0.0	1.0
5196.15179848721	35.62878185617592	1269.4100965549703	26999993.512921862	14305.243132136418	73.03380909454972	204639981.06953615	5333.937270859134	4904.5092546873375	23.47318374817951	550.9903552757986	24054211.029313743	6171.751811505941	6564.991361263008	1.404739	38.64082	0.3483089444989005	0.1749569926466534	-0.127910095	0.0617923019	0.0082743699	0.0133968525	0.0459635702	-0.0994404526	-0.0347567035	0.0171862995	0.048684695	0.0313868291	0.0452908495	0.0599523745	-0.0490946422	-0.0176761234	-0.0667992746	0.1120444552	-0.0254463892	-0.0524039858	-0.0381903802	-0.1010826788	0.0562175321	-0.0297602084	-0.0162360791	-0.0450318817	0.0407403084	-0.1014863336	0.1827192685	-0.0305284386	0.062847266	0.0213956496	0.0241069262	-0.0362892784	0.0929401833	0.0442890538	0.0406558956	-0.0226846049	0.024117063	-0.0675257649	-0.0306246053	0.0238136122	0.0018106533	-0.022326746	-0.0144055623	0.1052053926	0.0920258064	0.0289986141	0.0282530969	0.0255422979	0.0146182498	-0.053618544	0.075553567	0.0409374892	0.0187489325	0.0231166058	-0.0378791786	0.1246426518	0.0059277076	0.0751534546	-0.0450158396	-0.0016270037	-0.0240141387	-0.0444239791	0.0520938349	0.098843843	0.0130379128	0.0507852122	0.0104915822	0.0652929992	-0.0334914484	-0.0196421419	0.052788051	-0.0611157359	-0.0615377355	0.0029953877	-0.0442847701	-0.0721640451	0.0540963043	0.0120719372	-0.1014868023	-0.0155745844	-0.0104634268	0.0245955063	-0.0358565216	0.0416632826	-0.0730209128	0.024501336	0.071381117	0.0264791385	0.1094816463	0.0338846139	0.0488697904	-0.0426518198	-0.0562653356	0.1045794452	-0.0699970121	-0.0678902889	-0.0177342708	0.0307324171	0.0980914876	0.079348268	0.0713175517	0.007292887	-0.0451975705	-0.0206142772	0.1209416784	-0.1176613888	-0.0068007784	-0.0592742909	0.0779771378	0.0202755738	0.0643142598	0.0549995824	0.0492508927	0.0112167723	0.021578898	0.029885606	-0.0214580536	0.1217730808	-0.0512574707	0.0547907841	0.012946099	-0.0274353547	0.0331589448	-0.0571627435	0.0999463625	-0.0392544518	0.0193629117	0.0236117399	-0.0485263466	-0.0112126391	0.0838357094	-0.0601542642	-0.0099119714	0.0213520264	0.1126637382	0.0465693198	0.0133415122	0.0075936603	0.0099951292	0.015988844	0.0507386125	0.1183405761	-0.0342689846	-0.0176523091	0.0763147936	-0.0343398089	0.0536369048	-0.1033398517	0.0288215918	-0.1198587312	-0.0972560867	-0.0421887895	-0.0015779319	0.0642337823	0.0200734149	-0.0051870305	-0.027972985	-0.0820198223	-0.0843590705	-0.0269817657	0.22334421	0.0497573995	0.0795841632	-0.0339717112	-0.0060405426	0.074937476	-0.0308797807	-0.0195552928	-0.0005985622	-0.0101589188	0.1046946766	-0.0931961179	0.0930330924	-0.0927615946	0.0923819408	-0.0918945739	0.0913000619	-0.0905990982	0.0897925	-0.0888812078	0.0	-0.1606211609683328	0.0246035076360584	0.0006053325879975	0.025799157350815	0.0156160392526345	-0.1363390357219032	0.0002438606819398	0.0185883326615784	0.6695752102030497	-0.0362541204744388	0.0013143612513751	0.4483309621184581	-0.0062669340509166	0.0018811663273025	3.927446239853795e-05	3.538786750976777e-06	-0.0035158869078719	-0.0005519942638542	3.046976673280501e-07	1.2361460748945028e-05	-0.0027650567201898	0.0005890850221732	7.645538665866773e-06	3.4702116334879946e-07	0.0	0.0	0.0	0.0	0.0	0.0	0.0	0.0	0.0	0.0	0.0	0.0	0.0	0.0	0.0	0.0	0.0	0.0	0.0	0.0	0.0	0.0	0.0	0.0
5168.401578673524	-27.75021981368536	770.0746997078556	26712374.87843498	14343.011878380408	37.76874624398988	205721989.74336147	1426.4781928428995	4901.966699035873	-2.542555651464681	6.46458924079499	24029277.518456653	6193.012368333642	6546.671441114304	1.108139	30.482096	0.0600063464928495	0.0354059636344989	-0.1241006826	0.0761491224	0.0027869552	-0.0254526777	-0.0604948594	-0.0980989818	-0.0426055493	-0.0508147343	0.071103672	0.0619894858	-0.0119075892	-0.0321224942	0.0472519536	0.0054916966	0.0461476795	0.1094495654	0.0080308724	-0.0410144833	-0.0572616356	-0.0702802301	0.0223890243	-0.0128375031	-0.125388279	0.0275409018	0.0664221504	-0.0356738819	0.1483824133	0.0907399994	0.0521347313	-0.0689217209	0.0368211214	0.077908701	0.0316515172	-0.1225572659	0.0230960869	0.0179934601	-0.0065535244	-0.0452373382	0.0274711642	0.0162123581	-0.0241798085	0.0027999912	0.0347008686	-0.0165919494	0.0692017599	-0.0231328878	-0.0239838365	0.0312808361	-0.0414873334	0.0288122902	0.0756164026	-0.017939261	0.0708454017	-0.0075697132	-0.0040104669	0.0331514012	0.0141968178	-0.0284070069	-0.0235416238	-0.0244611223	0.0999913436	-0.0541891311	0.018813208	0.1446214382	-0.0265194432	0.0531614893	-0.1247846511	0.0894707139	-0.0546540247	0.0296339384	0.0179815518	0.0276478561	0.0920647002	-0.0002277493	0.0296782011	-0.0295858659	-0.0291654758	-0.0634657226	0.0320273559	-0.0236176193	-0.0148683599	-0.0048874295	0.1168573056	-0.0159152847	-0.0294050251	0.0750656859	-0.0003344399	0.0464186584	0.0824734151	0.0232330486	0.0467168754	-0.1075249738	-0.0149768033	-0.0388266374	0.0112107712	0.0180581132	0.0298197765	-0.1005881881	0.0572071572	0.0866328653	0.0355441174	0.0150221613	0.0513446608	0.0491018884	0.146545635	-0.0553328414	-0.1402066346	-0.0638369178	0.118507135	0.0298428747	0.0194389686	0.0214711141	0.018693483	-0.0215653364	-0.0030447731	0.0074949622	-0.0629674375	-0.0477477006	0.0139821225	0.0649312664	0.0449658908	-0.0221945782	0.0088126892	-0.048767563	-0.0046730344	-0.0354012978	-0.0133614793	-0.0229842276	0.0362528729	-0.0009891956	0.0555855198	0.0176110995	-0.0124851228	0.0638010203	-0.0787373998	0.1579660652	0.0153298511	0.0199148331	-0.0283283173	0.0810429777	0.0939492864	-0.0163933101	-0.0878566282	-0.0245748859	0.04528188	-0.041707159	0.0262265707	-0.1075369584	0.0283532173	-0.1177148376	-0.0939631214	-0.0453189507	0.0164202954	0.0799302606	0.0343678875	0.0418187044	-0.0884555413	-0.0732243154	-0.0726934029	-0.032271267	0.1712990133	0.0274595223	0.1501727052	-0.0123211123	0.0083293538	0.1382088232	-0.0338196743	0.0017197251	-0.0026504823	0.0132959031	0.0096699507	-0.0932309089	0.0931722015	-0.0930743832	0.0929374951	-0.0927615946	0.0925467555	-0.0922930681	0.0920006388	-0.0916695905	0.0	-0.1560113867921444	0.0046097741761883	2.125001795545326e-05	0.024339552808808	-0.0103533627075904	-0.0259694019602249	0.0001071921193549	0.0006744098381717	0.6907286825335959	0.0211534723305462	0.0004474693916391	0.4771061128745971	-0.0063320739519103	-6.51399009937003e-05	4.009516053246093e-05	4.243206701469078e-09	-0.0036152955392265	-9.940863135460016e-05	9.882075987794794e-09	1.307036183595103e-05	-0.0027659821483593	-9.254281694999998e-07	7.650657245042327e-06	8.564172969041204e-13	0.0	0.0	0.0	0.0	0.0	0.0	0.0	0.0	0.0	0.0	0.0	0.0	0.0	0.0	0.0	0.0	0.0	0.0	0.0	0.0	0.0	0.0	0.0	0.0
5163.603003694559	-4.798574978965007	23.02632182874902	26662795.97976348	14373.584791291065	30.57291291065667	206599939.7524338	934.7030038425972	4897.482992247647	-4.483706788225391	20.103626562778448	23985339.65935497	6186.0931145816285	6455.936471889905	1.182881	32.538048	0.1696501382819528	0.1144998436164919	-0.1403210103	0.0813144521	-0.0148549138	0.0460940742	0.052968975	-0.1513534103	0.0779442872	0.0126706318	0.1416475289	0.0122540592	0.0204406552	-0.1725148624	0.122031309	-0.052443154	-0.0155525361	0.1069704172	-0.0225095971	0.0257892034	-0.0086796587	-0.1115602819	0.1106898628	0.0232950217	-0.0687051065	0.0509628697	-0.0258469656	-0.0222014424	0.1259142772	0.0319305689	-0.0112117659	0.0587475715	0.0259146376	-0.0078262179	-0.0462835526	0.032017539	0.056358257	0.0627340576	-0.0328754656	0.0093542985	-0.0223539695	-0.006083452	-0.0443894147	-0.0335464812	-0.0484314257	-0.0412770172	-0.0228885528	-0.1246048258	-0.0431567633	-0.0008378173	-0.0033677882	0.0197707072	0.0173706039	-0.0201061353	-0.0754676468	-0.0417189029	0.0414171697	-0.034958419	0.1102951905	0.0596164329	-0.0441879241	0.0364008078	0.00298248	-0.1391854249	-0.0030671501	0.0019349541	-0.0238041457	0.0634916924	-0.0312265537	0.0158501712	-0.0723879773	0.0077285593	-0.0660544908	-0.0125736194	-0.0203219874	-0.0119350936	-0.0059932124	-0.0829721362	-0.0107597709	-0.0080716908	-0.1102149558	0.0355012413	-0.0529096196	-0.0474229918	-0.0356410511	0.097845592	0.0323360919	-0.0313648995	0.0190682447	-0.073611616	0.1081697519	0.0064130279	0.1490134757	-0.0229236633	-0.017906696	-0.0278357421	0.0842254832	-0.0540060693	-0.0710639618	-0.0262692084	0.2141966775	0.0013312565	0.0657762424	0.0873113338	-0.0171563139	0.0171268018	-0.0167374292	-0.0463307195	-0.1141415854	-0.1173835492	0.0474848669	0.034923731	0.044766332	0.0313255345	-0.0719681631	-0.0087245088	0.0807262861	-0.0906021928	0.0135406166	0.0054686406	-0.0361950799	-0.0035449469	-0.0022388994	-0.0959983238	0.0763435752	-0.039866259	0.019669098	-0.0031595082	-0.0056669568	-7.21408e-05	0.0785122693	-0.0506908833	-0.0325720061	-0.013729855	0.1051615845	0.0315802932	0.017640709	0.0198037783	-0.0055035768	-0.0455051761	0.0251287484	0.0970302737	0.0813791368	-0.0047936277	-0.0767059702	-0.0042224398	0.0159933199	0.080701424	0.0611697797	-0.1187762929	-0.0021333559	-0.1460437918	-0.1130585547	-0.0174568815	0.004105919	0.0118519039	-0.0528876768	0.0232253106	-0.0289154189	-0.1277690651	-0.016399328	-0.0046614526	0.2346439868	0.0466698859	0.0164135977	0.1205359838	-0.1108405541	-0.0387409247	0.0754602005	-0.0120516439	0.0555059755	-0.1182468278	0.0528695427	-0.0932483061	0.093241782	-0.0932309089	0.0932156873	-0.0931961179	0.0931722015	-0.0931439394	0.0931113328	-0.0930743832	0.0	-0.1597753431014723	-0.0037639563093278	1.4167367098529169e-05	0.0255281602631931	-0.0185570396446195	-0.0082036769370291	0.0003443637203719	6.730031528714316e-05	0.7920213508071967	0.1012926682736008	0.0102602046459857	0.6272978201344566	-0.0069121373874041	-0.0005800634354937	4.7777643262349576e-05	3.364735891968693e-07	-0.0039502440795238	-0.0003349485402973	1.1219052464729217e-07	1.5604428287812836e-05	-0.0025531973889105	0.0002127847594488	6.518816906739394e-06	4.5277353853683684e-08	0.0	0.0	0.0	0.0	0.0	0.0	0.0	0.0	0.0	0.0	0.0	0.0	0.0	0.0	0.0	0.0	0.0	0.0	0.0	0.0	0.0	0.0	0.0	0.0
