global_signal	global_signal_derivative1	global_signal_power2	global_signal_derivative1_power2	csf	csf_derivative1	csf_power2	csf_derivative1_power2	white_matter	white_matter_derivative1	white_matter_derivative1_power2	white_matter_power2	csf_wm	tcompcor	std_dvars	dvars	framewise_displacement	rmsd	t_comp_cor_00	t_comp_cor_01	t_comp_cor_02	t_comp_cor_03	t_comp_cor_04	t_comp_cor_05	c_comp_cor_00	c_comp_cor_01	c_comp_cor_02	c_comp_cor_03	c_comp_cor_04	c_comp_cor_05	c_comp_cor_06	w_comp_cor_00	w_comp_cor_01	w_comp_cor_02	w_comp_cor_03	w_comp_cor_04	w_comp_cor_05	w_comp_cor_06	w_comp_cor_07	w_comp_cor_08	w_comp_cor_09	w_comp_cor_10	w_comp_cor_11	w_comp_cor_12	w_comp_cor_13	w_comp_cor_14	w_comp_cor_15	w_comp_cor_16	w_comp_cor_17	w_comp_cor_18	w_comp_cor_19	w_comp_cor_20	w_comp_cor_21	w_comp_cor_22	w_comp_cor_23	w_comp_cor_24	w_comp_cor_25	w_comp_cor_26	w_comp_cor_27	w_comp_cor_28	w_comp_cor_29	w_comp_cor_30	w_comp_cor_31	w_comp_cor_32	w_comp_cor_33	w_comp_cor_34	w_comp_cor_35	w_comp_cor_36	w_comp_cor_37	w_comp_cor_38	w_comp_cor_39	w_comp_cor_40	w_comp_cor_41	w_comp_cor_42	w_comp_cor_43	w_comp_cor_44	w_comp_cor_45	w_comp_cor_46	w_comp_cor_47	w_comp_cor_48	w_comp_cor_49	w_comp_cor_50	w_comp_cor_51	w_comp_cor_52	a_comp_cor_00	a_comp_cor_01	a_comp_cor_02	a_comp_cor_03	a_comp_cor_04	a_comp_cor_05	a_comp_cor_06	a_comp_cor_07	a_comp_cor_08	a_comp_cor_09	a_comp_cor_10	a_comp_cor_11	a_comp_cor_12	a_comp_cor_13	a_comp_cor_14	a_comp_cor_15	a_comp_cor_16	a_comp_cor_17	a_comp_cor_18	a_comp_cor_19	a_comp_cor_20	a_comp_cor_21	a_comp_cor_22	a_comp_cor_23	a_comp_cor_24	a_comp_cor_25	a_comp_cor_26	a_comp_cor_27	a_comp_cor_28	a_comp_cor_29	a_comp_cor_30	a_comp_cor_31	a_comp_cor_32	a_comp_cor_33	a_comp_cor_34	a_comp_cor_35	a_comp_cor_36	a_comp_cor_37	a_comp_cor_38	a_comp_cor_39	a_comp_cor_40	edge_comp_00	edge_comp_01	edge_comp_02	edge_comp_03	edge_comp_04	edge_comp_05	edge_comp_06	edge_comp_07	edge_comp_08	edge_comp_09	edge_comp_10	edge_comp_11	edge_comp_12	edge_comp_13	edge_comp_14	edge_comp_15	edge_comp_16	edge_comp_17	edge_comp_18	edge_comp_19	edge_comp_20	edge_comp_21	edge_comp_22	edge_comp_23	cosine00	cosine01	cosine02	cosine03	cosine04	cosine05	cosine06	cosine07	cosine08	trans_x	trans_x_derivative1	trans_x_power2	trans_x_derivative1_power2	trans_y	trans_y_derivative1	trans_y_power2	trans_y_derivative1_power2	trans_z	trans_z_derivative1	trans_z_power2	trans_z_derivative1_power2	rot_x	rot_x_derivative1	rot_x_derivative1_power2	rot_x_power2	rot_y	rot_y_derivative1	rot_y_derivative1_power2	rot_y_power2	rot_z	rot_z_derivative1	rot_z_power2	rot_z_derivative1_power2	motion_outlier00	motion_outlier01	motion_outlier02	motion_outlier03	motion_outlier04	motion_outlier05	motion_outlier06	motion_outlier07	motion_outlier08	motion_outlier09	motion_outlier10	motion_outlier11	motion_outlier12	motion_outlier13	motion_outlier14	motion_outlier15	motion_outlier16	motion_outlier17	motion_outlier18	motion_outlier19	motion_outlier20	motion_outlier21	motion_outlier22	motion_outlier23	motion_outlier24	motion_outlier25	motion_outlier26	motion_outlier27	motion_outlier28	motion_outlier29	motion_outlier30	motion_outlier31	motion_outlier32	motion_outlier33	motion_outlier34	motion_outlier35	motion_outlier36
5491.234330981155	n/a	30153654.47774605	n/a	11679.897318314534	n/a	136420001.36637104	n/a	5702.122889166313	n/a	n/a	32514205.443154383	6459.636864501036	7120.770495355	n/a	n/a	n/a	n/a	0.1289756183	-0.0436550194	0.0359347398	-0.0430179918	0.0669096451	-0.1395467975	-0.0620304767	-0.0401884387	-0.0294991775	-0.07252813	0.0409184728	0.0341404298	0.2903175067	-0.0546508398	0.0415901774	0.0245782762	-0.0386635359	0.0786191054	-0.0479453658	0.0338129386	-0.01780849	0.080187989	0.0616415326	-0.0219152637	0.0623163603	-0.0016105198	0.0670319161	-0.073661814	0.1736533057	-0.1139675292	0.041335391	-0.0093430314	-0.0122614838	0.0156343357	0.0629288881	-0.026994404	0.0220726345	-0.0141856447	0.0671727978	-0.0562892457	0.1230635338	-0.0853455475	0.0689868937	-0.0332243124	0.0513688642	-0.1374471298	0.036645577	-0.0017760308	0.0657319838	-0.16964961	0.0290955452	-0.0004177141	0.0074927101	0.0861558626	-0.0971209065	0.0451918698	-0.0812686131	-0.0109180087	0.0450722292	-0.0270121226	-0.0416833647	0.0007140019	0.0063413539	-0.1108248535	-0.0006341212	0.148709125	-0.0608919912	0.0420609516	-0.0417841458	0.0350507876	-0.0130482755	0.0912061557	-0.1478090285	0.1259922502	-0.0322952692	0.0766757462	-0.0012954012	0.0530184483	-0.0925890441	0.0853049644	-0.0864001761	0.1391026004	-0.0990831524	0.1431489499	-0.0359382219	0.0399011058	-0.0833677519	0.1757990896	-0.1564942143	0.0867151544	-0.0743476688	0.0146543289	0.0370766727	-0.053123878	-0.0617798206	0.0463019831	-0.0426108082	0.0341153973	-0.0771594244	0.0893672705	-0.0611470215	0.0633970494	-0.0293135999	0.0298610641	-0.0955139088	0.1091525305	-0.0729576314	0.066815602	-0.0240129197	0.0352809488	-0.0849958623	0.1002043825	-0.0525758019	0.0139396186	-0.0350603686	0.1351527755	-0.0605061815	0.0345139308	-0.0280437028	0.0480321904	-0.0729167824	0.0511442781	-0.1090509118	0.0238137302	-0.0032007974	0.0099706726	-0.0656350261	0.0083646485	-0.0449248944	0.0632700359	-0.0458395785	0.0930462698	0.0930398161	0.0930290603	0.0930140029	0.0929946445	0.0929709861	0.0929430287	0.0929107737	0.0928742226	0.1935222524963933	n/a	0.0374508622112778	n/a	-0.0801962023669062	n/a	0.0064314308740737	n/a	-0.0272909386784974	n/a	0.0007447953339535	n/a	0.009800632470658	n/a	n/a	9.605239682491594e-05	0.0001389129554343	n/a	n/a	1.9296809187491818e-08	0.0002878265455683	n/a	8.284412033378067e-08	n/a	0.0	0.0	0.0	0.0	0.0	0.0	0.0	0.0	0.0	0.0	0.0	0.0	0.0	0.0	0.0	0.0	0.0	0.0	0.0	0.0	0.0	0.0	0.0	0.0	0.0	0.0	0.0	0.0	0.0	0.0	0.0	0.0	0.0	0.0	0.0	0.0	0.0
5476.566936447146	-14.667394534008965	29992785.40938608	215.132462416276	11551.753767986687	-128.14355032784624	133443015.11619462	16420.769490625262	5701.654856669798	-0.468032496514752	0.2190544177938313	32508868.1045863	6428.219905237382	6893.140453561078	1.281223	36.593079	0.1179949081541787	0.0671370805508662	0.1141072105	-0.0274720937	0.028931645	0.1345756341	-0.024751435	-0.0901556754	-0.0715971054	-0.0449666942	-0.0531248798	0.085442806	0.0431434445	0.0556842144	0.1361160943	-0.0554696848	0.0185077541	0.0659253112	-0.0639431149	0.0058620635	0.0765893605	0.0193324508	-0.0015756231	-0.1288344056	0.0982061524	-0.0891778984	-0.0307404891	-0.0367417584	0.1152963633	-0.129294721	0.104957133	0.0378768587	-0.0489137922	0.0445258626	0.0283159473	0.0568423869	-0.0802447156	-0.0527569134	0.0444491818	-0.0009383957	0.0057043443	-0.0256442341	0.0072759594	-0.0265369557	-0.0463662355	-0.0168734207	0.1020415265	-0.0399548905	0.0212590989	-0.0027970079	-0.0596743404	0.0779900036	-0.0693919764	0.0349362908	-0.0290768086	-0.0163819782	-0.0769191644	0.1141722928	0.040244882	-0.0212843329	-0.0767885277	0.0211147524	0.0569563427	-0.0452214753	-0.0825231408	-0.0726550103	-0.019896553	0.1264524436	-0.0710901192	0.0061145548	-0.0419327427	0.0766473355	-0.0307326858	-0.0672291858	-0.0273510553	0.0934224422	0.1395145163	-0.120169896	0.0209136488	0.0631497879	-0.0413399557	0.0808414856	-0.0533420378	0.0922571119	-0.1294675836	0.0184629048	-0.0937730574	0.1003438986	0.1057060719	0.0413612607	-0.0212072664	0.0613023418	0.0780912602	0.0607217278	0.0203395339	0.0054389014	-0.0984384127	0.0766352255	-0.0343540093	0.043174604	-0.0607989211	-0.0088314035	0.0006716201	0.0486372995	-0.0673688262	0.037230004	0.0256671223	0.026575211	-0.0473011453	0.064227932	-0.0241048918	0.0286505854	-0.0931745439	0.0790340467	-0.0533556694	0.0449365821	-0.0736137814	0.0084463296	-0.0471841302	0.0350359295	-0.0219985842	0.0963494786	-0.0838407248	0.033993259	-0.0103290911	0.0370358527	0.0351574906	-0.0994943181	-0.1663800012	0.009489285	-0.0070839705	-0.0593295887	0.0285894295	0.0930290603	0.0929709861	0.0928742226	0.0927388101	0.0925648049	0.0923522795	0.0921013223	0.0918120377	0.0914845461	0.1689507523241786	-0.0245715001722146	0.0285443567109059	0.0006037586207131	-0.0879970149062359	-0.0078008125393297	0.0077434746324083	6.085267627376364e-05	0.0167227581766269	0.0440136968551243	0.0002796506410339	0.0019372055108547	0.0091001013206233	-0.0007005311500347	4.907438921689404e-07	8.281184404560992e-05	0.0001283628260979	-1.05501293364e-05	1.1130522901476792e-10	1.6477015123839715e-08	0.0004089232379474	0.0001210966923791	1.6721821453338593e-07	1.4664408905158382e-08	0.0	0.0	0.0	0.0	0.0	0.0	0.0	0.0	0.0	0.0	0.0	0.0	0.0	0.0	0.0	0.0	0.0	0.0	0.0	0.0	0.0	0.0	0.0	0.0	0.0	0.0	0.0	0.0	0.0	0.0	0.0	0.0	0.0	0.0	0.0	0.0	0.0
5471.5973456981255	-4.969590749020426	29938377.51345077	24.696832212749403	11456.842112015704	-94.9116559709837	131259231.17965645	9008.222439154366	5697.963487123772	-3.6913695460261806	13.626209125329533	32466787.9005957	6418.530533772685	6868.086205352717	1.24337	35.511978	0.0851539244241578	0.0633184410087241	0.1124533662	0.0009975569	-0.019298485	-0.0002203399	0.0975872941	0.043532661	-0.0785026343	0.0068628958	-0.0007437992	0.0568332772	0.039705539	-0.1722692115	-0.0318089614	-0.0605647597	0.0328674248	0.0015700302	-0.0654844522	0.0386661613	0.0383364814	0.0986318634	0.0502188013	0.1831149967	0.0001938753	-0.001902881	-0.0786999376	0.0995538934	-0.0792046291	-0.028092538	0.0674449024	-0.0099693937	0.0388642788	0.0489352099	0.1006832822	-0.0389939566	0.0355262199	-0.0627716677	0.0601292082	-0.0002456758	-0.0158679125	-0.0225634728	-0.0392520922	0.0948297587	-0.0677452983	0.008590874	0.0334873186	0.0621258276	-0.0287620699	0.1627608917	-0.0073280086	0.1503757319	0.0398114385	0.045435863	0.0705717071	0.0030366432	0.078668238	-0.0270608358	0.0197902491	-0.0972664173	-0.0875040876	-0.0033693341	-0.0058338205	-0.0517183868	0.0180708298	0.076700542	0.0285304475	-0.1063992291	-0.0518640911	0.0444940938	-0.0159037308	0.0689150492	0.0600821637	-0.0927669289	-0.0472300603	-0.0631847333	-0.1664327117	0.0113964085	0.0018894244	0.080517669	6.70752e-05	-0.0496894812	-0.0426255685	0.0205938765	-0.0896785931	-0.0263606098	-0.075975747	0.0186415284	-0.0576617552	0.0263710704	-0.0546881292	0.010788696	0.0139195299	-0.0934839601	-0.0113374165	-0.0025265942	-0.0516786276	-0.0965320798	0.1091448215	-0.0399832664	-0.0732107251	0.0003706245	0.1372551027	0.0469043973	0.0758733768	-0.021502301	0.0227834332	-0.0551910564	-0.055367107	0.0557309773	-0.0134453727	0.0306556396	-0.0660179827	0.0449262494	-0.0547684921	0.0155796398	-0.0663633764	0.0660138169	-0.058105974	0.0262361467	-0.0093195324	0.0455955461	-0.0828429056	0.0181985751	0.0068750754	-0.0649314226	-0.0352391574	0.0252414715	0.0395589965	0.054468418	-0.097528672	-0.0184761791	0.009690193	0.0929946445	0.092833377	0.0925648049	0.0921892388	0.0917071126	0.0911189838	0.090425532	0.0896275589	0.0887259867	0.1715428392558067	0.0025920869316281	0.0294269456999435	6.718914661117186e-06	-0.0899937360638603	-0.0019967211576243	0.0080988725307317	3.986895381304895e-06	0.0041876160681866	-0.0125351421084403	1.75361283345346e-05	0.0001571297876787	0.0078590581602311	-0.0012410431603922	1.5401881259562605e-06	6.176479516589503e-05	0.0001039827970032	-2.438002909469999e-05	5.94385818658418e-10	1.08124220726087e-08	0.0005040995329898	9.51762950424e-05	2.541163391605345e-07	9.058527137997976e-09	0.0	0.0	0.0	0.0	0.0	0.0	0.0	0.0	0.0	0.0	0.0	0.0	0.0	0.0	0.0	0.0	0.0	0.0	0.0	0.0	0.0	0.0	0.0	0.0	0.0	0.0	0.0	0.0	0.0	0.0	0.0	0.0	0.0	0.0	0.0	0.0	0.0
5458.624051613633	-12.973294084492409	29796576.53685484	168.30635940272572	11401.715764882612	-55.12634713309126	129999122.38317268	3038.9141482380787	5702.140240200276	4.176753076503701	17.44526626208313	32514403.31891126	6420.345161523926	6863.57322874131	1.127229	32.194847	0.148024272771145	0.0918540709688987	0.0621194651	-0.0022847244	0.0082322258	-0.0261277637	-0.0497309561	-0.0704084444	-0.060578464	-0.0192516289	-0.0551295005	0.0236361201	-0.0363842995	0.0973936861	-0.0130882568	-0.0626842226	0.0363299011	0.0506306818	-0.0394074383	0.0199688793	-0.0088491928	-0.1001590268	0.001740909	0.0177013622	0.0981036782	0.0145055076	-0.0303302509	-0.0814573373	0.0739725728	0.0098023649	0.0432018937	-0.0916434517	-0.060357653	-0.0526281433	0.1290464179	-0.0586196151	-0.0526200562	-0.0399962539	0.0456644538	0.0267599476	0.0104042204	0.0320155862	0.0265671086	-0.0561305848	0.0585836729	0.025697786	0.0131825334	0.0839953162	-0.111605339	0.0496883279	0.0222446049	0.0165229678	-0.0169110058	0.0070705859	-0.0668934541	-0.0683015786	-0.0040129162	-0.1279248497	0.1020988253	0.0489917389	-0.0976080214	-0.1039430987	0.0430512369	-0.0281710559	0.0311166257	0.0742040464	0.0661128903	-0.0683293823	-0.0646242796	0.0200534002	-0.0232056672	0.0531244335	-0.0921833681	0.055525553	0.0399620313	0.0286806112	0.0283583605	0.0174156655	-0.0018030044	0.0719916514	-0.0060248495	0.0727283337	0.025049702	0.0690062451	-0.037856706	-0.044612663	-0.0674600212	-0.0154230984	-0.0378960937	0.033740533	-0.0063533343	-0.0404216281	0.0050902946	0.0241908677	0.0239551399	0.0905430536	-0.0418590333	0.0151539818	-0.0675833487	-0.010112626	-0.017134551	-0.0814676794	0.0316728265	-0.038081505	0.0932632843	-0.0653894229	-0.0221365357	0.0385257701	0.0263938324	0.0458922017	-0.0144216994	0.026897708	-0.0535744042	-0.0111351543	-0.0444506508	0.0403851482	-0.0858053787	0.0159000204	-0.0439341844	0.0328578235	-0.0202623598	0.0298226842	-0.0057783565	0.0378497101	-0.0553722138	-0.0001650903	-0.0182011323	-0.079803702	-0.0313422865	-0.0482524662	-0.0213813175	0.0419437347	-0.0168956587	0.0929430287	0.0926270906	0.0921013223	0.0913669149	0.090425532	0.0892793062	0.0879308341	0.0863831703	0.0846398209	0.1552536908480704	-0.0162891484077363	0.0241037085219482	0.0002653363558492	-0.1209362818863581	-0.0309425458224978	0.0146255842764966	0.0009574411419773	0.0138712826868925	0.0096836666187059	0.0001924124833796	9.377339918223897e-05	0.0063130158598361	-0.0015460423003949	2.3902467946106626e-06	3.985416924654213e-05	0.000178957498323	7.497470131980001e-05	5.621205837993221e-09	3.202578620602655e-08	0.0003029382962605	-0.0002011612367293	9.177161134121449e-08	4.046584316246148e-08	0.0	0.0	0.0	0.0	0.0	0.0	0.0	0.0	0.0	0.0	0.0	0.0	0.0	0.0	0.0	0.0	0.0	0.0	0.0	0.0	0.0	0.0	0.0	0.0	0.0	0.0	0.0	0.0	0.0	0.0	0.0	0.0	0.0	0.0	0.0	0.0	0.0
5457.821605875801	-0.8024457378323859	29787816.681564704	0.6439191621653623	11390.165975142498	-11.549789740114647	129735880.94129384	133.3976430408576	5695.372338133108	-6.767902067167597	45.80449839077144	32437266.06997179	6408.828555760008	6806.321928580431	1.027039	29.333323	0.0937380258955075	0.0466334091525413	0.0749545589	0.0046239291	0.0240346972	0.0303758482	-0.0416337053	0.0541829047	-0.0740791396	0.0151965652	0.0240928363	-0.0502166128	0.0200398942	-0.0530086389	-0.0555557796	-0.0573672263	0.0298034715	0.0062586635	-0.0353995457	-0.0097036251	0.1155603582	0.0876668542	-0.0160134907	0.0067196963	0.1016891744	0.0293960134	0.0867555523	-0.0468623638	0.0331997654	0.0336525698	-0.0824142078	-0.0979207396	-0.0452152811	0.04047959	0.095757576	0.0835728187	-0.0823382531	0.1009176979	-0.0950723015	0.0721682122	0.015660116	-0.0781947656	0.0034989657	0.0556579956	0.0134742962	0.1105951427	-0.0778641521	0.0781973218	0.0591448365	0.0252247616	0.062917434	-0.0642705438	-0.009538777	-0.1267325237	-0.085382548	-0.0262233115	0.0056232329	0.1643617612	-0.0040941203	-0.1049307105	0.0238957477	-0.0752538056	0.0349790177	0.0199984206	0.1202370778	0.0604112547	-0.027561827	-0.033573624	-0.0577420468	0.0473777466	0.0059095974	-0.0264470245	0.0492189556	-0.104199218	-0.03156708	0.0844405338	0.0744378663	0.0346328137	-0.058521878	0.0545543294	0.0258634152	-0.0827025998	0.0750784568	0.0060970306	0.0043374834	0.0056029255	0.0307001222	0.0056781536	0.0495861515	0.0104885766	-0.0530292311	-0.0250301898	-0.0196700325	-0.0223285969	0.0442655961	0.0798342668	-0.1172602589	-0.0750578317	-0.0240541622	0.1192268614	0.1786191858	-0.0307230883	-0.0401299248	-0.1084783378	0.0360951025	-0.1134894732	-0.1299256658	-0.029032538	0.0658177552	0.0490369921	-0.0011486545	0.0277524264	-0.0487245685	-0.0179298344	-0.0576953768	0.0408485174	-0.0791199685	0.0494701949	-0.0654567582	0.0096735026	-0.0341264777	-0.0107254547	-0.0762725404	-0.0004993137	0.0998417832	0.0451887828	0.0271449027	-0.0487064463	-0.0676074818	0.0085284703	0.0084004533	0.0403091828	-0.0423514515	0.0928742226	0.0923522795	0.0914845461	0.0902742713	0.0887259867	0.0868454896	0.0846398209	0.0821172393	0.0792871898	0.151362690011112	-0.0038910008369583	0.0229106639273999	1.5139887513210946e-05	-0.1054730939543731	0.015463187931985	0.011124573548308	0.0002391101810198	0.0300354793729766	0.0161641966860841	0.0009021300211645	0.0002612812545064	0.0056389215684397	-0.0006740942913964	4.544031136932149e-07	3.1797436455014444e-05	0.0003642169190327	0.0001852594207096	3.432105296169361e-08	1.3265396410967236e-07	0.000607977392964	0.0003050390967035	3.696365103553021e-07	9.30488505176872e-08	0.0	0.0	0.0	0.0	0.0	0.0	0.0	0.0	0.0	0.0	0.0	0.0	0.0	0.0	0.0	0.0	0.0	0.0	0.0	0.0	0.0	0.0	0.0	0.0	0.0	0.0	0.0	0.0	0.0	0.0	0.0	0.0	0.0	0.0	0.0	0.0	0.0
5457.674082791666	-0.1475230841351731	29786206.393975846	0.0217630603527533	11348.447142309073	-41.71883283342504	128787252.54178296	1740.4610129832631	5693.530943817819	-1.841394315289108	3.3907330243790423	32416294.608211026	6405.563850106823	6902.540846476544	1.115369	31.856117	0.0974245659909833	0.0453361404751933	0.0456929725	-0.0180563411	0.0086751436	-0.1254715115	0.0280014457	-0.0490453497	-0.0344028378	0.0160633208	-0.0071194353	-0.072035065	0.0126925941	0.0508153215	0.004847349	-0.0321439761	0.0068066217	0.0435328812	-0.0457264248	0.0582044342	-0.0006802841	-0.0689750357	0.0574753836	0.0487215204	-0.0142075754	0.0119673363	0.1073484874	-0.0444640807	0.0511721246	-0.0591388445	-0.0362305101	0.0274767135	-0.0940831444	0.0228740985	-0.0599843475	0.1067287571	-0.0447261255	0.0370378692	-0.0511193397	-0.0591747904	0.08045537	0.065831855	-0.0268428071	0.0401139954	0.0633130181	-0.0042499632	-0.0154006057	0.0063582862	0.061413421	-0.1053145365	-0.0311898945	-0.0473674312	0.1149195219	-0.117907397	-0.0698605244	-0.0151542476	-0.0418681207	-0.0253277219	0.0894709588	0.0422704655	-0.0667740662	0.1154637365	-0.0079076247	-0.0487573379	0.0007224924	-0.1153292354	0.0445474838	-0.0596383527	-0.0270197378	0.0200540534	0.0010238043	-0.0019262745	-0.0374579593	0.0127317302	-0.0032527597	0.158876821	-0.07002906	-0.0275121018	-0.0239454868	-0.0214506798	0.0249006237	0.0041718814	0.1054408774	-0.0036075904	0.0158125764	-0.0509071332	-0.052828128	0.0511923553	0.0491231022	-0.0892755995	-0.0329616704	-0.0084789505	-0.0231555826	-3.82809e-05	0.036959333	0.0715163088	-0.0029854311	0.0268396443	0.0735765218	-0.0011266644	0.0134000383	-0.108536711	-0.0787261093	-0.0702261126	-0.10638053	0.0326699482	-0.0577089457	-0.0057162417	0.0606681048	0.0400589852	-0.0075242356	0.0224772159	-0.0461804851	0.0119596498	-0.0425253082	0.0368884327	-0.0812160885	0.0181604212	-0.0281757037	0.0295910822	-0.057322493	0.0126674016	-0.0110348338	0.0229840004	-0.022240404	-0.0047335977	-0.0251053851	-0.0132270096	-0.0108029633	-0.044558655	-0.0626109935	0.0606245361	-0.033705634	0.0927882388	0.0920091471	0.0907155029	0.0889145408	0.0866163325	0.0838337306	0.0805822964	0.0768802134	0.072748185	0.1764583236305696	0.0250956336194576	0.0311375399785108	0.000629790826762	-0.0932930571467949	0.0121800368075782	0.0087035945117951	0.0001483532966339	0.0151546148535288	-0.0148808645194478	0.0002296623513587	0.0002214401288461	0.0061110312097609	0.0004721096413212	2.2288751342843235e-07	3.7344702446671766e-05	3.454275915970584e-05	-0.0003296741598729	1.086850516879645e-07	1.1932022103654415e-09	0.0005044005732682	-0.0001035768196958	2.544199383132888e-07	1.0728157578296269e-08	0.0	0.0	0.0	0.0	0.0	0.0	0.0	0.0	0.0	0.0	0.0	0.0	0.0	0.0	0.0	0.0	0.0	0.0	0.0	0.0	0.0	0.0	0.0	0.0	0.0	0.0	0.0	0.0	0.0	0.0	0.0	0.0	0.0	0.0	0.0	0.0	0.0
5462.335395550535	4.661312758869826	29837107.973484226	21.727836636002632	11409.730852399554	61.28371009048169	130181958.12419826	3755.6931224542072	5690.097923123409	-3.433020694410516	11.78563108825086	32377214.37473333	6406.51295755742	6877.871722433531	1.065788	30.440029	0.0666928277868795	0.0403153683290665	0.0694536943	-0.0370046812	0.029474731	0.0178349075	-0.042671639	-0.0454485843	-0.0652192623	-0.0152448564	0.0087555998	0.0286337068	-0.0017943305	-0.0244973232	0.0144825221	-0.046873541	-0.012818742	0.0478357762	-0.0277216955	0.0381692027	0.0119304646	0.0067237935	0.0728399678	-0.026987858	0.0056243993	0.0567150174	0.0570012522	0.0275927716	-0.0423729831	-0.0367834469	-0.0021693401	0.0512889612	0.0179736494	0.0800381086	0.0239246472	0.0797979569	-0.1789263391	-0.02351421	-0.0675052326	-0.0143221669	-0.0118947767	0.0030751831	-0.0037025808	-0.1112947457	-0.1284398122	-0.0426701046	-0.0619380751	0.0740205305	0.0184601533	0.0760887675	0.1052025259	-0.0305318514	0.0054814191	-0.0091511767	-0.0080438822	-0.0676352078	-0.0886549481	0.0537443446	-0.0244510526	0.0313756878	0.0984677338	0.1145558703	0.0073474743	0.0864624237	0.0819126771	-0.0034875443	-0.0521150883	0.0294713029	-0.048086866	-0.0025999086	-0.0225328569	0.0331318783	-0.0241064981	-0.0188561585	-0.0198142798	0.0453712667	-0.0251110522	-0.0683579519	-0.0438169242	0.0667021114	0.0581699215	-0.016042471	0.038937218	-0.0382313793	0.0190692376	0.030034502	0.0610400992	0.0302158884	0.0536082719	0.1076566377	0.0500417263	-0.0396976975	0.0525366034	0.0365929849	-0.0666637307	0.0605161307	-0.1076305798	-0.079698834	0.0471863755	0.0345223651	-0.0574121553	0.0170307078	-0.0913690768	-0.0986177318	-0.070796138	-0.0499298776	0.0947827869	0.0327818201	-0.005865946	0.0454085177	0.0018704443	0.0247273035	-0.04912361	0.0099129937	-0.058563291	0.0275356367	-0.0852165979	0.0496231251	-0.0401215282	0.0565819921	-0.0356478971	0.0004786621	-0.0489330151	-0.005360837	0.010071386	0.0348246391	0.0287967132	-0.0193622575	-0.0587327136	0.0034544084	0.0133261319	-0.0596911564	0.0125871625	0.0926850932	0.0915979471	0.0897954726	0.0872917462	0.0841063205	0.0802640719	0.0757950062	0.0707340242	0.0651206494	0.1610109112836255	-0.0154474123469441	0.0259245135523835	0.0002386225482165	-0.1049847752819488	-0.0116917181351539	0.0110218030410012	0.0001366962729518	0.0486563882284372	0.0335017733749084	0.0023674441154364	0.0011223688192637	0.0059900251349621	-0.0001210060747987	1.4642470138212746e-08	3.588040111747772e-05	3.451216865424378e-05	-3.0590505462058104e-08	9.357790244242066e-16	1.191089785218967e-09	0.0005044023865614	1.8132932000543278e-09	2.54421767568836e-07	3.2880322293632645e-18	0.0	0.0	0.0	0.0	0.0	0.0	0.0	0.0	0.0	0.0	0.0	0.0	0.0	0.0	0.0	0.0	0.0	0.0	0.0	0.0	0.0	0.0	0.0	0.0	0.0	0.0	0.0	0.0	0.0	0.0	0.0	0.0	0.0	0.0	0.0	0.0	0.0
5463.951901737251	1.6165061867159238	29854770.384498127	2.613092251690857	11417.66035305724	7.929500657684912	130362967.93777516	62.87698068022545	5697.163781181802	7.0658580583931325	49.92635010135917	32457675.14960973	6407.692013240428	6912.762351907355	0.952468	27.203503	0.0442651953548501	0.0240809001210943	0.0544911423	-0.0320096542	-0.0112522234	-0.0371710521	0.005401329	-0.0275743619	-0.0418187656	-0.0234713524	0.0115645901	0.0747522953	0.0067548243	0.0054096401	-0.0108956429	-0.042305292	0.0046529029	0.0317513482	-0.0751628039	-0.0114473561	0.0261197365	-0.0454939177	0.0809368025	-0.0764382931	1.74468e-05	-0.0692865217	-0.0995429584	-0.1388370011	-0.0019407254	-0.104763919	-0.0630201749	-0.1011215861	-0.093537725	-0.0584106204	-0.0257819287	-0.0005988308	0.1073189444	0.0917010655	-0.0630980992	0.0550378788	-0.0526564062	-0.0053089477	-0.0642207846	0.0729307355	-0.0322700789	-0.0520431958	0.0012864734	-0.0572502011	0.0241096235	-0.17103479	0.049789807	0.0231764027	0.0014227872	0.1046741205	0.0185191371	0.046690356	0.0234254965	-0.0500135856	-0.1485419815	-0.0325831821	-0.0006364296	0.0326194811	0.003165221	0.021560043	0.0029908948	-0.0525402355	0.0192163529	-0.0365742771	-0.0367419693	-0.0006184994	0.0052836472	0.0317768887	-0.0449262252	-0.0567177482	0.0219215398	0.0384231534	-0.0511268606	-0.1027727307	0.0148637793	-0.0290449518	0.034684564	0.0156346319	0.0851472575	0.0218854488	-0.0672194976	-0.0873948224	-0.027735507	0.0058861055	-0.0112227465	-0.0932735288	-0.0486048545	-0.002234759	0.0311813242	0.0617655682	-0.0016552187	0.0258767107	0.0840421466	-0.0143766059	-0.0865292576	-0.1189087644	0.0085655991	-0.0545465111	0.0429249464	-0.098205438	0.0213715547	-0.003637865	0.1002796948	0.0196515548	-0.1881418051	0.0385225584	0.0018251131	0.0204677256	-0.0541244337	0.0041491392	-0.0522583152	0.0317028426	-0.0806458081	0.0151260724	-0.0194871058	0.0473718824	-0.0390699573	0.0197138875	-0.0325240943	0.0217877772	-0.0007903825	-0.0202601532	0.0133064334	0.0070147494	0.0078935649	-0.028254941	-0.0470689902	-0.0437516086	0.0076834208	0.0925648049	0.0911189838	0.0887259867	0.0854106889	0.0812075526	0.0761602691	0.0703213046	0.0637513548	0.0565187138	0.1461723225041851	-0.0148385887794403	0.0213663478662675	0.0002201837169653	-0.1210901930496959	-0.0161054177677471	0.0146628348528126	0.0002593844814736	0.0526541677623271	0.0039977795338898	0.0027724613827432	1.5982241201588925e-05	0.0060079855125796	1.7960377617499794e-05	3.2257516416318755e-10	3.609588991936636e-05	0.0002020152504758	0.0001675030818215	2.8057282419718962e-08	4.081016142480021e-08	0.000503397660525	-1.0047260364000332e-06	2.534092046220431e-07	1.009474408220121e-12	0.0	0.0	0.0	0.0	0.0	0.0	0.0	0.0	0.0	0.0	0.0	0.0	0.0	0.0	0.0	0.0	0.0	0.0	0.0	0.0	0.0	0.0	0.0	0.0	0.0	0.0	0.0	0.0	0.0	0.0	0.0	0.0	0.0	0.0	0.0	0.0	0.0
5451.199174881414	-12.752726855836954	29715572.44422781	162.6320422595851	11368.11959589744	-49.540757159798886	129234143.14662738	2454.286619966165	5702.696657523036	5.5328763412344415	30.61272060739182	32520749.16772441	6420.078903484703	6851.961967435305	1.015516	29.004223	0.0789776852455093	0.0399203033729466	0.0538826086	-0.0306694222	0.0007391526	-0.0056862462	0.0047119553	0.0695493754	-0.0427120915	-0.011833737	0.0061959337	0.0240024894	-0.0433924233	-0.0712039104	-0.0674502688	-0.0440006467	-0.0186721491	0.0455334794	-0.0559673953	0.0507027269	0.020420193	0.0277462699	0.0951673351	0.0839059823	0.0976084407	0.0322602689	0.0609773812	-0.0315078505	0.052806426	-0.0166877508	0.0485779254	-0.0507124989	-0.0006295422	0.0523966465	-0.1042626676	-0.1433563593	0.1040651768	-0.0145182558	-0.0314818149	-0.0568401576	0.0405520079	0.1402305149	0.0228479643	0.0654668927	0.0106822114	-0.1103641885	-0.0847172193	0.0142407249	0.083935441	-0.0536280515	-0.1320920607	0.0445087139	-0.12006469	-0.0565638285	0.0617686307	-0.0928783138	0.0572312178	-0.041299513	0.0735499984	0.0277840944	-0.0036201438	-0.075452094	-0.0284191784	-0.0103738974	-0.0439578679	0.0694399741	-0.02589191	0.0764484445	-0.0446580452	-0.0026039455	-0.0111356215	0.0601622997	-0.0075368411	-0.0409731125	-0.0237132658	-0.0221405087	-0.0801052198	0.028671297	-0.0946390261	0.102269825	0.1036004507	0.1295696689	0.0016099405	0.0766664473	0.0513968327	0.0536454483	0.0750577674	0.0328926211	-0.0427853991	0.0375729103	-0.0098896391	-0.0201040184	-0.0543846841	-0.0793347352	-0.0790093242	0.0118662628	0.1090916798	0.1078465181	0.0605110244	-0.0789351368	0.1033316061	-0.0623409701	-0.0590910433	-0.0093295916	0.0444284814	0.0651135983	0.1067131845	-0.0934941067	-0.0335303241	0.0428419474	0.0103171153	0.0249414604	-0.0458978584	0.008548976	-0.061377599	0.0199147055	-0.075997777	0.066112206	-0.0217233592	0.0439172546	-0.0557996133	-0.0037881022	-0.0631230323	-0.0173270957	0.0530367255	-0.0287025635	0.0110279028	0.0369701907	0.013721881	0.0313710067	-0.0268357641	-0.086254781	0.0404158984	0.0924273962	0.0905726114	0.0875088252	0.0832769341	0.0779334273	0.0715496322	0.0642107624	0.0560147802	0.047071089	0.1568697166655113	0.0106973941613262	0.0246081080067177	0.0001144342418427	-0.1135182739559752	0.0075719190937206	0.0128863985219438	5.733395876185202e-05	0.0572397188805595	0.0045855511182324	0.0032763854175254	2.1027279057922444e-05	0.0053798557024006	-0.000628129810179	3.945470584355067e-07	2.894284737865225e-05	0.0004639822637662	0.0002619670132904	6.862671605229262e-08	2.152795410896076e-07	0.0007357572545002	0.0002323595939752	5.41338737549672e-07	5.39909809123198e-08	0.0	0.0	0.0	0.0	0.0	0.0	0.0	0.0	0.0	0.0	0.0	0.0	0.0	0.0	0.0	0.0	0.0	0.0	0.0	0.0	0.0	0.0	0.0	0.0	0.0	0.0	0.0	0.0	0.0	0.0	0.0	0.0	0.0	0.0	0.0	0.0	0.0
5458.392651292569	7.193476411154734	29794050.33568472	51.74610287783959	11351.57798611388	-16.54160978356049	128858322.77482525	273.6248542315841	5688.994927274036	-13.70173024900032	187.7374118163704	32364663.282549717	6390.002910666532	6832.615822975373	1.523771	43.520504	0.6922439687777552	0.3610248397735267	-0.0426424831	0.0019978261	-0.0399607234	0.0102126236	0.0467288511	-0.0063616328	0.0399482805	-0.0082320774	0.0214445639	0.0904051009	-0.0807595402	-0.0107293544	-0.0166340825	0.0384902104	-0.0075890365	-0.0503388594	0.0094303167	0.0049421125	-0.1454007407	0.0429183832	0.0057195624	-0.0671564625	-0.0391762025	-0.0792976747	-0.0602667058	0.0235923367	-0.0512077537	0.0828374939	-0.0056590091	0.1225317814	0.0087702386	0.0643848179	-0.0044013295	0.00956545	-0.0359024341	-0.0085496847	0.0239477381	0.0356421385	-0.0978302042	-0.0355166304	0.164942098	0.0198717359	0.0306222524	0.0553896803	0.0477969506	-0.1307716514	0.0046280661	-0.0635248814	0.0247107506	-0.0237343637	0.130912726	0.0703995246	0.1259824322	0.1098899736	-0.0258361843	0.0445472392	-0.0253743584	-0.0454297151	0.1433067563	-0.014604925	-0.0581188528	0.0057250538	-0.0386762566	-0.0030881954	-0.1285143718	-0.0835776859	0.0386341105	-0.021254184	0.0164852011	0.032895288	-0.0243671798	0.0409737148	-0.0115523414	-0.148524694	0.0019706056	-0.0856393793	0.0624768293	-0.0660216391	-0.0054634618	-0.1121063142	0.022697354	-0.0742121689	-0.0279145845	-0.0538534228	0.0325108097	0.0075833884	0.0599856888	-0.053569501	0.0185172483	-0.0629843045	0.0378968299	0.0454405252	-0.0161541016	-0.1866741129	-0.1290043526	0.0473080418	0.0090441569	-0.0272127688	-0.0286927472	0.016686202	0.0794195504	0.0244498923	-0.011667113	-0.0139465927	-0.042167178	0.0246153791	0.0190632621	-0.0202782702	-0.0288056736	-0.0147420217	0.039456625	0.0429724494	0.0725883287	-0.0921566217	0.1032465269	-0.0539804163	0.08355708	-0.077842035	0.0246574102	-0.0016896838	0.1545432348	-0.0829413832	0.0292838782	-0.0475097767	0.0010524672	0.0963416854	0.0468631452	-0.0201308879	0.1111627377	0.0760024934	-0.0140804149	0.0922728925	0.0899592343	0.0861460138	0.0808967948	0.0742990785	0.0664628444	0.0575187176	0.0476157909	0.0369191397	0.3360606910119657	0.1791909743464543	0.1129367880434398	0.0321094052872316	-0.0301294309702342	0.083388842985741	0.0009077826105901	0.0069536991345005	0.0045771750336598	-0.0526625438468997	2.095053128875859e-05	0.0027733435244266	0.0047503113393599	-0.0006295443630407	3.9632610503632073e-07	2.2565457820851245e-05	-0.0052366792403248	-0.005700661504091	3.249754158422506e-05	2.7422809466048724e-05	-0.0004740690303413	-0.0012098262848415	2.247414455287404e-07	1.4636796394933863e-06	1.0	0.0	0.0	0.0	0.0	0.0	0.0	0.0	0.0	0.0	0.0	0.0	0.0	0.0	0.0	0.0	0.0	0.0	0.0	0.0	0.0	0.0	0.0	0.0	0.0	0.0	0.0	0.0	0.0	0.0	0.0	0.0	0.0	0.0	0.0	0.0	0.0
5468.638340427906	10.24568913533676	29906005.29839808	104.97414585795777	11338.805248026943	-12.772738086936442	128568504.45268336	163.1428382374768	5693.447047058757	4.452119784720708	19.82137057750156	32415339.27766208	6399.76213033626	6835.765428613123	1.261951	36.042656	0.1831073332672003	0.1017373460483985	-0.0844718132	0.0305169125	-0.0142766259	0.0141407823	0.0254422856	-0.025911015	0.0619741834	0.0464005577	0.036253476	-0.0562855838	0.0668705423	-0.0065687641	-0.0016005679	0.0532880113	-0.0121412088	-0.0822574145	0.0864224943	0.040205714	-0.0503402746	-0.0480591226	-0.0616292037	-0.0708413714	-0.1078788147	0.1101494242	0.0344993432	-0.0534588034	0.0332388089	-0.0361424653	-0.0690033214	0.0953987711	-0.0165661192	-0.0189512298	-0.1039237262	-0.1589318085	0.1079613894	-0.1167507525	0.1185418002	-0.0030086185	-0.0131448826	-0.0675759119	-0.0346609357	-0.0831443043	0.0924484267	-0.0148962835	0.0839688009	0.0474561519	-0.0849126513	-0.0449391574	-0.0336884934	-0.100408075	0.0651337344	0.0224687942	-0.067065981	0.1076034896	0.0436820453	-0.0488133849	0.1418619969	-0.0894765248	0.0247999463	0.0979818578	0.0634391167	0.005449676	0.0484172906	0.0861582316	-0.06713877	0.0783004177	0.0629583199	0.0030978239	0.0364883532	-0.0526811683	0.0666878588	0.0832102348	0.0188404368	0.0310848285	0.0347416532	-0.0467867578	0.0927258378	-0.093573894	-0.0203041075	0.0107621813	0.0751013354	-0.0246536597	0.2152244855	-0.0100932893	0.0914543255	0.0480411252	-0.0266688901	0.0097765269	0.0097997458	0.0373191773	0.0636550661	-0.1121321994	0.0793072399	-0.0401156033	0.1914451629	0.149649173	-0.0094599916	-0.0408960901	0.0281141672	0.1353211177	0.0635354498	0.081619732	0.064504044	-0.0040701657	-0.0833889776	-0.0620555667	0.0603044478	-0.0422101022	-0.0222192565	-0.0349260713	0.083616597	0.0355337273	0.1016395393	-0.0830362051	0.1425342877	-0.133946506	0.0819045459	-0.0697715963	0.0675129932	-0.0727852248	0.1058885365	-0.0087694085	0.0329287614	0.0475322938	0.0416461031	0.0113392581	0.0035901151	-0.0519669627	0.0694953798	0.0975255396	-0.1105605139	0.0921013223	0.0892793062	0.0846398209	0.0782773129	0.0703213046	0.0609337573	0.0503057744	0.038653711	0.0262147696	0.3112067217379461	-0.0248539692740195	0.0968496236548794	0.0006177197886739	0.0268805552995132	0.0570099862697474	0.0007225642532101	0.0032501385344767	0.0200404858925082	0.0154633108588484	0.0004016210748078	0.0002391139827173	0.0031991209831255	-0.0015511903562343	2.406191521274604e-06	1.0234375064673866e-05	-0.0052720916707835	-3.5412430458700225e-05	1.2540402309922794e-09	2.779495058514476e-05	-0.0003450704797427	0.0001289985505985	1.1907363598985713e-07	1.664062605653956e-08	0.0	0.0	0.0	0.0	0.0	0.0	0.0	0.0	0.0	0.0	0.0	0.0	0.0	0.0	0.0	0.0	0.0	0.0	0.0	0.0	0.0	0.0	0.0	0.0	0.0	0.0	0.0	0.0	0.0	0.0	0.0	0.0	0.0	0.0	0.0	0.0	0.0
5452.28636235807	-16.35197806983615	29727426.57715579	267.3871867964024	11356.3363491759	17.531101148955713	128966375.27561378	307.33950749491635	5687.0970981128	-6.349948945956385	40.3218516162526	32343073.403363038	6391.096226621778	6772.142199720214	1.075113	30.706358	0.1427160835380115	0.0775068597117367	-0.0637911791	0.0053123596	-0.005108226	0.0380311219	0.0371128249	0.0014386916	0.0487593606	0.0094320364	0.0208386064	-0.0475100434	-0.0046485669	0.046121961	0.0803708182	0.0457628273	0.0013501857	-0.0803516116	0.0349005606	-0.0284817442	-0.0638100809	0.0802378055	-0.0934622741	-0.0095619826	-0.0274073847	-0.0157799145	0.0749727357	0.1144880751	-0.1183839466	0.0678727194	0.0089582335	0.0863335408	-0.0191908685	-0.0226113291	-0.0678815829	0.0625566223	-0.0351674169	0.0631382453	0.0614655823	0.0248558204	-0.0305937623	-0.0184947487	-0.0483051749	0.1416358721	-0.0567429667	0.0216825552	-0.0423281469	-0.0660560448	-0.0256458946	0.1049563239	-0.0115412261	0.0412888662	-0.0744085343	0.1685365478	0.0749125143	-0.0797327264	0.0685584339	0.034121461	-0.0036535692	0.0269462722	0.1194439805	-0.0024469034	0.0842258102	-0.0727686103	-0.0193173709	-0.0762208197	0.028807241	-0.079951047	0.0412844239	-0.0083797843	0.0392199147	-0.0488290733	0.0301053042	0.0280261373	-0.0517414168	0.0073148878	0.0601469656	-0.0263868748	0.0501028845	-0.0929094445	-0.0964045274	-0.1837821176	-0.0606576934	-0.1352231306	-0.0061170925	0.0547415352	0.0327391127	-0.0838429116	0.0501187572	-0.0425744806	0.0626737102	-0.0786124006	-0.0414762097	-0.0409487195	-0.0771101029	0.0065737262	-0.0267346186	-0.0058556901	0.0660514008	0.0168263444	-0.046241078	-0.0049229897	0.031489875	0.0434333885	-0.023413702	-0.0363339734	0.0990761245	0.0082984167	-0.032063576	-0.0294188773	-0.0018574228	-0.0186072139	0.064661108	0.0366836092	0.0611484703	-0.0715606167	0.090365465	-0.0569598554	0.0615049972	-0.0461124805	0.0328639066	-0.0469969804	0.0772141914	-0.034475892	0.0003353383	0.0208124117	-0.0039888406	0.0517015042	0.0294819558	-0.0203196213	0.0179240871	0.0445968759	-0.0334993857	0.0919127174	0.08853333	0.0829927534	0.0754262385	0.0660184918	0.0549991661	0.0426372543	0.0292345235	0.0151181479	0.279553855054047	-0.0316528666838991	0.0781503578755791	0.0010019039693086	0.028392655145268	0.0015120998457547	0.0008061428661981	2.2864459435316865e-06	0.0304104833423508	0.0103699974498426	0.0009247974971153	0.0001075368471097	0.0033300162887046	0.0001308953055791	1.713358102264597e-08	1.108900848303796e-05	-0.0040101139780279	0.0012619776927556	1.5925876970127484e-06	1.608101411677475e-05	0.0002456789130929	0.0005907493928356	6.035812833850871e-08	3.489848451356301e-07	0.0	0.0	0.0	0.0	0.0	0.0	0.0	0.0	0.0	0.0	0.0	0.0	0.0	0.0	0.0	0.0	0.0	0.0	0.0	0.0	0.0	0.0	0.0	0.0	0.0	0.0	0.0	0.0	0.0	0.0	0.0	0.0	0.0	0.0	0.0	0.0	0.0
5459.581348005596	7.2949856475261186	29807028.4954906	53.21681559761206	11341.177214330555	-15.159134845343942	128622300.60685058	229.7993692593209	5693.061378516004	5.964280403203702	35.572640728039715	32410947.859550543	6403.000191966643	6789.070609107131	0.993968	28.388786	0.1247116766413165	0.0622977831940727	-0.0603561679	0.0297925685	-0.0079115773	0.070469455	0.04353689	0.0952423104	0.0464844875	0.0241805681	0.0149387327	0.0349590079	0.0305552805	-0.0655536087	-0.0003527647	0.0407521245	-0.0182489619	-0.0620040822	0.0633040502	0.0137693226	0.0400218093	0.0409702842	-0.0007743818	-0.0714014627	-0.1652478867	-0.0425806155	-0.0856281624	-0.0340150015	-0.0480050105	-0.0369821104	-0.0650407429	0.0073155286	0.0977354604	-0.0101100028	-0.0204657648	-0.0531503231	-0.0728322858	0.0191521265	0.0421168244	-0.020792016	0.009129941	0.0167880501	0.019253715	-0.0337747858	0.0246124407	-0.0683373562	0.0726077	0.0381712421	-0.07850039	-0.0075771213	-0.0090994888	-0.0228292926	-0.0685385156	0.0908542436	-0.0816523477	-0.039853695	0.1556783448	-0.162931217	-0.0568793053	0.0818426606	-0.0085858142	-0.0827957488	-0.0293225223	0.056712982	-0.0396037463	0.0661678142	0.0819462009	-0.0100274228	0.0496940511	-0.0037497905	0.0205560574	0.0083852077	0.0862691027	-0.0148949837	0.0373436622	-0.1032767299	0.0035982935	-0.0545600441	0.0805436555	-0.05398732	0.0464387045	0.0291218817	-0.0672636085	-0.0619239709	0.0611702401	0.0196235633	0.0505752569	-0.0461721213	0.0173483841	-0.0423844562	0.1281331974	0.1088457303	0.006099403	0.0356790448	-0.0154474979	0.0310628695	0.1271694331	-0.0331289394	-0.1125267045	-0.1502090444	0.0160135854	-0.0399969641	0.0428559081	0.0742432743	-0.0545397493	-0.0362080069	0.0557874355	-0.0574892816	0.0674387441	-0.0373845127	-0.0044586743	-0.0248654796	0.0857151326	0.0231935502	0.070595478	-0.0660774388	0.092669517	-0.106598848	0.0532240272	-0.0535473541	0.0688463845	-0.0536292952	0.0649221967	-0.0654558125	0.0453796741	-0.0039922552	-0.0207025589	0.0499617236	0.0462673764	0.0701438433	0.0146951458	-0.0219440541	0.0427333566	0.0917071126	0.0877218577	0.0812075526	0.0723520068	0.0614105286	0.0486985645	0.0345826047	0.0194696168	0.0037953135	0.2743146341338445	-0.0052392209202025	0.0752485184999849	2.744943585068768e-05	0.0752085438961671	0.0468158887508991	0.0056563250749816	0.0021917274395365	-0.0070790477342441	-0.0374895310765949	5.011291682370653e-05	0.0014054649403429	0.0029481033623954	-0.0003819129263092	1.458574832820566e-07	8.691313435367062e-06	-0.0037590496145041	0.0002510643635238	6.303331463161085e-08	1.4130454004303424e-05	0.0003160423411323	7.036342803939998e-05	9.988276138838508e-08	4.951012005455819e-09	0.0	0.0	0.0	0.0	0.0	0.0	0.0	0.0	0.0	0.0	0.0	0.0	0.0	0.0	0.0	0.0	0.0	0.0	0.0	0.0	0.0	0.0	0.0	0.0	0.0	0.0	0.0	0.0	0.0	0.0	0.0	0.0	0.0	0.0	0.0	0.0	0.0
5461.750813300186	2.169465294589827	29830721.94658524	4.706579664429725	11370.029312445193	28.85209811463756	129277566.56586292	832.443565616672	5689.64977707664	-3.411601439363949	11.639024381070168	32372114.58578826	6400.006460865388	6812.906373586305	0.922322	26.342485	0.1393657780781367	0.0896965033544092	-0.0568486688	0.0036528928	-0.0122919242	0.0199222905	0.0523459891	0.0382806674	0.0547081999	0.0069653124	-0.0157053323	0.0413319026	-0.0040736091	-0.0623572852	-0.0555085524	0.0322268839	-0.0188891742	-0.0456373074	0.0710459351	0.042184794	-0.0375629072	0.0299069951	-0.0054521673	-0.0131390788	-0.0844406249	0.080438877	-0.0667991965	0.0201865642	0.0135053418	0.1098306295	-0.0805845245	0.0796950709	0.0748429472	-0.0367010591	-0.026220632	-0.0900077462	0.0536498918	0.1023028332	-0.0500639456	0.0145923704	0.0382658243	0.0940389177	-0.0412149498	0.0080996269	-0.0493281327	0.176927587	-0.0327000623	-0.00606334	-0.0241890157	0.1091942458	0.1143188934	0.1193267738	-0.0357618637	0.0873894591	-0.0031355048	-0.0451874788	0.037558576	0.0291215269	0.0148112699	-0.0217270178	0.1094220933	0.0230355708	0.0093018347	0.1529354509	-0.0714841886	0.0447554536	-0.0435481556	0.1530041175	0.0355874913	-0.0120731777	0.0069912973	0.0306438286	0.0567644824	0.0429770658	0.0177347961	-0.13980621	-0.0253530812	0.025174571	0.0133708762	-0.0439468056	0.0268913434	-0.0107841679	0.0666607723	-0.0814150351	0.0441940494	-0.0412497142	-0.024983182	-0.0679238283	0.0945067619	-0.0159867572	0.0681608366	-0.0677072648	-0.0766387655	0.0067450363	-0.1218201583	-0.1511074898	0.0928754703	-0.0704885448	0.075444531	0.0704974369	0.0448216278	0.0578137504	0.0569202097	-0.0185681829	0.0865651572	-0.0370593436	0.0120775729	0.1133240076	0.0443126787	-0.0333536629	0.0048160162	-0.0202557398	0.0703750176	0.0345705952	0.0521124902	-0.0579921592	0.0805928934	-0.0561812477	0.0594118971	-0.0350940967	0.0110402903	-0.0436255282	0.0710831935	-0.0387998078	-0.0124026863	-0.0337941889	-0.0186255724	0.0434465057	0.0573230797	0.0168635888	0.0142260487	-0.01480959	0.0583854276	0.0914845461	0.0868454896	0.0792871898	0.0690637132	0.0565187138	0.042073882	0.0262147696	0.0094744681	-0.0075843101	0.2706005644869549	-0.0037140696468895	0.0732246655006586	1.379431334194652e-05	-0.0108461607367473	-0.0860547046329144	0.0001176392027273	0.0074054121894581	-0.0057819307445114	0.0012971169897327	3.343072313432615e-05	1.6825124850532223e-06	0.0033043221621826	0.0003562187997872	1.268918333218334e-07	1.0918544951491093e-05	-0.0033182137122675	0.0004408359022365	1.9433629270075695e-07	1.1010542240280064e-05	0.0004849853752805	0.0001689430341482	2.352108142359674e-07	2.854174878719988e-08	0.0	0.0	0.0	0.0	0.0	0.0	0.0	0.0	0.0	0.0	0.0	0.0	0.0	0.0	0.0	0.0	0.0	0.0	0.0	0.0	0.0	0.0	0.0	0.0	0.0	0.0	0.0	0.0	0.0	0.0	0.0	0.0	0.0	0.0	0.0	0.0	0.0
5455.694122315586	-6.0566909845993	29764598.356268834	36.68350568292643	11369.655442841198	-0.3738696039945353	129269064.88892847	0.1397784807910306	5697.617009900127	7.967232823487393	63.4767988636549	32462839.59150327	6414.605497396037	6786.165164362535	0.913461	26.089405	0.0570017287928502	0.0242159286110209	-0.0677727648	0.0113446916	-0.0005666927	0.0397998532	0.0381445219	0.0498535859	0.0689593733	0.0221996783	0.0249481954	-0.0174950797	0.0416246241	-0.0149392258	0.0016837589	0.0479412572	-0.020966821	-0.0769362617	0.0737481971	0.0418977222	-0.0365086303	0.0070322322	-0.0002655262	-0.0633325426	-0.059207012	0.0626867508	-0.0557281318	-0.0331192848	-0.079295031	0.0586690948	-0.0023459641	-0.0319717422	0.1186094738	0.0258560187	0.0226753889	-0.0514277411	0.0340194467	-0.0613530677	-0.0657360589	0.00418883	-0.0924928862	0.0784682561	-0.0278047999	0.0144479479	0.0491385847	-0.0577057752	-0.266944692	-0.0408514698	0.069613891	0.0086759587	-0.0454458168	-0.0171713103	-0.0825886797	-0.080690074	0.0263820578	-0.0074989833	0.0100533375	0.0716159826	4.71314e-05	-0.0051969182	-0.0286050013	-0.062268111	-0.0499647343	-0.0059125174	0.0432820252	-0.0842522469	0.0331201897	-0.0766056078	0.0466420329	-0.0202695138	0.0191003579	0.0037959324	0.0725543387	0.0507471387	-0.0049736456	-0.0335600754	0.0653245464	0.0123003358	0.0168476044	-0.033767126	0.0845258199	0.0650481825	-0.0023994345	0.0292320149	0.1178174302	-0.0209327193	0.026459016	-0.0789770617	-0.1229726622	-0.1861678919	0.0423350266	0.0425645746	-0.0148521869	-0.0577702142	-0.0402479424	-0.0687323047	0.0265781973	-0.0256671567	-0.0547511374	0.1015061626	0.1300862894	-0.0184755431	-0.1059560925	0.0634020768	0.042009412	0.1428724181	0.0981682197	0.0544926676	0.0778609246	-0.0391527738	0.0101394563	-0.0265130242	0.084409756	0.0394470775	0.0540061255	-0.0601872908	0.0689667186	-0.0750276783	0.0688582618	-0.0371062358	0.0145261225	-0.0676150258	0.0719681109	-0.0180631656	0.0290454731	0.0066178384	-0.0216370328	0.0016777494	-0.0017829905	0.028936577	0.0518748511	-0.0196808245	-0.0090899512	0.0912450589	0.0859048739	0.0772348614	0.0655710866	0.0513656584	0.0351692048	0.0176095295	-0.0006327229	-0.0188504498	0.2619514035863375	-0.0086491609006174	0.0686185378408522	7.480798428476885e-05	-0.02279615728132	-0.0119499965445726	0.0005196647867946	0.0001428024174152	-0.0006717254759962	0.0051102052685152	4.512151151023215e-07	2.6114197886360507e-05	0.0030826276260724	-0.0002216945361101	4.914846734111668e-08	9.50259308102476e-06	-0.0031389161816575	0.00017929753061	3.214760448284392e-08	9.8527947954713e-06	0.0007098406301432	0.0002248552548627	5.038737202020952e-07	5.0559885639369774e-08	0.0	0.0	0.0	0.0	0.0	0.0	0.0	0.0	0.0	0.0	0.0	0.0	0.0	0.0	0.0	0.0	0.0	0.0	0.0	0.0	0.0	0.0	0.0	0.0	0.0	0.0	0.0	0.0	0.0	0.0	0.0	0.0	0.0	0.0	0.0	0.0	0.0
5444.641369051041	-11.052753264545572	29644119.637581997	122.1633547269228	11369.82077586894	0.1653330277422355	129272824.475381	0.0273350100624148	5686.731429446912	-10.88558045321497	118.49586180341583	32338914.35065933	6402.734906976005	6743.138908765229	0.935031	26.705467	0.0998683357586622	0.0558875359441112	-0.0611270196	-0.000728372	-0.0028553398	0.0512301447	0.0283815917	0.0102675328	0.0490366681	0.0101712724	-0.0005560027	-0.0027121782	-0.007384164	-0.0339462163	-0.0437309561	0.0585162128	-0.0096290578	-0.0399012636	0.0429266485	-0.0091980044	-0.0333492558	0.1017328322	-0.0285564103	-0.0117516682	-0.0785184437	-0.0433412013	0.0240246287	0.0677904715	-0.0841351879	0.1315628196	-0.0162028817	0.0532349733	-0.0137819484	-0.0985985401	-0.0097537958	0.0920517255	0.0498110913	-0.0677228931	-0.0136238059	-0.1616049086	0.0334809932	-0.0268143059	0.0055638444	0.0219447059	-0.1655022093	-0.0104795847	0.0031511073	-0.0029092167	0.0669904266	0.0108408225	-0.0414091404	-0.0156736305	-0.0274276456	0.1006416914	-0.0168454924	0.0435919224	-0.0704145939	-0.0240647515	-0.192009362	0.0358773475	-0.0895735476	0.0210488129	-0.1879592986	-0.034119422	-0.0910547818	0.120050128	0.0886261803	0.0103200668	0.0491141228	-0.0174960403	0.0054220699	0.0002636856	0.0449627866	0.0147400786	-0.0323570414	-0.0367867003	0.020338723	0.0585377738	0.0140189797	-0.0393731909	-0.0095638908	-0.1216036421	-0.0519850729	-0.122332466	0.0079344579	0.0171238667	0.1061543	-0.0459766217	-0.0413341635	-0.0344345671	0.0558124856	-0.1412059649	-0.001448837	0.0003647389	-0.0178995747	-0.0688496501	-0.0114845109	-0.0448645577	-0.0092690685	0.0147315649	-0.044374848	-0.0071718799	0.0314258652	0.0729249806	-0.1083055312	0.0813569488	0.030913987	-0.0687539073	-0.0006368518	-0.0372028403	0.0131411853	-0.0193078555	0.0659187899	0.0396298494	0.0403841305	-0.0469918424	0.0602406518	-0.0553151404	0.0591113424	-0.0258894943	0.007357864	-0.054693368	0.0765002544	-0.0296179917	-0.0036905295	-0.0179103227	-0.0155375222	0.029913626	0.0242133383	-0.0066043851	0.0162660713	-0.0076162493	0.0067580128	0.0909886953	0.0849007066	0.0750539832	0.0618844603	0.0459751808	0.0280304823	0.0088448147	-0.0107324316	-0.0298345303	0.243350678261109	-0.0186007253252284	0.0592195526101417	0.0003459869826245	0.0272364877910717	0.0500326450723917	0.0007418262671931	0.0025032655729399	-0.0077809791749032	-0.007109253698907	6.054363692027728e-05	5.054148815542287e-05	0.0029826973753997	-9.993025067270028e-05	9.986054999508716e-09	8.896483633216258e-06	-0.0028722799596974	0.0002666362219601	7.109487486115585e-08	8.249992166879296e-06	0.0008257883907531	0.0001159477606098	6.819264663025945e-07	1.3443883190450672e-08	0.0	0.0	0.0	0.0	0.0	0.0	0.0	0.0	0.0	0.0	0.0	0.0	0.0	0.0	0.0	0.0	0.0	0.0	0.0	0.0	0.0	0.0	0.0	0.0	0.0	0.0	0.0	0.0	0.0	0.0	0.0	0.0	0.0	0.0	0.0	0.0	0.0
5446.478677909292	1.8373088582511627	29664129.988920547	3.375703840608191	11328.511120854591	-41.30965501434912	128335164.21532616	1706.4875974045392	5692.283633390292	5.552203943379936	30.82696862888372	32402092.96296299	6399.518621528253	6727.740350908646	0.920563	26.292246	0.0628158955234738	0.0295012934288107	-0.0674418794	0.0259808558	0.0089238856	0.0767573352	0.0357406089	0.0723022895	0.0706289872	0.0328246189	0.039652222	-0.0268220434	0.0522478376	-0.0643002813	0.0257369372	0.0547990622	-0.0308368511	-0.037667343	0.0854543847	0.029668081	-0.0057345834	-0.0570268313	0.0594033904	-0.1038372401	-0.1056327989	0.0253935675	-0.0132509819	0.0442109679	-0.0427427729	0.04589224	0.0028502793	0.069762483	0.0343378424	-0.049502018	-0.0094113449	-0.0010980329	0.0433376765	0.0076642652	-0.0135088358	-0.0580127614	0.0061561936	0.0906345013	-0.0689337811	-0.0328701939	-0.0553779024	-0.0191144588	-0.0487658688	0.0045536466	0.0421720095	-0.0158413838	-0.0287126491	-0.0209298875	0.0739672677	-0.0651822662	0.0195585922	0.0450399304	0.0626683228	0.0198487656	-0.0554477289	0.1600313815	-0.068726038	-0.0145809172	0.0022872506	-0.1081395476	0.0377824863	-0.0272168914	-0.0960682903	-0.0632971761	0.0640814833	-0.0185101045	0.0049210077	-0.0292382022	0.0968970846	0.0104935215	0.0103727074	0.0122192888	0.0651795052	-0.0239577964	-0.0120694645	-0.082406451	0.0903143132	0.0356530709	0.0138700358	-0.0451834798	0.0482301473	-0.0808735473	-0.0183489782	-0.0600646354	-0.1241011338	-0.0881984948	0.0763778033	-0.0401902443	-0.0127088598	0.0586046887	0.0281689699	-0.0532538084	0.0722223127	-0.0489415397	0.0812989569	0.0157481959	0.0288399277	0.015446797	-0.085303021	0.0816513222	-0.0513041979	0.1543957882	0.0077402333	-0.0415664174	0.1319386517	-0.0444551544	0.0149618799	-0.0327108721	0.0921562629	0.046860647	0.0488055379	-0.0569772937	0.0749542787	-0.0743453291	0.069842031	-0.0259767244	0.0251834415	-0.1011342991	0.0717224102	-0.0257511172	0.0569963181	0.0152387454	-0.0242742579	0.0046398256	-0.013869188	0.0263990759	0.0339579934	-0.0245298142	-0.0469848626	0.0907155029	0.0838337306	0.072748185	0.0580147416	0.0403721968	0.0207052216	0.0	-0.0207052216	-0.0403721968	0.2449792668777632	0.0016285886166541	0.0600148411999663	2.6523008822955963e-06	0.0178322245665043	-0.0094042632245674	0.0003179882329902	8.844016679695087e-05	-0.0234627028124805	-0.0156817236375773	0.0005504984232667	0.0002459164562453	0.0025477373320496	-0.00043496004335	1.8919023931112077e-07	6.490965513119214e-06	-0.0026773399725914	0.0001949399871059	3.800159857288732e-08	7.168149328835719e-06	0.0009179147611905	9.212637043740004e-05	8.425675088114126e-07	8.487268129969056e-09	0.0	0.0	0.0	0.0	0.0	0.0	0.0	0.0	0.0	0.0	0.0	0.0	0.0	0.0	0.0	0.0	0.0	0.0	0.0	0.0	0.0	0.0	0.0	0.0	0.0	0.0	0.0	0.0	0.0	0.0	0.0	0.0	0.0	0.0	0.0	0.0	0.0
5446.796410989642	0.3177330803500808	29667591.14276965	0.1009543103487509	11316.17857703384	-12.332543820752107	128055897.5873196	152.091637090771	5687.860562551149	-4.423070839143293	19.563555648079756	32351757.779024675	6404.394012412977	6803.44068605493	1.02841	29.372471	0.0702114594974337	0.0346288594808124	-0.0661354276	-0.0061675273	0.0007741362	-0.0497926287	0.1009818522	-0.0119479055	0.0631542143	0.0186803101	0.0057234345	-0.0960151533	0.0398439015	0.062368443	0.0040033087	0.043093306	-0.0228844292	-0.0232343002	0.0398042317	0.0136083618	-0.0084794961	0.0441072315	-0.0350223993	0.0298494163	0.0005158923	7.32833e-05	0.0975070542	-0.006913608	0.0208912534	0.0975965319	0.0147927784	0.0253044147	-0.0209765633	0.061478814	-0.2346363152	0.0779329767	0.0770090152	0.0570534203	0.0650460037	0.037357557	-0.0318904189	-0.0606649886	-0.1187790793	0.0438283281	0.0421818604	-0.0510807532	0.086914214	0.0151074439	-0.0252050603	-0.0188415558	0.0716544063	0.0768630326	-0.0916510804	-0.1273152665	0.0526508992	-0.0100464032	-0.0539454842	-0.0146081364	0.0052914015	0.0725057692	-0.0283985767	0.0681718291	0.1157502489	0.0049642302	0.0085776535	-0.0820258186	0.094227187	-0.0695607678	0.0486063394	-0.0143165984	0.0061096653	-0.0579022722	0.0410780176	0.0662261816	-0.0368462632	0.0873660929	-0.0346037602	0.0077387382	0.0336974502	-0.045537747	-0.0477802776	-0.0809319919	-0.0349099465	-0.0946294577	-0.0124574704	0.0425033088	0.0675917993	-0.0746264404	0.1088474815	-0.0644984237	-0.0058198763	0.0346497506	-0.083023103	-0.0279844999	0.0723361866	0.0635813541	0.086849205	0.1221011769	0.0051007959	0.0193605717	-0.0744866944	0.0335251255	-0.1586628608	-0.0635476492	0.0056817225	0.0343202946	-0.0531711433	-0.0120878341	0.0044749955	-0.0389829813	0.0167403018	-0.0200586503	0.0718349427	0.0545473446	0.0330167303	-0.0438277622	0.0465628174	-0.0417879624	0.0753950283	-0.00971073	-0.0225983853	-0.0628241304	0.0796386365	-0.0297732346	-0.048841417	-0.0244343229	-0.0208749919	0.0600734891	0.015962243	-0.0112269166	-0.041898852	0.0106885311	0.0416210648	0.090425532	0.0827047351	0.0703213046	0.0539733795	0.0345826047	0.013242171	-0.0088448147	-0.0304331576	-0.0503057744	0.2592235040223443	0.014244237144581	0.0671968250376223	0.000202898291831	0.0289360163337875	0.0111037917672832	0.0008372930412692	0.0001232941916111	-0.0384827961410749	-0.0150200933285944	0.0014809255988355	0.0002256032035996	0.0028361499416608	0.0002884126096112	8.318183338274253e-08	8.04374649158256e-06	-0.0026762698903632	1.0700822282000942e-06	1.1450759751096785e-12	7.162420526064655e-06	0.0012252988144906	0.0003073840533001	1.50135718479207e-06	9.448495622319877e-08	0.0	0.0	0.0	0.0	0.0	0.0	0.0	0.0	0.0	0.0	0.0	0.0	0.0	0.0	0.0	0.0	0.0	0.0	0.0	0.0	0.0	0.0	0.0	0.0	0.0	0.0	0.0	0.0	0.0	0.0	0.0	0.0	0.0	0.0	0.0	0.0	0.0
5457.269667490747	10.473256501105425	29781792.22371457	109.68910173794704	11357.18308616171	41.00450912787164	128985607.65259764	1681.369768817709	5694.338458470993	6.477895919843832	41.96313554832936	32425490.479621805	6415.907959366322	6840.227130535612	1.088137	31.07835	0.0492081140317692	0.0284765210427814	-0.0820444152	-0.0306483975	0.0138119621	0.0263661008	0.0755031954	-0.0813340601	0.1026737531	0.0010138775	-0.0067929162	0.0142808328	0.000972161	0.0388101903	0.075073026	0.073508436	-0.0578906516	-0.058518833	0.0631628597	0.1244387275	-0.150678667	-0.006802892	-0.0466702679	-0.0699112256	-0.03754175	-0.0827720163	-0.0718995825	-0.0498787105	-0.0569636948	0.0632746032	-0.1758925728	-0.021472214	0.0402461343	-0.003542668	-0.004785502	-0.0096403854	-0.0430232834	0.0405854885	0.0325322164	0.0395151858	-0.0477870833	-0.0621050057	-0.1042681902	-0.0022368482	0.1763705088	0.0054950044	0.0571242368	-0.0460119333	-0.0372224505	-0.0416993187	0.0221313658	0.0892422727	-0.0060464733	-0.0836280606	-0.1054709314	0.0905594931	-0.0227839132	-0.1118683398	0.0379392819	0.0057201445	-0.0156923509	-0.0468155355	-0.0409488911	-0.0094497543	0.0750523681	0.0355994562	-0.043500715	-0.0814015598	0.0744566989	-0.0514357921	-0.0095049119	0.0869978366	0.0247873005	0.1935687883	-0.0244879646	-0.0995160985	-0.0064531163	0.0011430506	0.0449006159	-0.021890851	0.067463013	-0.0290894409	0.0090678911	-0.0667846662	0.0270495544	0.0322613509	-0.0050518447	-0.0269943989	-0.0095642537	-0.1448953354	0.09082759	0.1543992423	0.0394625743	0.1019420487	0.0211559741	0.0850974912	0.105567506	-0.0037243521	-0.0874565371	-0.0475271382	0.0017151343	0.0163389	0.0202548237	0.0642261718	-0.0162349331	-0.1064111919	-0.1471161415	-0.0026759111	-0.1020899744	-0.0502146279	0.0238422295	-0.0345547433	0.1014708417	0.1111075433	0.0437874611	-0.0724245143	0.0694967395	-0.0936903664	0.1182448011	0.039907154	-0.0039416857	-0.1117122255	0.0736844773	-0.0292494617	-0.1116792944	-0.0290042049	-0.0403992772	0.0229737495	0.0630758581	-0.0273239697	0.0773223181	-0.1483945121	0.1070758088	0.0901188363	0.0815145553	0.0677773814	0.049772331	0.0286331649	0.005690996	-0.0176095295	-0.0398011998	-0.0594866269	0.2620684972460196	0.0028449932236753	0.0686798972487869	8.09398644275848e-06	0.0252420986901569	-0.0036939176436305	0.0006371635462836	1.3645027557925431e-05	-0.0602949175049332	-0.0218121213638583	0.0036354770769267	0.0004757686383916	0.0029699773292586	0.0001338273875977	1.7909769671251732e-08	8.820765336310045e-06	-0.002393191792813	0.0002830780975502	8.01332093126406e-08	5.727366957187501e-06	0.0012250626636265	-2.361508641001049e-07	1.500778529811655e-06	5.5767230615226226e-14	0.0	0.0	0.0	0.0	0.0	0.0	0.0	0.0	0.0	0.0	0.0	0.0	0.0	0.0	0.0	0.0	0.0	0.0	0.0	0.0	0.0	0.0	0.0	0.0	0.0	0.0	0.0	0.0	0.0	0.0	0.0	0.0	0.0	0.0	0.0	0.0	0.0
5445.326977109672	-11.942690381075408	29651585.88763836	142.62785353823108	11379.638189821828	22.455103660116947	129496165.3312514	504.23168038659753	5692.893919832838	-1.4445386381548817	2.08669187712236	32409041.182469696	6411.08117163972	6741.909016718359	1.513916	43.239037	0.584637382908996	0.2995115685670589	-0.0277315462	0.0247056931	0.0038267468	-0.0115585191	-0.0689070743	-0.0101874224	-0.0021055622	0.0016776728	-0.0209124134	-0.0705725395	-0.1266139185	0.0179777215	-0.0062445189	0.0197790702	-0.0102297727	-0.0042715149	0.0192823492	-0.0662412524	-0.1128678824	0.0855583607	-0.0233922542	0.0624094847	0.0688342339	0.0164750691	0.0170281117	0.0888777754	0.0035874144	0.0919484769	0.0033974431	-0.0220073763	-0.0111677148	-0.0178200672	0.005271406	0.022795779	0.043176954	0.041175806	0.0595196951	0.0921595886	-0.0277384978	-0.0227378837	0.0437039806	-0.1226881355	0.0364388053	0.1239339551	0.0081141175	-0.0111143554	0.0137008737	-0.005590758	-0.0939065538	-0.0004468102	0.0282215017	-0.0466666853	-0.016178096	0.0033894016	-0.0249117191	0.0145452326	0.0143402004	0.0082029856	-0.0791736864	-0.0667359794	-0.0402332753	0.0956177318	0.017652646	0.0027518939	0.1302094933	0.0467260736	0.0105327528	-0.0070797409	0.0038824964	-0.0700359007	-0.0445929631	0.0485188094	-0.1116695827	-0.1322261428	-0.0004152731	0.1297143702	-0.1136811672	0.010089328	-0.0628911595	-0.0470192807	-0.0622768024	-0.010070344	0.0048941966	0.0197556841	-0.0663327851	-0.1033085606	-0.0304411553	0.1090821657	0.0896370386	0.0066565281	-0.0033533183	0.0821710082	0.0389073524	-0.0014719719	-0.0136814301	0.0707756382	0.0397534301	0.0937483593	-0.0051652153	0.0918677579	0.0920695707	-0.0458275286	0.0523071093	-0.0075099689	-0.153148914	-0.0009538171	-0.0747649371	-0.0240107082	0.0116976416	-0.0035758543	0.0060247114	-0.0841481639	0.0192516691	-0.0174834136	0.0370922651	0.1451082766	-0.0432977125	-0.0018343239	0.0189011363	-0.0311004238	-0.0307969896	0.0624506642	-0.0449089001	-0.0052474635	0.040176715	-0.072171157	0.0864103926	-0.0706518617	0.0108087992	-0.0560742812	0.1099014805	0.0897954726	0.0802640719	0.0651206494	0.0454240252	0.022551377	-0.0018980517	-0.0262147696	-0.0486985645	-0.0677773814	0.0406705633401855	-0.2213979339058341	0.001654094722408	0.049017045137772	-0.0398522216512304	-0.0650943203413873	0.0015881995705387	0.0042372705407071	-0.0228069277001736	0.0374879898047596	0.0005201559511209	0.0014053493796017	0.0010080185862559	-0.0019619587430027	3.849282109244734e-06	1.0161014702373434e-06	-0.0002529426416375	0.0021402491511755	4.580666429107448e-06	6.397997995855674e-08	0.0001141277806644	-0.0011109348829621	1.3025150319381397e-08	1.2341763141820147e-06	0.0	1.0	0.0	0.0	0.0	0.0	0.0	0.0	0.0	0.0	0.0	0.0	0.0	0.0	0.0	0.0	0.0	0.0	0.0	0.0	0.0	0.0	0.0	0.0	0.0	0.0	0.0	0.0	0.0	0.0	0.0	0.0	0.0	0.0	0.0	0.0	0.0
5437.832014458748	-7.494962650924208	29570017.017472483	56.17446513874883	11417.33499083227	37.69680101044287	130355538.29288292	1421.0488064209264	5697.20149179157	4.3075719587322965	18.555176179656797	32458104.83807209	6415.742897157824	6722.872169840671	1.228487	35.086891	0.2897506773703766	0.1369717019071542	-0.0187874561	0.0707866333	-0.0056923649	0.0389398107	-0.1529475042	0.1139519102	-0.022353707	0.0021290515	-0.0152589094	0.0085989659	-0.0702478395	0.0014158515	-0.1320046797	-0.0050453872	0.0282521108	0.0710912707	-0.0055236183	-0.1437594385	0.1286154301	-0.0207068267	-0.0303330195	-0.0171518183	0.0437742995	-0.0371251708	-0.0785459835	-0.0004836193	0.0217116405	0.0056766006	-0.0105438037	-0.0814924098	0.1509313695	-0.0808160191	0.1484276147	-0.0041987023	-0.0009490564	-0.0827213578	-0.0754295797	-0.0476855226	0.0323131978	-0.0618076641	0.0291347851	-0.0208875396	0.0271844168	-0.0695999648	-0.0314052161	0.0848635171	-0.1079949821	-0.1128010002	0.0779263432	0.0291258544	0.0672115524	-0.0384550991	0.0658791278	0.0469781063	-0.1228962342	-0.0715979877	-0.0551626501	0.026448483	0.059860124	0.0751455087	0.0918755399	0.086173214	-0.0679656728	-0.0713729702	0.0645835251	-0.053426069	-0.0071875146	0.012488428	-0.0010194546	-0.0593054835	-0.0592010433	-0.1261736631	0.0846249293	-0.0927170281	0.0870162942	0.1007936366	-0.0521723859	0.06698447	-0.0099884107	0.1365227219	-0.0957106826	0.0521606235	-0.051425175	0.0416521524	-0.0089950917	-0.0140380219	-0.0220248367	0.0240842603	-0.036904202	0.0258158633	-0.0337549497	-0.0050013952	0.0573204595	0.0288956536	0.0704908492	-0.1361902648	-0.1117689584	-0.0393906848	-0.0403026254	-0.0505582099	0.0952712569	-0.0836650795	-0.0182173207	-0.0447428258	0.0078373709	0.0652149822	0.0316155493	-0.0233057077	-0.0042508199	0.0002981515	-0.0364828652	-0.1707653665	0.0010092364	0.0647081523	-0.0158942943	0.0435754932	-0.080412544	-0.0291618414	0.0985177904	0.0687283832	-0.070592907	-0.0010983904	0.0377228323	0.0080217901	0.0363218664	-0.0330990691	0.0523613609	0.0641013789	0.0148681496	-0.0342362373	0.097859833	0.0894555007	0.0789542098	0.0623555305	0.0409413271	0.0163653521	-0.0094744681	-0.0345826047	-0.057020034	-0.0750539832	-0.038622484851686	-0.0792930481918715	0.0014916963361187	0.0062873874915584	0.0360654936981461	0.0759177153493765	0.001300719835691	0.0057634995038689	0.0298441290686284	0.0526510567688019	0.0008906720398649	0.0027721337788716	4.426737879267725e-06	-0.0010035918483766	1.0071965981280252e-06	1.959600825174372e-11	-0.0004400009107712	-0.0001870582691337	3.4990796051295746e-08	1.936008014794855e-07	-0.0003329992430318	-0.0004471270236961	1.1088849585975178e-07	1.999225753194222e-07	0.0	0.0	0.0	0.0	0.0	0.0	0.0	0.0	0.0	0.0	0.0	0.0	0.0	0.0	0.0	0.0	0.0	0.0	0.0	0.0	0.0	0.0	0.0	0.0	0.0	0.0	0.0	0.0	0.0	0.0	0.0	0.0	0.0	0.0	0.0	0.0	0.0
5449.8879600467135	12.055945587965653	29701278.77706213	145.34582401998847	11392.98803025849	-24.34696057378096	129800176.25761324	592.7744891812446	5683.822147461885	-13.37934432968541	179.00685469228512	32305834.203978237	6399.562141962731	6764.307440508519	1.052445	30.05895	0.1484669612097313	0.0783131886623138	-0.0396823815	0.0306261835	-0.0494860968	-0.0768484957	-0.0312678353	0.1164899178	0.0003088382	0.0063313	-0.0044752312	0.0611025877	-0.0042962574	-0.092033829	-0.1432912271	0.007592953	0.0160113089	0.0190946029	0.0054190291	-0.0572741981	0.1066701181	-0.0442065771	0.063029449	0.1302260178	-0.0790684316	0.1294018598	-0.0670421343	0.0004274666	-0.010604737	-0.0120841168	-0.041847666	0.0157390316	0.0238787165	-0.0542569859	-0.0284949407	0.0737569673	-0.0333485728	-0.0399315233	-0.0913597684	-0.0004887182	0.1146571879	0.0732718043	0.0854545556	-0.0516066689	-0.0515240919	-0.0241896643	0.0011070689	0.0278694493	-0.0834120749	-0.0438254642	0.0019921688	0.0219492636	0.1250968258	0.0229165176	0.0065684092	0.0129604588	0.0578664141	0.0769537946	-0.0986382398	-0.0283784639	0.0457090185	0.0380571768	0.0156339483	-0.0620761818	-0.1010915667	0.0371764071	0.0081054085	0.1137481813	0.0215813017	0.0041623414	-0.0019096402	-0.0285590549	0.0135015619	-0.1047840111	0.1161510267	-0.0845025781	-0.1657184669	0.0352082439	0.0404322924	0.0125776487	0.0087482562	0.0409561783	-0.01505883	0.0033524432	0.0561899822	-0.0597671189	0.0204280865	0.0588675089	-0.0354835229	0.1089301753	-0.0266110418	-0.0379557694	-0.0720895295	0.0451596589	0.0592351766	-0.0699396346	0.0118848633	-0.0489896869	0.0013943832	0.011748103	-0.0629963813	-0.0485363025	0.0368956059	-0.0440525646	-0.0852339331	-0.0613954526	0.1116248945	0.0258818894	0.0394303572	-0.0278577983	0.01370045	-0.0145245701	-0.0074624847	-0.1249315932	0.0024204676	0.0567659682	-0.0230258923	0.0052036235	-0.0239107556	-0.0122585845	0.0602107127	0.0361816555	-0.0467486675	0.0006890774	0.0524725802	-0.0610003845	-0.0565165613	0.0135636799	0.1090010734	0.0385267102	-0.0730433005	0.0322560133	0.0144523481	0.0890989834	0.0775859381	0.0594866269	0.0363374993	0.0101036834	-0.0169878336	-0.0426372543	-0.064667201	-0.0812075526	0.0219943587867703	0.0606168436384563	0.0004837518184411	0.003674401732689	0.0275148963316098	-0.0085505973665363	0.0007570695201392	7.311271532461753e-05	0.020366913392273	-0.0094772156763554	0.0004148111611283	8.981761697615654e-05	-0.0001610253835024	-0.0001654521213816	2.7374404469694113e-08	2.5929174132094996e-08	0.0001899784661023	0.0006299793768735	3.968740152859233e-07	3.609181758258275e-08	0.0002680153492807	0.0006010145923125	7.183222745005561e-08	3.612185401725606e-07	0.0	0.0	0.0	0.0	0.0	0.0	0.0	0.0	0.0	0.0	0.0	0.0	0.0	0.0	0.0	0.0	0.0	0.0	0.0	0.0	0.0	0.0	0.0	0.0	0.0	0.0	0.0	0.0	0.0	0.0	0.0	0.0	0.0	0.0	0.0	0.0	0.0
5456.547438288907	6.659478242193472	29773909.946297232	44.34865045824826	11432.311426279495	39.323396021005465	130697744.54744072	1546.3294746248284	5698.83123631297	15.009088851084924	225.2727481397618	32476677.45997641	6411.880638456762	6828.045944213867	0.991155	28.308443	0.0448503742382892	0.021154968466979	-0.0370885894	0.0361732346	-0.0223505031	-0.1358659299	-0.0704067629	0.0093896173	0.0116352415	-0.0175342058	-0.0139796261	0.0171387826	-0.0477805127	0.0848387067	-0.0902509509	0.0121012516	-0.0004546116	0.0445088064	0.0110951998	-0.0678661108	-0.0061260276	-0.1131640344	-0.1223364616	0.0857804707	0.0923511702	-0.0237761183	-0.0485124991	0.0712177148	-0.0251668024	0.0095224259	0.0054130152	0.0791733404	-0.0543174908	-0.0968869764	0.0350422569	0.0258396794	-0.0379780444	-0.0045811761	0.0196759829	0.0453811561	0.0721004355	0.0891540468	-0.0157798824	-0.0499919216	-0.0305917397	0.0406760324	0.1174768153	-0.0517555419	0.0001397141	0.116906852	-0.039768371	-0.0815913713	0.0266890993	-0.0279404528	-0.0254410576	-0.0392162011	0.0172095224	-0.1138553776	0.0409685296	0.0734891123	0.1256715128	-0.047909416	0.1021458396	-0.0663205261	-0.0970647132	0.0372541267	-0.0794354418	0.0004897241	0.0064486292	-0.0076846084	-0.0143957976	-0.0327466656	-0.0897656014	0.0309612204	0.1238683755	-0.0725947467	-0.057454674	0.0831685957	-0.018128008	0.0123665952	-0.123389116	0.0128165358	0.018368653	0.0136210732	-0.0715374936	-0.0116305577	-0.0514721577	0.0413207377	0.0089929786	0.0291640202	0.0201985138	-0.0245410128	-0.0401337426	-0.0244269665	0.0054330398	0.0375478656	0.0445185068	-0.0108352291	0.076400927	0.0113968362	-0.053196955	0.0963297055	-0.068402053	0.0119518562	0.0080808607	-0.1431435786	-0.014340168	-0.1427366871	-0.0074314193	-0.0298461149	0.0067898276	-0.0105030984	-0.0136979941	-0.1424573602	0.0018427088	0.0612151827	-0.0126969669	0.0229902838	-0.0273444668	-0.0046693567	0.0666374708	0.0796421776	-0.0129202972	0.0155493623	-0.0563324093	-0.0198160862	-0.0254767075	-0.0195492712	0.0924747891	0.0022281964	-0.0201590186	0.0388926773	0.046131972	0.0887259867	0.0761602691	0.0565187138	0.0316261628	0.0037953135	-0.0243881477	-0.0503057744	-0.0715496322	-0.0861460138	0.0223062596539449	0.0003119008671745	0.0004975692197492	9.728215094426739e-08	0.0408927232270741	0.0133778268954643	0.001672214812926	0.000178966252445	0.0275541352501633	0.0071872218578903	0.0007592303693842	5.165615803453611e-05	-0.0002455215146129	-8.449613111049999e-05	7.1395961726428046e-09	6.028081413781248e-08	0.0004209872903759	0.0002310088242735	5.336507689227099e-08	1.7723029865804232e-07	0.0001040518123096	-0.0001639635369711	1.0826779644912224e-08	2.688404145607328e-08	0.0	0.0	0.0	0.0	0.0	0.0	0.0	0.0	0.0	0.0	0.0	0.0	0.0	0.0	0.0	0.0	0.0	0.0	0.0	0.0	0.0	0.0	0.0	0.0	0.0	0.0	0.0	0.0	0.0	0.0	0.0	0.0	0.0	0.0	0.0	0.0	0.0
5450.445462343573	-6.101975945333834	29707355.737981647	37.23411043743273	11400.913204270966	-31.398222008529046	129980821.89132006	985.8483452968778	5693.709086672527	-5.12214964044324	26.236416939092813	32418323.163657296	6415.104615403654	6788.397055145989	0.974727	27.839228	0.1216527914145462	0.0808983780442068	-0.0393461546	0.0232340779	-0.00119551	-0.0112774806	-0.1303101606	-0.041843653	0.0157773468	0.0001611637	-5.4622e-06	0.0208633376	-0.044485672	0.0420756999	-0.1220707019	0.0196595636	0.001518816	0.0428291302	0.0217931207	-0.1029208895	-0.019911816	-0.1846078606	-0.1075607011	0.0685656754	0.0348405365	-0.0789703317	0.0045455992	0.0571552191	0.0224140954	-0.0114570016	-0.0390297903	0.0136769414	0.0774638822	0.0570302936	-0.0295092433	-0.069588894	-0.0241788991	0.0645596026	0.0171106154	0.0313534612	-0.1113037292	-0.0969657504	-0.0089960715	-0.0552845893	0.1270291124	-0.0303082204	-0.0080634537	-0.1089825232	0.0766387738	0.0185899537	0.0041802953	-0.0176515	-0.1157865628	-0.0169098618	0.1547971251	-0.1060656006	-0.0810307536	-0.0292051653	-0.0096519547	-0.0137699149	-0.0187946683	-0.0277585857	-0.0285547273	0.057910429	0.0034736323	0.0245676636	-0.0450440925	0.0446008351	0.012248796	-0.0099864534	-0.0059209913	-0.0145299522	-0.0854376169	0.0304092065	0.1122491883	-0.0659368661	0.0278760934	0.1258618702	-0.0517257179	0.0175456952	-0.0223559638	-0.0447094189	0.003860851	0.0639011768	0.0042425178	0.0601756636	0.028714588	0.031924984	-0.0143467938	0.0419073964	-0.0120514986	0.0381157825	0.0281232958	0.0366676486	-0.0283854097	-0.0201690738	-0.0862217551	0.0013316349	-0.0106140863	-0.1048229948	0.027723415	0.0823187701	-0.0200608426	-0.0459796412	0.0370979717	0.1199248861	-0.061551458	0.06815478	-0.0757535094	-0.0310878645	0.0111535225	-0.014863766	-0.0097146592	-0.1216317439	0.0021319517	0.0613610002	-0.0134755384	0.002693335	-0.0139118187	0.005329323	0.0352041722	0.0422644995	-0.0195132241	0.0324601564	-0.0334881894	0.0126248263	0.0217871179	-0.0606399255	0.0019636642	-0.0089529904	0.0536857774	-0.0006424393	0.0184354242	0.0883365796	0.0746782574	0.0534567308	0.0268212567	-0.0025305991	-0.0316261628	-0.0575187176	-0.0775859381	-0.0897954726	0.0155967110280244	-0.0067095486259205	0.0002432573948916	4.501804276359168e-05	-0.0380312707882666	-0.0789239940153407	0.0014463775577704	0.0062289968313335	0.0171128417860799	-0.0104412934640834	0.0002928493539954	0.0001090206092031	4.998011452771142e-06	0.0002505195260656	6.276003294016849e-08	2.4980118482031502e-11	0.0002480001012941	-0.0001729871890817	2.992456758642241e-08	6.150405024188388e-08	1.599942127303844e-05	-8.805239103656156e-05	2.5598148107215496e-10	7.753223567255546e-09	0.0	0.0	0.0	0.0	0.0	0.0	0.0	0.0	0.0	0.0	0.0	0.0	0.0	0.0	0.0	0.0	0.0	0.0	0.0	0.0	0.0	0.0	0.0	0.0	0.0	0.0	0.0	0.0	0.0	0.0	0.0	0.0	0.0	0.0	0.0	0.0	0.0
5446.48736384694	-3.958098496633284	29664224.604544383	15.66654370905066	11415.80292246293	14.889718191963766	130320556.36451316	221.70370783609675	5688.765577876834	-4.943508795692651	24.438279213090603	32362053.80003635	6404.00638661486	6700.900514046522	0.920785	26.298584	0.081184881811759	0.0421343717101979	-0.0408461978	0.0395152626	-0.0127884853	0.0385866558	-0.1110266072	0.09470082	0.0273817482	-0.0039865241	0.0146157247	-0.0291164397	-0.0076606748	0.0297885853	-0.0640897012	0.0129142012	0.0108117944	0.0157809791	-0.0321425502	-0.134526399	0.1073314377	-0.0017385689	-0.0257635142	-0.0622233144	-0.0040195186	-0.0230525944	0.0270008709	0.095335555	0.0219218042	-0.1398611731	-0.061982077	-0.0299465999	0.0550430389	-0.0877829811	0.1778902345	0.0366633521	-0.0111352955	-0.1376214444	0.0133294315	-0.0486075528	0.0556961683	-0.0253766015	-0.0243692474	-0.0283193996	-0.0414213098	0.0427451956	-0.0788832602	0.0077262502	0.0199092019	0.0577886954	-0.1702229651	-0.0146030225	0.0849740363	0.0807119004	0.1711089102	-0.0422080573	0.094120228	0.0065410545	-0.0073277931	-0.0446995161	-0.2562052792	-0.0064187228	-0.0340845453	0.0234208285	0.022942661	0.1459841517	-0.0269761704	0.0625313486	0.010806047	-0.0041962772	0.0249185708	-0.0685113389	-0.0312322168	-0.1063013207	0.0561683183	-0.0057511408	0.1162755044	0.0610994281	-0.0841160606	-0.0042530274	0.0252083708	0.0718290325	-0.0712400751	0.0825010303	0.0262645162	-0.0168253045	-0.1289862074	0.0328740418	-0.037392339	-0.0465841264	-0.0176588193	-0.0645638627	0.0345504666	0.016852401	0.1121883143	0.0362319021	-0.0611802701	-0.1668189585	0.0263645413	0.0846365763	-0.0284402518	0.027587504	0.114045998	0.0632516648	-0.0252575005	0.116897638	0.0786162008	-0.0343102333	0.0702869036	-0.0304737151	0.0098293361	-0.0110429208	-0.0111250894	-0.1224892567	0.004331014	0.0599546149	-0.002694613	0.0215870137	-0.0345326199	-0.0125100471	0.0590704971	0.0501712782	-0.0649063991	0.0329055152	0.0625805398	0.0073851377	0.0120294765	-0.0532843356	0.0080123699	0.0283593051	0.0288209057	-0.0152684857	-0.0086246674	0.0879308341	0.0731409993	0.0503057744	0.0219369967	-0.0088448147	-0.038653711	-0.0642107624	-0.0827047351	-0.0921013223	-0.024204199475676	-0.0398009105037004	0.0005858432722583	0.0015841124769235	-0.0447030603462792	-0.0066717895580126	0.001998363604323	4.451277590640605e-05	0.0286256180005182	0.0115127762144383	0.0008194260059115	0.0001325440161637	0.0001189969612945	0.0001139989498417	1.2995760565017012e-08	1.416027679732473e-08	3.800926660013637e-05	-0.0002099908346939	4.4096150655467574e-08	1.4447043474802423e-09	0.0001559977474495	0.0001399983261764	2.4335297209317986e-08	1.959953133221092e-08	0.0	0.0	0.0	0.0	0.0	0.0	0.0	0.0	0.0	0.0	0.0	0.0	0.0	0.0	0.0	0.0	0.0	0.0	0.0	0.0	0.0	0.0	0.0	0.0	0.0	0.0	0.0	0.0	0.0	0.0	0.0	0.0	0.0	0.0	0.0	0.0	0.0
5436.910347666571	-9.577016180368446	29559994.12856384	91.719238919039	11379.9640608807	-35.83886158222958	129503582.02693637	1284.4239995102116	5675.583215959551	-13.182361917282831	173.77466571822873	32212244.84128176	6401.226460596497	6816.85606143696	1.037238	29.624607	0.0873151721984629	0.0501391440601498	-0.0421806965	0.0144667661	-0.018218966	-0.1267339367	-0.0241988986	0.0254228834	0.0202456533	0.0109789376	-0.0223002619	-0.0520549139	0.0037206131	0.0746086982	-0.084550279	0.0219459238	0.0117230611	0.0159414566	0.0118102741	-0.0702303414	0.052380324	-0.1222580017	-0.0323100197	0.0736897815	-0.0172975569	0.1160660107	0.0614854275	0.0299787943	-0.030104842	0.1354844742	0.0090395069	0.0178242175	-0.0677986653	-0.0196874074	0.0372801544	-0.0637610855	0.0485502521	0.0634695537	-0.0581380191	-0.0071664053	-0.0249983454	0.0110645997	0.0918313076	0.1114685987	-0.0183594547	-0.0419773048	0.0586913885	0.0260254103	-0.0902056644	0.0788862407	-0.0816829719	-0.0401757728	-0.1273096223	-0.0028954585	0.0242248248	-0.0432316714	0.0199823914	0.0374860397	0.0063249553	0.0468476766	0.0969361825	-0.0082241954	-0.1475023774	0.0389674858	0.0469704703	-0.0828846343	0.0360690881	-0.0515272163	0.016987832	-0.0019796221	0.0064012252	-0.0583788237	-0.0304424294	0.0059116737	0.0917378392	0.0201564001	-0.0548037619	0.1277420842	-0.024889621	-0.0291955049	-0.040222319	-0.0023177964	0.0140681727	-0.1027867093	0.0430755998	0.0082032215	0.0302725668	-0.0080402801	-0.0020596954	0.1323266024	-0.1263169299	-0.0615850932	0.0154988372	-0.071937792	-0.0783568519	0.0106900667	-0.0626107149	0.0053354985	-0.0553772189	0.0767421933	-0.0119118519	-0.0191935216	-0.0487335015	0.0372966501	0.0386908867	-0.0050760638	0.0087616942	0.0425105776	0.0529889132	-0.0309165458	0.0102553649	-0.0154155222	-0.0028641157	-0.110708874	0.0064933747	0.0535414673	-0.0146864652	0.0179697346	-0.001689433	0.0037008918	0.0106837627	0.0479311286	-0.0237870669	0.0242268893	-0.018579173	-0.0151244637	-0.0253032684	0.0031751245	0.0714878517	-0.022662188	-0.0258991963	0.0697533534	-0.0279703435	0.0875088252	0.0715496322	0.047071089	0.0169878336	-0.0151181479	-0.0454240252	-0.0703213046	-0.0868454896	-0.0930290603	0.0203566745948506	0.0445608740705266	0.0004143942005606	0.0019856714979293	-0.0379833196924721	0.0067197406538071	0.0014427325748605	4.515491445442788e-05	0.0231177140834972	-0.0055079039170209	0.0005344287044463	3.0337005559135262e-05	4.456153409699548e-06	-0.0001145408078848	1.3119596670902764e-08	1.9857303210776907e-11	0.0005220003565036	0.0004839910899034	2.342473751059426e-07	2.7248437218988546e-07	0.0001679989208034	1.200117335390001e-05	2.8223637391107073e-08	1.4402816187035963e-10	0.0	0.0	0.0	0.0	0.0	0.0	0.0	0.0	0.0	0.0	0.0	0.0	0.0	0.0	0.0	0.0	0.0	0.0	0.0	0.0	0.0	0.0	0.0	0.0	0.0	0.0	0.0	0.0	0.0	0.0	0.0	0.0	0.0	0.0	0.0	0.0	0.0
5439.881363778653	2.9710161120819976	29592309.251986302	8.82693673825083	11372.17036905094	-7.793691829760064	129326258.9027202	60.741632337268776	5686.258754489725	10.67553853017398	113.96712290922925	32333538.62301104	6395.689065601411	6735.511502292708	1.127405	32.199871	0.0984965047441515	0.0527503496202689	-0.0472646926	0.0311978432	0.0169150885	0.0157739307	-0.1817995335	-0.0718582683	0.0158204586	-0.0113828731	-0.004076752	-0.0179058671	-0.0530585176	0.1183307098	-0.0086574071	0.0119401888	0.0030553132	0.0218202694	-0.0249928415	-0.1166102118	-0.0271162704	-0.1168574954	-0.0131344655	-0.1494111123	0.0512492936	-0.0009591054	-0.0427596082	0.0183882963	0.1222449047	0.063231726	0.0497677324	0.0029243394	-0.0066790744	-0.0172706278	0.0967521748	0.0951660137	-0.0949080329	0.045154048	-0.0196065898	0.0647185613	0.0690523316	0.0357796138	-0.0228409663	0.0122746425	0.0027351493	-0.0008878205	-0.01799831	0.1280627334	0.0452138843	-0.1336856085	-0.098116949	-0.0495730793	-0.0183938962	-0.1137329011	-0.1357577347	-0.0414953235	0.0130259404	0.022432571	0.1470102222	-0.1147839023	0.1260068349	0.0906258785	-0.0146046671	-0.1405348875	-0.0512968739	0.0355256915	-0.0346006975	0.0648455327	0.0093604374	-0.0153138562	0.0069256162	-0.0734204763	-0.1197747291	0.0265744846	0.0812226336	0.0307891476	0.1570110832	-0.01925104	-0.0405293546	-0.0221714964	-0.0045214487	0.1194823089	0.024607661	-0.0298508324	-0.0496478914	-0.0918979143	-0.0382380727	0.0091822392	0.0049813181	0.03077527	0.0416487083	0.0115501146	0.1068532978	0.044617449	0.1128456903	0.016542541	-0.1125990143	0.0040995487	0.0084609941	-0.0078487924	0.1035670741	-0.083694955	-0.0723437954	0.0245134224	0.0289471676	-0.0194465499	0.0604846897	-0.0317255416	-0.00446668	-0.0316971516	0.0058814279	-0.0172854024	-0.0099337661	-0.1209547359	0.0065774874	0.0601359474	0.0015306951	0.0103887241	-0.0178381317	0.0212249088	0.0404255231	0.0507553195	-0.0373796205	0.0401307692	-0.0302553295	0.0861517667	0.0454756905	-0.1030642019	-0.0456595912	-0.0304037425	0.087392934	-0.036450889	-0.0209574302	0.087070631	0.0699053334	0.0437580584	0.0119884099	-0.0213216021	-0.0518920499	-0.0757950062	-0.0899592343	-0.0925648049	-0.0293195123160359	-0.0496761869108865	0.0008596338024501	0.0024677235460053	-0.042260702538627	-0.0042773828461548	0.0017859669790583	1.8296004012580187e-05	0.007601097928962	-0.0155166161545352	5.77766897256704e-05	0.0002407653768871	-0.000142032628595	-0.0001464887820046	2.1458963253220392e-08	2.017326758560521e-08	0.0002179791291929	-0.0003040212273106	9.24289066555043e-08	4.7514900763695e-08	0.0002980152881395	0.000130016367336	8.88131119648692e-08	1.6904255775275686e-08	0.0	0.0	0.0	0.0	0.0	0.0	0.0	0.0	0.0	0.0	0.0	0.0	0.0	0.0	0.0	0.0	0.0	0.0	0.0	0.0	0.0	0.0	0.0	0.0	0.0	0.0	0.0	0.0	0.0	0.0	0.0	0.0	0.0	0.0	0.0	0.0	0.0
5453.786246121617	13.9048823429639	29743784.418385323	193.34575297166927	11374.253059231503	2.082690180563077	129373632.65543722	4.337598388213862	5697.302450688803	11.043696199078113	121.96322573753235	32459255.214624643	6405.174620665358	6747.612587205792	1.058819	30.240997	0.1196304755867829	0.0851136013855057	-0.0415967702	0.029539417	-0.0124079617	0.017645406	-0.0751232802	0.0684727165	0.009395656	0.0297218317	0.033462461	-0.0498484584	0.0248070128	-0.0027161823	-0.0710449134	0.0126353048	-0.0091008516	-0.0128592376	0.0054855695	-0.1015606949	0.126078398	0.0321770887	-0.0341437983	0.084998483	0.0228258401	-0.0834524448	0.0486476405	-0.0789355239	-0.0404689002	-0.0683142626	-0.0038702154	-0.0260531481	-0.0490102879	0.0517112873	-0.0624038251	0.0058719721	0.0573395215	-0.1006391034	-0.0412168504	-0.0531427989	0.0182156729	-0.0595265972	-0.0337702787	0.0494542614	0.0099753302	0.1140697018	0.0498072047	0.1737682349	0.0138218324	-0.0393529099	-0.0133590911	-0.0190223246	0.1240099767	-0.1366677863	0.0203391811	0.0157877138	0.0292760852	0.0645637804	0.0424817025	0.1067474642	0.0501432584	0.0256832707	-0.0684890488	-0.1161311344	0.0281346408	-0.0220649911	-0.0696332909	-0.1186108232	0.0152598253	-0.0041483076	0.040273609	-0.1160885292	0.0426346721	-0.1247515092	0.0446553266	0.0706991817	0.0286770351	-0.0064606387	0.0062765373	0.009684242	-0.0472167919	-0.1006733877	-0.0029864698	0.0332718844	-0.0101148736	0.0588213805	0.0927066126	0.0950239396	0.0084050219	0.0118571812	-0.0187728056	-0.0284437942	0.0142692966	-0.1047146697	0.081873973	0.1411446512	0.0198423027	-0.0186328189	0.0236257344	-0.0636733707	0.0110308855	-0.0283054669	-0.0255798425	-0.0525738162	0.0758171898	0.0164043809	-0.0772977131	-0.0830737048	0.1922471669	-0.0312800195	0.009483364	-0.0151735262	-0.0073832809	-0.1111138112	0.0072979948	0.0520423514	0.0044511273	0.0032675386	-0.035692932	-0.00747016	0.0186721858	0.0246787912	-0.0656506048	0.0178136089	0.0811313	0.0287146267	0.0184554468	-0.0325600948	-0.030047305	0.0328890368	-0.0023691954	0.0595912098	-0.0635003093	0.0866163325	0.0682093192	0.0403721968	0.0069535172	-0.0274265036	-0.0580147416	-0.0805822964	-0.0920091471	-0.0907155029	-0.0386440406570898	-0.0093245283410538	0.0014933618783068	8.694682878311731e-05	0.0383017937892731	0.0805624963279001	0.0014670274074759	0.0064903158145829	-0.017942239572207	-0.0255433375011689	0.0003219239608664	0.0006524620906986	-0.000144037709323	-2.0050807280000145e-06	4.020348725797068e-12	2.0746861707017044e-08	0.0002739805725646	5.60014433717e-05	3.136161659713722e-09	7.506535414282605e-08	0.000272019543906	-2.599574423349998e-05	7.399463226682828e-08	6.757787182535473e-10	0.0	0.0	0.0	0.0	0.0	0.0	0.0	0.0	0.0	0.0	0.0	0.0	0.0	0.0	0.0	0.0	0.0	0.0	0.0	0.0	0.0	0.0	0.0	0.0	0.0	0.0	0.0	0.0	0.0	0.0	0.0	0.0	0.0	0.0	0.0	0.0	0.0
5453.75589532822	-0.0303507933977016	29743453.36582731	0.0009211706598699	11440.484946114677	66.2318868831735	130884695.80227654	4386.66284010549	5690.74404187947	-6.558408809332832	43.01272611033449	32384567.750186693	6406.38899882177	6883.655556186486	1.083526	30.946648	0.1069282927313006	0.0530379497741975	-0.0554115786	0.0109926296	-0.0061270474	-0.0964666287	-0.0608320074	-0.0310932243	0.0172718373	-0.0021578485	0.004167223	-0.0621355404	-0.0061046676	0.1121651953	0.0197411987	0.018054044	0.013508561	0.0188495299	-0.0066282612	-0.0861829363	0.0294836538	-0.1201148944	-0.0360555927	0.0339569788	0.051598104	-0.0637588667	0.0763558042	0.009965121	-0.0039754575	-0.0743752118	0.0282121646	0.0641326764	-0.0818901843	-0.0804514026	-0.0259819854	0.0056735478	0.1152704569	0.0030321854	0.0377987984	0.1348940164	-0.0336682605	-0.0747782353	0.0048722807	0.0397317061	-0.1530319099	0.0137858367	-0.0095723345	-0.0778603338	-0.0147106998	-0.0165102592	0.0120053896	-0.0602126876	-0.0152886477	-0.0082791973	-0.0902063892	0.0358125691	0.0019165608	0.0364456571	-0.055088641	0.0532930077	-0.0668079739	-0.0006902867	-0.0125916766	0.0440252361	0.067381181	-0.0672374385	-0.0966877044	-0.0220504798	0.0147426391	-0.0118614343	0.0092645653	-0.0938665623	-0.0803247279	0.013267046	0.0747825972	0.0824080083	0.0220716431	-0.0195592356	-0.0016439614	-0.030591888	-0.1033684081	-0.0990516238	0.029465325	0.0279610406	-0.1015762248	0.003018147	-0.1136993685	0.037065855	0.0233852366	-0.0226967246	-0.0874337556	0.0494517411	0.0306606788	-0.0623898418	-0.0451818298	0.0168731165	0.0174655368	0.0083408849	-0.0330794392	0.0360832314	0.0174038372	0.0764600119	-0.0147647247	-0.0267631073	-0.0618046462	0.0749764248	0.0558073339	-0.0781943523	-0.0728714709	-0.0328322654	0.0061605618	-0.0167405207	-0.0019488494	-0.1106021664	0.0068948051	0.0542116667	0.008302776	0.0121993503	-0.0046427505	0.0046166636	0.0049300671	0.0545225156	-0.0247175679	0.0179009213	-0.0427814486	0.0555271444	0.0041043628	-0.038100314	-0.013581341	-0.0265394066	-0.0087784138	0.0536887976	-0.0505235425	0.0861460138	0.0664628444	0.0369191397	0.0018980517	-0.0334046344	-0.0637513548	-0.0846398209	-0.0929709861	-0.0875088252	-0.0035599177659548	0.0350841228911349	1.2673014500360616e-05	0.0012308956790402	0.0383313793573449	2.9585568071803518e-05	0.0014692946434366	8.753058381313194e-10	-0.0289422275563708	-0.0109999879841638	0.0008376525359247	0.0001209997356517	0.0002512678666286	0.0003953055759516	1.562664983784262e-07	6.313554080008792e-08	0.00073707914338	0.0004630985708154	2.1446028629126605e-07	5.432856636057946e-07	0.0006299073228976	0.0003578877789916	3.967832354400214e-07	1.2808366235154034e-07	0.0	0.0	0.0	0.0	0.0	0.0	0.0	0.0	0.0	0.0	0.0	0.0	0.0	0.0	0.0	0.0	0.0	0.0	0.0	0.0	0.0	0.0	0.0	0.0	0.0	0.0	0.0	0.0	0.0	0.0	0.0	0.0	0.0	0.0	0.0	0.0	0.0
5442.831553414778	-10.924341913441822	29624415.31884752	119.34124624178172	11401.070197280573	-39.4147488341041	129984401.64331928	1553.5224256555107	5682.833153917995	-7.910887961475055	62.58214833901095	32294592.65526955	6398.113748447767	6770.005673204591	1.002225	28.624607	0.1634317019014309	0.10043472850214	-0.036706532	0.0272328706	-0.0001749072	-0.0151913631	-0.0816082133	0.052404976	0.0143132502	0.008992038	0.0082258445	-0.0525261167	0.0249351996	0.0743404168	-0.0560615847	0.0110760579	0.0085340852	0.0075305056	-0.0236926783	-0.0887597332	0.071323963	-0.048990517	-0.0679593015	-0.0519069163	-0.0001400727	0.0608219771	0.0991171439	0.0545674672	0.0457964701	0.0742987013	-0.0341126009	-0.0799963736	-0.0070872674	0.0867035487	-0.0725051975	-0.0690124446	0.019665554	0.0044277742	0.0337320789	0.0903362091	-0.0108683567	-0.1415088997	0.0011556902	-0.0550325336	-0.0528976549	-0.0482836793	0.0073290871	0.0305399116	0.0857337668	0.0295411652	-0.0661333393	0.0848693591	0.081133334	0.0439091189	0.003785644	0.0922160418	-0.0549466508	-0.0013842153	0.0554071523	-0.0879298076	-0.0013522166	-0.0379271872	0.0257382464	0.0457850138	-0.0865937076	-0.0867850102	0.0310069657	0.0540712375	0.016153801	0.0023266342	0.0325009832	-0.0797826398	-0.0238829968	-0.0685332005	0.0499603942	0.0826485864	0.0787561947	0.0737361831	-0.053683437	-0.0466996634	-0.0063892811	0.0286686302	0.0030114896	-0.0283845247	0.0848979866	0.0311207948	0.0687642855	-0.0490888577	0.0876702505	0.0374520709	-0.0548805882	0.0702033304	0.0200277659	-0.0242070223	0.0213053651	0.0476756652	-0.0353535685	0.0345564124	-0.0113430934	0.0242426015	0.029166128	0.1964475663	0.0339055188	-0.0256401075	0.0968050499	0.0352982883	-0.0108981338	-0.0095044985	-0.0465642045	-0.0278477542	0.00936956	-0.0166538444	-0.0048311137	-0.1048916595	-0.0007793238	0.0493381077	0.0030464073	0.0039951005	-0.0126409506	-0.0166961012	0.0044421274	0.0447084207	-0.0439388777	0.0140366806	0.0647782282	0.0496629293	0.0367236845	-0.0231707937	-0.0542536098	0.0080332644	0.0101062196	0.0216793811	-0.0638584425	0.0856597619	0.064667201	0.0334046344	-0.0031630294	-0.0392283624	-0.0690637132	-0.0879308341	-0.092833377	-0.0829927534	-0.0126354711180596	-0.0090755533521048	0.0001596551303753	8.236566864690068e-05	-0.0480131204063241	-0.086344499763669	0.0023052597311521	0.0074553726394382	0.0162087056997819	0.0451509332561527	0.0002627221404621	0.0020386067739015	4.22194818031188e-06	-0.0002470459184482	6.103168582195824e-08	1.7824846437238795e-11	0.000696002452202	-4.107669117800006e-05	1.6872945581327875e-09	4.844194134711972e-07	0.0007989990238614	0.0001690917009638	6.383994401314701e-07	2.859200333483117e-08	0.0	0.0	0.0	0.0	0.0	0.0	0.0	0.0	0.0	0.0	0.0	0.0	0.0	0.0	0.0	0.0	0.0	0.0	0.0	0.0	0.0	0.0	0.0	0.0	0.0	0.0	0.0	0.0	0.0	0.0	0.0	0.0	0.0	0.0	0.0	0.0	0.0
5453.766352815103	10.934799400325574	29743567.43109816	119.56983792536052	11402.334594726562	1.2643974459897436	130013234.21009816	1.5987009014253866	5691.953824506699	9.120670588703431	83.18663198763983	32398338.340316437	6403.526614765649	6836.723036368517	0.946875	27.043768	0.0517270897332803	0.0296297667415973	-0.0481933686	0.0125354526	-0.0164722663	-0.1092459702	-0.0596256272	-0.0015391637	0.0115860639	-0.0134434031	0.0102782119	-0.0219045201	-0.00433026	0.0870482831	-0.0127607265	0.01098441	-0.0032639597	0.0187220881	-0.0213772	-0.1321887912	0.0204807837	-0.0923636134	0.0318051402	0.0785787386	0.0132602097	0.0582267332	0.0304919571	0.0134825012	0.1030790075	-0.089883155	0.0641963257	0.041028515	0.0219917891	0.0992537247	0.0982734279	-0.0772538177	0.0149974648	0.1303762133	-0.0416332209	-0.0954755351	-0.1264935187	0.0077054485	-0.0077764419	0.0338257868	0.0552332264	-0.0956013926	0.1092592374	0.0165378974	-0.0748333893	0.0695658851	-0.0293301903	-0.0152676792	-0.0067988081	0.0092089017	-0.0338088914	-0.0066089601	0.0043258207	-0.0260533462	-0.0438976296	-0.0944361982	-0.0721653231	0.0468136861	-0.0278897315	0.080821809	0.0596387216	-0.0420472842	0.1642251185	-0.0327728469	0.0140764575	-0.0223832499	0.0228731419	-0.1039031638	-0.0699843735	-0.0200767484	0.0875620321	0.0519723035	-0.0766477299	-0.0397500229	-0.0037944831	-0.0183589587	-0.0298575103	0.0577017804	0.0072251876	0.0098143642	-0.0175914103	0.0240893764	-0.0742406692	-0.0075624034	0.0939052929	0.090604298	-0.105488018	0.1134982342	0.1479363514	0.0261677822	-0.0293477059	-0.0246796481	-0.010525549	0.0013059685	0.0244312058	-0.0856906962	-0.0923523272	-0.0740177866	-0.0216013987	0.0835494897	0.0401969238	0.0233964793	0.0083064342	0.1129171317	0.0065314919	-0.029577757	0.0095082844	-0.0210504278	-0.0033581422	-0.1183427335	0.0063801016	0.0482972484	0.004335287	0.0061366979	0.0142420979	0.0238019936	0.0205424855	0.0468526398	-0.0422016009	0.0248062469	-0.0188982126	-0.0001674222	-0.029460572	-0.0057837408	0.038357576	-0.0121135701	-0.0256981135	0.0188737627	-0.0403754958	0.0851576666	0.0628237173	0.0298345303	-0.0082147524	-0.0448707692	-0.073916464	-0.090425532	-0.0915979471	-0.0772348614	-0.0349138129036816	-0.0222783417856219	0.0012189743314732	0.0004963245127169	-0.0465172743275701	0.0014958460787539	0.0021638568108664	2.237555491323713e-06	0.015190784340092	-0.0010179213596898	0.0002307599288671	1.0361638945129331e-06	0.0002911975855705	0.0002869756373901	8.235501645550474e-08	8.479603384208867e-08	0.0008561034929137	0.0001601010407117	2.5632343236969426e-08	7.329131905790375e-07	0.000707376091779	-9.162293208240006e-05	5.003809352205322e-07	8.394761683376094e-09	0.0	0.0	0.0	0.0	0.0	0.0	0.0	0.0	0.0	0.0	0.0	0.0	0.0	0.0	0.0	0.0	0.0	0.0	0.0	0.0	0.0	0.0	0.0	0.0	0.0	0.0	0.0	0.0	0.0	0.0	0.0	0.0	0.0	0.0	0.0	0.0	0.0
5440.531810167261	-13.234542647842318	29599386.377441853	175.15311909755715	11369.803058235011	-32.53153649155138	129272421.5830502	1058.300866501139	5684.856506880456	-7.097317626242329	50.371917487770055	32317593.503821064	6403.571567960316	6808.5379491357	1.016321	29.027193	0.1332880335401725	0.0778860946556626	-0.0502079051	0.0202360175	-0.0311906033	-0.0190411814	-0.0788444259	0.0689046603	0.0257897411	0.0192252581	-0.0067441702	0.0564669228	-0.0209120597	0.0175544375	-0.0918110481	0.0111188833	0.0005942985	0.0186618546	0.0299510621	-0.0903291188	-0.0106315876	-0.0357434448	0.0151867051	-0.0626220477	-0.0534185789	-0.0312118863	-0.0499638987	0.0313863746	0.082764306	-0.006452795	0.036946997	-0.1223599195	-0.0399679725	-0.0175753418	0.0633412391	-0.0124178364	0.0505288156	0.0243825881	0.0708494432	-0.071536981	0.0546543204	0.1459551141	-0.022452199	-0.0977949665	0.0037139357	0.0093262772	0.0086719647	-0.0763424648	-0.0116721569	-0.0593929584	0.0280516221	-0.0246075376	-0.0419127457	0.0473077669	0.0109321444	0.0062043197	0.0692104654	-0.0517614285	0.0094689675	-0.0212409503	-0.0001094954	-0.0891493873	0.1609496025	0.0241201025	-0.0136589234	0.0675256108	-0.078682281	-0.0748987668	0.0150788	-0.0151011495	0.0027811021	-0.0226574602	-0.0506861295	-0.0318902882	0.0743978991	-0.1025429318	0.0207397397	0.0178329193	0.0148110929	-0.0209384657	0.0345675845	0.1311905282	-0.0860346819	0.1170778373	0.0538923278	-0.0371881261	-0.0188600923	0.0147991231	-0.0643537511	-0.0568943997	0.0036238243	-0.0656856144	-0.0016526829	0.0263894894	-0.0008566691	-0.034364169	0.0298565453	0.0884687447	-0.0646185138	0.0205407015	-0.0244908471	-0.0879565185	0.0280308461	0.0198826416	0.0371686726	-0.0632000815	0.0533840965	-0.1523759097	-0.106657267	-0.0312861267	0.0034301689	-0.0212599301	-0.0026488188	-0.1166789362	0.0137958173	0.036195605	0.0241946054	0.008359703	-0.0125828348	-0.0096192633	0.0195470515	0.0587974475	-0.0589057718	0.009981957	0.0391190339	-0.0015618188	0.0053555053	-0.0103272773	0.0269751127	0.0247863736	0.0079345708	-0.0064334035	-0.0198910732	0.0846398209	0.0609337573	0.0262147696	-0.013242171	-0.0503057744	-0.0782773129	-0.0921013223	-0.0892793062	-0.0703213046	-0.0433979164553619	-0.0084841035516803	0.0018833791526665	7.198001307563438e-05	0.0270924811535593	0.0736097554811294	0.0007340025350559	0.0054183961019916	0.0231958232078781	0.0080050388677861	0.0005380462142911	6.408064727476617e-05	6.589356539786438e-05	-0.0002253040201726	5.07619015059514e-08	4.34196196084263e-09	0.0004380157789354	-0.0004180877139782	1.7479733657960077e-07	1.918578225963852e-07	0.0004869851131384	-0.0002203909786405	2.371545004184203e-07	4.85721834661614e-08	0.0	0.0	0.0	0.0	0.0	0.0	0.0	0.0	0.0	0.0	0.0	0.0	0.0	0.0	0.0	0.0	0.0	0.0	0.0	0.0	0.0	0.0	0.0	0.0	0.0	0.0	0.0	0.0	0.0	0.0	0.0	0.0	0.0	0.0	0.0	0.0	0.0
5455.24759091927	14.715780752008868	29759726.2782305	216.55420314119468	11367.947583256935	-1.8554749780760176	129230232.2556772	3.442787394266198	5696.512427255092	11.65592037463557	135.8604797798446	32450253.8338717	6401.519451499433	6736.082054368878	0.994513	28.404358	0.1229164455621628	0.062705975506893	-0.0669454195	0.0219564866	-0.0664090848	-0.1008552814	-0.0637871601	0.0454637159	0.0203687531	-0.0090781426	0.0344914921	0.0754297872	-0.0925441241	0.0041958827	-0.0936014277	0.0164246995	-0.0151219302	-0.0156927275	-0.0383301192	-0.0671392816	0.0312063605	-0.0378339063	-0.0540523116	0.1920638998	-0.094969363	0.041976061	-0.0863810146	-0.0299232178	0.0227132989	-0.1258328739	-0.033146685	-0.0610608377	-0.0250774327	-0.0884055279	0.0680597702	0.0235467344	-0.1130419041	-0.0036931841	0.1004332229	-0.0359303685	0.0856670283	0.0326878487	0.1449204431	0.0227853846	0.0443053141	-0.0626578165	0.1065665223	-0.0478288204	0.1518711314	-0.043222843	-0.026604674	-0.0054213386	-0.1392243424	0.0047214593	-0.0597186232	0.0599870309	-0.0481904512	-0.0019059442	-0.0395813927	0.0108310202	0.0823138773	0.1050750396	0.1326441063	-0.0773847679	0.1022385745	-0.0007399432	-0.0374231852	-0.0056058186	0.0181927151	-0.034951585	0.0237137441	-0.0422475509	-0.0625141844	-0.0479640655	0.1230456693	-0.0976359588	-0.1367034033	-0.0535305432	0.1067474558	-0.0160089291	-0.0551877459	-0.0328842107	-0.0367672334	0.1139403807	0.0172298473	-0.0509784635	-0.085924065	0.1598030514	0.0197482047	0.0832764927	-0.0385623516	-0.0932479783	-0.0650518826	-0.0111788248	0.0493304766	0.0199778441	-0.0464238999	-0.0414905825	-0.132263822	-0.0354146455	0.0350875059	-0.0366241373	-0.1201768624	0.1377017542	-0.1234929077	-0.032504592	0.0377085587	-0.0135616135	-0.041414302	-0.0341612069	0.0020466168	-0.0297488817	0.0079776542	-0.1268535325	0.016123792	0.0494134741	0.0221125596	0.0010696239	0.0173231826	0.0137462022	0.0406291086	0.0834946573	-0.0476445656	0.013002687	-0.0045396009	-0.0296416236	-0.0895143212	-0.0300449589	0.0880144748	0.0636586854	-0.0498242114	0.0550578593	-0.035012405	0.0841063205	0.058998719	0.022551377	-0.0182304111	-0.0555082565	-0.0821172393	-0.0929430287	-0.0859048739	-0.0623555305	-0.0115793589030204	0.0318185575523415	0.0001340815526049	0.0010124206047116	0.0254149059582715	-0.0016775751952878	0.0006459174448677	2.8142585358449017e-06	-0.0159836324455682	-0.0391794556534463	0.000255476506155	0.0015350297453003	4.080671765820272e-06	-6.18128936320441e-05	3.820833819166399e-09	1.665188206036274e-11	0.0011180062569662	0.0006799904780308	4.623870502125558e-07	1.2499379906155728e-06	0.0007499988846973	0.0002630137715589	5.624983270471939e-07	6.917624402963724e-08	0.0	0.0	0.0	0.0	0.0	0.0	0.0	0.0	0.0	0.0	0.0	0.0	0.0	0.0	0.0	0.0	0.0	0.0	0.0	0.0	0.0	0.0	0.0	0.0	0.0	0.0	0.0	0.0	0.0	0.0	0.0	0.0	0.0	0.0	0.0	0.0	0.0
5480.194828716479	24.9472377972088	30032535.36069084	622.3646737104833	11389.638400330836	21.69081707390069	129723862.89029077	470.4915453334216	5695.552266695336	-0.960160559756332	0.9219083005115928	32439315.622658376	6410.591914285557	6867.7093444231	1.315539	37.573196	0.3063859495528762	0.1529189081016869	-0.0139089315	0.0035945681	-0.000324908	-0.0132200234	-0.0521964211	-0.0803688126	-0.001550217	-0.0114045785	0.0182547073	-0.0244444553	-0.030760606	0.0064929585	0.0275892178	0.0026825632	-0.0016483541	0.0004987107	-0.0115858797	-0.029280901	-0.0780044035	0.0283345774	-0.1046329097	-0.0303926892	0.124724713	0.0616468264	0.0167315009	-0.0424589665	-0.1572944604	-0.1453835595	0.0688520754	-0.0165106034	-0.2721523529	0.1038097333	-0.0706060479	-0.0043578231	-0.0206521921	0.005432162	-0.1351431899	0.0237964884	0.0035567224	0.0418624521	0.0236776538	-0.1753503541	-0.0034304329	0.0920722941	-0.1683932951	0.051577453	-0.0413671568	-0.0207297853	0.0957242166	-0.0137929042	-0.0414326852	0.0665102801	-0.0572049116	-0.011245417	-0.1673536639	-0.0090790029	-0.0149713669	0.0100674875	-0.1591797425	-0.0788018728	-0.0202838617	0.089648472	-0.0421849551	-0.0121847052	0.039875626	-0.0286111576	-0.0071086639	-0.0149745162	0.0242249139	-0.07774883	-0.0577397628	0.0118435096	-0.0465650123	0.0409845613	0.0376818947	-0.0773074874	0.0731377474	0.0227456378	-0.1362265765	-0.1165601971	0.062442681	0.0973392773	0.0680307785	0.039062683	0.0414931739	0.0246395617	-0.1757507983	0.0777188699	0.0411457611	-0.0450293644	0.0704301027	0.0472964451	-0.1107401884	0.1259898	-0.0640729536	0.1733403869	0.0807582096	0.1332197294	0.0758041158	-0.0329972675	0.00507565	-0.1462965226	0.0827252357	-0.0400670594	0.0659347586	0.1180952803	-0.0266147759	-0.01720346	-0.0052215977	-0.0010681119	-0.0042806775	-0.058832455	0.0266178062	-0.0109554814	0.0408528845	0.0373200684	-0.1319811308	-0.0416818132	-0.1325932476	0.0003379271	0.0135862429	0.0639418518	0.0093051571	0.065483361	0.2039630929	0.0119723106	-0.1187235602	-0.2193846104	-0.0394946989	0.0923052631	-0.1683568042	0.0835572642	0.057020034	0.0188504498	-0.0231647145	-0.0604541685	-0.0854106889	-0.0929430287	-0.0815145553	-0.0534567308	-0.0622752155022539	-0.0506958565992335	0.0038782024658521	0.00257006987633	-0.059946201071753	-0.0853611070300245	0.003593547022935	0.0072865185933912	-0.0744721417545974	-0.0584885093090292	0.0055460998975168	0.0034209057211923	0.0019230996019302	0.0019190189301643	3.68263365432924e-06	3.698312078944094e-06	0.0009178348625318	-0.0002001713944344	4.006858714981216e-08	8.424208348787682e-07	0.0008676180923903	0.0001176192076929	7.527611542429831e-07	1.3834278018329064e-08	0.0	0.0	0.0	0.0	0.0	0.0	0.0	0.0	0.0	0.0	0.0	0.0	0.0	0.0	0.0	0.0	0.0	0.0	0.0	0.0	0.0	0.0	0.0	0.0	0.0	0.0	0.0	0.0	0.0	0.0	0.0	0.0	0.0	0.0	0.0	0.0	0.0
5458.480178558193	-21.71465015828562	29795005.859712683	471.52603149673376	11373.047670325454	-16.590730005382284	129346213.31149524	275.25232211149205	5682.3343857507125	-13.217880944623175	174.71237666623244	32288924.071484927	6408.02321016505	6907.79799757354	1.296971	37.04287	0.5308477911875403	0.2675992792974261	0.0203956177	-0.0312583848	0.0374119614	0.0375964229	0.1222804213	0.0218365529	-0.0063558423	0.0260444547	0.0081219245	-0.0496353212	0.0345686322	-0.0768638769	0.083385298	0.0200688473	0.0085160958	-0.0217123878	0.0396678573	0.0193398221	0.0438653856	0.1694683299	0.1015847059	-0.0783600912	0.078112426	-0.0086617779	-0.0436291276	0.0079114245	-0.098284408	-0.0535215292	0.1009808474	-0.0451395678	-0.096864836	-0.037177191	-0.1001951856	-0.1459700534	0.0760731408	0.1401514396	-0.0115987136	-0.001714649	-0.0745259826	-0.0328013685	0.0154667024	0.0835289825	0.0237203618	0.0629777121	-0.0036112015	0.0286913558	-0.0775123855	-0.0257015605	0.1146793434	0.0420580743	-0.0233140011	0.0337027356	-0.0499987254	-0.0417086416	0.1383858394	0.0618632068	0.1102516894	-0.048479142	-0.0775549483	0.1346487421	0.0085043556	-0.0728250456	0.0151073214	0.0413955742	-0.0933927182	0.0062221143	0.0086790362	0.008160071	-0.0232463946	-0.0340900253	0.11016074	-0.0898824115	-0.147363941	0.0925517345	0.0190654368	-0.0766409821	0.0437967095	-0.010225658	-0.0731098962	-0.0618089146	-0.0325678334	0.0258236617	-0.1164182	-0.1127719887	0.0693617355	-0.0579094324	-0.0642250338	-0.0350774717	-0.0056276669	0.0060994973	0.0253929123	0.0359547726	-0.2454171648	-0.0256120727	0.0996468427	0.0791860406	-0.0230348253	-0.0517689453	0.0858302945	-0.0781014629	0.0913184039	-0.0208778024	0.0163860978	-0.0399036545	-0.0087709462	0.0538304684	-0.0420465689	-8.1141e-06	-0.0074468705	0.0280908893	0.0270609867	0.0959528461	0.0030716533	-0.0435126854	0.0129400463	0.0254629787	-0.1726381648	-0.0749666032	-0.1915355978	-0.0565141725	0.0471551138	-0.0445190261	0.037852136	0.0060923612	0.1035669135	0.2022641529	-0.1378075501	-0.0055169047	-0.083004661	0.0408067368	-0.0755673659	0.0829927534	0.0549991661	0.0151181479	-0.0280304823	-0.0651206494	-0.0881357445	-0.0921013223	-0.0761602691	-0.0437580584	0.0349063385995265	0.0971815541017803	0.0012184524744247	0.0094442544576372	0.0982887541367887	0.1582349552085417	0.009660679189762	0.0250383010498491	-0.1187154324829506	-0.0442432907283532	0.014093353909614	0.0019574687744735	0.004469126008243	0.0025460264063128	6.482250461642072e-06	1.9973087277554016e-05	0.0006650174879889	-0.0002528173745428	6.391662487076496e-08	4.422482593310668e-07	0.0026925341345119	0.0018249160421216	7.249740065511748e-06	3.330318560792766e-06	0.0	0.0	1.0	0.0	0.0	0.0	0.0	0.0	0.0	0.0	0.0	0.0	0.0	0.0	0.0	0.0	0.0	0.0	0.0	0.0	0.0	0.0	0.0	0.0	0.0	0.0	0.0	0.0	0.0	0.0	0.0	0.0	0.0	0.0	0.0	0.0	0.0
5472.580114798484	14.099936240290845	29949133.11288779	198.8082019802671	11383.85341473015	10.80574440469718	129592118.56806332	116.7641121396444	5696.015692251151	13.68130650043895	187.17814755895307	32444594.76637137	6418.938010586964	6904.506730664626	1.067924	30.501049	0.2447243395927102	0.1113063462942563	0.0351368897	-0.0512689453	0.0269716305	0.0098509335	0.161852264	0.0209426097	0.0096077296	-0.013674272	0.0009456049	-0.0097158043	0.0720395316	-0.0273989654	0.1164650872	-0.0017745201	-0.0167582205	-0.0121676561	0.0195784946	0.0938970238	0.0402319566	0.0737716443	0.1254587623	0.1167699508	-0.0432252608	-0.0517094978	0.042177453	-0.0850539731	-0.0277366061	-0.0509359101	0.1666690563	0.0361434459	0.0227380012	0.0417792873	0.0152595616	-0.009490342	-0.0772725896	0.0383570544	-0.0094669583	-0.0253235088	-0.0996793322	-0.1591552755	0.0061865061	0.0567242974	0.0419350584	0.0853843003	0.0205962127	0.1114220341	-0.0267599099	0.0204097348	0.1176457925	-0.0616844614	0.0400475795	-0.0341925715	0.1191324724	0.1581443138	0.113934518	0.0265178797	0.0054772296	0.0728431898	-0.0878354434	-0.0394275234	0.0134679343	0.0091495648	0.0109168638	-0.040870803	-0.0310518365	0.1640470474	0.0043075332	0.0046756712	-0.0211251312	0.0269772195	0.109005621	-0.0247401205	-0.0642861725	0.1116271711	-0.1077360486	-0.1115535193	0.0364708962	0.0052920402	0.0278966039	0.0469505779	-0.0809083909	0.0867166276	-0.0918221968	0.0385907621	0.0393938026	-0.033630172	0.0498446239	0.0588553039	0.0829168331	0.0970480995	0.0113348147	-0.1350706613	-0.0577966912	-0.0415514126	-0.0881292374	-0.0376020301	0.0474793405	-0.084821998	0.0488459861	0.0063089742	0.0242491579	-0.0497925477	0.0044099768	-0.0886154011	-0.1498513409	0.0390279557	0.1246275961	0.0197215274	0.0157455772	0.0338966483	-0.0074228015	0.1458597797	-0.0434292193	-0.0224698865	-0.0304139177	-0.0097627424	-0.0158066017	0.0137664306	-0.113118467	-0.0056100766	-0.0189378377	-0.0441042544	-0.0019200222	-0.0532969249	-0.0841481065	0.132216201	-0.0645017159	0.134015015	-0.0979783634	-0.0140495728	0.0081892043	0.0824128925	0.0529376103	0.0113606834	-0.0328133187	-0.0694861298	-0.0902742713	-0.090425532	-0.0699053334	-0.0334046344	0.0545733312926159	0.0196669926930894	0.0029782484883736	0.00038679060159	0.070500785496975	-0.0277879686398136	0.0049703607556904	0.0007721712011272	-0.1023695130785284	0.0163459194044222	0.0104795172079349	0.0002671890811758	0.0059041427915054	0.0014350167832623	2.059273168244764e-06	3.485890210248517e-05	0.0018489201927454	0.0011839027047564	1.401625614329756e-06	3.418505879141687e-06	0.0036920838236007	0.0009995496890887	1.3631482960493963e-05	9.990995809575162e-07	0.0	0.0	0.0	0.0	0.0	0.0	0.0	0.0	0.0	0.0	0.0	0.0	0.0	0.0	0.0	0.0	0.0	0.0	0.0	0.0	0.0	0.0	0.0	0.0	0.0	0.0	0.0	0.0	0.0	0.0	0.0	0.0	0.0	0.0	0.0	0.0	0.0
5469.185639914794	-3.3944748836902363	29911991.56385019	11.522459736003844	11364.82945905413	-19.023955676020705	129159348.6333846	361.9108895632004	5692.77593550141	-3.2397567497419004	10.496023797498204	32407697.85182395	6416.590158016124	6947.718355248865	0.974301	27.827068	0.2200228276610916	0.1076483678762757	0.0544535614	-0.0813245499	0.024160135	-0.0262551124	0.1616655784	-0.058656943	-0.0007983472	-0.0314204924	-0.0321344188	0.0055331502	0.0871496141	-0.0205566117	0.0937390929	-0.0245787061	-0.0540082353	0.0124532564	0.0018208929	0.1716161756	-0.0202022933	0.0695155507	0.0297317316	0.051268866	0.0045791278	-0.0038068824	0.0658480558	0.0099225037	0.0754196354	0.0088071622	0.0679955171	0.064369262	-0.0708587915	0.0388675026	-0.0008111668	0.0295411651	0.0802199091	0.0152293133	0.0072981821	0.0600687201	0.035094467	0.0695881702	-0.1248284699	0.0475071732	-0.1073619761	0.1403781353	0.032340685	-0.1145842899	-0.1267699194	-0.0476839399	0.0879602244	-0.0403872513	-0.0216717297	-0.020424522	-0.0151822134	0.0291662496	-0.0137006171	-0.0461983339	0.0423738625	-0.0509850365	0.0373339932	-0.0822411861	-0.0986509909	0.0721983	-0.0468306972	0.0042298718	0.1111237052	-0.0472073335	-0.020882169	-0.0225393859	-0.0329068801	0.0851889226	0.065794405	0.0566699561	-0.0653051683	0.0814651618	-0.0888130126	-0.0415563955	0.0134454352	0.0121856385	0.0272656132	-0.0488860049	0.029390622	-0.013763666	-0.0526967729	0.003757997	-0.0785362812	-0.0157575718	0.1713927983	-0.053738061	-0.0539957903	0.0225561902	-0.0480573869	-0.0708159436	-0.0695865967	-0.0456333648	0.0429587274	0.0305890505	0.1337589544	0.058684823	-0.0319294213	-0.1018562489	0.0533795083	-0.0701714785	-0.0089654634	-0.0058711513	-0.1195926961	-0.1181019271	0.0387219224	0.0395185905	0.0225610296	0.0329495087	-0.014006407	0.1763444816	-0.0440349015	-0.0157114272	-0.0568101351	-0.0187251273	-0.0152513774	0.0241046792	-0.1154600024	-0.0366786812	0.0619889977	-0.0022787402	-0.0308830327	-0.0580761763	-0.0096967463	0.1067264254	-0.0370008914	-0.0405030705	-0.0620930092	-0.0536718811	-0.0013373599	0.0818177889	0.0508368917	0.0075843101	-0.037499073	-0.0735304317	-0.0918120377	-0.0879308341	-0.0628237173	-0.022551377	0.0711295022248776	0.0165561709322617	0.0050594060867588	0.0002741067959382	-0.0084591093339412	-0.0789598948309162	7.155653072357115e-05	0.0062346649917093	-0.0943460385912047	0.0080234744873236	0.008901174997853	6.437614284873427e-05	0.0067533010246529	0.0008491582331475	7.210697049221848e-07	4.560707472957791e-05	0.002193338691512	0.0003444184987666	1.1862410229263849e-07	4.810734615683572e-06	0.0048281728398984	0.0011360890162977	2.3311252971932584e-05	1.2906982529522768e-06	0.0	0.0	0.0	0.0	0.0	0.0	0.0	0.0	0.0	0.0	0.0	0.0	0.0	0.0	0.0	0.0	0.0	0.0	0.0	0.0	0.0	0.0	0.0	0.0	0.0	0.0	0.0	0.0	0.0	0.0	0.0	0.0	0.0	0.0	0.0	0.0	0.0
5461.930609178176	-7.2550307366173	29832685.979477484	52.63547098926176	11340.173328010404	-24.65613104372642	128599531.10931855	607.9247980454096	5691.081277279341	-1.694658222068938	2.871866489625853	32388406.10459945	6417.518164872228	6921.270053558679	0.980031	27.990732	0.0883309304123926	0.0469696660784803	0.0360503968	-0.0778603902	0.0449916519	0.0573340691	0.0654486408	-0.1398266286	0.0057112563	-0.0377009841	-0.0226770544	0.0285856829	0.0016234769	0.0364771089	0.1461359285	-0.0058781055	-0.0392174112	0.0046583309	-0.0171504759	0.0874353552	-0.1194923168	-0.0039224941	0.055901362	-0.1523610186	0.0047992102	-0.0410046814	0.0410366019	-0.0168852082	0.0163231052	-0.0336091415	0.0660090699	0.0747638378	0.1128279972	0.0879963665	-0.1226395074	0.0061069995	-0.0378592113	-0.0536477962	0.1121851575	-0.0377437202	-0.0444869703	-0.0006014342	-0.0113473644	-0.0150227852	0.0222755606	-0.0668794908	-0.0376933932	0.0586117892	0.1390709951	0.1183790601	0.1659267905	0.0392518581	0.0856082209	0.0317203253	-0.1501166989	-0.032161724	0.0558167633	0.0281479566	0.0727012818	-0.0184191398	0.0988260685	-0.0342521115	-0.1010400892	0.0251144401	0.0640837213	0.0995915903	0.0377889944	0.0199828415	-0.0136436006	-0.0346665268	-0.0301507693	0.090682877	-0.0254288331	0.1141055335	-0.1081557333	0.0690282399	0.0475034825	-0.1000332494	0.0203895469	-0.0083873362	0.044361528	0.0676181579	0.0201894524	-0.0275083707	0.0264702206	0.0834985188	0.1043987799	-0.0502720703	0.0149311284	-0.084763396	0.0824335003	0.1127433259	0.0160685734	0.0479644664	-0.0424653209	-0.077024245	-0.0533974802	0.0640664612	0.08228618	-0.0837756989	-0.0755235628	0.1390521488	0.0048758197	0.0392338448	-0.0675287055	-0.0535892795	-0.0266426275	0.0181001974	-0.0101873125	0.0216857871	0.0243982675	0.019516909	0.0092961244	0.1562977207	-0.03970348	-0.0298545278	-0.028300657	-0.0054067039	0.0317981656	0.0515373304	-0.1060647412	-0.0336179307	0.0726073598	-0.0028634124	-0.1182391471	0.0259289812	-0.0006021001	-0.0149396943	-0.063611281	-0.0263238032	0.0369237621	-0.1304468194	0.0559065036	0.0812075526	0.0486985645	0.0037953135	-0.042073882	-0.0772348614	-0.0927388101	-0.0846398209	-0.0549991661	-0.0113606834	0.0734699827967233	0.0023404805718457	0.0053978383721508	5.477849307187183e-06	-0.0347225662260797	-0.0262634568921385	0.0012056566053244	0.0006897691679252	-0.0971430889586031	-0.0027970503673983	0.009436779732419	7.823490757763518e-06	0.0062516364595815	-0.0005016645650714	2.516673358482769e-07	3.908295842276872e-05	0.0016747449305556	-0.0005185937609564	2.689394889029038e-07	2.8047705824216814e-06	0.004709832314306	-0.0001183405255924	2.2182520428881016e-05	1.4004479997485502e-08	0.0	0.0	0.0	0.0	0.0	0.0	0.0	0.0	0.0	0.0	0.0	0.0	0.0	0.0	0.0	0.0	0.0	0.0	0.0	0.0	0.0	0.0	0.0	0.0	0.0	0.0	0.0	0.0	0.0	0.0	0.0	0.0	0.0	0.0	0.0	0.0	0.0
5472.021161020639	10.090551842462446	29943015.586657666	101.81923648542228	11387.464770881495	47.29144287109193	129674353.90806717	2236.480568829752	5688.558309590204	-2.522967689136749	6.365365960428028	32359695.64160776	6421.825119839741	6904.242042005963	0.939414	26.830648	0.0906102662482249	0.0506078185003064	0.0550129872	-0.0454889417	0.0326721107	0.0744190945	0.0768195716	-0.0768573432	-0.0185802759	-0.0261912231	-0.0262400549	0.0358526878	0.0098287347	-0.0483590784	0.0912271271	-0.0143992286	-0.0030663079	0.008804941	0.0119460099	0.084156571	-0.0680527179	0.0340421775	-0.0330391957	-0.0390474186	-0.014239754	0.0470659115	-0.1093701846	-0.0277291191	-0.0839207876	-0.0188911515	-0.0783034883	-0.1068189983	0.0134937574	0.0037024478	-0.005284773	0.0893262855	-0.0820042329	-0.0139790881	0.0809218868	-0.1256990766	0.0165995663	0.0982943491	0.1211999779	0.004799978	-0.0685015129	-0.024876542	-0.1184117486	-0.0018784866	-0.0398548498	-0.0692916665	-0.1246171316	0.1513326401	-0.0731126445	-0.0377440954	-0.005395691	-0.0090744143	0.1267346307	0.0857403003	0.0260019378	-0.0722149515	0.0516183449	-0.0069237275	-0.0265500379	0.0331245104	0.0770839091	-0.1420963721	0.0562676466	0.0630435726	-0.0251798894	0.004349624	-0.0489530219	0.1127223828	0.0096409148	0.0747195888	-0.063532827	-0.0417448504	0.0435576353	-0.004554538	0.0614574528	0.0672187734	0.0274920267	-0.0111556237	0.0152875968	0.0395321557	0.022356405	-0.0516546946	0.0511241617	-0.0250448219	-0.0380383415	-0.0232831324	0.0610627728	-0.0631965712	-0.0649161486	0.0029304511	-0.0277203197	0.0006144794	-0.0651332918	-0.0348105125	-0.035956709	0.075451439	-0.0492729538	-0.0198107804	0.055595077	0.0687751194	-0.1382294998	0.0520205522	0.0914510109	0.1374515517	0.0703442145	0.0306777111	0.0047723711	0.0305328929	-0.0083120802	0.1422697835	-0.0293397418	-0.0303819785	-0.0268296561	-0.0173809105	-0.0137112674	0.0117307372	-0.0662732019	0.0199783463	0.0295565201	0.0187144743	-0.1212752776	-0.0336694082	-0.0236042324	-0.0009110565	-0.0663001632	0.0530326356	0.0149437879	-0.0679101868	0.0895247029	0.0805822964	0.0465242105	0.0	-0.0465242105	-0.0805822964	-0.093048421	-0.0805822964	-0.0465242105	-0.0	0.0640284896141736	-0.0094414931825497	0.0040996474822723	8.91417935161326e-05	-0.0257448450178827	0.0089777212081969	0.0006627970449947	8.059947809211018e-05	-0.1375796795728163	-0.0404365906142132	0.0189281682313588	0.0016351178605014	0.0065414985999335	0.000289862140352	8.40200604094426e-08	4.279120393293194e-05	0.0019692735444456	0.0002945286138899	8.674710439996464e-08	3.878038292853336e-06	0.0046591338436827	-5.069847062329994e-05	2.1707528173349533e-05	2.570334923541607e-09	0.0	0.0	0.0	0.0	0.0	0.0	0.0	0.0	0.0	0.0	0.0	0.0	0.0	0.0	0.0	0.0	0.0	0.0	0.0	0.0	0.0	0.0	0.0	0.0	0.0	0.0	0.0	0.0	0.0	0.0	0.0	0.0	0.0	0.0	0.0	0.0	0.0
5470.395070273918	-1.6260907467212746	29925222.22487718	2.6441711165725525	11405.03628540039	17.57151451889513	130074852.67129956	308.7581224877423	5698.062003193956	9.503693603752254	90.3201921140015	32467910.59224272	6429.417298509123	6867.412280599705	0.8471539999999999	24.195616	0.0581942222070918	0.0301157968621259	0.0546945162	-0.0415313718	0.0467027941	0.1135971008	0.0332385438	-0.1110472201	-0.0188312204	-0.0144634977	-0.0178265708	0.0160805842	0.0072533285	-0.0396371516	0.1197903746	-0.0194713365	-0.0117027208	0.0235200137	0.0083339556	0.1444300518	-0.1178120068	0.0236043629	-0.0199919883	-0.0642715735	0.0927370539	-0.0449970041	-0.0653965518	0.0090039644	0.047302943	0.0018659192	-0.0066076993	-0.0091972875	0.116199801	0.0462269964	0.042786211	-0.0511871407	-0.0053790006	0.0277293878	-0.0292476814	-0.1145171058	-0.0214915631	0.0419964638	-0.0504373919	0.0226831963	-0.0073712294	-0.0961368784	0.096318602	0.0667565829	-0.0045584503	0.0600024431	0.011058264	0.0386887156	0.1220635348	0.0234289232	0.0366915073	-0.042140251	-0.1204564765	0.053534376	0.0894300807	0.0187008872	-0.0801179705	0.0508284438	-0.0433025729	-0.0113678941	-0.0333353297	-0.02780109	-0.1176757976	0.0535492948	-0.0231975019	-0.0027970523	-0.0551347826	0.1314241987	-0.0032982856	0.1083560753	-0.0996795055	-0.0358313011	0.0708036734	0.0202684078	-0.0325508578	0.0501478456	0.0372677505	-0.0058549229	0.0777248098	0.0795832648	-0.0444468347	-0.0214007276	0.0098223983	-0.0013958352	-0.0194675369	0.0075912015	-0.0241160272	0.0555497036	0.0777127168	0.0993999781	0.0012801793	-0.0573690926	0.0132559094	-0.0781752987	0.0637714632	-0.0850363146	-0.1110970581	-0.0167145844	-0.0168620129	0.0521728243	0.0759284572	0.0296763663	-0.0268432299	0.0440391388	0.0237654854	0.0320413636	0.0089193437	0.0269358065	-0.0113139165	0.143592572	-0.0355332392	-0.0404834692	-0.0088154294	0.0161921066	0.0138887649	0.0394664649	-0.0545243848	-0.0052124386	-0.0066771149	0.0218538127	-0.1023220737	0.0404845298	-0.0376821581	-0.053519183	-0.0818440536	0.0249669257	0.0701637408	-0.1197550089	0.0422913726	0.079942136	0.0443154383	-0.0037953135	-0.0508368917	-0.0835572642	-0.0927388101	-0.0757950062	-0.037499073	0.0113606834	0.0465758840610135	-0.01745260555316	0.0021693129760649	0.0003045934405941	-0.0388552334217706	-0.0131103884038879	0.0015097291642602	0.0001718822841007	-0.1208688983598875	0.0167107812129288	0.0146092905907328	0.0002792502087463	0.0065212038291274	-2.0294770806100065e-05	4.118777220721315e-10	4.252609938102587e-05	0.0019581143121478	-1.1159232297799656e-05	1.2452846547625495e-10	3.834211659438053e-06	0.0044721789060443	-0.0001869549376384	2.000038416766759e-05	3.495214870737823e-08	0.0	0.0	0.0	0.0	0.0	0.0	0.0	0.0	0.0	0.0	0.0	0.0	0.0	0.0	0.0	0.0	0.0	0.0	0.0	0.0	0.0	0.0	0.0	0.0	0.0	0.0	0.0	0.0	0.0	0.0	0.0	0.0	0.0	0.0	0.0	0.0	0.0
5459.619382481523	-10.77568779239482	29807443.801567923	116.11544739916674	11370.758983378508	-34.27730202188286	129294159.85808304	1174.933433899375	5683.695565639018	-14.366437554937876	206.3945280199293	32304395.28286464	6411.25756499824	6784.441318143264	1.046965	29.902439	0.2442402380159251	0.1333329654753394	0.0333454448	-0.0516101105	-0.0031744487	0.1218998645	0.1376997617	0.0555550883	0.0058292281	-0.0215369867	0.0463518779	0.0241038195	-0.0046086364	-0.1562697033	0.0997547722	-0.0043319952	-0.0338059909	-0.0261961819	-0.0131377424	0.0759517471	0.0100288413	0.1561231873	0.1206871598	-0.0280159178	-0.0758640407	-0.0728096621	-0.0848595793	0.0163250215	-0.0404649115	0.0425540658	0.0628292384	-0.0739120157	0.0105536291	0.0159006923	-0.0767738908	0.0535525121	0.0255554049	-0.0068832468	-0.0241631623	0.0287446932	-0.0355965178	0.0465432784	0.0403394925	-0.0038902939	0.1133075823	-0.1080966097	0.0167476272	-0.0241033048	0.0315918718	-0.1271991404	0.1047013749	0.0463479476	0.047735602	-0.0323313924	0.0347930232	-0.0141535038	-0.083490543	0.0422973012	0.0207380743	-0.0078918047	0.01157046	0.0119456179	-0.035528206	0.0193479042	0.0247632917	0.0502617085	0.1200878354	-0.0289068596	0.0019953994	-0.0204830807	-0.0007023681	0.0555344519	0.1063627945	-0.0662570106	-0.1554639242	-0.0154877563	-0.0105738681	-0.0378574674	-0.0352713998	-0.0258196692	0.1149495391	-0.015864258	-0.0702388065	0.0020117853	-0.0617667834	-0.0489153569	-0.0006558097	-0.0621726214	-0.1172492174	-0.0292946548	-0.0198615036	-0.0273952902	-0.0461463798	0.0595190397	0.0155708662	-0.0691802303	0.0340680659	0.0383551011	0.0250106677	-0.0404765612	-0.0403369954	-0.0312640897	-0.0511242815	-0.1125506446	-0.0251421453	0.0109004033	-0.0903533588	0.0447532638	-0.1168832715	0.0192955693	0.0204761748	0.0024896617	0.0181143348	0.1814535783	-0.0301142976	-0.0603254859	0.003877159	0.0610571045	0.0530540625	0.0145723398	-0.0556817151	-0.0214830579	-0.018704356	-0.0096857807	0.090868541	-0.0009860554	-0.0051538262	0.0462735389	-0.017595713	0.0767044255	-0.0368178159	-0.0611845454	-0.0094998448	0.0792871898	0.042073882	-0.0075843101	-0.0549991661	-0.0861460138	-0.0918120377	-0.0703213046	-0.0280304823	0.022551377	0.1628295861322186	0.1162537020712051	0.0265134741199895	0.0135149232452605	-0.0280952794465605	0.0107599539752101	0.0007893447271803	0.0001157766095486	-0.0804604970552276	0.0404084013046598	0.0064738915863742	0.0016328388959984	0.0070681546624292	0.0005469508333018	2.991552140495334e-07	4.995881033201964e-05	0.002356941253421	0.0003988269412731	1.590629290853363e-07	5.555172072077754e-06	0.0050627647447663	0.000590585838722	2.563158686084858e-05	3.487916328989683e-07	0.0	0.0	0.0	0.0	0.0	0.0	0.0	0.0	0.0	0.0	0.0	0.0	0.0	0.0	0.0	0.0	0.0	0.0	0.0	0.0	0.0	0.0	0.0	0.0	0.0	0.0	0.0	0.0	0.0	0.0	0.0	0.0	0.0	0.0	0.0	0.0	0.0
5459.998112810689	0.3787303291665012	29811579.39189629	0.1434366622305663	11398.128762381417	27.369779002909127	129917339.28382652	749.1048026680853	5683.8198938379	0.1243281988818125	0.0154575010371955	32305808.58558748	6414.206413412273	6866.208702099761	1.047902	29.929192	0.1587453669744267	0.1007603498480242	0.0528037334	-0.0549684772	0.005935266	-0.0045296295	0.0585306326	-0.0872674104	-0.0138101196	-0.031978255	-0.0501328123	0.0416178723	0.0319266661	0.0301503958	0.0836486009	-0.0235171518	-0.0191397434	0.0092443488	-0.0232322304	0.1280152101	-0.0326779736	-0.0574058216	0.1057813681	0.0178261192	-0.0988057402	0.0527692085	-0.0216676396	0.057313493	-0.0056768941	-0.0007700352	0.0044933019	0.0181662019	0.0916935256	0.0451534261	0.0233001286	0.0804379461	-0.0296157336	-0.009640031	0.0115749003	-0.022333232	-0.0180038007	-0.0387221649	-0.0571055085	0.0869586918	0.0018756519	0.0398952369	-0.1496039961	0.0236521645	-0.0141514649	0.0138784117	-0.0029285248	-0.1014297851	0.0271421732	0.0604706101	-0.0496037485	0.034388804	-0.2000889574	0.0211028076	-0.0744655315	0.0706792689	0.1133208301	0.0662670657	3.22802e-05	-0.0095690343	0.0783262594	-0.058058868	-0.1175437079	0.0109274949	-0.0223005331	-0.0087445685	-0.024272659	0.125884679	0.0025810817	0.0973519585	-0.021330665	0.0265567668	-0.0524751419	-0.0573410272	0.0083619154	0.0347051207	0.0767428	0.0340818609	-0.025943386	-0.0193482199	0.0366290436	-0.0146134513	0.0259129005	-0.0704792546	0.0030963091	-0.0214918379	0.0054268466	0.0175222714	-0.0673337575	-0.1002505378	0.0268881578	-0.0273217973	-0.084882163	-0.1478716112	0.0705525559	0.0892350955	0.0455286076	-0.0521720584	-0.0496220472	0.0071018928	-0.0411260355	0.0582088975	-0.0691409989	0.095204593	0.0134276125	0.0398110113	0.0063732165	0.0207899299	-0.0172735734	0.122076335	-0.0462532705	-0.0078434379	-0.0550282362	-0.0182919467	0.0514649412	0.0419716727	-0.0173996925	-0.0120729825	0.0295287823	-0.0161433411	-0.101273215	-0.0455145399	-0.0573369984	0.0183489636	0.0142296362	-0.0010951166	0.0224330587	-0.0345222373	0.0338003049	0.078617579	0.0398011998	-0.0113606834	-0.058998719	-0.0883365796	-0.0902742713	-0.0642107624	-0.0182304111	0.0334046344	0.0717275061057023	-0.0911020800265162	0.0051448351321435	0.0082995889851577	-0.0282104068515849	-0.0001151274050243	0.0007958270547319	1.3254319387652018e-08	-0.0882146642120886	-0.0077541671568609	0.0077818269820515	6.012710829654163e-05	0.0065729927580654	-0.0004951619043638	2.451853115331851e-07	4.32042337975802e-05	0.0029380869077737	0.0005811456543527	3.377302715730279e-07	8.632354677631221e-06	0.0051819370337703	0.000119172289004	2.6852471421960137e-05	1.4202034466452964e-08	0.0	0.0	0.0	0.0	0.0	0.0	0.0	0.0	0.0	0.0	0.0	0.0	0.0	0.0	0.0	0.0	0.0	0.0	0.0	0.0	0.0	0.0	0.0	0.0	0.0	0.0	0.0	0.0	0.0	0.0	0.0	0.0	0.0	0.0	0.0	0.0	0.0
5454.164336626188	-5.833776184501403	29747908.610924985	34.03294457085575	11388.328495570591	-9.800266810825631	129694025.92302512	96.04522956337044	5680.838196570381	-2.981697267518939	8.890518595129908	32271922.61561302	6403.101590076585	6791.324015672984	1.044198	29.823408	0.065701385394367	0.0306317605591679	0.0563387636	-0.0219744762	0.009340958	0.1399293377	0.0356130256	0.0889617117	-0.0312535561	-0.0105507289	0.0259130666	0.0450083136	-0.0132895438	-0.1237878386	0.0387282452	-0.0221968416	-0.0134335323	-0.0289795965	-0.0112997323	0.011899862	0.0357280282	0.1061509215	0.0407200138	-0.1366183611	-0.0261567262	-0.1032610326	0.0109330973	-0.009046154	-0.0484733341	-0.0453641346	-0.0256503748	-0.0589084759	0.1389078001	0.0022812976	-0.0477585863	0.0635534153	-0.0210062059	-0.1201373177	0.0615369505	0.0014917135	0.055923083	0.0215456413	-0.1042653631	-0.0020272197	0.0130317394	-0.0746152665	-0.0029874321	-0.0832550712	-0.0630011838	0.0972507454	-0.0130714598	0.0191656651	-0.085042671	0.0412717014	0.0626603055	-0.0518630798	-0.180444822	0.03853801	0.0420769698	-0.0317870117	0.0411224661	-0.0935500946	0.0984889537	-0.0700449943	-0.109461104	-0.0230720839	-0.0679279678	0.0460762278	-0.0241754761	-0.0041733531	0.0036422341	0.0434244002	0.0680037592	-0.0885056477	-0.0566767682	-0.0604799629	0.1138393648	-0.0609655937	-0.0543645561	0.036815163	0.0808092184	0.0043261292	-0.0277330113	-0.0231938694	0.0247786261	0.0113792088	-0.0038533885	0.0212625749	0.0223739732	-0.0350621704	-0.0042838816	0.0180430754	-0.1312163413	-0.0272998398	0.0187470754	0.002864825	0.0275064036	-0.0739723972	-0.0157973868	0.0108108121	-0.1237779978	0.0174553002	-0.0096652933	0.0009699726	0.0109374257	-0.0329201321	0.0302044368	0.031746435	-0.0703539086	0.0374656902	0.0025189626	0.0199482482	-0.0181894615	0.0949711833	-0.0335092454	-0.0284763917	-0.0166566854	0.014084368	0.0172753666	0.0087422376	-0.0101904294	-0.0227622308	-0.0298187384	-0.0192287841	0.1049541096	0.0052306074	0.0103192608	-0.0019445035	-0.0601674422	0.067741371	0.0198072087	-0.0734418328	0.0457142339	0.0779334273	0.037499073	-0.0151181479	-0.0628237173	-0.0901188363	-0.0881357445	-0.0575187176	-0.0082147524	0.0437580584	0.0612850351953682	-0.0104424709103341	0.0037558555388975	0.0001090451987131	-0.0447194328661026	-0.0165090260145177	0.0019998276758658	0.000272547939948	-0.0742020457620284	0.0140126184500601	0.0055059435952701	0.0001963534758269	0.0063343253300279	-0.0002386674280375	5.69621412060353e-08	4.012367738663306e-05	0.0030720847429239	0.0001339978351502	1.7955419824940213e-08	9.437704667705803e-06	0.0050598568965689	-0.0001220801372014	2.560215181375585e-05	1.4903559899112775e-08	0.0	0.0	0.0	0.0	0.0	0.0	0.0	0.0	0.0	0.0	0.0	0.0	0.0	0.0	0.0	0.0	0.0	0.0	0.0	0.0	0.0	0.0	0.0	0.0	0.0	0.0	0.0	0.0	0.0	0.0	0.0	0.0	0.0	0.0	0.0	0.0	0.0
5453.783226375795	-0.3811102503932488	29743751.48029797	0.1452450229548048	11341.851574333346	-46.47692123724482	128637597.1342078	2160.104207693059	5686.779010820805	5.9408142504235	35.29327395803494	32339455.51791205	6417.410704038618	6935.777722968396	1.224601	34.97591	0.0618074586119671	0.0276351880345576	0.0431950572	-0.0421967749	0.0032372018	-0.1201598047	0.098693825	-0.045698015	-0.0231950029	-0.0013870123	-0.01682497	0.006003636	0.0353425949	-0.0005301892	-0.015386552	-0.0185683245	0.0085677485	0.0265496731	-0.0472285081	0.1150604945	-0.0800124972	-0.0335748784	-0.0151079844	0.1009683982	-0.0089274277	0.0091815815	-0.0351173604	-0.0114975623	0.1301947861	0.0607042091	0.0985922713	0.0426139801	0.0194642088	0.0859472333	0.0626399977	0.0405926397	-0.0409252694	-0.0404242178	-0.1401401913	0.0461928884	0.0110382791	0.0211011067	-0.0481527548	0.0640559688	-0.011929452	-0.0359857345	-0.0601157749	-0.1898522031	-0.0087680864	0.028173817	-0.0680762015	-0.0433266591	0.0346026619	-0.0684836511	-0.0555655151	-0.0374307487	0.0832245316	-0.022780147	-0.1221834018	-0.0113198702	-0.0194231872	-0.070577508	-0.0344845576	-0.0382611812	0.0161740812	0.1488035635	0.1288774581	-0.0688638413	-0.020244834	0.0200261848	-0.0155901692	0.0994799457	-0.0065489659	0.0824234676	-0.0103788673	0.0082542848	-0.1326983943	0.0693991392	0.0010174395	0.0030375868	0.0088871302	0.0384219031	0.0642573257	-0.0037335351	-0.0187707812	0.0243954607	-0.0075394708	0.0339639494	0.0776365635	-0.1255823657	-0.0980620926	0.1000832685	0.0214425757	-0.0443506702	0.0007128928	-0.0296626455	-0.0681961217	0.0493851832	0.0191529326	0.0435248387	0.0815952175	-0.1262941092	-0.0847349534	-0.0330171239	-0.0600390849	0.0595323892	0.0002256742	-0.09565516	0.0312759668	0.0409635911	-0.0026297903	0.0200439438	-0.0213298992	0.065423745	-0.0318306028	-0.0048212965	-0.051742804	-0.0046236064	0.0342451082	0.0309810098	-0.0203091405	-0.0276393077	0.0341419072	-0.0262349263	-0.0417549103	-0.0648513511	-0.077952141	0.0430183353	0.0395223722	-0.019355707	-0.0168351163	0.0317502527	0.0042983504	0.0772348614	0.0351692048	-0.0188504498	-0.0664628444	-0.0914845461	-0.0854106889	-0.0503057744	0.0018980517	0.0534567308	0.0504735366304203	-0.0108114985649479	0.0025475778999823	0.0001168885012198	-0.0338053702925407	0.0109140625735619	0.0011428030606157	0.0001191167618596	-0.0899050956750358	-0.0157030499130073	0.0080829262283373	0.0002465857765704	0.0059809766307423	-0.0003533486992855	1.248553032868252e-07	3.5772081457485514e-05	0.0032061808747507	0.0001340961318268	1.7981772570910558e-08	1.0279595801617164e-05	0.0050599890166655	1.3212009660010934e-07	2.560348884877549e-05	1.7455719925622218e-14	0.0	0.0	0.0	0.0	0.0	0.0	0.0	0.0	0.0	0.0	0.0	0.0	0.0	0.0	0.0	0.0	0.0	0.0	0.0	0.0	0.0	0.0	0.0	0.0	0.0	0.0	0.0	0.0	0.0	0.0	0.0	0.0	0.0	0.0	0.0	0.0	0.0
5452.665442163668	-1.117784212126935	29731560.424165905	1.249441544880233	11358.111414072466	16.259839739119343	129006694.89448322	264.3823883418446	5676.200672227358	-10.57833859344646	111.90124739759884	32219254.071394317	6406.797375732727	6806.074111052775	1.114443	31.829676	0.0653461351660183	0.0352077879839535	0.0564661852	-0.0105627146	0.0288470271	0.0936782212	-0.0310109296	-0.0356362785	-0.0303411125	0.0046599118	0.0073234901	0.0056845796	0.0184000981	-0.0586126309	-0.0067095302	-0.0432516822	0.017793026	0.0103284116	-0.0219722399	0.0270274291	0.0373713731	0.0191064827	0.0417483964	-0.0643348811	0.0510845631	-0.0626209314	0.0313640176	-0.0318562783	0.0049000008	0.1626056526	-0.1645033426	-0.1388291047	0.0464123808	-0.0232248852	-0.0470306208	-0.0786764522	-0.0843364587	-0.0570582168	-0.1032118366	-0.0101477048	-0.0506697437	-0.1050644541	0.0498940161	0.0789233942	0.0498862089	0.1119726681	0.0340900481	-0.0499063558	0.0644724185	0.072127442	-0.0147621392	0.0009500089	0.06256756	-0.0041583595	-0.0012171154	0.0451236525	-0.0822247068	-0.0860091675	-0.0794336775	-0.1103699994	0.0730082127	0.0260526733	0.0372658017	-0.1234387634	-0.120790178	-0.0414358254	0.0486113373	0.0158238628	-0.0377909734	0.0242758454	-0.0076602847	0.0574417872	0.0158597896	0.0020144327	-0.0274816878	-0.0043958069	0.0821267783	0.0409217558	-0.0885796916	0.0209245314	0.0799571446	-0.0618673899	0.0885762905	-0.1056046936	-0.0283717749	-0.0015910383	0.0818119397	0.0623110542	0.0276331037	-0.0155607723	-0.0334604596	0.0120432652	-0.0590500581	0.0711253745	0.0082644759	0.0035890376	-0.0398131815	-0.0394955306	-0.1347116766	-0.0159563301	-0.0558970337	0.0194409882	0.0831548958	-0.0492860616	0.1476049611	-0.0041504878	-0.0650529832	0.0583088912	-0.033052078	0.0395116754	-0.0099871399	0.0177360028	-0.0202089835	0.0551065019	-0.0241917654	-0.0163996345	-0.030624885	0.0014779052	0.0203024341	0.0144313949	0.012464283	-0.0388651461	-0.0034690741	-0.0108544474	0.0204490857	0.0340548384	0.0274145961	-0.0399135264	-0.0614696607	0.0083655838	0.0852470569	-0.0565866651	0.0428392342	0.0765220104	0.0328133187	-0.022551377	-0.0699053334	-0.0924273962	-0.0821172393	-0.0426372543	0.0119884099	0.0623555305	0.0348174321345453	-0.0156561044958749	0.0012122535804436	0.0002451136079857	-0.0456674935894625	-0.0118621232969218	0.0020855199707435	0.0001407099691113	-0.0876688658760542	0.0022362297989815	0.0076858300439935	5.0007237138532665e-06	0.0057712188730185	-0.0002097577577238	4.39983169253164e-08	3.3306967280284925e-05	0.0037061555594872	0.0004999746847365	2.499746853773625e-07	1.373558903111788e-05	0.005057887907641	-2.1011090244995104e-06	2.5582230086261052e-05	4.414659132833284e-12	0.0	0.0	0.0	0.0	0.0	0.0	0.0	0.0	0.0	0.0	0.0	0.0	0.0	0.0	0.0	0.0	0.0	0.0	0.0	0.0	0.0	0.0	0.0	0.0	0.0	0.0	0.0	0.0	0.0	0.0	0.0	0.0	0.0	0.0	0.0	0.0	0.0
5448.968109356328	-3.69733280733999	29691253.45678227	13.67026988823261	11358.823093336456	0.7116792639899359	129022862.06571355	0.5064873747932568	5677.06004485936	0.8593726320013957	0.7385213206330062	32229010.752938557	6408.850558513694	6935.217788317291	1.025798	29.297867	0.0640604746630218	0.0336679080258369	0.0569699378	-0.0233782754	0.004680227	-0.110560584	0.0642853696	-0.0320623319	-0.0397082168	0.0239884473	-0.0237477487	-0.0321550681	0.0566944725	-0.0181093538	-0.0087273408	-0.0311876551	0.021435737	0.0217036778	-0.0105966529	0.0603750136	-0.0142425005	-0.0065831879	0.0679793451	0.0534972908	0.0258736103	0.0325541976	0.0543381393	0.0034640082	0.0399086329	0.111912499	-0.0055716353	-0.052700531	0.0129342676	-0.0634466946	-0.0259562106	-0.0116998313	0.0237994699	-0.0913739989	0.0312482547	0.016383124	0.0928566401	-0.0417833946	-0.0382185445	0.0750712773	-0.041997955	0.0381950531	-0.028447701	-0.0121037428	0.0851568491	0.0508695203	0.0120091542	-0.1041308416	-0.1056309691	-0.0689013413	0.0105353444	-0.0479709112	-0.0283959453	-0.1405289239	-0.087193924	-0.1207612088	-0.0679311597	0.0132515161	-0.0294383606	-0.0545027169	0.0079025717	0.0646186046	-0.0709599583	-0.118523412	-0.0258857308	0.0387160205	-0.0068023883	0.0465417705	0.0168834695	0.0429088006	0.0007505862	0.0354245926	-0.1095594946	0.0640009006	-0.0644169835	0.0123216897	0.047596741	0.0234761642	0.050347103	-0.0925167321	-0.045246325	-0.0192232077	-0.0008731215	0.0380995163	0.0644664813	-0.1197271001	-0.0695858457	-0.0211732923	-0.1047705071	-0.0690227465	-0.0474026721	0.0181124779	-0.0069154131	-0.0131150478	-0.0764779517	-0.0101213498	0.0314821225	-0.0296735563	0.0208795516	0.0485731473	0.0985493336	0.0347489884	0.0457966441	-0.0858765737	-0.0253730306	0.0423220648	-0.0129992583	0.0192520238	-0.0339329982	0.039234974	-0.0319107362	-8.90085e-05	-0.0525348244	-0.0112927676	0.0327527135	0.0300098223	0.0106065909	-0.0326494062	0.0230497782	-0.0354375652	-0.0164783184	-0.0537575374	-0.048979271	0.0497179084	0.0449693328	-0.0285835481	-0.0155220468	0.0460102329	0.0059962325	0.0757950062	0.0304331576	-0.0262147696	-0.0731409993	-0.0929430287	-0.0782773129	-0.0345826047	0.0219369967	0.0703213046	0.0370518795474339	0.0022344474128885	0.0013728417779975	4.992755240964552e-06	-0.0213842231329977	0.0242832704564648	0.0004572849990018	0.0005896772240618	-0.0798357541507357	0.0078331117253185	0.0063737476408167	6.135763930132222e-05	0.0061332575502546	0.000362038677236	1.3107200381486497e-07	3.761684817775506e-05	0.0037601299914185	5.397443193129979e-05	2.913239302306514e-09	1.4138577552364889e-05	0.0052360676998406	0.0001781797921995	2.7416404957314036e-05	3.174803834829258e-08	0.0	0.0	0.0	0.0	0.0	0.0	0.0	0.0	0.0	0.0	0.0	0.0	0.0	0.0	0.0	0.0	0.0	0.0	0.0	0.0	0.0	0.0	0.0	0.0	0.0	0.0	0.0	0.0	0.0	0.0	0.0	0.0	0.0	0.0	0.0	0.0	0.0
5445.458148686237	-3.5099606700905497	29653014.44909334	12.3198239055825	11326.39881429867	-32.42427903778662	128287310.1005463	1051.333871120249	5674.630501807256	-2.4295430521033268	5.902679442023548	32201431.33204127	6395.862232346708	6773.602611912507	1.04043	29.715782	0.0381467791951242	0.0223102385074514	0.0549163672	0.003544843	0.0261451234	0.0947754905	-0.062424957	-0.0221418896	-0.0390448323	0.0179821177	-0.0113656684	0.0507084813	-0.0135620944	-0.0357613916	-0.0205101771	-0.0193979104	0.0073873065	0.0106969956	0.0118235625	0.041371577	-0.0866520872	-0.0736746755	0.0569674334	-0.0780979714	0.0197786291	0.006275638	0.022993607	-0.0256454182	0.0390175218	0.0560884948	-0.1386188148	-0.0160889288	-0.0728597505	-0.100911359	-0.0309821859	-0.0354945469	0.0034323086	-0.1797161035	-0.0865842413	0.1189630248	0.0158092145	0.1024865567	-0.0409287948	0.0383829994	-0.0267327436	0.0529671129	0.0941968501	-0.0537798021	0.0252473715	0.0914548007	0.0055321801	-0.1262344441	0.01148023	0.0488212345	-0.0201524606	-0.0459746933	0.1637596411	0.125770971	-0.0865541528	0.0554872576	-0.0740701121	-0.0532270816	0.1159778627	-0.0367754698	-0.0227260908	-0.0527670607	0.0038079138	0.0494949295	-0.0172860718	0.0185392906	-0.0244277756	0.0650417247	-0.021399466	0.0480668093	-0.0016737023	-0.0608356166	0.0717091494	-0.0164334389	-0.0609027498	0.0062303456	0.0824188037	0.0265267223	0.115117105	-0.1162825791	0.0168583456	-0.081700006	0.0563457578	0.1312814378	-0.0132285925	-0.0216451225	-0.0445419027	-0.0184574921	-0.0195777136	-0.0136192925	0.0691623659	-0.0274547214	0.0237737304	-0.0280751939	-0.0607100624	-0.0118293447	0.0180290794	0.1015492437	-0.0463628734	-0.0590120353	0.0527394217	-0.090780954	0.0099286988	-0.1258905638	0.0120367108	0.0373096385	-0.0180544117	0.0143572423	-0.0276111251	0.0267579041	-0.0161849115	-0.0161715671	-0.0246817332	-0.0066557627	0.0203167889	0.0208866557	0.0430869224	-0.0242169127	-0.0090373596	-0.0191389154	0.0120859538	0.0403523421	0.0351604401	-0.0521519623	-0.037536272	0.0103361502	0.0859764759	-0.0690611581	0.064624062	0.0750539832	0.0280304823	-0.0298345303	-0.0761602691	-0.0930290603	-0.073916464	-0.0262147696	0.0316261628	0.0772348614	0.0395182838248331	0.0024664042773991	0.00156169475646	6.083150059573066e-06	-0.0271122414444846	-0.0057280183114869	0.000735073636144	3.281019377672924e-05	-0.0784986748794125	0.0013370792713231	0.0061620419578237	1.7877809778021554e-06	0.005874667947639	-0.0002585896026155	6.686858258089384e-08	3.4511723495017025e-05	0.0037608657325334	7.357411149003235e-07	5.41314988154771e-13	1.414411105814399e-05	0.0055490479028084	0.0003129802029677	3.0791932627662297e-05	9.795660744976512e-08	0.0	0.0	0.0	0.0	0.0	0.0	0.0	0.0	0.0	0.0	0.0	0.0	0.0	0.0	0.0	0.0	0.0	0.0	0.0	0.0	0.0	0.0	0.0	0.0	0.0	0.0	0.0	0.0	0.0	0.0	0.0	0.0	0.0	0.0	0.0	0.0	0.0
5460.550269158401	15.092120472163517	29817609.24200588	227.7721003462971	11368.166884441764	41.76807014309452	129235218.31251836	1744.571683478464	5683.58561568903	8.955113881774196	80.1940646355449	32303145.45086725	6411.176965820923	6854.470799803476	1.008752	28.811022	0.0313382222462434	0.0187410524538942	0.0644712131	0.0044337632	-0.0132450612	-0.0461712534	0.0472947941	0.0368776616	-0.0537683513	-9.72979e-05	0.004841186	0.034537027	0.0233551831	-0.0836754393	-0.0399647188	-0.0326684564	0.0351801717	0.0129885542	0.0029078907	0.0430803542	0.0296649014	0.0413465249	0.082948444	0.1051068522	-0.0659474876	0.062295137	-0.0040989044	-0.0912304549	0.0322987552	-0.0164981778	-0.1250005641	0.0504870057	-0.0553010695	-0.0136001427	0.0401826818	-0.0199380411	0.0688449843	-0.0820358666	0.0234772709	0.0061807598	-0.0140299342	-0.0252839758	0.1047123473	-0.0203458572	0.0303077402	-0.0440981308	-0.071685371	-0.0601549898	-0.0317062914	-0.0063323599	0.0468771991	0.0615303584	-0.001405415	0.0693574254	0.0778478582	-0.0224622208	0.0288562348	0.0066973252	0.0236279015	0.0929006133	0.2081486241	-0.0611715422	0.0063166572	0.0447710912	-0.0375329669	0.023159617	-0.0246359957	0.0376644716	-0.0285044808	0.0377035984	-0.0140790164	0.027549508	0.0464758492	-0.0439090943	0.0087112859	-0.0035217549	-0.1608207811	-0.0063356967	0.0301220138	0.0324874745	0.0301801017	0.0202911945	0.0522214594	-0.0277168781	0.0327970884	0.0082080755	-0.0120884859	0.0597867362	-0.0610068726	0.020155622	0.0407802221	-0.0697766506	0.0742983125	-0.0479758837	0.0506445042	-0.0491459082	0.0495033689	-0.0055154369	-0.02184658	0.0511488689	0.0121258514	0.0225602244	0.1118247148	-0.0623105188	-0.0920170204	-0.0335724514	-0.0479245556	-0.0076162491	-0.083198518	0.0451460061	-0.0186500664	0.0187798161	-0.0354570446	0.0165797386	-0.0246462386	-0.0049362965	-0.0505695118	-0.0069557017	0.0230550924	-0.0020154101	0.0425843661	-0.0175060112	0.0036360425	-0.0370259783	0.0736048524	-0.048843366	-0.0542744497	0.0372401403	0.0637600927	0.0136719914	-0.0229511329	0.0528235585	-0.03429283	0.0742990785	0.0256070703	-0.0334046344	-0.0789542098	-0.0926850932	-0.0690637132	-0.0176095295	0.0409413271	0.0829927534	0.0397336570767805	0.0002153732519473	0.0015787635046951	4.638563765439752e-08	-0.0298526044669387	-0.0027403630224541	0.0008911779934594	7.509589494833771e-06	-0.0766264573838455	0.0018722174955669	0.0058716139711982	3.505198350707168e-06	0.005887919805826	1.3251858186999477e-05	1.7561174540834502e-10	3.466759963983808e-05	0.004033134050283	0.0002722683177495	7.413003685019696e-08	1.6266170267552156e-05	0.0057937330963973	0.0002446851935889	3.356734319228945e-05	5.987084396163781e-08	0.0	0.0	0.0	0.0	0.0	0.0	0.0	0.0	0.0	0.0	0.0	0.0	0.0	0.0	0.0	0.0	0.0	0.0	0.0	0.0	0.0	0.0	0.0	0.0	0.0	0.0	0.0	0.0	0.0	0.0	0.0	0.0	0.0	0.0	0.0	0.0	0.0
5455.820765899933	-4.7295032584679575	29765980.229624927	22.368201071859023	11368.519734908125	0.3528504663609055	129243240.9629955	0.1245034516111085	5689.24150338529	5.655887696259924	31.989065632704392	32367468.88384172	6415.473851133497	6837.994672540454	0.924093	26.393087	0.0552175319244941	0.0258507840688008	0.060415842	0.0092786436	0.0148059013	0.0402213241	-0.043315384	-0.0789029254	-0.0412982497	-0.0115347748	-0.0183454236	0.0123726134	-0.0240108572	0.0396464981	0.0183984975	-0.0486763567	0.0201254667	0.0251488221	-0.0600456231	0.077744699	-0.0340557442	0.0034239515	-0.0230891005	-0.0008792586	0.0329685942	-0.1034942634	0.0133387991	-0.0340581407	-0.0640666588	0.0976398251	-0.0409271255	0.0756181347	-0.12589862	-0.0005776676	0.0273406481	0.0321671518	0.0022682046	0.0548713369	0.0198721383	0.0358956032	-0.0318359614	0.0006674708	0.0925829634	-0.054634551	0.0116133133	-0.1223458774	0.0563908064	0.0938551904	0.0466297323	0.007972931	0.0418716815	0.1118831925	0.0522055234	0.0436949468	-0.1822374735	-0.0156552223	0.034487483	-0.0656406194	-0.0138601961	-0.0525394378	-0.0260331072	-0.0090808451	0.0782452357	0.0647291299	0.0504013552	0.0304285074	-0.010751484	-0.0186619287	-0.0409862927	0.0270371261	-0.0056884738	0.0664751083	-0.0605335189	0.0330210425	-0.0258894926	0.0228546036	0.0388870182	0.0327139262	-0.0345041546	-0.0033807207	0.0225163273	-0.0726182687	0.0310729517	-0.059903804	-0.036250288	0.0293899031	-0.0310734364	-0.0574564238	-0.055366218	0.0091506228	0.0357194588	-0.0635049873	0.0822674741	0.0134039265	0.0610608919	0.0244398828	0.0362918999	0.101189348	0.0187104628	-0.1417976438	-0.0253519951	0.0781058972	0.0256066012	-0.0058765149	-0.0492613302	-0.139770305	0.054968045	0.0046157924	-0.0579220617	0.0418671406	-0.0195809032	0.0195625843	-0.0405873927	0.0259475842	-0.0200876467	-0.0129904935	-0.0267146627	0.0030446437	0.0273989642	0.0200441565	0.0624681419	-0.0237555351	0.0269543503	-0.0066986318	-0.0465355967	0.0233321176	0.0230777115	-0.0505720586	0.0131430359	-0.0604098918	0.0504006517	0.0036135687	0.0160110036	0.0735304317	0.0231647145	-0.0369191397	-0.0815145553	-0.0919127174	-0.0637513548	-0.0088448147	0.049772331	0.0875088252	0.0331512381711434	-0.0065824189056371	0.0010990045922798	4.332823864928872e-05	-0.0340567444246744	-0.0042041399577356	0.0011598618408075	1.7674792784229924e-05	-0.0744916066214642	0.0021348507623813	0.0055489994570469	4.557587777640037e-06	0.006238233502566	0.00035031369674	1.2271968612364497e-07	3.891555723253687e-05	0.0042380718552499	0.0002049378049669	4.1999503904651175e-08	1.7961253050261327e-05	0.0060844040406652	0.0002906709442678	3.701997253006302e-05	8.448959784159251e-08	0.0	0.0	0.0	0.0	0.0	0.0	0.0	0.0	0.0	0.0	0.0	0.0	0.0	0.0	0.0	0.0	0.0	0.0	0.0	0.0	0.0	0.0	0.0	0.0	0.0	0.0	0.0	0.0	0.0	0.0	0.0	0.0	0.0	0.0	0.0	0.0	0.0
5454.704034464115	-1.1167314358181102	29753796.103599086	1.247089099744378	11361.39476044324	-7.124974464884872	129081290.9026271	50.76526112526147	5685.644162552664	-3.597340832626287	12.940861066080387	32326549.543169186	6414.931131718603	6830.670857884714	0.90637	25.886894	0.0325960601435428	0.0212259133635152	0.0743120671	0.0271767482	-0.0011759999	0.0174231215	0.0073030942	0.0875149451	-0.0601935101	0.0191155399	-6.55104e-05	0.0176756112	0.0243879435	-0.0720118896	-0.0618282356	-0.0508780549	0.0402607447	0.0296103921	-0.0527902621	0.0111308453	0.1015669309	0.0998239807	-0.0667446831	-0.0116301666	0.0416542808	0.0387917249	0.0902958768	-0.0159731104	0.0499393695	-0.0621467826	-0.0760153214	0.1155852867	0.0200361429	-0.0103864864	-0.0258000965	0.0906415455	-0.1292590127	-0.0306049266	-0.0137087848	-0.0652779726	0.0329127796	0.0051864929	0.022671507	-0.0673691365	0.0285654692	-0.098575444	0.0455279522	-0.0624752345	-0.0012467837	0.0166110896	-0.0321957987	0.0841093449	-0.0014633038	0.0068918557	0.0820677357	-0.0944085945	0.0380346696	-0.0247501067	0.0534756653	-0.0047024276	-0.0002426027	-0.1065755926	-0.0728844348	0.0040532664	0.0902094099	0.0068469058	-0.0874128333	0.0167321939	-0.0482583799	0.0499573613	0.0074784423	0.033976504	0.0275155235	-0.1010939762	-0.0246927084	0.0236394756	-0.0167775591	0.0440865273	-0.0194523901	0.0459545397	0.0061374123	0.025887397	-0.0196343045	-0.0288984985	0.0666504135	0.081777849	-0.0028234034	0.0752408598	0.034175062	-0.0309883381	0.0660023565	-0.0272802308	0.010957905	0.0775965595	0.0561778184	0.0331489961	0.0122855397	0.0201013203	0.0629231036	0.0405192321	-0.0517618973	-0.0476420312	0.0267021113	-0.0209745644	-0.0926908339	-0.0024113937	0.0757717467	0.0114071748	0.0502309525	0.0494570396	-0.0275024577	0.0250529213	-0.0577442315	-0.0020150759	-0.0229322825	7.73309e-05	-0.036871574	-0.0059449536	0.0024840565	-0.021469753	0.0574742624	-0.0294868002	0.0018844937	-0.0450168311	0.1116534175	-0.0513705249	-0.0014392485	0.018098064	0.0456553655	0.0055664862	0.0032506375	0.0504207225	0.0225064362	0.072748185	0.0207052216	-0.0403721968	-0.0838337306	-0.0907155029	-0.0580147416	-0.0	0.0580147416	0.0907155029	0.014137140879697	-0.0190140972914463	0.0001998587522524	0.0003615358958085	-0.0314599199348464	0.002596824489828	0.0009897265623069	6.743497430970464e-06	-0.0766316446188426	-0.0021400379973783	0.0058724089569885	4.579762630223351e-06	0.0060632326001653	-0.0001750009024006	3.062531584105932e-08	3.676278956370727e-05	0.0042370394985715	-1.032356678400126e-06	1.065760311437341e-12	1.7952503712455027e-05	0.0060852727888839	8.68748218699894e-07	3.703054491513084e-05	7.54723467494239e-13	0.0	0.0	0.0	0.0	0.0	0.0	0.0	0.0	0.0	0.0	0.0	0.0	0.0	0.0	0.0	0.0	0.0	0.0	0.0	0.0	0.0	0.0	0.0	0.0	0.0	0.0	0.0	0.0	0.0	0.0	0.0	0.0	0.0	0.0	0.0	0.0	0.0
5454.106051591321	-0.5979828727931817	29747272.822005074	0.3575835161539866	11384.911292874083	23.51653243084365	129616205.14661182	553.0272975709213	5685.236451497712	-0.407711054952415	0.1662283043304111	32321913.50943829	6412.444783579572	6866.7775639396	0.8306179999999999	23.723345	0.1759730854129753	0.0843137214960205	0.0687110666	0.0085168446	-0.0018523917	-0.0136583581	-0.0080972832	-0.021410989	-0.0490618061	-0.0086101711	-0.0268634472	-0.0214844102	-0.0165644526	0.0412731069	0.0112694771	-0.0493786814	0.0427592564	0.0250218892	-0.054243166	0.0688343343	0.0251494432	0.0144804016	-0.002864941	0.0042520009	0.0298664739	0.009805578	0.1169510452	0.0335639859	-0.0437599903	-0.0920760582	-0.0091709134	0.1254823088	0.0857942125	-0.0530661094	0.0436436613	0.0174735076	0.0005467289	0.1182154242	0.0691453361	-0.0530894343	0.0482653734	-0.0336094515	-0.0750250273	0.0743288868	-0.0376011175	0.112075897	0.024118453	-0.0329431446	0.0426646387	-0.0343177382	-0.0386462368	0.0318151642	0.0042287674	0.0018508746	0.1305620968	-0.0846353391	0.060581143	0.009631475	0.0558870579	0.0246408788	-0.0026741681	0.0014056291	0.0579255845	0.0577880233	-0.0710970363	-0.0047027682	0.1817480503	0.0039124753	-0.0521326298	0.0339245522	0.001409939	0.0287281061	-0.0268637156	-0.0058859676	-0.0151370976	0.0620923218	0.0277193489	-0.0110027156	-0.0497932494	0.0326680654	-0.0274303438	-0.0347621021	-0.0066929	-0.0417072199	0.0139529313	0.0657767464	-0.11878602	-0.0573927321	0.1031599916	0.0269715435	0.0489706303	-0.1116463233	-0.0726431165	-0.0104200672	-0.0184377293	-0.0123738714	0.0272028323	-0.0828802298	0.0180757861	-0.0278264088	0.0376223111	-0.0129875984	0.0354338217	0.0698942258	-0.0374667735	0.0954691863	0.0293442087	0.0362000324	0.1040029765	0.051112629	-0.0283233736	0.0211683505	-0.0663033279	0.0085958181	-0.0135623185	-0.0090837809	-0.0196827222	0.0007116129	0.0494488677	0.0040645713	0.0966496708	-0.0447077838	0.0342391786	-0.0082392817	0.0442515659	0.0065460396	0.0474811786	-0.0464776601	0.0453563855	-0.1321793992	0.0165885166	0.0764046937	-0.0099672537	0.071952483	0.0182304111	-0.0437580584	-0.0859048739	-0.0890989834	-0.0518920499	0.0088448147	0.0655710866	0.0925648049	0.0178911058412154	0.0037539649615184	0.0003200916682215	1.409225293230784e-05	-0.0745415820368151	-0.0430816621019687	0.0055564474525512	0.0018560296094682	-0.0722668530976093	0.0043647915212332	0.0052224980566314	1.90514050238301e-05	0.0067199904426304	0.000656757842465	4.3133086363941246e-07	4.515827154904392e-05	0.0053096720028111	0.0010726325042396	1.150540489151316e-06	2.819261677743604e-05	0.0068513357787443	0.0007660629898603	4.6940801953101766e-05	5.868525044338552e-07	0.0	0.0	0.0	0.0	0.0	0.0	0.0	0.0	0.0	0.0	0.0	0.0	0.0	0.0	0.0	0.0	0.0	0.0	0.0	0.0	0.0	0.0	0.0	0.0	0.0	0.0	0.0	0.0	0.0	0.0	0.0	0.0	0.0	0.0	0.0	0.0	0.0
5447.715105161243	-6.390946430078657	29677599.86700197	40.84419627213513	11379.937101403062	-4.974191471021186	129502968.43188992	24.742580790379908	5677.9911240319625	-7.245327465749142	52.49477008593888	32239583.20458575	6406.8246055860845	6849.721066553186	0.883675	25.238705	0.0429183253027929	0.0232554970860539	0.0833966507	0.0214401915	0.0035606302	-0.0222118262	-0.001693598	0.0093098799	-0.0654777408	0.0051115753	-0.002899215	0.0068322496	0.0076789911	0.0197662283	0.010254095	-0.0621556268	0.019987695	0.0182065108	-0.0671740214	0.0141665494	0.105860423	0.0289965545	0.1426767658	0.0170424158	0.011040715	0.0400065767	-0.0281586345	-0.010906913	0.003821449	0.0214921981	0.0278114535	0.0502253056	-0.0847480015	-0.0064481614	-0.0469322687	-0.0646250954	-0.0984254016	0.0304708589	-0.0182236609	0.1518704834	0.0212913457	-0.0497009776	0.1009165163	-0.081969508	0.0138357367	-0.0521601214	-0.0439750519	0.0178514021	-0.0220728252	-0.0411240694	-0.0614967184	0.0615517344	0.0902850651	0.0522631347	0.0355220982	0.0360258514	0.0406713927	-0.0618013709	0.0004509339	0.1174809163	-0.1257588407	0.1079887525	-0.1453490641	0.0096033703	0.0165189247	0.0006056199	0.0167817875	0.0042238387	-0.0511180499	0.0361344187	0.0036555801	0.0107179057	0.0386156016	-0.0883526161	0.0078581172	0.1004813617	-0.0859150012	-0.0452630068	-0.0421520471	0.0005498612	0.0487910546	0.0684194578	-0.026334443	-0.0792881722	-0.0450070598	-0.0239245846	-0.0436150261	-0.0399917694	-0.0859071765	0.0111356121	0.0327878773	0.0515178039	0.0670811853	0.074102091	0.0481933733	0.0479501085	-0.0124722083	0.103628582	0.0081449581	0.0474236557	0.1354131127	0.0837131513	0.040923467	-0.0423176023	-0.0571957716	0.0566491493	0.1286651588	0.040449408	0.0048236471	0.0544771071	-0.0335877022	0.0217898912	-0.0777134582	-0.0043141136	-0.0260146462	-8.5442e-06	-0.0431135004	-0.0086096556	0.0457360875	-0.0042646993	0.1050396855	-0.0459809959	0.0431518872	-0.0224600825	0.1007116746	-0.0333868145	0.0233476817	-0.0017043075	0.0575981307	-0.0681485564	0.0053699106	0.0992325475	-0.0387750556	0.071143473	0.015742114	-0.047071089	-0.0877218577	-0.087070631	-0.0454240252	0.0176095295	0.0723520068	0.0930290603	0.0179579217904404	6.681594922499853e-05	0.0003224869550315	4.464371070837582e-09	-0.0572042792580589	0.0173373027787562	0.0032723295654339	0.0003005820676422	-0.0658285996500325	0.0064382534475768	0.0043334045318842	4.145110745523455e-05	0.0067187963486966	-1.1940939337994757e-06	1.4258603227367061e-12	4.5142224375258766e-05	0.0055282183919296	0.0002185463891185	4.7762524196735025e-08	3.05611985888687e-05	0.0070131143582367	0.0001617785794923	4.918377300170576e-05	2.6172308782578733e-08	0.0	0.0	0.0	0.0	0.0	0.0	0.0	0.0	0.0	0.0	0.0	0.0	0.0	0.0	0.0	0.0	0.0	0.0	0.0	0.0	0.0	0.0	0.0	0.0	0.0	0.0	0.0	0.0	0.0	0.0	0.0	0.0	0.0	0.0	0.0	0.0	0.0
5457.176649701705	9.461544540462455	29780776.98604953	89.52082509115489	11366.794249242666	-13.142852160395703	129204011.50461616	172.73456291001804	5681.215607666252	3.2244836342897543	10.397294707802462	32276210.780790623	6404.505709880881	6854.510729740299	0.856174	24.453226	0.0227847617158612	0.0153877973604029	0.0629325677	0.0086643736	-0.0022788725	-0.0172158139	-0.0444979064	-0.0657870744	-0.0591372152	-0.023435868	-0.0220907069	0.0144445726	-0.071604824	0.0759052413	0.0315437541	-0.0553752973	0.0527712368	0.0352215652	-0.066046505	0.0388166236	-0.0095736238	0.0103266063	0.0145433528	-0.0613932279	0.0179469579	0.0870158845	0.0545283418	0.0144060828	-0.0403480901	0.0792551464	0.0026466718	0.0783555969	-0.0438986392	-0.0322814015	0.0468607882	0.0567875905	0.0316542309	0.0927714718	0.1867480971	-0.0161993008	-0.0059120268	0.0296371623	-0.0013277024	-0.1635175259	0.05662384	-0.002257838	0.0126493802	0.0526381572	-0.0016632314	-0.1636911919	-0.1216621935	0.0208024862	-0.0369539699	0.0426796165	-0.0565284474	-0.0036111263	0.0649603802	0.0545980929	-0.1159289392	0.0011827956	-0.0095875789	-0.0078542302	0.0963408947	0.0531450667	0.0235504849	-0.0544624322	0.0525125063	0.0938134227	-0.0490207753	0.0342842829	-0.0021262321	0.0013191057	-0.0760587663	0.0181639097	-0.0258603374	0.0543183397	0.0069313285	-0.0759566949	-0.0061928078	0.0429731599	-0.0294896414	-0.0053247268	-0.0481193442	-0.0897251248	0.0666043643	0.0123486932	-0.0772114985	-0.0803719493	-1.564e-06	0.1363080309	0.1109422493	-0.1091621515	-0.0164926258	0.0605454185	0.060851468	0.0394918589	0.0323938097	0.1089059077	-0.0456448008	0.0047904826	0.027246196	0.0222468172	-0.0012273892	0.1153420649	0.0202137617	-0.0059101143	-0.0075729162	-0.0059504156	0.0541753358	0.0496717328	-0.0308084082	0.0197634391	-0.0637023572	-0.0117137124	-0.0064215029	-0.0164685647	-0.0070435038	0.0241336169	0.0453797269	0.0128044021	0.1059297021	-0.0545365351	0.0430001791	0.0158525711	0.0063082669	0.0025889958	0.0570877756	-0.0584876552	0.0775444988	-0.1194565262	0.0095323341	0.0495306732	-0.0128197778	0.0703213046	0.013242171	-0.0503057744	-0.0892793062	-0.0846398209	-0.038653711	0.0262147696	0.0782773129	0.0921013223	0.0046243678662847	-0.0133335539241556	2.138477816272651e-05	0.0001777836602483	-0.0597578387675099	-0.0025535595094509	0.0035709992941637	6.520666168307627e-06	-0.065845967587947	-1.736793791450031e-05	0.0043356914475929	3.0164526740193727e-10	0.006587306896442	-0.0001314894522546	1.7289476054214823e-08	4.339261214791233e-05	0.0055272371368215	-9.81255108100168e-07	9.628615871726725e-13	3.055035036665874e-05	0.0070079794587126	-5.1348995240996925e-06	4.911177609373775e-05	2.636719312259925e-11	0.0	0.0	0.0	0.0	0.0	0.0	0.0	0.0	0.0	0.0	0.0	0.0	0.0	0.0	0.0	0.0	0.0	0.0	0.0	0.0	0.0	0.0	0.0	0.0	0.0	0.0	0.0	0.0	0.0	0.0	0.0	0.0	0.0	0.0	0.0	0.0	0.0
5465.741259158423	8.564609456718244	29874327.512066707	73.35253514610758	11377.175026407049	10.38077716438238	129440111.58150025	107.76053453656267	5697.944747732405	16.729140066152468	279.8641273529478	32466574.348211296	6419.751897437104	6880.5910604818855	0.858256	24.512712	0.0610689584175835	0.0257751604290816	0.0779719866	0.0226381176	-0.0036276483	-0.0023883686	-0.0537326951	0.0120198482	-0.0739254715	-0.0061533271	-0.0028718504	0.0562035744	-0.0385489077	0.0222186076	-0.0060936516	-0.0486654405	0.0397619712	0.044528567	-0.0786974155	0.004526524	0.0858861001	0.0459943068	-0.0407761737	0.0345486874	0.0649004549	-0.0626829837	-0.0738992558	-0.1407828036	0.0092796614	0.0216601301	-0.005821374	0.0430217348	0.1250011266	-0.0275055324	0.0477241709	-0.0722755937	0.0849234407	0.126487866	0.1323859607	0.0239221074	-0.0553521586	0.0614520322	-0.0575322242	-0.0732466094	-0.0312455403	-0.0244409257	-0.0394605837	0.0751800651	-0.0202937299	-0.0184138839	-0.108000203	-0.0854674154	0.0850886966	0.0498613037	0.0198775126	0.0885704932	-0.0199019763	0.0224217212	-0.0545018195	-0.0315091646	0.0044109046	-0.0228809697	0.0690519681	0.0392862497	0.1569132011	0.0389620842	0.0563971041	-0.0171775508	-0.0530013994	0.034196968	0.0035116777	0.0205370855	-0.0488660993	-0.1004454625	0.0219635683	0.0450358398	-0.0110322232	-0.0375035991	0.0153409986	0.0433145915	-0.0208154704	-0.0177343165	0.0058074656	0.0908166462	-0.0327366582	0.0405705391	-0.0945056313	-0.0862181055	0.0265442663	-0.0035033656	0.132169522	0.0070398812	-0.0082947289	-0.0070369169	0.0821973616	-0.0203993233	0.1192325761	0.0473692151	-0.0771363856	-0.07320521	0.0722312247	0.0387847886	-0.0310385785	0.1275334353	0.0496371703	0.0299831461	0.0482934191	-0.0233902124	0.0496222752	0.0522568315	-0.0365352032	0.0305718751	-0.0827370696	-0.0432726901	-0.0150803107	0.0127112478	-0.0206294418	-0.002343087	0.0408859844	-0.0195486077	0.0911319318	-0.0131745705	0.0207463773	-0.031806564	0.0872506331	-0.0174731646	0.0299311872	0.0009854331	0.0322501588	-0.0488212639	0.0157156222	0.1030877557	-0.0290097219	0.0694861298	0.0107324316	-0.0534567308	-0.0905726114	-0.0818177889	-0.0316261628	0.0345826047	0.0832769341	0.0897954726	-0.0043181772109619	-0.0089425450772466	1.8646654425270696e-05	7.996911245858742e-05	-0.0650937215851996	-0.0053358828176897	0.0042371925898114	2.847164544411625e-05	-0.0576289564031498	0.0082170111847972	0.0033210966161161	6.75192728110823e-05	0.0068259454884216	0.0002386385919796	5.6948377582006065e-08	4.65935318109032e-05	0.0052591573973563	-0.0002680797394652	7.186674671172955e-08	2.765873653016749e-05	0.0067432274034004	-0.0002647520553122	4.54711158139701e-05	7.00936507920343e-08	0.0	0.0	0.0	0.0	0.0	0.0	0.0	0.0	0.0	0.0	0.0	0.0	0.0	0.0	0.0	0.0	0.0	0.0	0.0	0.0	0.0	0.0	0.0	0.0	0.0	0.0	0.0	0.0	0.0	0.0	0.0	0.0	0.0	0.0	0.0	0.0	0.0
5458.643219211145	-7.0980399472782665	29796785.79463981	50.38217109315806	11365.155991534795	-12.019034872253542	129166770.71191923	144.4571992604467	5694.10842661668	-3.836321115724786	14.717359702955868	32422870.77406708	6417.737891511118	6854.427401330507	0.930799	26.584595	0.0425311109043494	0.0231247182997235	0.0424577434	0.0211824969	-0.0044968423	-0.0110575557	-0.0488719235	-0.080537323	-0.044441328	0.0011112245	0.0096741393	-0.022589083	-0.0420134018	0.0489454137	-0.0616546806	-0.0386977841	0.033273	-0.0285547219	-0.0627596227	0.0311596732	-0.0039432508	-0.0246488063	-0.0895034474	0.0689036054	0.0060896371	-0.0101823605	0.1203945539	-0.0930522846	-0.000514973	0.0405263709	0.0404284899	0.0822542304	-0.0377863379	0.0889672776	0.0517377374	-0.1220278341	4.77262e-05	-0.0305076188	-0.0163681189	-0.0091678098	0.0282794375	-0.0109283553	0.0918258185	-0.1352537628	-0.1420673702	-0.0167392809	-0.0020169901	-0.0567872208	0.0097642833	-0.0804196334	0.0381554187	-0.0235554432	-0.109460508	0.0248776604	0.0130606192	-0.020711491	0.0441960403	0.0537799548	-0.0515966436	0.0848940628	-0.0409283043	0.0691751757	0.0671918651	-0.0397139092	-0.1088595681	0.0397360929	-0.1235816212	-0.1013121533	-0.0365136127	0.0322723626	0.028528662	0.0155121471	-0.0390662483	0.0136768246	-0.0069106243	0.033004079	-0.0255069647	0.037223193	0.0160912414	0.040409312	-0.0165782718	-0.1058595123	0.0333660988	0.007192652	0.0624542018	0.1276974718	-0.02137049	-0.0208031332	-0.0139199409	0.144909492	0.0418089293	-0.0573805989	0.0812681546	0.0484052197	-0.0092725066	0.0519062084	0.0413511772	0.1285813151	-0.0796593451	-0.0780114611	0.0675122945	-0.0223851091	-0.031714323	0.0261990295	-0.0496510379	0.0951156897	0.0585305562	-0.1121472413	-0.0658605301	0.034022735	-0.0295350243	0.0103050592	-0.0539299493	-0.0205429836	0.0045695853	-0.009089686	0.0154730001	0.0095004396	0.0305931808	0.0146648264	0.098984534	-0.0265111664	0.017015952	0.0367467961	-0.0020598283	0.015539578	0.0444411291	-0.0726231719	0.043334079	-0.1204440749	-0.0050094582	0.0499122132	-0.029708708	0.0686381031	0.0082147524	-0.0565187138	-0.0915979471	-0.078617579	-0.0243881477	0.0426372543	0.0872917462	0.0861460138	0.0003208853292733	0.0046390625402352	1.0296739454283416e-07	2.152090125221347e-05	-0.0473030716723883	0.0177906499128113	0.0022375805896431	0.0003165072243202	-0.0605561694397778	-0.0029272130366279	0.003667049657219	8.5685761618049e-06	0.006819581388595	-6.364099826600134e-06	4.0501766602931846e-11	4.650669031567131e-05	0.005006919861388	-0.0002522375359682	6.362377455135938e-08	2.5069246498361636e-05	0.006828109475899	8.488207249859967e-05	4.662307901486171e-05	7.20496623165753e-09	0.0	0.0	0.0	0.0	0.0	0.0	0.0	0.0	0.0	0.0	0.0	0.0	0.0	0.0	0.0	0.0	0.0	0.0	0.0	0.0	0.0	0.0	0.0	0.0	0.0	0.0	0.0	0.0	0.0	0.0	0.0	0.0	0.0	0.0	0.0	0.0	0.0
5471.063057639004	12.41983842785885	29932530.98066225	154.25238657411936	11410.002513651943	44.8465221171482	130188157.36154369	2011.2105460038624	5682.309443387791	-11.798983228888574	139.21600523559383	32288640.610414077	6409.350761938752	6882.580546486198	1.085469	31.002151	0.0335196723322847	0.0191387402233499	0.0804265311	0.0178567793	-0.0117421915	0.0225873199	-0.0571393386	0.0688040117	-0.0794455981	-0.0093823036	0.0027571076	0.0490192668	-0.0113503891	-0.0435167322	-0.0523142103	-0.0617982271	0.051552699	0.0161432275	-0.1031560614	-0.0202729381	0.1134836462	0.0434330444	0.0579499298	0.0129731805	-0.0832752936	-0.0347573365	-0.0646468237	-0.0158603496	-0.0800984946	0.033629789	0.104209929	0.009643158	0.0035763749	-0.0357741302	-0.0159885763	-0.0201784636	0.0004446406	-0.0339924864	-0.1059103329	0.0559811879	0.0460046418	-0.0118959027	-0.1266367264	-0.1340034978	0.0957311173	0.0988170387	0.0209373539	0.0116311519	0.01649821	-0.0099171347	-0.0123532622	-0.0370149841	-0.0761799321	-0.0501205525	-0.034387409	-0.0474913989	-0.0150078325	0.0582158688	0.0898234706	-0.0134097611	0.0423115712	0.1548139626	0.0283066426	-0.0514469382	-0.0186759289	0.019144241	-0.056504891	-0.061844996	-0.0577313417	0.0357173881	0.0133723326	0.0184960232	-0.0100478651	-0.1498756575	0.040062894	0.0127471416	-0.015140628	-0.082316031	0.0105429233	0.0096517193	0.0405920041	-0.018961251	-0.0694062155	-0.0410794169	-0.0864699967	0.0500866736	-0.0263304312	-0.0354235875	-0.026417606	0.0011589165	0.0049173033	0.0022332998	-0.0102546078	0.0221407707	0.0054203724	0.069461085	0.0680889284	0.0751951655	-0.0842661072	0.1050554368	0.0805178128	0.0419939125	-0.1130738615	0.0282760658	0.0628694013	-0.0248640208	0.0254795201	0.0235039718	0.1122230535	0.0486131286	-0.0323579435	0.0303665258	-0.0905750336	-0.0537975512	-0.0247204551	0.020292687	-0.0332838967	0.0006538737	0.0308477127	-0.0218897986	0.08576265	-0.0124462448	0.011652389	-0.0725876009	0.1419313975	-0.0161470872	0.0302846052	0.0391702727	0.0285854671	0.0112667419	0.0425470777	0.0885905281	-0.0066398074	0.0677773814	0.005690996	-0.0594866269	-0.0923522795	-0.0750539832	-0.0169878336	0.0503057744	0.0902742713	0.0812075526	-0.0007997451158132	-0.0011206304450865	6.395922502670687e-07	1.2558125944547672e-06	-0.0529930408628303	-0.0056899691904419	0.0028082623798896	3.237574938817917e-05	-0.0476687208829815	0.0128874485567963	0.0022723069506195	0.000166086330304	0.0066173450430781	-0.0002022363455168	4.0899539448030776e-08	4.378925541915031e-05	0.0050607969677758	5.387710638779953e-05	2.9027425927222684e-09	2.561166594904873e-05	0.0068484285067935	2.0319030894500045e-05	4.6900973012661845e-05	4.1286301649164725e-10	0.0	0.0	0.0	0.0	0.0	0.0	0.0	0.0	0.0	0.0	0.0	0.0	0.0	0.0	0.0	0.0	0.0	0.0	0.0	0.0	0.0	0.0	0.0	0.0	0.0	0.0	0.0	0.0	0.0	0.0	0.0	0.0	0.0	0.0	0.0	0.0	0.0
5473.2505482975785	2.187490658574461	29956471.564439744	4.78511538135053	11350.895613067005	-59.10690058493856	128842831.21874376	3493.62569675781	5678.720336795663	-3.589106592128701	12.881686129661697	32247864.663536645	6403.626599976656	6867.607882456439	1.679043	47.955257	0.3741138282233314	0.2322357111295828	-0.0354888569	0.0308347709	-0.0517052444	-0.0062805559	0.0547935925	-0.0221348639	0.0142258372	0.0037347793	-0.006470327	-0.0410114447	-0.0206413331	0.0575934421	-0.0337452069	0.0218590906	-0.0066980394	-0.0847289495	0.0034476433	-0.0329490687	0.0105423228	-0.0629711317	-0.0428491331	-0.0383506235	-0.1168877652	0.0808200527	0.0950184289	0.0659968209	0.0261120247	-0.0330551029	0.0600650962	0.0290538268	-0.0036892144	0.1110086202	0.1297503794	-0.0246667341	0.1007739768	0.0177279938	0.0798842001	0.0094305437	-0.0385720543	0.0848413132	0.1142944403	0.0276730331	0.0325397302	-0.0129697036	-0.0141530312	0.0185588797	-0.0874201956	0.0669897565	-0.0408916964	-0.0257173828	0.0453331279	-0.0527057885	0.07163072	-0.1136344262	-0.0835572946	-0.0832238492	0.039864243	0.081729001	-0.0409407584	0.0947029427	-0.0728834712	-0.058869417	-0.0172221426	-0.0882879434	0.0505774053	-0.0180633063	0.013369603	-0.0028452805	0.0467092775	-0.0263618	0.0022194893	0.0436160681	-0.0169330924	-0.0071677062	-0.0002148772	-0.0180413328	0.069579244	-0.0323356911	-0.028540146	0.0415095594	-0.0549855471	0.0126778993	0.1492611222	0.0037055287	-0.1047252711	-0.1487924378	0.0249259585	0.1594122526	-0.137517651	-0.0856147446	-0.0506783016	-0.119044678	0.0237367371	0.0014416937	-0.0024987404	0.0202355279	0.0795365139	0.0079133951	-0.0944733436	-0.0624069224	-0.0477218377	-0.0766774866	0.0677168583	0.0675290284	-0.0547146834	0.0300730452	0.0246438641	-0.0188796406	-0.0196627952	-0.0310845787	0.0320102041	0.0126634003	0.0622098952	-0.0303712101	0.0512625241	-0.0607824868	0.0323619446	-0.0168611938	0.050776787	0.0287588379	-0.0215556267	0.1405017871	0.0009513493	-0.0347525391	0.0505764504	-0.1851369205	0.087562957	-0.1352739077	-0.2211621439	-0.0235163223	0.0723470641	0.0669041238	0.0031630294	-0.0623555305	-0.092833377	-0.071143473	-0.0094744681	0.0575187176	0.0921892388	0.0750539832	0.1411668862897386	0.1419666314055518	0.0199280897847399	0.0201545244326398	-0.0244604690292788	0.0285325718335515	0.0005983145451323	0.0008141076554367	-0.0616997549090996	-0.014031034026118	0.0038068597558429	0.000196869915842	0.0067810581629998	0.0001637131199216	2.6801985634496773e-08	4.5982749809986217e-05	0.0016918781990924	-0.0033689187686833	1.1349613669987274e-05	2.862451840564143e-06	0.0065893885762364	-0.0002590399305571	4.342004180863477e-05	6.710168562302726e-08	0.0	0.0	0.0	1.0	0.0	0.0	0.0	0.0	0.0	0.0	0.0	0.0	0.0	0.0	0.0	0.0	0.0	0.0	0.0	0.0	0.0	0.0	0.0	0.0	0.0	0.0	0.0	0.0	0.0	0.0	0.0	0.0	0.0	0.0	0.0	0.0	0.0
5460.989358689307	-12.261189608271708	29822404.775717847	150.33677060999008	11347.93668412189	-2.9589289451141667	128775666.98683934	8.755260502234435	5681.871536328883	3.1511995332202787	9.930058498167702	32283664.15534434	6389.839628026244	6736.395986931885	1.845472	52.708649	0.93460127185485	0.4080607689604612	-0.1739460912	0.0886885402	-0.0329882342	0.1502980743	0.0554574326	0.080581161	0.1362334317	0.0689901856	0.0951221006	-0.0500936544	-0.0315683821	-0.0699512976	0.1159923595	0.1332856253	-0.0111667053	-0.1850862633	0.1856510476	-0.1391074117	-0.1174357051	0.0703344398	-0.1315977232	-0.1538128216	-0.036791558	0.0005059574	-0.0611537765	-0.0355045337	-0.111745013	-0.1694039631	0.0485828583	0.0412086532	0.059970792	-0.0080128237	-0.0007471044	0.0866357358	0.0127791502	0.110521769	-0.1113997675	0.0349128452	0.0837063676	0.0016235845	-0.0669104764	-0.0681257333	0.007987009	-0.0466807225	0.0717207297	0.0340110346	-0.0570563427	0.0226158412	0.0584276292	-0.0691475669	-0.0232191222	-0.0083567803	0.0528454862	0.0232890054	0.0611994005	-0.0186409788	0.0331824517	0.1384636997	0.0772239199	0.0204099564	0.1477939317	-0.069472161	0.0867885225	-0.024371758	0.0033016439	0.0458910045	0.1334709838	-0.0260221912	0.0544397761	-0.1581000449	0.1090044733	0.063761927	-0.1083340461	-0.1956243902	0.1993115196	-0.0929799432	0.1657209992	-0.1196893925	-0.1149389223	0.0197153482	-0.0416707428	-0.0111934786	0.0594960226	0.0452733727	-0.0118466359	0.0005593351	-0.1119411175	0.081538279	-0.0448952584	0.1034908424	-0.0326297213	0.031251717	0.0142530867	0.0703503884	0.1679148916	-0.1447810923	0.0634993644	-0.0064113901	-0.0519356092	-0.0702228398	-0.2694844015	-0.0238416807	-0.0439344515	-0.0782708611	-0.0190410322	-0.0019225294	-0.0727369993	-0.1243873656	-0.0324508668	-0.1097120745	0.2275656694	0.0080966857	0.2102509878	-0.1568674554	0.2713093891	-0.0283387298	-0.0106799534	-0.0770220737	0.0451367574	0.0049192881	-0.106608015	0.0484581497	-0.0255315362	0.1341886081	0.0445090116	-0.1101236007	-0.0389768216	0.1005108695	-0.0202869358	-0.025321977	-0.0039555343	0.0660184918	0.0006327229	-0.0651206494	-0.0930398161	-0.0669041238	-0.0018980517	0.0642107624	0.0930140029	0.0677773814	0.2973097196259147	0.156142833336176	0.08839306938404	0.0243805844022488	0.0957678911597099	0.1202283601889887	0.009171488977178	0.0144548585937332	-0.1167738911023548	-0.0550741361932552	0.0136361416431846	0.0030331604774332	0.0036303005682267	-0.0031507575947731	9.92727342102037e-06	1.31790822156671e-05	-0.0038701506708551	-0.0055620288699474	3.0936165150129456e-05	1.497806621512018e-05	0.0032390561982284	-0.0033503323780079	1.0491485055281815e-05	1.1224727043128736e-05	0.0	0.0	0.0	0.0	1.0	0.0	0.0	0.0	0.0	0.0	0.0	0.0	0.0	0.0	0.0	0.0	0.0	0.0	0.0	0.0	0.0	0.0	0.0	0.0	0.0	0.0	0.0	0.0	0.0	0.0	0.0	0.0	0.0	0.0	0.0	0.0	0.0
5475.930043985299	14.940685295991898	29985809.846620835	223.2240771138685	11321.064798160474	-26.87188596141641	128166508.16414826	722.0982551233684	5695.678081049951	13.806544721068349	190.6206771348603	32440748.802952856	6411.140321275618	6865.493016267698	1.703119	48.642895	0.4389391157524438	0.2309343569934341	-0.0891661878	0.0497525907	-0.046850022	-0.053821962	0.0673320153	0.1227521025	0.0524397459	0.0556108414	0.0121394424	0.0117889934	0.0702818672	-0.0543028585	-0.0731072319	0.065364633	0.0056186327	-0.0826471353	0.1138169795	-0.0555793068	0.0290651318	0.0309332224	-0.1285683647	0.1270308535	0.0090740803	0.1137745519	-0.0947234666	-0.0454339878	0.0941536903	-0.0830863754	-0.0899830751	-0.1214916534	0.0148311557	-0.1188546692	-0.0042664959	0.1306278413	0.1899383729	-0.0196424925	-0.0741578053	0.0505151903	0.0107412555	-0.0384944242	-0.0291904847	-0.0042737823	0.0690422202	0.0690464711	-0.0620538191	-0.0218764892	0.0807513565	-0.101009364	0.033198383	-0.0857228607	-0.142657082	-0.0546354769	0.0294702919	0.0917014624	0.0051350384	-0.0407823389	-0.0224667592	-0.0708158238	0.0492784153	0.0824026399	-0.1846433094	0.1033700019	-0.0657684388	0.0294787749	-0.0043450116	0.0817033233	0.0640111289	0.0090586619	0.0217264365	-0.0898088038	0.1037808441	-0.0203131439	0.0703809866	-0.0589819722	-0.0926023143	0.0319273129	0.1630877582	-0.0093743728	-0.156590923	0.0074301619	-0.0048059287	0.1452213903	0.0514025534	-0.0288612494	0.1356336182	0.0814722018	0.0115695351	-0.0633274586	0.0220836477	-0.0538963019	0.0297374566	0.0267512227	0.1157670047	-0.0697639366	0.041201831	-0.0151197715	-0.1247336754	0.1503866236	0.1197429356	0.0383625928	-0.0002644276	-0.0633705454	-0.0029578755	-0.0650262351	-0.0060101431	-0.040106632	-0.0848369594	-0.0649659067	-0.0086998318	-0.0517467775	0.1335458999	-0.0492054164	0.0830311992	-0.0028023029	0.0604138332	-0.0368078009	-0.1024497182	-0.0792470479	-0.0516039584	0.0807609647	-0.0375011539	-0.0362949101	-0.0156037539	-0.0071168628	-0.1017212001	0.069357172	-0.0202753423	0.1899376394	-0.1000802476	0.1216904057	-0.0638119852	0.0651206494	-0.0018980517	-0.0677773814	-0.0929709861	-0.0623555305	0.005690996	0.0703213046	0.0927388101	0.0594866269	0.1560178333899244	-0.1412918862359903	0.0243415643356862	0.019963397116124	0.0957526895612659	-1.5201598444009036e-05	0.0091685775582161	2.3108859525289788e-10	-0.1061907526631102	0.0105831384392445	0.0112764759511578	0.0001120028192242	0.0047869135345854	0.0011566129663586	1.3377535539490704e-06	2.2914541187596884e-05	-0.0007876628710423	0.0030824877998128	9.501731035994756e-06	6.204127984185989e-07	0.0047409332216322	0.0015018770234037	2.247644781197587e-05	2.2556345934282574e-06	0.0	0.0	0.0	0.0	0.0	1.0	0.0	0.0	0.0	0.0	0.0	0.0	0.0	0.0	0.0	0.0	0.0	0.0	0.0	0.0	0.0	0.0	0.0	0.0	0.0	0.0	0.0	0.0	0.0	0.0	0.0	0.0	0.0	0.0	0.0	0.0	0.0
5468.436179866852	-7.493864118446254	29903794.253276773	56.15799942573625	11384.379970628388	63.315172467913726	129604107.31564482	4008.81106464166	5689.518856844084	-6.159224205866849	37.93604281813612	32370624.822384417	6414.3696839066415	6869.804945053858	1.127004	32.188427	0.2091417986845256	0.0899340666588802	-0.0910253763	0.0347987566	-0.0156113616	-0.0469626793	0.0405558876	0.0092302727	0.0693307723	0.0045476201	-0.0141978578	-0.0665610635	0.0341348378	0.0743366057	0.026727458	0.0631288095	-0.000929717	-0.0385859236	0.1239537688	-0.0472483766	-0.0521513307	0.0450319776	-0.1369218668	0.060365369	0.0701188267	0.0107347342	-0.0335052191	0.0546800012	0.0266004287	-0.1258034845	0.0004225216	0.043193617	-0.0481992034	-0.0195499219	0.1697545397	-0.0510578059	-0.0275049019	-0.0348866378	0.0465895361	-0.0070949994	0.0505440079	0.0486858876	-0.0210492926	0.1976272618	0.0923365284	0.0381830989	-0.0650410535	0.1175027994	0.1375213581	0.0559507553	0.0206983877	0.1174812765	-0.0430991217	-0.0015632693	0.001787579	0.1065439025	-0.1130507948	-0.0606538608	-0.0234702635	-0.000553486	-0.0591946956	-0.0044325151	-0.005125407	-0.0853413082	-0.0369700818	-0.0925802638	0.022827108	-0.0881428949	0.0614024199	-0.0096632721	0.0009551079	-0.0766280165	0.033505073	0.1034817382	0.0058943568	-0.0546014626	0.0687210162	0.0734499434	0.0311971192	-0.0434205718	-0.1367508708	-0.0002151839	-0.0204075012	0.0853596232	-0.0243863075	0.015105969	-0.1431586234	0.1001494512	0.0679242962	-0.1208080965	0.0063657212	-0.0663511763	0.0300281378	-0.0526607948	-0.0087988915	0.0051708498	-0.0577031061	-0.119207692	0.1301542079	-0.0104370968	0.0841887961	-0.0437342964	0.0453647687	0.1094135437	0.034019033	-0.0332228953	0.0276895495	0.0863292461	-0.1429125841	-0.0615788155	7.39096e-05	-0.0489365623	0.1158235175	-0.0246402228	0.0834666005	-0.016258568	0.0727484525	0.0080703423	-0.0673361225	-0.0140976544	-0.0414536129	0.0467231944	-0.0500844689	0.0394002518	-0.129983264	0.0533177575	-0.0624887502	-0.0320497241	-0.019777892	0.0878031404	-0.0582420699	0.0043866637	-0.0202294579	0.0642107624	-0.0044274221	-0.0703213046	-0.0926270906	-0.0575187176	0.013242171	0.0757950062	0.0913669149	0.0503057744	0.1147170066265914	-0.0413008267633329	0.0131599916093654	0.0017057582913348	0.0366470840042438	-0.059105605557022	0.0013430087660141	0.0034934726082622	-0.0918566761127976	0.0143340765503126	0.0084376489464914	0.0002054657505502	0.0053553857182341	0.0005684721836487	3.2316062358232125e-07	2.8680156191065764e-05	6.694051506905829e-05	0.0008546033861113	7.303469475529993e-07	4.481032557710821e-09	0.0052058834481493	0.0004649502265171	2.710122247571485e-05	2.161787131383032e-07	0.0	0.0	0.0	0.0	0.0	0.0	0.0	0.0	0.0	0.0	0.0	0.0	0.0	0.0	0.0	0.0	0.0	0.0	0.0	0.0	0.0	0.0	0.0	0.0	0.0	0.0	0.0	0.0	0.0	0.0	0.0	0.0	0.0	0.0	0.0	0.0	0.0
5460.407247592467	-8.028932274385625	29816047.30956034	64.46375346667112	11380.428744569115	-3.951226059272813	129514158.41021498	15.61218737147656	5682.809775854753	-6.709080989331596	45.01176772141064	32294326.948550347	6412.409941290138	6855.080712979607	1.014657	28.979687	0.1808811863148889	0.077368585838817	-0.0423799688	0.0315153919	0.0067932433	0.0248751899	-0.0237653367	0.0711655299	0.0224179189	0.0233779434	-0.0028561867	-0.021195433	0.0458925197	-0.0197562391	-0.0231859529	0.0427576667	-0.0171444812	-0.043660689	0.0663774662	-0.0869659049	-0.010781246	-0.0015986746	-0.0832264107	-0.0836323699	0.0952877065	0.0358568189	-0.0322719608	0.0040509849	0.0757823287	0.0272842029	-0.045997584	-0.1048360623	-0.026487489	0.0190564458	-0.0522890592	0.0607802653	-0.0824203343	0.0211203861	-0.0975516757	-0.0624235274	0.0732176496	-0.0251189262	0.0026531719	0.0799345944	-0.0110899486	-0.0133744412	-0.0047567414	-0.0291276543	-0.0491969058	0.0109554262	0.0176575492	0.0836792648	-0.0421153362	0.0284898982	0.0611254413	0.1057510145	-0.0016652124	-0.0415846931	-0.0089734205	0.0126885611	-0.0811455356	0.0206139337	-0.1923373371	0.0625868308	0.0346716029	-0.0100300451	0.0321335191	-0.0569892908	0.0275310599	0.0010116222	0.0045444248	-0.040986816	0.0407495218	-0.0041965388	0.0084886257	-0.0686968515	0.1048106909	0.0880359856	0.0231816728	0.0057748722	-0.0309150454	0.0866122506	0.0472657515	0.0780324505	0.003314509	-0.0235371076	0.1668934776	0.0583072288	0.1014229941	-0.0645925636	-0.0603060571	0.0147027052	-0.018932544	0.072994594	-0.0553325887	0.0627596604	-0.0732116379	-0.024376849	-0.0400027552	0.0749723748	-0.0371200571	-0.0693493806	0.0249844878	-0.0075862121	-0.0361101966	-0.018737859	0.0232359953	0.0463581067	-0.0089652378	-0.0336286689	-0.0007326079	-0.0219809647	0.0604362571	-0.0364937116	0.0302442898	0.0108848185	0.0314838462	-0.0027440563	-0.0800863418	-0.0498114693	-0.0298854368	0.0720724565	-0.0397991999	-0.0100144808	-0.0151064174	0.0365850979	-0.0372877783	0.0223612889	-0.0822968312	0.1487367455	0.0382158878	-0.0348757894	0.0190027803	0.0632889993	-0.0069535172	-0.072748185	-0.0920091471	-0.0524160419	0.0207052216	0.0805822964	0.0889145408	0.0403721968	0.0873808714837309	-0.0273361351428605	0.0076354167012562	0.0007472642845487	0.0102711187599311	-0.0263759652443127	0.0001054958805806	0.0006956915425691	-0.080842679087759	0.0110139970250386	0.0065355387620863	0.0001213081304675	0.0061201068148809	0.0007647210966468	5.847983556566848e-07	3.745570742555164e-05	0.001029269214094	0.0009623286990249	9.260765249670372e-07	1.0593951150816806e-06	0.0058019354305311	0.0005960519823817	3.3662454740052096e-05	3.552779657012729e-07	0.0	0.0	0.0	0.0	0.0	0.0	0.0	0.0	0.0	0.0	0.0	0.0	0.0	0.0	0.0	0.0	0.0	0.0	0.0	0.0	0.0	0.0	0.0	0.0	0.0	0.0	0.0	0.0	0.0	0.0	0.0	0.0	0.0	0.0	0.0	0.0	0.0
5466.896551129207	6.489303536740408	29886957.90074842	42.11106039195157	11387.598197469906	7.16945290079093	129677392.70701984	51.401054896659474	5673.268979032796	-9.540796821956974	91.02680399786428	32185980.908455823	6397.823840622311	6894.556519246771	0.907152	25.909224	0.0990192715360689	0.0425783147599324	-0.0445198141	0.0247311055	-0.0129256748	-0.0628274683	0.0503787577	0.026046189	0.0333128869	0.0344462484	0.0152682514	-0.0637171995	0.0703490675	-0.0485778787	0.0277960966	0.0256720576	-0.0044762494	-0.0292397595	0.0929993498	-0.0718953999	-0.0196934744	-0.0060999907	0.036141631	0.0198414803	-0.0897679009	0.0982128618	-0.0605290546	0.0623951307	-0.0686027331	0.0190311919	-0.0758701601	-0.0631574169	-0.0133637119	-0.0329872024	-0.0693435571	0.0174957788	-0.0345566648	0.01301301	-0.0200442463	0.0720364074	0.0469144938	0.0076457196	0.054341255	0.0026794469	-0.0399499805	-0.0563794415	0.0883606688	0.0493963165	-0.0271832914	0.057620805	-0.0307480058	0.0869630602	-0.0701120797	-0.0001878247	0.0981996911	0.0654512342	-0.0534704995	0.0263069482	0.1215608032	-0.0859048271	-0.0257036688	-0.0807673224	0.0615754312	0.0387624548	0.0123448104	0.093925637	-0.0800035704	-0.0425368475	0.0320973642	0.0030165486	0.0063089631	-0.0784645533	0.0567572386	0.0176306981	0.0341186817	-0.0329175236	-0.0784470108	0.0321132244	0.0272378553	-0.0287806036	-0.0034080305	-0.016126077	0.0071397767	-0.0772705679	-0.0137363349	-0.1656308354	0.013053179	0.0644797531	-0.0676478348	0.0269195888	-0.0729767056	0.0863042131	-0.0022608692	0.0475716897	0.0034009004	0.0034479316	-0.0425015631	-0.1220623499	0.0566849498	0.041408407	-0.0824665293	0.01803543	0.0484690999	0.0249522092	0.0170391419	-0.0445361936	0.0572701543	-0.023097022	-0.0462582925	-0.0341728964	0.0050884575	-0.0247597664	0.0598727277	-0.0257027323	0.0323149688	0.0102882652	0.0232712661	0.0029753382	-0.0685260845	-0.0176456528	-0.0226186805	0.0469148241	-0.038569599	0.0304223627	-0.0467705878	-0.0188460606	-0.0667881035	0.0183819339	0.0087311491	0.0765159125	-0.0558830811	0.0014035025	-0.0282899366	0.0623555305	-0.0094744681	-0.0750539832	-0.0911189838	-0.047071089	0.0280304823	0.0846398209	0.0854106889	0.0298345303	0.0663358890355709	-0.02104498244816	0.0044004501741395	0.0004428912862433	-0.0076816874757952	-0.0179528062357263	5.900832247578882e-05	0.0003223032517375	-0.0837813051094116	-0.0029386260216526	0.0070193070858363	8.635522895133845e-06	0.0064641094724823	0.0003440026576013	1.18337828436826e-07	4.17847112722354e-05	0.001458968059429	0.000429698845335	1.8464109768223226e-07	2.1285877984340225e-06	0.0061698910642053	0.0003679556336742	3.8067555744160414e-05	1.353913483525824e-07	0.0	0.0	0.0	0.0	0.0	0.0	0.0	0.0	0.0	0.0	0.0	0.0	0.0	0.0	0.0	0.0	0.0	0.0	0.0	0.0	0.0	0.0	0.0	0.0	0.0	0.0	0.0	0.0	0.0	0.0	0.0	0.0	0.0	0.0	0.0	0.0	0.0
5465.335607518422	-1.5609436107852162	29869893.30280876	2.4365449560511885	11321.944606858857	-65.65359061104937	128186429.68078037	4310.39396012327	5684.209080278932	10.940101246135782	119.6858152757017	32310232.868325457	6408.688077351328	6887.322239836658	0.885266	25.28413	0.0516003150690624	0.0241769930393321	-0.0358775053	0.0131807968	-0.0011065663	-0.0464111676	-0.0334747047	-0.0618576207	0.0238076191	0.0069692472	-0.0323899873	-0.0042766037	-0.0286660408	0.1089275915	-0.0006107244	0.0113985611	0.0025924346	-0.0074400346	0.0387911609	0.0100119105	-0.0824620907	-0.119513029	-0.0180788886	-0.0205245143	0.0124797817	0.0164232107	-0.0980234453	0.078853485	0.0555808654	-0.0204016586	0.0789888515	-0.11298419	0.0148628797	0.084947261	-0.079760509	-0.0288703777	0.0145420186	-0.0120735159	-0.1017461703	-0.0382736729	-0.0652127067	-0.0638232222	-0.0552707993	0.0820947576	-0.1679563223	0.0019192052	0.0208222747	-0.0094117007	0.091150865	0.0581054443	0.0601321424	-0.0102156908	0.04781082	0.0627818947	-0.0796906863	0.0074219542	0.0305412511	-0.0802792233	0.0532539564	-0.0077047486	-0.0012171952	-0.0442853952	0.1001344189	0.0394045744	0.0238030393	-0.0021596038	0.070397161	-0.1417050981	0.0122084472	-0.0009070839	-0.0080141175	-0.0021141189	-0.0724873688	0.1162370002	0.0479668408	-0.0243226895	0.0008748689	0.0178574491	0.0268530728	-0.0274708312	-0.0048041035	0.0750654488	-0.0230890719	0.0376993306	-0.0047639159	-0.0380146379	0.1500092163	-0.0188466831	0.0294152525	-0.0412649165	-0.0276507967	0.0498158881	0.0439885377	0.010700416	-0.0694032683	0.0260301552	-0.0601731803	-0.0497693973	0.1014692112	-0.0311493988	-0.0435213313	0.0968230871	0.0432660966	-0.0177844956	0.0338663053	0.0544136863	0.0183294972	0.0321742368	-0.0668095678	-0.0264946132	0.0047792176	-0.0116141926	0.0375240592	-0.038151675	0.0209221061	0.0195038232	-0.0045588225	0.0132520355	-0.0461400426	0.0042255876	-0.0344959136	0.0730460398	0.0064824994	0.0212358325	-0.1422745868	0.0159959911	-0.0579254224	-0.0003806608	-0.0025338005	0.0442023923	0.0210490697	0.0016941954	0.0088363141	0.0614105286	-0.0119884099	-0.0772348614	-0.0899592343	-0.0415085642	0.0351692048	0.0879308341	0.0808967948	0.0188504498	0.0568600158089083	-0.0094758732266626	0.0032330613977893	8.979217340778109e-05	-0.01794719011653	-0.0102655026407348	0.0003221016330788	0.0001053805444669	-0.0882227058049167	-0.004441400695505	0.0077832458195408	1.972604013803315e-05	0.0065059152627701	4.180579028780027e-05	1.7477241015875355e-09	4.232693340634494e-05	0.0018001444548856	0.0003411763954565	1.1640133281675821e-07	3.2405200584553737e-06	0.0063352596485841	0.0001653685843787	4.0135514814977935e-05	2.734676869944817e-08	0.0	0.0	0.0	0.0	0.0	0.0	0.0	0.0	0.0	0.0	0.0	0.0	0.0	0.0	0.0	0.0	0.0	0.0	0.0	0.0	0.0	0.0	0.0	0.0	0.0	0.0	0.0	0.0	0.0	0.0	0.0	0.0	0.0	0.0	0.0	0.0	0.0
5473.2245082231975	7.888900704775551	29956186.51741506	62.23475432980819	11365.031042605033	43.086435746176	129163930.59937604	1856.4409453093524	5689.547355466855	5.3382751879235	28.49718198199968	32370949.11009989	6407.909295799437	6831.216229177191	0.898197	25.653454	0.0653953191272583	0.0324251043971898	-0.0357643826	0.0235875885	0.0131403332	0.084934845	-0.0856623341	-0.0204856624	0.0210229215	0.0194489612	0.004889142	0.0206935856	-0.0093834971	-0.0117367412	0.0299049626	0.0251121603	-0.0158698173	0.0001385836	0.0524651833	-0.0512348235	-0.0498716936	-0.0483116848	-0.0619560713	-0.0586219856	0.0613716863	-0.1111124652	0.0440702882	-0.0341656644	0.0953147334	0.0301921028	-0.040366332	-0.0560008826	-0.0713837693	-0.0130532938	-0.0079471568	0.0502307748	-0.0375343025	-0.0743906257	-0.02246044	-0.0914773975	-0.092474439	-0.009609845	0.0050198242	0.1089905133	-0.1009158922	0.0027279795	0.0791267818	0.0301839923	0.044152036	0.0195395452	-0.0122467272	-0.0186106872	-0.004549999	-0.0003989009	0.0574150899	0.1486913028	0.0446722839	0.0126727751	0.0037451261	0.063698038	0.0009863748	-0.0630614332	0.0767942903	-0.0065074561	0.0002754899	-0.0181080502	0.0067187034	0.1204846558	0.0225963624	-0.0171401183	-0.0096765143	-0.0164532772	-0.0129241313	0.0359522771	0.027351309	-0.0530614002	0.1229035854	0.01390367	-0.0079695209	-0.0086848428	-0.0024613297	-0.0303410893	0.0744205579	0.0353722542	-0.0577638659	-0.0445469292	0.0803306318	0.107920916	0.0588706838	-0.0100281825	0.0013089708	-0.0326543216	0.0728064152	-0.0356311579	0.0227931445	0.0041423893	-0.1063989186	-0.0337545351	-0.0245851626	-0.084755904	-0.1299351894	0.0125368318	-0.0080723882	-0.0142569089	-0.0063036281	0.0021989009	-0.0041657563	-0.0414859248	-0.0453218983	-0.0292073741	0.0056989628	-0.0107032111	0.033607574	-0.0329528722	0.0197389626	0.0120142877	0.0155204698	-0.0095531618	-0.0572977694	-0.0110777124	-0.0205841539	0.0464421303	-0.0422429201	0.0324137705	-0.0629323687	0.0593622553	0.0062805379	-0.0682524931	-0.0789863824	0.0844495061	0.0855498017	-0.0712072903	0.0505559455	0.0604541685	-0.0144934828	-0.0792871898	-0.08853333	-0.0357541787	0.042073882	0.090425532	0.0754262385	0.0075843101	0.0432058047760648	-0.0136542110328434	0.0018667415663474	0.0001864374789294	-0.0318448992290996	-0.0138977091125696	0.0010140976069115	0.0001931463185776	-0.0866601029736315	0.0015626028312852	0.0075099734474004	2.4417276083405344e-06	0.0064942030221044	-1.1712240665699702e-05	1.3717658141126978e-10	4.2174672892309926e-05	0.0022489859283998	0.0004488414735142	2.0145866834639835e-07	5.05793770614031e-06	0.0066003218574154	0.0002650622088313	4.356424862147548e-05	7.025797455052785e-08	0.0	0.0	0.0	0.0	0.0	0.0	0.0	0.0	0.0	0.0	0.0	0.0	0.0	0.0	0.0	0.0	0.0	0.0	0.0	0.0	0.0	0.0	0.0	0.0	0.0	0.0	0.0	0.0	0.0	0.0	0.0	0.0	0.0	0.0	0.0	0.0	0.0
5467.986518160233	-5.237990062964855	29898876.562782064	27.43653989971856	11350.2724933235	-14.758549281532396	128828685.67269608	217.8147768954204	5689.7824823063165	0.2351268394613725	0.055284630635094	32373624.69595983	6418.742502530018	6844.102523309366	0.916828	26.185591	0.0568319138351618	0.0247864184441118	-0.025455526	0.0256462416	-0.0167617	0.026972958	0.0139975393	0.1030411193	0.0128568003	0.0177871997	0.0320972935	-0.0030456595	0.038761454	-0.071768784	-0.0669382713	0.027910757	-0.0218586811	0.0063911482	0.0320303589	-0.0733339473	0.0877805334	0.0467639416	-0.0095986984	0.1074119991	0.0542174811	-0.0648334658	0.0092156588	0.0425282883	-0.0602698113	-0.0586176157	-0.0315900544	-0.0206477456	-0.0397373794	0.0988053695	-0.0135197131	-0.080528184	0.0772384779	0.0480082076	-0.0029710093	-0.1169417449	-0.0506329212	0.0543564684	0.0379407153	0.1636234336	0.0040936743	0.0171173308	-0.0699830634	-0.047166413	-0.0793430421	0.0137769997	0.0073542852	-0.0370216618	0.0702425718	-0.0314785949	-0.1007409329	-0.0658569876	0.0070700688	0.0676566772	-0.082517218	0.0666554612	0.0848687764	-0.0728306706	0.0401052737	0.0013785432	-0.0145568532	0.0600605059	-0.1043379922	0.0213812509	0.0207407812	-0.0094590676	0.00914952	-0.0492324175	0.0578947061	-0.0955099651	0.025149466	-0.0211835174	-0.0071731836	0.0744686055	-0.0052133963	0.0438197564	-0.018730363	-0.0614412603	-0.0248968904	0.0982733095	-0.0109262015	0.0107694879	0.0358092735	0.0187791911	-0.0593832331	-0.0168994377	-0.0346704261	-0.0035406427	0.037842632	-0.0572062777	-0.0655905302	-0.0337076032	-0.0003298635	-0.0230998839	0.0733506546	-0.0676264757	-0.010037696	-0.0834147108	0.0814950582	-0.0036516888	-0.0565909861	0.0361363323	-0.0913159148	0.0298757483	0.0578186111	-0.0232213928	0.0120289641	-0.0089960338	0.0238764242	-0.0379443972	0.0112394806	0.0221971028	0.0006966331	-0.002175996	-0.0679575157	-0.030693682	-0.039326181	0.0326945299	-0.0323020078	-0.0006984253	0.0534939596	-0.0166708015	-0.0369666531	0.0152852162	0.0015929308	0.1092533199	-0.0239501995	0.0036006973	-0.0272743945	0.0594866269	-0.0169878336	-0.0812075526	-0.0868454896	-0.0298345303	0.0486985645	0.0921013223	0.0690637132	-0.0037953135	0.0255943357713874	-0.0176114690046774	0.0006550700235785	0.0003101638405027	-0.0359569136395805	-0.0041120144104808	0.0012928996384842	1.6908662512002555e-05	-0.0806966120053829	0.0059634909682485	0.0065119431891473	3.556322452838256e-05	0.0066732713005739	0.0001790682784694	3.2065448354030146e-08	4.453254985106327e-05	0.0024622175687134	0.0002132316403136	4.5467732430828586e-08	6.062515355680928e-06	0.0067909207276674	0.0001905988702519	4.611660432946273e-05	3.6327929341338713e-08	0.0	0.0	0.0	0.0	0.0	0.0	0.0	0.0	0.0	0.0	0.0	0.0	0.0	0.0	0.0	0.0	0.0	0.0	0.0	0.0	0.0	0.0	0.0	0.0	0.0	0.0	0.0	0.0	0.0	0.0	0.0	0.0	0.0	0.0	0.0	0.0	0.0
5460.746510756177	-7.240007404056087	29819752.45473576	52.41770721078696	11348.09827532087	-2.174218002630369	128779334.4663405	4.727223922961989	5688.127349527916	-1.6551327784009118	2.7394645141371217	32354792.74444747	6412.496734122609	6920.240056740285	0.952015	27.190556	0.0580985347059859	0.0315317964623284	-0.036257323	0.0050403488	-0.0008788998	-0.0925104681	0.0113915805	-0.0175941236	0.0104537171	0.004090143	-0.0217496857	-0.0715975381	0.0127689986	0.0878772308	0.0037960589	0.0021228622	-0.0051135207	0.0143141767	0.0368441128	-0.0186477234	-0.0426588298	-0.0522702001	-0.095792726	0.0210881336	-0.0550426231	0.0547525406	0.0902488809	0.0234701384	-0.0821023269	0.0018257641	0.081115257	-0.081051795	0.094241127	-0.0849780344	0.0027536326	0.0213078518	0.045253291	0.0006173606	0.100505391	-0.0305381426	-0.058326134	-0.0904954824	-0.0364740533	-0.0259598064	-0.0519597965	-0.0364644597	-0.0047836489	0.0829855649	-0.0240253756	-0.0242341423	0.0504013042	0.0450398559	-0.0460460232	-0.0633645954	-0.0336443365	-0.0835894585	0.0833844146	0.0460937789	-0.0166773665	-0.0200420958	0.0457440712	0.0950333074	-0.0095905731	-0.0222905683	-0.0560844254	-0.019746728	-0.0577037678	-0.1010330187	0.0122666759	-0.0060541778	-0.0053680582	-0.0583236709	-0.0322894984	0.074158839	0.014646418	0.049392024	0.0176458714	0.0655072896	0.0224708474	-0.0645617012	-0.0491671559	0.0056091062	-0.0148345643	0.0265579797	0.0085678706	0.0054709851	-0.0598931995	-0.0273116824	0.0312568814	-0.0679914264	-0.0103142787	-0.0228372259	-0.0707878249	-0.0981601439	-0.0561401729	0.0186865695	0.005040382	-0.0801073262	-0.0737332406	-0.0049107983	-0.0277799089	0.0626118309	-0.0187208101	0.0562845055	0.0061495171	-0.020811487	0.0620063659	0.0228257851	0.0100137816	-0.027296872	0.0093462977	-0.0134596853	0.0184378783	-0.0370395158	0.011120328	0.0244944645	-0.0034319116	0.0114447916	-0.0388989749	0.0046533483	-0.0265966592	0.0390104426	-0.0071776196	0.038000415	-0.0868897056	-0.0098085853	-0.0521218488	-0.0060031324	-0.0015284488	0.0005985504	-0.0130525574	0.0145590275	-0.0058927173	0.058508083	-0.0194696168	-0.0829927534	-0.0849007066	-0.0237769808	0.0549991661	0.0929430287	0.0618844603	-0.0151181479	0.023119541263469	-0.0024747945079184	0.0005345131882332	6.124607856423079e-06	-0.0559675465454319	-0.0200106329058514	0.003132366266315	0.0004004254292927	-0.092270747478274	-0.0115741354728911	0.0085138908401994	0.0001339606119448	0.0070640715166607	0.0003908002160868	1.5272480889348998e-07	4.990110639249701e-05	0.0023780648756623	-8.415269305110011e-05	7.081675747752674e-09	5.655192552858751e-06	0.006796747254916	5.826527248600256e-06	4.619577324720819e-05	3.3948419778681276e-11	0.0	0.0	0.0	0.0	0.0	0.0	0.0	0.0	0.0	0.0	0.0	0.0	0.0	0.0	0.0	0.0	0.0	0.0	0.0	0.0	0.0	0.0	0.0	0.0	0.0	0.0	0.0	0.0	0.0	0.0	0.0	0.0	0.0	0.0	0.0	0.0	0.0
5457.594556125214	-3.1519546309627917	29785338.33904757	9.934817995647784	11375.869811388911	27.771536068041318	129410413.9656696	771.2582155785196	5679.098486233405	-9.028863294510302	81.52037239095542	32252159.616338555	6408.269609854726	6851.981857378076	0.871908	24.902622	0.1382706010355867	0.0638851521293794	-0.0432067813	0.0011057147	0.0132794431	0.0291270598	-0.0447200184	0.048842188	0.023536862	-0.0012317706	0.0122484644	-0.0243596417	0.0335086994	0.0036509407	-0.0325376571	0.0276219093	-0.010062996	0.010094169	-0.0115592378	-0.0547496783	-0.021111378	-0.0082348197	-0.0006841318	-0.0664973552	0.0240146464	-0.0070967855	-0.0492126603	0.181947905	0.0394723798	-0.0103512501	-0.0051885554	-0.0782191038	-0.0640962132	0.051658596	0.0335968981	-0.0221829981	0.0170907064	0.0464708115	-0.0140898424	-0.0015688123	0.0642727466	-0.0422535689	-0.1221417165	-0.0356733141	-0.0773541601	-0.0573001252	0.0181032613	0.0992441359	-0.012126637	-0.0117288468	0.0103918339	-0.0246349352	0.0959160346	0.035810869	-0.0467227113	-0.0388734906	0.0551890349	-0.0724714232	0.0433185124	-0.0898695616	0.1444192727	-0.017535594	-0.0577581148	0.0955182839	-0.0762228635	-0.1191278004	-0.0687721278	0.0719264646	0.0218415387	-0.0155996782	0.007398052	-0.0372920618	-0.0123388888	-0.0167082309	0.0164206974	-0.0158298076	0.0630713907	0.0255831354	-0.0519651112	-0.0179921351	0.0007629422	0.085809202	-0.0375644619	0.0169563258	0.0041899027	-0.0297940053	0.0669850092	-0.0494553739	0.0506943985	-0.0368679652	-0.0489506983	0.0416296252	0.049742294	0.0182139089	-0.0320477465	0.1111683163	-0.0375542747	-0.0382464108	0.1208715646	-0.0092660347	-0.0269058298	0.049094102	0.1480774497	0.0004768141	0.023175158	-0.0706970555	0.0754650973	-0.0397049165	0.0233683093	-0.0255432777	0.0194787441	-0.012484414	0.019636704	-0.0426515494	0.0035895192	0.0269488152	0.0019665032	0.0066178907	-0.0359532817	-0.0061751543	-0.0362738412	0.0245638856	-0.0161146025	-0.0155437817	0.0195228205	0.0317614187	0.028380509	0.0147601011	-0.0304883632	0.0662580789	0.0586115849	-0.0633644727	0.0391952466	0.0575187176	-0.0219369967	-0.0846398209	-0.0827047351	-0.0176095295	0.0609337573	0.0929430287	0.0539733795	-0.0262147696	0.0262403427884407	0.0031208015249717	0.0006885555896548	9.739402158265696e-06	-0.0314099638735996	0.0245575826718323	0.0009865858305408	0.0006030748666838	-0.0560287355724113	0.0362420119058627	0.0031392192098431	0.0013134834269846	0.0067003602595353	-0.0003637112571254	1.3228587855973886e-07	4.489482760755996e-05	0.0029302582373875	0.0005521933617252	3.049175087333776e-07	8.586413337777298e-06	0.0073678467347238	0.0005710994798077	5.428516550638016e-05	3.261546158367394e-07	0.0	0.0	0.0	0.0	0.0	0.0	0.0	0.0	0.0	0.0	0.0	0.0	0.0	0.0	0.0	0.0	0.0	0.0	0.0	0.0	0.0	0.0	0.0	0.0	0.0	0.0	0.0	0.0	0.0	0.0	0.0	0.0	0.0	0.0	0.0	0.0	0.0
5461.990849596242	4.396293471028002	29833344.04107308	19.32739628340344	11358.430157097018	-17.43965429189302	129013935.633651	304.14154182074265	5682.660386182635	3.561899949229882	12.68713124832384	32292629.06468937	6408.865582405253	6932.096006530407	0.920439	26.288708	0.0726263563701092	0.0412231324027463	-0.0586424781	-0.0296586758	-0.0245510469	-0.1053260653	0.0223717214	0.0148181715	0.0402298204	-0.0162475196	0.0123671642	0.0182086003	0.0170749778	-0.0021031611	-0.0397484474	0.0210789297	-0.0349714492	-0.0011384352	0.0242221935	-0.0521196627	-0.031966526	-0.0859480315	0.0935269381	0.0922209766	-0.0751613196	0.0623916882	-0.1034339885	0.0273007083	-0.0161893077	-0.0247177128	-0.0857926193	0.0751445609	-0.0325357936	-0.1085288671	-0.1129625783	0.0227955447	0.0526886463	0.0426480605	-0.0481389465	0.0384762836	-0.045608568	-0.0346922716	0.0657391356	0.0310647941	0.0087277788	0.1072311773	0.008541109	0.0385636548	-0.037143975	0.0614007246	0.038333767	0.0495756908	-0.0313381414	-0.0382762786	-0.0927161163	-0.0102582156	0.0563692712	0.0067865793	-0.030687023	-0.1739522922	-0.1043932749	-0.0845304369	-0.0494360243	0.0321334831	0.0739496577	0.0326494516	0.0244751959	0.0723183163	0.0238848947	-0.0386357034	0.0079514212	-0.0387596723	-0.011005734	0.0174442591	0.0638796787	-0.0383157682	-0.1242788641	-0.0268124677	-0.0063538994	-0.0575659616	-0.029813767	-0.0222400463	0.0472325245	-0.0566154134	-0.024082287	-0.0856751727	0.0154600163	-0.0087413687	-0.0161724568	0.026528244	-0.0051056442	0.0615006639	-0.0078255922	-0.0165051427	-0.0224084878	-0.0934015595	-0.04110941	-0.0347355101	0.0108828403	0.0806601367	0.0433277339	0.0418607234	0.0885304514	-0.0527327059	0.0094444196	-0.0208969369	-0.044000714	0.0564285907	0.0609248224	-0.0300338779	0.0334299323	-0.0214676815	0.0270282824	-0.0382635299	-0.0031888397	0.0303167346	-0.0108961458	0.0155755751	0.0143161083	0.0224014311	-0.0271347318	-0.0093535123	0.0060595774	-0.0025234077	-0.0012972642	-0.0375274548	-0.041296144	0.0300694555	0.0501459001	-0.0059877739	-0.0166383464	-0.0027557921	-0.0180503431	0.0565187138	-0.0243881477	-0.0861460138	-0.0802640719	-0.0113606834	0.0664628444	0.0921013223	0.0454240252	-0.0369191397	0.0329168985965253	0.0066765558080846	0.0010835222132139	4.4576397458468205e-05	-0.0605953091968842	-0.0291853453232846	0.0036717914966659	0.0008517843816393	-0.0501731666507012	0.0058555689217101	0.002517346651759	3.4287687396897215e-05	0.0067099881459074	9.627886372099747e-06	9.269619599406405e-11	4.5023940918217824e-05	0.0028370289234271	-9.32293139604e-05	8.691704981526836e-09	8.04873311236193e-06	0.0078831672607319	0.000515320526008	6.214432606067528e-05	2.655552445252645e-07	0.0	0.0	0.0	0.0	0.0	0.0	0.0	0.0	0.0	0.0	0.0	0.0	0.0	0.0	0.0	0.0	0.0	0.0	0.0	0.0	0.0	0.0	0.0	0.0	0.0	0.0	0.0	0.0	0.0	0.0	0.0	0.0	0.0	0.0	0.0	0.0	0.0
5460.9929579972	-0.9978915990413952	29822444.08729501	0.9957876434373928	11351.61165572186	-6.81850137515903	128859087.18232036	46.49196100304559	5687.682983043238	5.022596860602789	25.22647922413699	32349737.715599623	6411.358078594948	6838.05258115064	1.001717	28.61009	0.0715378925079607	0.0380089369715777	-0.0467254349	-0.0104124664	0.0062342698	0.019861319	-0.1054456243	-0.078884959	0.0330267246	-0.0145501387	0.0011839226	0.0188669357	-0.0437407505	0.0402127248	-0.0195667992	0.0346578347	-0.0355172899	0.0358086025	0.0073822467	-0.0018150801	-0.0678505971	-0.1681591539	0.0575274929	-0.0354237006	0.0825327348	-0.0639266503	0.0386003866	-0.0221621745	-0.0339400833	-0.0049678076	0.0818920839	0.0722147642	-0.0092126429	0.0160358281	-0.0926152749	-0.0857952513	-0.0417204527	-0.0380423008	0.0969371672	-0.0292923653	0.0906480617	0.0008811156	0.1010378597	-0.0253332935	0.0417276703	-0.0051657481	-0.0193442941	0.0252375191	-0.1157529233	-0.0309078201	-0.1060812889	0.086062538	0.0228023417	-0.0277959217	-0.024402689	0.0044067488	-0.0914963416	0.0303840298	-0.0269260363	0.0392910463	0.0715762357	-0.0473779116	-0.1295759957	-0.0894245545	-0.038945393	0.030216037	-0.1621211538	0.013400095	0.0286982558	-0.0313185458	-0.0025866356	0.003828359	-0.0850945482	0.0737532101	0.0557755537	-0.0218380117	0.0529772211	-0.006956417	-0.0294259608	0.029492876	0.0306963379	-0.0335731567	0.0181738825	-0.0235185275	-0.0628230219	-0.028434343	0.0276534058	0.0582508193	-0.1084234456	0.1055590627	0.0601972998	0.0489905729	0.0389922191	0.0214085305	-0.0426003595	-0.0074771646	0.0560527051	0.1333132965	0.1218750358	-0.1233781477	-0.0143601382	-0.0445528945	0.0796775083	0.015476413	-0.0580902414	0.0685166525	-0.0784805676	-0.0785591747	0.0139916567	-0.029111598	0.0282296401	-0.011596914	0.0125669343	-0.0476992018	-0.0117313292	0.0286169601	-0.01193697	0.0080868337	0.0148167678	0.0297449931	-0.0178371271	-0.0004365617	0.0207716059	0.0012027457	-0.0759880939	0.0415353689	0.0192390735	-0.0143064319	-0.0176348192	-0.015978642	0.0919625241	-0.04509121	0.0284562623	0.0555082565	-0.0268212567	-0.0875088252	-0.0775859381	-0.005059326	0.0715496322	0.090425532	0.0363374993	-0.047071089	0.0195445158053075	-0.0133723827912178	0.0003819880980639	0.0001788206215148	-0.0433788948123634	0.0172164143845208	0.001881728515142	0.0002964049242595	-0.0578001848078884	-0.0076270181571872	0.003340861363826	5.817140597006323e-05	0.0066028006044172	-0.0001071875414901	1.1489169050713306e-08	4.359697582169214e-05	0.003393108589929	0.0005560796665018	3.092245954968641e-07	1.1513185903049966e-05	0.0078799929252233	-3.174335508599954e-06	6.209428850156925e-05	1.0076405921158528e-11	0.0	0.0	0.0	0.0	0.0	0.0	0.0	0.0	0.0	0.0	0.0	0.0	0.0	0.0	0.0	0.0	0.0	0.0	0.0	0.0	0.0	0.0	0.0	0.0	0.0	0.0	0.0	0.0	0.0	0.0	0.0	0.0	0.0	0.0	0.0	0.0	0.0
5459.33202881316	-1.6609291840404694	29804306.20082521	2.7586857543973395	11374.731410435268	23.11975471340884	129384514.65954272	534.5230580081902	5684.804259365907	-2.878723677331436	8.287050010428628	32316999.467304755	6413.247581968916	6824.789962834468	1.007719	28.78153	0.0682922829099896	0.0334674271918561	-0.0396608204	-0.0051503779	-0.0092408059	0.0790479949	-0.0386698222	0.1134150194	0.0260728926	-0.0043267843	0.0355662064	0.0409104403	-0.0234580148	-0.0790410749	-0.0405845976	0.0236807692	-0.0325872812	0.0009992197	-0.0188287974	-0.0542236406	0.1013612937	0.0487524269	0.0097474175	-0.0365303333	-0.0619522562	-0.1095287988	0.0169922798	0.0704446588	-0.0373134275	0.0316453017	0.059987278	0.0139965198	0.1251131103	0.0160643047	-0.0239577152	0.0307121964	0.0045555733	0.0128989039	-0.0418350935	-0.0471858485	0.0246710099	0.0963312187	-0.0112906449	0.0265238185	-0.0270619398	0.0011497135	0.0051012806	0.0510096037	-0.0240383288	-0.0601261279	-0.0758459826	-0.1290086103	0.0414287832	0.025152741	0.0030151199	-0.0353554636	-0.1183904274	-0.0385312509	-0.0097862916	0.0225868438	-0.0165058957	0.0616546601	-0.0349889748	-0.007283594	0.0211449581	-0.006384621	0.0125755813	0.0100366013	0.0223898277	-0.0321134617	0.0080111056	-0.0017858693	0.039248567	-0.1218205656	0.0194466252	-0.0373563734	0.0510179695	0.0147341471	-0.0468019937	-0.0128564421	0.0584550338	-0.0316059129	-0.0624704287	0.0252532408	0.0041820891	0.0480974336	0.0067522947	-0.0493166851	-0.0128244567	0.0316332627	0.0002636191	-0.0023209145	-0.0754319567	0.0167787033	0.0310512612	-0.0511758185	-0.0446996969	-0.0352265886	0.0082794392	-0.0183890773	-0.0628242794	-0.1020589067	-0.0819460254	0.024150143	0.0540863563	0.0913495022	0.0393839644	-0.0322759794	0.1122920912	-0.0249442391	0.0279253234	-0.0106772517	0.0050526157	-0.0351922624	-0.0161911122	0.0247843091	-0.0055352843	0.0013181362	0.0056231701	-0.0090252135	-0.02571585	-0.0116176449	-0.0336997403	-0.0230416708	0.1153373747	0.0122328732	0.0148315694	0.0072347426	-0.0175601542	0.0658191094	0.0464646852	-0.0668629666	0.0260256311	0.0544875326	-0.0292345235	-0.0887259867	-0.0746782574	0.0012654166	0.0761602691	0.0879308341	0.0268212567	-0.0565187138	0.0021867995909587	-0.0173577162143487	4.782092451017138e-06	0.0003012903121778	-0.0607085287393971	-0.0173296339270336	0.0036855254617022	0.0003003162120449	-0.0558326340341963	0.0019675507736921	0.0031172830231964	3.871256047056389e-06	0.0070592450908993	0.000456444486482	2.083415692399077e-07	4.983294125338586e-05	0.0035161052988512	0.0001229967089222	1.512819040569245e-08	1.2362996472609488e-05	0.0079332993697173	5.330644449400013e-05	6.293723888955691e-05	2.8415770245919166e-09	0.0	0.0	0.0	0.0	0.0	0.0	0.0	0.0	0.0	0.0	0.0	0.0	0.0	0.0	0.0	0.0	0.0	0.0	0.0	0.0	0.0	0.0	0.0	0.0	0.0	0.0	0.0	0.0	0.0	0.0	0.0	0.0	0.0	0.0	0.0	0.0	0.0
5463.125467873229	3.793439060069432	29845739.87772509	14.390179902460453	11367.049151362206	-7.682259073062596	129209806.40948424	59.01710446565258	5684.744884413267	-0.0593749526397004	0.0035253850009666	32316324.40086281	6416.142776431966	6948.635420245177	1.07045	30.573179	0.0412798489989984	0.0221049697060422	-0.0404494523	-0.0302443177	-0.0089934793	-0.1189055726	0.0063776306	-0.0258111558	0.0321601265	-0.0170610098	0.0191701816	-0.03305091	0.0065354585	0.0195903042	-0.0269282806	0.0272211314	-0.0210149261	0.0156738858	-0.0444905514	0.019226636	-0.043336331	-0.019858666	0.0221582938	0.075028805	-0.0583931144	0.0262607529	0.0080044339	0.0311822974	0.0066689534	0.0198702593	0.0096524763	-0.0540153901	0.0253049524	0.0330807575	0.0273783445	-0.0684766962	0.0421695929	-0.0197607695	-0.0009635	-0.0385760599	-0.042011215	-0.0402586384	-0.0218882404	-0.0819549952	0.1189177456	0.0545821143	0.1614583287	-0.1090829802	0.0032216435	0.0596067425	-0.0293451372	-0.0003369201	0.1071237747	-0.1306879115	0.0267185067	-0.0278995571	-0.1124466119	0.0008804978	0.0339420909	0.0001528991	0.0289142138	0.0790225656	-0.0537191343	-0.0227982594	-0.1097388652	0.065023111	0.0958669096	-0.0404824728	0.0161404196	-0.0300519696	0.0139300567	-0.0042537671	-0.0425562109	0.0045932958	0.0226184039	0.0273831426	-0.1194434038	0.0368879977	0.0017683441	-0.0356245286	0.0038347718	-0.0235193848	0.0253116276	0.0122293367	-0.0279985908	-0.0226318788	-0.0247526754	0.016658028	0.0220501827	-0.0246141319	-0.1020485238	0.0598072487	-0.0191295067	0.0427244363	-0.0441339427	-0.0005082638	0.0483437677	0.0041557038	-0.0264586354	0.0521643211	-0.0891499508	0.0345195507	-0.0350777777	0.0204979762	0.1140754081	0.0482551236	-0.164741674	-0.0674646109	0.0576787078	-0.0198002946	0.0274750932	-0.0057023398	-0.0003532764	-0.0436570088	-0.0163565784	0.0411734752	-0.0283412111	0.0086623934	0.0236794977	0.0355365429	-0.044715766	-0.0110180599	0.023083031	5.60635e-05	-0.0136983653	-0.0326512832	-0.0215845951	0.0597475701	0.0413522397	-0.0524752041	-0.0241226555	0.0196721215	-0.0263548311	0.0534567308	-0.0316261628	-0.0897954726	-0.0715496322	0.0075843101	0.0802640719	0.0846398209	0.0169878336	-0.0651206494	-0.0161036688228364	-0.0182904684137951	0.0002593281495555	0.000334541234796	-0.0645651479228064	-0.0038566191834093	0.0041686583262938	1.4873511525840672e-05	-0.0529157591462023	0.0029168748879939	0.0028000775660188	8.508159112209996e-06	0.0072311663973752	0.0001719213064759	2.955693562038049e-08	5.228976746652824e-05	0.0036608239491111	0.0001447186502599	2.094348773304726e-08	1.340163198638539e-05	0.0079409771432575	7.67777354019998e-06	6.305911798973804e-05	5.894820653459495e-11	0.0	0.0	0.0	0.0	0.0	0.0	0.0	0.0	0.0	0.0	0.0	0.0	0.0	0.0	0.0	0.0	0.0	0.0	0.0	0.0	0.0	0.0	0.0	0.0	0.0	0.0	0.0	0.0	0.0	0.0	0.0	0.0	0.0	0.0	0.0	0.0	0.0
5457.835743080459	-5.2897247927703575	29787970.998446625	27.9811883832494	11346.785065320071	-20.26408604213429	128749531.3185706	410.633183123022	5683.8058466351695	-0.9390377780973722	0.8817919486940496	32305648.902244136	6413.2660635517295	6892.42504337385	0.867345	24.772287	0.0593346755618855	0.0284067497272944	-0.0352069277	-0.0168944906	0.0099012933	-0.015932799	-0.0774010622	-0.0597750088	0.0359176768	-0.0049772012	-0.0290871054	-0.0277664593	-0.0454314966	0.0967916524	-0.0148560363	0.0095000283	-0.0132582137	0.0346212677	-0.012051996	0.0167851306	-0.0287116184	-0.0849206968	-0.0262895076	0.0275787634	0.0538234283	-0.0186304754	-0.0309032836	0.0629767895	0.0276380168	0.0686830216	0.0416292527	0.0378158458	0.0116651467	0.083363797	-0.0510212557	-0.0544597859	-0.0427818536	-0.0952815376	0.0188747854	0.0707771252	-0.0324415734	0.0547783171	0.0493570891	0.0189968428	-0.0195669878	-0.0048160938	-0.0983259024	-0.0631488036	0.0710915103	0.0103374459	0.0197201227	-0.0418973312	0.0348966366	-0.0471510429	-0.0393965199	0.0721157713	0.0506257116	0.0807456313	0.0222531172	0.0033391011	-0.0516446834	-0.0576915335	0.1331821281	0.0038370588	-0.0716506793	0.0273001647	0.1019334487	-0.027604265	0.0121702812	-0.0262136648	-0.0103933255	0.0194368958	-0.0741104784	0.0598405677	0.0484873008	-0.0030999335	0.0143946646	0.0335527011	-0.0403129193	0.0194991709	0.0064558979	-0.0103376508	-0.0201861999	-0.0157019453	0.011548879	0.0246869293	0.0023709837	-0.0217186447	-0.0407994005	-0.0088358568	0.0075650042	0.0852627712	-0.0339228132	-0.0262143056	-0.0100530633	-0.0926606401	-0.1199005187	0.1060649817	0.0511573835	-0.0319575049	0.0652015484	0.0837721626	0.0134500573	-0.0204576991	-0.0046070321	0.0047434181	-0.0149221945	-0.0812879228	0.0112098222	-0.0227214376	0.0263261934	-0.0005923522	-0.0045091823	-0.0518403585	-0.0218037691	0.0348871757	-0.0075419447	0.0113999121	0.0400617015	0.0438109743	-0.0307335381	-0.0178003692	0.0221787989	-0.0143885068	-0.0887567096	0.0210050843	-0.0007166868	0.0047522978	0.0226893838	-0.0652178844	0.0627918472	-0.0497678152	0.0368303334	0.0524160419	-0.0339944055	-0.0907155029	-0.0682093192	0.0138681475	0.0838337306	0.0805822964	0.0069535172	-0.072748185	-0.0401764187175217	-0.0240727498946853	0.0016141446209656	0.000579497287492	-0.0557043210137493	0.0088608269090571	0.0031029713796028	7.851425351227045e-05	-0.0600284843185505	-0.0071127251723481	0.0036034189295824	5.059085937735571e-05	0.0070413094990218	-0.0001898568983533	3.6045641852373224e-08	4.958003946101464e-05	0.0036607677992255	-5.614988560003961e-08	3.152809652897536e-15	1.3401220879846312e-05	0.0081368315667344	0.0001958544234768	6.620802794540539e-05	3.835895519546884e-08	0.0	0.0	0.0	0.0	0.0	0.0	0.0	0.0	0.0	0.0	0.0	0.0	0.0	0.0	0.0	0.0	0.0	0.0	0.0	0.0	0.0	0.0	0.0	0.0	0.0	0.0	0.0	0.0	0.0	0.0	0.0	0.0	0.0	0.0	0.0	0.0	0.0
5454.405141707457	-3.4306013730019917	29750535.449884742	11.769025780443148	11327.142895134128	-19.64217018594354	128304166.16678756	385.8148496135693	5680.576256886139	-3.2295897490303105	10.430249947041665	32268946.61029854	6411.600663854721	6850.254222853395	0.7812719999999999	22.313959	0.0675194653283075	0.0386199463109933	-0.0372916964	-0.0186227721	0.0206615846	0.0386520082	-0.1072870073	-0.0060259068	0.0243569647	-0.006966115	0.0086168975	0.0128281764	-0.0269347875	0.0188351561	-0.0467070753	0.0075344033	-0.030820458	0.0125417588	-0.0066755622	-0.0355168936	-0.0096866576	-0.074938457	0.0185171855	-0.0518812781	-0.0636537276	-0.0510075334	0.0013318518	-0.0181626457	0.1043010546	0.1192491272	-0.0467271823	-0.0056033576	0.0095915051	-0.0245661379	0.024659251	-0.0365791335	0.0833839761	-0.0447753162	0.0399311736	-0.0303521519	-0.0466069703	-0.0617342829	0.071128648	-0.019141705	-0.0384957165	-0.020354181	0.0692135599	-0.0384267283	-0.1092072234	-0.0428342022	-0.0035586749	-0.0535638243	0.0969698006	-0.0301982478	0.07907564	0.0726123206	-0.0654701392	0.0232475737	0.0781377469	0.046128036	-0.0466930203	-0.0211208539	-0.0892352992	0.1815705416	0.1244946161	0.0412086169	0.0379755889	0.0287480741	0.0114575187	-0.0338482073	-0.0022289504	0.0053750632	-0.0445473267	0.0024397237	0.0527195206	-0.0180198083	0.057574042	0.0360528184	-0.0764127021	-0.0351942281	0.0792592294	0.0230837657	0.0373897725	-0.0147368651	0.0051282112	-0.0134997242	0.0308751402	0.003027911	-0.0009995296	0.0663680889	-0.0030543398	-0.0287989791	0.0415149005	-0.0356624754	0.0387954693	-0.0681537115	0.031627432	0.0134591588	-0.0751987294	-0.0016003366	-0.0604937278	0.0230132572	0.0123711539	-0.0340956823	-0.021157421	0.0717742031	-0.1473734235	-0.0598364076	0.0231830985	-0.0179796664	0.0303326744	-0.0048494312	-0.0074030251	-0.056579703	-0.0186729861	0.0336956267	-0.0148253176	-0.002382684	0.0322767865	0.0270000374	-0.0362581766	-0.0250785802	0.0148895295	-0.0307544349	0.0347739415	0.0471651524	0.0803467646	-0.0057744343	-0.0318245911	-0.0460521514	0.074229008	-0.0726942434	0.0219421308	0.0513656584	-0.0363374993	-0.0914845461	-0.064667201	0.0200878836	0.0868454896	0.0757950062	-0.0031630294	-0.0792871898	-0.0395088879104434	0.0006675308070782	0.0015609522239199	4.45597378398606e-07	-0.0791989300859938	-0.0234946090722444	0.0062724705267661	0.0005519966554575	-0.0548274917234508	0.0052009925950997	0.003006053848685	2.7050323974281915e-05	0.0070170968540692	-2.4212644952600025e-05	5.862521756006673e-10	4.923964825938787e-05	0.0042532040065637	0.0005924362073382	3.509806597652707e-07	1.8089744321449516e-05	0.0082833093715213	0.0001464778047869	6.86132141443326e-05	2.14557472951895e-08	0.0	0.0	0.0	0.0	0.0	0.0	0.0	0.0	0.0	0.0	0.0	0.0	0.0	0.0	0.0	0.0	0.0	0.0	0.0	0.0	0.0	0.0	0.0	0.0	0.0	0.0	0.0	0.0	0.0	0.0	0.0	0.0	0.0	0.0	0.0	0.0	0.0
5453.622956393826	-0.7821853136310892	29742003.350505736	0.6118138648601654	11367.751190808354	40.60829567422661	129225767.13612476	1649.0336775654116	5682.38551935886	1.8092624727205475	3.27343069519487	32289505.190619256	6412.413989242535	6848.273274514381	0.82353	23.520895	0.054465609967984	0.0290798169230445	-0.03014438	-0.0140522618	-0.0009796792	0.0295323136	-0.0466883459	0.0907939785	0.0233883376	-0.0269645873	0.0319064098	0.0197432757	-0.0246134323	-0.0381765457	-0.0645082376	0.0091178056	-0.0036430648	0.0267971727	-0.0081939452	-0.1067955299	0.0936471513	0.0588145492	-0.0272966577	0.0190905228	0.0051901631	-0.0631840485	0.0816830086	0.0138225224	0.0079576611	0.045661832	-0.0216463436	0.0002830042	-0.0106494051	0.0253952859	0.0886341469	0.0101191327	-0.1024039008	0.0343954842	0.0240917811	0.0682769569	-0.0473719049	0.0114279402	-0.0502693954	0.018334332	0.1000403222	0.0137495545	-0.0695663623	-0.0856039166	-0.0051820372	-0.1345850775	0.0859304002	0.001648501	-0.1146252726	0.0106473372	-0.0616414248	0.0716731208	0.1195784632	0.060063249	0.0461136007	0.0676470471	-0.0763037222	-0.1104799698	-0.0537953636	-0.061344024	-0.0280574387	-0.0179819573	-0.0084022607	0.042315395	0.0106215313	-0.0244963499	0.0064938171	-0.0636047374	0.011605305	-0.1274808824	0.0254706328	0.0149373594	0.029751317	0.0218602461	-0.058154611	0.0086604125	0.0345884236	-0.0864537198	-0.0647843277	0.0091961527	-0.016148819	0.0617237602	-0.063797232	0.0030680276	-0.0120808157	-0.03329702	0.0228042749	0.0180070091	0.0288684479	0.0811882432	-0.0090037529	-0.0376284445	-0.0463277694	0.0371859314	-0.084335274	0.0208526078	0.1293171623	-0.0670056973	-0.0361778533	-0.0080462353	-0.0540597902	-0.0280464002	-0.1294340674	-0.0046726903	-0.0179831585	-0.0157537081	0.0261311679	0.0004330882	-0.0162442825	-0.0579157846	-0.0225893953	0.0319046974	-0.008503017	-0.0060448032	0.0566604076	0.0204275166	-0.0278717988	-0.0523982276	-0.0050735929	-0.049841937	0.1325014912	-0.0068113422	0.0090198876	0.0222091473	0.0112182287	-0.0154430118	0.0072430126	-0.0416614525	0.0050257059	0.0503057744	-0.038653711	-0.0921013223	-0.0609337573	0.0262147696	0.0892793062	0.0703213046	-0.013242171	-0.0846398209	-0.0663664342691703	-0.0268575463587269	0.0044045035976041	0.0007213277964111	-0.0852116843155528	-0.006012754229559	0.0072610311438934	3.615321342507972e-05	-0.0487840804506376	0.0060434112728132	0.0023798865054142	3.652281981236568e-05	0.0071532319106017	0.0001361350565324	1.8532753617106957e-08	5.116872676685045e-05	0.0042553873294386	2.183322874899779e-06	4.766898776060636e-12	1.810832132354658e-05	0.0084560289542516	0.0001727195827302	7.150442567514141e-05	2.983205425852887e-08	0.0	0.0	0.0	0.0	0.0	0.0	0.0	0.0	0.0	0.0	0.0	0.0	0.0	0.0	0.0	0.0	0.0	0.0	0.0	0.0	0.0	0.0	0.0	0.0	0.0	0.0	0.0	0.0	0.0	0.0	0.0	0.0	0.0	0.0	0.0	0.0	0.0
5454.917397463069	1.2944410692434758	29756123.813145265	1.675577681744193	11339.677762401348	-28.07342840700585	128588291.75509964	788.117382523283	5676.020903268217	-6.364616090642812	40.50833798126939	32217213.294337746	6409.390065982136	6953.601022576153	0.96267	27.494875	0.0480144283735171	0.0227636999957571	-0.0405332617	-0.0368704834	-0.0004681296	-0.1519649372	-0.0142381081	-0.0125652642	0.019811971	-0.0266837807	-0.0178170517	-0.0442148752	-0.0302033876	0.0821450243	-0.0495694419	-0.0096335279	-0.0279778786	0.0600351677	-0.0216352319	9.57838e-05	0.0475440622	-0.0524648661	0.0687213421	0.0663420951	-0.0101311698	0.0429141071	0.0595714693	-0.0036718838	-0.0387683173	0.0461041421	0.0274057756	-0.0218795998	0.0690422835	0.02404759	0.0500793038	0.0110213881	-0.0159782718	0.151876612	0.0920995248	0.0744226465	0.0822613291	-0.0092516056	-0.0634976876	-0.0079220849	0.1399946624	0.1322738338	-0.0281261154	-0.0821562471	-0.0394404771	0.0813351434	-0.0264092249	-0.0829212783	0.061431909	0.0109496143	-0.093601824	0.0873138196	-0.0169211456	-0.0276687911	-0.0512853365	0.0919077235	-0.0733410064	-0.0314990434	-0.0460721445	-0.1333190658	0.0881068924	-0.1322910263	0.0263690102	-0.0280989374	0.0044574449	-0.030869323	-0.0055214	-0.0322525706	-0.0494758067	0.0085111142	0.0540807048	0.0609000634	-0.102023077	0.0292178816	-0.0480994439	-0.018286068	0.0201294409	0.0091094502	-0.0024399358	-0.0256181563	-0.0092532251	0.0226664034	-0.0930184926	-0.0808086862	0.0446585907	-0.0251467542	-0.0161138952	0.0706143051	-0.122321197	0.0407302771	-0.0233328071	0.0119355476	0.0319422714	-0.0178404595	-0.0050153548	0.0572278362	0.0626384735	-0.0891820384	-0.023228058	0.0789609111	0.0521252947	0.001880051	-0.0967449322	0.0554116096	0.0224116029	-0.0141359197	0.0265903216	0.0055078147	-0.0135358758	-0.0678296036	-0.0192928857	0.0306623218	-0.0231348864	0.013492716	0.0605076035	0.0510803834	-0.0436815646	-0.0546756175	0.0500878642	-0.0362904348	-6.26902e-05	-0.0274908182	-0.0018407198	0.0720038728	0.0681247303	-0.1152829732	-0.0390132225	0.0018783408	-0.0285624329	0.0492365861	-0.0409413271	-0.0925648049	-0.057020034	0.0322204857	0.0911189838	0.0642107624	-0.0231647145	-0.0887259867	-0.0789509157087309	-0.0125844814395606	0.0062332470912471	0.0001583691731026	-0.0904834098516005	-0.0052717255360476	0.0081872474583727	2.7791090127417382e-05	-0.0470627189040087	0.0017213615466288	0.0022148995106377	2.963085574212637e-06	0.0068831949365824	-0.0002700369740193	7.291996733750039e-08	4.737837253499359e-05	0.0044396461431575	0.0001842588137189	3.3951310433096314e-08	1.9710457876453264e-05	0.008570470363539	0.0001144414092873	7.34529622523003e-05	1.3096836159685964e-08	0.0	0.0	0.0	0.0	0.0	0.0	0.0	0.0	0.0	0.0	0.0	0.0	0.0	0.0	0.0	0.0	0.0	0.0	0.0	0.0	0.0	0.0	0.0	0.0	0.0	0.0	0.0	0.0	0.0	0.0	0.0	0.0	0.0	0.0	0.0	0.0	0.0
5454.791011525309	-0.1263859377604603	29754744.9794173	0.0159734052635909	11349.6066713917	9.928908990352284	128813571.595299	98.5832337386984	5678.828719841174	2.807816572956653	7.883833907370047	32249095.629292943	6405.965368545399	6878.752576016453	0.9423760000000002	26.915272	0.0505975745784072	0.0241232300492368	-0.0295804497	-0.0292498822	0.0203680618	-0.0022710556	-0.1138008038	-0.0863044786	0.0184137216	-0.0349650319	-0.0091033588	0.0171724515	-0.0743295813	0.1185189413	0.0115925836	0.0061971443	-0.0249777279	0.0884083305	-0.0302042873	-0.0232352494	-0.0226996987	-0.0745215012	0.0909595079	-0.0023373181	0.0220822932	-0.0880319372	0.030103996	-0.0017537928	-0.085008226	-0.0613590105	-0.0134735089	0.074148861	0.0418918775	-0.0937264291	0.0090865744	0.0077442031	0.0112121963	-0.0194529642	-0.0397813508	0.03896594	0.093643886	-0.0819845966	-0.0969778335	-0.0233256141	-0.0193537254	0.0189818102	0.0014747947	-0.0418488041	-0.0089684386	-0.1274842616	-0.1567825367	-0.0773704701	0.0336100627	-0.0218788894	-0.0168409699	-0.1394181271	-0.0091612237	-0.0054765926	0.0848802029	-0.1280167158	-0.0417139097	-0.0541056057	0.1240445771	0.0924126301	-0.08084063	-0.0181556306	-0.0721154323	-0.0065062313	0.0096803774	-0.0431305763	-0.0253539463	-0.028236644	-0.1063886046	0.0179931835	0.0405122325	0.0528307925	0.0189437215	-0.0484424158	-0.0728960183	-0.0078191174	0.0366235059	-0.0333864805	-0.02026401	-0.048564627	-0.0638458909	0.04613438	-0.0610646323	-0.0044287553	-0.1394483454	0.0335795884	0.0596307153	0.0489549812	0.0225335632	0.0147631242	0.0717458978	0.0330347844	0.0456960611	-0.0611601288	0.0117182234	-0.0554068537	0.0587078312	0.051434875	0.0813330144	-0.036219983	-0.0049504534	0.1160010823	0.0026339175	-0.0403247201	0.0345450218	-0.0138222881	0.0289823481	0.0031789259	-0.0171433893	-0.0623700258	-0.0289621728	0.0251485314	-0.0115352851	0.0056931768	0.0910041227	0.0658058694	-0.0262761432	-0.0586725229	0.0381325457	-0.0247132943	-0.0717283765	0.0364198562	0.0313822822	-0.0067287798	0.0166499251	-0.1059626362	0.0829331163	-0.0596872777	0.0458714649	0.0481582911	-0.0431986551	-0.0928742226	-0.0529376103	0.0380772724	0.0923522795	0.0575187176	-0.0328133187	-0.0914845461	-0.0820742084942054	-0.0031232927854744	0.0067361756999502	9.754957823797004e-06	-0.0935669468022553	-0.0030835369506548	0.008754773533896	9.50820012605352e-06	-0.0617173398283767	-0.0146546209243679	0.0038090300354913	0.0002147579144369	0.0070523544304055	0.000169159493823	2.861493435048738e-08	4.973570301206008e-05	0.004627228255529	0.0001875821123714	3.5187048881753924e-08	2.141124132876595e-05	0.0088084512357026	0.0002379808721636	7.758881317175066e-05	5.6634895515747966e-08	0.0	0.0	0.0	0.0	0.0	0.0	0.0	0.0	0.0	0.0	0.0	0.0	0.0	0.0	0.0	0.0	0.0	0.0	0.0	0.0	0.0	0.0	0.0	0.0	0.0	0.0	0.0	0.0	0.0	0.0	0.0	0.0	0.0	0.0	0.0	0.0	0.0
5456.66711751341	1.876105988100789	29775216.031352103	3.51977367858764	11344.985486711774	-4.621184679926955	128708695.69370078	21.355347845991595	5688.892644428953	10.063924587779184	101.2825781085064	32363499.51983784	6417.079890665334	6868.970149112314	0.934343	26.685833	0.0520906118462823	0.0245941114190517	-0.0307453875	-0.0182571458	0.0098542874	0.0249777168	-0.0546152518	0.1040240011	0.020328435	-0.0204343928	0.0236621166	0.0346970789	-0.0102504769	-0.0133404068	-0.052890435	0.0146508493	-0.0165752081	0.0176481482	0.0152818149	-0.0318971135	0.1029740861	0.0475150396	-0.0093235436	-0.0198395238	0.0301074758	-0.1011751603	-0.0622034957	-0.0675911202	-0.0908753083	0.0255559037	0.0259559617	-0.0306036372	0.0390143359	-0.0316101279	-0.0761953324	0.0004602559	-0.1209234683	0.0101541593	0.0244892247	-0.0267877858	-0.0211467927	0.0905735829	0.0037486858	-0.0811066971	-0.0742720346	0.0402688921	-0.0034949078	0.0904449684	-0.0596581857	-0.0285766487	0.0383403548	-0.0857424867	-0.0240793298	0.1465683035	-0.0305444199	-0.0640871542	-0.0372566574	0.0577937793	-0.0593476727	-0.029654772	-0.0206187167	-0.1202788365	0.0276343697	-0.0352963219	-0.0850746636	-0.0893344348	0.1251797131	-0.010214084	0.009179321	-0.0289331935	-0.0034214006	-0.0297952751	0.0169156925	-0.0862555656	0.039001483	-0.0008803914	0.0402918757	-0.0140202154	-0.0331527606	0.0064422226	0.020174302	-0.040541086	-0.0253170697	0.029397813	-0.0090785553	0.0529677965	0.01615101	-0.0466758103	0.0089087297	0.0382902095	0.1494437174	0.0223159274	-0.1083449473	0.0445045555	-0.0526977931	0.0091569268	-0.0479977395	0.0553330807	-0.0945190618	-0.0426076499	-0.0513771836	-0.0208629909	0.0617584951	-0.0067840871	0.027282107	-0.0616443757	0.0906812417	0.0823361755	0.0950478036	-0.0149311638	0.0268289131	0.0030431745	-0.0052344711	-0.0573186748	-0.0225859616	0.0212624161	-0.0176172143	-0.0096384736	0.0236822972	0.0051103541	-0.0453427238	-0.0662342967	0.0344102709	-0.0609443416	0.1369809578	0.0133104203	0.072072698	0.0372026503	0.0007423972	-0.0355563714	-0.0095764815	-0.0648012102	0.0236371382	0.047071089	-0.0454240252	-0.0930290603	-0.0486985645	0.0437580584	0.0929709861	0.0503057744	-0.042073882	-0.0928742226	-0.0838357497454325	-0.0017615412512271	0.0070284329353787	3.103027579774737e-06	-0.0786338130330648	0.0149331337691905	0.0061832765521189	0.0002229984841685	-0.0756495001570414	-0.0139321603286647	0.0057228468740102	0.0001941050914236	0.0070209582781967	-3.139615220879976e-05	9.85718373518122e-10	4.9293855144178766e-05	0.0044779568339963	-0.0001492714215326	2.2281957286392917e-08	2.0052097407134164e-05	0.0090570591919051	0.0002486079562025	8.203032120567267e-05	6.180591588718441e-08	0.0	0.0	0.0	0.0	0.0	0.0	0.0	0.0	0.0	0.0	0.0	0.0	0.0	0.0	0.0	0.0	0.0	0.0	0.0	0.0	0.0	0.0	0.0	0.0	0.0	0.0	0.0	0.0	0.0	0.0	0.0	0.0	0.0	0.0	0.0	0.0	0.0
5460.201205508989	3.5340879955792843	29813797.20464181	12.489777960497603	11366.21053080656	21.225044094786423	129190741.83061796	450.50249682562816	5684.305421105874	-4.587223323078433	21.042617815794745	32311328.12041363	6415.050652610196	6971.61428849486	0.965859	27.585951	0.0975996205040163	0.0444590189341772	-0.0345541554	-0.0388175594	0.0087584149	-0.0998118585	-0.0254427902	-0.0354722641	0.0238801285	-0.0361029346	0.0150493577	-0.0071341854	-0.0283867317	0.0213168769	-0.0071943396	0.0115830471	-0.0304032592	0.0569549131	-0.047383181	0.0100366289	-0.0080869778	-0.0577641455	0.0504535205	0.045873123	-0.0362171062	-0.0282625409	0.051877404	-0.1465833205	0.0375016185	0.0696651498	-0.0791500295	0.0228133005	0.1270884147	-0.1660824775	-0.0224838055	-0.0131328435	-0.1427356962	-0.0132514597	-0.043131797	0.1200861245	-0.0191056198	0.0810274651	0.0251833628	0.0132981118	0.0763328324	0.0685505074	0.0417321365	0.0761301841	0.0048611119	0.0062443409	0.0634423986	0.0283668585	-0.0142230193	0.0900361592	-0.0006076431	-0.0567048335	0.0579209825	0.0018944579	0.0325074922	-0.0628128649	-0.1127215965	0.1591883785	-0.0824768894	0.1176430327	0.0142266478	0.0014253245	0.0094189896	0.0661454968	0.0138074056	-0.0449428947	-0.0031763756	0.0006352925	-0.0613032826	-0.0047826991	0.0333073611	0.0333770101	-0.0782600022	0.0076263596	-0.0673370722	-0.0292050476	0.0629694382	-0.0450371481	0.0687686198	-0.0310093925	-0.0257832299	0.0238788821	-0.1066906937	0.0811477431	0.0066710341	-0.0584586899	0.0676982451	0.0960305257	-0.0875450572	0.0856883016	0.041461125	-0.1435350524	0.0202234321	-0.0049573702	-0.1977266546	0.0306620243	0.076475612	-0.0094570587	-0.0173110145	-0.0850321477	0.0770918215	-0.0644337486	0.0106992532	0.0658680843	0.1180888872	-0.0122361522	0.0305257498	-3.56569e-05	-0.0162732185	-0.0470361377	-0.0435375349	0.0166132537	-0.0318353321	0.0044079287	0.1096310917	0.0691605564	-0.0318632145	-0.0668294687	0.0094495155	-0.0335205138	0.0083934702	-0.0123742001	-0.0186168623	0.0299483222	0.0600374984	-0.076925801	0.0458046474	-0.0125669556	0.0277290975	0.0459751808	-0.0476157909	-0.0930290603	-0.0443154383	0.0492365861	0.0929709861	0.0426372543	-0.0508368917	-0.0928742226	-0.0990468718076726	-0.0152111220622401	0.0098102828148855	0.0002313782343923	-0.1020596344068422	-0.0234258213737773	0.0104161689752582	0.0005487691070361	-0.0973036917784853	-0.0216541916214439	0.0094680084337224	0.0004689040147782	0.0073230954768711	0.0003021371986743	9.12868868228138e-08	5.362772736336996e-05	0.0048640586796819	0.0003861018456856	1.4907463524182714e-07	2.365906683938883e-05	0.0091149898564762	5.793066457109898e-05	8.308304008366401e-05	3.3559618976491823e-09	0.0	0.0	0.0	0.0	0.0	0.0	0.0	0.0	0.0	0.0	0.0	0.0	0.0	0.0	0.0	0.0	0.0	0.0	0.0	0.0	0.0	0.0	0.0	0.0	0.0	0.0	0.0	0.0	0.0	0.0	0.0	0.0	0.0	0.0	0.0	0.0	0.0
5453.214098820062	-6.98710668892727	29737544.007569894	48.81965988245219	11318.886324512716	-47.32420629384433	128117187.627241	2239.580501342335	5671.011365444653	-13.294055661221137	176.73191592364574	32160369.90700243	6408.17457865117	6894.11658406927	1.107174	31.62207	0.2215823672833831	0.1345272361341299	-0.0162527412	-0.0135851239	0.0286363221	0.0199183749	-0.0212913158	0.0341421746	0.0117236056	-0.0173330191	-0.0259560106	-0.0268057925	0.0308313487	-0.0220083661	0.0382567743	0.0184878167	0.009745006	-0.0093066404	0.023474944	0.0350175333	0.0414714717	0.0675763252	0.0036830569	-0.203477201	-0.0106280258	0.1141179877	-0.0105359477	-0.0063685469	0.0177274871	0.0115603793	0.0087920196	-0.0520065297	-0.0943525283	-0.0440693466	-0.0148372755	0.0680924512	0.0201160732	0.0618675573	-0.1279106191	-0.149184613	-0.0920201774	0.00285571	0.1027922019	-0.2040935593	-0.0155192317	0.1301075065	-0.138255622	-0.0983962731	0.0098882462	0.0285217361	0.1072066064	0.0829095427	3.27538e-05	-0.0394406268	0.1038346795	-0.0493377111	-0.0418199482	-0.1499828626	0.0321403386	-0.0218926028	0.0561635352	0.0856540162	0.1344230233	-0.1439699553	0.0915014277	0.0695483411	0.0982987503	0.0375324801	0.008269233	0.0016778377	-0.0160507005	0.0030068501	0.0324769287	-0.0197734025	-0.0403225522	0.0256609474	0.0772308737	-0.0237979326	-0.0154317734	-0.014683522	0.0048469502	0.1568961629	0.0075142005	0.0019511255	0.1051589115	-0.0139280007	0.1088092484	-0.1078755477	0.0462416166	0.0228566653	0.0979727029	-0.1046377391	-0.0077099681	-0.0075882256	-0.1362080937	-0.0069868736	0.1242282573	0.0415946883	-0.0846478105	0.1971707866	-0.0447462177	-0.0791313651	0.0013862538	-0.1841388679	0.0373895073	-0.0511689124	0.0398886477	0.0651505572	-0.1485759348	-0.0099566013	0.0051024702	0.0120125443	-0.0011466528	0.0088103444	0.004422595	-0.0067232487	-0.0054070424	0.0037413017	-0.1044031394	-0.0630945516	-0.1040570494	-0.045795191	0.1286890726	-0.0241265954	0.0885767145	-0.002210687	0.2227867938	0.1175509758	-0.0607323017	-0.1835570277	-0.0466580617	-0.0889453535	-0.024832261	0.0448707692	-0.049772331	-0.0928742226	-0.0398011998	0.0544875326	0.0923522795	0.0345826047	-0.058998719	-0.0914845461	-0.0923317423860226	0.00671512942165	0.0085251506520388	4.509296314950956e-05	-0.0496834602342204	0.0523761741726217	0.0024684462208453	0.0027432636209608	-0.1671880586794216	-0.0698843669009363	0.0279518469649937	0.0048838247371446	0.0090293465769491	0.001706251100078	2.9112928165173865e-06	8.152909960666243e-05	0.0048660194582936	1.960778611699923e-06	3.844652764099878e-12	2.3678145368491945e-05	0.00925891191355	0.0001439220570738	8.572744982287811e-05	2.0713558512354144e-08	0.0	0.0	0.0	0.0	0.0	0.0	0.0	0.0	0.0	0.0	0.0	0.0	0.0	0.0	0.0	0.0	0.0	0.0	0.0	0.0	0.0	0.0	0.0	0.0	0.0	0.0	0.0	0.0	0.0	0.0	0.0	0.0	0.0	0.0	0.0	0.0	0.0
5460.339313369864	7.125214549801967	29815305.417132474	50.76868238070965	11319.745683942523	0.8593594298072276	128136642.34913538	0.7384986295986032	5673.493446327898	2.4820808832446346	6.160725510968465	32188527.885525607	6399.907720954905	6928.244163550259	1.224292	34.967079	0.3130461212549	0.1519058930477374	0.0096765871	-0.0061586573	-0.0056683633	-0.0953133687	0.1195538968	0.0346497507	-0.0082018295	0.0131558119	0.0063505173	0.0161531002	0.0643320625	-0.0697121889	0.0261942162	0.0008675761	0.023002542	-0.0760376548	0.0351129826	0.0005834619	0.0312055698	-0.002331788	0.0857443715	-0.0616430994	-0.022577727	0.1447659202	-0.0642846871	-0.073329633	-0.0529070125	-0.0092033745	0.0709433336	0.0297206846	-0.160858863	-0.0316257775	-0.0388969413	-0.1836946516	-0.0186079798	0.0817988403	0.0671294668	-0.134790655	-0.0763971313	0.0207873398	0.0765135672	-0.0729231225	-0.0885213261	-0.1267202744	0.0704875929	-0.0559358961	0.2402812289	0.1178617129	-0.0171280823	-0.0524389871	-0.0305247405	-0.0693346056	0.02763589	0.0150244481	-0.0445133635	0.0420416098	-0.0380305581	-0.0484687983	0.0222354235	0.015400498	-0.0812493607	-0.1215208503	0.0439869822	0.0535839275	-0.0502169622	-0.0359850179	7.76571e-05	0.0242662005	0.001498417	-0.0293663994	0.0801900755	-0.0460467561	-0.0047380936	0.0621078846	-0.1053742304	-0.0977174317	0.0921298513	-0.0358846386	-0.0487827743	0.0746120524	0.0910477475	-0.0072063819	0.0287548624	-0.1676582201	0.0787448276	-0.07191944	-0.0226564928	0.1014344832	0.0068453094	-0.14581462	0.0842453124	-0.0574279141	-0.2775594096	-0.0224282963	-0.0897547545	0.0707212065	-0.0498140511	-0.0796273719	-0.041508885	0.1171509906	-0.1757299324	0.114852424	0.0015317932	-0.0473024096	0.0398877321	-0.1014909638	-0.0490639169	0.0004824296	-0.0088579553	0.0029439853	0.0049160898	0.0678793975	0.0228719523	0.0004806964	-0.0098948566	-0.0492321432	-0.213113731	-0.1319380018	-0.068106363	0.0151713409	0.1423595812	0.0629316207	0.0766913965	-0.1042108993	0.1196322437	0.126313562	0.0039806672	-0.1104841265	-0.1188637265	0.0065756735	-0.1269688985	0.0437580584	-0.0518920499	-0.0925648049	-0.0351692048	0.0594866269	0.0911189838	0.0262147696	-0.0664628444	-0.0887259867	-0.1255120252490087	-0.0331802828629861	0.0157532684821078	0.0011009311708677	-0.0995874251210011	-0.0499039648867807	0.009917655242231	0.002490405711421	-0.2186352777443048	-0.0514472190648832	0.0478013846743293	0.00264681634951	0.0106583263135533	0.0016289797366042	2.6535749822670902e-06	0.0001135999198061	0.0029370562755393	-0.0019289631827543	3.7208989604216e-06	8.626299565684785e-06	0.0092712620829965	1.2350169446499748e-05	8.595630061160858e-05	1.5252668535725588e-10	0.0	0.0	0.0	0.0	0.0	0.0	0.0	0.0	0.0	0.0	0.0	0.0	0.0	0.0	0.0	0.0	0.0	0.0	0.0	0.0	0.0	0.0	0.0	0.0	0.0	0.0	0.0	0.0	0.0	0.0	0.0	0.0	0.0	0.0	0.0	0.0	0.0
5482.902001319531	22.562687949667637	30062214.35607372	509.074887514077	11381.766010517977	62.02032657545351	129544597.5181823	3846.520908525905	5693.513540924694	20.020094596796294	400.8041876646723	32416096.44069285	6417.464601213553	6930.854726498894	1.153241	32.937801	0.2162157592787716	0.0995083825507967	-0.0237725048	-0.0293693495	-0.0038965571	-0.060031787	0.1110630457	-0.0468992058	0.043772311	-0.0237293839	-0.0116240236	-0.0302150091	0.0301062265	0.0499096666	0.0944265005	0.00849763	-0.0465439968	-0.0494416261	0.033641869	0.0215133625	0.0078462268	0.0156093157	0.0735632743	0.1037042291	-0.0778521388	-0.0272543063	-0.0210894825	-0.1647675408	0.0579104465	-0.1248201497	0.092844705	0.0154053682	-0.0260603228	-0.0014829821	0.0107750116	0.1625481257	-0.0288526221	-0.0982779789	0.0549370946	0.146218385	-0.1793963628	0.0090354936	-0.0797762026	0.072062146	-0.0398303592	-0.1166067156	-0.0414380881	0.040303662	-0.025745185	0.1334777464	-0.0319377747	0.118566576	0.004800025	-0.0279770435	0.0387429759	-0.1695641246	-0.0333373968	0.0742065852	0.0235240293	-0.0610335854	0.0548384967	0.0236826704	0.0457061666	0.036311813	-0.0133717536	0.0073486433	-0.0351725822	0.0339769152	0.0258226623	-0.0381410309	0.0165421513	-0.0187060376	0.045192303	0.0613001323	-0.0103816119	0.0639049119	-0.0983678674	-0.1179415507	0.0756557047	0.0173040419	0.0282276503	0.0222865749	-0.0521022451	0.0821864379	-0.0839991563	-0.0417819099	-0.1185840366	-0.0226404052	0.0426716365	-0.0716445036	0.0835806799	0.0520397651	0.0989846805	-0.1990460133	0.1632683308	0.0305284226	-0.0400935104	0.01404277	0.0234925847	0.0079091704	-0.115720618	0.0819218545	-0.0041668143	-0.1639743146	-0.0133085469	-0.0255491176	0.1592216344	0.0728380473	0.0239079955	-0.0177510986	0.0326841755	-0.0163298127	0.0228286699	0.0995200355	-0.0350936097	0.0144721415	-0.0391713989	0.0164001787	-0.0428271793	0.0081396509	-0.0007663636	0.0415281829	-0.0004081538	0.0990244919	-0.0683356338	-0.1163234965	-0.0714494487	0.042291651	0.0343300611	0.0272728068	-0.0458518969	0.0896645219	-0.0612759363	0.0426372543	-0.0539733795	-0.0921013223	-0.0304331576	0.0642107624	0.0892793062	0.0176095295	-0.0731409993	-0.0846398209	-0.0725171393678039	0.0529948858812047	0.0052587355020894	0.0028084579295619	-0.0508769481025979	0.0487104770184032	0.0025884638482344	0.0023727105713603	-0.2732918955968486	-0.0546566178525437	0.0746884601989187	0.002987345875079	0.0110244552867648	0.0003661289732114	1.3405042502490694e-07	0.0001215386143698	0.0035510955538351	0.0006140392782957	3.7704423529002673e-07	1.2610279632467416e-05	0.0090543547639714	-0.000216907319025	8.19813401918516e-05	4.7048785046655886e-08	0.0	0.0	0.0	0.0	0.0	0.0	0.0	0.0	0.0	0.0	0.0	0.0	0.0	0.0	0.0	0.0	0.0	0.0	0.0	0.0	0.0	0.0	0.0	0.0	0.0	0.0	0.0	0.0	0.0	0.0	0.0	0.0	0.0	0.0	0.0	0.0	0.0
5462.430448142851	-20.471553176680573	29838146.400798105	419.08448946566045	11326.45342207928	-55.31258843869728	128288547.1225314	3059.482439788708	5681.933620508381	-11.579920416313144	134.09455684814597	32284369.66786348	6423.25817023171	6946.317987891047	0.969662	27.694565	0.124874171445443	0.0690675071667449	0.0083698896	-0.0175277036	0.0103775197	-0.0387114536	0.0890743554	-0.0764601808	0.0193619404	0.0027463015	-0.035491958	-0.0298312632	0.0433193744	0.0613437264	0.0087333818	0.0036215071	0.0003115422	-0.0061359165	0.0155658039	0.0495120277	-0.041576635	0.0241003706	-0.0520451019	0.1043001341	0.0194543559	0.0295882371	-0.0505585403	0.0633096746	0.0211988712	0.0101076481	-0.0026887847	0.0566640131	-0.057332274	0.0687013578	0.0275533803	0.0292049561	-0.0877035572	-0.0127955042	-0.0368519289	0.0129558631	-0.0265767826	-0.0253631741	-0.083706856	0.0051803098	0.0572538482	-0.1088141921	0.0199415035	0.0174630204	-0.0606312469	-0.0069797957	0.0168769116	0.0352962213	0.05251029	0.0689786393	-0.0559227654	-0.0024805892	-0.0117128231	-0.0184644123	-0.040059362	-0.0056066629	0.0124005081	0.0180135687	0.0470464166	0.072041064	-0.0154606118	0.1242253893	-0.0182311373	0.0601331265	-0.0014338908	0.0037782847	-0.0055482596	0.0481217798	0.0054931334	0.0892911194	-0.0213109486	-0.0022969068	-0.0653367851	0.0690099717	0.0203232245	0.0272348209	-0.0554650604	-0.0452243741	-0.0660961121	-0.0280236175	-0.0169925507	0.0205935297	0.039447072	-0.0088349578	0.0782543252	-0.0677408753	-0.002599651	0.0994148222	0.1290649874	-0.0004584374	-0.005136896	0.1127962798	-0.00476397	-0.0112439818	0.077754755	-0.0619087229	0.0202611842	-0.0487250762	-0.0087305145	-0.0151999341	-0.0381116022	-0.0679829142	0.0349544827	0.0316881753	0.0183351701	-0.0049390664	0.008859015	0.0116313855	-0.0102404062	0.0661350981	-0.0166743923	0.01476715	-0.0168699365	0.0048437664	-0.038062207	-0.0050864359	-0.009320819	0.0491960639	0.0252884553	0.0510407967	-0.1179347119	-0.0661381628	-0.0635698017	0.0679941844	0.0053921716	-0.0049815547	-0.0541232242	0.0526131925	-0.0130443318	0.0415085642	-0.0560147802	-0.0914845461	-0.0256070703	0.0686381031	0.0868454896	0.0088448147	-0.0789542098	-0.0792871898	-0.1280702046674946	-0.0555530652996907	0.0164019773235739	0.0030861430641916	-0.0479533700191581	0.0029235780834398	0.0022995256961942	8.547308809969534e-06	-0.2531018311728061	0.0201900644240424	0.0640605369430276	0.0004076387014469	0.0112031190279016	0.0001786637411368	3.1920732396997585e-08	0.0001255098759533	0.003818743051194	0.0002676474973588	7.163518284248236e-08	1.458279849104246e-05	0.0085765167297017	-0.0004778380342697	7.355663921485314e-05	2.283291869947321e-07	0.0	0.0	0.0	0.0	0.0	0.0	0.0	0.0	0.0	0.0	0.0	0.0	0.0	0.0	0.0	0.0	0.0	0.0	0.0	0.0	0.0	0.0	0.0	0.0	0.0	0.0	0.0	0.0	0.0	0.0	0.0	0.0	0.0	0.0	0.0	0.0	0.0
5455.870663114335	-6.559785028515762	29766524.69263165	43.03077962033954	11315.34487665916	-11.108545420120208	128037029.67773668	123.39978135087364	5680.775526784903	-1.1580937234775774	1.3411810723581596	32271210.585718296	6413.933111350736	6889.4392973733	0.934679	26.695435	0.1789167906459377	0.078317588549592	0.0246360521	-0.0211442024	-0.0062856725	0.0443696674	0.0238728375	-0.108451768	0.0049095672	-0.0033490692	-0.034860658	0.0115582974	-0.0328182536	0.0692709285	0.0629490655	-0.0112171636	-0.0174926464	-0.0036695671	-0.0517082235	0.0445042909	-0.0412427127	-0.0421587898	0.0147439852	-0.0837206505	-0.0435800779	-0.0113462024	0.048695854	-0.0237403007	-0.0645768366	0.0663390672	0.0339228027	0.0024005456	0.0899545014	0.1373958519	-0.0050553432	0.0411768566	0.0378132247	0.0469897964	0.0102583788	-0.0929720098	0.0087519682	-0.062325249	-0.012998468	0.0819072307	0.064480663	0.0193911651	-0.0445194777	0.0308534691	0.0806097151	-0.0249180411	-0.0979988766	-0.0138274638	-0.120879524	-0.1226203942	-0.0545895828	-0.121961428	0.1211213698	-0.0488419502	-0.0166879322	0.0899643226	-0.0493126923	-0.0147633815	-0.0182560183	0.0577671797	-0.0671894571	-0.0369761238	-0.0635778762	0.0913670576	-0.0091671962	-0.0103709334	-0.0023487609	0.0624251911	-0.0487394239	0.0634197168	-0.0497583421	0.0379479573	0.0519151579	-0.0275367944	0.0077560814	-0.0175774901	0.0545791473	0.0534207114	-0.0498295637	0.0017090124	0.0253595951	0.0382957653	0.0153896534	-0.095704064	-0.0418480207	0.0233575845	-0.0018554412	-0.0379870469	-0.0114251589	-0.0323541345	0.0289921392	-0.0044489936	-0.0653693408	-0.0146432003	0.0031227518	-0.0990883347	0.0281459381	-0.0235041216	-0.1485059807	0.0581966684	0.0100159635	0.1222769399	-0.1245907096	0.0221824652	0.0621212505	0.0093364482	0.0062236863	0.0071643417	-0.0360915401	0.0756594441	-0.0194880193	0.0103607049	0.0057995352	0.0252836679	0.0400070327	0.0346220788	0.0636662328	0.0395969242	-0.0157865459	0.0559360976	-0.1045219801	-0.0055566046	-0.0464394674	-0.0428311229	-0.0436529157	0.0118595888	0.0247713959	0.0007288153	-0.0139604986	0.0403721968	-0.0580147416	-0.0907155029	-0.0207052216	0.072748185	0.0838337306	0.0	-0.0838337306	-0.072748185	-0.1595933521689971	-0.0315231475015024	0.0254700380565375	0.0009937088284014	-0.1066863357625607	-0.0587329657434026	0.0113819742384418	0.0034495612650157	-0.2387634967076835	0.0143383344651226	0.0570080073600799	0.0002055878352337	0.0118814874287704	0.0006783684008688	4.601836872972934e-07	0.00014116974352	0.0042777749689955	0.0004590319178015	2.1071030156052317e-07	1.829935868536445e-05	0.0089255632697496	0.0003490465400479	7.966567968230317e-05	1.218334871194109e-07	0.0	0.0	0.0	0.0	0.0	0.0	0.0	0.0	0.0	0.0	0.0	0.0	0.0	0.0	0.0	0.0	0.0	0.0	0.0	0.0	0.0	0.0	0.0	0.0	0.0	0.0	0.0	0.0	0.0	0.0	0.0	0.0	0.0	0.0	0.0	0.0	0.0
5451.58912644171	-4.281536672625407	29719824.003537484	18.33155627903624	11333.796789675343	18.45191301618433	128454949.66965511	340.4730939568329	5669.273399138428	-11.502127646474946	132.2989403958033	32140660.874178592	6402.922203627337	6824.503800064647	0.910113	25.993799	0.0450480243779154	0.0219745961356279	0.0424712143	-0.0010428597	0.0121811594	0.1405056244	-0.0032703251	0.0090180792	-0.0147329028	0.0030617309	0.0170191719	0.0295465178	0.007911842	-0.0688764621	-0.0164285174	-0.0122400618	0.0118395844	0.0165923976	0.0065065599	0.0152762503	0.0787830763	0.0209563691	0.050404482	-0.0503317875	0.0394723476	0.0102757502	0.0295868623	0.072107792	0.020935676	-0.025803254	-0.0084422529	0.0806830004	-0.055141933	-0.0058281602	-0.0307630895	0.0276399336	0.0483285263	-0.091963295	0.0762241923	-0.0923920705	0.0555316732	-0.1193558691	-0.0496785049	0.1306841402	-0.0988632475	-0.0555818696	0.0039629699	0.0016349826	0.0337768732	-0.1021889757	0.0471636116	0.0106866724	-0.0273950759	-0.1243093371	-0.015571653	0.07341428	0.0655821918	-0.0288613465	-0.0374535468	0.0024510197	0.0526417393	0.0355878198	0.057349882	-0.0590625611	0.0695057506	-0.0038445132	0.0377719575	0.1224526199	-0.0099829102	0.0117691193	-0.0160934009	0.0351395817	0.0340557597	-0.0397413156	-0.0231108533	-0.00893764	0.0963841486	-0.028616136	-0.0524721339	0.0399315227	0.0078398681	0.025604869	-0.031796848	-0.072632444	0.0036435004	-0.0560236745	0.0095916437	0.0857025244	0.056004555	-0.018482533	-0.0445495567	-0.1006639412	0.0172124705	-0.1430333696	0.0112998261	0.0499176199	0.0529091161	0.0089669231	0.0564007386	-0.0473847668	-0.0162907156	0.0212916172	0.007794707	-0.0044658158	-0.1454107613	0.138139904	-0.0135434796	-0.0058363278	-0.0284626801	0.014812305	-0.0023925291	0.0182495287	-0.0418884266	0.067321927	-0.0155162739	0.0021778426	0.0114144847	-0.0018604935	0.0067266947	-0.0200288303	0.0455930664	0.0458741736	-0.0420722372	0.0069401254	0.0315338793	0.0203761089	0.0114249563	-0.0029788617	-0.0831824221	0.0854811038	0.0397447165	-0.0348547404	0.0161329039	0.0392283624	-0.0599717842	-0.0897954726	-0.015742114	0.0765220104	0.0802640719	-0.0088448147	-0.0877218577	-0.0651206494	-0.1640180084393705	-0.0044246562703734	0.0269019070924174	1.95775831109548e-05	-0.0959706540379699	0.0107156817245908	0.0092103664364757	0.0001148258348227	-0.2402194586567247	-0.0014559619490412	0.0577053883173298	2.119825197055886e-06	0.011617215490435	-0.0002642719383354	6.98396573915498e-08	0.0001349596957512	0.0045269273881238	0.0002491524191282	6.207692795748392e-08	2.0493071577345368e-05	0.0089811734009641	5.561013121450041e-05	8.066147565818507e-05	3.0924866936939523e-09	0.0	0.0	0.0	0.0	0.0	0.0	0.0	0.0	0.0	0.0	0.0	0.0	0.0	0.0	0.0	0.0	0.0	0.0	0.0	0.0	0.0	0.0	0.0	0.0	0.0	0.0	0.0	0.0	0.0	0.0	0.0	0.0	0.0	0.0	0.0	0.0	0.0
5452.619101884582	1.0299754428724557	29731055.070236627	1.0608494129203108	11310.503378109055	-23.29341156628834	127927486.66621634	542.5830223964955	5676.007922375121	6.734523236692439	45.35380322555041	32217065.934865136	6412.396676799979	6869.568695542107	0.7907309999999999	22.584118	0.0652133687659197	0.0395139101317789	0.0422835793	-0.0003518363	-0.0097681914	0.0772676425	0.0641097163	0.0381007423	-0.0116766455	0.0079670436	0.0236273615	0.0490315521	-0.0139835374	-0.0879387657	0.0157717911	-0.0052186645	-0.0100319296	-0.0101242583	-0.0316198206	0.0667814809	0.0448692308	0.037035315	-0.0219361242	-0.0097094533	-0.020390782	-0.0736785197	0.0285047351	0.046221099	0.0885082875	0.0173145266	-0.0175849789	-0.0137583539	-0.1604582904	0.0111395177	-0.0526171203	0.0588380472	0.0472021825	-0.1013573974	0.0001771624	-0.0418787032	-0.0821523518	0.0486377108	-0.0117385287	-0.0853034069	0.1252959523	-0.0069493267	-0.0562755887	0.0278693049	-0.0431472303	0.0282157352	-0.0433596254	-0.0172285812	0.0501737179	-0.0895616478	0.0671704011	0.0033549338	0.0844306327	0.0970885862	-0.1124261516	0.0688765499	0.0882648588	-0.0862509486	-0.0131606546	-0.0025090423	0.0826484909	0.076118178	-0.0365427219	-0.0520005666	-0.0086623193	0.0033276666	0.0001539554	0.0584914688	0.0690801594	-0.0592892487	-0.036945618	0.0089829745	-0.0028359381	-0.0103201399	-0.0151466188	0.0030499616	0.0337325519	-0.0097781532	-0.0380168726	0.0053756465	0.033011446	-0.035102477	0.0251374622	0.1161469536	-0.0447677348	-0.0683179	-0.0121752475	-0.0799354853	0.0241812785	-0.05131277	0.0767720475	0.0290551252	0.026840762	0.122473594	0.0618489114	0.0255188637	-0.0350042772	0.0086368078	-0.0428739055	-0.0207931435	0.0061083008	-0.0630047285	-0.0593497194	-0.0542177594	0.0846432452	0.0145944675	-0.0012140416	0.0119383271	-0.0362869482	0.0626011031	-0.0236989887	-0.0008500733	0.0011050253	0.0163502212	0.0281185364	0.0096216963	0.0502331256	0.0241354386	-0.0434090863	0.0141065434	0.0646601674	-0.0284482693	-0.0397884505	-0.0162347667	-0.0365669068	0.0805793088	-0.0218458004	0.0196981206	-0.0174728699	0.0380772724	-0.0618844603	-0.0887259867	-0.0107324316	0.079942136	0.0761602691	-0.0176095295	-0.0905726114	-0.0565187138	-0.1840015190062303	-0.0199835105668597	0.0338565589966001	0.0003993406945757	-0.1283321088698414	-0.0323614548318715	0.0164691301669808	0.0010472637588352	-0.2380815109536413	0.0021379477030833	0.0566828058579688	4.570820381119578e-06	0.0115094448399893	-0.0001077706504457	1.1614513097489444e-08	0.0001324673205247	0.0045248396697594	-2.0877183643996586e-06	4.358567969051586e-12	2.047417403702836e-05	0.0088764226564921	-0.000104750744472	7.879087917668628e-05	1.0972718467438313e-08	0.0	0.0	0.0	0.0	0.0	0.0	0.0	0.0	0.0	0.0	0.0	0.0	0.0	0.0	0.0	0.0	0.0	0.0	0.0	0.0	0.0	0.0	0.0	0.0	0.0	0.0	0.0	0.0	0.0	0.0	0.0	0.0	0.0	0.0	0.0	0.0	0.0
5449.611556214292	-3.007545670289801	29698266.11362436	9.045330958878928	11329.443449059312	18.940070950256995	128356288.86543296	358.7262876007689	5675.111863055817	-0.8960593193041859	0.802922303711881	32206894.658196863	6409.790194896941	6923.739436880816	0.873121	24.937254	0.0836490793212914	0.0394082479536871	0.0357219397	-0.019598006	-0.0088715661	-0.0592396976	0.0746053481	-0.032161202	-0.0265346568	-0.008025903	-0.0238861762	-0.0162427517	-0.0064689913	-0.0051176111	-0.0059879439	-0.0123582396	0.0095984209	0.0081778856	-0.0547225739	0.0655530934	-0.0701199264	0.0844620198	0.0146606248	0.086946584	0.0074220014	-0.0171384102	-0.0074568888	0.0481227933	0.0986591333	-0.0185498779	-0.0358183406	0.0960444266	0.0617929542	-0.0382205218	-0.0140185537	-0.0093352122	0.0795588888	0.0057819798	0.0011714126	0.0190235664	0.0347916038	0.0773979796	-0.0445503923	-0.0993843124	-0.0697300235	0.0524028381	0.0677631858	-0.1221636614	0.0350223821	-0.0917106981	0.0127350484	0.0499491811	0.0737081425	0.0775985026	-0.0343073542	0.0147260064	-0.0302441669	-0.0768839705	0.0201944289	-0.0656000411	0.0494481195	0.016105947	-0.0161708963	-0.1306806645	0.0880775597	0.0402900309	-0.0084909833	-0.1236413426	-0.0138718224	0.0102107547	-0.0059729342	0.0510792717	-0.0061138772	0.002717811	-0.0574574565	0.0118065678	-0.1038132708	-0.0034245693	-0.0093608006	-0.0009383901	-0.0424157837	-0.0108113168	-0.0065007529	0.0181636987	0.0141687598	0.0351969195	-0.0709562166	0.0365967714	0.0651628684	-0.0798131068	-0.0410060406	-0.0580807039	-0.0054836869	0.0664366218	0.0332385319	-0.1133621732	0.0863982447	0.0787667176	0.0783734241	0.0698239357	-0.0107695198	-0.0362823056	0.0182084227	0.0283356385	-0.0220883434	0.0098012298	0.0711476152	-0.1005462733	-0.0354914434	0.0202561239	-0.0125355289	0.0237074312	-0.0421492689	0.0455492159	-0.011994399	-0.0118161146	0.0048549726	0.014307873	0.0368261402	0.0128654264	0.0403002848	0.0169848506	-0.0120664829	0.0225444327	-0.0191967679	-0.0491873811	-0.0500979033	0.0379247625	0.0175143026	-0.0068281956	-0.0432174771	0.0568009402	-0.0505691498	0.0369191397	-0.0637513548	-0.0875088252	-0.005690996	0.0829927534	0.0715496322	-0.0262147696	-0.0923522795	-0.047071089	-0.2058807238337436	-0.0218792048275132	0.0423868724463061	0.0004786996038842	-0.1165304903171602	0.0118016185526811	0.0135793551735577	0.0001392782004629	-0.2380315082487243	5.000270491700709e-05	0.0566589989191625	2.500270499017285e-09	0.0110593875952306	-0.0004500572447586	2.025515235597921e-07	0.0001223100539815	0.0048640089940106	0.0003391693242511	1.1503583051301561e-07	2.3658583493816008e-05	0.0090855611522058	0.0002091384957137	8.25474214504712e-05	4.373891038938945e-08	0.0	0.0	0.0	0.0	0.0	0.0	0.0	0.0	0.0	0.0	0.0	0.0	0.0	0.0	0.0	0.0	0.0	0.0	0.0	0.0	0.0	0.0	0.0	0.0	0.0	0.0	0.0	0.0	0.0	0.0	0.0	0.0	0.0	0.0	0.0	0.0	0.0
5443.608132133333	-6.003424080959121	29632869.496228155	36.041100695839866	11281.785041341976	-47.65840771733565	127278673.71904758	2271.323826151798	5676.129106582656	1.017243526839593	1.0347843928970537	32218441.634594824	6413.50160341418	6896.932538528937	0.800821	22.87229	0.091565124883879	0.0486516876130203	0.0390053989	-0.0054297661	0.0035751496	-0.032621694	0.033674929	-0.0970105426	-0.0188266889	0.0081417353	-0.0435060386	-0.0159826485	-0.0345222628	0.0687903045	0.0164647945	-0.0127580633	0.0122321281	0.0479956818	-0.0497864859	0.0395072766	-0.0291617513	0.0152476171	-0.0156171488	0.0440947741	-0.0217986226	0.0301680359	0.0296363197	0.0534759198	-0.0381839576	0.0562555024	0.0277699944	-0.1167522823	-0.0788068084	-0.0253451575	0.0873210346	-0.048538542	-0.1148600517	-0.0654836589	-0.0889668379	0.0209070512	0.0107046393	0.0093514764	-0.1005528376	0.0056542109	0.0830930876	-0.1201415423	0.0104072434	0.0508697147	-0.0698413879	0.0309302575	0.1139167238	0.0397460045	-0.0285158813	0.0495037313	0.0059565599	-0.0267730907	0.0233069434	0.0097476982	-0.1315260792	0.0401707205	0.071020713	0.0503234428	0.0681840083	-0.0027269451	0.139321699	-0.073687712	-0.0327904459	0.0091777204	-0.0194928347	0.0191770836	-0.0176309713	0.0596342362	-0.0570881411	0.0727600326	-0.0329417395	0.0224453165	-0.0504293599	0.0685633464	-0.0085144055	0.020258468	0.0010912976	-0.0170022772	-0.0557194801	-0.0754557699	0.0133649755	0.0193974761	-0.0139013153	0.0344370252	-0.0440666335	-0.0665235279	-0.0806156177	-0.0056542424	0.0404180132	0.0351995125	-0.0386692185	0.1748188696	-0.0086629674	-0.024315204	-0.0390603071	0.018236691	0.0109832621	-0.0241259723	-0.0810556626	0.0222612927	0.0020267968	-0.1121668807	0.0816551181	0.0773059062	-0.0059303118	0.0189778504	-0.0123114007	0.0230962919	-0.045808231	0.0368987828	-0.0150496861	-0.0151476228	0.0060439946	0.007119497	0.0555328222	0.0438679559	0.0458422933	0.0080301523	-0.0185031258	0.0216130586	-0.1003581759	-0.0147361931	-0.0526514484	-0.0196345267	0.0205221748	-0.0299547659	0.0064513445	0.0284302985	-0.0164209479	0.0357541787	-0.0655710866	-0.0861460138	-0.0006327229	0.0856597619	0.0664628444	-0.0345826047	-0.0930398161	-0.0369191397	-0.2386864929941055	-0.0328057691603619	0.0569712419378251	0.0010762184902029	-0.1282557830726887	-0.0117252927555285	0.0164495458915885	0.0001374824902028	-0.2341846929552957	0.0038468152934285	0.0548424704145661	1.4797987901756093e-05	0.0108253578235698	-0.0002340297716607	5.476993402360603e-08	0.0001171883720083	0.0050233893780471	0.0001593803840365	2.5402106815622317e-08	2.523444084347643e-05	0.0086152263544119	-0.0004703347977939	7.422212513775334e-05	2.2121482201583017e-07	0.0	0.0	0.0	0.0	0.0	0.0	0.0	0.0	0.0	0.0	0.0	0.0	0.0	0.0	0.0	0.0	0.0	0.0	0.0	0.0	0.0	0.0	0.0	0.0	0.0	0.0	0.0	0.0	0.0	0.0	0.0	0.0	0.0	0.0	0.0	0.0	0.0
5449.535803619098	5.927671485765131	29697440.47492645	35.137289243153	11301.537824358258	19.752783016281683	127724757.1954004	390.1724368883061	5677.861219907478	1.732113324821512	3.0002165700242323	32238108.03252923	6417.934398054331	6928.845590780929	0.723866	20.674385	0.0330388047391442	0.0187894778103993	0.0483947324	-0.0096292958	0.0108186525	0.0022267241	-0.004537014	-0.0873541118	-0.0353736382	0.0075690298	-0.0260205872	0.0259871188	-0.0449091168	0.045413501	0.0442320146	-0.0123759279	0.0248051695	0.0444730278	-0.0396215598	0.0422545622	-0.0579886791	-0.0212102702	-0.0341657247	-0.0024008617	0.0271977513	0.0546620896	0.0376387524	0.0547662727	-0.1254235765	-0.0484244909	0.0362138931	-0.059149502	-0.0263825037	-0.0332851735	0.0264110199	0.0240008655	-0.0567711318	-0.078972484	-0.0167567977	0.1021359619	0.0038254394	-0.0407947321	-0.0062542657	-0.0743449573	0.0157001111	-0.036907858	-0.0544935796	0.0349105297	-0.0518687056	0.044975256	0.0733455786	0.0154894989	0.0852247003	-0.0198552477	0.0799233058	0.1076191742	0.0063863631	0.0112138523	-0.1926917008	-0.0703427001	-0.0143188589	-0.0745268572	0.0070187188	-0.0052964397	-0.0537037312	-0.0201401862	-0.0096812637	0.0015396552	-0.0228443984	0.0190523191	-0.0243211877	0.0574731155	-0.066408307	0.0556257099	-0.036915949	0.0123499868	0.0115746833	0.0085968938	0.0257906074	0.0487833059	-0.0108016976	-0.0064004345	-0.0101278086	-0.0195786101	0.0453698301	0.0340075476	-0.0030232564	0.017124319	-0.064971895	-0.0259113643	-0.0105695532	0.0422413607	-0.0240597656	0.026188658	-0.0542779161	0.0536174216	-0.0689779503	-0.092574466	-0.0108339798	0.0075744782	0.0348087079	0.0932469939	0.0169993921	0.0068204302	0.0096495905	-0.1220719319	0.1226182966	0.0458881854	-0.031552283	0.0220602474	-0.0179585989	0.0312456694	-0.0431167121	0.0274864273	-0.0205717465	-0.0191694787	0.0045919696	-0.0017590024	0.051298615	0.0305375125	0.0431117535	0.0203183692	-0.0095168216	-0.0047136215	-0.077755358	0.0032978164	-0.0208771107	-0.0088254223	-0.0266679095	-0.0306484475	0.0303482256	0.0167042506	-0.0027427986	0.0345826047	-0.0673423095	-0.0846398209	0.0044274221	0.0879308341	0.0609337573	-0.0426372543	-0.0926270906	-0.0262147696	-0.2385298428885676	0.0001566501055378	0.0568964859484447	2.453925556503275e-08	-0.1294975488630996	-0.0012417657904109	0.0167696151615508	1.54198227823483e-06	-0.2385637125521711	-0.0043790195968753	0.0569126449466749	1.917581262981874e-05	0.0105054178824866	-0.0003199399410831	1.0236156590032099e-07	0.0001103638048856	0.0048527794839534	-0.0001706098940937	2.91077359626637e-08	2.3549468719879026e-05	0.0086699039041614	5.467754974950064e-05	7.516723370739309e-05	2.989634446609117e-09	0.0	0.0	0.0	0.0	0.0	0.0	0.0	0.0	0.0	0.0	0.0	0.0	0.0	0.0	0.0	0.0	0.0	0.0	0.0	0.0	0.0	0.0	0.0	0.0	0.0	0.0	0.0	0.0	0.0	0.0	0.0	0.0	0.0	0.0	0.0	0.0	0.0
5453.837012995694	4.30120937659558	29744338.16432179	18.500402101313732	11290.218948675662	-11.318875682596628	127469043.90903497	128.11694671807726	5678.742106751258	0.8808868437799902	0.7759616315446728	32248111.914989717	6413.44910844366	6871.906883009052	0.722985	20.649229	0.0760272290274739	0.0339527239535662	0.0432032723	-0.000934866	0.0183758214	0.0555506402	-0.0450552452	-0.082935083	-0.0309277282	0.0047944622	-0.0401205956	0.0361541153	-0.064038708	0.0443072921	0.0151434241	-0.0356706866	0.0328712233	0.0370652143	-0.0363096197	0.027616266	-0.062565684	0.0073214755	-0.0591065651	-0.0228789822	0.0461018215	-0.0136807466	0.0091793381	0.0838101942	-0.0214964754	0.0172662606	0.0469669046	0.0128184139	0.0166040958	0.015220556	-0.0145056942	0.0417571489	0.0514269139	0.0245718715	0.0469748181	-0.0058979932	0.0544820172	0.0367209857	0.1390567964	0.022234921	0.0196225208	-0.0934133703	0.019432432	0.0539314224	0.1073977044	0.0089727179	0.090302721	0.0271646388	-0.11973605	0.1736115139	0.0673235765	-0.0341017039	-0.0662266688	0.0975723225	0.0620248767	-0.0875848736	-0.0055084814	-0.0519247851	-0.0650375247	0.0242239078	-0.0686765532	0.0358614828	0.0725424708	0.1215961977	-0.0297160456	0.0186372086	-0.0297523929	0.0634180004	-0.0689079934	0.0329821821	-0.0257656912	-0.0147715032	0.0507000448	0.0046575747	-0.0198442471	0.0211105158	-0.0117889028	-0.0075002415	-0.0185847822	0.0135876579	0.0215988095	0.0312752	0.026304982	-0.0075029589	-0.0191908606	0.0320100924	-0.0232422355	-0.0647470931	-0.0075321573	-0.0071328141	-0.0177666678	-0.0987588902	-0.0679989041	0.0416659147	0.0189322494	-0.022188089	0.0383788904	-0.0010439401	0.011336768	0.068222757	-0.0274959094	-0.1022232521	0.0823007299	0.0319667896	-0.1249614412	0.0220275159	-0.0155498385	0.0271328955	-0.0366177859	0.0249480141	-0.0178375606	-0.0252801566	0.0027441242	0.0059626304	0.0391619396	0.0171515151	0.0373325961	0.0049512935	-0.028006207	-0.0080744531	-0.0832613725	0.0224907639	-0.0197131048	-0.0595518868	-0.0451869066	-0.0022438055	0.0443154842	-0.0152363165	0.0302573831	0.0334046344	-0.0690637132	-0.0829927534	0.0094744681	0.0897954726	0.0549991661	-0.0503057744	-0.0911189838	-0.0151181479	-0.2486530544141771	-0.0101232115256094	0.0618283414694997	0.0001024794115922	-0.1099165147689689	0.0195810340941307	0.0120816402189569	0.0003834168961955	-0.2363200170852124	0.0022436954669586	0.055847150475155	5.034169348450947e-06	0.0101763218888784	-0.0003290959936082	1.0830417300896887e-07	0.000103557527186	0.0045087685867128	-0.0003440108972406	1.1834349742028269e-07	2.0328994168528137e-05	0.0084614250361947	-0.0002084788679667	7.159571364314247e-05	4.3463438388676755e-08	0.0	0.0	0.0	0.0	0.0	0.0	0.0	0.0	0.0	0.0	0.0	0.0	0.0	0.0	0.0	0.0	0.0	0.0	0.0	0.0	0.0	0.0	0.0	0.0	0.0	0.0	0.0	0.0	0.0	0.0	0.0	0.0	0.0	0.0	0.0	0.0	0.0
5450.90614881723	-2.9308641784637075	29712377.843213487	8.589964832601742	11314.98932320731	24.77037453164849	128028983.38429542	613.5714544381399	5680.698758174331	1.956651423072799	3.828484791412809	32270338.381123383	6413.58753289329	6820.431800224161	0.733977	20.963158	0.0733356017886107	0.0338914556271386	0.0510072617	0.0119794902	0.0241431967	0.0981338596	-0.0575688065	-0.0176106802	-0.0307959949	0.0017645724	-0.010944579	0.0271978896	-0.0311781713	-0.0319297194	-0.0183742485	-0.0260019634	0.0272465121	0.0443140021	-0.0545029504	-0.0192151556	-0.0283510648	0.0273044387	-0.0225185067	-0.0262286032	0.02059955	-0.0113256589	-0.0031425084	-0.0164573932	0.0976920304	0.0184580025	0.0237617649	0.0222333101	0.0219735392	-0.0233651873	0.0401294705	0.0015184002	0.1015793269	0.0298820305	0.021239774	-0.0580361444	0.0893634854	0.016687095	0.1272054707	0.0505570454	-0.0055179467	0.0217713706	-0.0537574956	0.0342009035	-0.0067842502	0.0227167739	0.0820603743	0.1564999171	-0.0877887126	-0.0627841122	0.027556845	0.0841479398	-0.0504084265	0.104280613	0.0505326822	-0.0268072573	-0.0675065006	0.0801800588	0.0201338385	-0.0112624637	0.0231210535	-0.0672655333	0.0120383623	-0.0499868981	-0.0257278696	0.0250772386	-0.0163387009	0.0357518012	-0.045700364	-0.0441727053	-0.0301557292	-0.0318467462	0.0792537203	0.0082185055	-0.0117940133	0.0285323076	0.0072236557	0.0153706553	0.0123800598	0.000497903	-0.0313391868	0.0189668215	-0.0080142606	0.0353937133	0.0345797928	0.0232464073	-0.0822502835	-0.0900230004	-0.0180773067	-0.0715898447	0.0496311393	-0.1063141853	0.0604232071	0.0262177943	0.0029499938	0.0472656081	-0.0044839131	-0.0510305501	0.0316316491	0.023918077	-0.0684679803	0.0256860068	-0.0439701376	0.0942914983	-0.0791226305	0.0281165432	-0.025016111	0.0343177109	-0.0488534602	0.0164511809	-0.0149906543	-0.036063407	0.0116825097	-0.0113310438	0.026095494	-0.0137461971	0.0272925188	0.0130464279	-0.0577341251	-0.0191643898	0.0086449112	0.0388139995	0.0253727631	-0.0342532138	-0.0630417416	0.0351019147	0.0574823547	-0.0060043823	0.0398302972	0.0322204857	-0.0707340242	-0.0812075526	0.0144934828	0.0912450589	0.0486985645	-0.0575187176	-0.08853333	-0.0037953135	-0.2643737680464397	-0.0157207136322626	0.0698934892310726	0.0002471408371076	-0.1266395867348677	-0.0167230719658987	0.016037584928378	0.0002796611359766	-0.2427917979178318	-0.0064717808326193	0.0589478571361732	4.18839471454595e-05	0.0101390378028418	-3.72840860366e-05	1.3901030715845904e-09	0.0001028000875674	0.0049183572283773	0.0004095886416644	1.6776285538057018e-07	2.4190237825931234e-05	0.0087029530156502	0.0002415279794554	7.57413911926149e-05	5.8335764859856144e-08	0.0	0.0	0.0	0.0	0.0	0.0	0.0	0.0	0.0	0.0	0.0	0.0	0.0	0.0	0.0	0.0	0.0	0.0	0.0	0.0	0.0	0.0	0.0	0.0	0.0	0.0	0.0	0.0	0.0	0.0	0.0	0.0	0.0	0.0	0.0	0.0	0.0
5451.175850029573	0.2697012123426248	29715318.147945635	0.0727387439390815	11291.612236801458	-23.377086405851514	127500506.90628444	546.4881688266477	5674.62762326852	-6.0711349058101405	36.85867904454631	32201398.66276213	6406.948468452998	6805.310963080718	0.733307	20.944017	0.0673294523939374	0.0352931576894897	0.0481996128	0.0135569736	0.0213484551	0.0944277056	-0.0177254014	0.0221338754	-0.0364476064	0.0049599021	0.0090433186	0.0170283102	-0.0182403475	-0.0782131616	-0.0471911078	-0.0199070846	0.0203522387	0.029065547	-0.012258571	0.0418400516	-0.0056826673	0.0021571258	-0.0263386082	-0.0763868139	0.0342395667	-0.0630856213	-0.0548110141	0.0117182812	-0.0007311873	-0.1218821734	-0.0743445931	0.0735169792	-0.0299084036	0.0463874494	-0.007629482	0.052893257	0.0734321964	0.0345985181	0.0493405871	0.013993666	-0.0298861105	-0.0433174329	-0.0431286644	0.0495138987	0.0529127323	-0.0249249189	-0.0124061325	-0.0313367084	0.0697577546	-0.0385936663	-0.1035927765	-0.017049196	0.0353055385	0.050913736	0.0744794581	0.0602700159	-0.0694050645	0.0936718333	0.078214099	0.1422536672	0.0573854546	0.0556411331	0.0505082885	0.0334897998	0.0415367079	0.0766742257	0.0260453538	-0.0440226782	-0.0200304331	0.0260022396	-0.0211588548	0.0434081211	0.0077604903	-0.035924465	-0.0212376828	-0.0294468071	0.0789443977	-0.0146753967	-0.0279164072	0.0272877674	0.0032615901	-0.0696288107	0.0366161188	-0.0115114005	-0.0057126275	-0.0499437845	0.0379642531	0.0656684334	-0.0044935671	-0.0137906678	0.0089939221	-0.0084554816	0.0361469779	0.0088410736	0.0648796757	0.0471348457	0.116588496	-0.0287374843	0.1079317795	-0.0449489496	0.0616036313	-0.0016056846	-0.0196500194	0.0362313992	-0.096071739	0.086374832	-0.073106149	-0.0086032003	-0.0958994796	0.0273739984	-0.0148060981	0.0254697555	-0.0265473091	0.0230650705	-0.0177255849	-0.036109948	0.0049690088	-0.0008623014	0.0185889028	-0.0021169632	0.0301276527	-0.0021774128	-0.0591372515	-0.0247706555	0.0289914381	0.0265761667	-0.0088534528	-0.0424658443	-0.0272910996	0.076250292	0.0410723514	-0.0366425753	0.0511460625	0.0310303776	-0.0723520068	-0.0792871898	0.0194696168	0.0922728925	0.042073882	-0.0642107624	-0.0849007066	0.0075843101	-0.2486800652569769	0.0156937027894628	0.0618417748562142	0.0002462923072439	-0.1043128639236954	0.0223267228111722	0.0108811735799633	0.0004984825514869	-0.2416816099408194	0.0011101879770124	0.0584100005835863	1.2325173443028855e-06	0.0100574795802068	-8.155822263499965e-05	6.651743679380169e-09	0.0001011528955062	0.0045006531628943	-0.0004177040654829	1.7447668632102613e-07	2.0255878892670463e-05	0.0086382385274424	-6.471448820779928e-05	7.461916485699024e-05	4.1879649839973924e-09	0.0	0.0	0.0	0.0	0.0	0.0	0.0	0.0	0.0	0.0	0.0	0.0	0.0	0.0	0.0	0.0	0.0	0.0	0.0	0.0	0.0	0.0	0.0	0.0	0.0	0.0	0.0	0.0	0.0	0.0	0.0	0.0	0.0	0.0	0.0	0.0	0.0
5456.585226082501	5.409376052928565	29774322.329501823	29.261349281997017	11318.048469387755	26.436232586296683	128098221.15541051	698.8743933567746	5677.793504391216	3.165881122695282	10.02280328303834	32237339.07850708	6412.43668477198	6848.882848455375	0.686983	19.62096	0.0827165332824876	0.0559852866947317	0.0567051101	0.0043603133	0.0133938965	0.0931268499	0.0155464938	0.0666203627	-0.0497085134	0.014666268	0.0054639163	0.0464538937	-0.0061705569	-0.1356054615	0.0069144224	-0.0266320749	0.0139742798	-0.0042821742	-0.011747969	0.0087484114	0.039102476	0.0602515134	-0.0338929646	0.0236217309	0.0358721155	-0.0129011603	-0.0146348341	0.0235217066	-0.0296252308	0.0449637355	-0.043811775	-0.0865302187	-0.0324575438	0.0601097656	-0.0405942989	-0.135016963	-0.029095016	-0.0931952648	-0.0287838996	0.0972521817	-0.0118879203	0.0157153956	0.0736774488	0.0929202219	0.0251253676	0.0502530658	-0.017198842	0.0034182184	0.0413626252	0.0409447835	0.0046743089	-0.0841139159	-0.0490554132	0.1610910494	-0.0276290773	0.0708922175	-0.1247739975	-0.0654154653	0.1582885602	0.0360111093	-0.0203016445	0.0689618974	0.0544188255	0.1109908475	-0.0671366154	-0.0114759637	0.0364099129	-0.0092355559	-0.0310126474	0.0219368606	-0.0095236061	0.0377148905	0.0490888817	-0.0714990516	-0.0352952411	-0.0473878096	0.028764743	0.0059221765	-0.0100059936	0.0340096276	0.0175039114	-0.0672022575	0.0163958287	0.0072480001	0.0028911135	-0.0055778984	0.0662843906	0.018193889	-0.0073251921	0.0158597739	-0.0400995212	0.046494549	-0.0230164929	-0.018142954	-0.051064951	0.0249563887	-0.0298867056	0.0198442064	0.012387142	0.0055522276	0.0824816419	0.0568011879	0.0559160694	0.0161660499	0.0846971988	-0.0291790855	-0.0300210544	0.0015655435	-0.0907111144	0.0373803152	-0.0132459326	0.0232358021	-0.0166063089	0.0353372231	-0.0088557102	-0.036920537	0.0187900025	0.0005397827	0.0077131774	-0.0363747374	0.0144949521	-0.0079174834	-0.0390456877	-0.0462818471	0.0754323414	0.0281259654	0.0225244186	-0.0156726821	-0.0178576377	0.0808056776	0.019155318	0.0072739509	0.0151958271	0.0298345303	-0.073916464	-0.0772348614	0.0243881477	0.0928742226	0.0351692048	-0.0703213046	-0.0802640719	0.0188504498	-0.2463228771038501	0.0023571881531267	0.0606749597847184	5.55633598924133e-06	-0.1083327130188251	-0.0040198490951297	0.0117359767100191	1.6159186747615082e-05	-0.2375643037502683	0.004117306190551	0.0564367984163497	1.6952210266750327e-05	0.00995933001857	-9.814956163680008e-05	9.633336449496017e-09	9.918825441878952e-05	0.0041702844406794	-0.0003303687222149	1.0914349261790577e-07	1.7391272316172694e-05	0.0096541640404643	0.0010159255130219	9.3202883320194e-05	1.032104648008811e-06	0.0	0.0	0.0	0.0	0.0	0.0	0.0	0.0	0.0	0.0	0.0	0.0	0.0	0.0	0.0	0.0	0.0	0.0	0.0	0.0	0.0	0.0	0.0	0.0	0.0	0.0	0.0	0.0	0.0	0.0	0.0	0.0	0.0	0.0	0.0	0.0	0.0
5457.661042906495	1.0758168239935912	29786064.05925921	1.1573818387876578	11347.994483169245	29.94601378148945	128776978.7900396	896.7637414011564	5682.495820009396	4.702315618180364	22.11177217298298	32290758.744424257	6421.833960235939	6888.4617987976735	0.651379	18.604063	0.0807021529343665	0.0386903833748403	0.0586686482	0.0066636967	0.0048343148	0.0605232874	0.0449897709	0.0574222356	-0.0373943814	-0.0038438646	0.0245095947	0.0252139811	-0.0021948288	-0.0858319336	0.0445546414	-0.0146886301	0.0080164759	0.0089617685	-0.0246039879	-0.0097014788	0.0131454357	0.0575854451	-0.0011466844	-0.0014705348	0.0424015595	-0.0375849624	-0.0007363495	-0.0271542485	-0.0091044633	-0.0229459004	-0.0583337768	-0.0610931514	0.0430426869	-0.0358874237	0.0349679359	-0.0348262312	0.0144251102	-0.1178517657	0.047175828	0.1289707616	0.0510905263	0.0023104665	0.0676929167	0.024625522	-0.0265263251	0.0401023174	-0.0314563022	-0.0954899676	-0.0547314171	-0.0180541668	-0.0343076227	0.000755203	-0.0072295524	0.1131111992	-0.1445981262	-0.0217227122	0.061394348	-0.0772872148	0.0627164198	0.0513082997	0.0609621676	-0.0014370608	-0.0554795416	0.0674599032	0.0099455565	-0.0517315	0.0019758693	-0.0377864004	-0.0202149298	0.0260630367	-0.0034833727	0.020345743	0.0426540648	-0.0676123827	-0.0554924414	-0.030658333	-0.0008353531	-0.0099773234	0.0126891549	0.036611948	-0.0054323778	-0.0021353021	0.0276232293	0.0027687438	0.0028534316	0.0618991159	0.0330588713	0.0208332716	-0.0151230788	0.0021563657	-0.0729113504	0.042733866	-0.0498734542	0.0396243774	0.0581719076	-0.0081024539	-0.0054221958	0.0003835143	-0.0760205631	0.0559589264	0.0151476753	0.0585958248	0.1250850159	0.0029567817	-0.0646291729	-0.0110892293	-0.0181881287	-0.0055707748	-0.0287158812	0.034871348	-0.0178977672	0.0194895983	-0.0135725858	0.0342555774	-0.0049196343	-0.0462239806	0.0117342174	-0.0049727334	0.0077014191	-0.0286099943	0.0225867248	-0.0035907024	-0.0503777764	-0.0225865434	0.0688886661	-0.0035881449	-0.0101907506	-0.0299930424	0.0008816853	0.0729443815	-0.0194306846	0.014168615	0.0147021179	0.0286331649	-0.0754262385	-0.0750539832	0.0292345235	0.0930462698	0.0280304823	-0.0757950062	-0.0746782574	0.0298345303	-0.2646181767756843	-0.0182952996718341	0.0700227794800873	0.0003347179900822	-0.1297440347489242	-0.0214113217300991	0.01683351455293	0.0004584446982298	-0.2459338147830365	-0.0083695110327682	0.0604834412537369	7.004871492762864e-05	0.0096863613366414	-0.0002729686819286	7.45119013138375e-08	9.382559594398135e-05	0.0041952400090039	2.4955568324500424e-05	6.227803903988089e-10	1.7600038733147045e-05	0.0092995678807241	-0.0003545961597402	8.648196276819531e-05	1.257384365024979e-07	0.0	0.0	0.0	0.0	0.0	0.0	0.0	0.0	0.0	0.0	0.0	0.0	0.0	0.0	0.0	0.0	0.0	0.0	0.0	0.0	0.0	0.0	0.0	0.0	0.0	0.0	0.0	0.0	0.0	0.0	0.0	0.0	0.0	0.0	0.0	0.0	0.0
5457.312549884837	-0.3484930216582143	29782260.26713054	0.1214473861444726	11323.239550220724	-24.754932948520946	128215753.9116828	612.8067052857679	5682.105006753532	-0.3908132558644865	0.1527350009594006	32286317.307773557	6419.086684283088	6868.883185438152	0.63268	18.070004	0.0619591476014231	0.0289745352534151	0.0695035588	0.0160335115	0.0013870976	0.0789146481	0.0366775881	0.066873429	-0.0457938689	0.0204508342	0.0170002049	0.0318037838	0.0086276444	-0.1002777248	-0.0143100666	-0.0381173236	0.0267879757	-0.0249226082	-0.0184004533	-0.0124458646	-0.0095419813	0.095123597	-0.0488244781	0.0391414506	0.0690086295	-0.0632131557	-0.0899589377	-0.0243119762	-0.0124003022	-0.0823784938	-0.0255071682	0.082320842	-0.0210965248	0.1709509377	0.0205925019	0.0356059158	0.0577997596	0.0152635195	-0.063863112	-0.1029249038	0.0206801533	0.0443912674	0.0792261668	0.0006811116	0.0268814361	-0.0472872247	0.0259672578	-0.0041863642	-0.114143356	0.005076749	0.0264637879	-0.0510646023	-0.0492611055	-0.0044884399	0.0108932606	0.018035312	0.030841594	-0.1220600698	-0.1292613484	0.0323457814	0.0349071297	0.031233375	-0.0585586131	-0.0155233055	-0.0692560003	-0.1233447317	-0.0193178195	-0.0308674129	-0.0353442144	0.0346629714	0.0066913233	0.0133858363	0.0590115181	-0.0810632436	-0.0838338449	-0.0490791143	0.0092923905	-0.0024667887	0.0369217818	0.0316918445	-0.050104348	-0.0456549707	0.0197666231	0.0397654143	-0.0179140003	0.0755905404	0.0814028888	0.0082859855	-0.003028532	-0.0105406725	-0.0816446316	-0.0132031804	0.0324441615	-0.0319718208	0.0338051217	0.008184005	0.0259920802	0.0052259759	0.0621399438	-0.0923235281	-0.0455883976	-0.0919563959	-0.0152835032	0.0237464895	-0.0429924045	-0.0139120235	0.0215065828	0.1104636366	0.0338128891	0.0421337541	-0.0261119165	0.027999609	-0.0262766016	0.0385018544	-0.0041419724	-0.0514848061	0.0228475361	-0.0063793053	0.0118590381	-0.0348061033	0.0388798786	0.0050897661	-0.0449877127	-0.0326609195	0.0871192904	0.0018630654	0.0051837139	-0.0148756196	0.0012183432	0.0910548838	-0.0115947153	0.036688849	0.0064894994	0.0274265036	-0.0768802134	-0.072748185	0.0339944055	0.0927882388	0.0207052216	-0.0805822964	-0.0682093192	0.0403721968	-0.2745965341041056	-0.0099783573284213	0.0754032565419872	9.956761497365984e-05	-0.1344611687424901	-0.0047171339935658	0.0180798058995963	2.2251353113254797e-05	-0.2577790461517324	-0.0118452313686959	0.0664500366348969	0.0001403095061779	0.0100385288551068	0.0003521675184653	1.2402196106207752e-07	0.0001007720615748	0.0042499051524447	5.4665143440799785e-05	2.9882779074032157e-09	1.806169380477601e-05	0.0096011037170327	0.0003015358363086	9.218119258521914e-05	9.092386057832733e-08	0.0	0.0	0.0	0.0	0.0	0.0	0.0	0.0	0.0	0.0	0.0	0.0	0.0	0.0	0.0	0.0	0.0	0.0	0.0	0.0	0.0	0.0	0.0	0.0	0.0	0.0	0.0	0.0	0.0	0.0	0.0	0.0	0.0	0.0	0.0	0.0	0.0
5450.442453868184	-6.8700960166524965	29707322.942928635	47.198219278024496	11348.042012117348	24.802461896624663	128778057.50878036	615.1621161335183	5676.026689708869	-6.078317044662981	36.94593809544052	32217278.982287414	6422.403028657648	6908.034899635398	0.675957	19.306059	0.0478938494986007	0.0223809965770007	0.0638775557	0.0111843234	-0.0021841419	0.0341125429	0.0563923842	0.0573177247	-0.0441962533	0.0173332556	0.0213944137	0.0062606745	0.0362149104	-0.0965105876	0.0063729686	-0.0292788535	0.0299624628	-0.0126222894	-0.0215635859	0.0321581637	-0.0227586893	0.0778049551	0.0385498809	0.0159256589	-0.0277021598	-0.0139755891	0.047201185	-0.0491537423	0.0773470401	-0.0388644197	-0.0590030981	-0.0655152412	0.0674639315	0.0201078268	0.0597371873	0.0378352991	0.0740569342	0.0239054847	-0.065875726	0.033541004	0.0909497385	0.0362115086	-0.0497241319	0.0354927512	-0.0874094572	-0.0239575634	-0.0732074848	0.011313337	-0.0072452545	-0.0379363302	-0.1191849035	0.11882022	-0.0371020319	0.06376609	0.0394447415	0.0769286241	0.0133166483	0.0343181326	0.075573983	0.0582227576	0.0293016848	-0.0249081862	-0.1125438132	0.0504558309	-0.0709463594	0.0893819215	-0.0461797039	-0.0955576242	-0.0300755517	0.039871237	0.0151583575	0.0128797299	0.0583213895	-0.0483637733	-0.0802325082	-0.0098141206	-0.0192491043	-0.0064502316	0.0121621118	0.0112127267	0.039572779	0.0271342049	0.0140992303	0.0415726157	0.0129761157	0.0463994922	0.0221108227	0.0137377359	0.0215677251	-0.0288067593	-0.0574797714	0.0374513669	-0.0300724822	0.0424251935	0.0859981331	0.0268061831	0.0757911181	-0.0735921129	-0.0017354882	0.0744289501	0.0506527536	-0.0660645693	0.0981648077	0.0259831874	-0.0806734378	0.0157256571	-0.0106669318	-0.0917663859	0.0183475594	0.0413148212	-0.030565386	0.0199644293	-0.0247778827	0.0439925173	0.0064591649	-0.0486320812	0.0314224211	-0.0003708716	0.0154326725	-0.0290267841	0.0370098789	0.0004706087	-0.0462860181	-0.0207262267	0.0910477086	-0.0022565207	-0.0180418898	-0.0246020475	-0.0008084586	0.0591221904	-0.0484211167	0.0459494019	-0.0266982568	0.0262147696	-0.0782773129	-0.0703213046	0.038653711	0.0921013223	0.013242171	-0.0846398209	-0.0609337573	0.0503057744	-0.2900685952724728	-0.0154720611683671	0.0841397899633456	0.0002393846767976	-0.1292959148739356	0.0051652538685544	0.016717433603088	2.667984752661709e-05	-0.2465850609808484	0.011193985170884	0.0608041922989287	0.0001253053040059	0.0100644452062623	2.5916351155501335e-05	6.716572572152556e-10	0.0001012930573098	0.004423155018324	0.0001732498658793	3.001551602719544e-08	1.9564300316124783e-05	0.0097231884858138	0.000122084768781	9.454039433066204e-05	1.490469076833447e-08	0.0	0.0	0.0	0.0	0.0	0.0	0.0	0.0	0.0	0.0	0.0	0.0	0.0	0.0	0.0	0.0	0.0	0.0	0.0	0.0	0.0	0.0	0.0	0.0	0.0	0.0	0.0	0.0	0.0	0.0	0.0	0.0	0.0	0.0	0.0	0.0	0.0
5448.722062279124	-1.7203915890604549	29688572.111967266	2.959747219709957	11335.19099706533	-12.851015052017829	128486554.93995091	165.14858786718878	5669.279138692714	-6.74755101615483	45.52944471561208	32140725.9524164	6405.949068568377	6903.704658117974	0.786199	22.454678	0.0325493532187124	0.0179878672461453	0.0610330447	-0.0005086989	-0.0013606244	-0.0475783038	0.0710848663	-0.0016533467	-0.0562680815	0.0163522978	-0.0181065202	0.0208107064	0.0295509218	-0.0322396105	0.0458953904	-0.0382617423	0.0508945268	0.0046139515	-0.0407397097	0.0445954699	-0.0048169762	0.0447227615	0.0818402426	-0.0020775982	-0.0199384944	0.0522423384	0.0302668472	-0.0229533401	-0.0465465793	-0.0293480814	-0.0777621657	-0.008205582	-0.0352442497	0.0994445013	0.1053761318	0.0032487804	-0.0333896179	0.0521342979	-0.0618840882	-0.1418988895	0.0549408417	0.0697658244	-0.0779077321	0.0632795319	0.1058456628	0.0450867335	0.1603172708	-0.0456074965	0.1110710475	-7.6171e-05	0.0394029821	0.0512901411	-0.0810762243	-0.0290081336	-0.0301551261	-0.0478844094	0.0915108538	0.032137598	0.0680392932	-0.0102874273	-0.0017113894	-0.0581470466	-0.0122304269	-0.0831450477	0.0174054837	0.0390874135	0.0541414852	-0.0143920505	-0.0353743941	0.0501668534	0.0002751646	0.0158028126	0.0108767832	-0.0343201554	-0.0447447209	0.0453625296	-0.1093824068	-0.0501123286	0.0423530137	0.0074386045	0.015498003	0.0393951118	0.0119784468	-0.0188013488	0.030491694	-0.0127911862	-0.0494097977	-0.0336451269	-0.0312753233	-0.0671260631	-0.0627577934	-0.0848480372	0.0919005316	0.1177379399	-0.0419682639	0.0025424597	-0.0154573563	-0.0104817713	-0.0045450858	-0.0508320352	-0.0187876419	-0.1225405187	-0.0170105658	0.0917870504	-0.0154701868	-0.0821749486	-0.0460018377	-0.0460180265	0.0402796862	0.0452403051	-0.03645072	0.0226541314	-0.0305721513	0.0399773463	0.0071696604	-0.0494476814	0.023918385	-0.0042783196	0.0248767993	-0.0259966687	0.0537077804	0.0066734062	-0.0163328668	0.0011132376	0.015844632	-0.0331459736	-0.0417275659	0.0100137158	0.0421576311	0.0224183556	-0.0374545768	0.081762602	-0.0608787763	0.024998187	-0.0796165037	-0.0677773814	0.0431986551	0.0909886953	0.005690996	-0.0879308341	-0.0529376103	0.0594866269	-0.2920688853849214	-0.0020002901124485	0.0853042338099903	4.0011605339594975e-06	-0.1437437886355468	-0.0144478737616111	0.0206622767713007	0.0002087410562314	-0.253459333671266	-0.0068742726904175	0.0642416338250821	4.7255625022221215e-05	0.0100390954569822	-2.534974928010067e-05	6.426097885639643e-10	0.0001007834375944	0.004429304372479	6.149354155000029e-06	3.7814556523616116e-11	1.961873722406159e-05	0.0098762277154634	0.0001530392296496	9.75398738876874e-05	2.3421005811743113e-08	0.0	0.0	0.0	0.0	0.0	0.0	0.0	0.0	0.0	0.0	0.0	0.0	0.0	0.0	0.0	0.0	0.0	0.0	0.0	0.0	0.0	0.0	0.0	0.0	0.0	0.0	0.0	0.0	0.0	0.0	0.0	0.0	0.0	0.0	0.0	0.0	0.0
5449.335251987498	0.6131897083741933	29695254.688553646	0.3760016184560282	11338.124425771284	2.933428705953702	128553065.4942714	8.60500397291321	5666.637243735224	-2.641894957489967	6.979608966410915	32110777.652087133	6405.235308096913	6901.522496091624	0.8588909999999998	24.530848	0.1058018845341634	0.0459268677727852	0.0476410019	0.0050804015	-0.0069124073	-0.0847697223	0.0765215891	-0.0757783884	-0.0377986418	-0.0076336228	-0.0302273938	-0.0083225254	-0.0282433788	0.0330203131	0.0538264491	-0.0177292672	0.0200335282	-0.0122326092	-0.0389644311	0.0809814607	-0.0334238729	0.0552978934	0.0530225494	0.0504240995	-0.0598091474	0.1281555745	0.060225028	0.0046899407	-0.0310308285	0.0127353203	-0.1003598254	0.0947684182	0.0175968555	0.0183296411	0.005826261	0.0756970532	0.0668547955	0.089502118	-0.0749225189	0.0680748901	0.074853731	-0.0204403455	-0.0232838759	-0.0349067888	-0.0518859889	-0.0120779538	-0.0071103141	-0.0397944367	0.0383557335	0.0414983289	-0.039419818	-0.0604131488	0.0219151466	0.019747525	-0.0361679934	0.0242595144	-0.0201580675	1.28063e-05	0.0546082998	0.000731241	-0.1523456058	0.1046043574	0.1036123453	0.0336624768	-0.1435908289	-0.0437414822	0.0088846249	-0.0312876915	-0.0212505305	0.0294639444	0.0041645887	0.0424279569	-0.0169403432	0.0771902441	-0.0539836331	0.0368112338	-0.1184160916	-0.0436345977	0.0093177273	0.0105504058	-0.0297138554	-0.0249827312	0.0465095585	-0.1163942803	0.0817462388	0.0050284362	-0.053223076	-0.0914593425	-0.023047539	0.025159469	-0.0401365036	-0.0031767423	-0.0148025329	0.0743524636	0.1368448336	0.0315484886	0.0170493906	-0.0760912493	0.0452592074	0.1082521892	0.0421998144	0.0220207201	-0.057941613	0.0099711272	-0.0296466602	0.0191809473	0.0538527604	0.0466755752	-0.0111992043	0.0376835659	-0.033469721	0.0109864575	-0.023485472	0.0455177067	0.0140601897	-0.0623549279	0.0190044715	0.0036284689	0.0432057187	0.0091604128	0.0699484338	-0.0026489444	0.0079117088	0.0249527107	-0.0589104371	-0.0150393525	-0.0562527516	-0.0437308633	0.0892687138	-0.0292123245	-0.0538724363	0.0658578756	-0.0457772392	0.0237769808	-0.0808967948	-0.0651206494	0.0476157909	0.0894555007	-0.0018980517	-0.090425532	-0.0443154383	0.0677773814	-0.3050409546961532	-0.0129720693112318	0.0930499840419406	0.0001682745822154	-0.1419808177771386	0.0017629708584081	0.020158552616665	3.108066247596477e-06	-0.2799857441422944	-0.0265264104710283	0.0783920169229143	0.0007036504524774	0.009616237659433	-0.0004228577975492	1.7880871694816084e-07	9.247202672269744e-05	0.0049101120264656	0.0004808076539865	2.3117600013209797e-07	2.410920011244212e-05	0.0102633709417975	0.0003871432263341	0.0001053367830889	1.498798776963764e-07	0.0	0.0	0.0	0.0	0.0	0.0	0.0	0.0	0.0	0.0	0.0	0.0	0.0	0.0	0.0	0.0	0.0	0.0	0.0	0.0	0.0	0.0	0.0	0.0	0.0	0.0	0.0	0.0	0.0	0.0	0.0	0.0	0.0	0.0	0.0	0.0	0.0
5458.013656007011	8.678404019513437	29789913.069159023	75.31469632590698	11342.148689114318	4.024263343033454	128644336.88597764	16.194695454082787	5675.279906634563	8.642662899339484	74.69562199161918	32208802.018650018	6416.180653979095	6903.989541076429	0.977841	27.928183	0.1172205794276961	0.0582625841506685	0.0826647609	0.0136804669	0.0001189627	0.0487677003	-0.0244476826	-0.0938683361	-0.0821423268	0.0012780193	-0.0136234423	0.0660556587	-0.0667168485	-0.0040971337	0.0834659357	-0.052831001	0.0448380876	0.0372004469	-0.0676031795	0.0731732685	-0.0703402025	0.0476425502	-0.0219020742	-0.0229226412	-0.0059217534	0.1368032868	-0.0393378745	-0.0432373937	-0.0591063089	0.0497903708	-0.0215545826	0.0216711252	0.0892288804	0.125273923	0.0756092863	-0.0195521634	0.0459003721	-0.0165637866	-0.04323078	0.0852857753	0.0902674371	-0.0235558975	0.0721251961	-0.0707243574	0.005088074	0.0897509037	0.0688621728	0.0622099656	-0.0771040637	0.088345532	0.0268454798	-0.1366726477	-0.1086515424	-0.1078477303	-0.032685523	0.0261841496	0.0102165674	-0.1722850104	0.0277884138	0.0203996697	0.0042605104	0.0193785722	0.1029050872	-0.0309654535	0.1275387329	-0.0078019196	-0.0859733758	-0.0233380316	-0.0538748509	0.0464599595	-0.0201060808	0.0923318379	-0.0786104258	0.027746005	-0.0598775806	-0.0422081257	-0.0034659159	-0.0527283959	0.0829591133	0.0892853258	-0.0121735254	-0.0018010265	0.0421301173	-0.052010323	0.0546962169	0.073852605	0.016985683	-0.0457540173	0.0034138514	0.1064993262	-0.0580987793	0.0135310535	-0.0224015828	-0.027719469	0.0893730201	-0.0086447162	-0.001287328	-0.0790275921	-0.0130665985	0.0297764036	0.0444691293	-0.0138825311	-0.0338940523	0.0444215597	0.1675577236	-0.0921253687	-0.0484898166	0.0241913742	-0.0293865136	0.0451197289	-0.0632122395	0.036286763	-0.0704840365	0.0253625773	0.0150097195	-0.0843843256	0.0538976982	-0.0179284463	0.0509064105	-0.01582021	0.081902091	0.0316445978	0.0006859631	-0.0292270212	-0.0705784161	0.0497918701	0.0310923538	-0.0107355875	0.0095546039	0.0054887681	0.0237036855	0.0554535302	-0.0186970448	0.022551377	-0.0821172393	-0.0623555305	0.0518920499	0.0875088252	-0.0094744681	-0.0921013223	-0.0351692048	0.0750539832	-0.3451312860567697	-0.0400903313606164	0.1191156046151997	0.001607234668604	-0.1489713890311037	-0.0069905712539651	0.0221924747498564	4.886808645676319e-05	-0.2665022513620698	0.0134834927802245	0.0710234499810518	0.0001818045775543	0.0095452728685158	-7.096479091719954e-05	5.036001549921846e-09	9.111223413442384e-05	0.0055712096603626	0.000661097633897	4.370500815442122e-07	3.103837707971756e-05	0.0106644321976411	0.0004010612558435	0.000113730114098	1.6085013093884498e-07	0.0	0.0	0.0	0.0	0.0	0.0	0.0	0.0	0.0	0.0	0.0	0.0	0.0	0.0	0.0	0.0	0.0	0.0	0.0	0.0	0.0	0.0	0.0	0.0	0.0	0.0	0.0	0.0	0.0	0.0	0.0	0.0	0.0	0.0	0.0	0.0	0.0
5458.228913564192	0.2152575571808483	29792262.872868143	0.0463358159234662	11351.845329751774	9.696640637455856	128864392.39060716	94.02483965196032	5674.145847620256	-1.1340590143072404	1.2860898479315097	32195931.100066192	6398.876168299975	6806.905704259358	0.910371	26.001171	0.0790828982097343	0.0453605004852017	0.0570394123	0.0329106774	-0.0103322223	0.1004988196	-0.014171835	-0.0466457198	-0.0578853129	0.017653357	-0.0136310757	0.0262521517	-0.0364844972	-0.0328395983	0.079274823	-0.0381879768	0.0399921891	-0.0307004943	-0.056952111	-0.0105054918	-0.0063776299	0.0176834484	-0.0344398276	-0.1417514373	-0.0191642201	-0.0174008104	-0.0319858597	-0.097122366	0.0346357236	-0.0247010406	-0.1006971972	0.0312212978	0.0799194456	-0.0354808854	0.0438096438	-0.0454130536	0.0232862823	-0.0692802455	0.0920403788	0.0964905948	-0.1431097057	-0.0014003112	0.0325346546	-0.0204082699	-0.1890327256	-0.0861108006	-0.0414289086	-0.0095843047	0.0090369209	-0.0474967763	-0.0221497964	-0.0036343185	0.0215325098	0.0163027356	0.0599414658	-0.1251037912	0.0271554486	-0.0662220143	-0.0681502401	-0.0107944456	-0.0889438977	-0.0250707336	-0.0283094836	-0.1430791727	0.0395281118	-0.1317546499	-0.0733845486	-0.1069143967	-0.0316118407	0.0390155627	0.0140747353	0.0381873703	-0.0305267438	-0.0139952609	-0.0287028532	-0.0521481036	0.1023915915	-0.0835998425	0.0138082093	-0.0006197817	-0.0097970233	-0.001415344	0.0649353963	0.0160874762	0.120284813	-0.0295952897	-0.1306638679	-0.0298757379	0.0465330445	-0.0130810044	0.0299236729	-0.0372897482	0.0238336516	-0.0268421591	0.1011259468	-0.0482225898	-0.0186908072	0.0020091146	-0.1452705113	-0.0494516404	-0.1000811387	0.1045144553	-0.0101622717	-0.0860455958	0.0926103094	0.1739114702	0.1903735238	0.0333204384	-0.0758316293	0.0354890141	-0.0585252585	0.0130940484	-0.0534392163	0.0370023689	0.0298279766	-0.0904931997	0.0726096712	-0.0321890041	0.041984135	-0.0196334507	0.0726105905	0.0157203944	-0.0455169698	0.0357086135	0.0074491889	0.0577951255	0.0361445358	-0.1249014747	-0.0157614676	-0.0033914522	-7.79422e-05	0.0209736136	-0.0130805902	0.0213216021	-0.0832769341	-0.0594866269	0.0560147802	0.0851576666	-0.0169878336	-0.0929430287	-0.0256070703	0.0812075526	-0.3823221409757451	-0.0371908549189753	0.1461702194802775	0.0013831596896042	-0.1654594112038268	-0.016488022172723	0.027376816755917	0.0002718548751682	-0.2744201039792457	-0.0079178526171759	0.07530639346798	6.269239006731963e-05	0.0095901954573193	4.492258880350007e-05	2.0180389848083502e-09	9.197184890958772e-05	0.0058729581416177	0.0003017484812551	9.105214593975953e-08	3.449163733319363e-05	0.0106613798976825	-3.0522999585995414e-06	0.0001136650213227	9.316535037266764e-12	0.0	0.0	0.0	0.0	0.0	0.0	0.0	0.0	0.0	0.0	0.0	0.0	0.0	0.0	0.0	0.0	0.0	0.0	0.0	0.0	0.0	0.0	0.0	0.0	0.0	0.0	0.0	0.0	0.0	0.0	0.0	0.0	0.0	0.0	0.0	0.0	0.0
5466.67924918595	8.450335621757404	29884582.013480257	71.40817212034209	11353.565093682735	1.7197639309615624	128903440.33649103	2.957587978236366	5674.6608031871365	0.5149555668804169	0.2651792358611315	32201775.23122848	6408.54444573967	6867.41575041703	0.974344	27.828287	0.0301483344706433	0.0189652363977414	0.1054798163	0.0360696733	0.0077839269	0.1117110677	-0.0065523799	-0.0117321924	-0.111231935	0.0153771815	0.0160670003	0.0561536866	-0.0541707199	-0.1233169133	0.0543447112	-0.0550073989	0.0880636471	0.0468582989	-0.0671791123	-0.0311851011	-0.0104494623	0.1024777337	0.0021172134	-0.0677004928	0.0400892004	0.0064687646	-0.1380060876	-0.0177518416	-0.0298104242	0.0426706462	-0.04704365	0.0084352817	0.1005776777	-0.0080136222	-0.0139661532	-0.0615941601	0.0884369189	-0.0626674249	-0.0227418224	-0.0344292543	-0.0075270094	-0.0644158481	-0.0141602675	0.0252086566	-0.0824401621	0.0574288409	0.0915932744	0.0745216054	-0.0657107547	0.035831099	0.0358432481	-0.0881958128	-0.0127394547	-0.0905936491	-0.0571265815	0.0134683705	0.0307379149	0.052932121	0.0631910697	0.0358876814	0.0280293887	0.0587877039	-0.0481942993	0.0039972454	-0.0455509474	-0.0697811377	-0.004394113	-0.0288925362	-0.0667532495	0.0759125001	-0.0079820011	0.0374540847	-0.0385756682	-0.1086672558	-0.0649274877	-0.0721521132	0.0245183338	-0.0782204876	0.0499454647	0.0663866436	-0.0752537914	-0.0395117424	0.0420842457	-0.0522666243	-0.038259774	0.0032273152	0.0981032259	-0.0150987353	0.0406659227	0.013399745	-0.0437169351	0.0408945588	0.0190785706	-0.0453195656	0.0256591131	0.0106737	0.1009018434	-0.0595691361	-0.0762150894	0.0128446001	-0.0440114328	0.0889131622	-0.0056351559	0.0579928434	0.0663770344	0.0448809358	-0.0014507992	0.0524887472	0.0485061743	0.0493683152	-0.0809613449	0.0520102924	-0.1065819194	0.0110444003	0.0249493094	-0.1072379297	0.0847862441	-0.0247413494	0.023552243	-0.0821878685	0.0823623726	0.0351928663	-0.0378404918	-0.0603277061	0.0406050837	0.064130789	0.0456456771	0.0184240781	-0.0328852024	0.1127273971	0.0455224207	0.0629466951	-0.0136434025	0.0200878836	-0.0843750214	-0.0565187138	0.0599717842	0.0824128925	-0.0243881477	-0.0929430287	-0.015742114	0.0861460138	-0.3823465303272968	-2.4389351551745708e-05	0.1461888692533225	5.948404691146408e-10	-0.1654334078757671	2.6003328059687192e-05	0.0273682124413899	6.761730701797152e-10	-0.2783126825662876	-0.0038925785870418	0.0774579492772431	1.5152168056297075e-05	0.0092781636806863	-0.000312031776633	9.736382962874645e-08	8.608432128560634e-05	0.0058858541444322	1.289600281449959e-05	1.663068885915813e-10	3.464327900952971e-05	0.0104622004130502	-0.0001991794846323	0.0001094576374828	3.9672467098388746e-08	0.0	0.0	0.0	0.0	0.0	0.0	0.0	0.0	0.0	0.0	0.0	0.0	0.0	0.0	0.0	0.0	0.0	0.0	0.0	0.0	0.0	0.0	0.0	0.0	0.0	0.0	0.0	0.0	0.0	0.0	0.0	0.0	0.0	0.0	0.0	0.0	0.0
5459.840855505645	-6.838393680304762	29809862.167448614	46.7636281268321	11303.482404436383	-50.08268924635195	127768714.46740292	2508.275762146657	5669.719011427012	-4.941791760124033	24.421305800429792	32145713.668536898	6409.312334158543	6881.650407086696	1.832409	52.335545	0.6612850075940834	0.3912915574086784	0.0022580443	0.0536442111	-0.0543861673	0.026954754	0.1157347993	0.0498349949	0.0176030055	0.0215441866	0.0352370807	-0.0094113965	0.2159759942	-0.0509998741	-0.041858011	0.0269562479	-0.0321104429	-0.1460886133	0.0416821276	0.1506973476	0.1890916756	-0.0290590892	-0.1253401037	-0.0463180938	-0.0338684606	0.1225497008	0.1189244603	0.0104489427	-0.1209216871	-0.1438136652	-0.0092981192	-0.1240616849	-0.080910932	0.0040024723	0.0236839509	-0.1581755957	-0.081906336	0.1512344098	0.1050329349	0.1076704741	0.1274249195	0.0125703508	-0.1428819884	0.0378717983	-0.1307680716	-0.0804805601	0.0055009704	-0.1355646513	0.0545584641	-0.0786344694	0.0813029647	-0.0762364216	0.226576473	0.0350937411	0.0446053947	-0.0651528417	-0.0401259512	-0.0154926382	-0.1156375782	-0.0704462435	0.0005013038	0.0018544733	-0.0559556386	0.055167827	-0.0378762267	0.100587294	0.0395353541	0.1220698796	0.0185086723	0.0135226138	0.0680631449	0.0319850493	0.1914675842	-0.0309525822	0.0726052474	0.125142301	0.0354459294	0.0329107012	0.1594682774	0.0271939826	0.0360084507	-0.0032570558	0.1093914507	0.1007845852	0.1711151983	-0.0920152784	-0.2088763636	-0.1292131307	-0.0100322423	0.0220786529	-0.1082299641	-0.0166085822	-0.1506723614	0.1835289387	-0.2115371685	0.1410239982	-0.0803736596	-0.0581436187	0.0984283272	-0.132245607	0.0470049927	0.1415223052	0.1305363364	-0.1469102336	-0.042157352	0.0335946623	-0.0070744538	-0.1996326519	0.0563893837	-0.0053494241	-0.0037143868	-0.0608853388	0.0671102508	0.0745049729	0.0340806419	0.0033715139	-0.059448367	-0.1641327236	-0.0287693387	-0.053337404	-0.008614329	0.0726078145	-0.0384319798	0.1635428891	0.0860497828	-0.058867856	-0.030066151	-0.3102524085	0.041744569	-0.0913844776	-0.3209245423	0.0238420719	0.1480575297	0.0188504498	-0.0854106889	-0.0534567308	0.0637513548	0.0792871898	-0.0316261628	-0.0921013223	-0.005690996	0.0897954726	-0.1222934213894149	0.2600531089378819	0.014955680915129	0.0676276194682578	-0.1482867687416416	0.0171466391341255	0.021988965783837	0.0002940072335959	-0.2870807272955886	-0.0087680447293009	0.0824153439845641	7.687860837502275e-05	0.0076748455920188	-0.0016033180886674	2.570628893448405e-06	5.8903254861330406e-05	0.0007009181573813	-0.0051849359870509	2.688356118981549e-05	4.912862633467968e-07	0.0097441101929131	-0.000718090220137	9.4947683451633e-05	5.156535642565471e-07	0.0	0.0	0.0	0.0	0.0	0.0	1.0	0.0	0.0	0.0	0.0	0.0	0.0	0.0	0.0	0.0	0.0	0.0	0.0	0.0	0.0	0.0	0.0	0.0	0.0	0.0	0.0	0.0	0.0	0.0	0.0	0.0	0.0	0.0	0.0	0.0	0.0
5444.946392079144	-14.894463426500806	29647441.212615687	221.84504076337012	11330.896651910276	27.41424747389283	128389218.9362715	751.5409645598394	5669.74681883108	0.0278074040679712	0.0007732517209994	32146028.98964516	6397.212678949883	6830.800240947155	1.88463	53.827042	0.6989294149040016	0.336419781735153	-0.1652478267	0.0147486044	-0.0440923741	-0.1609097536	0.1018953347	0.0647584372	0.1356941868	-0.0019031133	0.0630234376	-0.1935707909	0.1672099958	0.0747708323	0.0639600076	0.0841580045	-0.0783549577	-0.180326871	0.1955165367	-0.0084245625	0.0292398173	-0.032415536	0.0411190452	0.0638563099	-0.0201193466	0.0988146346	0.1623885401	-0.121404069	0.1533143867	-0.09377925	-0.0393136933	-0.1105862192	0.0481138533	-0.0871674847	0.0688978086	0.0508083116	0.0102752446	0.1191590063	0.1396232698	0.0022492913	-0.0034742179	-0.0755682125	0.0578673363	-0.0350634132	0.0725507207	0.0174204259	0.0489214402	-0.0828580804	-0.0409740722	0.0181281771	0.1077345666	0.0587219153	0.0763968627	-0.0546578336	-0.0315858546	-0.0596948674	0.0592266106	-0.013281126	0.0451184949	0.0138711039	0.0117478071	-0.107176401	-0.0199649736	-0.0933799921	-0.1062802345	-0.0170086334	0.0201008772	0.0034512404	0.0858788391	-0.0663437168	0.0563021772	-0.2162291531	0.1931162017	0.150742796	0.0020229054	0.1200980431	-0.0513197282	-0.0161667461	0.0347010064	-0.075494286	-0.0503237418	0.1061954503	0.068362631	0.1075503221	0.0332609439	-0.0205008621	-0.1437109609	-0.0678409798	0.0538982582	0.1046857766	0.0642546724	0.0056268368	-0.0552564565	0.1229043419	0.0376305496	0.000115083	-0.0017686108	-0.0430614323	-0.1251819979	-0.0082201081	-0.0608533275	-0.0280390411	0.107707315	-0.0372123342	-0.0282521567	0.0254169547	-0.1993386689	-0.0432512065	-0.133281125	-0.0682844591	0.0657210659	-0.1414589338	0.2664111675	0.0128137794	0.0686436819	0.0494072538	-0.0721969596	0.080722421	-0.1308952988	0.0714736511	-0.1046013158	-0.1166247262	0.0406638256	0.0623220493	-0.0055330536	0.050197508	-0.0464358359	-0.1798311007	0.0118417435	-0.0603082909	-0.1928915286	0.0621291547	0.008300603	0.0176095295	-0.0863831703	-0.0503057744	0.0673423095	0.0757950062	-0.038653711	-0.090425532	0.0044274221	0.0921013223	-0.0206817734131448	0.1016116479762701	0.0004277357515126	0.0103249270044534	-0.0392319162601495	0.1090548524814921	0.0015391432534433	0.01189296084976	-0.2302477438794241	0.0568329834161644	0.0530140235615648	0.003229988003982	0.0024891315935923	-0.0051857139984264	2.689162967347655e-05	6.195776090219344e-06	-0.0015413965246917	-0.002242314682073	5.02797513344014e-06	2.3759032463316508e-06	0.0085435402528111	-0.001200569940102	7.299208005140357e-05	1.44136818107652e-06	0.0	0.0	0.0	0.0	0.0	0.0	0.0	1.0	0.0	0.0	0.0	0.0	0.0	0.0	0.0	0.0	0.0	0.0	0.0	0.0	0.0	0.0	0.0	0.0	0.0	0.0	0.0	0.0	0.0	0.0	0.0	0.0	0.0	0.0	0.0	0.0	0.0
5454.28695079095	9.340558711805896	29749246.14156844	87.24603704869304	11345.461647500795	14.564995590519176	128719499.99491146	212.139096551843	5674.258121760578	4.511302929498015	20.35185412169737	32197205.232365888	6401.150041830853	6853.753745241763	1.665929	47.5807	0.3527057984727564	0.1921675260698734	-0.038384687	0.008990284	0.0278741304	-0.0915939581	-0.0886292575	-0.014117733	0.0064597948	-0.0125566396	-0.0218679892	-0.0564282508	0.0606438663	0.1152618935	0.0264523169	0.0031218999	-0.0044976243	-0.042449342	0.1324919358	-0.0075282353	-0.070401662	-0.1397523623	0.0775219094	0.0535213251	0.0961671318	0.0883151097	-0.1041780385	-0.0859223568	0.0550879752	-0.029000256	0.2061365661	0.0611655673	0.1365938661	0.0299533291	-0.0300878617	0.0800953444	-0.0793012019	0.0819250045	0.0288513512	-0.0598927003	-0.0222417752	-0.1815856679	-0.0141647934	-0.0196323524	-0.0070559643	0.1109670602	0.0062552199	0.0622468747	0.0111932056	-0.0723136026	-0.0390630864	-0.0583076964	-0.0507391051	0.179330964	0.066897803	0.1564652761	0.0322944303	0.111209586	0.0192293767	-0.0007540824	-0.0456300025	-0.0917099262	0.0142943342	0.00304062	-0.0072979957	0.0393222197	-0.0502483118	-0.1371929466	0.0062027351	-0.010762075	-0.0169481878	-0.1000100923	-0.0114549668	0.1329700131	0.1146386822	0.0266703924	0.006488638	-0.0592888029	0.0797309626	0.0228991155	-0.0663869636	0.083972726	0.0060128395	0.0061843113	-0.2087410527	0.0277735154	0.1013283545	0.0002832579	0.0205039198	0.1441602391	0.2036498496	0.0841777453	0.0051635348	0.0156243968	0.0503916464	-0.0470581994	-0.0676377574	-0.0159282292	0.0625039664	0.034720358	0.1170726862	-0.0660398973	0.0547252946	0.1625126642	0.0521876461	0.1018482363	-0.0176448278	0.0180160599	-0.0361373835	-0.0064935656	0.0132874514	-0.0375861725	0.116892429	-0.0709195774	0.0030006027	0.0709684494	-0.110135864	0.0223646354	-0.0906648051	0.0125064053	-0.0893089361	-0.0513149213	0.1043219975	-0.0859699556	-0.1146039608	0.0752099505	-0.0209631353	0.0594398849	-0.0056920121	-0.0145125698	0.0876494735	0.0239494736	0.0644691595	0.0163653521	-0.0872917462	-0.047071089	0.0707340242	0.071952483	-0.0454240252	-0.0879308341	0.0144934828	0.0930290603	-0.1535647743078811	-0.1328830008947363	0.0235821399082304	0.0176578919267904	-0.0149974444944973	0.0242344717656522	0.0002249233413655	0.0005873096217601	-0.1806595627675662	0.0495881811118578	0.0326378776193681	0.0024589877059824	0.0031039860685446	0.0006148544749522	3.780460253688684e-07	9.634729513718962e-06	0.0007232107172128	0.0022646072419045	5.1284459600863065e-06	5.230337414914525e-07	0.0085029990756577	-4.054117715340117e-05	7.230099328063569e-05	1.6435870449834563e-09	0.0	0.0	0.0	0.0	0.0	0.0	0.0	0.0	1.0	0.0	0.0	0.0	0.0	0.0	0.0	0.0	0.0	0.0	0.0	0.0	0.0	0.0	0.0	0.0	0.0	0.0	0.0	0.0	0.0	0.0	0.0	0.0	0.0	0.0	0.0	0.0	0.0
5447.401582864132	-6.885367926817708	29674184.00499065	47.408291487649976	11327.654590840242	-17.807056660552917	128315758.52938402	317.091266912142	5669.67802800679	-4.580093753788788	20.977258793495068	32145248.94126296	6396.973026509578	6765.347792623367	1.119649	31.978376	0.1453997927579729	0.0679546579653517	-0.049426396	0.0221096271	0.0063518731	0.0286644293	-0.0175725698	0.1555114751	0.0366598511	0.021473483	0.0170945633	-0.0431393087	0.1052475399	-0.0456534981	-0.0052778722	0.0157566143	-0.0292584746	-0.0839164072	0.1347509965	-0.071794944	0.0335121957	0.0386080392	0.001434481	-0.0031800604	0.0389455138	-0.0800947047	0.0316938696	-0.0694309008	0.100026759	0.0312150712	-0.0084204814	0.007922835	0.0222390642	-0.0539785838	-0.0225301211	0.0514645024	-0.0163150439	0.0325552028	0.0986419975	-0.1064135199	0.0429800293	-0.0179557441	-0.0764670852	0.0158893993	-0.0268147738	0.0485566524	-0.0154339587	0.0574567678	-0.0757996844	0.0921443937	-0.0720143107	-0.0157990777	0.0085999629	-0.0875940813	0.0191178967	-0.0263302872	-0.0673321258	-0.0326108337	-0.0958542972	-0.0707515891	-0.0187676102	-0.0230935812	0.0915687785	0.1409247036	0.124892597	-0.0006401641	-0.025398715	-0.0245911965	0.0230098884	-0.0168943705	0.0204027879	-0.093908234	0.122992431	0.0075958961	0.0350745952	-0.0388990385	0.0909662234	-0.0049845706	-0.0403600702	-0.0154249286	-0.0178686621	0.0401820079	0.0385471698	0.0335575876	-0.0444199798	0.0405971165	0.0234783153	0.0392218513	0.126954456	0.0589595728	0.1465424608	0.0136545636	-0.0689415256	-0.0798423495	0.0549024346	0.0625485746	-0.0110407958	-0.0259468551	-0.0015884632	-0.0065624815	-0.1476625153	-0.0852661564	0.0373976902	0.0945510555	0.0449427302	-0.0110690235	0.0050433633	-0.0838674441	0.0589655758	-0.0148990445	0.0264580671	-0.0553022667	0.1318628565	-0.0367729849	0.0171177061	0.0348038034	-0.0673997406	0.0152360837	-0.1124989292	0.0031493347	-0.0640312787	-0.0949218709	0.0314427932	-0.0233853638	0.0920045091	0.0430726448	0.0340754754	-0.0203399605	0.0102266654	0.0352859127	0.0237025242	-0.0674845516	0.0873264356	0.0151181479	-0.0881357445	-0.0437580584	0.073916464	0.0677773814	-0.0518920499	-0.0846398209	0.0243881477	0.0925648049	-0.1653705735311916	-0.0118057992233105	0.0273474265900352	0.0001393768953011	-0.0550922068909756	-0.0400947623964783	0.003035151260118	0.00160758997163	-0.1659002980139021	0.014759264753664	0.0275229088811015	0.0002178358960687	0.0032692453679955	0.0001652592994508	2.7310636055002205e-08	1.0687965276160031e-05	0.001628760154821	0.0009055494376082	8.200197839525273e-07	2.6528596419325274e-06	0.009006989666289	0.0005039905906313	8.112586284863683e-05	2.540065154448868e-07	0.0	0.0	0.0	0.0	0.0	0.0	0.0	0.0	0.0	0.0	0.0	0.0	0.0	0.0	0.0	0.0	0.0	0.0	0.0	0.0	0.0	0.0	0.0	0.0	0.0	0.0	0.0	0.0	0.0	0.0	0.0	0.0	0.0	0.0	0.0	0.0	0.0
5446.838437753161	-0.5631451109711634	29668048.966985296	0.3171324160107239	11292.95155365613	-34.70303718411196	127530754.7932244	1204.3007898018575	5674.755681064728	5.077653057938733	25.78256057679456	32202852.03977641	6407.540884693513	6866.054894928283	1.175723	33.579887	0.1193733633988121	0.0554610634933208	-0.0289465077	0.0044134753	-0.0045994707	-0.1440227732	-0.0241379566	0.0534034026	0.0158471272	0.0058156729	-0.0108718208	-0.0126409702	0.0679073783	0.0170122226	-0.1344408745	-0.016225424	-0.0050697073	-0.0016839064	0.0940416509	0.0237606087	0.0092477156	-0.0684503511	-0.0204256847	0.1350563332	0.04844428	-0.0433277244	-0.0837164852	-0.0420898509	0.0419616851	0.1362161542	0.0745599401	-0.008676796	0.0916102193	-0.0562991347	-0.1477014724	-0.0286369384	-0.1978268824	0.0416316783	-0.0454458205	-0.0778265936	-0.0673889164	-0.0491534452	-0.0687461934	-0.0418706351	0.0661992366	-0.0474131324	-0.0742450287	0.0788576386	0.0829637855	-0.0117571518	-0.1666494334	0.0351889243	0.1249682075	-0.0404049893	0.0369711871	0.0035056396	0.1077919927	0.0207287514	0.045817761	-0.0840310409	0.0693874521	-0.0297382298	0.0113010903	0.0442763086	-0.1201895152	0.030062433	0.1021101621	-0.0792810797	0.0010047603	0.0034154262	-0.0124033488	-0.0032054321	0.0295303803	0.0617686273	0.1236002552	-0.0667856497	-0.1252230397	0.1165646615	-0.0123102687	-0.009859705	0.0413693472	0.0073715914	0.0135440913	0.0120626723	-0.1542257795	-0.0028022478	0.0766056579	-0.0007960805	0.0429328539	-0.0428869263	0.2455751682	0.1147790043	-0.0320840674	0.0345361981	-0.0229070163	0.0415405201	0.0289203763	0.0707142584	0.0428753851	-0.1090597769	0.0126136249	0.0316028342	0.0186170584	0.030019772	0.0695631314	0.0294283525	0.0203919175	0.0390553798	0.0350003917	0.0010349818	0.0099516688	-0.0237884634	0.0695249834	-0.079560456	0.0034443109	0.0553795186	-0.0863079515	-0.0087794941	-0.042108672	0.0189920765	-0.0377057203	-0.0369042818	0.0752129913	-0.0829261211	-0.0420448194	-0.0105713098	-0.067284959	0.1213091605	0.0873433765	0.0085131093	0.0406528815	-0.0012189888	0.0412688457	0.0138681475	-0.0889145408	-0.0403721968	0.0768802134	0.0632889993	-0.0580147416	-0.0805822964	0.0339944055	0.0907155029	-0.1880409581171704	-0.0226703845859787	0.0353594019296234	0.0005139463372761	-0.0352772527254927	0.0198149541654828	0.0012444845598582	0.0003926324085801	-0.1310494453769166	0.0348508526369855	0.0171739571335974	0.0012145819295248	0.0031650925784836	-0.0001041527895119	1.0847803563110153e-08	1.0017811030371965e-05	0.0021701138565088	0.0005413537016878	2.930638303310837e-07	4.709394150211497e-06	0.0092022266152966	0.0001952369490075	8.46809746792731e-05	3.811746625779605e-08	0.0	0.0	0.0	0.0	0.0	0.0	0.0	0.0	0.0	0.0	0.0	0.0	0.0	0.0	0.0	0.0	0.0	0.0	0.0	0.0	0.0	0.0	0.0	0.0	0.0	0.0	0.0	0.0	0.0	0.0	0.0	0.0	0.0	0.0	0.0	0.0	0.0
5446.196447977274	-0.6419897758869411	29661055.74996028	0.4121508723433648	11350.25031950036	57.29876584422891	128828182.315318	3283.1485672717736	5677.452945979328	2.697264914600055	7.275238019532441	32233471.953809354	6406.420058994031	6763.950923977352	1.11232	31.769053	0.1297048399751095	0.0651626017923903	-0.0467613508	0.0137062953	-0.0203746167	0.006789407	-0.0909974701	0.0228951258	0.0132837107	-0.0087683494	0.0213892582	0.0041177969	0.0004073396	-0.0116499962	-0.0953912689	0.0087757027	-0.0310252613	-0.0238765981	0.0613893815	0.0235095787	0.0035440881	-0.0699074719	-0.099366302	0.107198122	-0.0327415844	-0.1092051014	-0.0460932589	-0.0037588946	-0.024553906	0.0729527829	-0.0632781021	-0.0240512683	-0.1005897579	-0.0133817433	-0.0877366429	0.0620056115	-0.0051386564	-0.0122405283	-0.0996539312	-0.0278522785	0.1082795367	0.1064751206	0.0153685449	0.0132619194	-0.1386131464	0.0479082228	0.0047104874	0.107890383	0.0050077885	-0.1007010856	-0.0912710669	0.0738785252	-0.0091224137	-0.0609620217	0.0155397432	-0.0029091181	-0.0163788922	-0.0505727004	0.0675983732	0.0873921523	0.0306882509	-0.0301416321	0.0419044509	0.0572861635	0.0448011059	0.0879273625	-0.1171774927	0.0444861748	0.0121275751	-0.0185168679	0.0123565415	0.004566541	0.0041508723	0.0584657338	0.0893494694	-0.1093702028	0.0124542093	0.120634217	0.0106233772	0.0136763354	0.0937697736	-0.1260566041	-0.0110917203	0.048514359	-0.0493172083	-0.0012263662	0.0449901718	0.0520319633	-0.0962195936	0.0634690748	0.0765529994	-0.0552961214	-0.0448158031	0.0176325489	0.046987463	0.051966696	-0.0293055392	-0.0129072823	0.0915580152	0.0241414258	-0.0094332606	-0.0441420984	0.017018077	-0.137112734	-0.0435960822	-0.0048589968	0.0068835131	-0.1024814522	0.1320564636	-0.007852789	0.0166038665	-0.035013576	0.0711743903	-0.0581656446	0.0071660877	0.0463676402	-0.0539705711	-0.0115975325	-0.0327436933	0.0317781417	-0.0344730209	-0.045691721	0.0275558546	0.0083140222	-0.0072037684	-0.0038948602	-0.0006291885	-0.0293698131	0.0528229936	-0.0455561148	0.0511300185	-0.0844122238	0.0490994218	0.0126155821	-0.0896275589	-0.0369191397	0.0796165037	0.058508083	-0.0637513548	-0.0757950062	0.0431986551	0.0875088252	-0.2027812866209331	-0.0147403285037626	0.041120250203641	0.0002172772843988	-0.0797967785919269	-0.0445195258664341	0.006367525873649	0.0019819881833721	-0.0877346847758389	0.0433147606010776	0.0076973749127158	0.0018761684859286	0.0033390406755276	0.000173948097044	3.02579404652289e-08	1.1149192632827812e-05	0.0022509351799759	8.082132346709991e-05	6.532086326973595e-09	5.066709184453138e-06	0.008914391535731	-0.0002878350795655	7.94663764523125e-05	8.284903302853477e-08	0.0	0.0	0.0	0.0	0.0	0.0	0.0	0.0	0.0	0.0	0.0	0.0	0.0	0.0	0.0	0.0	0.0	0.0	0.0	0.0	0.0	0.0	0.0	0.0	0.0	0.0	0.0	0.0	0.0	0.0	0.0	0.0	0.0	0.0	0.0	0.0	0.0
5446.451098990615	0.2546510133406627	29663829.57369608	0.0648471385954264	11379.976626649195	29.726307148835986	129503868.023082	883.6533367069375	5661.445673856541	-16.00727212278707	256.23276081295614	32051967.118028942	6387.623177653708	6868.431696609596	1.164352	33.255135	0.211912187388465	0.1010556354642402	-0.0566762388	-0.0098974197	0.0038638587	-0.0639247405	-0.023562959	0.0290546331	0.055552603	-0.0153181954	0.0176175673	-0.0808076006	0.0550559296	-0.0004260522	0.0736321525	0.0208293382	-0.0285754547	0.0049558259	0.117006005	-0.0680460949	-0.0397370093	-0.075849329	0.1265871746	0.0202257434	0.0686039829	-0.0172361619	-0.0601392523	-0.0086420581	-0.0930155915	-0.0125625016	0.03678321	-0.0276240934	-0.0043198335	-0.1055117102	-0.1348493978	0.0278623179	0.0340531102	0.0017406864	-0.0517825641	0.054921952	-0.0148265717	0.1728759841	0.0035350378	-0.0190028077	0.0365954762	0.0128691658	0.0271349834	-0.0332085129	-0.002819289	0.0469614094	-0.0756175551	-0.0371337711	0.0219954523	0.0734306541	0.0328941281	0.0088305131	-0.0391137086	0.0854472474	-0.0933199016	0.0504966759	-0.1039472748	0.025319745	-0.0768294853	-0.0945359635	-0.0176797357	-0.1570003429	0.1227153524	-0.0128670975	0.0282782676	-0.0433231432	-0.0155893541	-0.1147777418	0.0247102018	0.0526278759	0.0326540688	-0.0281107578	0.0025700544	-0.0158872593	-0.0562746259	-0.028872629	0.005823539	-0.038840259	0.0540258255	-0.0054412137	-0.1828936605	-0.1232554312	-0.059348046	0.1253979581	-0.117206066	-0.010484045	-0.0279151489	0.0683146479	-0.0945531526	0.0674165072	-0.0216801265	-0.1055034111	0.0456603874	0.0229983979	0.0076893161	0.116188422	-0.0423234139	-0.0224260354	-0.1152872191	0.048126211	0.0403007328	0.0631564283	0.1228501179	0.1392643336	0.0461490903	-0.0254861475	0.0368757801	-0.035941762	0.1072150514	-0.0405791685	0.0104658129	0.0674845947	-0.0617497456	0.1068882968	-0.0712637032	0.0502594953	-0.0735792854	-0.0454462823	0.0135451339	-0.0162784484	0.0081035999	0.0575558401	-0.0100027303	0.010655928	-0.0474257515	0.0197100361	0.100962705	0.013873469	-0.0471916847	0.0113606834	-0.0902742713	-0.0334046344	0.0821172393	0.0534567308	-0.0690637132	-0.0703213046	0.0518920499	0.0829927534	-0.1392961317724683	0.0634851548484647	0.0194034123267728	0.0040303648861335	-0.0615112329088987	0.0182855456830281	0.0037836317739727	0.0003343611809261	-0.1151820953632309	-0.027447410587392	0.0132669150922644	0.0007533603479528	0.003434081323181	9.504064765339988e-05	9.032724706377704e-09	1.1792914534220568e-05	0.0017313654581516	-0.0005195697218243	2.699526958365806e-07	2.9976263496805e-06	0.0074751203798171	-0.0014392711559139	5.587742469275694e-05	2.0715014602457355e-06	0.0	0.0	0.0	0.0	0.0	0.0	0.0	0.0	0.0	0.0	0.0	0.0	0.0	0.0	0.0	0.0	0.0	0.0	0.0	0.0	0.0	0.0	0.0	0.0	0.0	0.0	0.0	0.0	0.0	0.0	0.0	0.0	0.0	0.0	0.0	0.0	0.0
5438.141339901204	-8.309759089410363	29573381.232742462	69.05209612403814	11292.439730274436	-87.53689637475873	127519195.0618806	7662.708226925248	5662.711566440349	1.2658925838077266	1.6024840337394022	32066302.284697317	6389.809575354203	6818.62295835425	1.040101	29.706383	0.106230189923956	0.053335229308701	-0.0470340518	0.0154639301	0.0159875391	-0.0679858602	-0.0384413424	0.034033867	0.0219579799	0.0238693157	-0.0052864378	-0.106730604	0.076601286	0.0715864063	-0.03326718	0.0040958997	-0.0252850849	-0.0379370932	0.0832408506	-0.0394816443	0.0120478945	-0.0799990578	0.0324352411	-0.0617084838	0.0305912069	0.044237158	0.0273888789	-0.0177278455	0.0470965063	0.0787754869	0.1244462691	-0.1067900651	-0.0045054225	0.0067877612	-0.0153124027	-0.007617153	-0.0130763465	0.036281089	-0.0387573559	0.0355116744	0.0037689879	0.1037930973	0.0227951164	0.0520507713	0.0174617454	0.0042984344	-0.0505210899	0.0789728244	0.0501132491	0.0243478436	-0.0895287602	-0.0717091134	0.0284066757	0.0630960867	0.0619288042	0.0044161856	0.0421507342	-0.0066099196	-0.0190101777	-0.0797082538	0.1072540415	0.0088396249	-0.0522851261	-0.0723155124	0.0875805512	-0.2095530661	-0.0223509424	0.1389066164	0.0212819096	-0.0118246	0.0108351733	-0.0778449485	0.0382421924	0.0580944129	0.0563394484	0.0690402532	0.0628872193	0.0189026405	-0.0319429753	-0.0368403823	0.0474580626	0.1287454492	0.0423370396	0.0388530643	-0.0098111198	-0.0419759324	0.0706473415	0.0152943065	0.0241415497	-0.0327326965	0.0395454944	0.0072064451	-0.0711172623	-0.0640008338	-0.0095510321	-0.0126128499	-0.1060985094	0.0388866102	0.040759101	0.0511658676	-0.0306945024	-0.0334206867	-0.0640357009	1.5275e-05	0.1674360392	0.0171671591	0.1226949903	0.0088179044	-0.0032621541	-0.0178519912	0.0150986714	-0.0273777024	0.0721112059	-0.0571209082	0.0085232002	0.0681168689	-0.0575399412	0.0173890716	-0.0794193088	0.0064314773	-0.0658325436	-0.0227801928	0.0363133786	-0.00641801	0.0154185203	0.0372228037	0.0272600036	0.0092816319	-0.0537719198	0.0050989366	0.0565442989	0.007843923	-0.0314473712	0.0101036834	-0.0908541996	-0.0298345303	0.0843750214	0.0481582911	-0.073916464	-0.0642107624	0.0599717842	0.0772348614	-0.1799697197176186	-0.0406735879451503	0.0323891000152382	0.0016543407563318	-0.0610851118660065	0.0004261210428921	0.0037313908916825	1.815791431955347e-07	-0.1011021774785874	0.0140799178846435	0.0102216502909117	0.0001982440876383	0.0033376012276795	-9.648009550149984e-05	9.308408827978532e-09	1.1139581955007709e-05	0.0021119220977352	0.0003805566395836	1.4482335593116226e-07	4.460214946902248e-06	0.0080190949057574	0.0005439745259403	6.430588310754429e-05	2.959082848719751e-07	0.0	0.0	0.0	0.0	0.0	0.0	0.0	0.0	0.0	0.0	0.0	0.0	0.0	0.0	0.0	0.0	0.0	0.0	0.0	0.0	0.0	0.0	0.0	0.0	0.0	0.0	0.0	0.0	0.0	0.0	0.0	0.0	0.0	0.0	0.0	0.0	0.0
5438.3457527605815	0.2044128593770438	29575604.526569057	0.041784617078699	11330.974368348414	38.53463807397748	128390980.13616872	1484.9183314924346	5671.598076806498	8.886510366149196	78.97006648767712	32167024.74483517	6399.040214681804	6850.340192906027	0.938699	26.81024	0.0898913582665865	0.0456495645701976	-0.032385453	-0.017285844	-0.0080810494	-0.064724878	0.0024261336	0.0347257403	0.0152877346	-0.0238438221	-0.002648184	-0.0133101546	-0.003150669	0.0875602504	0.0172623937	0.0054773985	-0.0145453919	-0.009987695	0.0228430916	-0.1426945028	0.0246901547	0.0324115934	-0.0749150649	0.0380055608	-0.0421677137	-0.1273555299	0.1386151305	0.0535990231	-0.0864226395	-0.0183430472	0.1453724205	0.1680805842	-0.0494332264	-0.0687108103	-0.0126941156	-0.0493287601	0.0081443002	-0.0265701047	-0.070495083	-0.0503805372	-0.0629768074	0.0922526815	0.0807769507	-0.0078181781	-0.1147364425	0.0008490113	0.1174003507	0.0328255774	0.0130716384	0.0505650035	0.0162904607	-0.0109134797	0.0197779636	-0.0813739644	-0.0635451831	0.014020212	-0.0944610081	-0.0237445929	-0.0301323583	-0.0927971552	-0.0138182914	0.0520560331	0.0028102141	-0.0093451605	0.0263093157	0.1672558529	0.1092523749	-0.049978574	0.0073481198	-0.0191658238	-0.0026800194	-0.0836774316	0.0008290808	-0.0166019176	0.0202479159	0.0229148986	0.0058329551	0.0290883084	-0.0050568309	-0.0955194735	-0.0599953358	-0.1011945246	-0.1038644892	-0.0432133674	-0.0748348042	0.1473449034	-0.0314485112	0.0702302079	0.1060115181	0.0600487895	-0.0385339423	-0.0658023196	0.0670086806	-0.0672751714	-0.1437178079	-0.0950203737	0.0026311372	0.0230297509	0.0368488868	-0.0449187917	-0.1280076755	0.0013918511	-0.1020161453	-0.0639872649	-0.0585855738	-0.0529409376	0.0970567641	-0.1339204668	0.0291246498	-0.0082261624	0.0167498968	-0.017323678	0.045596814	-0.0385086804	0.006225472	0.0477264291	-0.0314835977	0.0182557245	-0.0446256941	0.0038681812	-0.0495958036	-0.0211995695	0.0420665901	-0.0176862324	-0.0208393583	-0.0219411935	0.0032776532	0.0806653791	0.0339837802	-0.0182244913	0.0232253498	-0.0130393397	0.01086059	0.0088448147	-0.0913669149	-0.0262147696	0.0863831703	0.0426372543	-0.0782773129	-0.0575187176	0.0673423095	0.0703213046	-0.184173232561875	-0.0042035128442564	0.0339197795922905	1.7669520231828593e-05	-0.0604490802639361	0.0006360316020704	0.0036540913047557	4.045361988322431e-07	-0.0636995175510577	0.0374026599275297	0.0040576285362375	0.0013989589696544	0.0037049828256761	0.0003673815979965	1.3496923854653518e-07	1.3726897738554858e-05	0.0022736866481836	0.0001617645504483	2.6167769781772942e-08	5.169650974128374e-06	0.008442931835167	0.0004238369294096	7.128309797327641e-05	1.7963774273135826e-07	0.0	0.0	0.0	0.0	0.0	0.0	0.0	0.0	0.0	0.0	0.0	0.0	0.0	0.0	0.0	0.0	0.0	0.0	0.0	0.0	0.0	0.0	0.0	0.0	0.0	0.0	0.0	0.0	0.0	0.0	0.0	0.0	0.0	0.0	0.0	0.0	0.0
5428.031213390162	-10.31453937041988	29463522.85353787	106.38972242394172	11302.3198927276	-28.654475620813173	127742434.95754604	821.0789731037764	5668.477108323609	-3.1209684828891118	9.740444271187162	32131632.727588788	6393.309630507372	6790.7397446271925	0.928178	26.509754	0.0886611815158794	0.0499979538838025	-0.0333650636	-0.0030923706	-0.0067812423	-0.010780722	-0.0390955015	0.0766322162	0.0324401772	-0.0116658701	-0.0168727729	0.0310456239	-0.0038972281	0.0616841014	-0.0349977353	0.0185644394	-0.0288599522	-0.0073232387	-0.0043892177	-0.0962333162	0.07053347	-0.0290240304	-0.0266867734	-0.0261142006	-0.0309298944	-0.0970518029	0.0012461511	0.1262531261	0.0987724895	0.0424603478	0.1385443304	0.0154588773	-0.0219532166	-0.0939931918	0.0917307804	-0.0672211638	-0.1119155599	0.0300280924	0.0582454203	-0.0672814942	-0.0271718203	0.016765281	-0.0456432078	-0.0374712893	0.0204475956	0.0308952478	-0.0415064989	-0.0045145093	0.0760636223	-0.0883269597	0.1332421792	0.0064385705	-0.1236789354	0.0697384882	-0.0176812531	-0.0061539228	-0.02355595	-0.1274745539	0.0256648927	0.1027144833	0.10229479	0.0178141879	-0.0770378182	0.0139949223	0.0507457606	0.1220508516	-0.0080870831	0.0838158092	0.0120355248	-0.0254217848	0.0107366587	-0.0041031661	-0.0128533834	-0.0360444064	0.0625293048	-0.038053665	0.0486211632	0.0642680078	-0.0762213606	-0.0650850549	0.0401702361	0.1528516119	-0.1687834017	0.0765250984	-0.044679535	0.0467998192	-0.0370455962	-0.0194980965	0.0175503468	-0.0826632658	0.0885778614	-0.0440545168	0.057605644	0.004332447	-0.1315610977	0.0341006239	-0.0661430647	0.0421841567	-0.0280427166	0.0144523396	0.0441353331	-0.0577410936	-0.0578074808	0.0292209651	-0.0542401633	-0.0841221907	-0.0707325242	-0.1048636119	-0.0720758514	-0.0150502324	0.017935028	-0.0211568451	0.0340112349	-0.0445078645	0.0034147886	0.0526365449	-0.0210295336	0.015587034	-0.0189337069	0.0291398594	-0.0144305696	0.0191846703	0.023124772	-0.0188774447	0.0257796672	-0.0117401681	0.0102738904	0.0592763713	0.0431600551	0.0259768985	0.0246924179	-0.1046776298	0.0454487213	0.0075843101	-0.0918120377	-0.022551377	0.0881357445	0.0369191397	-0.0821172393	-0.0503057744	0.073916464	0.0623555305	-0.1840028638705604	0.0001703686913146	0.0338570539125679	2.902549098025653e-08	-0.094936201824737	-0.0344871215608009	0.0090128824169071	0.0011893615535494	-0.0315797294680137	0.032119788083044	0.0009972793132729	0.0010316807864996	0.0035340536901199	-0.0001709291355561	2.9216769381989706e-08	1.2489535484650084e-05	0.0024720939167992	0.0001984072686155	3.936544423950271e-08	6.111248333475609e-06	0.0085112734946096	6.834165944259903e-05	7.24417765000439e-05	4.6705824153681855e-09	0.0	0.0	0.0	0.0	0.0	0.0	0.0	0.0	0.0	0.0	0.0	0.0	0.0	0.0	0.0	0.0	0.0	0.0	0.0	0.0	0.0	0.0	0.0	0.0	0.0	0.0	0.0	0.0	0.0	0.0	0.0	0.0	0.0	0.0	0.0	0.0	0.0
5431.627040538334	3.595827148172248	29502572.30750722	12.92997287953256	11303.521221550143	1.201328822542564	127769592.00603443	1.4431909398715033	5655.100528631941	-13.376579691667756	178.93288424753828	31980161.98893326	6379.345973085253	6752.172831722779	1.04788	29.928577	0.0951803757189867	0.0474075056298144	-0.025028206	-0.0047466655	-0.033861395	-0.0024247158	-0.0336660866	0.0253939474	0.0140978466	-0.0056855098	0.0068894109	0.0560598764	-0.055476125	-0.0180640156	-0.1457713612	0.0024489609	0.0017877862	0.0021621518	0.022907928	-0.0103546785	0.0168100735	-0.0244670824	0.0229840256	-0.0311208139	-0.0818407836	0.0701522159	0.0108405041	0.0702678681	-0.0091947011	0.0462460632	-0.0269953859	0.0519577676	-0.0557288185	0.0174912561	-0.0246483283	0.0406861138	-0.0712762335	0.0205060907	-0.0177857862	-0.073386526	0.0031499481	-0.0336205926	0.1134135047	0.0436454841	0.0781911377	0.1913903399	-0.0216158029	-0.0466866164	0.0552961052	-0.0315191149	-0.0562143301	0.1263787819	0.0323226344	-0.1130491694	0.0267806374	-0.0879114463	-0.127149938	-0.0683101807	-0.0181183941	0.0190055564	-0.045264666	-0.0325036417	0.0956201638	0.1017807641	-0.0502803714	-0.0120856519	-0.124454067	0.1063648895	0.0121330218	-0.0106078561	0.0072837328	0.0200765186	-0.0290903082	0.0073752438	0.0485347582	-0.0728309581	-0.0270773506	0.0478777198	-0.0146534691	0.0092632942	0.0466454019	-0.088467187	-0.0773963022	-0.1160463486	0.0613709224	-0.0226641672	0.0553678794	0.0555119712	-0.0138361357	0.1056943721	0.0996654842	-0.1238792985	0.0245937606	0.0374107061	-0.0426994427	-0.0689320916	-0.093064147	0.0103222056	-0.0071201753	0.0520844453	0.0112127852	-0.0380556091	-0.0186303697	-0.1184210086	0.0188318761	0.0961324152	-0.1223707026	0.0625267516	0.0378155249	-0.0097525928	0.010290325	-0.0122020466	0.0068907774	-0.0380704273	0.00409739	0.0408944525	-0.0069835947	0.0019687352	-0.0021982091	0.019355887	0.0050823148	-0.0007427366	0.0135410345	-0.013457786	-0.0024470021	-0.0469807301	0.0103879189	0.0787962916	0.0624003189	-0.0216639261	0.0420295854	-0.0457277322	0.0021250429	0.0063224028	-0.0921892388	-0.0188504498	0.0896275589	0.0310303776	-0.0854106889	-0.0426372543	0.0796165037	0.0534567308	-0.209420446876237	-0.0254175830056766	0.0438569235698428	0.0006460535258504	-0.0906263235595759	0.0043098782651611	0.0082131305219249	1.857505066050809e-05	-0.0415440353994327	-0.009964305931419	0.0017259068772693	9.928739269491196e-05	0.0034652403241025	-6.881336601740002e-05	4.735279342644663e-09	1.2007890503786e-05	0.0031050334737179	0.0006329395569187	4.006124827124406e-07	9.64123287290865e-06	0.0089192927420081	0.0004080192473985	7.955378301763836e-05	1.664797062476384e-07	0.0	0.0	0.0	0.0	0.0	0.0	0.0	0.0	0.0	0.0	0.0	0.0	0.0	0.0	0.0	0.0	0.0	0.0	0.0	0.0	0.0	0.0	0.0	0.0	0.0	0.0	0.0	0.0	0.0	0.0	0.0	0.0	0.0	0.0	0.0	0.0	0.0
5432.58752697245	0.9604864341163192	29513007.23821664	0.9225341901214824	11359.388552918726	55.86733136858311	129035708.296181	3121.1587142470703	5665.527644485785	10.427115853843134	108.72474502946682	32098203.49043264	6383.611595564402	6818.751261310495	1.238706	35.378761	0.069447419134153	0.0373785741124888	-0.0231230781	-0.010637722	-0.0070609557	0.0044909592	-0.064151517	-0.0205910646	0.0244058008	-0.0312774821	0.0048259504	0.0504698069	-0.0381846949	0.054006314	-0.0011780583	0.0016279234	-0.0183728918	0.0272329946	0.029956461	-0.0311454251	-0.0225566307	-0.0871167568	0.0411407101	-0.092434245	-0.0095396487	-0.0217385542	-0.0715621245	0.0331317804	-0.0182521479	-0.0427319967	0.0178864783	0.0497126967	-0.1437597257	-0.0257749406	-0.033268561	-0.0728771102	0.0062526537	-0.0602297498	0.04608907	-0.002314964	-0.0566629847	0.0270180616	0.0243885573	-0.0158430612	0.1057531381	0.0534239679	0.0082682895	-0.0463134133	-0.0485472239	-0.0383540257	-0.0375524293	0.1463957236	-0.0269323759	-0.1070345597	0.0560431562	-0.061581372	-0.0270992741	0.0789648643	-0.1103352886	0.0070574726	-0.106193414	0.0136048098	0.0882648835	-0.0091292538	-0.0711651898	0.0022673164	-0.0662483682	0.0101435502	0.0035648505	-0.0338862799	-0.0133750207	0.0078175899	-0.0552279273	0.0102861324	0.0579886342	-0.0563424179	0.0652357951	-0.0341671975	-0.0568901064	-0.0657118234	0.0470373584	0.0326078154	-0.0007183458	-0.0153174431	-0.0741007704	-0.1816112341	-0.1201164802	0.059037185	-0.0507132875	-0.059660764	-0.0429049459	-0.0309651277	0.0786396645	-0.0228585246	-0.0764913813	-0.0253815947	0.0548847181	0.0869821235	0.0307740927	-0.0197577088	0.0499451869	-0.0134421268	-0.0248050118	-0.0048262248	0.0151214413	0.1102203664	0.0099335932	0.0202146378	0.0189179618	-0.0113171878	0.0107430575	-0.0105717859	0.0020947497	-0.0247264718	0.009200073	0.0423308708	-0.0002643483	0.0071233288	0.0180130165	0.0234386368	-0.0152538118	0.0032075575	0.0118840472	0.0125283055	-0.009501456	0.0273815566	0.0270899504	0.0151208714	-0.0062261768	-0.0430796886	0.0890129886	-0.0661575957	-0.0214386982	0.005059326	-0.0924982391	-0.0151181479	0.0908541996	0.024998187	-0.0881357445	-0.0345826047	0.0843750214	0.0437580584	-0.2098391091109732	-0.0004186622347361	0.0440324517124869	1.7527806679429984e-07	-0.1187903447296179	-0.028164021170042	0.0141111460009814	0.0007932120884665	-0.0377197652202028	0.0038242701792298	0.0014227806882672	1.4625042403747088e-05	0.0038938765967037	0.0004286362726011	1.8372905418945014e-07	1.5162274950356789e-05	0.0034139462822897	0.0003089128085717	9.542712329971753e-08	1.1655029218359665e-05	0.0089160325121782	-3.2602298298996246e-06	7.94956357582187e-05	1.0629098543767336e-11	0.0	0.0	0.0	0.0	0.0	0.0	0.0	0.0	0.0	0.0	0.0	0.0	0.0	0.0	0.0	0.0	0.0	0.0	0.0	0.0	0.0	0.0	0.0	0.0	0.0	0.0	0.0	0.0	0.0	0.0	0.0	0.0	0.0	0.0	0.0	0.0	0.0
5426.704465017973	-5.883061954476943	29449121.350646008	34.61041796021407	11253.292020213848	-106.09653270487796	126636581.29220869	11256.47425199724	5666.602877449457	1.0752329636725335	1.1561259261680197	32110388.170718465	6390.012986890963	6847.127322763397	1.187362	33.912315	0.0843378331243513	0.0391879548466791	-0.025164207	-0.0151879791	-0.0013983525	-0.0621399396	-0.0128564828	-0.0188773998	0.0137659857	0.030119052	0.0251540646	-0.1085125335	0.0131950266	0.0245746567	-0.0653563397	0.0174489389	-0.0105435578	0.0081777211	0.0179955275	-0.035083306	-0.0239911623	0.0080242323	-0.0259674372	0.0040154416	0.0120966049	0.028443526	0.1028021277	-0.0690980285	0.0330433498	0.0395252328	-0.0122993497	-0.0409523678	-0.0303699406	-0.0680833135	-0.1499382672	-0.009778806	-0.0321288271	-0.0041022943	-0.0893027051	-0.0561676804	-0.1311153401	-0.0388740104	0.043834613	0.0137811695	0.0443722231	-0.0345092214	-0.0410233026	0.0137900752	-0.1275736645	0.0319830202	-0.0096368579	-0.0694321336	-0.048065565	0.0239257025	-0.1970401414	0.009177208	-0.0904758681	0.0126677121	-0.0049196202	0.0135715704	-0.0179932495	-0.0184425032	0.0093462838	0.0079205478	0.1204843267	0.1151021025	0.0728377254	0.1551988208	0.0152210849	-0.0041374159	0.0144537558	-0.0540250485	0.0011296739	0.0192858502	-0.0255057939	0.0722007558	-0.0196768094	0.0806572001	-0.0402785297	-0.0432413555	-0.0020347106	0.0084924702	0.0208630899	-0.0194914141	0.0782240691	0.0001880804	0.1706079627	0.1139146101	-0.0271004628	0.0215792623	0.0119179146	0.0788126227	-0.0012166728	-0.0547613365	-0.0509250636	-0.0154192751	0.0349947664	0.0765663664	-0.1132363341	0.024208788	-0.0066684775	-0.0314202527	-0.0560306465	-0.0871258607	-0.0117577532	-0.0335169186	-0.0678894996	0.0564440676	0.1051835399	-0.0115720902	0.0107000776	-0.0084935603	-0.0017977979	-0.0192391073	0.0092915441	0.0347710042	0.0051450971	0.0408794698	-0.0072076989	0.0045763723	-0.0250701517	-0.0204357673	0.0226415046	-0.0084721351	0.0410757766	0.015271902	0.0474750742	0.0371683194	-0.048758967	-0.0421024841	0.0467470631	0.0313878623	-0.0684277224	0.0037953135	-0.0927388101	-0.0113606834	0.0918120377	0.0188504498	-0.0902742713	-0.0262147696	0.0881357445	0.0334046344	-0.190595941713795	0.0192431673971782	0.0363268129977683	0.0003702994914758	-0.0989034130678305	0.0198869316617874	0.0097818851164659	0.0003954900509206	-0.0556469406931086	-0.0179271754729057	0.0030965820085023	0.0003213836204363	0.0039350267652377	4.1150168533999904e-05	1.6933363703765961e-09	1.5484435643137076e-05	0.0035862937807309	0.0001723474984411	2.9703660218939432e-08	1.2861503081709134e-05	0.0092481460170526	0.0003321135048743	8.552820475272585e-05	1.1029938011995773e-07	0.0	0.0	0.0	0.0	0.0	0.0	0.0	0.0	0.0	0.0	0.0	0.0	0.0	0.0	0.0	0.0	0.0	0.0	0.0	0.0	0.0	0.0	0.0	0.0	0.0	0.0	0.0	0.0	0.0	0.0	0.0	0.0	0.0	0.0	0.0	0.0	0.0
5436.9314814251065	10.227016407133306	29560223.9337114	104.59186459177384	11328.649595922354	75.35757570850546	128338301.66719171	5678.764216663133	5664.140446452928	-2.4624309965292923	6.063566412668243	32082486.997143973	6384.848499742109	6865.709819686593	0.992541	28.348017	0.045929302562823	0.022298669757727	-0.0235139553	-0.0117261095	0.0117253782	-0.0403971829	-0.0139612337	-0.0273096062	0.0256286103	0.0078945106	0.0083091952	-0.0411602303	0.0112052823	0.0762325964	0.0163618667	-0.0008120451	0.0062136173	0.0168234148	-0.0204785237	-0.0264587559	0.0061890952	-0.061152124	-0.0078305887	-0.0145746485	0.0495801117	-0.1389419131	0.0198909133	-0.0238515066	0.0067074414	0.0269400033	-0.0592543481	0.0428835996	-0.0480607053	-0.0222413911	-0.0131611949	-0.0127007555	-0.04515198	-0.003916551	0.073092381	0.1140796668	-0.0720779992	-0.0446111823	-0.0284233087	0.0529505062	0.0174633752	0.0447459903	0.0635028633	0.0121900746	-0.0039791021	-0.0051062088	0.1097400094	-0.0102005546	-0.0404393507	-0.0725813396	0.0128114461	-0.0159653079	0.0437886764	0.0490093429	0.0415130132	-0.0390684658	0.0727569886	-0.0082080863	-0.0473973922	-0.0988305449	-0.094397862	0.0298114877	0.0272504426	0.0784953135	0.0090506536	0.0018923173	5.61262e-05	-0.0262818838	-0.0180396794	0.0024233337	0.0427270704	0.0797406346	0.0401200139	-0.0201958362	-0.0892701551	-0.1007841468	-0.0376937881	-0.0993579601	0.08635871	-0.056829294	-0.0902293757	-0.0262179149	-0.0573987955	0.042399202	0.0935035781	-0.1221882111	-0.0251190462	0.0316025454	0.0126508746	-0.0513117663	-0.0196422938	0.0239647451	-0.018086419	0.0279729	-0.0476567402	-0.0654576848	0.0249466742	0.0878420697	-0.0436728065	-0.0436659529	0.0010252115	-0.0700417166	-0.0874347069	0.0338404451	-0.0178822663	-0.0145384847	0.0032870773	-0.0047949848	-0.017532159	-0.016692179	0.015059021	0.0464010135	0.007472671	-0.0081365019	-0.0031561417	0.0118915557	-0.0102249495	0.0023864952	0.0118628963	0.0057253046	-0.0029257287	0.0112447129	0.0076769036	0.0500827306	-0.0537726413	-0.0412418609	0.0273908549	-0.0078345193	-0.0394808506	0.0025305991	-0.0929107737	-0.0075843101	0.0924982391	0.0126155821	-0.0918120377	-0.0176095295	0.0908541996	0.022551377	-0.2045225770452532	-0.0139266353314582	0.0418294845212315	0.0001939511716554	-0.0965625030553098	0.0023409100125206	0.0093243169963067	5.479859686719638e-06	-0.0506119231102744	0.0050350175828342	0.0025615667609203	2.5351402059449558e-05	0.0038140495461642	-0.0001209772190734	1.4635487534757557e-08	1.4546973940595342e-05	0.003451777552295	-0.0001345162284358	1.8094615712619195e-08	1.1914768270527662e-05	0.0090111046718418	-0.0002370413452107	8.120000740688912e-05	5.6188599339345436e-08	0.0	0.0	0.0	0.0	0.0	0.0	0.0	0.0	0.0	0.0	0.0	0.0	0.0	0.0	0.0	0.0	0.0	0.0	0.0	0.0	0.0	0.0	0.0	0.0	0.0	0.0	0.0	0.0	0.0	0.0	0.0	0.0	0.0	0.0	0.0	0.0	0.0
5430.148471610667	-6.783009814439538	29486512.423735663	46.009222142783095	11298.734741833743	-29.91485408861081	127661406.76632082	894.8984951428748	5668.701461244393	4.561014791464913	20.80285592796173	32134176.256714314	6398.628523233388	6861.862286841638	0.99162	28.321733	0.0487165353659331	0.029369668046461	-0.0130473664	0.0003447904	0.0038698709	-0.0577590132	0.0174948024	-0.0083715594	0.004693158	0.013163518	-0.0073004917	-0.0658168159	0.0008224593	0.067844775	-0.0129145707	0.0016822409	0.0163761358	0.0395272817	-0.0579833079	-0.020558468	0.0051974428	0.0073981652	-0.0255906167	0.0207330009	-0.0808911775	-0.0413612287	0.0988610671	0.0667562585	0.0678648653	-0.0253881632	0.1450255217	-0.0372542937	0.0541820486	-0.0813941791	-0.0558025023	-0.065464481	0.0222210537	-0.1179408341	-0.1480998673	-0.1343055107	0.0098120881	-0.0714549333	-0.0677262599	-0.0284100229	-0.0095243555	-0.0545540816	-0.1467375124	-0.118128216	-0.1125114891	0.0259434666	-0.0727917081	0.0097656498	0.0135872453	-0.0077795438	-0.1035318253	-0.07101679	-0.0337110671	0.0272568233	0.1021616814	0.0905427598	-0.0106542204	0.0198196869	-0.0431650567	0.0452887265	-0.0185379408	0.0129831116	-0.0594545257	0.0058205929	0.0049007304	0.012645617	0.0097557903	-0.0121333465	-0.0335244111	-0.0012493756	-0.0219409569	0.0923450634	-0.0409293484	0.1018830253	-0.0303904373	-0.0484072919	0.015271656	0.1334727345	-0.0946700677	0.051253389	0.0448684233	0.1503429311	0.0668080279	0.0500373438	-0.0717407314	-0.0460052916	-0.0163344667	0.0671202878	0.0784334272	-0.0655606134	-0.0822296394	-7.97698e-05	0.0409076029	0.0047508435	-0.0592408976	0.1033598714	-0.052068772	-0.0235203483	0.0294318813	-0.0612661781	-0.0921490877	0.1470539204	0.0244478198	-0.0480732968	0.1120452218	-0.0165209828	-0.0039549146	0.0031323238	-0.0315114529	-0.0228345157	0.0106228047	0.0224449578	0.021814108	0.0146864961	-0.001836077	0.0031575466	-0.0131759364	0.0145017635	-0.0031053462	0.0113152647	-0.0093638974	-0.0254780083	0.0059181419	0.0519608582	0.0019752081	-0.0086346737	0.0113438857	-0.0128363985	-0.0391534255	0.0012654166	-0.0930140029	-0.0037953135	0.0929107737	0.0063224028	-0.0927388101	-0.0088448147	0.0924982391	0.0113606834	-0.2257081538747201	-0.0211855768294668	0.0509441707255343	0.0004488286655972	-0.0971033694020064	-0.0005408663466965	0.0094290643492225	2.925364049889149e-07	-0.0470375518593897	0.0035743712508846	0.0022125312849247	1.2776129839151018e-05	0.0038171980642857	3.1485181214998235e-06	9.913166361412776e-12	1.4571001061986495e-05	0.003720916180224	0.0002691386279289	7.243560104350468e-08	1.3845217220252763e-05	0.0088150773991146	-0.0001960272727271	7.770558955238102e-05	3.842669165286399e-08	0.0	0.0	0.0	0.0	0.0	0.0	0.0	0.0	0.0	0.0	0.0	0.0	0.0	0.0	0.0	0.0	0.0	0.0	0.0	0.0	0.0	0.0	0.0	0.0	0.0	0.0	0.0	0.0	0.0	0.0	0.0	0.0	0.0	0.0	0.0	0.0	0.0
5432.068590076716	1.9201184660487345	29507369.16729804	3.686854923661344	11328.520028873363	29.785287039620016	128335366.04458494	887.1633240325561	5656.02840390284	-12.67305734155252	160.60638238227827	31990657.30575571	6377.513085968056	6753.762720494239	1.012175	28.908783	0.0817984138994283	0.0369388595473487	-0.0139402737	-0.0061915872	-0.003972368	0.0561842551	-0.0504796606	-0.0411508354	0.0010681287	-0.012549338	-0.0230158719	0.0701839398	-0.1055642047	0.0742426402	-0.0051984924	0.0153608109	-0.0091220055	0.0172034525	-0.058095711	-0.0412789324	0.0056140424	0.0214846159	0.0163755189	-0.0409617028	0.0053931257	-0.075567534	-0.0260195246	0.110643414	0.0509130091	0.1219619609	0.0188683056	0.1337788694	-0.063677847	-0.075594684	0.0634420123	0.0369533982	0.0016470556	0.0463107338	-0.0079872269	0.1925946947	0.0057376365	-0.0120454488	-0.000327298	-0.0412885371	0.0546886674	0.004993027	0.0579865489	0.003156918	0.0753568124	-0.0194638929	0.0026888639	0.1090251547	0.0351665548	-0.0512488691	0.0177774526	0.0720278644	0.0495300363	-0.0127910412	-0.0816056696	0.0625906271	0.083895266	0.0070953277	-0.0133882053	0.0678825811	0.0858234341	-0.1130755184	-0.0414706938	-0.0594218434	0.0085565972	-0.0221066301	0.003902691	0.032240503	-0.0709046476	-0.0152198998	0.0039345522	-0.0442831283	0.0551973715	0.0017844923	-0.0408833177	-0.0219594372	-0.0052431428	-0.0406545275	-0.1080803071	-0.1367191737	-0.0814166877	-0.0095596503	-0.0252714247	-0.0538322416	0.0639743952	0.0189068273	0.0348881472	-0.0702169806	0.093763643	0.0292023021	0.0249704094	-0.0173476226	-0.0139745118	0.0413695481	0.0105234666	-0.0062107771	0.0946795553	0.0381650073	-0.0541195181	-0.0641453656	-0.0142013975	-0.1469304998	-0.0562266385	-0.1204454586	-0.0469265237	-0.0195033222	-0.0032818617	0.0042281153	-0.0394403002	-0.0211183126	0.0097669197	0.0223706599	0.0340142124	-0.0069839751	0.0062794191	0.0072327796	0.0140512362	0.0340533858	0.0050883317	0.0084988169	-0.0677442755	-0.0251856576	0.0248629773	0.058268646	0.0133586002	-0.0105141791	0.04981882	-0.0848185545	0.0656604453	0.0	-0.093048421	-0.0	0.093048421	0.0	-0.093048421	-0.0	0.093048421	0.0	-0.2124696683758173	0.0132384854989028	0.0451433599797297	0.0001752574983046	-0.0847486517278781	0.0123547176741282	0.0071823339696931	0.0001526390488074	-0.0252127231942225	0.0218248286651672	0.0006356814108684	0.0004763231462639	0.0036188474049503	-0.0001983506593354	3.9342984058787903e-08	1.309605654031552e-05	0.003475977410364	-0.00024493876986	5.999500098053008e-08	1.208241895736082e-05	0.0090593956111438	0.0002443182120292	8.207264883921155e-05	5.969138872914517e-08	0.0	0.0	0.0	0.0	0.0	0.0	0.0	0.0	0.0	0.0	0.0	0.0	0.0	0.0	0.0	0.0	0.0	0.0	0.0	0.0	0.0	0.0	0.0	0.0	0.0	0.0	0.0	0.0	0.0	0.0	0.0	0.0	0.0	0.0	0.0	0.0	0.0
5449.285478931081	17.216888854365607	29694712.230889145	296.4212618235787	11332.392165826292	3.8721369529284857	128423112.20008112	14.993444582234298	5669.752926135502	13.724522232661911	188.3625105148311	32146098.243422087	6391.824860497619	6813.6677280313	0.911529	26.034233	0.1077560228803313	0.0512416238931437	-0.0145477924	-0.012475211	-0.0374518756	0.0176179652	-0.0169972845	0.0140751732	-0.0062302552	-0.0222224876	0.0193353708	0.1077786659	-0.1309782244	-0.0034907779	-0.0133297771	-0.0025127729	0.0026034884	0.0275328518	-0.0498698157	0.0002946966	-0.0629335684	-0.0460366984	0.0143618756	0.0328523777	-0.083331228	0.050253688	-0.1211143106	0.106829039	-0.0228087159	-0.0931706508	-0.014557403	-0.0218383773	-0.0023441989	0.0675190158	0.0493259789	0.0287335011	-0.0231662341	-0.0919527588	0.0235861197	0.0635891718	0.0525441678	-0.004277231	-0.0681204087	-0.0315965435	0.0589857228	-0.0753414705	-0.0886641006	0.0912365599	0.0334698259	0.0790337178	0.0514672498	0.0182299816	0.1346026871	-0.0177273835	0.0044195806	0.1848890564	0.0553956925	-0.0043946276	-0.0330032258	0.0872465054	-0.0649079481	0.0732286171	-0.0044885038	0.0348506104	0.1234282232	0.1305397523	0.0371217934	0.118991681	-0.0040760476	-0.0149433245	-0.0019010361	0.0393751537	-0.1018477328	-0.0081762591	0.0236776282	-0.0871602756	-0.0462709786	-0.0546881036	0.019170735	-0.0192916613	0.0238961681	0.0870686468	-0.0938808931	0.1274384711	0.1032466662	-0.079529478	-0.0009274623	-0.0444664642	-0.0629083698	0.0064363046	1.91248e-05	0.0088537522	-0.0520524847	-0.0680874986	0.0806417394	0.0107567781	-0.0137210572	-0.0376286161	0.1532027053	0.0098643173	0.1257359805	0.0901905845	0.0031445433	-0.026454297	-0.0517259034	-0.1393296166	-0.0377513466	0.0286303103	0.0552182909	-0.0156802613	-0.0029904239	0.0112341765	-0.0553403023	-0.0264308769	0.0132000874	0.011443749	0.0618888378	0.016565258	0.0174051586	0.0007681093	0.0062126015	0.0482483563	-0.0145275122	0.0085768073	0.0074198237	-0.055028086	-0.0045428997	0.0775026979	0.0339075589	0.0233194003	-0.0096437334	-0.0537595399	-0.0278613349	-0.0012654166	-0.0930140029	0.0037953135	0.0929107737	-0.0063224028	-0.0927388101	0.0088448147	0.0924982391	-0.0113606834	-0.2466102802175669	-0.0341406118417496	0.0608166303089868	0.001165581376929	-0.1134698728243535	-0.0287212210964754	0.0128754120387749	0.0008249085412726	-0.0032989428868361	0.0219137803073864	1.08830241706065e-05	0.0004802137673603	0.003981102909683	0.0003622555047327	1.3122905070914338e-07	1.584918037748645e-05	0.0035440656596952	6.808824933119979e-05	4.636009696987628e-09	1.2560401400230772e-05	0.0090301311725133	-2.926443863049931e-05	8.154326899279644e-05	8.564073683582602e-10	0.0	0.0	0.0	0.0	0.0	0.0	0.0	0.0	0.0	0.0	0.0	0.0	0.0	0.0	0.0	0.0	0.0	0.0	0.0	0.0	0.0	0.0	0.0	0.0	0.0	0.0	0.0	0.0	0.0	0.0	0.0	0.0	0.0	0.0	0.0	0.0	0.0
5439.987299903545	-9.298179027536207	29593461.823111866	86.45613322811417	11339.519569864078	7.127404037786619	128584704.0753304	50.799888317857	5665.497159349236	-4.255766786265667	18.111550939082004	32097858.06259427	6393.181028440091	6804.5364497536975	0.947422	27.05937	0.0543224948219668	0.0321989857166733	0.0053850837	0.0043014806	-0.0056663722	0.0653969232	-0.0537187303	-0.0549779152	-0.0087826752	0.0071816966	-0.003774867	0.0644917018	-0.068373562	-0.0262436224	-0.0595308676	0.0208670069	0.0242584353	0.052933087	-0.0680568719	0.0126858807	-0.0123967098	0.0295890574	-0.0980083587	0.0035399332	7.5922e-05	0.0256706137	-0.0077612431	0.0794718092	-0.0475139002	-0.0283193779	-0.1384354792	-0.1125579455	0.0098187662	-0.006278347	-0.0061343658	-0.0356634062	0.1021888015	-0.0389575268	0.0007788503	-0.069531461	-0.0648908501	-0.0466786418	0.0936835912	-0.0181293968	0.0468826422	-0.0623573596	0.1747981266	0.0327118899	-0.0490684161	-0.02834231	-0.0797189119	0.0212660966	0.0359395141	0.0317274851	0.0155180704	-0.0730281019	0.0508408444	0.0290902013	-0.0156994004	-0.1042813116	0.0325279738	0.0089524071	0.0402152476	0.0435328464	0.1062788274	0.0017956087	0.029013343	-0.1478349052	0.007320511	0.0116234249	0.0034477777	0.0567949341	-0.064584643	-0.0527679593	-0.0026438713	-0.0489161162	0.0081317847	0.0881896824	0.001674	0.0282436088	-0.0436483954	-0.1070801431	-0.0420344263	-0.0013128909	0.0899733554	-0.0381378862	0.0858097733	0.0258374999	-0.059815498	0.0378238428	-0.0852057044	-0.0213972197	0.0642643999	0.0410518407	0.0239490906	-0.0010488053	0.1088824703	-0.0487340764	-0.0737440265	-0.0449452356	-0.021525402	0.0348686488	0.1569291192	0.0473331567	0.0477850403	0.0074974608	0.0248504297	-0.0046560893	-0.0015195003	-0.0119133914	-0.0176715142	0.0210932405	-0.0742078497	-0.0318364699	0.0192446262	0.0008727371	0.0859152949	-0.0365295476	0.0282475839	-0.0190474493	0.0054354514	0.0445410772	-0.0106145362	0.0173975165	-0.0308370061	-0.0385720466	0.0093179821	0.0249368222	0.0025008933	-0.0168898351	0.0266276107	-0.0524173844	-0.0010145544	-0.0025305991	-0.0929107737	0.0075843101	0.0924982391	-0.0126155821	-0.0918120377	0.0176095295	0.0908541996	-0.022551377	-0.2764653913961865	-0.0298551111786195	0.0764331126398465	0.0008913276634877	-0.1071672491700042	0.0063026236543493	0.0114848192946657	3.972306492836338e-05	-0.0035398013444591	-0.000240858457623	1.2530193558234452e-05	5.801279660853064e-08	0.0040077261611801	2.662325149709998e-05	7.087975202778362e-10	1.6061868983007382e-05	0.0036461567038772	0.0001020910441819	1.042258130217107e-08	1.3294458709228648e-05	0.0092598949074617	0.0002297637349483	8.574565369723514e-05	5.2791373897438564e-08	0.0	0.0	0.0	0.0	0.0	0.0	0.0	0.0	0.0	0.0	0.0	0.0	0.0	0.0	0.0	0.0	0.0	0.0	0.0	0.0	0.0	0.0	0.0	0.0	0.0	0.0	0.0	0.0	0.0	0.0	0.0	0.0	0.0	0.0	0.0	0.0	0.0
5438.338820646858	-1.6484792566870965	29575529.128154658	2.717483859727642	11358.80059316207	19.28102329799185	129022350.915219	371.7578594177045	5664.517667872136	-0.9794914771000548	0.9594035537116474	32086760.409635585	6393.911976151831	6886.154563788461	0.97692	27.901865	0.0362535886792765	0.0246269628105244	-0.0005487264	-0.0027251093	-0.0149601507	-0.039593536	0.0160741778	-0.0520543166	-0.0095066783	0.0181193076	0.0278760116	0.0246388429	-0.0460775341	-0.0309165746	-0.0445983041	0.0176045663	0.0356087246	0.0431614517	-0.0778113469	-0.0404986807	-0.089728147	-0.0023664156	0.0200654682	0.0061947435	-0.0568051252	0.0229696084	-0.0619938645	0.0170585208	-0.043039007	-0.0406539094	-0.035789753	-0.052580749	-0.0061304829	-0.0805009718	0.0321177572	-0.0124820816	0.1041942131	-0.033474351	-0.0263726286	0.0533435663	0.021213336	-0.0823023314	0.0182132593	-0.0354078516	0.0753951987	-0.1012874239	0.0421259429	0.0232863223	-0.0334452714	0.0911367291	0.0984638531	-0.0166954717	0.0171771685	-0.0433406347	0.0258400318	-0.1272732077	0.0431534045	0.0604555564	-0.0541848483	-0.008617929	-0.0120168308	0.0304089	0.03447756	-0.0478490373	0.0055631301	-0.0341182092	0.0802644314	-0.0289891156	0.0117942551	0.0168763086	0.0034352988	0.0101091748	-0.0845444891	-0.0620570904	-0.0333509061	0.0024144139	-0.0802058985	0.024644929	-0.0034563763	-0.0771200455	-0.0447075574	0.0106100481	0.0440812225	0.0197930414	0.0158738897	-0.0800339035	-0.0207801826	0.0175141616	-0.106559842	-0.0933367468	-0.1369839099	0.0404337501	0.0690143969	0.0067110768	0.0066371703	-0.079338075	0.0921693169	-0.0650371981	-0.0359646089	0.0089505431	0.049163677	0.0193030685	-0.0087687277	0.0734823503	0.00526964	-0.0440126539	0.0651152419	0.0329695469	0.0282069759	-0.0166200969	-0.0175071235	0.0170400849	-0.0716065113	-0.0381142552	0.0191784992	-0.0039516977	0.0826312829	0.0015063726	0.0206059817	-0.0158742194	-0.0162610059	0.0394050529	-0.0131186965	0.036393018	-0.0228105929	-0.0507902019	-0.0078823207	0.0540741973	-0.0113694591	-0.0357600336	-0.0104396168	-0.0011847973	-0.0718321619	-0.0037953135	-0.0927388101	0.0113606834	0.0918120377	-0.0188504498	-0.0902742713	0.0262147696	0.0881357445	-0.0334046344	-0.2780244547963377	-0.0015590634001512	0.0772975974648008	2.4306786856910742e-06	-0.1302812709862735	-0.0231140218162693	0.0169732095697988	0.0005342580045229	-0.0035995438827001	-5.974253824099973e-05	1.295671616348371e-05	3.569170875477315e-09	0.0040629269579399	5.520079675979967e-05	3.0471279629167104e-09	1.650737546555477e-05	0.0038204162684276	0.0001742595645504	3.036639583729513e-08	1.4595580464066268e-05	0.0092589400502796	-9.548571821005325e-07	8.57279708546716e-05	9.117522382089694e-13	0.0	0.0	0.0	0.0	0.0	0.0	0.0	0.0	0.0	0.0	0.0	0.0	0.0	0.0	0.0	0.0	0.0	0.0	0.0	0.0	0.0	0.0	0.0	0.0	0.0	0.0	0.0	0.0	0.0	0.0	0.0	0.0	0.0	0.0	0.0	0.0	0.0
5439.982784129247	1.6439634823891538	29593412.6916226	2.7026159314290736	11337.430534518497	-21.37005864357343	128537331.12503237	456.6794064297674	5664.828124526401	0.3104566542642715	0.0963833341769654	32090277.680425297	6395.357494139403	6865.968129017955	0.8642809999999999	24.684778	0.0772410983304036	0.0411228688880526	0.0048637194	0.0109424206	0.0167977594	0.0151314616	-0.0391007165	-0.1115158735	-0.0101914846	0.0079721679	-0.0129102086	-0.0439233592	-0.0321087739	0.0796110247	0.0591761831	0.0177727539	0.0293256457	0.0523347862	-0.0643639928	-0.0125132548	-0.0279738076	-0.0604015003	-0.0678049426	-0.016871018	0.0220924801	0.0286314768	0.0413434432	0.0684475668	-0.2079366008	-0.054090825	-0.0007771413	0.0153176654	0.0389911769	-0.0679264093	0.0613539054	0.150708962	0.01389631	0.0613600271	-0.0707090538	0.0102450241	-0.0335852526	0.0075331507	0.0210111749	0.0301853845	-0.105709469	-0.0829993309	-0.0399682837	-0.0247471493	-0.0171283966	0.0669533026	0.0661643876	-0.049086413	-0.0151164733	-0.1648767341	0.0190480902	0.0501775365	-0.0058296305	0.0616077706	0.1979599503	-0.1613225005	-0.085723521	-0.0518888657	-0.0704247786	0.0247497873	-0.0896078658	-0.0703043846	-0.0446103725	-0.0212182133	0.0022077791	0.0200555852	-0.0047070451	-0.002712336	-0.0921618379	0.0148638879	-0.0293775347	0.0929324799	0.0525515887	0.0325971083	0.031696351	0.0052544251	-0.1006790763	-0.0668618604	-0.0238856255	-0.0274245044	0.014101669	-0.0082915847	-0.0221898026	-0.1094101015	-0.1415154229	0.0142919143	-0.0540643706	0.0643754645	-0.0008726767	-0.0745534698	-0.0381375785	-0.0430842854	-0.064004431	-0.1758790048	0.0067926687	0.0372004447	-0.1045467823	0.0726997825	-0.0468308028	-0.1003107398	-0.0932587189	-0.035049116	-0.0064492833	0.0117232205	0.0278091266	-0.0161048353	-0.0240794275	0.0275077063	-0.0820224114	-0.0311404032	0.0197798918	0.0019621135	0.079893114	-0.0374312374	0.0188221228	-0.0265580098	-0.0010893586	0.0559160945	0.0027995349	0.0360777688	-0.1142889885	-0.0043822379	0.0166708957	0.0315378461	-0.0464514447	-0.0701034411	0.0244837577	-0.0114831749	-0.0282071588	-0.005059326	-0.0924982391	0.0151181479	0.0908541996	-0.024998187	-0.0881357445	0.0345826047	0.0843750214	-0.0437580584	-0.2521087535982076	0.02591570119813	0.0635588236408417	0.0006716235685907	-0.1051817812821838	0.0250994897040897	0.0110632071136931	0.0006299843834057	-0.022588955918664	-0.0189894120359639	0.0005102609294953	0.0003605977694716	0.0040743104436283	1.1383485688400316e-05	1.2958374641801478e-10	1.6600005591058636e-05	0.0039529756798142	0.0001325594113865	1.7571997547161773e-08	1.5626016725202534e-05	0.0092581530395102	-7.870107693996181e-07	8.571339770299197e-05	6.193859511509788e-13	0.0	0.0	0.0	0.0	0.0	0.0	0.0	0.0	0.0	0.0	0.0	0.0	0.0	0.0	0.0	0.0	0.0	0.0	0.0	0.0	0.0	0.0	0.0	0.0	0.0	0.0	0.0	0.0	0.0	0.0	0.0	0.0	0.0	0.0	0.0	0.0	0.0
5432.162180253341	-7.820603875906272	29508385.95257473	61.16184498384021	11294.919281628669	-42.51125288982803	127575201.57850708	1807.206622262912	5664.950443952322	0.1223194259209776	0.0149620419576375	32091663.532435607	6389.96906747448	6851.937856933726	0.8226339999999999	23.495298	0.0758523372420936	0.0387296643607687	0.0013735508	0.0092709831	-1.63253e-05	0.0029774628	0.0231408378	-0.007139451	-0.0097804982	0.0296571116	0.0075266185	-0.0247894872	-0.0330080439	-0.015190181	0.0397084797	-0.0026781658	0.0106195623	0.0189088362	-0.0320580287	-0.0183126636	0.0036838777	0.05962493	-0.0206712429	0.0538762489	-0.0405111531	-0.0494611132	0.0259685427	0.0298352821	-0.0293899053	0.0080195277	-0.0025376859	0.0774317456	-0.0692765634	0.0305661521	0.0686564952	0.0231976391	0.0922878491	0.0089605347	0.054113905	-0.0492143908	-0.0812640169	-0.0495621653	0.0555015562	0.0182862101	0.0939033273	-0.0965689616	-0.1220961903	0.0355230134	-0.0483279454	-0.0229802399	0.151307658	-0.1420818911	0.0212780904	0.0190056117	-0.0633304248	-0.0132866589	0.0296526652	0.0252839113	0.0740279408	-0.1113703779	0.0003976425	-0.2096364634	0.0214682798	0.039454062	-0.0993659491	-0.0581735648	-0.0243071172	-0.045717521	0.0021026256	0.0174823992	0.0032870675	-0.0268861336	0.0035180301	-0.0687090816	-0.0606286944	0.0495863637	-0.0293372393	0.0166201014	-0.0111918167	-0.0603635537	-0.0407027137	0.0002009635	-0.042157228	0.0198322558	0.0586677525	0.0441990675	-0.0288399898	-0.0708944736	-0.1028131619	-0.0881871317	-0.0053405384	0.0140554102	0.1106758726	-0.0967691039	-0.0008055126	-0.0408330989	-0.0688872213	-0.0101615115	0.0147946903	-0.1017037704	-0.002166619	-0.0102148252	0.0790307994	-0.0082933866	-0.0317806653	-0.1377209157	-0.0755658084	0.089868351	-0.010652472	-0.0178920369	-0.0169037932	0.0214488464	-0.0772525365	-0.028039634	0.0174343799	-0.0127889863	0.0839001296	0.0005466613	0.0184143382	-0.0171104174	-0.0005325115	0.0109263553	-0.0323213153	0.0248295233	0.0308264821	-0.0315648481	-0.004502122	0.0279715326	-0.0280135795	-0.0195587961	-0.0315563712	-0.0008571687	-0.1126330534	-0.0063224028	-0.0921892388	0.0188504498	0.0896275589	-0.0310303776	-0.0854106889	0.0426372543	0.0796165037	-0.0534567308	-0.2704826057268263	-0.0183738521286186	0.0731608400007737	0.0003375984420443	-0.1280966374803682	-0.0229148561981843	0.0164087485337768	0.0005250906345834	-0.0091481153563535	0.0134408405623105	8.368801457315074e-05	0.0001806561950214	0.0040489882135425	-2.5322230085799736e-05	6.412153365181812e-10	1.639430555340609e-05	0.0043488631261892	0.000395887446375	1.567268701973189e-07	1.8912610490328105e-05	0.0092569069489114	-1.2460905988009169e-06	8.569032626080415e-05	1.5527417804200276e-12	0.0	0.0	0.0	0.0	0.0	0.0	0.0	0.0	0.0	0.0	0.0	0.0	0.0	0.0	0.0	0.0	0.0	0.0	0.0	0.0	0.0	0.0	0.0	0.0	0.0	0.0	0.0	0.0	0.0	0.0	0.0	0.0	0.0	0.0	0.0	0.0	0.0
5428.8221033026175	-3.3400769507234145	29472109.42930705	11.156114036753822	11319.338254967515	24.418973338846627	128127418.53037104	596.2862589233024	5654.763582364664	-10.186861587657404	103.77214900608992	31976351.17243765	6389.799210606887	6846.243212360027	0.8830449999999999	25.220692	0.0901258401383804	0.0452538137594295	0.021834084	0.0227022554	0.0189092579	0.002753022	-0.0666116529	-0.1405550461	-0.024350373	0.0201035803	-0.0156512771	0.0149930602	-0.095525394	0.1043618307	0.025625473	0.0038183343	0.0684474104	0.0822734064	-0.1283141232	-0.0234766665	-0.0293715363	-0.0794725933	-0.0141240042	-0.1040443861	-0.0457123277	0.06460797	0.0158949168	-0.0146355475	0.0268221012	0.0015124683	0.0605485958	-0.0224668157	0.0055289524	0.0893799138	-0.0348370313	0.0034670925	0.1159356785	0.0049132058	0.0174705564	-0.0301497508	-0.0929442961	-0.0540645714	-0.1188220143	-0.0323868345	0.0515990907	-0.074744914	-0.0167189505	-0.0849594561	0.0170364614	0.0435463665	-0.05518137	-0.0499705154	-0.0789782915	0.0904179126	-0.0082385368	0.1515568912	0.0927637548	-0.0463097629	0.0530925376	0.0687372178	-0.0407770432	-0.0746745192	0.0419206798	-0.0024883053	-0.0972745262	0.0295074757	-0.0187102356	-0.0275440701	-0.0076994954	0.0500376375	-0.0019259181	0.0344478848	-0.1468256654	-0.0212226744	-0.009743	0.0939526445	0.0200571237	-0.005052136	0.0315302787	-0.0197941952	-0.0561104293	0.0636770671	-0.0208127342	-0.0421897914	0.0740636143	0.0084859964	0.0750961667	-0.0791731422	-0.0312917356	-0.046574854	-0.0343716563	0.1139599738	0.0899091573	-0.0332428956	0.0070473485	-0.00980723	0.0397208505	0.0124967586	-0.006364662	-0.0036132137	-0.0775165164	0.0122503344	-0.0685871695	0.1169269704	0.0383813059	0.0458215843	-0.0383758062	-0.0382586373	-0.0806302868	-0.0123415735	-0.0461739381	0.0393755655	-0.1173769922	-0.0572415264	0.0247800062	-0.0235751853	0.1055843552	-0.0348756032	0.0584254041	-0.0093093334	0.0182642997	0.0578899836	-0.0024305153	0.0147187816	-0.1231501821	0.0004709566	0.0203627391	0.036949161	-0.0468891298	-0.0743790342	-0.006405264	-0.0297514187	-0.0350879216	-0.0075843101	-0.0918120377	0.022551377	0.0881357445	-0.0369191397	-0.0821172393	0.0503057744	0.073916464	-0.0623555305	-0.3044415647497374	-0.033958959022911	0.0926846663472685	0.0011532108979197	-0.1324939595601364	-0.0043973220797682	0.017554649319923	1.9336441473216937e-05	-0.0020032018201874	0.0071449135361661	4.012817532402112e-06	5.1049789439289566e-05	0.0039451264201843	-0.0001038617933582	1.078727211958155e-08	1.5564022471236188e-05	0.0047871016574505	0.0004382385312612	1.9205301028206085e-07	2.291634227876532e-05	0.0096072995342826	0.0003503925853712	9.230020434142668e-05	1.227749638831143e-07	0.0	0.0	0.0	0.0	0.0	0.0	0.0	0.0	0.0	0.0	0.0	0.0	0.0	0.0	0.0	0.0	0.0	0.0	0.0	0.0	0.0	0.0	0.0	0.0	0.0	0.0	0.0	0.0	0.0	0.0	0.0	0.0	0.0	0.0	0.0	0.0	0.0
5438.314943321751	9.492840019133835	29575269.422756664	90.11401162886892	11324.217442726602	4.879187759086562	128237900.69015342	23.80647318842015	5666.55682130327	11.79323893860601	139.080484663053	32109866.209058624	6389.626235293506	6822.72907266967	1.012735	28.924784	0.0684748238612545	0.0353822307758777	0.0086698396	0.012056283	-0.0150879864	0.0428414554	0.0278857677	0.0514876393	-0.017665502	0.0083478625	-0.0030772217	0.0726006372	-0.0628669171	-0.0424337515	0.0090788233	0.0166835958	0.0296959771	0.0162156556	-0.07816329	-0.0357091838	0.0568347977	0.0713899203	-0.0437491833	0.0579893586	-0.0453573121	-0.0393330231	-0.1028103124	0.0740374153	-0.0314429606	-0.0163109672	-0.0890536592	0.0281541707	0.1013995866	0.0276876203	0.1041165662	-0.0796004517	0.0086062648	0.1323401617	0.0280703474	-0.0514120674	-0.0622571723	0.0998125328	-0.0806128763	0.0685170405	0.0790728421	0.0366995978	0.0314701345	-0.0450536204	0.1041437183	-0.0221087254	-0.0562778392	-0.0370978261	0.0261867796	0.0839033259	-0.0604736476	-0.0220727504	0.0891692869	0.0290778319	-0.0370580556	-0.0268685865	0.0410460374	0.0051452477	-0.0895653814	-0.0051559669	-0.0263536216	-0.0146118651	-0.0579808391	0.0331209439	0.0101648183	0.0182953895	0.0115653574	0.0213575068	-0.0178405471	-0.1297060683	-0.0184975355	-0.0530480858	-0.0319456502	-0.0163719878	0.0054042666	-0.0047116265	-0.0603202804	-0.0290173597	-0.0868260649	0.0221099003	0.0636308013	-0.0030055852	-0.0722174198	-0.0794909436	0.052165292	-0.0912497773	0.0093955135	0.027850185	0.0328951547	0.030171706	-0.0388631173	-0.0429452592	0.0048696848	-0.0572640715	-0.0172653909	-0.1021823057	0.0647991274	-0.018699828	0.0381746964	0.0917463527	0.0253314208	-0.0620085069	-0.042816879	0.0293898803	0.0847839532	-0.0182318454	-0.0218390186	0.0254169684	-0.0924402725	-0.0304477024	0.0126607289	-0.0346789784	0.082659413	-0.0301775351	0.0320409765	-0.023376324	0.01678566	0.0298727306	-0.0530123876	0.0126474638	0.038002326	-0.083542776	-0.0297861551	0.0734136897	0.0315321143	0.003262663	-0.038196378	-0.0603217335	-0.0038827977	-0.0088448147	-0.0913669149	0.0262147696	0.0863831703	-0.0426372543	-0.0782773129	0.0575187176	0.0673423095	-0.0703213046	-0.2820744320417674	0.0223671327079699	0.0795659852116856	0.0005002886255759	-0.1144978096546793	0.0179961499054571	0.0131097484157191	0.0003238614114196	0.0008180653907601	0.0028212672109474	6.692309835594751e-07	7.959548675567484e-06	0.0040004571383444	5.53307181601001e-05	3.061488372112431e-09	1.6003657315730667e-05	0.0045958870777704	-0.00019121457968	3.656301548223708e-08	2.112217803161695e-05	0.00986655971718	0.0002592601828973	9.734900065267908e-05	6.721584243599297e-08	0.0	0.0	0.0	0.0	0.0	0.0	0.0	0.0	0.0	0.0	0.0	0.0	0.0	0.0	0.0	0.0	0.0	0.0	0.0	0.0	0.0	0.0	0.0	0.0	0.0	0.0	0.0	0.0	0.0	0.0	0.0	0.0	0.0	0.0	0.0	0.0	0.0
5441.050146046324	2.7352027245724457	29605026.69179072	7.48133394450853	11337.731358742229	13.51391601562682	128544152.3630069	182.62592607741504	5670.023029020293	3.466207717022371	12.01459593754544	32149161.14962045	6396.846237239909	6841.234890445519	0.941619	26.89365	0.054357261067147	0.0277923819660715	0.0275095822	0.0255448313	0.0032834852	-0.0037332177	-0.0446389153	-0.063580476	-0.0419031704	-0.0019738774	-0.0515343524	0.0712506157	-0.1254600853	0.046005726	-0.0540226269	-0.0024966245	0.0625651638	0.0879255677	-0.1189337187	0.0074659574	-0.0533731847	0.0475033423	-0.1169494081	0.0514433379	0.0263544009	0.0664877935	-0.0999251703	0.0782616871	-0.0518067654	0.0701682412	0.0199293344	-0.0673281575	0.088337503	0.078346385	0.0328965762	0.0941898409	0.0482368662	-0.0370157579	0.0279644413	0.0407114011	-0.0715483605	-0.0419400513	-0.0051946512	0.0037024839	0.0279980339	0.0362379316	-0.0298957739	0.0664128777	-0.1149033668	-0.0716725013	0.0317872559	-0.0129393543	-0.081298708	0.0697518268	0.0848961364	-0.0544380601	0.0012466769	-0.0235454379	-0.0803931137	0.0913533125	0.0670175205	0.107133543	0.05246363	-0.1283841876	-0.0933434231	0.0155409806	0.0778622979	0.0948526727	-0.0182077039	0.0355660557	-0.0164544241	0.0679811201	-0.1365091865	-0.0278301826	-0.0313417739	-0.067302544	-0.0172479361	0.0714984131	0.0318343021	0.0657997202	-0.1280009712	-0.0216664702	-0.0906259268	-0.0123576108	0.0678915116	0.0046465162	0.0002822372	-0.1413619679	0.0342841084	-0.022280883	-0.0085557476	0.0140903445	-0.0810077146	-0.1074701068	0.0495654204	-0.0002898474	0.0146869376	-0.0135163405	-0.0392823888	-0.0221321148	0.0085068333	-0.0772454332	0.0233338551	-0.0286009751	0.063425175	-0.0478890228	-0.0142898748	0.0598375556	0.0101139392	-0.005831632	-0.0458626537	0.0519401976	-0.1231484055	-0.063949366	0.0072159214	-0.0254165443	0.0893930917	-0.0178635012	0.0417001744	-0.0234112458	0.0308959212	0.0744801286	-0.0004415175	-0.0146604121	-0.1240194049	-0.052108756	0.011395475	0.0852701997	0.0304785083	-0.0225823657	-0.0355183886	-0.0359358146	0.0582083664	-0.0101036834	-0.0908541996	0.0298345303	0.0843750214	-0.0481582911	-0.073916464	0.0642107624	0.0599717842	-0.0772348614	-0.2588554891518413	0.023218942889926	0.067006164264039	0.0005391193089256	-0.1148070516883592	-0.0003092420336798	0.0131806591173735	9.563063539447636e-08	0.000452581643124	-0.0003654837476361	2.048301436928197e-07	1.335783697861285e-07	0.004229209862995	0.0002287527246506	5.2327809035073417e-08	1.788621606525419e-05	0.004754044060143	0.0001581569823725	2.501363107320675e-08	2.260093492578094e-05	0.0096441975762851	-0.0002223621408949	9.30105468904234e-05	4.944492170336344e-08	0.0	0.0	0.0	0.0	0.0	0.0	0.0	0.0	0.0	0.0	0.0	0.0	0.0	0.0	0.0	0.0	0.0	0.0	0.0	0.0	0.0	0.0	0.0	0.0	0.0	0.0	0.0	0.0	0.0	0.0	0.0	0.0	0.0	0.0	0.0	0.0	0.0
5441.51592481006	0.4657787637361252	29610095.559961483	0.2169498567475531	11346.649931615711	8.918572873482844	128746464.67063484	79.54094209962405	5667.6812356972905	-2.341793323002093	5.483995967657187	32122610.58947517	6393.583703032721	6789.986990984264	1.29984	37.124817	0.3810226882425392	0.2304942480375801	-0.0362015353	-0.0187881779	-0.0329003384	0.1146546208	0.000602412	0.0458351749	0.0502070876	-0.0298018039	0.0082124677	0.1362584129	-0.0059288725	-0.0346022374	-0.0770062145	0.0560105607	-0.0305085052	-0.021475959	-0.0278445746	0.0213242194	0.1387980807	-0.0017299662	-0.0625692926	-0.0776295773	-0.0827422268	-0.0033534679	-0.1277703773	-0.1240748746	0.0851227748	0.0773511318	-0.029781654	-0.0554203472	-0.0955002503	0.2133285941	-0.0555386257	-0.0397223087	0.0007492892	-0.056862659	0.10452479	-0.0194633856	0.0975502467	0.0461185134	-0.11673819	-0.0902480564	-0.0447484916	-0.0399799111	-0.0453677537	0.0657516812	0.0527642552	-0.0720929177	0.0667551151	-0.040639342	-0.1138436567	-0.0734213697	0.0290352157	-0.0120139105	-0.0165295266	0.0644940965	-0.097857364	-0.0969540277	-0.146601439	0.0420895002	-0.077353039	-0.0849392484	-0.0314630974	0.1794673717	0.0132362964	-0.1052120195	0.0374470766	-0.040318694	0.0381762951	0.0847006196	0.0201793695	-0.1129702954	0.06203813	-0.0559060946	0.0916409419	-0.0018857568	0.0988910173	0.0532592622	0.0847605511	-0.0424631255	0.0111064988	0.0610901024	0.1045728761	-0.0333465344	-0.0352824821	-0.135504094	0.0951105626	-0.0333831992	-0.0719359129	-0.0329556542	-0.0357733879	0.0532719749	0.0548425948	0.1433295889	-0.0160884239	0.2503576854	-0.0533231924	-0.0474017253	0.0461338946	-0.0012381146	-0.032589187	0.0728404105	-0.0056567093	0.0480586952	0.0421286375	0.0289014239	-0.006498511	-0.0331067614	0.0287359693	-0.0168262539	-0.0306688965	0.0435795176	-0.0210652901	0.0239758937	0.00160585	-0.14183228	0.044130842	-0.0514158652	-0.0135448315	0.079242188	-0.0550775765	0.0902859395	0.0907232654	-0.0832953939	-0.0017845913	-0.0772793004	0.0078458879	0.0085875362	-0.0225576329	-0.0616679169	0.0714509106	-0.0113606834	-0.0902742713	0.0334046344	0.0821172393	-0.0534567308	-0.0690637132	0.0703213046	0.0518920499	-0.0829927534	-0.0836117639331632	0.1752437252186781	0.006990927068015	0.0307103632285195	-0.0969373926629515	0.0178696590254077	0.0093968580962912	0.0003193247136843	0.0370937781230225	0.0366411964798985	0.00137594837544	0.0013425772794785	0.0042606608407052	3.1450977710199834e-05	9.891639989274867e-10	1.8153230799518746e-05	0.0024200252560717	-0.0023340188040712	5.447643777758421e-06	5.856522240024897e-06	0.0103040899448747	0.0006598923685896	0.000106174269592	4.354579381227929e-07	0.0	0.0	0.0	0.0	0.0	0.0	0.0	0.0	0.0	0.0	0.0	0.0	0.0	0.0	0.0	0.0	0.0	0.0	0.0	0.0	0.0	0.0	0.0	0.0	0.0	0.0	0.0	0.0	0.0	0.0	0.0	0.0	0.0	0.0	0.0	0.0	0.0
5440.297963095019	-1.2179617150404738	29596841.927255817	1.4834307393043322	11333.355833715324	-13.294097900386989	128444954.45360918	176.7330389850737	5666.368883933984	-1.3123517633066513	1.7222671506540768	32107736.328815263	6378.960367558447	6897.96237419079	1.340682	38.291298	0.232320620084602	0.1456198823479333	-0.108791978	-0.0721418188	-0.0320020942	-0.0495995512	0.1023528578	-0.0219431384	0.1326385652	-0.0392391693	0.0150837938	-0.0422253906	0.0142555183	0.0148004521	0.0524296098	0.0831761032	-0.130073865	-0.0411442848	0.0180560795	0.0524805327	-0.000792247	-0.0457549867	0.0567531473	-0.0025278295	0.041209713	-0.0339474499	0.0744430021	-0.0041568717	0.0237768113	-0.0071279868	-0.0332828698	-0.0643608194	0.0171742116	0.0084312471	-0.0034989899	0.050558358	-0.0785895284	-0.0804948966	0.1109600303	0.1061081585	-0.000221813	0.0293512814	0.0962719415	0.032074698	-0.0126630856	-0.1054296761	0.0208274992	-0.1154378704	-0.0587318776	0.0394656097	-0.0334485773	0.0044541876	-0.012849634	0.0396458708	-0.0564945011	-0.012199082	-0.0918131318	-0.1979358879	0.0808500291	0.0021586482	-0.0237830756	0.1058303402	-0.0849870983	-0.0781826074	0.0179759543	-0.0525288278	-0.0522282761	0.0590367953	0.0770947534	-0.1199144911	0.0222910622	0.0092856009	0.0507655403	0.0974870315	-0.0254151542	0.0331345207	-0.0218891817	-0.0149421735	-0.0815157574	0.0049290721	0.0370295204	-0.0347230436	0.0325830387	0.0046355722	0.0241257269	-0.0311868287	-0.0560344491	0.0278688937	0.0087860349	0.0101409007	-0.1085271317	0.0214234342	-0.0989183374	0.0470859861	0.0851036444	0.037738897	-0.0532135204	0.0949960921	-0.0709813825	0.0005171666	-0.0692813105	0.0383975987	0.0350600745	-0.0263127241	-0.0889158241	0.0224028491	-0.0022227998	0.0931181146	-0.105672234	-0.0681173438	0.0902555712	-0.0613836544	0.0520981632	0.0912885609	-0.050383402	0.0135674602	-0.0293375821	0.0559550696	0.087150465	0.0584173527	-0.0225195473	-0.016177864	-0.0122434927	0.0487879843	0.0357256535	-0.0032151357	-0.0312248359	-0.083737824	-0.0115928202	-0.0268578092	-0.0330614631	0.0602415529	-0.0702413164	-0.0126155821	-0.0896275589	0.0369191397	0.0796165037	-0.058508083	-0.0637513548	0.0757950062	0.0431986551	-0.0875088252	0.053226168467404	0.1368379324005672	0.0028330250097204	0.0187246197436622	-0.0925059405320638	0.0044314521308876	0.0085573490337217	1.9637767988349065e-05	0.0766513260824197	0.0395575479593972	0.0058754257901934	0.00156479960056	0.0037721351833892	-0.000488525657316	2.386573178560302e-07	1.4229003841762671e-05	0.0028876649395186	0.0004676396834468	2.1868687353431682e-07	8.338608802924959e-06	0.0103777983559868	7.370841111209968e-05	0.0001076986987175	5.432929868670299e-09	0.0	0.0	0.0	0.0	0.0	0.0	0.0	0.0	0.0	0.0	0.0	0.0	0.0	0.0	0.0	0.0	0.0	0.0	0.0	0.0	0.0	0.0	0.0	0.0	0.0	0.0	0.0	0.0	0.0	0.0	0.0	0.0	0.0	0.0	0.0	0.0	0.0
5436.151372477288	-4.1465906177318175	29551741.744486697	17.194213751061536	11308.62864965322	-24.727184062105152	127885081.9357576	611.4336316412271	5657.648085615452	-8.720798318531706	76.05232331250544	32008981.86066819	6373.384396358485	6822.193707781271	1.121101	32.019836	0.2002000531837364	0.0964520978576816	-0.0475094906	-0.0191860417	0.0208406242	0.012395691	-0.045276549	-0.0238282142	0.0464076099	0.0068935824	0.0265907535	-0.0917811561	0.008838482	0.0163222094	0.0051883727	0.0332685928	-0.0420189289	0.0170263408	0.0021576023	0.0094789452	0.0175688863	-0.0168733635	0.052716314	-0.0689874878	0.0067569874	0.0286296713	0.1443296289	0.0444675403	0.0455503818	-0.0171609438	-0.0557992089	0.0132949081	-0.0481397111	0.1071753637	-0.0131037546	0.0777029522	0.1016197727	-0.0260590095	0.0006223568	0.1050722779	0.0969853226	0.077517496	-0.0759546081	0.0700390914	0.0222191338	0.0169722978	-0.0872209151	0.0461221355	0.0567957613	0.0282351129	-0.0236264811	0.0105240355	-0.0391355688	0.0219595661	0.0093137773	0.0481923166	0.0344275995	-0.0152897658	0.0396110305	0.073601149	0.0220167574	0.0215972817	-0.0384024709	0.013327594	0.0513028439	-0.0113504799	0.0526023146	0.0043032688	0.0387230252	-0.0390651536	0.0106604073	-0.0512724278	-0.000840554	0.0101519536	-0.0215796099	0.1126102901	0.0739521307	-0.0501245231	-0.0881944879	0.0085554498	0.064847043	0.0041861815	0.0338627396	-0.0067310324	0.0422286707	0.0030909473	0.0493245135	0.024828465	0.0446535249	-0.0543410479	-0.0973743695	-0.0596461974	-0.0900423713	-0.0423515865	0.105114948	0.0156458212	0.0748854893	0.0237769468	0.1414504374	0.0891137403	0.1348770701	0.0211980919	-0.0787915173	-0.0248996467	0.0012037308	0.0067991091	-0.0132995402	-0.0031919933	-0.035021129	-0.0372723412	0.045854909	-0.0101413205	-0.001411488	0.0054942055	-0.0507595126	0.0196498594	-0.025071186	0.0583782758	0.0743218323	0.028034295	0.00876966	-0.0118595196	-0.0189890491	-0.0503988956	0.0430809163	0.0623319509	0.0323985064	-0.002843005	-0.1207637872	0.0460831576	0.013274047	0.063913994	-0.0175972902	-0.0138681475	-0.0889145408	0.0403721968	0.0768802134	-0.0632889993	-0.0580147416	0.0805822964	0.0339944055	-0.0907155029	-0.0075992705558007	-0.0608254390232047	5.774891298025948e-05	0.0036997340323655	-0.0525052562111767	0.0400006843208871	0.0027568019298013	0.0016000547461392	0.0865161908274743	0.0098648647450546	0.0074850512752959	9.73155564382212e-05	0.003276925545882	-0.0004952096375071	2.4523258508001215e-07	1.0738241033254045e-05	0.0037539149236869	0.0008662499841683	7.503890350715803e-07	1.4091877254279225e-05	0.0099490766757705	-0.0004287216802162	9.898412670036056e-05	1.8380227908748733e-07	0.0	0.0	0.0	0.0	0.0	0.0	0.0	0.0	0.0	0.0	0.0	0.0	0.0	0.0	0.0	0.0	0.0	0.0	0.0	0.0	0.0	0.0	0.0	0.0	0.0	0.0	0.0	0.0	0.0	0.0	0.0	0.0	0.0	0.0	0.0	0.0	0.0
5435.876323678887	-0.2750487984003484	29548751.40633269	0.0756518415014755	11295.364600356745	-13.264049296474695	127585261.45499228	175.93500373931087	5658.156892911539	0.5088072960870704	0.2588848645514358	32014739.424802363	6374.612842392713	6836.831467523431	1.110534	31.718033	0.2215235427407589	0.1323099264193198	-0.0942482078	-0.0674086932	-0.021663407	0.0046415511	0.0951129675	0.0183425401	0.1285141922	-0.0375765664	0.0142813144	0.0044238753	0.0037152022	-0.0025793893	0.0190095879	0.0693701304	-0.0909835591	-0.0381901971	0.0063445064	0.0467010567	0.0013914255	0.0606923131	0.0712443745	0.0472473397	-0.0660458874	-0.030699489	0.0149037631	0.0926306612	-0.0031067113	0.0560686723	-0.0466399343	0.0363062415	-0.0515533324	0.0844938853	0.0551280003	-0.0057491566	-0.0824619049	-0.0324296495	0.039025607	0.0071109928	0.0748070121	-0.1546168542	0.0985161837	-0.0571570948	-0.1116307313	0.1245135279	-0.0096739697	0.008131678	0.0879515967	-0.0797522812	-0.0638572329	-0.0153836192	-0.0164429898	0.0491256114	-0.0970060027	-0.0536365541	-0.0380346988	0.0405104675	0.0041132006	0.0234369856	0.0813534002	-0.0065795535	-0.0054044133	-0.0457880745	0.0339563366	-0.035656962	0.1419334445	0.0324976289	0.0739156189	-0.0990852467	0.0177450236	0.0262979353	0.0477345214	0.0498729007	-0.0230428437	-0.0154768237	-0.0444949146	-0.0368927262	-0.0556428485	-0.0075947491	0.0613014476	-0.069016767	-0.0774400073	-0.0787320207	0.0067107152	0.1029888785	0.035926124	-0.0152749708	0.1264568186	0.1074074099	0.0024864885	-0.1382250207	-0.000909473	-0.0215713417	-0.0140898202	0.0694723199	-0.0892407445	0.0096317429	-0.0218709221	0.0230555437	0.0604618931	0.0667084225	0.0317024318	0.0797293139	-0.0315852657	0.0526298817	0.0374671349	0.0288107305	-0.0659187092	-0.0666377684	0.0914921356	-0.0498816097	0.0499568026	0.0882913682	-0.0675380947	-0.0028157916	-0.04868208	0.064437128	0.0902593087	0.0676869177	0.0233395729	-0.0090475801	0.0024397582	-0.0381306529	0.0199138872	-0.0137939836	-0.0180007186	-0.0047509701	0.0170025375	0.0567165694	-0.0628027249	0.0394120847	0.0288814838	-0.0151181479	-0.0881357445	0.0437580584	0.073916464	-0.0677773814	-0.0518920499	0.0846398209	0.0243881477	-0.0925648049	0.0932399572408684	0.1008392277966691	0.0086936896262789	0.0101685498626285	-0.0493443004597793	0.0031609557513974	0.0024348599878649	9.99164126229232e-06	0.1078466676754317	0.0213304768479574	0.011630903728695	0.0004549892425612	0.0033788360845163	0.0001019105386342	1.0385757884733088e-08	1.141653328602944e-05	0.0025188785531933	-0.0012350363704936	1.5253148364420043e-06	6.3447491657371736e-06	0.0105359874135373	0.0005869107377668	0.0001110070307782	3.444642141059698e-07	0.0	0.0	0.0	0.0	0.0	0.0	0.0	0.0	0.0	0.0	0.0	0.0	0.0	0.0	0.0	0.0	0.0	0.0	0.0	0.0	0.0	0.0	0.0	0.0	0.0	0.0	0.0	0.0	0.0	0.0	0.0	0.0	0.0	0.0	0.0	0.0	0.0
5439.28071244856	3.4043887696725506	29585774.668814912	11.589862895072583	11338.291771713568	42.92717135682324	128556860.3005076	1842.7420406980652	5662.634342700503	4.477449788963895	20.04755661269283	32065427.69913116	6370.932488547696	6789.81520011976	0.9907220000000002	28.296074	0.1673454178091744	0.0791595676613573	-0.0588687278	-0.0354961042	-0.0214848061	0.0454410249	-0.0217136152	0.0083301165	0.0749971358	-0.0322480303	0.0356378186	0.0701600325	-0.0225271425	-0.0226068845	-0.0057401671	0.0364780125	-0.0728428998	-0.0165333016	-0.0340847862	-0.0200898185	0.0417371582	-0.0280064631	0.1110941474	-0.0828457426	0.0100189688	-0.0576538586	-0.0487253173	-0.0942226476	-0.01229073	0.0565759739	-0.0488944465	-0.0534928651	-0.036282027	-0.0456630645	0.1320921015	0.0119121833	-0.0080226323	0.043887393	-0.0212722078	-0.0004139328	0.0014969687	0.0398569015	-0.0969144428	0.1060778364	-0.0331648643	0.1249154003	0.0141171509	-0.0118475871	-0.0277510158	-0.0500548284	0.1668685695	0.0504939418	0.1058089734	0.0819321475	0.0068915454	0.0802281938	-0.1266336524	0.1226099152	0.0114092894	7.91651e-05	-0.0629874791	0.0116567186	0.0328169365	-0.0851590831	0.0070866705	0.0759777994	-0.1280803432	-0.0432339358	0.03942505	-0.0758844143	0.0234410223	0.0083085041	-0.0046133005	-0.0429618481	0.0311815818	-0.0294318188	0.0101747095	-0.0910726507	-0.0298287958	0.0100651373	0.1227402231	0.0251156816	0.0213593848	-0.0281615136	-0.1369730577	-0.0662881926	-0.063908715	-0.0373517266	-0.019340094	-0.090221092	0.0006278905	-0.0586782042	0.0095898769	0.0976965632	0.0124865266	0.0258703093	0.0586666404	-0.0686605016	-0.0240952163	-0.0124728808	0.0175921229	-0.0488151535	0.0477918609	-0.030388292	0.0457188851	-0.0381120671	-0.0726811649	0.0558818381	-0.0902450918	-0.0405928706	0.0640426845	-0.025470409	0.0264631866	0.0395725822	-0.0659546188	0.006307852	-0.0526187343	0.0252552307	0.1050027932	0.04152173	0.020647238	0.008157173	-0.006658099	-0.0407885036	0.0375423054	0.0123004035	-0.0031764965	-0.0078194041	-0.0076394611	0.0589312814	-0.0257525595	0.0052074423	0.0152668019	-0.0163653521	-0.0872917462	0.047071089	0.0707340242	-0.071952483	-0.0454240252	0.0879308341	0.0144934828	-0.0930290603	0.0391226342764383	-0.0541173229644301	0.0015305805127279	0.0029286846448364	-0.0770387113821868	-0.0276944109224075	0.0059349630514278	0.0007669803963391	0.1019583234784349	-0.0058883441969967	0.0103954997265331	3.4672597382305863e-05	0.0038771565933882	0.0004983205088719	2.483233295623497e-07	1.5032343249653594e-05	0.0033201079216713	0.0008012293684779	6.419685009116546e-07	1.102311661154452e-05	0.0108293443306942	0.0002933569171569	0.0001172746986327	8.605828084380064e-08	0.0	0.0	0.0	0.0	0.0	0.0	0.0	0.0	0.0	0.0	0.0	0.0	0.0	0.0	0.0	0.0	0.0	0.0	0.0	0.0	0.0	0.0	0.0	0.0	0.0	0.0	0.0	0.0	0.0	0.0	0.0	0.0	0.0	0.0	0.0	0.0	0.0
5442.8745995258605	3.5938870773006784	29624883.9061638	12.916024324388813	11296.681276282485	-41.61049543108311	127615007.85791127	1731.4333300201884	5675.813288780235	13.17894607973176	173.6846197724771	32214856.489094306	6388.708667893583	6879.077937449544	1.014319	28.97003	0.0831942256591253	0.0359360655397212	-0.0589768153	-0.053172731	-0.0209363042	-0.0374440191	0.0114243564	0.0062477482	0.0760545487	-0.0428079242	0.0200581393	0.0318169582	-0.044755214	0.0023665865	-0.0256598255	0.0241313939	-0.0724737736	0.0174913409	-0.0270223511	0.0562863362	0.0264162762	-0.0491092663	0.0503349872	0.0824834095	-0.0087542681	0.0528821828	0.0367089497	-0.0400361064	-0.0210005107	-0.0123407131	0.0599810081	-0.0827870289	0.086577175	0.0818962215	-0.0390603726	0.0147289595	-0.1294049602	-0.1096282626	-0.012491617	-0.0990117583	0.0899503415	0.0114233747	0.0474846142	-0.0684144375	-0.0424781263	0.0591883158	-0.0061885482	-0.1494251574	-0.0745716475	-0.0030350312	0.0905632333	-0.026277448	0.0083248483	0.0046623766	0.1302589608	-0.0467058999	0.0698997128	0.020698194	-0.0037053616	0.0446801293	0.0037890972	-0.1385075873	-0.0126980355	0.0427099695	0.1750037361	-0.1336743027	0.0037058993	-0.0894121028	0.0285888522	-0.0770554051	-0.0020862229	0.0549914082	-0.0108398747	0.0316806619	0.0324160851	-0.0179078836	-0.1273779482	-0.0292955398	0.0445034114	0.1097306522	0.1191630507	0.0663291256	-0.0116365119	0.0399129469	0.0578239405	0.1323095889	0.1140161211	0.01282265	-0.0870344563	0.0249365546	0.0004962751	0.0438372538	-0.0899448828	0.0459424759	-0.0278826908	0.0807472927	-0.0473830611	0.0411416764	-0.0103134363	0.0783849579	-0.1093183435	-0.0803262884	0.0250237827	-0.0030829385	-0.0529597048	0.0997795023	-0.014996803	-0.0476916146	-0.0818217272	-0.031588432	0.0630638004	-0.0213674547	0.0218749157	0.0207247746	-0.0642769622	-0.0051560263	-0.0532729527	0.0192045849	0.1172153792	0.0443025722	0.0297253791	-0.026399768	0.0036362869	-0.0413284657	0.0347593562	-0.0179785633	-0.0165803279	-0.0440756514	0.0242844223	0.0272404761	-0.0601984355	0.0558752638	0.0067470783	-0.0176095295	-0.0863831703	0.0503057744	0.0673423095	-0.0757950062	-0.038653711	0.090425532	0.0044274221	-0.0921013223	0.0244913444261953	-0.014631289850243	0.0005998259518025	0.0002140746426818	-0.06817846343192	0.0088602479502668	0.0046483028759376	7.850399374020723e-05	0.1142059155164005	0.0122475920379655	0.0130429911389392	0.0001500035107284	0.0034870140168708	-0.0003901425765174	1.522112300116355e-07	1.2159266753853432e-05	0.0036309435672683	0.0003108356455969	9.661879857370359e-08	1.3183751188687046e-05	0.0110774680249928	0.0002481236942985	0.0001227102978447	6.156536767238456e-08	0.0	0.0	0.0	0.0	0.0	0.0	0.0	0.0	0.0	0.0	0.0	0.0	0.0	0.0	0.0	0.0	0.0	0.0	0.0	0.0	0.0	0.0	0.0	0.0	0.0	0.0	0.0	0.0	0.0	0.0	0.0	0.0	0.0	0.0	0.0	0.0	0.0
5439.314019501202	-3.5605800246585204	29586137.002742324	12.67773011199727	11311.396851208743	14.71557492625834	127947698.72553506	216.5481454103232	5660.398608706278	-15.414680073957244	237.61236178245449	32040112.409443963	6368.635875869006	6800.000018533826	0.950115	27.136295	0.0675144116090593	0.0303821307157046	-0.0435030886	-0.028577418	0.0049205671	0.0282031332	-0.0717759884	-0.0078953003	0.0341174566	-0.0325228864	0.0378169404	0.015788397	-0.0192662427	-0.02190177	-0.0394025599	0.0047997664	-0.0391400978	0.0034121293	-0.0078765417	-0.0469586474	-0.0142682862	-0.0344301471	0.1703751604	0.0074953058	0.0310630169	-0.0124595661	0.016394392	0.0050056841	-0.0198690058	-0.0994200432	-0.0528878151	0.0508542039	0.0221158823	0.0735615378	-0.0349709017	-0.0051223887	-0.0419601091	0.0835828004	-0.0532139309	-0.0833448664	0.048835228	0.0888211866	0.0765947621	0.052093056	-0.062669216	0.0237976099	-0.0811757727	-0.0713376116	-0.0001143099	-0.0693017691	-0.0042922025	0.0472136355	-0.0283717946	0.057599746	0.0410151788	0.0580051028	-0.0719233116	-0.0266355751	0.062666505	-0.1580343634	0.0633594222	0.0140232188	0.1133720043	0.1144305059	-0.0254456668	-0.0768972997	0.0285665014	-0.1249198923	0.013980622	-0.0503173846	0.0012022215	-0.0397869229	-0.0091992627	-0.0196138109	0.0298862655	-0.0046876399	-0.0165854967	-0.1640154473	-0.0364004207	0.0552641009	0.0876884705	-0.0360292761	0.0513009081	-0.0075193383	0.0058605505	0.0453715989	0.0912063588	0.0309944198	-0.0157837527	0.0799863729	-0.0161492222	-0.0623036078	-0.0349652077	0.0435660886	-0.0463902584	-0.0316910377	-0.0545884465	-0.0252135086	0.099597978	0.012157243	-0.022571345	-0.0856326298	0.0557868219	-0.0284900916	-0.0621332337	0.0733994787	0.0693407457	0.1164085784	-0.0641772651	-0.0221763215	0.0462951127	-0.0103009034	0.0166622991	0.0037418015	-0.0617413366	-0.0092619985	-0.0384237277	0.0081873933	0.0871963124	0.0178291088	0.0165307409	-0.0268335395	-0.0015643917	-0.0510560818	0.070480595	0.0472623385	0.0270589565	-0.058337324	-0.0583903908	0.0307832893	-0.0122660855	0.0809938572	-0.0021319131	-0.0188504498	-0.0854106889	0.0534567308	0.0637513548	-0.0792871898	-0.0316261628	0.0921013223	-0.005690996	-0.0897954726	0.0097082246577429	-0.0147831197684524	9.424962600520724e-05	0.0002185406300884	-0.0855013845955312	-0.0173229211636112	0.0073104867677529	0.0003000835976406	0.1102788599355548	-0.0039270555808457	0.0121614269486857	1.5421765535051386e-05	0.0036116661229156	0.0001246521060447	1.553814754140405e-08	1.30441321834162e-05	0.0037458572966901	0.0001149137294218	1.3205165209626713e-08	1.4031446887166464e-05	0.0114675284914492	0.0003900604664564	0.0001315042097021	1.5214716749218484e-07	0.0	0.0	0.0	0.0	0.0	0.0	0.0	0.0	0.0	0.0	0.0	0.0	0.0	0.0	0.0	0.0	0.0	0.0	0.0	0.0	0.0	0.0	0.0	0.0	0.0	0.0	0.0	0.0	0.0	0.0	0.0	0.0	0.0	0.0	0.0	0.0	0.0
5459.0760120279865	19.761992526784525	29801510.905099384	390.5363486286874	11291.335347078284	-20.06150413045907	127494253.92017949	402.4639479764264	5668.314037541298	7.915428835020066	62.65401364226712	32129784.02818773	6364.644453332779	6939.219824850688	0.988701	28.238352	0.0641046584069243	0.0315225697622414	-0.0525092265	-0.0551125203	-0.0140861223	-0.1047550266	-0.0025542329	-0.0085983881	0.041922438	-0.0475562903	0.051367512	-0.0514764752	-0.037500572	-0.0155410236	0.0355111216	-0.0020070518	-0.0761129131	0.017730879	-0.0279674303	0.0047433022	-0.0815731517	-0.0715564736	0.2269061184	0.0487614821	0.0258558866	-0.0148632428	0.0945217714	-0.083203128	-0.0401929095	-0.0655399119	-0.0247014942	-0.0366790609	0.0372934139	0.0666939747	-0.0830799797	-0.0451698447	0.0399255679	0.0099972468	-0.0418588627	0.0103461196	0.0856106184	0.0409982435	-0.074415168	0.0576199933	-0.0263636783	-0.0090547166	0.18660103	-0.0045218781	-0.0232736294	0.0254602563	-0.0658997291	0.0763929109	-0.0641485814	0.0431949876	0.0980350849	-0.0402316688	-0.0243622387	0.0027851738	-0.1967504479	0.0197763688	0.1242190761	0.0125963277	0.01659504	-0.0348803735	-0.0359205155	0.0587211055	-0.0577702236	0.0575757672	0.0128837224	-0.0862663359	0.0155586562	-0.0650914967	-0.0506257713	0.0314471046	-0.0002504434	0.0238013825	-0.1501175462	-0.2076080403	-0.024898307	0.0306900145	0.1015257162	-0.036018653	0.1356739069	-0.0653732114	-0.0462087467	-0.0008501088	0.0110431358	0.1122180578	0.0707581046	0.0729310343	-0.0945383442	0.0009393361	-0.1298756266	0.0263340464	-0.001734027	0.0407115728	0.0957639617	-0.0462821302	0.0497852027	-0.124668618	-0.0698140288	-0.0811286805	-0.0124904805	0.034053853	0.055654269	0.0022309942	0.0833042502	-0.0498000656	0.0581500441	-0.0129286204	0.0549831728	-0.0038886092	0.0192956583	-0.0023873811	-0.0650050047	-0.0193772775	-0.0403889018	0.0367262067	0.1271323071	0.0470485753	0.0028325144	-0.0766343182	0.0090151166	-0.0405913655	0.0550905267	0.0119967002	-0.0093628256	-0.0454429951	0.0143333864	-0.0297263513	-0.0923034679	0.1092294278	-0.0170867692	-0.0200878836	-0.0843750214	0.0565187138	0.0599717842	-0.0824128925	-0.0243881477	0.0929430287	-0.015742114	-0.0861460138	-0.0040335164990779	-0.0137417411568208	1.6269255348333637e-05	0.000188835450021	-0.078762417353289	0.0067389672422421	0.0062035183873336	4.54136794920134e-05	0.1070551632160885	-0.0032236967194662	0.0114608079712233	1.039222053909772e-05	0.0040183072640719	0.0004066411411563	1.6535701768089818e-07	1.6146793268493002e-05	0.0038951872016057	0.0001493299049156	2.229942050210215e-08	1.5172483335552843e-05	0.0112154944717532	-0.000252034019696	0.0001257873162459	6.35211470841237e-08	0.0	0.0	0.0	0.0	0.0	0.0	0.0	0.0	0.0	0.0	0.0	0.0	0.0	0.0	0.0	0.0	0.0	0.0	0.0	0.0	0.0	0.0	0.0	0.0	0.0	0.0	0.0	0.0	0.0	0.0	0.0	0.0	0.0	0.0	0.0	0.0	0.0
5473.952662350012	14.876650322025853	29964157.749648787	221.31472480383192	11331.934242092831	40.59889501454745	128412733.66711605	1648.270276402246	5675.548328003759	7.234290462461104	52.33495849525569	32211848.823506262	6376.210270238311	6924.185264982879	1.167876	33.355789	0.371163979290774	0.2007612064025646	-0.0778571051	-0.0391933124	0.033088189	0.0210992114	-0.0423703863	-0.0770994116	0.0890644706	-0.0315542239	0.0296547448	0.0169820225	0.0050623682	-0.0334190096	0.0862475927	0.0504367444	-0.0903970713	0.0144010341	0.0486136167	0.0004487637	-0.1202883906	-0.0489092547	0.1213014759	0.0284809873	0.0596934417	-0.1053459053	0.0049032109	-0.1213605749	-0.0699905687	-0.1489028651	-0.0336702438	0.0541841263	0.0140721387	0.0283057328	-0.00794529	0.0136420638	0.1052420846	0.0603115136	0.0188208107	-0.0760436589	0.0582447374	-0.00033957	0.0496303141	-0.0879622655	0.0360272832	-0.0129755467	0.0062915099	0.1449057834	0.0402151483	-0.0865424486	0.0284409722	-0.0352487525	-0.0156835874	0.0756752853	0.0290846322	-0.001437169	0.0311562032	-0.0426188899	0.0307026261	-0.059835857	0.020612736	0.1451000657	-0.0167355933	-0.0134633368	-0.0465356924	0.0692544211	0.144891115	-0.0435961607	0.0539850359	-0.0982627512	-0.015418084	-0.0448586364	-0.025118504	0.0551298266	-0.0054588674	0.011665281	2.02328e-05	-0.2232668741	-0.0159903313	0.0552602255	-0.0083307662	-0.0557734354	0.1465634941	0.1058324821	-0.0682611434	0.101550568	0.077557435	0.0115732312	-0.0431328124	0.0348896267	0.0289351666	-0.0855837067	-0.0100427807	-0.0396073202	0.0173759704	-0.0153378486	0.1065913235	-0.0055911672	0.0226974356	-0.1080631287	0.019327819	-0.067018607	0.0660636044	0.0284991949	-0.0269125705	-0.0337879369	0.0577341979	0.0046473035	-0.0355106298	-0.0545383063	0.0811874001	-0.024577199	0.0780358074	0.0353389591	-0.0799764226	-0.0360673583	-0.0607310706	0.054324662	0.0869551585	0.028496881	-0.0202756029	-0.0111397497	-0.0012502369	-0.0983536456	-0.0348362634	0.1287909487	0.0132564669	-0.0539314942	-0.1476107226	0.0643301016	-0.0418358593	0.1192935647	-0.0061687389	-0.0213216021	-0.0832769341	0.0594866269	0.0560147802	-0.0851576666	-0.0169878336	0.0929430287	-0.0256070703	-0.0812075526	0.1522700362568514	0.1563035527559293	0.0231861639416628	0.0244308006041255	-0.0158925284767263	0.0628698888765627	0.0002525724613835	0.0039526229273513	0.0733482702998316	-0.0337068929162569	0.0053799687559771	0.001136154630068	0.0037710852400833	-0.0002472220239886	6.111872914502002e-08	1.422108388797412e-05	0.0020117789150866	-0.0018834082865191	3.5472267737288127e-06	4.047254403187017e-06	0.0109804518874204	-0.0002350425843328	0.0001205703236519	5.5245016449841604e-08	0.0	0.0	0.0	0.0	0.0	0.0	0.0	0.0	0.0	0.0	0.0	0.0	0.0	0.0	0.0	0.0	0.0	0.0	0.0	0.0	0.0	0.0	0.0	0.0	0.0	0.0	0.0	0.0	0.0	0.0	0.0	0.0	0.0	0.0	0.0	0.0	0.0
5465.504756972157	-8.447905377855022	29871742.24848528	71.36710527319181	11362.832751838529	30.898509745697083	129113968.14625436	954.7179045049376	5678.719233545254	3.1709055414949034	10.054641953083086	32247852.133436795	6395.8279995685525	6885.574577262026	1.250228	35.70784	0.0644786626764835	0.0319558476674792	-0.0811521516	-0.0261347232	0.0037626833	0.0884733921	0.0615801913	0.1251891614	0.1156049649	-0.0084024457	0.014174316	-0.0122715866	0.1768828565	-0.0999050726	-0.0166134042	0.0653180261	-0.1014392802	-0.0804754855	0.0907146133	-0.028698828	0.0986013834	0.1186701334	-0.0701080082	0.1252286337	-0.0325180528	-0.0365803928	0.0203520162	-0.0399180482	-0.0255189904	-0.0656473928	-0.0122810799	-0.0573174731	0.1982248736	0.0876137816	-0.0368735493	-0.0517079554	0.0915719803	-0.0740903423	0.0307871466	0.1373983913	0.0455309783	-0.0064361995	0.1054617463	-0.1754967618	-0.0659025585	0.0090233607	0.0004932807	-0.046239931	0.2131288688	0.105107538	0.0122826638	0.1142989087	0.0445338722	-0.0348915437	-0.096226325	-0.0889495806	-0.0116728277	0.0143848116	0.0676960941	0.110724596	-0.1107267992	-0.0466188814	0.0852125389	0.045173081	0.0863499885	-0.0886293328	-0.0017361048	0.0797495716	0.0669904067	-0.0760545346	0.0082640621	0.0069938279	0.1714102121	-0.059211222	0.0104169925	-0.025960683	-0.0366594691	-0.0197227232	0.0776582316	0.0613155659	0.0130875658	-0.066953292	-0.0112429624	0.1034755295	-0.0234928589	0.1958361011	0.0117491435	-0.0490020163	0.0643923778	-0.0239889486	-0.0592715273	0.0941823839	-0.0562260783	0.0795464231	0.0826613515	-0.0605419682	-0.0216872509	-0.1001939481	0.020920033	0.077921265	-0.0094540291	0.2443625172	-0.0102035201	0.0712778283	0.0456943179	0.0770653344	0.1207456777	-0.0936850033	-0.081264453	-0.0611841499	0.087833031	-0.0322946853	0.098650463	0.0555494616	-0.0863180268	-0.0398132019	-0.1042466334	-0.0425874473	0.0773587352	0.0246399872	-0.0074180071	-0.0024173922	-0.080619986	-0.0373243905	0.1077782685	-0.0041214984	-0.0745351382	-0.0588355514	0.0273074785	0.154187694	-0.0697482458	0.0072215485	0.0564060867	-0.022551377	-0.0821172393	0.0623555305	0.0518920499	-0.0875088252	-0.0094744681	0.0921013223	-0.0351692048	-0.0750539832	0.1495808913718832	-0.0026891448849681	0.0223744430636071	7.231500212350561e-06	-0.016278623811786	-0.0003860953350596	0.0002649935932056	1.4906960775486065e-07	0.0998854188578022	0.0265371485579705	0.0099770969003985	0.0007042202535878	0.0040382587229699	0.0002671734828866	7.138166995775655e-08	1.630753351364249e-05	0.0022097786545522	0.0001979997394656	3.920389682844556e-08	4.883121702114532e-06	0.0107482996318029	-0.0002321522556175	0.000115525944975	5.3894669788293294e-08	0.0	0.0	0.0	0.0	0.0	0.0	0.0	0.0	0.0	0.0	0.0	0.0	0.0	0.0	0.0	0.0	0.0	0.0	0.0	0.0	0.0	0.0	0.0	0.0	0.0	0.0	0.0	0.0	0.0	0.0	0.0	0.0	0.0	0.0	0.0	0.0	0.0
5454.072709877022	-11.432047095135204	29746909.124625284	130.69170078538926	11350.662975077728	-12.169776760800232	128837549.9738004	148.1034664077134	5656.8237434927405	-21.8954900525132	479.4124846397043	31999654.86494322	6379.29211586199	6864.210282673846	1.70354	48.654919	0.9816809034886655	0.4875424283711667	0.0852253791	0.0520517333	0.0651723763	0.0938967093	0.0038362669	0.0404672646	-0.0885065488	0.0297503636	-0.0659675309	-0.0125136854	0.0099341917	-0.1649270093	0.0125256286	-0.0400450067	0.1025423241	0.0173725806	0.0685845702	-0.0538254209	-0.0499348822	0.1183847502	-0.1596054424	-0.0454661193	0.0907026237	0.1825796455	-0.1017820472	0.0301476192	0.0688491189	-0.0118797592	0.0284993521	0.080313338	-0.0462564047	0.0110317606	-0.0333104898	-0.1378021499	-0.2144068338	-0.0077135872	0.0160069724	0.02108806	-0.0298498012	0.1258891662	-0.0492114694	-0.0996290291	-0.0612288732	0.0563737503	0.0985024737	-0.1565884863	-0.002876714	0.0153501901	-0.0686441393	-0.0829655359	-0.0566795319	-0.0055040352	-0.0156134129	0.0055625439	0.1127602685	0.1924513851	0.0434430904	0.011839916	0.0520983902	0.1350637379	-0.0865507489	0.0956667208	0.0342799066	-0.0798638578	0.0368117612	-0.0321119532	-0.0511094866	0.0866099326	-0.0589570369	-0.0296938088	0.0208897556	-0.0202484441	-0.0906473059	-0.1424894877	0.0482119333	0.0504753085	0.1325865421	0.1320601778	-0.0841208491	-0.0348219524	0.0508115213	-0.0050207449	0.0335512334	-0.1528447586	-0.1214928866	0.0946739598	0.0603919745	0.0265996846	0.0362294146	0.0829320041	0.0791767871	0.1341702758	-0.1268544152	-0.0367206905	-0.1293156576	0.1642905532	0.0573319908	0.2366126669	-0.0565090558	0.0637420735	-0.0868120606	0.094629231	-0.0842886894	0.0179179978	0.0126373235	-0.0613520656	0.1192677978	0.0391133421	-0.0534147855	0.094521559	-0.0150835054	0.019905703	0.0260298732	-0.1507424029	0.0081977521	-0.0695812066	-0.2626026726	-0.1729242908	-0.1059241406	-0.0319373587	0.0020536388	0.1841993679	0.0501184066	-0.0477898637	0.1086585634	-0.0809594142	0.1101521642	-0.0974613662	0.1487165762	0.0113354198	0.0098111213	-0.0237769808	-0.0808967948	0.0651206494	0.0476157909	-0.0894555007	-0.0018980517	0.090425532	-0.0443154383	-0.0677773814	-0.1731668339470786	-0.3227477253189618	0.029986752379255	0.104166094198564	-0.1658874131489938	-0.1496087893372078	0.0275186338412649	0.022382789846945	-0.145799710907454	-0.2456851297652562	0.0212575557006971	0.0603611829877707	0.0074618742110964	0.0034236154881265	1.1721143010539653e-05	5.567956674222552e-05	0.0031337716091159	0.0009239929545637	8.537629800833558e-07	9.820524498100858e-06	0.0098231228931483	-0.0009251767386545	9.649374337389425e-05	8.559519977475603e-07	0.0	0.0	0.0	0.0	0.0	0.0	0.0	0.0	0.0	1.0	0.0	0.0	0.0	0.0	0.0	0.0	0.0	0.0	0.0	0.0	0.0	0.0	0.0	0.0	0.0	0.0	0.0	0.0	0.0	0.0	0.0	0.0	0.0	0.0	0.0	0.0	0.0
5441.583715517083	-12.48899435993917	29610833.332980704	155.9749801225924	11236.753893793846	-113.9090812838822	126264638.06969117	12975.27879893808	5650.383277811667	-6.440465681073874	41.47959818909036	31926831.186173715	6377.766041016847	6857.124664092425	1.314262	37.536728	0.2222464205005171	0.1524727796826238	0.1085147541	0.1001243995	0.1309956377	0.0330383356	0.0549624628	0.0756651941	-0.091781728	0.099677924	-0.0806635654	-0.1127489335	0.1273037904	-0.1544670709	0.0116477325	-0.0401075867	0.1037185912	0.0232680026	0.1077970084	0.0591025521	0.0795233417	0.0921832048	-0.016375785	-0.1007707066	0.1608240785	0.1446332728	0.0064033067	-0.1129561702	0.0318605927	0.028418078	-0.1015484838	0.0803005931	-0.1925302212	-0.1069187488	0.0407548122	0.0577494621	-0.0209350044	0.002031949	0.1036108157	-0.1981966877	-0.0307539776	-0.0896814425	-0.0266217857	0.1081550678	0.0694765807	-0.0598544311	-0.0872860672	-0.0186529086	-0.1232392967	0.0663562764	-0.0751141281	-0.0755341354	0.0871391467	0.0964876503	-0.0091129183	-0.1188532942	-0.0581361332	-0.0895954179	-0.0141504728	0.086009045	-0.0087761538	0.0057052992	0.0166729019	0.1106587855	-0.1113312952	-0.0062120654	-0.0083490832	-0.0438471487	-0.0421906072	0.1288357848	-0.0999347197	-0.0408631998	0.1431592023	-0.0355802953	-0.0598331086	0.0652079449	0.0851883816	0.0799767925	-0.0267400909	0.0763127016	-0.1408383869	0.1084346716	0.2192642732	-0.0913713946	0.0385447398	-0.1337126663	-0.0250120053	0.0154234555	0.0029838774	-0.0341745781	0.1800890886	-0.0895263713	0.1177884407	-0.1137158706	-0.0503238776	0.111622994	0.0132228285	-0.0317597934	-0.0291837269	-0.0465623381	-0.0798020597	-0.1506765043	0.1146264142	0.0564350082	-0.0748158612	0.0304434584	-0.069902314	0.0666699553	0.0435585681	0.0496707029	-0.0519623361	0.1121977712	-0.0027058099	0.001731547	0.0025049217	-0.1191243972	-0.0158637964	-0.0469793004	-0.2422861564	-0.1193134488	-0.0149334702	-0.0638274322	0.027895911	0.0108102821	-0.0234634563	-0.0028615898	0.0205156658	0.0129193975	-0.0900015259	0.0487097564	-0.0234256297	0.080078787	-0.0120755549	-0.024998187	-0.0796165037	0.0677773814	0.0431986551	-0.0909886953	0.005690996	0.0879308341	-0.0529376103	-0.0594866269	-0.1621044039507211	0.0110624299963575	0.0262778377802185	0.0001223773574243	-0.0200312031687701	0.1458562099802237	0.0004012491003885	0.0212740339897951	-0.1768400929240599	-0.0310403820166058	0.0312724184653901	0.0009635053157368	0.0076970260650102	0.0002351518539138	5.5296394399097236e-08	5.924421024544641e-05	0.0033254386154615	0.0001916670063455	3.6736241321484195e-08	1.1058541985202498e-05	0.0100820520030355	0.0002589291098871	0.0001016477725919	6.704428394697759e-08	0.0	0.0	0.0	0.0	0.0	0.0	0.0	0.0	0.0	0.0	0.0	0.0	0.0	0.0	0.0	0.0	0.0	0.0	0.0	0.0	0.0	0.0	0.0	0.0	0.0	0.0	0.0	0.0	0.0	0.0	0.0	0.0	0.0	0.0	0.0	0.0	0.0
5434.8861550240445	-6.697560493038509	29537987.518072043	44.85731655791023	11307.364871900909	70.61097810706269	127856500.34629864	4985.910229236087	5655.829735949245	5.446458137578702	29.663906244397264	31988410.00204771	6383.922324628197	6885.078929880526	1.023775	29.240097	0.1861068438986873	0.0792595583932482	0.1308709594	0.0680241688	0.1205601944	0.0579915189	0.0312543872	0.0423553342	-0.1223709458	0.0601393665	-0.0837119783	-0.0851359732	0.0845245059	-0.0883054796	0.0296392913	-0.0517909146	0.1013649717	0.0677413392	0.0602212696	0.0201009602	0.0826553341	0.0903228322	0.0388380725	-0.0658585088	0.0692898161	0.0986960197	0.0279299669	-0.1130950348	0.1862193002	0.0131466576	0.0204317108	0.0160579056	0.0399827434	-0.0195536672	-0.0341439538	-0.0129512372	0.0201664897	-0.0354307503	-0.1059305411	0.0668904677	-0.0851811973	-0.1114544069	0.0489062865	0.0405658989	-0.0556163082	0.0179013256	0.0274682743	-0.0218112215	-0.0196620792	-0.1074656243	-0.0179102926	0.0840587648	0.0155187011	-0.0858511851	0.1431400519	0.0139534365	-0.0406067616	-0.0438632476	-0.0215669701	-0.0727266307	0.1073719777	0.0351129091	0.0704713168	-0.0365892017	0.0777610406	-0.0535079814	0.0813620812	0.0006377725	-0.0527431915	0.1197523424	-0.096211954	-0.0269680011	0.0746299249	-0.0375923478	-0.0559875362	0.0532302211	0.0586998544	0.0328462115	0.0349996964	0.095357825	-0.0166751988	0.1364646823	0.0387639942	-0.1173881625	-0.0395241077	-0.0187433786	-0.0139795948	0.0787052827	0.1241121838	0.0062133377	0.0388580617	0.1041351247	0.0893720176	-0.0415734713	0.061741451	-0.0085653577	0.0408497883	-0.0097660577	-0.0584918725	0.0433248115	-0.0275515726	-0.0339183195	0.0294358996	-0.1572237588	0.066148821	0.1292360628	-0.0079339666	-0.0135586283	-0.1187786881	0.0671138797	-0.0593953197	0.1291305089	-0.0228682462	0.0104653765	-0.0026732447	-0.1131318889	-0.0200876373	-0.0480510477	-0.1648827637	-0.0764267526	0.0322003094	-0.0435193577	-0.0330012025	0.0182548378	-0.0219595141	0.0300294347	-0.0274422374	-0.0068554777	0.0100416434	0.0694634264	0.0487911066	-0.0254706933	0.036532166	-0.0262147696	-0.0782773129	0.0703213046	0.038653711	-0.0921013223	0.013242171	0.0846398209	-0.0609337573	-0.0503057744	-0.1778640496405046	-0.0157596456897834	0.0316356201545198	0.0002483664322675	-0.041256456092185	-0.0212252529234149	0.0017020951692863	0.0004505113616629	-0.1320648270933659	0.0447752658306939	0.0174411185552006	0.0020048244302093	0.0083232451493738	0.0006262190843635	3.9215034162118473e-07	6.927640981657448e-05	0.0042930901286617	0.0009676515132001	9.363494509986362e-07	1.8430622852812527e-05	0.0095889890115034	-0.0004930629915321	9.194871026273295e-05	2.431111136185839e-07	0.0	0.0	0.0	0.0	0.0	0.0	0.0	0.0	0.0	0.0	0.0	0.0	0.0	0.0	0.0	0.0	0.0	0.0	0.0	0.0	0.0	0.0	0.0	0.0	0.0	0.0	0.0	0.0	0.0	0.0	0.0	0.0	0.0	0.0	0.0	0.0	0.0
5444.986420295612	10.100265271567878	29647877.117203627	102.01535855604014	11284.16618440589	-23.19868749501802	127332406.4772894	538.1791014915055	5666.37859888382	10.548862934574572	111.27850921244124	32107846.42588856	6392.919445586891	6912.131584415683	0.928331	26.514126	0.1290647753763612	0.069563715748802	0.1387030153	0.0679521528	0.1179729149	0.0159520934	0.0138505696	0.1039943386	-0.1347769539	0.0592690287	-0.1090328689	0.0274823108	0.0707224884	-0.0943544254	-0.0439263858	-0.0671489474	0.106081538	0.0363961037	0.0499056187	0.0015246342	0.1218205826	0.0657687996	-0.0282551384	0.0777560105	-0.0168631871	0.0812700373	-0.0976346051	-0.1452650233	-0.0203752079	-0.0055706705	-0.0077736876	0.1054111854	0.0769011052	-0.025301368	0.0504599207	-0.0832757049	-0.0950880325	0.0537291053	-0.0214665842	0.0178983322	-0.0356601768	-0.0932023189	-0.0134801678	0.0397044574	-0.047310761	-0.0512411234	-0.0155123813	0.0521484445	-0.0618185345	0.0666126958	-0.0119486456	0.0895656689	-0.0613516075	-0.0697345753	-0.1054113609	0.1499775102	-0.0017716708	-0.0016281771	0.0039471893	0.045581198	0.0914710996	-0.1077048485	-0.0447157341	-0.0349615835	-0.123721905	0.0517222945	-0.0784239918	0.0549150738	-0.0644457342	0.1258662558	-0.0965046737	0.0106000797	0.0947530676	-0.0987410592	0.04900428	-0.0399382721	-0.0340350237	0.0265801691	0.0489950022	0.062185018	-0.0474611086	0.0594872982	0.0496691439	-0.0515304894	0.0102784334	0.011624538	-0.0222481209	0.0131285514	0.0696582413	0.0715780101	0.1226208054	0.1639076716	0.0778167218	-0.0777036841	-0.037025204	0.0265715495	-0.0106362015	-0.0914575247	-0.0778763521	-0.0455231622	0.06204251	0.016730548	0.0101057268	0.0385455483	-0.0433146815	-0.0851916399	-0.0103873123	0.0290509326	0.0707968726	0.0766834736	-0.0694730665	0.1478440117	-0.0310106729	-0.045603626	-0.0049192308	-0.0848172327	-0.0204218293	-0.1088316872	-0.1244995083	-0.0387576674	0.0264854475	-0.0385560162	-0.0200517161	-0.0579489565	-0.0227047543	-0.007180475	-0.0201615953	0.0567575766	-0.0007084957	0.0528067381	-0.0497370564	-0.0192749168	0.0676779003	-0.0274265036	-0.0768802134	0.072748185	0.0339944055	-0.0927882388	0.0207052216	0.0805822964	-0.0682093192	-0.0403721968	-0.2023788191072668	-0.0245147694667622	0.0409571864232518	0.0006009739220084	-0.0301427558399183	0.0111137002522667	0.0009085857296249	0.0001235143332972	-0.0718195076254986	0.0602453194678672	0.005158041675569	0.0036294985177853	0.0084134899877099	9.024483833609992e-05	8.144130846308812e-09	7.078681377329473e-05	0.0045120382353867	0.000218948106725	4.7938273438462185e-08	2.0358489037591527e-05	0.0092343622327752	-0.0003546267787282	8.527344584610497e-05	1.257601521911399e-07	0.0	0.0	0.0	0.0	0.0	0.0	0.0	0.0	0.0	0.0	0.0	0.0	0.0	0.0	0.0	0.0	0.0	0.0	0.0	0.0	0.0	0.0	0.0	0.0	0.0	0.0	0.0	0.0	0.0	0.0	0.0	0.0	0.0	0.0	0.0	0.0	0.0
5457.352655229384	12.36623493377192	29782698.00353921	152.92376643724103	11334.649907326211	50.48372292032036	128474288.52165008	2548.606279895679	5669.782165704944	3.403566821124514	11.584267105859627	32146429.80654585	6393.800556053954	6921.559315271563	1.174092	33.533314	0.3136216079941933	0.1474757957334836	0.1014129528	0.0275587444	0.0668965331	-0.0134232549	0.032379126	0.0964605932	-0.1168328493	0.0012860065	-0.0679506693	0.020800731	-0.0618452764	-0.1137386233	-0.0134655036	-0.0860813542	0.0799262849	0.0582762	0.0591275733	0.0567426967	-0.0152853556	0.0978706188	-0.0348682869	0.0187497519	0.0860782201	0.0476938128	-0.0187651805	-0.0490590852	-0.0363468844	0.0712811285	0.068286754	0.0404713605	-0.0232123632	0.0123834786	-0.1041954314	0.0105310188	0.0375681411	-0.0887125521	0.0600836186	0.0467432439	0.0410720837	0.1058905374	-0.0438993588	0.0061374858	-0.0500995816	0.0018637539	0.0969584341	0.0141745216	-0.0264633265	0.0632859607	0.0039488059	0.1002207215	0.0467226809	-0.0450466922	-0.0256149727	0.0897645816	-0.0475664589	-0.1418701053	0.0569885406	-0.0305249568	-0.0102059447	-0.1251652227	-0.0619207583	0.1232513021	0.0560981014	-0.02126523	-0.0815545336	0.0387389891	-0.0784824764	0.0753217773	-0.081428366	-0.0068072601	0.0168482242	-0.0242851858	-0.0403381364	-0.0842931549	-0.0650987834	0.0235974666	0.045151841	0.0918125414	0.0066497919	0.0157168059	0.0259879235	0.0003305523	0.0077730685	-0.0026739051	-0.0859745287	0.0483861204	-0.1074110501	0.0068359471	0.067416552	0.0043450204	-0.0490752787	0.0038494098	0.0193542633	-0.1004332754	0.0148669213	0.1674222406	0.1285320669	0.0799874641	-0.1036634806	0.0989084361	-0.0044782598	-0.0109116055	0.1106501684	-0.0609001401	-0.0223698807	-0.0754013067	0.0187454967	0.083461893	-0.0337086634	0.1125275368	0.0190673056	-0.0161039931	-0.0103002476	-0.1156854193	-0.0239040226	-0.0183853028	-0.0834811441	-0.0285802737	0.0109051371	-0.072110631	-0.0163305391	0.0304071545	0.0200315723	0.0031351693	-0.0320245124	-0.0563338243	0.1795023891	-0.0259332222	0.0017090119	-0.079547416	0.0042640078	-0.0286331649	-0.0754262385	0.0750539832	0.0292345235	-0.0930462698	0.0280304823	0.0757950062	-0.0746782574	-0.0298345303	-0.1438819345757167	0.05849688453155	0.0207020110972508	0.0034218854998975	-0.1049605331595273	-0.074817777319609	0.0110167135211322	0.0055976998030466	-0.0359558882454393	0.0358636193800593	0.0012928258995185	0.0012861991950377	0.00801031756163	-0.0004031724260798	1.6254800515115165e-07	6.4165187438158e-05	0.0035402112404043	-0.0009718269949824	9.44447708176522e-07	1.2533095626684953e-05	0.0107482293469724	0.0015138671141972	0.0001155244340951	2.29179363944776e-06	0.0	0.0	0.0	0.0	0.0	0.0	0.0	0.0	0.0	0.0	0.0	0.0	0.0	0.0	0.0	0.0	0.0	0.0	0.0	0.0	0.0	0.0	0.0	0.0	0.0	0.0	0.0	0.0	0.0	0.0	0.0	0.0	0.0	0.0	0.0	0.0	0.0
5453.530087893334	-3.8225673360502697	29740990.41955788	14.612021038638456	11335.513632638114	0.8637253119031811	128493869.31572454	0.7460214144222476	5666.516661236057	-3.265504468887229	10.663519436322469	32109411.072065838	6399.279846191406	6964.050115993162	1.231597	35.175732	0.6652207224829035	0.3504660311848774	0.0585367852	-0.0253832728	0.0705604374	-0.0708846558	0.1606930803	-0.0162294497	-0.0161080488	-0.0274901878	-0.097728506	-0.0888096004	0.0275818946	-0.0560448494	0.0435933827	-0.0347158937	-0.0118995317	0.0253226379	0.1054505093	0.0945959144	-0.062612288	0.0712552717	-0.0428494826	0.0677790332	0.0955016066	0.0310462143	0.0169508083	0.1059226186	0.0681986199	0.0739693997	0.0456618111	0.0446958313	-0.0044507167	-0.04523511	0.1267558493	-0.09741623	0.0773764454	0.0225122645	0.040061522	-0.0535538745	-0.0472748385	0.0356870676	-0.0429267046	-0.0227335707	-0.0778402486	0.0243017479	-0.1181546505	-0.0034256778	0.019891614	-0.0442344548	0.0278752342	0.0299759841	0.0768016661	-0.0095974429	-0.0224744557	0.0273388024	0.0223358676	0.0374998782	0.0170514145	-0.0411043376	-0.0624805369	0.0711227313	0.0854478408	-0.1195803899	0.0418418993	-0.0200301016	-0.0707208225	0.0608142895	-0.0283105863	0.014032454	-0.0982017552	0.0261699816	0.0880913969	0.1224852867	-0.0781857995	-0.0412481597	-0.0379204643	0.1471426394	-0.0296530524	0.0890063403	-0.0299222668	0.0033733906	-0.0253833492	0.0562327956	-0.0152939076	-0.0187797504	-0.1255766393	-0.0248149267	0.0231384278	-0.0131072198	-0.0098214065	-0.0797621255	0.0262967298	-0.0641776533	-0.0411978339	-0.0796509482	0.0065965714	0.0074463831	0.0367813852	0.0068400366	0.0619193324	-0.0002833261	0.0143451046	0.0095118419	0.0133249456	0.0773948189	-0.0253316362	0.0007948054	-0.0702092836	0.0467579659	0.0255576968	0.0484339895	0.0816378006	0.1235581919	-0.0403673875	-0.052084074	-0.0441793648	0.0552838861	-0.0985209102	-0.0232638034	0.0300199007	0.0312580214	0.0159326681	0.0505167308	-0.1102435174	0.0027937123	-0.0142929089	0.0048095514	0.1479685712	0.0257556639	-0.0151222591	0.053451553	-0.0167617353	-0.0298345303	-0.073916464	0.0772348614	0.0243881477	-0.0928742226	0.0351692048	0.0703213046	-0.0802640719	-0.0188504498	0.1112793314749325	0.2551612660506492	0.0123830896135079	0.0651072716925701	0.0008643193923631	0.1058248525518904	7.470480120149185e-07	0.0111988994176293	-0.0746640609620783	-0.038708172716639	0.0055747219993489	0.0014983226350611	0.0113291969849285	0.0033188794232984	1.1014960626394176e-05	0.0001283507043233	0.002402374072377	-0.0011378371680273	1.2946734209443865e-06	5.771401183629251e-06	0.0116020413789211	0.0008538120319486	0.0001346073641581	7.289949859003672e-07	0.0	0.0	0.0	0.0	0.0	0.0	0.0	0.0	0.0	0.0	1.0	0.0	0.0	0.0	0.0	0.0	0.0	0.0	0.0	0.0	0.0	0.0	0.0	0.0	0.0	0.0	0.0	0.0	0.0	0.0	0.0	0.0	0.0	0.0	0.0	0.0	0.0
5443.29235052188	-10.237737371454386	29629431.61325001	104.81126648687378	11295.115733866787	-40.39789877132717	127579639.44144504	1631.990225138397	5672.2101745309465	5.693513294889272	32.41609363908089	32173968.26405239	6404.23498840714	7021.935905053858	1.049824	29.984095	0.3668669203957064	0.1778452763206739	0.0939192717	-0.0135962401	0.1017199298	-0.0528701351	0.022742227	-0.0529680661	-0.0727818473	-0.0091036344	-0.1126440898	-0.0416649366	0.0672068028	0.0046674451	-0.0189901706	-0.0675336725	0.0097809161	0.0373646356	0.09219974	0.125235799	-0.0471927708	-0.0912103092	-0.1239856065	0.0406235695	0.0252683269	0.0698582918	0.026770918	-0.1405737932	-0.0296739725	0.0552194669	-0.0353857118	0.0389709096	-0.0361648558	-0.1048495859	0.0540586318	-0.0427766338	-0.0102486839	-0.0337418615	-0.097102176	0.0003872962	0.080404662	0.0421178085	-0.0771670877	-0.1093746963	0.1188967115	-0.1228156828	-0.0324244483	0.0707028167	0.1234242904	-0.0565828023	-0.0615913575	-0.056218662	-0.0444219087	0.044101272	0.0573345266	0.0523961319	-0.0987521991	-0.0173010971	-0.0517988253	0.0066896837	-0.0290000303	-0.0623310764	0.0996588394	0.0112651841	-0.0621279628	-0.0064162236	-0.0484575819	0.0071485138	-0.0679742815	0.0380139719	-0.1014062008	0.0542237829	0.0398757485	0.1308333721	0.0372426321	0.0009381776	0.0037762573	0.1262066902	0.0539719226	0.0737677253	0.0045313262	0.054379777	0.1227942818	0.0063221343	0.043946253	0.0686462847	-0.0282222606	0.0527922645	-0.0650098695	-0.0321269343	0.0544363632	-0.0096587443	0.043795301	0.0624704596	-0.0211598525	0.0473634867	0.0200070679	-0.0475021364	-0.043262458	-0.0005018564	0.1191924296	0.0175576524	-0.1465958839	0.0659467779	0.0239302322	-0.0878881248	0.0612978196	-0.0789640472	0.0434964061	0.084769243	-0.0011277824	0.0782633195	0.0634108212	0.0418095308	-0.0316254876	-0.0348497329	-0.086436773	-0.07535129	-0.0662648261	-0.0008313788	0.018661703	0.0039840038	0.0456476291	0.0442626349	-0.1097694858	0.0796525333	-0.0249088235	-0.1011052219	0.0945368939	-0.0517613048	0.0677299249	0.0103617222	-0.0061329901	-0.0310303776	-0.0723520068	0.0792871898	0.0194696168	-0.0922728925	0.042073882	0.0642107624	-0.0849007066	-0.0075843101	0.0108996768687177	-0.1003796546062148	0.0001188029558424	0.0100760750588629	-0.0980418002025658	-0.0989061195949289	0.0096121945869598	0.0097824204933263	-0.0363972604931106	0.0382668004689676	0.0013247605714033	0.0014643480181317	0.0098942340838251	-0.0014349629011034	2.059118527543086e-06	9.78958681055263e-05	0.0033058595030635	0.0009034854306865	8.162859234627708e-07	1.0928707053995252e-05	0.0113542027961991	-0.0002478385827219	0.0001289179211372	6.142396308564933e-08	0.0	0.0	0.0	0.0	0.0	0.0	0.0	0.0	0.0	0.0	0.0	0.0	0.0	0.0	0.0	0.0	0.0	0.0	0.0	0.0	0.0	0.0	0.0	0.0	0.0	0.0	0.0	0.0	0.0	0.0	0.0	0.0	0.0	0.0	0.0	0.0	0.0
5437.959694864751	-5.332655657128271	29571405.64297354	28.43721635750215	11305.971355827489	10.855621960701685	127824988.29879166	117.84452815366863	5657.166173333687	-15.044001197259604	226.3219720231484	32003529.11271091	6386.264688236394	6940.95488239725	1.104297	31.539902	0.1717007393867478	0.0972651757911033	0.0746598613	-0.007348058	0.1235016326	-0.0718169119	-0.0858121576	-0.0009460528	-0.0783177222	-0.0028084396	-0.0826216333	-0.1439403813	0.0299584599	0.0540657517	0.0399180782	-0.0855914081	0.0369302455	0.0197359391	0.1017242905	-0.0329396926	-0.0091543761	0.0066771032	0.0289258927	-0.0518891874	0.0299799014	-0.0336908399	0.1511316511	-0.0380485195	-0.1167888216	0.0882373396	-0.0041148012	0.0243142498	0.1043202542	-0.0233843376	-0.0205963172	-0.0171102874	0.0140990085	0.0410876368	-0.0161851197	0.0104841624	0.0316003435	0.036920332	0.1474936802	0.183019812	-0.0497223859	-0.0549953952	-0.085054097	0.0710457912	-0.0286548484	-0.0024652253	0.0305016159	-0.0348802269	0.0441926256	-0.0380200884	0.0334159538	-0.0077375409	0.1442683581	-0.116882028	-0.0549906292	0.0038773638	-0.0812817855	0.0366383058	0.0580800032	0.0262542242	0.1116002931	0.0596589818	-0.0649117505	-0.0744972051	-0.0712731192	0.0433965457	-0.0759781571	-0.1064914881	0.0317427939	0.0652512622	-0.0097076066	0.0927454921	0.0793632869	0.0448968239	-0.0523537236	-0.0099675849	0.0396342226	0.0146108085	0.0823545354	-0.0444429288	0.0251489238	0.0843549614	-0.0657101426	-0.076402604	-0.1209169959	0.040911529	0.0636694813	-0.0795529823	-0.0635355896	-0.0353081517	0.0015433	-0.1789706752	-0.0999839447	-0.1050059883	-0.0486313652	-0.1505505884	0.0888342905	-0.0531894373	0.0096347695	-0.0372660503	-0.0225957803	0.0006781055	0.0522080275	-0.0714609068	-0.0180618168	0.0911531626	0.0020692838	0.1034221811	0.0734944431	-0.038236252	-0.023504645	-0.0745861368	-0.0744847453	0.0148831024	-0.0136943726	0.0436412097	-0.0133273568	-0.0800486981	0.0788379118	0.0030870174	-0.0448988362	0.1241516417	0.0591554843	-0.0728744791	0.0271204102	-0.0496495197	0.0136806346	0.0677495361	-0.0446885433	-0.0322204857	-0.0707340242	0.0812075526	0.0144934828	-0.0912450589	0.0486985645	0.0575187176	-0.08853333	0.0037953135	-0.0283876480399953	-0.039287324908713	0.0008058585612426	0.0015434938984827	-0.1086568969491423	-0.0106150967465765	0.0118063212546165	0.0001126802789391	0.0305423675720177	0.0669396280651283	0.0009328362169042	0.0044809138054977	0.0090230667643148	-0.0008711673195102	7.589324985827598e-07	8.141573383328237e-05	0.0032939294556062	-1.1930047457300082e-05	1.4232603233343216e-10	1.0849971258510158e-05	0.0111401263698401	-0.000214076426359	0.000124102415536	4.582871632264066e-08	0.0	0.0	0.0	0.0	0.0	0.0	0.0	0.0	0.0	0.0	0.0	0.0	0.0	0.0	0.0	0.0	0.0	0.0	0.0	0.0	0.0	0.0	0.0	0.0	0.0	0.0	0.0	0.0	0.0	0.0	0.0	0.0	0.0	0.0	0.0	0.0	0.0
5435.633038546332	-2.3266563184197366	29546106.529736426	5.413329624042483	11346.633703115034	40.662347287545344	128746096.392666	1653.4264869329463	5661.625255270217	4.459081936530311	19.883411716690905	32054000.53111355	6388.207680101837	6880.221803236728	1.487526	42.485317	0.2302714324007365	0.113551022029158	0.0954956187	-0.0041785473	0.0873116256	0.0529574057	-0.0795193013	0.0922075092	-0.1157668165	-0.043112214	-0.0479892142	-0.0215829228	-0.0137610194	0.0055664217	-0.0333884471	-0.1034252018	0.0513176129	0.01076915	0.0956800424	-0.061470524	0.0348465926	0.00718265	0.0091115642	-0.0867991849	0.0980528382	-0.0479947054	-0.0088756711	-0.0739963177	-0.0577624312	0.0066242221	0.1094878087	0.0397125777	0.1097163879	-0.0626329578	0.0458475561	0.1739332625	-0.0354805773	0.0224582398	-0.0416282688	0.0574099866	0.0129706565	-0.0166680363	-0.0976902238	-0.024788068	-0.00426015	0.1734191148	0.0708530268	-0.0745422975	0.0591161721	0.0505356334	0.0159042641	0.0002476738	-0.0087719068	0.0003604453	-0.0613725897	-0.0876436703	-0.0102696588	-0.0678791187	-0.0654481966	0.0263951518	-0.0171507575	-0.0057242562	-0.0355036506	-0.0384823259	0.0220768768	0.138613336	-0.0025212714	0.0079966477	-0.1037028189	0.0533085049	-0.072051008	-0.0738259231	-0.0083665761	-0.008547528	0.027607356	-0.0359201932	0.0795687021	-0.0571669154	0.0917270459	0.0849353205	-0.0051691277	0.0327509879	-0.0553971529	-0.066075567	-0.1980644197	0.1189311703	0.0392637186	-0.0187607074	0.0623324341	-0.0724025671	0.0159283544	0.0097153232	-0.0828017311	0.1875628745	0.0355096429	0.0250969637	-0.0201292905	-0.0543533035	0.0313003686	0.0866720662	-0.0169045642	-0.0331683708	-0.0973213379	-0.098647766	0.0601194905	-0.0494023818	-0.1203401042	-0.0833011764	0.0129696878	0.0959035881	-0.0062024277	0.0722342463	0.076269746	-0.0224516705	-0.0246967788	-0.0460398043	-0.0600269609	-0.0172869152	-0.0610292505	-0.0517849822	0.0390857213	0.0020459036	-0.0176523883	-0.0557390071	0.0857777058	0.1347709226	-0.0257624245	-0.0781362724	0.0723203829	-0.0218089784	0.0706262773	-0.1447497873	0.0866801908	-0.0334046344	-0.0690637132	0.0829927534	0.0094744681	-0.0897954726	0.0549991661	0.0503057744	-0.0911189838	0.0151181479	0.0371604122925219	0.0655480603325172	0.0013808962417502	0.0042965482133553	-0.0606921826511381	0.0479647142980041	0.0036835410349591	0.0023006138176891	0.0453417985240278	0.0147994309520101	0.0020558786933935	0.0002190231565033	0.0092580617400277	0.0002349949757128	5.522263861030642e-08	8.571170718216474e-05	0.002036211725175	-0.0012577177304312	1.581853889441009e-06	4.146158189740149e-06	0.0116865982000601	0.00054647183022	0.0001365765774896	2.986314612239967e-07	0.0	0.0	0.0	0.0	0.0	0.0	0.0	0.0	0.0	0.0	0.0	0.0	0.0	0.0	0.0	0.0	0.0	0.0	0.0	0.0	0.0	0.0	0.0	0.0	0.0	0.0	0.0	0.0	0.0	0.0	0.0	0.0	0.0	0.0	0.0	0.0	0.0
5447.827335835714	12.19429728938212	29678822.68107885	148.7008863818321	11310.348026197784	-36.28567691725039	127923972.47371612	1316.650349343077	5665.552789549361	3.927534279143402	15.425525513846477	32098488.411170542	6386.656431348511	6999.211490046128	2.150885	61.431553	1.7617118441577544	1.0742070325912716	0.0267597454	0.0094222526	-0.1752995667	0.0513132855	0.205147234	0.0097840086	-0.0036828045	-0.0042395714	0.0742433138	0.1188276327	0.0844250441	-0.012890305	0.1472595619	0.016723096	-0.0397495787	-0.1355168332	-0.0247585333	0.1439375313	0.0059524394	0.0724156201	0.0359872297	0.0243605475	-0.0441565536	-0.1112791409	-0.0893961617	0.1646268906	0.1960387396	-0.1180822987	0.0103982971	-0.0595617749	-0.1329315334	-0.057617658	-0.0878282508	-0.0632059152	-0.0251234041	0.0618781913	-0.0961921024	0.0271752701	-0.0738578987	0.0162443287	0.0130158304	-0.015234992	0.0160471716	0.0410291957	0.1163114358	0.0980236961	0.0106912128	-0.0282447852	-0.0455530257	-0.0347009352	0.0594777947	0.0089482476	-0.0225628151	0.0024077383	0.058923828	0.0059732199	0.021114393	0.0217064823	-0.066404027	-0.0696346945	-0.0336705156	-0.0111878366	-0.0884882491	-0.0855203119	-0.1271490802	-0.0721908462	-9.331e-07	0.004150415	0.0910561831	0.1621121509	0.1521747675	0.0488324227	-0.0690508251	-0.0242551785	-0.0551023363	0.0134867948	-0.0755648085	-0.195726456	-0.0855423449	0.038094038	-0.1939432368	0.0825516359	-0.0917081622	-0.1674647435	0.0609995876	0.1276793841	0.0447294609	0.0453960968	-0.0475243406	-0.0389805449	0.1281763874	0.1434692044	0.0973503207	0.0620296549	0.0582961165	0.0827086931	0.0284728153	-0.1051966333	-0.0202952929	0.0883725081	-0.0002787164	-0.0901352107	0.1075195353	0.0750260968	0.0755083211	0.0573116702	0.1383136663	0.0269048137	-0.042628718	-0.2158816398	-0.0238599614	0.1463720121	0.1277980092	0.19202581	0.1064158431	0.1523327212	-0.0869601088	-0.0605962396	0.2211542142	0.0706679294	-0.0414392241	0.0293336315	0.0095602586	-0.1654846109	-0.1066977336	0.1352682068	-0.1277413511	-0.0764991694	0.0218802303	-0.2276212721	-0.0752454068	-0.0345826047	-0.0673423095	0.0846398209	0.0044274221	-0.0879308341	0.0609337573	0.0426372543	-0.0926270906	0.0262147696	0.2519331082610279	0.2147726959685059	0.0634702910380628	0.0461273109335803	0.1036452505871921	0.1643374332383302	0.0107423379692818	0.0270067919633626	0.142083278025801	0.0967414795017732	0.020187657894557	0.009358913856192	0.0290533063028817	0.019795244562854	0.0003918517073032	0.000844094607129	-0.0007615907976512	-0.0027978025228262	7.827698956732651e-06	5.80020543066991e-07	0.0148107558233628	0.0031241576233027	0.0002193584880592	9.760360855240376e-06	0.0	0.0	0.0	0.0	0.0	0.0	0.0	0.0	0.0	0.0	0.0	1.0	0.0	0.0	0.0	0.0	0.0	0.0	0.0	0.0	0.0	0.0	0.0	0.0	0.0	0.0	0.0	0.0	0.0	0.0	0.0	0.0	0.0	0.0	0.0	0.0	0.0
5458.37190684915	10.544571013436324	29793823.873480026	111.18797785740158	11290.023971246212	-20.32405495157218	127464641.27131408	413.06720967452566	5674.93529586718	9.382506317819209	88.03142480391733	32204890.61227912	6388.315875343447	7061.923821644959	1.257039	35.902374	0.5384878290095102	0.26349758716069	0.0598179698	-0.0104837798	-0.1359415093	-0.0452545916	0.1111302767	-0.0818693936	-0.0342092793	-0.021700295	0.0063808899	0.0750113491	0.0675107072	0.0959281284	0.0261525475	-0.0623112705	-0.01446788	-0.1142687865	-0.0264659201	0.2010239641	-0.1023914802	-0.0277099159	-0.123014974	0.0817163748	-0.0430080448	-0.0239374854	-0.0840399943	0.0810146813	0.044864855	0.0302916517	0.0317655686	-0.1032604981	0.0335961957	-0.1692863216	0.0528113871	-0.007449757	-0.0243616311	0.0027532579	-0.0140275621	-0.086030016	-0.0009289536	-0.0249811035	-0.0723206303	0.1314399914	-0.0259176773	0.0023740291	0.0185518118	0.0786055284	0.0526622544	0.0424534936	-0.0170723899	-0.0316174944	-0.0106785236	-0.0137538242	-0.0321401979	-0.0430196031	-0.0746318747	0.0787138601	-0.0228167111	0.0328600221	-0.1031355862	0.0871867717	-0.0114850788	-0.0181010338	0.0008698938	-0.096709243	-0.0081585818	0.0549530843	-0.0632482799	0.0161500352	0.0694701544	0.1766785943	0.0443518136	0.1613882928	-0.0042519709	-0.0158120943	-0.0271316873	0.0868689787	0.0046418491	-0.1294950159	-0.0407011172	-0.0126811473	-0.0619952744	0.1009808083	-0.0570779417	-0.0942877856	0.0135652555	0.0380693098	0.0704770756	-0.0054824821	-0.0161674003	-0.1196675112	-0.029332604	-0.0924359704	-0.0309176424	0.0917597451	0.0587262505	-0.1276337912	-0.0816160545	-0.0130432657	0.0307986462	0.0392961434	-0.0627956164	0.0577614988	0.0397485619	0.0459995703	-0.0329068985	0.1158985463	0.0835607699	0.0715688485	-0.0519932377	-0.1588869127	0.001801714	0.1169283876	0.1035411088	0.2172781811	0.0415626969	0.0556601309	-0.0319376676	-0.0016248537	0.1316830645	0.140260858	0.0709967059	0.0313463439	-0.0773103087	-0.0782066485	0.0044548785	0.1007854953	-0.0414879892	0.0120128134	0.000396279	-0.003261466	-0.0119240844	-0.0357541787	-0.0655710866	0.0861460138	-0.0006327229	-0.0856597619	0.0664628444	0.0345826047	-0.0930398161	0.0369191397	0.1928249472635741	-0.0591081609974537	0.0371814602872001	0.0034937746965009	-0.0448856014434113	-0.1485308520306034	0.0020147172169367	0.022061414004937	0.159938133083159	0.0178548550573579	0.0255802064141262	0.0003187958491192	0.025559774382245	-0.0034935319206367	1.2204765280507549e-05	0.0006533020664712	0.0011110555394013	0.0018726463370525	3.5068043036761454e-06	1.2344444116343138e-06	0.0139170548625701	-0.0008937009607926	0.0001936844160477	7.987014073217944e-07	0.0	0.0	0.0	0.0	0.0	0.0	0.0	0.0	0.0	0.0	0.0	0.0	1.0	0.0	0.0	0.0	0.0	0.0	0.0	0.0	0.0	0.0	0.0	0.0	0.0	0.0	0.0	0.0	0.0	0.0	0.0	0.0	0.0	0.0	0.0	0.0	0.0
5465.135520776981	6.763613927831102	29867706.260458283	45.74647336475087	11361.49159271863	71.46762147241861	129083491.21141613	5107.62091892491	5676.676557716643	1.7412618494636265	3.031992828397488	32224656.74092968	6400.972433422026	7064.290142084044	1.069716	30.552229	0.4296181842465197	0.2094729514998398	0.0838130967	-0.0256696367	-0.1027731208	0.0404427262	0.0366706163	-0.1023749595	-0.0574633185	-0.0539806803	0.0415736257	0.0394723799	0.0534014063	0.0439648683	0.1815602802	-0.0949373914	-0.0170566584	-0.0966509941	0.0046936256	0.1163676061	-0.1243115473	-0.0137562263	-0.0920535404	-0.0025181256	-0.0308000412	-0.0799148429	0.0557024116	0.0118193187	-0.059201293	-0.0527307515	0.0390985852	-0.1051900296	-0.0127374269	-0.0165576822	0.048621486	0.0259604454	-0.0208605355	0.0239304666	0.0192274786	-0.0754097596	0.0187435368	-0.0015606547	0.0476706095	0.0294158659	0.0585362186	-0.0413376489	0.1758416217	0.1075679836	-0.1198223421	-0.0929881036	-0.0147425613	-0.1177369711	-0.0174423285	-0.0784278963	-0.025720595	-0.0720847258	-0.0256738865	0.1591563239	-0.0142265393	0.1070134096	-0.035653167	-0.0296690069	0.0250579974	0.1086531186	-0.0055556825	0.0178183146	-0.0002433994	0.0139821187	-0.0877639149	0.0061931079	0.0393673391	0.0792545925	0.0228706785	0.1516049825	-0.0493248106	0.0075327238	0.0531753103	-0.0019225751	0.0160707437	-0.1221388464	0.0017757069	-0.0588361279	-0.0434693917	0.1306693655	-0.0170497861	-0.0219023764	-0.0093850524	0.0542806391	-0.1249242594	0.1398623331	-0.0594688366	-0.0541264559	-0.0189836361	0.0148781441	0.050736658	0.065842725	-0.0080715432	-0.046464551	-0.1019793676	-0.1212342972	-0.0454129512	-0.0203286556	-0.0435912673	0.0324706795	0.0221510516	-0.0226622695	-0.0610621496	-0.0202228891	0.177427187	0.0989213952	-0.0414901732	-0.12364928	0.025821227	0.1119788397	0.1061254113	0.1607573265	0.0713915151	0.1084740979	-0.0382736326	0.0361588225	0.0944814738	0.0371460211	0.0292556019	0.0437010371	-0.0157775293	0.0360091168	-0.0048120013	-0.0259850873	-0.0391793688	-0.0195823774	0.0825872294	0.011378332	-0.0433318321	-0.0369191397	-0.0637513548	0.0875088252	-0.005690996	-0.0829927534	0.0715496322	0.0262147696	-0.0923522795	0.047071089	0.1224746729747749	-0.0703502742887992	0.015000045520278	0.0049491610925092	-0.1356118350091435	-0.0907262335657322	0.0183905697945471	0.0082312494570237	0.1809133337624473	0.0209752006792883	0.0327296343330426	0.0004399590435364	0.0226638625339368	-0.0028959118483081	8.386305433171809e-06	0.0005136506649571	0.0025041276229811	0.0013930720835798	1.9406498300493653e-06	6.270655152176974e-06	0.0132547092802041	-0.000662345582366	0.0001756873181027	4.387016704797568e-07	0.0	0.0	0.0	0.0	0.0	0.0	0.0	0.0	0.0	0.0	0.0	0.0	0.0	0.0	0.0	0.0	0.0	0.0	0.0	0.0	0.0	0.0	0.0	0.0	0.0	0.0	0.0	0.0	0.0	0.0	0.0	0.0	0.0	0.0	0.0	0.0	0.0
5451.763064108659	-13.37245666832223	29721720.50717943	178.82259734615565	11308.055376325336	-53.43621639329467	127872116.39404032	2855.4292224310143	5663.248288884426	-13.428268832217327	180.3184038302993	32072381.18155238	6381.489540682567	7009.014363892393	1.049058	29.962219	0.2114182335947909	0.1162066541816208	0.116821843	-0.0107274168	-0.0558982874	0.0193721129	-0.0291981433	0.0300795837	-0.1132752594	-0.0170631144	0.0175446595	-0.0492258617	0.0978104602	0.0442443641	0.0303023932	-0.1319455533	0.0250885752	-0.0688699696	0.0237372483	0.0341145737	0.0351952516	0.0233840897	0.0169304192	-0.0532980403	0.0070441928	-0.1680563657	0.0233403195	0.0164803393	0.0067301937	-0.0210948127	0.0016202373	-0.0552777396	-0.0750360125	-0.1382603493	0.0918178706	0.0722837603	0.1347476784	0.0229115483	-0.0253247785	0.0867842101	0.0114312034	-0.0197929152	0.08806857	-0.0164671457	0.0804269051	-0.1027639654	0.0335358804	-0.0417032019	0.0770530509	0.1232665157	-0.0194818943	-0.0074896621	-0.1287346046	0.0484285791	0.1076118243	0.0540538801	0.0478472181	0.0301792885	0.0620624409	0.0179405131	0.0136345578	-0.0505606635	-0.0491387882	-0.0661880507	0.0778334852	0.0332561505	0.1261977835	0.1032472987	-0.1240396728	0.047714477	0.0343004119	-0.0231581343	0.0665009707	-0.0202333531	-0.0287565463	0.0971398561	0.1014599222	-0.0253929554	-0.0313633035	-0.146640754	0.0105809221	-0.0402101843	-0.0150087813	0.0706130934	-0.1071033222	-0.0079566882	0.02301004	-0.0326788235	-0.0520568805	-0.0151887718	-0.0876221686	-0.1083919131	-0.0016684298	-0.0530314296	0.0680122059	-0.0068660149	0.0941796755	-0.003722158	-0.0669039957	0.0568640905	-0.0006925762	0.0495079545	0.0045277459	0.0171941917	-0.037912875	-0.1124881385	0.0009803498	-0.0651693891	-0.0621273251	0.1347114425	-0.0539368314	-0.0658387538	0.0334378094	0.0503515753	0.0905950154	0.1566816262	0.0161163641	0.0525197842	-0.0106188523	0.0386476517	0.0649885512	0.0556317411	0.0858823171	-0.0194853416	0.0673608428	0.1118544969	0.0549292197	-0.0117138225	-0.034924235	0.0812459973	0.047343189	0.1080511665	0.0138226457	-0.0380772724	-0.0618844603	0.0887259867	-0.0107324316	-0.079942136	0.0761602691	0.0176095295	-0.0905726114	0.0565187138	0.0993464050990553	-0.0231282678757196	0.0098697082061056	0.000534916774931	-0.1133132300902275	0.022298604918916	0.0128398881134808	0.0004972277813299	0.2035232150280777	0.0226098812656303	0.0414216990553651	0.0005112067308459	0.020779735106468	-0.0018841274274687	3.5499361629401958e-06	0.0004317973910949	0.0031900883156308	0.0006859606926497	4.705420718604561e-07	1.0176663461524154e-05	0.0129571678096321	-0.0002975414705719	0.0001678881976469	8.853092671014829e-08	0.0	0.0	0.0	0.0	0.0	0.0	0.0	0.0	0.0	0.0	0.0	0.0	0.0	0.0	0.0	0.0	0.0	0.0	0.0	0.0	0.0	0.0	0.0	0.0	0.0	0.0	0.0	0.0	0.0	0.0	0.0	0.0	0.0	0.0	0.0	0.0	0.0
5442.441491398457	-9.321572710201508	29620169.387295462	86.89171779157348	11284.095145089286	-23.960231236049367	127330803.2434276	574.0926808849558	5654.134610521111	-9.113678363314648	83.05913330994956	31969238.19389272	6380.273555674451	7070.495236555392	1.046536	29.890167	0.1083872186509064	0.0643282158107663	0.0782153094	-0.0320940131	-0.0901626773	-0.0756819527	0.0825250776	0.0262706753	-0.0727706213	-0.0216269069	0.0591869907	0.0069694058	0.0822037401	0.0074050243	0.073340934	-0.0872756608	0.0092044958	-0.0844803359	0.0068242047	-0.0125725816	0.0679410858	0.0082188135	0.0807440541	-0.0077426102	-0.1590652903	-0.0488056787	0.0236729582	0.1107352228	0.0760278362	0.0111774464	0.0072200227	-0.0141186354	-0.0193736087	-0.066963237	0.0448420575	0.073571973	-0.0330531858	-0.0270306077	-0.0814839614	-0.0422375383	-0.0753957805	0.0209049535	0.0327770078	-0.0464805996	-0.0394818718	-0.0695847666	0.0640727523	-0.0008465968	0.0747450771	0.0286026235	0.0171279816	-0.0931273439	-0.0585472646	-0.0342136684	-0.1074174898	0.0274275872	0.0523517407	-0.1110385784	-0.0581740126	-0.0614478919	0.0335732714	0.0108124901	-0.017794592	0.0137687165	-0.0542613203	-0.0220939072	0.0610450876	-0.0040203043	-0.0847438319	0.0235635011	0.0573824292	-0.0076169334	0.0854193437	-0.0076144925	0.0211991237	0.0545299874	-0.0808424846	-0.0137817777	-0.0499831149	-0.1860367429	0.0199526317	0.0264207923	-0.1142664728	-0.0195292327	0.0329175447	0.0200743873	0.0668153114	0.0228762929	-0.0196278896	0.0242605031	0.0414116805	-0.0740696451	0.0635319551	0.0767666958	0.0367887999	-0.0327274214	-0.1018762849	-0.0142957658	-0.1132810934	-0.0178537899	-0.0623845977	0.0346280804	-0.047718524	-0.030452445	-0.0014529119	-0.0599821501	0.0578146491	0.0023229999	-0.0381452986	0.1132069697	-0.0345832038	-0.0830529192	0.0472742964	0.0563318869	0.1069044428	0.1278690923	0.0380880956	0.0777716808	0.0088851859	0.0655012899	0.0584043168	-0.0385920468	0.0223524404	0.0145714792	0.0913901382	0.0114337872	-0.0120980123	0.0065958359	0.036518307	-0.0167372733	-0.0248046557	0.0454458847	-0.0395242418	-0.0392283624	-0.0599717842	0.0897954726	-0.015742114	-0.0765220104	0.0802640719	0.0088448147	-0.0877218577	0.0651206494	0.087200238294784	-0.0121461668042713	0.0076038815586671	0.0001475293680371	-0.1223463807702245	-0.0090331506799969	0.0149686368875727	8.159781120753013e-05	0.2572631412692558	0.0537399262411781	0.066184323855725	0.0028879796724072	0.0203996797446057	-0.0003800553618623	1.4444207808028473e-07	0.0004161469336824	0.0032049294426936	1.4841127062800198e-05	2.2025905249418044e-10	1.027157273264431e-05	0.0132316308192162	0.000274463009584	0.000175076054136	7.532994362996175e-08	0.0	0.0	0.0	0.0	0.0	0.0	0.0	0.0	0.0	0.0	0.0	0.0	0.0	0.0	0.0	0.0	0.0	0.0	0.0	0.0	0.0	0.0	0.0	0.0	0.0	0.0	0.0	0.0	0.0	0.0	0.0	0.0	0.0	0.0	0.0	0.0	0.0
5442.964721447619	0.5232300491616115	29625864.95892336	0.2737696843456624	11320.983097621373	36.887952532086274	128164658.2966288	1360.7210420094502	5657.612381884244	3.477771363132888	12.094893654227183	32008577.863649912	6373.15380454511	7001.096174697382	1.21898	34.815376	0.1482603669570166	0.0775384124200637	0.1232571342	-0.0201446339	-0.0538576453	-0.1185387551	-0.1027630173	-0.0162577514	-0.1462849921	-0.0580327523	-0.0225046547	-0.0527469334	0.0274109373	0.1685962612	-0.0419463782	-0.1650966617	0.0374496908	-0.042868639	0.0091839301	-0.0502142701	-0.0368706145	-0.0904041953	0.0487275817	-0.0140981331	-0.0840397506	-0.0502331095	-0.0053173012	0.0807792697	0.0256072961	-0.0055251261	0.1688459532	-0.0171904033	-0.0998402999	-0.1196879572	0.0051105258	0.0687321768	0.0693935239	0.0439560072	0.1154688966	0.0143700888	-0.0298547984	-0.0337156103	0.0415645199	-0.0577397633	0.0415390075	0.0812027502	-0.1091974409	-0.0704936746	-0.0233812348	0.1010954274	-0.0282695919	0.0696116857	0.0277351893	0.0411073471	0.0060020334	-0.1022729785	0.0209554166	0.0167622344	0.0842892526	0.0482865048	0.1410155635	0.0752799502	-0.0659213261	0.048796957	-0.0170195506	0.0731431095	-0.0046994178	-0.1608513669	-0.1581312792	0.0343212487	0.0446334572	-0.0627616565	-0.082761186	0.0811344811	0.0845922174	0.0288510379	0.0110917698	0.0136638779	0.0037480811	-0.1317248858	0.0451557172	0.0315379775	-0.1506481538	-0.0169418127	-0.1542907721	-0.0346328983	0.0191559932	-0.0503344942	-0.0054072289	-0.0064714295	0.0752655342	-0.104486041	-0.0335166532	-0.0637931058	-0.0335513608	0.0208975998	0.0993602618	0.0634440844	0.0415237348	0.1570051114	0.02241339	0.0440660854	0.1082679109	-0.016729995	-0.1002120361	-0.0122374858	-0.0124344181	-0.0192952664	-0.015858814	0.1608298162	-0.0606997612	-0.035929272	0.0623656809	-0.0308838125	0.1004671843	0.1325095349	-0.0311831399	0.0601024904	0.0360788628	0.0934527571	0.075714461	0.0766025035	0.1617241418	-0.0412817179	-0.0636152535	0.1137243667	0.0570515675	0.0794288407	0.094896444	0.0737609363	0.0239066071	0.1065430605	0.0670909012	-0.0403721968	-0.0580147416	0.0907155029	-0.0207052216	-0.072748185	0.0838337306	0.0	-0.0838337306	0.072748185	0.0637903380060009	-0.0234099002887831	0.0040692072229198	0.0005480234315307	-0.1292154010210566	-0.0068690202508321	0.0166966198610324	4.71834392063416e-05	0.2914922630213823	0.0342291217521265	0.0849677394013267	0.0011716327759218	0.0194103164043234	-0.0009893633402822	9.78839819094548e-07	0.0003767603829159	0.0033480892180222	0.0001431597753285	2.0494721272135185e-08	1.1209701411836506e-05	0.0126891074415216	-0.0005425233776945	0.0001610134476624	2.943316153451567e-07	0.0	0.0	0.0	0.0	0.0	0.0	0.0	0.0	0.0	0.0	0.0	0.0	0.0	0.0	0.0	0.0	0.0	0.0	0.0	0.0	0.0	0.0	0.0	0.0	0.0	0.0	0.0	0.0	0.0	0.0	0.0	0.0	0.0	0.0	0.0	0.0	0.0
5438.360897609089	-4.603823838529934	29575769.252643537	21.19519393621649	11212.37277969049	-108.61031793088296	125717303.35074425	11796.201161047476	5660.260381778158	2.647999893913948	7.011903438168279	32038547.58952742	6371.458637872536	7018.56392315397	1.99748	57.050152	1.3351423361580022	0.6685751688149163	-0.01060016	0.0246433453	-0.1379851796	0.0608560488	0.0030341384	0.0012612469	0.0467857785	0.0396916695	0.0989916976	0.2187501026	0.1606210387	0.1418998352	-0.1361151181	0.0164686065	0.0081093168	-0.101183817	-0.1433472835	0.0926714699	0.0758321106	-0.1234762773	-0.1128315184	-0.0747325108	-0.1606314056	-0.0670819867	0.0205994384	0.077829506	0.0702165199	0.0581113049	-0.0054235836	0.0044854098	0.0612029528	0.0773426263	-0.0454692912	-0.0777289999	-0.1128230089	0.1575350732	-0.0479866177	0.0198596142	0.0288559428	0.0244540891	0.0903782565	-0.0372712456	-0.0156406519	-0.0250904725	-0.049804974	-0.0262668323	-0.10446471	-0.016899464	0.0438123303	0.0487643403	0.0236367748	-0.1435918883	0.0968643465	0.1447343114	0.0231099324	-0.014162221	-0.0337079701	-0.0624071134	0.0043457635	0.0126028205	0.089567222	0.0070343934	-0.1373351001	-0.0647288474	0.1174308348	-0.0230100801	0.0365215029	0.0231916361	0.158640403	0.2043777192	0.0070348541	-0.0270685498	0.1676532096	0.0208085563	0.0900368201	0.0523695548	-0.0140625047	-0.13970244	0.1141174148	0.0159124044	0.0353676968	0.0374178233	0.1146382525	0.0158265876	-0.0566518167	-0.0682323449	0.1308152039	0.0742748601	-0.0515063177	0.1814458327	-0.0431311603	-0.0222871632	-0.1086643211	-0.131233126	-0.0590607131	0.0400880326	-0.008767413	0.0152743041	-0.0661239951	-0.0748116881	0.015489756	-0.1116835729	-0.0323130635	-0.1140335516	0.0907778642	-0.0305826596	0.0154317976	-0.0026570221	-0.0797742485	-0.1287033053	-0.0505596952	0.003944599	0.0752821746	0.2047091814	-0.0357389925	-0.2542394281	0.1162230285	-0.0334344128	-0.0785574955	-0.0018506204	-0.0508944087	-0.0442440958	0.0826780636	-0.1470702802	0.1147105827	-0.0337096842	-0.1775203929	-0.1785480929	-0.1409217951	-0.1215540229	0.2451612293	-0.0415085642	-0.0560147802	0.0914845461	-0.0256070703	-0.0686381031	0.0868454896	-0.0088448147	-0.0789542098	0.0792871898	0.5171298386203205	0.4533395006143196	0.2674232699914787	0.2055167028172407	-0.0200749868581198	0.1091404141629368	0.0004030050973536	0.0119116300036573	0.3438263465668782	0.0523340835454959	0.118216556593527	0.0027388563005469	0.0230698049104534	0.0036594885061299	1.3391856126497563e-05	0.0005322158986063	-0.0020999914212254	-0.0054480806392476	2.9681582651744542e-05	4.4099639692202745e-06	0.017988105052849	0.0052989976113274	0.0003235719233923	2.807937568485349e-05	0.0	0.0	0.0	0.0	0.0	0.0	0.0	0.0	0.0	0.0	0.0	0.0	0.0	1.0	0.0	0.0	0.0	0.0	0.0	0.0	0.0	0.0	0.0	0.0	0.0	0.0	0.0	0.0	0.0	0.0	0.0	0.0	0.0	0.0	0.0	0.0	0.0
5443.1668269471065	4.8059293380174495	29628065.10597743	23.09695680201684	11267.36438548808	54.99160579758973	126953500.19536516	3024.076708197504	5657.5803345792165	-2.680047198941793	7.18265298855575	32008215.24221748	6353.858848142087	6985.508230501839	1.719195	49.102032	0.9501047775243444	0.5982752455907892	-0.0764523291	0.0674679975	-0.1698150278	0.0170970166	0.0029423331	-0.0866222235	0.0477538777	0.1052710314	0.1994103814	0.1263204857	-0.1396967359	0.0381767311	0.0734591274	0.130531077	0.0666180316	-0.0304878684	-0.2122586975	-0.0894230606	0.0164908559	0.0191865266	0.0012590365	-0.035994243	-0.0599124999	0.0025375826	-0.0151611196	0.0614754609	0.0146323904	-0.0298773788	-0.0654729583	-0.0279278002	0.036209981	0.0338809873	-0.1805581412	0.0382623869	-0.051193058	-0.0200059371	0.0349517458	-0.0139701606	-0.0945855692	0.0355079603	-0.0052025902	0.0122002098	0.0187638191	0.0896546074	-0.0285822804	0.0924900871	-0.0276040532	0.0648229797	-0.0145157202	-0.0474645863	0.0837808107	-0.006102787	-0.0312153985	-0.0120981348	-0.0383989514	-0.0181827126	-0.0195978208	0.0544308723	-0.0920738181	-0.1344090287	-0.0143018073	-0.0982692693	-0.084974711	0.0166148083	-0.0288276438	0.0555709038	0.1240707968	0.027524957	0.1718418989	0.0582452822	-0.1237459588	-0.124803862	-0.0436048669	0.0146196578	-0.0126736593	-0.0395948607	-0.0259814044	-0.0887609361	-0.0862749972	-0.1035124647	-0.0509374423	-0.0313720281	0.1322964974	-0.1282836973	-0.0247640958	0.0648368189	-0.0480269559	-0.0024641766	0.109751916	0.1617692926	-0.038199176	0.0451698143	0.047527314	-0.0297831952	-0.0992045384	0.0109322671	0.036699621	-0.0570990019	-0.1172351666	-0.072596154	-0.0084141407	-0.025429165	0.0859318148	0.097308744	-0.0922967307	0.0174651861	-0.0407647025	-0.1185846963	-0.1117808761	-0.0805074238	-0.1733482749	-0.0538511344	0.0585916774	0.0491943478	0.1492309802	0.0148752978	0.0323211433	0.0393821444	-0.2116406014	-0.2880036739	-0.1429769821	-3.75282e-05	-0.0223406752	-0.1493822847	-0.1835448326	-0.0977403517	-0.0821401739	-0.0340014746	-0.0031488204	-0.0902553006	-0.0671075485	-0.0426372543	-0.0539733795	0.0921013223	-0.0304331576	-0.0642107624	0.0892793062	-0.0176095295	-0.0731409993	0.0846398209	0.97531633641087	0.4581864977905495	0.9512419560699212	0.2099348667575692	0.0139823236238925	0.0340573104820123	0.0001955053739232	0.0011599003972681	0.3786076309154609	0.0347812843485826	0.1433437381874178	0.0012097377409369	0.0232372642846678	0.0001674593742144	2.8042642012278722e-08	0.0005399704514354	-0.0042417745044163	-0.0021417830831909	4.587234775442717e-06	1.7992650946316147e-05	0.0241404562935077	0.0061523512406586	0.0005827616300587	3.785142578843462e-05	0.0	0.0	0.0	0.0	0.0	0.0	0.0	0.0	0.0	0.0	0.0	0.0	0.0	0.0	1.0	0.0	0.0	0.0	0.0	0.0	0.0	0.0	0.0	0.0	0.0	0.0	0.0	0.0	0.0	0.0	0.0	0.0	0.0	0.0	0.0	0.0	0.0
5456.29353155763	13.12670461052312	29771139.10251763	172.31037393192895	11244.636562425265	-22.727823062814423	126441851.42103107	516.5539411745991	5664.640243278674	7.0599086994570825	49.8423108446698	32088149.08577227	6368.153267298234	7095.803040671297	1.258449	35.942646	0.4129170908341698	0.2157290424092013	-0.0391297487	0.0165190921	-0.0975031548	-0.0876327115	-0.0313785319	-0.1411967986	0.0222299069	0.0463229658	0.0859901049	-0.0169079028	-0.0830255681	0.1041344372	0.0086515702	0.068015533	0.0253122671	0.0111144824	-0.1723741252	-0.0470145986	-0.0438036822	-0.0467670166	0.0161371876	0.0907383413	0.057647303	0.0962570383	-0.0777272501	0.0687697454	-0.0972513899	-0.0747483245	-0.0587210424	0.0219412827	-0.0291369349	-0.0749781096	-0.1648542498	0.0646144647	0.0095531437	0.0853632696	0.0317229965	0.0554135487	0.0787908427	-0.0844733647	-0.0648494255	-0.0365087288	-0.0315554321	0.0312025115	-0.0353102929	0.0764085508	-0.0171823767	0.0234748421	-0.0371811457	-0.0306724694	-0.0030430831	-0.0167441135	0.0587140324	-0.114826447	0.0015943968	-0.0049874267	0.0228390493	0.0730651214	0.019085423	-0.0007864406	0.0089506036	-0.0725123061	0.0643229558	0.0297335527	0.0420262806	0.0034009632	0.0525143689	0.0084185383	0.0987600972	0.0020438686	-0.1586051843	-0.0214614171	0.0065596237	0.0579540197	-0.075205518	-0.0026569108	-0.089469738	-0.0309309808	-0.1922137721	-0.0781512727	0.0370253085	-0.0182885432	0.0199993109	-0.0877436375	0.0782317531	-0.0782391774	-0.0015041081	0.0217214066	0.0828849512	0.0348344839	-0.1566718033	-0.0123566429	0.0062835158	0.1618078029	0.1031384788	-0.0406515474	0.0923864349	0.0901356684	0.0562452469	-0.0302090125	0.0093544656	-0.0119767525	-0.0347014344	0.021713073	0.0684511008	-0.0353446652	0.042230846	-0.0675640624	-0.0611256149	-0.0833418253	-0.1605028888	-0.0763158545	-0.019072628	0.0489368691	0.1084835546	0.0567873314	0.0275054758	-0.091084277	-0.1478870826	-0.153475915	0.0200560004	-0.1150993998	-0.091250041	0.0818030374	-0.059630808	-0.0224661544	0.0310132203	0.0086802316	-0.0722982598	0.0829120332	0.0459306955	-0.0437580584	-0.0518920499	0.0925648049	-0.0351692048	-0.0594866269	0.0911189838	-0.0262147696	-0.0664628444	0.0887259867	0.8453632090285765	-0.1299531273822934	0.7146389551790928	0.0168878153164385	0.0252593468724029	0.0112770232485103	0.0006380346044203	0.0001271712533474	0.3592172780643352	-0.0193903528511257	0.1290370528599499	0.0003759857836911	0.0202596687805722	-0.0029775955040956	8.866074986010339e-06	0.0004104541790984	-0.0028687040393655	0.0013730704650507	1.8853225019948192e-06	8.229462865471937e-06	0.0248357220714061	0.0006952657778984	0.0006168130908081	4.833945019166707e-07	0.0	0.0	0.0	0.0	0.0	0.0	0.0	0.0	0.0	0.0	0.0	0.0	0.0	0.0	0.0	0.0	0.0	0.0	0.0	0.0	0.0	0.0	0.0	0.0	0.0	0.0	0.0	0.0	0.0	0.0	0.0	0.0	0.0	0.0	0.0	0.0	0.0
5447.875983929291	-8.41754762833898	29679352.73627354	70.85510807535519	11288.40701761051	43.77045518524574	127428132.99523824	1915.8527471236052	5664.229730644929	-0.4105126337444744	0.168520622463825	32083498.441521924	6365.680104891857	7009.109526467375	1.021293	29.169216	0.1688180245522543	0.086397619031589	-0.0478915774	0.0330269234	-0.1107383505	0.051755116	-0.1092095357	-0.1407000991	0.0301614159	0.0385249083	0.1167241463	0.0471315138	-0.1248374804	0.1032761884	0.0243609648	0.0717140692	0.030109888	0.0133553383	-0.1920163074	-0.069239101	-0.0347831055	-0.0676265755	-0.0590716996	-0.0190177643	0.0314722201	0.0323195048	0.0682890587	0.0253963672	0.0068123252	-0.1225207971	-0.1083355563	-0.0497263355	0.0307973562	-0.0162517176	-0.0811751988	0.0358303398	-0.0073348573	0.0688798186	0.0646474445	0.0380541424	-0.0285536705	0.0072597401	0.0193323603	0.0700913853	0.0245215389	0.0062650307	-0.0392164579	-0.0422720828	-0.0544805741	-0.0254830851	0.0261075987	0.0660861678	-0.0473780969	0.0525604082	-0.0109646701	0.07043251	0.0093454005	-0.0191946816	0.0096355627	-0.028012044	0.0254741606	0.0366660922	0.0861698253	-0.0364692858	-0.0058934485	0.112153317	-0.0239883458	-0.0103297189	0.0597582726	0.0002846317	0.1099883365	0.0280450097	-0.1728063451	-0.0479406265	-0.0260324861	0.0618279161	0.0270226936	-0.0026073077	-0.016116022	0.0081928821	-0.1090416117	-0.1011336728	-0.0117805472	0.0314576924	0.0675601493	-0.0603355455	0.0207005148	0.0375178769	-0.0033943466	0.0119518679	0.0646587901	0.0899256893	-0.0545281613	0.0320218892	0.0192198502	0.0016364804	0.056502843	-0.0710665916	0.0029425211	-0.0134789828	0.0126465504	-0.1114791058	0.0688339591	-0.0222059895	-0.0784205476	0.0020802757	-0.0255839436	-0.0695372433	-0.2141831366	-0.0736117984	-0.0635733892	-0.0731840594	-0.1642790706	-0.0854100984	-0.0067125335	0.0157060283	0.1102053918	-0.0036710123	0.0107480452	-0.0392373496	-0.1575875765	-0.1999864526	0.0136210287	-0.0601435554	-0.0695106191	0.064241153	-0.0603000058	-0.0974710028	-0.0011061719	0.0186714909	0.004113529	0.0259099308	0.0212354886	-0.0448707692	-0.049772331	0.0928742226	-0.0398011998	-0.0544875326	0.0923522795	-0.0345826047	-0.058998719	0.0914845461	0.8319506652814965	-0.01341254374708	0.6921419094623247	0.0001798963297673	-0.0284762493625407	-0.0537355962349436	0.0008108967777575	0.0028875143027248	0.362559372190816	0.0033420941264808	0.1314492983633986	1.1169593150257753e-05	0.0195483985554806	-0.0007112702250915	5.059053331018526e-07	0.0003821398860839	-0.003121820466805	-0.0002531164274394	6.406792583973562e-08	9.745763026962588e-06	0.02583789122775	0.0010021691563439	0.000667596623097	1.0043430179270449e-06	0.0	0.0	0.0	0.0	0.0	0.0	0.0	0.0	0.0	0.0	0.0	0.0	0.0	0.0	0.0	0.0	0.0	0.0	0.0	0.0	0.0	0.0	0.0	0.0	0.0	0.0	0.0	0.0	0.0	0.0	0.0	0.0	0.0	0.0	0.0	0.0	0.0
5448.032723607169	0.1567396778782495	29681060.557494547	0.0245673266213774	11282.35913771026	-6.0478799002503365	127291627.7122742	36.57685128785202	5650.154606609178	-14.075124035751289	198.1091166217836	31924247.078586917	6361.334000264002	7015.927600469239	1.072389	30.628569	0.1897437246015653	0.1091248804420755	-0.020776105	0.043235632	-0.0469930982	0.0263549179	-0.0301332903	0.0008407014	0.031526674	0.0457760261	0.0320620811	0.1020842481	0.0514962438	0.0586471051	0.0429328689	0.0600139565	0.03044497	0.0029799463	-0.1184424085	-0.0740550658	0.0643235172	0.0243642504	0.0431386669	-0.0224264821	0.0633334273	-0.0057245687	-0.0009214924	0.0788399499	0.0258929525	0.0091474936	-0.0790081477	-0.0067010915	0.0195862835	-0.018987896	-0.157218707	0.0094036665	-0.0420721012	0.2370915257	-0.0469074732	-0.0055129157	0.0522746828	-0.0752002052	0.0629946929	-0.0524427966	0.0304889068	-0.093746527	-0.0600712072	0.0191305791	0.01208812	0.0734847834	-0.0452280865	-0.0290247214	0.0271028753	-0.0522326574	0.0116632609	0.0080080731	-0.0060003937	-0.0661797238	-0.010663204	0.0123723892	-0.0523507891	0.011657163	-0.0824694059	0.0244843028	0.0639035976	0.0523256791	-0.0788625192	-0.0551824464	0.0553048065	0.0347811486	0.0538416964	0.0319390238	-0.007028173	-0.1458813086	0.0326740153	0.0898642825	0.0310066788	-0.0080616475	-0.1842641665	-0.0850793948	-0.1186562032	0.0092545512	0.0455811037	-0.0123396093	0.0096323636	-0.0304706549	0.100158788	-0.1193937386	0.0067677198	0.0713306038	0.0463110841	0.1019129477	-0.079064482	0.1403501989	0.0243264016	-0.0083097385	-0.0182893825	-0.0258796894	0.109264897	0.037830893	0.066345379	-0.0302755213	-0.038468796	0.0711850583	-0.0597794163	-0.0039191274	0.042989948	0.0180251139	0.0026790429	-0.0604579158	-0.0477276848	-0.055601973	-0.1358753964	-0.0658561754	-0.0415670403	0.0768294396	0.0850524418	-0.0238128791	-0.0015900721	-0.0932117925	-0.1165268404	-0.1467195857	-0.0001037893	-0.1497746234	0.0258993671	0.0859080547	-0.0147781078	-0.0108712905	-0.0086490792	0.0495521578	-0.0639193403	0.062822507	0.0207367589	-0.0459751808	-0.0476157909	0.0930290603	-0.0443154383	-0.0492365861	0.0929709861	-0.0426372543	-0.0508368917	0.0928742226	0.802707565563253	-0.0292430997182435	0.6443394358124841	0.0008551588811311	0.0089340161978697	0.0374102655604104	7.981664542379816e-05	0.0013995279693004	0.3353651971279348	-0.0271941750628812	0.1124698154446585	0.0007395231573506	0.019397562846754	-0.0001508357087266	2.2751411027055773e-08	0.0003762654443937	-0.0031162729978744	5.547468930599923e-06	3.077441153597146e-11	9.7111573972811e-06	0.0240763507202066	-0.0017615405075434	0.0005796706640023	3.1030249597162665e-06	0.0	0.0	0.0	0.0	0.0	0.0	0.0	0.0	0.0	0.0	0.0	0.0	0.0	0.0	0.0	0.0	0.0	0.0	0.0	0.0	0.0	0.0	0.0	0.0	0.0	0.0	0.0	0.0	0.0	0.0	0.0	0.0	0.0	0.0	0.0	0.0	0.0
5439.657940907584	-8.374782699585012	29589878.514078937	70.13698526526842	11298.845257700706	16.48611999044624	127663904.15746574	271.7921523393912	5662.849195212097	12.694588602918884	161.15257979735802	32067861.00771429	6372.860952288994	6898.926431083267	2.281969	65.175453	1.223524698343503	0.5883116141121969	-0.0940119342	0.099438281	-0.2194415709	-0.0760344011	-0.1363844423	-0.0277693375	0.0055024545	0.109714063	0.4010150667	-0.3456524294	-0.1810171578	-0.0920063799	-0.2692691127	0.0522055666	0.0270502715	-0.1611690578	-0.1747008093	-0.1991942534	-0.0324066897	-0.0256618908	-0.0916010334	0.0063256797	-0.0265220236	0.1135091043	0.2101405685	-0.1965336896	0.0065809773	0.0858356466	0.0210080005	-0.0874857089	-0.0241717093	0.1082687131	-0.0262140248	0.0746049115	-0.0399449352	-0.1280225617	0.1114522021	0.0325201827	-0.1251491732	0.149937519	-0.0857972503	0.0005000798	-0.0318707408	0.0522873252	0.0223852253	0.1040711213	0.0184403572	0.0230188825	0.041654478	-0.0035147417	0.0505772686	0.0788593207	0.0168480693	0.0517350197	0.0308520383	0.0844940579	-0.0138262636	-0.0343872313	0.1373111881	0.0816089564	-0.0183111531	0.050126255	-0.0543990323	0.0377013722	-0.0196811166	-0.0278461418	0.0494320866	0.0250658235	0.3479415633	-0.2452346416	-0.1805361051	-0.050103617	-0.141488251	0.0915258423	0.0306026089	0.2378158645	0.1781168314	0.2264986462	0.34596398	-0.0248367845	0.0637463677	0.003470019	0.0465749549	-0.0938691811	-0.0140862848	0.0967857355	0.1125133136	-0.0694338626	0.1126047686	-0.0306754994	-0.032203293	-0.1090170493	0.0186171351	-0.0457343637	0.0017502018	0.0250057165	0.0514838503	-0.104417654	-0.0324694233	0.1056594784	-0.0463245529	0.0568386154	-0.0098298959	-0.1353091714	-0.0046446253	0.1095061577	-0.0226351377	-0.0788888409	-0.0755186379	-0.0970840477	-0.1080336343	-0.202370996	0.0840004257	-0.2812902072	-0.0983660756	0.0303845883	0.0909020338	0.3259487063	-0.128403129	-0.0394335394	0.1851667087	0.3896747098	0.0281336165	-0.3457205995	0.2028749286	0.0022157353	-0.1304630304	0.3026046729	0.133409654	0.1350297827	0.0921245119	-0.047071089	-0.0454240252	0.0930290603	-0.0486985645	-0.0437580584	0.0929709861	-0.0503057744	-0.042073882	0.0928742226	0.7633926896051122	-0.0393148759581407	0.5827683985425272	0.0015456594716039	-0.3458505142877897	-0.3547845304856594	0.1196125782331286	0.1258720630719297	0.6675985168346728	0.332233319706738	0.4456877796798548	0.1103789787233595	0.0176763403686112	-0.0017212224781428	2.962606819264045e-06	0.0003124530088269	-0.007390515288556	-0.0042742422906816	1.826914715945109e-05	5.461971623037997e-05	0.0201279760451717	-0.0039483746750349	0.000405135419675	1.5589662574456956e-05	0.0	0.0	0.0	0.0	0.0	0.0	0.0	0.0	0.0	0.0	0.0	0.0	0.0	0.0	0.0	1.0	0.0	0.0	0.0	0.0	0.0	0.0	0.0	0.0	0.0	0.0	0.0	0.0	0.0	0.0	0.0	0.0	0.0	0.0	0.0	0.0	0.0
5448.88646874494	9.228527837356523	29690363.749271706	85.16572604486427	11294.35351251096	-4.491745189747235	127562421.26556864	20.175774849617422	5669.540085712067	6.69089049997001	44.76801568258893	32143684.78349599	6364.651190880691	6938.789192216185	2.251508	64.305466	1.6367036542835325	0.7562605758243829	-0.095502356	0.0028178733	0.0518034112	0.0385482269	-0.1181161287	-0.0513675914	0.0339786073	-0.0319201323	0.0073137211	-0.0708801661	-0.1872325412	0.0621290363	-0.0146077568	0.0424368718	-0.0106065367	-0.0216662596	0.0882931932	-0.065410059	-0.1011951812	-0.0080210778	-0.0059172633	-0.1130408545	-0.0337503757	0.0241474585	0.0005422245	-0.1030795019	-0.1328209163	-0.0547639783	0.0869260898	-0.0547291886	0.0284017032	0.1551999556	0.1875940893	-0.0619046881	0.0835641728	-0.0154182715	-0.1190421617	0.0486387094	-0.0338615191	-0.0877009062	-0.024636344	-0.0386431127	0.0639740454	0.1121692276	-0.0122233805	-0.0261164836	-0.0363994862	-0.0906483411	-0.1409081647	0.1874414129	0.0395622582	-0.000899907	-0.1325251307	-0.0743238935	-0.0747437294	0.0382817235	-0.1435787298	-0.0404581894	0.0056944155	-0.0373087495	-0.0827782402	0.0543117226	0.0456961285	0.0584514371	0.0736531467	0.0337075853	0.0379704327	-0.0518400822	-0.003978169	-0.1762396187	-0.0978311102	0.0619842859	-0.0518257561	-0.0785975378	0.0789153456	-0.1649823904	0.2758830547	0.0622212699	0.066075926	-0.0299975279	-0.070132287	0.0129417956	-0.0671615235	0.1253322204	-0.0592818863	-0.0628677542	-0.0078245478	-0.0469382493	-0.0960565735	-0.012332921	0.1103777576	0.0255409343	-0.1179495612	0.0289114399	0.0844905802	-0.0346377387	-0.0597462861	0.0572920334	0.1134942695	-0.0631406915	0.0733027982	-0.0754913174	0.1052198799	0.0798592988	-0.0539156247	0.0494513022	0.0993442362	-0.063081545	0.0216707406	0.0597719954	0.1475073793	-0.0487393922	0.0589264826	-0.2052400725	-0.0547891278	-0.0198185015	0.0874613369	0.1226635732	-0.0540108074	0.3041078595	-0.0505034434	0.0178865747	-0.0357729435	0.0385261203	0.0111959188	0.0526555076	-0.0693187829	-0.0988565457	0.1100005405	-0.0577624767	-0.067140175	-0.0481582911	-0.0431986551	0.0928742226	-0.0529376103	-0.0380772724	0.0923522795	-0.0575187176	-0.0328133187	0.0914845461	0.5687814832021729	-0.1946112064029392	0.3235123756336637	0.0378735216576074	-0.0486424167720827	0.297208097515707	0.0023660847094289	0.0883326532289059	0.1434384709978715	-0.5241600458368012	0.0205745949622072	0.2747437536516375	0.0126697378386512	-0.00500660252996	2.5066068893001875e-05	0.0001605222569001	-0.0069281298881582	0.0004623854003978	2.1380025850103386e-07	4.799898374719095e-05	0.0131824778849678	-0.0069454981602038	0.0001737777231876	4.823994469339574e-05	0.0	0.0	0.0	0.0	0.0	0.0	0.0	0.0	0.0	0.0	0.0	0.0	0.0	0.0	0.0	0.0	1.0	0.0	0.0	0.0	0.0	0.0	0.0	0.0	0.0	0.0	0.0	0.0	0.0	0.0	0.0	0.0	0.0	0.0	0.0	0.0	0.0
5461.688167047242	12.801698302301702	29830037.634063862	163.88347942315428	11295.618711510484	1.2651989995247277	127591002.07582577	1.600728508398372	5664.5718846140735	-4.968201097993187	24.68302215010071	32087374.63596024	6376.296251509455	6944.003082769736	1.478533	42.228466	0.3075464890172723	0.1309797787606972	-0.0660032604	0.0254179818	0.0703849872	0.0573654524	0.0483422827	0.1396223015	0.0751524627	0.0043862861	-0.103082666	0.1333760357	0.0698987081	-0.0346356537	0.0247293462	0.0447744446	-0.0128711271	0.0210310278	0.0968632725	-0.020054595	0.0973303157	0.0140510283	-0.001563313	-0.0054534479	-0.087814264	-0.0433091646	-0.0669267894	-0.0082899829	-0.076634472	0.0340697754	0.0076589392	0.100748156	-0.0052668353	0.0062051419	0.0266229629	-0.0956037186	0.0640288128	-0.1486364085	0.007808143	0.0395987106	-0.0364090848	0.0640783355	0.0443055693	0.033643806	0.1207596447	0.0236790966	-0.1159689214	0.0277579258	0.0550899655	-0.0702179591	0.0156819664	-0.0150447433	0.0861239156	-0.0103574164	-0.0432510994	-0.0855805393	0.0035924097	-0.0099304812	0.0648518387	0.0238804135	0.0191657152	-0.0792066611	-0.0557665308	-0.0076581923	-0.0899436243	-0.0408262309	0.0774357591	0.0455495949	0.0639365804	-0.0104822845	-0.0817041779	0.0254164329	0.1269698422	-0.070743521	0.0675068434	-0.0927356959	-0.0036530115	-0.0422976829	-0.004119048	-0.0661672064	-0.0007365085	0.0313773233	-0.0189357383	-0.0703244918	0.0319886282	0.129891005	-0.0753386622	-0.0430491831	-0.1100314658	-0.040652063	-0.0197060676	-0.0223876025	0.034133275	-0.0934951082	-0.0280739298	-0.0909269693	-0.0727209122	0.0222082434	0.0465296537	-0.0440734722	0.039861953	0.0588791252	0.013291579	-0.1034724021	0.1133010302	0.0084129652	-0.0658172955	0.0575034042	-0.005196161	-0.0635783021	0.0356095782	0.0548535973	0.1070434449	0.0062314692	0.0097420882	-0.0985148647	-0.0347875843	-0.0641078162	0.0519523751	0.0706152813	-0.0424526826	0.1755018723	-0.1605534296	-0.0872490383	0.1159913676	-0.0242080917	-0.0445455686	0.0867258327	-0.0198239163	-0.1136476896	-0.0405279621	-0.1130789515	-0.1535646506	-0.0492365861	-0.0409413271	0.0925648049	-0.057020034	-0.0322204857	0.0911189838	-0.0642107624	-0.0231647145	0.0887259867	0.5831696791596954	0.0143881959575224	0.3400868746912221	0.000207020182912	0.013927800891949	0.0625702176640317	0.0001939836376857	0.0039150321385243	0.2059186682770146	0.0624801972791431	0.0424024979449791	0.0039037750520406	0.0137914279498803	0.0011216901112291	1.2581887056291516e-06	0.0001902034848967	-0.0057697426515064	0.0011583872366518	1.3418609900377933e-06	3.32899302646121e-05	0.0142645580994184	0.0010820802144506	0.0002034776177716	1.1708975905054576e-06	0.0	0.0	0.0	0.0	0.0	0.0	0.0	0.0	0.0	0.0	0.0	0.0	0.0	0.0	0.0	0.0	0.0	0.0	0.0	0.0	0.0	0.0	0.0	0.0	0.0	0.0	0.0	0.0	0.0	0.0	0.0	0.0	0.0	0.0	0.0	0.0	0.0
5447.995276292911	-13.692890754331527	29680652.530509867	187.49525721005787	11246.62674822126	-48.99196328922335	126486613.21380591	2400.2124669326085	5659.909803655053	-4.662080959020386	21.734998868460444	32034578.98551058	6363.194521411041	7014.389221768142	1.12541	32.142899	0.2546676110058326	0.1321164890601182	-0.0965733445	-0.0068729282	0.0441266212	-0.087668892	0.011491344	0.0109593867	0.0664296035	0.0012199672	-0.038225328	-0.0679379437	-0.0978227436	0.0305566815	-0.0648856093	0.0622301083	-0.0134610529	0.0456564344	0.0799259306	-0.0366307127	-0.0512204538	-0.0231121243	-0.0137725526	0.0281029685	-0.0478199163	0.0087225255	0.0358594479	-0.0175434488	-0.0026886557	0.0895624686	0.1133209216	0.0484373815	0.0023225701	0.1504438689	0.0469482883	0.0151233718	-0.0190250499	-0.1353368173	-0.0287716991	-0.0280414151	0.0247515646	0.0364561596	-0.0073691996	0.0587330141	0.0580895392	0.0370151243	-0.0127863226	0.0362407927	-0.0337641748	-0.0504901368	-0.0061492422	-0.050475554	-0.0528443602	0.1018241664	0.0369888713	-0.0597925732	0.0572909011	-0.0358157988	0.061753896	-0.1421924536	-0.0239384769	0.1214096737	-0.0094080192	-0.0608870044	0.1002233483	0.0225259098	8.99698e-05	0.0237326323	0.0685518529	-0.0354118326	-0.0449113411	-0.0677787522	-0.0437282438	0.0595460322	-0.0048986128	-0.0703792696	-0.0335759631	0.0196189482	0.075791187	0.0161346976	0.0573545909	0.0158940862	-0.0256448122	-0.0303474053	0.0186206117	0.1015423902	-0.0037240807	0.0395960857	0.0265508837	-0.0809709704	-0.1103926188	-0.0315367592	0.0214177104	-0.1123536818	-0.0017766508	0.0093351326	-0.0790211606	0.0917091332	0.0085516815	-0.0207987547	-0.0027139349	-0.1848590949	0.0029899292	0.017892413	0.1366814298	0.0070330647	0.0709415314	0.0605327515	0.0227742075	-0.0769340163	0.0374043432	0.0598915052	0.0828992904	-0.0348052402	0.0020091236	-0.1215918405	-0.0417832806	0.006171042	0.0839799951	0.0856655755	-0.0465262595	0.161714946	-0.0793476764	-0.023115823	0.0035386497	-0.0143654287	-0.0140942034	0.0814492327	0.0343537783	-0.1335650245	-0.0052087569	-0.0182058919	-0.083850613	-0.0503057744	-0.038653711	0.0921013223	-0.0609337573	-0.0262147696	0.0892793062	-0.0703213046	-0.013242171	0.0846398209	0.6360136750338654	0.0528439958741699	0.4045133948300833	0.0027924878999492	0.0083354649847109	-0.005592335907238	6.947997651134149e-05	3.127422089938457e-05	0.2220169177504942	0.0160982494734795	0.0492915117674297	0.0002591536361103	0.0132225420659647	-0.0005688858839156	3.236311489184339e-07	0.0001748356186862	-0.00456810471175	0.0012016379397563	1.4439337382620047e-06	2.086758065751255e-05	0.0160966948707653	0.0018321367713468	0.0002591035857625	3.3567251489214344e-06	0.0	0.0	0.0	0.0	0.0	0.0	0.0	0.0	0.0	0.0	0.0	0.0	0.0	0.0	0.0	0.0	0.0	0.0	0.0	0.0	0.0	0.0	0.0	0.0	0.0	0.0	0.0	0.0	0.0	0.0	0.0	0.0	0.0	0.0	0.0	0.0	0.0
5445.845773356191	-2.149502936719728	29657236.187181488	4.620362874966733	11256.763620804768	10.136872583507284	126714727.21467368	102.75618577426164	5658.308549231632	-1.601254423420869	2.5640157285248995	32016455.63830778	6364.838189078511	6957.0444824680135	0.995079	28.420527	0.2436492116226994	0.1031164310127279	-0.0672094882	-0.0026009796	0.0684916419	0.0510573528	-0.0823624732	-0.0103650282	0.0591310208	0.0194712815	-0.0380421567	0.0533590888	-0.014138326	0.0132864662	-0.0213033578	0.0421374812	-0.0067648522	0.0461817375	0.0436290006	-0.0429403032	-0.0845316326	-0.0619761876	-0.006276063	-0.049066354	0.0261164341	-0.0364777634	-0.0195617937	0.0418876621	-0.0449174978	-0.0350123779	-0.0145921361	0.0477631574	-0.0350753273	0.0129732703	0.0329397093	-0.0571476673	-0.0801507944	-0.098170489	-0.174374326	0.0364093819	0.0836597782	-0.120711266	0.0278735421	0.0655233306	-0.0047388715	-0.0631025338	0.0501724996	-0.144446892	-0.0365694866	-0.0479787972	0.0105412043	-0.0278969237	-0.0099377977	-0.0239679631	0.031831544	0.0567856457	0.0093832137	0.0848339327	0.0712431638	0.0311147977	0.0132510995	-0.0240311358	-0.083050071	-0.0603173704	0.0428925041	0.1137683417	0.0240399689	0.0245254599	0.0481786328	-0.0242140945	-0.0623954957	0.0173577958	-0.0321878364	0.0321820795	0.0370209968	-0.0876817965	0.0448372776	-0.0138593427	-0.0337967154	-0.0238692124	0.0126703706	-0.0030532734	0.0333196939	-0.1097179894	0.0014045494	0.0646261786	0.0751701994	0.0921191548	-0.1040992868	-0.0139083697	-0.1453034688	0.0777087395	0.0985093712	0.036553362	-0.0860784762	0.0031007119	-0.0602202917	-0.0321706838	0.0062210646	0.0164660736	0.0699845224	-0.0316797076	0.0108375571	-0.0558828318	-0.0995011295	0.0190037595	0.0082455716	-0.1210613734	0.0426355323	-0.0581914992	0.0411106675	0.0422674754	0.050244563	-0.0305053656	-0.0226854555	-0.0546491363	-0.0331742975	-0.0311165673	0.0517977564	0.0388177358	-0.0133634615	0.1037425915	-0.0804527324	-0.0781509706	0.0121283865	0.0668591004	0.0233941246	0.0322757476	-0.0248348946	-0.0818680083	0.0464329716	-0.0715692179	-0.0466109067	-0.0513656584	-0.0363374993	0.0914845461	-0.064667201	-0.0200878836	0.0868454896	-0.0757950062	-0.0031630294	0.0792871898	0.6020372408418098	-0.0339764341920556	0.3624488393604193	0.001154398080407	0.0231256712987573	0.0147902063140464	0.0005347966730181	0.000218750202812	0.2663791250363516	0.0443622072858573	0.0709578382551322	0.0019680054352733	0.0141582907351854	0.0009357486692207	8.75625571948314e-07	0.000200457196542	-0.0038569122543272	0.0007111924574228	5.057947114950812e-07	1.4875772137579324e-05	0.0174601610207366	0.0013634661499713	0.00030485722287	1.8590399421175597e-06	0.0	0.0	0.0	0.0	0.0	0.0	0.0	0.0	0.0	0.0	0.0	0.0	0.0	0.0	0.0	0.0	0.0	0.0	0.0	0.0	0.0	0.0	0.0	0.0	0.0	0.0	0.0	0.0	0.0	0.0	0.0	0.0	0.0	0.0	0.0	0.0	0.0
5441.578498696892	-4.267274659298892	29610776.55748032	18.209633017894472	11254.011188117824	-2.752432686944303	126652767.82228117	7.575885696159435	5654.716513425603	-3.592035806029344	12.902721231796878	31975818.84720821	6353.704953151889	6913.829892976238	0.949487	27.118366	0.2071312556207254	0.1028434481952978	-0.061260013	0.0132282666	0.0283041466	0.0216908265	-0.0254637862	0.1048344822	0.0352945343	0.0115907358	-0.004463835	-0.0059818573	-0.0294713783	-0.0508488538	-0.094948652	0.0429165007	0.0012324761	-0.0006442958	0.0568316516	-0.1084956788	0.0694328914	-0.0230084916	0.0731243595	-0.0092762617	-0.0635178963	-0.0451375854	-0.056009501	0.0083366545	0.0037349279	0.0446135738	0.0587071103	0.0114363741	-0.0912471	0.0717731141	0.0295648685	-0.079345326	0.0240880787	0.0011936462	-0.0478468448	0.0796508931	-0.0430491914	-0.003732406	-0.0765371319	0.0465092393	0.051231076	-0.0636149453	-0.0216990604	-0.1006735591	0.0270616688	0.0085633824	0.0224991392	-0.0718958687	-0.044433332	-0.0203338684	0.076448393	-0.0350324455	-0.0347293497	-0.0611467505	-0.0309441263	-0.028131775	-0.0509234756	0.0183057735	0.0503828466	0.0497916694	0.0581651834	-0.1272080081	-0.136674612	-0.0504763637	0.0407606622	-0.0117890345	-0.0195276948	-0.0776356419	0.0133188864	-0.0914965826	0.0527638086	-0.0461347411	-0.0146625005	-0.0330909862	-0.0011822435	-0.0227083424	0.0639026338	0.0311623146	-0.0284007972	-0.0466229921	-0.0331133404	-0.0202004298	-0.0117378452	-0.0348484698	-0.0506472514	-0.0551125745	-0.1080205498	0.0025295749	0.0608269726	-0.0387499017	-0.0283067095	0.0022497289	-0.0662708061	0.0735721061	0.0423230648	-0.0051363265	0.0344210919	0.0165831618	-0.0751459818	-0.0199338534	0.0603987153	0.0411061274	-0.0191216331	0.0203948145	-0.0639496307	-0.0541951164	0.0381005928	0.0397864522	0.0238680888	-0.043594102	-0.0218490412	-0.04663633	-0.0243351726	-0.0086100989	0.0183118353	-0.0031679998	-0.0146357078	0.0728586517	-0.0479383478	-0.0387945694	0.0787024076	-0.0025702011	0.0001894921	0.0602095636	0.0368408402	-0.0324863039	-0.0154190568	-0.0232772027	-0.051795308	-0.0524160419	-0.0339944055	0.0907155029	-0.0682093192	-0.0138681475	0.0838337306	-0.0805822964	0.0069535172	0.072748185	0.6220445178461915	0.0200072770043817	0.3869393821825009	0.00040029113313	-0.0149760447092432	-0.0381017160080005	0.0002242819151332	0.0014517407627543	0.2567360341901334	-0.0096430908462181	0.0659133912516773	9.29892010684167e-05	0.0146476271033858	0.0004893363682003	2.394500812435564e-07	0.0002145529797598	-0.0031276027565916	0.0007293094977356	5.318923434873533e-07	9.781899003039374e-06	0.0190290985900431	0.0015689375693065	0.0003621065931495	2.4615650963813904e-06	0.0	0.0	0.0	0.0	0.0	0.0	0.0	0.0	0.0	0.0	0.0	0.0	0.0	0.0	0.0	0.0	0.0	0.0	0.0	0.0	0.0	0.0	0.0	0.0	0.0	0.0	0.0	0.0	0.0	0.0	0.0	0.0	0.0	0.0	0.0	0.0	0.0
5453.781381137717	12.202882440825306	29743731.353244428	148.91033986460258	11253.440264020648	-0.5709240971755207	126639917.77588113	0.3259543247356834	5669.3533759131005	14.636862487497638	214.23774347791556	32141567.70097727	6372.317217811326	7034.21317108352	0.954823	27.270767	0.1470032063101147	0.0677939284791379	-0.0551650241	-0.0145330475	0.0457560388	-0.0994407789	0.0321528106	0.010578592	0.0503202282	-0.0099583226	-0.0774924443	0.013329896	-0.0312406044	0.0272564269	-0.0147304655	0.037608497	-0.0109077858	0.0620368726	0.0042809264	-0.0077408332	-0.0547447373	-0.0435910604	0.0068395433	0.0781469567	-0.0388351588	0.0293537543	-0.0097414815	0.0502784577	-0.0010688234	0.0674690867	-0.0167434603	0.033331099	-0.0499813541	0.0066337975	-0.0215717558	0.0823111367	0.0574689412	-0.0066449507	0.0826964449	0.0096351664	0.1241689609	-0.0192489778	-0.0537998014	0.0088757161	-0.0423423356	-0.0544722461	-0.1005215375	0.0199307693	0.0278300705	-0.1002602542	0.0418578097	0.021759825	-0.0295699946	0.0182976716	-0.0069867322	0.0712959438	0.0260586885	-0.0627420772	0.0349778511	-0.0276868199	0.0065335168	-0.0495036535	-0.0292465806	-0.0556898576	0.0579668134	-0.0643295584	-0.0423630659	0.0266493971	0.0409633976	-0.0227965919	-0.0622182205	0.0120016264	-0.0403831832	0.0497065671	0.0527019883	-0.0408941477	-0.0838341532	-0.0043983901	-0.0400784303	-0.0321872508	-0.0450016736	0.0328453273	0.0082242582	-0.0637274893	0.0758631868	0.0521055595	0.0139982523	-0.0334682431	0.0097085308	-0.0503104188	-0.0306339407	-0.0520936447	-0.0357094294	-0.0383746403	0.0821353957	0.0793171056	-0.0291613933	0.0362321346	0.0400458822	-0.0078862229	0.0418765427	-0.0243256142	0.0265638109	0.055903593	-0.0445929544	-0.0202545097	0.0283552266	-0.049571494	-0.0825600952	-0.0484371701	0.0417689028	0.0369770572	0.0132139506	-0.0322390068	-0.0360323416	-0.0126839284	-0.0216066096	-0.0081702326	0.0247307597	-0.0135614436	0.0118185003	0.0155664513	-0.0185633633	-0.0296980073	-0.0271050214	-0.0035597399	-0.0193812705	0.049093573	0.0864129694	-0.057258185	-0.0444144336	-0.0127262768	-0.045883018	-0.0534567308	-0.0316261628	0.0897954726	-0.0715496322	-0.0075843101	0.0802640719	-0.0846398209	0.0169878336	0.0651206494	0.6079754938382536	-0.0140690240079379	0.3696342011078682	0.0001979374365359	-0.0024451943704946	0.0125308503387486	5.978975509498484e-06	0.0001570222102121	0.2422352377664154	-0.014500796423718	0.0586779104157518	0.0002102730969221	0.0151819237312055	0.0005342966278197	2.854728864995039e-07	0.0002304908081801	-0.0023999456733208	0.0007276570832708	5.29484830834168e-07	5.759739234891228e-06	0.0198851955897468	0.0008560969997037	0.0003954210036424	7.32902072901681e-07	0.0	0.0	0.0	0.0	0.0	0.0	0.0	0.0	0.0	0.0	0.0	0.0	0.0	0.0	0.0	0.0	0.0	0.0	0.0	0.0	0.0	0.0	0.0	0.0	0.0	0.0	0.0	0.0	0.0	0.0	0.0	0.0	0.0	0.0	0.0	0.0	0.0
5461.425377172662	7.643996034944394	29827167.15042555	58.43067538224561	11273.149173970123	19.708909949475128	127083892.29858328	388.4411313965197	5670.003616880607	0.6502409675067611	0.4228133158241287	32148941.015439168	6375.563291852854	7005.942876300853	0.8888629999999998	25.386879	0.1312628566860706	0.0618239633312544	-0.0440052995	-0.0133448098	0.0567518753	0.0200880626	-0.0796365092	-0.0389999446	0.033620617	-0.009051067	-0.0419015371	-0.0119681787	-0.074951135	0.0199339328	-0.0025216153	0.0377888787	-0.0122490636	0.0558430722	0.0260729566	-0.0164501815	-0.072689117	-0.0614690501	-0.0077925352	0.0009419588	-0.0115315978	-0.0089538788	-0.033470303	-0.0151546885	-0.0719392793	-0.0096303205	-0.0185695689	-0.0049119358	0.0228295198	0.04611083	0.1051951913	-0.0866579945	-0.0162388218	-0.0571134797	0.0673251011	-0.0601769286	0.1014349237	0.0143670191	0.042444127	-0.0001660605	-0.0638560997	0.0505174081	-0.0373780042	-0.0584529947	0.0187088396	-0.0131216186	0.0224244661	0.1096270772	0.1171286029	-0.0885304648	-0.0556588804	0.0381803279	0.0163771645	-0.0532952701	-0.0073867952	-0.0610498772	-0.0158483244	-0.0507730481	0.1080671929	-0.0794533976	-0.1194017812	-0.0079197123	0.0782469159	0.0992049959	0.0314663294	-0.0314684842	-0.0560218334	-0.0151577478	-0.0764127337	0.0519538819	0.020180013	-0.0637217738	0.0352651121	-0.0377642819	0.0137099222	0.0306416545	0.0118871788	0.0319173649	0.0397894095	0.0008760638	0.0227657361	0.0323780891	-0.0271553405	0.0084385733	-0.0535193206	-0.0288276194	-0.0708752227	-0.011286869	-0.0286426209	-0.0387831491	-0.0339620329	-0.0204874306	-0.039417489	-0.0240729609	0.0169819612	-0.0266162952	0.0013072155	0.0449399093	0.1142384148	0.0057879269	-0.0227271636	0.003419956	-0.020861164	-0.0649666597	0.0447938964	-0.0381533914	0.0440671422	0.0406460142	0.0189188319	-0.0354091191	-0.0366455766	-0.0297399495	-0.0215280871	0.0108545431	0.01893461	-0.0148985505	0.0243263495	0.0487485345	0.0103558434	-0.0122174457	-0.058172204	0.0475332776	0.0330751969	-0.0085001008	0.0321828265	-0.0287837564	0.0205359737	-0.0123702971	0.0153991763	-0.0544875326	-0.0292345235	0.0887259867	-0.0746782574	-0.0012654166	0.0761602691	-0.0879308341	0.0268212567	0.0565187138	0.5862325452946777	-0.0217429485435758	0.3436685971626764	0.0004727558113685	-0.0425025512109868	-0.0400573568404922	0.0018064668594425	0.0016045918370465	0.2552955144986981	0.0130602767322826	0.0651757997231549	0.0001705708283238	0.0147987558673257	-0.0003831678638798	1.468176119102099e-07	0.0002190031752207	-0.0017285971464544	0.0006713485268663	4.507088445256853e-07	2.9880480947302942e-06	0.019958724690395	7.352910064819737e-05	0.0003983506912669	5.406528642132739e-09	0.0	0.0	0.0	0.0	0.0	0.0	0.0	0.0	0.0	0.0	0.0	0.0	0.0	0.0	0.0	0.0	0.0	0.0	0.0	0.0	0.0	0.0	0.0	0.0	0.0	0.0	0.0	0.0	0.0	0.0	0.0	0.0	0.0	0.0	0.0	0.0	0.0
5459.183262492422	-2.2421146802398653	29802681.893477403	5.027078239347113	11293.314558379505	20.16538440938166	127538953.71450648	406.64272837813286	5666.638032752258	-3.365584128348928	11.327156524994214	32110786.594234385	6371.065500729672	6964.438831370541	0.805834	23.015467	0.0605942612887861	0.0321716915543058	-0.0411513756	0.0041441142	0.0764514242	0.0513148081	-0.0288290723	0.0951231346	0.0442102545	0.0016905717	-0.0718986995	0.0542113726	0.0076795062	-0.0400534649	-0.0236543619	0.0299107062	-0.0207659511	0.0326771453	0.0295329856	-0.0341435536	0.0377952193	0.0274831891	-0.0076832027	-0.0555008236	0.0584036162	-0.014590058	-0.1004516353	-0.006641205	0.0087115293	0.0413725525	-0.0068346397	0.0518187403	0.0517414623	0.0226952364	0.0433098587	-0.0634089691	0.0584868535	-0.059737965	0.0710345655	-0.0412364571	0.1095282759	-0.0382494806	0.0307473701	0.0355347977	-0.0563707561	0.0454501735	0.0098198445	-0.0053844483	0.0501237831	0.0030390989	0.1007963569	-0.143189234	0.0052241623	-0.0623793582	0.1034787622	-0.0177596359	-0.0639091256	0.014622484	0.0173080693	-0.0086933715	0.0397304453	-0.033862099	-0.032309544	0.1278781753	0.0222933456	-0.0269408678	0.0473763174	-0.0108338825	0.0306006203	-0.0293292755	-0.0651784506	0.0109937777	0.0392422324	-0.0648643868	0.0369586618	-0.08476835	0.0566673959	-0.0245769605	-0.0356496518	0.031173472	-0.0392365785	0.0850453023	0.0391805896	-0.020710006	0.0176392121	0.0461180338	-0.0020842512	-0.0187774556	-0.0110936982	-0.0069076036	-0.0689188105	-0.0283213521	-0.0329268571	-0.1098088084	-0.0078948102	-0.0297616686	-0.02459608	-0.0001383727	-0.0131186598	-0.0124984969	0.0009097541	0.0619468858	0.020423408	0.0555873348	0.0331856174	0.0536964202	-0.0706946414	-0.0318253459	-0.0129673363	-0.0415510597	0.0512131503	0.0459444055	0.0186465843	-0.0207967622	-0.0408671727	-0.0108980647	-0.0191460222	-0.0283020661	-0.0026662967	-0.0462711829	0.0324248211	0.0124511426	-0.0359228149	-0.0400122643	0.0615441653	0.0228755564	0.010581523	0.0085645011	0.029637595	0.0227046914	0.0173047775	-0.0473403131	-0.0039899698	-0.0555082565	-0.0268212567	0.0875088252	-0.0775859381	0.005059326	0.0715496322	-0.090425532	0.0363374993	0.047071089	0.5819633698990714	-0.0042691753956063	0.3386813639042834	1.8225858558450543e-05	-0.0199695371422734	0.0225330140687133	0.0003987824136766	0.0005077367230208	0.2324301667341117	-0.0228653477645863	0.0540237824080469	0.0005228241283954	0.0146939328313491	-0.0001048230359765	1.0987868871351336e-08	0.0002159116620521	-0.001732842843616	-4.245697161600094e-06	1.8025944388019096e-11	3.002744320671185e-06	0.0200681904384544	0.0001094657480594	0.000402732267474	1.1982749998204512e-08	0.0	0.0	0.0	0.0	0.0	0.0	0.0	0.0	0.0	0.0	0.0	0.0	0.0	0.0	0.0	0.0	0.0	0.0	0.0	0.0	0.0	0.0	0.0	0.0	0.0	0.0	0.0	0.0	0.0	0.0	0.0	0.0	0.0	0.0	0.0	0.0	0.0
5460.503723356715	1.3204608642936364	29817100.912792552	1.7436168941310972	11291.222182604732	-2.092375774773245	127491698.37694515	4.378036382857938	5661.293588691956	-5.344444060302521	28.5630823137029	32050245.097364645	6373.54389420797	7016.608053483407	0.761057	21.736589	0.0761339670286573	0.0407482983564225	-0.0341583558	0.0027411994	0.0524531798	0.0143028091	0.0092311749	0.0996299208	0.0283072377	-0.0034309737	-0.0242562622	-0.0084907511	-0.0049519129	-0.1067857255	-0.0607375247	0.042349128	-0.0164089296	0.0341946323	0.0363498353	-0.0493396925	0.0482061148	0.0251821736	0.0617348985	-0.0200438952	-0.0033691601	0.0238218239	-0.1036260748	-0.0322852697	0.0597110271	0.0669863426	-0.0300781329	0.0102314178	0.0767276325	0.0602548771	0.0123004776	0.0063647577	-0.0005875492	0.0302668618	0.0444410773	-0.1025187763	-0.0366603896	-0.0054350719	0.0403066424	-0.0268222535	0.0766800299	-0.0405715336	0.0314506716	-0.1017231392	-0.0067532239	0.1030641492	-0.0472011339	-0.029982508	-0.1061529949	0.0685927771	-0.1244625506	-0.0200162519	-0.0678597536	0.0573912348	-0.035756708	-0.046392769	-0.0881816191	0.0292652262	0.1100441753	0.0159831073	-0.0149928516	-0.0298388146	-0.1181264008	0.0161619644	0.0303211554	-0.0171252735	-0.0477870977	-0.0283634171	0.0403068971	-0.0767258544	0.0148751838	-0.0471125588	-0.0402674425	-0.0103574736	0.0053327078	0.0419485147	0.0029111266	0.020865492	0.0209008226	-0.0298134128	-0.0138570027	-0.0297258646	0.0724670889	-0.0301192278	0.0031366412	0.0166778175	-0.0313001868	0.0501701476	0.0391011483	0.0670717166	-0.0065345654	-0.0855412368	-0.0334945065	0.0538745487	-0.0842807509	-0.0086846089	-0.0085548661	-5.457e-05	-0.0555635804	0.1769389097	-0.0301460311	0.0482794843	-0.1023443962	0.0853815345	-0.0202338323	-0.0373394489	0.0451215534	0.0428345767	0.0132932686	-0.022570632	-0.0352557615	-0.0162462926	-0.0119876066	0.0018122805	-0.0105543504	-0.0577239794	0.0294404138	0.0282242236	-0.0113562802	-0.0174826976	0.0552188564	-0.023189883	0.0196734283	0.0317579198	0.0471565853	0.038046199	-0.0248386522	-0.0014523902	0.00464016	-0.0565187138	-0.0243881477	0.0861460138	-0.0802640719	0.0113606834	0.0664628444	-0.0921013223	0.0454240252	0.0369191397	0.581270444068636	-0.0006929258304353	0.3378753291477493	4.801462064845091e-07	-0.0337320180176163	-0.0137624808753429	0.0011378490395407	0.0001894058798441	0.2399517037767609	0.0075215370426491	0.0575768201453704	5.657351948394384e-05	0.0153835808786685	0.0006896480473193	4.756144291714606e-07	0.0002366545606505	-0.0016549975257811	7.78453178349001e-05	6.059893508816616e-09	2.7390168103415624e-06	0.0203838375389047	0.0003156471004502	0.0004155008328124	9.963309202268155e-08	0.0	0.0	0.0	0.0	0.0	0.0	0.0	0.0	0.0	0.0	0.0	0.0	0.0	0.0	0.0	0.0	0.0	0.0	0.0	0.0	0.0	0.0	0.0	0.0	0.0	0.0	0.0	0.0	0.0	0.0	0.0	0.0	0.0	0.0	0.0	0.0	0.0
5470.520327392436	10.016604035720777	29926592.65241385	100.33235640841772	11281.084786239937	-10.137396364794768	127262873.95433415	102.76680505695415	5675.499824057726	14.206235365770226	201.81712326766072	32211298.25287928	6384.849666743464	7012.2550227121965	0.729608	20.838385	0.0612751484652242	0.0306484821953111	-0.042793297	-0.0060524977	0.0518285743	-0.0288093609	0.0384788268	0.0603981945	0.0470681439	-0.0088818041	-0.06080571	0.0231231873	-0.0008834063	-0.0560401744	-0.0243257255	0.0321876201	-0.0209737569	0.0567422862	0.0181740387	-0.0210953775	0.0581355746	0.0507593158	0.0206336585	0.0724322683	-0.0628500499	0.0271615815	-0.0466666175	0.0157808835	0.0109818291	-0.039315448	-0.0093425072	0.0676771847	-0.0121393404	0.0198436633	-0.0366625636	0.020965379	0.0884422776	-0.0852370834	0.040524046	-0.0907316587	0.0305787146	0.0327059696	-0.0014370388	-0.0260847372	0.008586122	0.0683398567	0.1388446178	-0.0032980152	-0.0748181096	-0.1007027972	-0.012557399	0.0165177827	-0.016427634	0.087941466	0.065747852	0.0209393058	0.0330260583	-0.0255090715	0.013610719	-0.081972134	-0.0099984744	-0.062791838	-0.0456315817	-0.0155639109	0.0859379866	-0.1195562287	-0.0489981849	0.0135177863	0.0357722973	-0.0320511752	-0.0507054405	0.0023266727	0.0378315539	-0.0483073683	0.0265994034	-0.0196387206	-0.0952556518	-0.0191364758	0.015350485	0.0122812049	-0.0454670297	0.0096858531	-0.0515983255	-0.0140147547	0.0191684236	0.0458149783	-0.0305086707	0.0154414016	-0.0343551325	-0.0073105025	-0.0001124183	-0.0455548151	0.0260509638	-0.0290378849	0.0703151761	-0.031324358	0.0331252365	0.0652525887	0.0143242179	0.0153858239	-0.1242836788	-0.038190562	0.0784600141	0.0833411056	0.0228572378	0.0778555927	0.0126639354	0.0238585357	0.0014808513	-0.0449935484	0.0501936551	0.0421457021	0.0050857287	-0.0090729835	-0.0428547071	0.0005208412	-0.0209337881	-0.0076630348	-0.015132479	-0.0506106179	0.040636611	-0.0096108926	-0.0125484299	0.0030351732	0.0228384926	-0.0356784213	-0.0256622616	0.0369679493	0.0637579221	0.0184540317	-0.0303085836	-0.0111563126	-0.0306603734	-0.0575187176	-0.0219369967	0.0846398209	-0.0827047351	0.0176095295	0.0609337573	-0.0929430287	0.0539733795	0.0262147696	0.5900198746760594	0.0087494306074233	0.3481234525127529	7.655253595411726e-05	-0.0346844635260907	-0.0009524455084743	0.0012030120100927	9.07152446613054e-07	0.2344725139243095	-0.0054791898524513	0.0549773597859855	3.0021521439206205e-05	0.0152078313810829	-0.0001757494975856	3.088788590159101e-08	0.0002312781353154	-0.0011771774589548	0.0004778200668263	2.2831201626188985e-07	1.3857467698712795e-06	0.0206521496244303	0.0002683120855256	0.0004265112841098	7.1991375239097e-08	0.0	0.0	0.0	0.0	0.0	0.0	0.0	0.0	0.0	0.0	0.0	0.0	0.0	0.0	0.0	0.0	0.0	0.0	0.0	0.0	0.0	0.0	0.0	0.0	0.0	0.0	0.0	0.0	0.0	0.0	0.0	0.0	0.0	0.0	0.0	0.0	0.0
5456.471952131259	-14.04837526117717	29773086.164395116	197.35684747885475	11297.56052102848	16.475734788542468	127634873.72630128	271.44983682238853	5666.659475450488	-8.840348607238411	78.15176349750212	32111029.6107128	6381.798656172388	7049.092085440782	0.77563	22.152822	0.0687244501236016	0.0404377822717243	-0.0389240367	-0.0129689361	0.0573520491	-0.0591196385	0.0228886207	-0.0216175084	0.0414535865	-0.0022147342	-0.0720780489	-0.0545082824	-0.0031432848	0.0104438281	-0.0358699506	0.018957768	-0.002854577	0.077291689	0.0330659691	0.0028625363	-0.012147143	-0.0117241513	-0.0407968244	0.0649315143	0.0309001197	-0.0275015616	0.085715795	-0.0109144538	-0.0035599794	0.1176501037	0.048567573	0.0193475727	-0.0117750657	0.0359493889	-0.0776258864	0.0615132425	0.0290307723	0.0187818321	0.0146317701	0.0459911463	-0.0503653364	0.0269009329	-0.0814798664	-0.0273049842	0.0258676638	-0.0238647373	0.0686650621	-0.0263808073	0.0115693473	-0.093626457	0.0599554389	0.0767413565	0.0609921891	0.0947901551	0.1051668121	-0.0349847963	-0.0081225867	0.1048374585	-0.0027379259	-0.0910208614	-0.0689198968	0.0175511222	-0.0055927862	-0.0382450646	-0.0077393662	-0.0420222746	0.0247120789	0.0427925263	0.0228198842	-0.0118589858	-0.0686224248	-0.006188867	-0.0333389195	0.046666781	0.0024201268	0.0086637427	-0.0471272664	0.1078855027	-0.0234714522	0.0359697875	0.0140444886	-0.0768346487	-0.0056037536	-0.0239576944	-0.0358450876	0.0295728847	-0.0302138383	-0.0427488255	0.0669281901	-0.0546842968	0.0167995192	-0.0019111514	0.0187877055	0.0616431948	0.0004163409	0.0078222934	0.0372962927	0.091569169	0.0001120726	-0.0512537157	-0.0434958932	0.0125359926	-0.017682075	-0.0337954239	0.0136751433	0.0632012346	0.0570463337	0.0392941654	-0.0096451213	-0.0378368769	0.0450897404	0.040160524	0.0058692119	-0.0106745205	-0.0351065306	0.0114572158	-0.0110505811	0.0004834694	-0.0007218821	-0.039616401	0.0410450378	0.0179948824	0.028033005	0.0270663332	-0.0740585685	-0.0239513114	0.0102733755	0.0231979229	0.0428791026	-0.015122222	-0.029056574	0.0040417558	0.0210581739	-0.058508083	-0.0194696168	0.0829927534	-0.0849007066	0.0237769808	0.0549991661	-0.0929430287	0.0618844603	0.0151181479	0.5700817071303561	-0.0199381675457033	0.3249931528046611	0.0003975305250805	-0.0356057075471198	-0.0009212440210291	0.001267766409931	8.486905462818716e-07	0.2395770732417688	0.0051045593174592	0.0573971740230918	2.605652582546045e-05	0.0159116588139997	0.0007038274329168	4.95373055326253e-07	0.0002531808862131	-0.0012291295376445	-5.195207868970001e-05	2.6990184801807823e-09	1.5107594203101822e-06	0.020751579697612	9.943007318169786e-05	0.0004306280599463	9.886339452917792e-09	0.0	0.0	0.0	0.0	0.0	0.0	0.0	0.0	0.0	0.0	0.0	0.0	0.0	0.0	0.0	0.0	0.0	0.0	0.0	0.0	0.0	0.0	0.0	0.0	0.0	0.0	0.0	0.0	0.0	0.0	0.0	0.0	0.0	0.0	0.0	0.0	0.0
5459.160898576911	2.688946445651709	29802437.716551065	7.230432987582959	11271.00477132992	-26.55574969856025	127035548.5553418	705.2078420525827	5670.385843774628	3.726368324139912	13.885820887153296	32153275.617279693	6376.839283815462	7019.60586534669	0.797474	22.776711	0.1084150009580875	0.053671862947227	-0.0523186159	-0.0254003434	0.0566343677	0.0178675059	-0.0316964136	-0.0522425152	0.0597771015	-0.0231826994	-0.0703687658	0.0207253146	-0.0260038239	0.0614757744	0.043082392	0.0484447129	-0.0569159926	0.0812639021	0.0186356685	-0.0114877109	-0.0393284427	-0.0552066615	0.0660930932	0.0174284309	-0.0031800343	-0.0298118654	0.0295196372	-0.0103617993	0.0403406241	-0.1180805638	-0.0239857686	0.0934094125	0.0441513958	0.0086934931	0.0687607764	0.0247104712	-0.092136747	0.010281077	0.0581239381	-0.0421984674	0.1082820521	-0.0211246994	-0.0275160134	-0.0452195507	-0.0371575484	-0.1093549415	0.011395579	-0.0346321624	-0.0251419642	0.014748652	0.0433885115	-0.0239533219	0.0047863916	-0.0542209939	-0.0471425283	0.079658326	0.0195078449	0.0740456321	0.0035425096	0.0141930555	0.0234003933	-0.0623108083	0.0461726973	0.1176462585	0.0870332071	0.0373753526	0.061642928	-0.0789815158	0.0442864716	-0.0589380528	-0.0564901464	0.0062100794	-0.0628857819	0.0432922573	0.0155594766	0.0005157567	0.0098266186	-0.0479554876	-0.039618577	0.0397584384	0.0269118127	0.0937724249	0.019208732	0.0321126009	0.0102377599	0.0550878646	-0.0396147666	-0.015785214	0.0333083853	0.0247156056	0.0020703596	0.0639083827	0.0229925936	0.0153048523	0.0138726054	0.0266872982	-0.0275923993	-0.0382196424	0.019668726	-0.040375243	0.0235434428	0.0476192098	-0.0098123555	0.063322256	-0.2353981096	-0.089776515	-0.0275663415	-0.0318906312	0.039410284	-0.0496368595	0.050803644	0.0357115749	-0.0009292587	-0.0101749187	-0.0391446074	0.0003956244	-0.0109241701	-0.0067200092	0.0020705045	-0.0131873386	0.0390923421	0.0007251291	0.0113402524	0.0265757087	-0.0752062613	0.0061137545	0.0073114933	0.0049465415	0.0058394591	-0.023568478	0.0204592016	-0.0310421263	0.01282051	-0.0594866269	-0.0169878336	0.0812075526	-0.0868454896	0.0298345303	0.0486985645	-0.0921013223	0.0690637132	0.0037953135	0.5817080490353419	0.0116263419049857	0.3383842543125037	0.0001351718260916	-0.0566717904430618	-0.021066082895942	0.0032116918320223	0.0004437798485787	0.2658156848692385	0.0262386116274697	0.0706579783225023	0.0006884647401371	0.015299798977452	-0.0006118598365477	3.743724595801785e-07	0.0002340838487504	-0.0015410230903347	-0.0003118935526902	9.727758820971468e-08	2.374752164944709e-06	0.0208175055989679	6.592590135590104e-05	0.000433368539363	4.346224469587994e-09	0.0	0.0	0.0	0.0	0.0	0.0	0.0	0.0	0.0	0.0	0.0	0.0	0.0	0.0	0.0	0.0	0.0	0.0	0.0	0.0	0.0	0.0	0.0	0.0	0.0	0.0	0.0	0.0	0.0	0.0	0.0	0.0	0.0	0.0	0.0	0.0	0.0
5465.981089897212	6.820191320301092	29876949.27511391	46.51500964551035	11295.932314191548	24.927542861629263	127598086.84679684	621.382393118364	5669.297662833035	-1.0881809415923271	1.1841377616447637	32140935.989804115	6372.573721760355	6970.606858824036	0.8334599999999999	23.804499	0.0469328608398583	0.0239012084877038	-0.0486207716	-0.0028966918	0.0658199395	0.061354625	-0.0400216678	0.0303825583	0.0487895153	-0.0134519884	-0.035260279	0.0073698653	-0.0168342548	-0.0502467616	-0.0241712934	0.0526864294	-0.0307830396	0.0626392187	0.0325833198	0.0166482021	0.0226764732	0.0286175234	0.0701023888	0.0107951031	0.0468483545	0.0486527814	-0.0977310073	0.0271560422	-0.0449240051	-0.0573339637	-0.0601378697	-0.0259499823	-0.0616069336	-0.045127084	-0.0452683333	-0.0844613741	0.0286311993	-0.0472633778	0.0467213944	-0.0406004417	-0.0212198809	-0.1520499691	-0.0725729661	-0.0221388691	0.002412517	-0.0134840142	-0.1090365701	-0.0420634868	0.0350548665	-0.071072512	-0.036499663	-0.0053754759	0.0089473017	-0.0407984108	-0.1145280316	-0.0359433623	0.0058926196	0.1132601181	-0.015500912	0.0175359383	0.0714068757	0.0910845232	-0.0526846884	0.003139584	0.0589250399	-0.0779488312	0.0241693452	0.0133391488	0.0431076832	-0.0393203627	-0.053483167	-0.0152997535	0.0078796417	-0.0306217165	0.0115076689	-0.0216591908	0.0188872669	-0.0429719232	-0.0437115164	0.0672470536	-0.0293775068	0.0301462265	0.0129559076	-0.008359386	-0.0049254129	-0.040841861	0.029885187	-0.0271782683	-0.0007477406	-0.0274626199	0.015747938	0.0065020947	1.94618e-05	-0.0645159267	-0.0493122093	0.0926547545	0.0782531144	0.031401727	-0.0226779399	0.0836476344	0.0818844789	0.1408303881	0.0653390528	0.0175258362	-0.0962498841	0.0899868813	-0.0342763235	0.0838054179	0.1005298722	-0.0490515792	0.0524698835	0.0403851464	-0.0043943315	-0.0096818663	-0.0425157917	-0.003101342	-0.0001509302	0.0125063873	-0.0227605369	-0.0510409486	0.0229739708	0.0353750668	0.0004849912	0.0022017254	0.014415981	0.010919086	0.0260040834	0.0093920372	-0.015387056	0.0430539536	0.0137305649	-0.0247629223	0.0212905898	-0.0604541685	-0.0144934828	0.0792871898	-0.08853333	0.0357541787	0.042073882	-0.090425532	0.0754262385	-0.0075843101	0.5864372684317374	0.0047292193963954	0.3439086698056776	2.2365516099243217e-05	-0.0381282578502606	0.0185435325928012	0.0014537640466959	0.0003438626010202	0.2719006269412602	0.0060849420720217	0.0739299509310503	3.702652001985979e-05	0.0151399344026613	-0.0001598645747906	2.555668227301085e-08	0.0002292176137168	-0.0015417388590024	-7.157686676998939e-07	5.123247856608813e-13	2.376958709358022e-06	0.0210084285910823	0.0001909229921144	0.0004413540718666	3.64515889179155e-08	0.0	0.0	0.0	0.0	0.0	0.0	0.0	0.0	0.0	0.0	0.0	0.0	0.0	0.0	0.0	0.0	0.0	0.0	0.0	0.0	0.0	0.0	0.0	0.0	0.0	0.0	0.0	0.0	0.0	0.0	0.0	0.0	0.0	0.0	0.0	0.0	0.0
5460.348913986086	-5.632175911126069	29815410.262469027	31.721405493868765	11285.07967610262	-10.85263808892887	127353023.2959844	117.77975348926968	5669.376724139564	0.0790613065291836	0.0062506901901015	32141832.440215457	6379.999844929453	7023.329538168196	0.753685	21.526039	0.0535017342249293	0.023911828452515	-0.0463462395	-0.0094907449	0.050986988	0.051781387	0.0380277434	0.0655048433	0.0564725434	-0.0003694722	-0.0105404943	0.0602575829	0.0133854076	-0.1027747611	-0.0309903482	0.0405850205	-0.0451012141	0.0288823103	0.0214104032	-0.0274231475	0.099368168	0.0722488491	-0.0163767653	0.0219893076	0.0560725695	-0.0245743828	-0.031305756	0.0140298546	0.0497477547	-0.0712792071	-0.0146640946	0.0280244287	0.0297913223	0.0492810187	-0.0639607849	0.0166079535	-0.000675391	-0.0688923248	-0.0587842122	-0.0292764361	-0.0521259957	-0.1197332791	-0.0136598138	0.0114751855	-0.0919499115	-0.063779148	0.074606791	-0.0750671493	-0.0176290633	0.030462999	-0.0091647869	-0.035804212	0.0394411122	0.0248400117	-0.0521998104	-0.003380842	-0.0247855179	-0.007193143	0.0219817409	0.0276797224	0.0128716245	0.075932074	0.0595067332	-0.009090849	-0.0046739116	0.0305843218	0.0344230932	0.0835426264	0.0421651599	-0.0358780198	-0.0342654662	0.0109956195	0.0785499786	-0.0984537068	0.0087866848	0.0047252516	-0.0114895343	0.0008467087	-0.0323698467	0.0359357163	-0.0315720393	-0.0048937139	0.0230258572	-0.0007078571	0.0125642641	0.038314849	0.08946678	0.0293750785	0.0795871321	0.0297325613	-0.0309015446	0.11083328	0.0411430639	0.010299029	-0.0012071894	0.0185311139	-0.009351333	0.0007367277	0.0086491313	-0.0345863378	-0.0622442563	0.0989393098	-0.025107585	-0.0139915341	-0.1039602595	0.049390804	-0.0030608613	0.0692097706	-0.036808577	-0.0542384966	0.0537416242	0.0334292841	-0.0143879622	0.0099866005	-0.0444684143	0.0119506108	-0.0005293959	-0.0236915791	-0.0319419573	-0.0463895134	0.0207414147	-0.0242106794	-0.0188572816	0.0021888133	0.0591205581	-0.0208904642	-0.0131785821	0.0185342319	-0.0162517595	0.0550603777	-0.0039385666	-0.0234274444	-0.0178455266	-0.0614105286	-0.0119884099	0.0772348614	-0.0899592343	0.0415085642	0.0351692048	-0.0879308341	0.0808967948	-0.0188504498	0.572933233784994	-0.0135040346467434	0.3282524903753305	0.0001823589517404	-0.0331317968567788	0.0049964609934817	0.0010977159629588	2.4964622459385115e-05	0.2881171552662493	0.0162165283249891	0.083011495158716	0.0002629757909151	0.015330587577486	0.0001906531748246	3.634863307073717e-08	0.0002350269154709	-0.0015348787149886	6.860144013800043e-06	4.7061575890076565e-11	2.355852669725056e-06	0.0211866094774381	0.0001781808863558	0.0004488724211494	3.1748428262538965e-08	0.0	0.0	0.0	0.0	0.0	0.0	0.0	0.0	0.0	0.0	0.0	0.0	0.0	0.0	0.0	0.0	0.0	0.0	0.0	0.0	0.0	0.0	0.0	0.0	0.0	0.0	0.0	0.0	0.0	0.0	0.0	0.0	0.0	0.0	0.0	0.0	0.0
5468.137619524485	7.788705538398972	29900529.026058897	60.66393396388682	11308.95452040069	23.874844298070457	127892452.3444912	570.0081902571073	5673.776555443365	4.3998313038009655	19.358515501906904	32191740.40109878	6384.528766197615	7047.753829033277	0.755878	21.588682	0.1004052771129204	0.0484936431326018	-0.0398900479	-0.020640965	0.0377669693	-0.0280193511	0.0528669476	0.0479509095	0.0524394351	-0.0226186686	-0.0204328699	-0.0289353522	0.0028282278	-0.0588636653	-0.0055087567	0.0406622446	-0.0494101097	0.0278472219	0.0234919459	-0.0147311237	0.0663588167	0.0495359863	0.0135020658	0.0422494997	0.0127103259	0.0282211169	-0.0021383259	0.0041151793	-0.0389775711	-0.001127653	0.0139357607	-0.027114573	-0.036797136	0.0189696671	0.0178474779	0.0200924262	-0.0138826082	0.0091427309	-0.0804727512	0.0099407383	0.0102574288	0.0755954892	0.0218352134	-0.0323334936	0.0136584765	0.0555135533	0.0239877258	-0.0016042876	-0.0255846493	0.0757242312	-0.0493854159	0.0948205367	-0.1233608571	0.0257781102	0.0071480673	0.0885849155	0.0484889515	-0.0173665787	0.0150730159	0.0826192281	-0.0103850944	0.0065844076	-0.0461936877	-0.009133813	-0.1504278806	0.0415051561	-0.0463367999	-0.0304806297	0.0318736879	-0.0473288295	-0.0339121172	-0.0372624121	0.0422037787	-0.0524872516	0.0019928957	0.0315305786	-0.0723252538	0.0188850724	0.0065845938	0.0591621807	0.0009019503	-0.0053834517	-0.0357874885	0.0496773156	-0.0331796525	-0.034671233	0.0023935393	0.0059100155	-0.0300224862	0.0252777891	0.0053381356	-0.0367758841	0.024494033	0.0191957131	-0.0094699138	-0.0444729678	-0.0111206011	0.0258070778	-0.0112555311	0.0631071541	0.0357527732	0.0037230382	-0.0437908742	0.0015247411	0.0111124511	-0.0793489634	0.0448197184	0.0408825118	-0.0241267508	-0.0402604568	0.0553637073	0.0296973018	-0.0038306005	0.012324572	-0.0404176193	0.0131704928	0.0033776505	0.0155843233	-0.0353201832	-0.0486688064	0.0314858514	0.0008285877	0.017982297	0.0339187731	0.0266294431	-0.0394676253	-0.0075014256	0.042249017	0.0227543158	0.0332506619	-0.0519779905	0.0303963569	-0.0241987973	-0.0623555305	-0.0094744681	0.0750539832	-0.0911189838	0.047071089	0.0280304823	-0.0846398209	0.0854106889	-0.0298345303	0.5372723090631695	-0.0356609247218244	0.2886615340860698	0.0012717015520156	-0.0408704058623214	-0.0077386090055426	0.0016703900753508	5.9886069340665055e-05	0.2746591222801058	-0.0134580329861435	0.0754376334516781	0.0001811186518561	0.0151866480301789	-0.000143939547307	2.0718593278972843e-08	0.0002306342783925	-0.001009784434842	0.0005250942801466	2.75724003042676e-07	1.0196646048491773e-06	0.0213885298579726	0.0002019203805344	0.0004574692094853	4.077184007519629e-08	0.0	0.0	0.0	0.0	0.0	0.0	0.0	0.0	0.0	0.0	0.0	0.0	0.0	0.0	0.0	0.0	0.0	0.0	0.0	0.0	0.0	0.0	0.0	0.0	0.0	0.0	0.0	0.0	0.0	0.0	0.0	0.0	0.0	0.0	0.0	0.0	0.0
5461.181434586372	-6.9561849381125285	29824502.661470868	48.3885088932236	11321.25176908532	12.297248684630176	128170741.6190175	151.2223252116386	5669.227771363134	-4.548784080231599	20.69143660856843	32140143.523595005	6374.837288905444	7040.015201049541	0.737809	21.072607	0.0589390153605832	0.0287841666207702	-0.0497250818	-0.0273766951	0.0228936781	-0.0580163845	0.0847650169	0.0019261583	0.0655611244	-0.014252022	-0.0280167331	-0.0135365023	0.0359465702	-0.0166192324	-0.012564452	0.0408452145	-0.0426772183	0.0273181408	-0.0007731971	-0.0094505635	0.036388473	0.0027195815	-0.0339677498	0.1006537995	-0.0669888262	0.0687141956	0.0656517773	-0.0479635011	0.0379537595	-0.0221116371	-0.0769596896	0.0583528859	-0.0049167326	-0.0733953282	-0.0376309267	0.0037725213	0.0501549227	-0.0078005707	-0.0322924951	-0.050509261	-0.1934570305	0.0574968287	-0.0541042308	0.0537623178	-0.0511228812	-0.0098437412	-0.0178492668	0.0037961593	0.0741268334	-0.0219082802	0.0597428589	0.0004165898	-0.0563837077	-0.0429016843	-0.1105670908	0.0077135847	-0.0324772561	-0.0156874198	-0.0393993551	0.0088597459	-0.0985455968	0.0372081794	0.1076202733	-0.0041776195	-0.0146456668	-0.090197736	0.0291746718	-0.0362558396	0.0424354887	-0.0490177145	-0.0226401837	-0.0178778984	0.0271459174	-0.0421035211	0.0159463224	0.0563821449	-0.0911435814	0.0371266316	-0.008280237	-0.0022157153	-0.0268888703	-0.023707301	0.026317654	0.0098372944	0.0612132477	-0.005418674	-0.0517729267	0.0313593891	0.0796215067	-0.0687216614	0.06273435	-0.0339516475	0.0565557899	-0.0434281738	0.0026953244	-0.0414015854	0.0542987263	-0.0615250402	-0.0596798446	-0.0267100633	0.0110314671	0.0682353168	-0.1139840238	-0.0602806269	-0.0213891955	0.1007654302	-0.0059900102	0.0764080268	-0.0339511874	-0.044452879	0.057953087	0.0115304627	-0.0220621937	0.0197794054	-0.0457388658	0.0253324672	-1.45126e-05	-0.0181291901	-0.0241396898	-0.0325670384	0.0376908735	-0.0454029341	0.0227145365	0.0497485763	-0.0309882438	-0.0551584778	-0.033280259	0.0328490183	0.0272603993	0.015024922	-0.0386219097	0.0249036418	-0.0508481935	-0.0632889993	-0.0069535172	0.072748185	-0.0920091471	0.0524160419	0.0207052216	-0.0805822964	0.0889145408	-0.0403721968	0.5349546767783977	-0.0023176322847717	0.2861765062070799	5.371419407416441e-06	-0.042841273850783	-0.0019708679884615	0.0018353747451577	3.884320627942667e-06	0.2925347800704756	0.0178756577903698	0.0855765975508815	0.0003195391414384	0.0154810447142916	0.0002943966841126	8.66694076165525e-08	0.0002396627454458	-0.0009278413877076	8.194304713440002e-05	6.714662973670503e-09	8.608896407431648e-07	0.0217476872726651	0.0003591574146925	0.0004729619017096	1.2899404852860146e-07	0.0	0.0	0.0	0.0	0.0	0.0	0.0	0.0	0.0	0.0	0.0	0.0	0.0	0.0	0.0	0.0	0.0	0.0	0.0	0.0	0.0	0.0	0.0	0.0	0.0	0.0	0.0	0.0	0.0	0.0	0.0	0.0	0.0	0.0	0.0	0.0	0.0
5466.566439840198	5.385005253825511	29883348.64118713	28.99828158372836	11311.71287038375	-9.53889870157036	127954848.06200536	90.99058843882072	5670.185963169101	0.9581918059675444	0.9181315370233444	32151008.85691991	6381.83594162503	7057.511722704762	0.68878	19.672281	0.1159550107957937	0.0603043509216043	-0.0334330902	-0.0392256226	0.0323827202	-0.0816493008	0.0609879705	-0.0350980385	0.0436866149	-0.0236330735	-0.0372959785	-0.0607205573	0.0051116845	-0.0237373356	0.0043737946	0.0317113637	-0.0456257249	0.0359328785	-0.0257308909	0.0200009703	-0.0004229917	0.0012287111	0.0230295871	0.0567888518	0.0451674926	0.0762182489	-0.0378852309	0.0556645095	-0.0125681092	0.0289841526	0.044049804	-0.0300789569	-0.0262456925	-0.06211724	0.0547600036	0.1100508127	-0.0243635687	0.0430482202	-0.0017088118	0.0395658807	-0.1586773318	0.0093937096	-0.0627781983	-0.0082344291	-0.001735554	-0.0630461844	-0.0194911338	-0.0222297207	0.0256854042	-0.011668649	0.0150232071	0.0484355139	0.0120300164	0.0729719106	-0.0084601303	-0.040388558	-0.0678084549	-0.0477009284	0.0501172557	0.011883019	0.0451720766	-0.0960500702	0.0276141646	0.0096680575	0.0347819752	-0.0018764251	-0.0042097336	-0.0247262747	0.023920068	-0.048580431	-0.030337855	-0.0225156936	-0.0027242937	0.0048296772	-0.0110428187	0.0797482215	-0.086230465	0.0186176226	-0.0051885917	0.0442881265	-0.0528633204	-0.0251262917	-0.0230996342	0.0050865339	-0.0331207669	-0.0757355731	0.0101232584	-0.0571051668	0.0183168545	-0.0506123354	0.0732604004	-0.0398704072	0.052719646	0.0347720523	0.00538707	0.0549577554	0.0001426959	-0.0439057859	0.0247900866	0.0097179573	-0.0086071241	0.0212972766	-0.0205803703	-0.0448244844	0.0172782966	-0.0090647355	0.0220191863	0.0394460961	-0.0634296726	-0.0271094925	0.0560583299	0.0120711984	-0.013663769	0.0198042694	-0.0478426811	0.0293248767	0.0016273851	0.0196774011	-0.0157266789	-0.0517228932	0.0437586653	-0.0307291966	0.0581130778	0.041716741	-0.0448584519	-0.0343875282	-0.0199989629	0.0327603737	0.0513570873	0.0263586624	-0.037594649	0.0717120961	-0.0066835622	-0.0642107624	-0.0044274221	0.0703213046	-0.0926270906	0.0575187176	0.013242171	-0.0757950062	0.0913669149	-0.0503057744	0.4955772922156285	-0.0393773845627691	0.2455968525597744	0.0015505784150042	-0.0627565012935349	-0.0199152274427519	0.0039383784546054	0.0003966162840965	0.2844828288386978	-0.0080519512317778	0.0809304799040678	6.483391863892836e-05	0.0153766253916487	-0.0001044193226428	1.0903394941202037e-08	0.000236440608435	-0.0001546200644435	0.0007732213232641	5.978712147502858e-07	2.390736432851209e-08	0.021842255577928	9.456830526289804e-05	0.0004770841287315	8.943164360296666e-09	0.0	0.0	0.0	0.0	0.0	0.0	0.0	0.0	0.0	0.0	0.0	0.0	0.0	0.0	0.0	0.0	0.0	0.0	0.0	0.0	0.0	0.0	0.0	0.0	0.0	0.0	0.0	0.0	0.0	0.0	0.0	0.0	0.0	0.0	0.0	0.0	0.0
5468.168137461808	1.6016976216105832	29900862.77955254	2.565435271072998	11312.71404717893	1.001176795180072	127977499.11323948	1.00235497520704	5673.664375549376	3.4784123802746763	12.09935268724814	32190467.44637809	6386.2600866133935	7107.495384595307	0.717755	20.499849	0.1299574789594945	0.0636935831994308	-0.0274385554	-0.0511604906	0.030401592	-0.0532378224	0.0617642268	-0.0664481168	0.0690997115	-0.0328453017	-0.0512934832	-0.0233803338	0.0259948086	0.0254480274	0.0349120058	0.0369156811	-0.0562938133	0.0267261358	0.010734948	0.0684448419	-0.0276702865	-0.0102278558	-0.0092370385	0.0893070015	0.0720414326	-0.007913439	0.0534046912	-0.0121477745	0.009311035	0.0411095166	-0.0677600862	-0.1073332842	-0.0217714209	-0.0323635098	0.055689278	-0.0434316327	0.0416018612	0.0131303388	0.0285770832	0.0014836678	0.0432027774	-0.0176441276	0.0025340729	-0.0478057584	-0.1141592792	0.0332343633	0.0557739584	0.1235318284	-0.0848674925	-0.0298644927	0.0989535358	0.0265336335	0.0152632721	-0.012759952	-0.0223132017	-0.0439611851	-0.0674256248	-0.013282053	0.0044657321	0.0351896381	0.0397678661	-0.0399269129	-0.0917962313	-0.0782484979	-0.0500511994	0.0177873252	-0.0007642129	-0.0365355981	0.0249184114	-0.0552210929	-0.0324733463	0.0222116252	0.0098044405	0.0688898104	-0.0012965201	0.0368658992	-0.0559245788	0.0524530041	-0.0297141269	0.0440289315	-0.0315565825	-0.0837150873	0.0230355323	0.0484750516	0.0014014746	-0.004481555	0.0100294856	-0.0203283135	0.0310246269	0.06128564	0.0026991187	-0.0202280362	0.038064273	0.0136047809	0.0114099461	0.1055526772	0.0550301104	-0.0421640965	-0.0660766764	-0.0066157736	-0.0607441893	-0.0208210309	0.1311881186	0.0026358486	0.0510096684	-0.079383173	-0.0243224051	-0.097466408	0.0044144711	-0.0204022052	0.0568737537	-0.0075079439	-0.0119823188	0.0400312556	-0.0501594269	0.0445674651	0.0046273715	-0.0175626486	-0.0176363178	-0.0440250457	0.0574482397	-0.0696843077	0.0377369374	0.0494175644	-0.0625049504	0.0113417673	-0.017375356	-0.0264553678	0.0323572999	-0.0075479259	0.0100451777	0.0483522638	-0.0102471548	-0.0651206494	-0.0018980517	0.0677773814	-0.0929709861	0.0623555305	0.005690996	-0.0703213046	0.0927388101	-0.0594866269	0.458308952099955	-0.0372683401156735	0.2100470955749588	0.0013889291749775	-0.0813021845708448	-0.0185456832773099	0.0066100452159917	0.0003439423682222	0.3005549521761637	0.0160721233374658	0.090333279277616	0.0002583131485747	0.0154515736849038	7.494829325510079e-05	5.617246661852586e-09	0.00023875112934	0.000718004868268	0.0008726249327115	7.614742731897498e-07	5.15530990856548e-07	0.0220561089965423	0.0002138534186143	0.0004864719440673	4.5733284653024274e-08	0.0	0.0	0.0	0.0	0.0	0.0	0.0	0.0	0.0	0.0	0.0	0.0	0.0	0.0	0.0	0.0	0.0	0.0	0.0	0.0	0.0	0.0	0.0	0.0	0.0	0.0	0.0	0.0	0.0	0.0	0.0	0.0	0.0	0.0	0.0	0.0	0.0
5462.67902875502	-5.489108706788102	29840862.17119989	30.130314394936946	11350.649727957589	37.93568077865893	128837249.24678367	1439.1158761403128	5673.594474844281	-0.0699007050952786	0.0048861085728171	32189674.26498355	6388.254313405673	7071.589214481493	0.8165529999999999	23.321609	0.1171507733831525	0.0498927199630253	-0.0107012404	-0.0445835841	0.0243728665	0.0061659118	-0.0225879859	-0.0781449312	0.0245784057	-0.0402442064	-0.0172984913	-0.0368172135	0.017535839	0.0071285666	0.0385487184	-0.0017722468	-0.060481966	0.0503708246	0.0002162046	0.0752763588	-0.0176089366	-0.0560117968	0.0520851797	-0.0838098817	0.0873591345	-0.0055609231	-0.039218854	-0.0095471807	0.0221417344	-0.025953059	-0.0207744857	-0.05916996	0.0991961444	-0.0327067878	0.0100888061	0.0818022001	-0.0298165061	0.0136153567	0.0110104534	-0.0071153417	-0.0555645973	0.0269188608	0.0540694802	-0.074060564	-0.0644417186	-0.059253252	-0.0433307178	0.0822044907	-0.0490429769	0.0499364243	0.055795994	0.002124588	0.0022612167	0.038035574	-0.0642259109	-0.0711590282	0.0866630948	-0.0362228464	0.0325530483	0.0676687551	-0.0175678569	0.0678870786	-0.092816323	0.0460899644	-0.022345378	0.0041628393	-0.0044804796	-0.025086584	-0.0072741005	-0.0478110769	-0.0335104028	0.0269458589	-0.0297849373	0.0692168866	-0.001402821	0.0584567103	0.0368585257	-0.0146194805	-0.0169142996	0.0559849171	-0.0051470619	0.046968426	0.0165321268	0.0792525223	0.0020462978	-0.0504147453	0.0742259093	-0.0632331427	-0.0471507151	0.021474548	0.022646709	0.0016283024	-0.0045813556	0.0543281253	0.0418439093	-0.0496061041	0.0335625262	-0.0111692615	-0.0816875193	0.0080600247	-0.048549803	0.0055699606	0.0231360877	-0.0459389379	-0.0417574861	-0.0613336832	0.0710807098	0.0495296784	0.1252091244	0.0006532331	0.0441221499	-0.0122101152	-0.0111914274	0.0302294806	-0.0387341188	0.0473788547	0.0131594064	0.0129596957	-0.004038196	-0.0638509467	0.0540335775	-0.0208916624	0.0790134155	0.014030603	-0.0638524833	0.0502081999	0.0518481043	-0.0439688985	-0.0228603516	0.0066686642	0.0288933584	0.0630252895	0.0696942755	-0.0660184918	0.0006327229	0.0651206494	-0.0930398161	0.0669041238	-0.0018980517	-0.0642107624	0.0930140029	-0.0677773814	0.4245351628970439	-0.033773789202911	0.1802301045360196	0.0011406688371226	-0.0692632728953697	0.0120389116754751	0.0047974009721784	0.0001449353943298	0.3196486667623901	0.0190937145862264	0.1021752701629735	0.0003645699367002	0.0159834461875848	0.000531872502681	2.828883591081506e-07	0.0002554705520314	0.0009630762808983	0.0002450714126302	6.005999728861075e-08	9.275159228289012e-07	0.0223240522396018	0.0002679432430594	0.0004983633083964	7.17935815012419e-08	0.0	0.0	0.0	0.0	0.0	0.0	0.0	0.0	0.0	0.0	0.0	0.0	0.0	0.0	0.0	0.0	0.0	0.0	0.0	0.0	0.0	0.0	0.0	0.0	0.0	0.0	0.0	0.0	0.0	0.0	0.0	0.0	0.0	0.0	0.0	0.0	0.0
5464.7112702510985	2.032241496078313	29863069.267209373	4.130005498382622	11353.987070200395	3.3373422428066988	128913022.39027776	11.137853245622049	5675.482559929301	1.888085085020066	3.5648652882752296	32211102.28806165	6384.007751159286	7023.250813066058	0.707647	20.21114	0.110053755399551	0.0526527684520975	-0.0326999573	-0.0524938602	-0.0001478304	0.0529630972	-0.0104046576	-0.0655930328	0.055090757	-0.0424753997	-0.0132421199	0.0440527821	0.0394063435	0.0220735748	0.0754184976	0.0230705022	-0.0682623314	-0.0091847959	-0.0316447138	0.0838811338	0.0357292972	-0.018902719	0.0620025128	-0.0304778811	0.0704532154	-0.0101790001	0.0731057703	-0.0631505403	-0.022359038	-0.0036860613	0.0183253955	-0.0462240634	-0.0045895285	-0.0262022459	0.0743768885	-0.0702410595	0.0081252733	0.1145168074	0.0315905072	-0.0236751113	-0.0171438225	0.1327060101	0.0755892323	-0.051076754	0.0312357349	0.0458750315	-0.0191822606	0.1058641848	0.0062951779	0.1291334421	-0.0338248414	-0.0791055376	0.0262336196	0.0126318758	0.0601254726	0.0931779023	-0.0145749613	-0.0677572844	-0.0790622882	0.0788346876	0.0569975645	0.1063191625	-0.0452406133	0.1217123399	-0.1031354322	0.0102500305	0.0028605635	-0.0193820919	0.0142836356	-0.0671144492	-0.0070687373	0.0534917781	0.0165025964	0.0357908204	0.0024481919	0.0695402238	0.0352878808	-0.0560414356	-0.0288063884	0.0647728313	0.0132586657	0.0337366147	0.0350875447	0.0823875543	-0.0079849204	-0.0111651756	-0.0325972289	-0.0449570311	-0.0438005172	0.0930774324	0.0595727369	-0.0520230249	-0.0385680564	-0.0045656872	-0.0195709346	-0.0489557921	-0.0183483068	-0.0132792285	-0.0302063807	0.0146551601	-0.0466245372	-0.0554021977	-0.0205423778	0.0404722633	0.0877617631	-0.1620979128	-0.0056068249	-0.0387651076	0.1013422878	-0.0154467342	0.05318639	-0.0276235838	-0.0233665254	0.056031982	-0.0553481505	0.0504099635	0.0081374617	-0.0217071787	-0.0298605772	-0.0407024224	0.0523360604	-0.0615565201	0.0298174667	0.0304181907	-0.0464271253	0.0239001706	0.038809272	-0.0609832699	-0.023402381	0.0143786814	0.0610228963	0.0243075812	0.0107591519	-0.0669041238	0.0031630294	0.0623555305	-0.092833377	0.071143473	-0.0094744681	-0.0575187176	0.0921892388	-0.0750539832	0.44453891633907	0.020003753442026	0.1976148481399146	0.0004001501517693	-0.0828472572851666	-0.0135839843897969	0.0068636680396745	0.0001845246319022	0.3411994510915832	0.021550784329193	0.1164170654251976	0.0004644363052033	0.0153143645625425	-0.0006690816250423	4.476702209692464e-07	0.0002345297619544	0.0006412182816002	-0.000321857999298	1.0359257171217569e-07	4.111608846583134e-07	0.0222166871991715	-0.0001073650404302	0.0004935811901058	1.1527251906599873e-08	0.0	0.0	0.0	0.0	0.0	0.0	0.0	0.0	0.0	0.0	0.0	0.0	0.0	0.0	0.0	0.0	0.0	0.0	0.0	0.0	0.0	0.0	0.0	0.0	0.0	0.0	0.0	0.0	0.0	0.0	0.0	0.0	0.0	0.0	0.0	0.0	0.0
5465.361496630972	0.6502263798738568	29870176.288856342	0.4227943450838611	11334.127128445372	-19.8599417550231	128462437.76376134	394.4172865129101	5668.663953335278	-6.81860659402264	46.49339588404903	32133751.015842743	6380.727715522088	7020.4244409812445	0.692808	19.787334	0.0928751527278519	0.0470185304405966	-0.0167048311	-0.040256139	0.0109449206	0.0714115021	-0.0329808489	-0.072306404	0.0397352824	-0.0340682577	0.0028617896	-0.0163323779	0.0030003096	-0.0080436367	0.0222889598	0.0194659941	-0.0550730304	0.0368833532	0.0078209522	0.0710736165	-0.0075215284	-0.0191820377	0.0283271642	-0.0331024212	0.0817051618	-0.0252686705	0.0108904743	-0.0370305158	-0.074718461	0.0948535508	0.0129539616	-0.0726108593	0.0038486059	-0.1037491726	0.0486078806	-0.0709243613	0.0405239346	0.0123430977	0.0795507966	0.0553200912	-0.0518168205	0.0670817274	0.0567789915	-0.017389391	-0.0381468432	-0.0355707176	0.0228699831	0.0058463638	0.0776553242	-0.0195977548	-0.0284262142	-0.0133600015	-0.0279395002	-0.0180598559	0.0123182294	-0.0051459889	0.0535628601	0.0520506785	0.0112406988	0.0092109367	0.0006643902	0.0325485268	0.074878012	0.0258284257	0.0305968349	0.0376008165	-0.0394195159	0.0165937259	0.0098189707	-0.0518501045	-0.0218871493	0.0389919401	-0.0209029093	0.0384373263	-0.0138103974	0.0139227135	0.0561329279	0.0228547929	-0.0398291524	0.1005965891	0.0289799937	-0.0210512676	0.0178761111	0.0580150921	-0.0823448396	-0.0903138466	-0.0288787856	-0.0718673476	-0.0586604751	0.0384743327	0.0190104489	-0.0797234862	-0.0304303903	-0.0425016765	-0.0282824314	-0.0633452914	0.0716837201	-0.000959716	-0.0961634116	-0.0089500171	-0.0127150523	0.0861711062	0.0078603838	-0.0007100646	0.0213963986	-0.0491407523	0.0365745358	-0.0666581223	-0.0065833129	-0.0153245186	0.0423153655	-0.0190298719	-0.0361540169	0.0452815116	-0.0574142895	0.0517432097	0.0180688329	0.0027915169	-0.022241145	-0.0826305202	0.0246858198	-0.0045420094	0.0532594549	0.0082736949	-0.0618231738	0.049035374	0.0563415	-0.0530370924	-0.0290719104	0.0450669223	0.054324278	0.0248994054	0.0899094477	-0.0677773814	0.005690996	0.0594866269	-0.0923522795	0.0750539832	-0.0169878336	-0.0503057744	0.0902742713	-0.0812075526	0.4711026068350605	0.0265636904959905	0.2219376661667896	0.0007056296527667	-0.0714530190288513	0.0113942382563153	0.0051055339283373	0.0001298286654416	0.3286735381568419	-0.0125259129347412	0.108026294684537	0.0001568984948487	0.0154915990155908	0.0001772344530483	3.1412051347330185e-08	0.0002399896400598	0.0005768654587641	-6.435282283609998e-05	4.141285806974471e-09	3.327737575151156e-07	0.0228229261441032	0.0006062389449316	0.0005208859577791	3.675256583518976e-07	0.0	0.0	0.0	0.0	0.0	0.0	0.0	0.0	0.0	0.0	0.0	0.0	0.0	0.0	0.0	0.0	0.0	0.0	0.0	0.0	0.0	0.0	0.0	0.0	0.0	0.0	0.0	0.0	0.0	0.0	0.0	0.0	0.0	0.0	0.0	0.0	0.0
5456.954409894175	-8.407086736797282	29778351.431663483	70.67910740003278	11339.891468904456	5.764340459083542	128593138.52653204	33.22762092822745	5667.675730338036	-0.9882229972417916	0.9765846922775504	32122548.184262797	6376.65680283032	6943.394728526699	0.7671019999999998	21.909262	0.0518389456694841	0.0234619328390975	-0.0337920089	-0.0403303318	-0.0021481845	0.1217546098	0.0174966917	-0.0280516522	0.0693894654	-0.03092367	-0.0506306893	0.0566819124	0.0493540024	-0.0299920018	0.0201789791	0.0283200767	-0.0676525346	-0.0173466842	-0.0263239028	0.0957558996	0.0456169733	0.01288659	-0.0407510533	-0.012074533	0.0485829021	-0.0812284308	0.0063697956	0.0507334655	0.0673456943	0.1233489006	0.0002056831	-0.0254817207	0.00708786	0.0270347591	0.0305380275	0.0366534054	0.0056433411	0.0572024829	0.0991121056	-0.0576069625	0.005778599	0.0959753368	0.0362881764	-0.0427024612	-0.0150772184	0.0267364714	-0.0023822382	0.0456991752	-0.0874679648	0.0629585725	0.0121913804	0.0026801339	-0.0717286789	-0.1188706516	0.110570541	0.026903991	-0.0002417171	0.0018355275	-0.00901567	0.0369469532	0.0075396645	0.0040702927	0.0064238491	-0.0292988592	0.0151393776	0.0823015652	-0.0351229497	0.0245081316	0.0270424589	-0.0609846026	-0.0193456248	0.1070675442	0.0488197852	0.0064371764	0.0098919456	-0.0176053631	0.0761684315	0.0383192499	-0.0825297238	0.0465493314	0.0453534075	-0.0316901917	-0.0448073981	0.0796181743	-0.0171308049	-0.0537531565	-0.0446338417	-0.0178442561	0.0384683603	-0.0230374407	0.0068794603	-0.0519750669	0.0065355293	-0.0755470001	0.0267168583	0.0077338	-0.0092869027	0.0377871063	-0.020365341	0.0290706277	-0.1322730722	-0.1049678742	-0.0899797191	0.0380861335	0.0547610285	-0.0706822617	-0.0158262221	-0.0733233479	-0.0359942781	-0.0295772471	0.0589984701	-0.0338735402	-0.0369035652	0.0816952353	-0.0775526427	0.054872117	0.0233044737	-0.0350476342	-0.0392730793	-0.0588746322	0.0445997272	-0.043585867	-0.015550723	0.0388481196	-0.0370322667	-0.0006719366	0.0412669292	-0.0496267547	0.001882793	0.0526811578	0.0751787942	-0.0320506543	0.0327054734	-0.0686381031	0.0082147524	0.0565187138	-0.0915979471	0.078617579	-0.0243881477	-0.0426372543	0.0872917462	-0.0861460138	0.4700393831117253	-0.0010632237233352	0.2209370216760512	1.1304446858628236e-06	-0.0795655810679107	-0.0081125620390593	0.0063306816906742	6.581366283758758e-05	0.3115369336701974	-0.0171366044866445	0.0970552610406289	0.0002936632133316	0.01524870961925	-0.0002428893963408	5.8995258854798263e-08	0.0002325231450522	0.0004281700819324	-0.0001486953768317	2.2110315091121272e-08	1.8332961906199814e-07	0.0227039798088668	-0.0001189463352363	0.0005154706991614	1.4148230666169906e-08	0.0	0.0	0.0	0.0	0.0	0.0	0.0	0.0	0.0	0.0	0.0	0.0	0.0	0.0	0.0	0.0	0.0	0.0	0.0	0.0	0.0	0.0	0.0	0.0	0.0	0.0	0.0	0.0	0.0	0.0	0.0	0.0	0.0	0.0	0.0	0.0	0.0
5458.435405345984	1.480995451808667	29794517.074334573	2.193347528277957	11323.645145027003	-16.246323877452596	128224939.37049362	263.9430395310864	5667.222627597221	-0.453102740815666	0.2053020937346686	32117412.310749948	6375.43841461067	6937.22784786348	0.82996	23.704538	0.0424100342813031	0.0193004562119424	0.0086060315	-0.0220724223	0.0230848554	0.1131017653	-0.0228276768	-0.02248645	0.0229653474	-0.0321444344	-0.0172010487	0.0106973489	0.0287947983	-0.0670421233	-0.0036444983	0.0217606716	-0.0568406254	0.0286221667	0.0203072442	0.1015772006	0.0285043836	-0.0242615804	0.0085290804	-0.0406684	0.1339668427	0.0187097237	-0.0043848346	0.0632776561	-0.0362557163	-0.0018259994	-0.0372467563	-0.0457437444	0.024592938	-0.009942589	0.0098116036	-0.0575876648	0.0444217706	0.0610653206	-0.1255535051	0.0295426294	-0.0154611061	0.0499235077	-0.0246674561	0.0448717804	0.0231304141	-0.0111734302	0.009156989	-0.0445728651	-0.0174280257	0.0918847783	-0.0452348024	0.0224145143	-0.0066599935	-0.0794936638	0.1607620029	0.0026836823	0.0534352903	0.1100201206	0.0349262527	0.0907097924	0.011271758	0.0489027842	0.0681347158	0.016909892	0.011625245	0.0962207297	0.0849428764	0.0378339408	0.0123173716	-0.0394224663	-0.0501323531	0.0593024968	0.0339648895	0.006417405	-0.0187004291	-0.0159356909	0.0630943494	0.0170785601	-0.0726749985	0.0995546441	0.0140807061	-0.0257884031	0.0336822223	0.0440399368	-0.0536990481	-0.1052591316	0.0259526409	-0.0237398478	-0.0007370009	0.0604396387	-0.0701675751	-0.0030150747	-0.048177052	0.0254493595	-0.0625882432	0.0054230877	0.1317769477	-0.0709105861	0.0876762747	0.0461033761	0.0123656051	0.0130435257	-0.0660834791	-0.0431004713	0.0243290208	-0.0058730859	-0.0244340157	-0.0197779509	0.005341013	-0.008469453	0.0356140754	-0.0172596593	-0.0365648681	0.0611903763	-0.0738287651	0.051703901	0.0326025121	0.0308156982	-0.0239665595	-0.1151434766	0.0283331683	0.0301078989	0.0203879253	-0.0179484874	-0.0220257265	0.0347208546	0.0665620132	-0.0196923309	-0.0240624779	0.0754947025	0.0486327524	0.0246909786	0.1275263249	-0.0694861298	0.0107324316	0.0534567308	-0.0905726114	0.0818177889	-0.0316261628	-0.0345826047	0.0832769341	-0.0897954726	0.4648315238312648	-0.0052078592804604	0.2160683455472957	2.712179828507824e-05	-0.0823726858306486	-0.0028071047627379	0.0067852593709547	7.879837148985831e-06	0.3019689162733527	-0.0095680173968447	0.091185226395303	9.1546956906323e-05	0.0154591596552417	0.0002104500359917	4.4289217648907884e-08	0.0002389856172462	0.0005642231283329	0.0001360530464004	1.851043143485659e-08	3.183477385457641e-07	0.0228540177832998	0.000150037974433	0.0005223061288393	2.2511393771958083e-08	0.0	0.0	0.0	0.0	0.0	0.0	0.0	0.0	0.0	0.0	0.0	0.0	0.0	0.0	0.0	0.0	0.0	0.0	0.0	0.0	0.0	0.0	0.0	0.0	0.0	0.0	0.0	0.0	0.0	0.0	0.0	0.0	0.0	0.0	0.0	0.0	0.0
5459.745093000656	1.309687654672416	29808816.480544742	1.7152817528013338	11320.560488953884	-3.084656073118822	128155089.78406382	9.51510308942883	5666.449007761351	-0.7736198358697948	0.5984876504512082	32108644.3575596	6373.527208846263	6956.185817578441	1.074519	30.68939	0.1129489378695771	0.0631912605446377	-0.0307609454	-0.0487610406	-0.0355877067	0.1188951192	0.1131364137	0.055956543	0.0850235314	-0.024595698	-6.54178e-05	0.0678900284	0.1190853254	-0.0658286132	0.0187422439	0.0414104665	-0.1012851903	-0.0341742062	0.0103566071	0.113363666	0.1594441538	0.0726562606	0.0572156503	-0.0279550595	0.0433594758	-0.0431745798	-0.004547545	0.0238444557	-0.0206052117	0.0498102385	-0.0161370825	-0.0441254714	-0.0895643214	0.006041406	0.0766065503	0.0417883105	-0.0775862223	0.023333358	-0.0435020649	0.0398053546	0.0186072807	-0.1298960834	-0.044584812	-0.0759499747	-0.035172081	-0.02374638	0.0318540883	0.0131793014	0.0045236254	0.0182774717	-0.0816792405	-0.0121525551	-0.1294864516	0.0501204391	0.021460545	0.039679939	0.0041240689	-0.0252244964	0.1149019626	0.0691495232	0.0073243102	-0.091704174	0.0758706349	-0.0592703575	0.0165443469	-0.0054128062	0.0633642114	-0.0573037975	0.0377467034	-0.083483438	-0.0027591472	0.091938165	0.1670553052	-0.0401468775	0.0238016001	0.0391161953	0.0233127907	-0.0200260058	-0.0691348791	0.0519834624	0.0595847858	-0.0417614566	-0.0363939241	-0.0320656839	-0.0355277276	-0.057100447	-0.0278624655	-0.0117743078	-0.0443278253	0.0443922469	-0.0008083149	0.0176418454	0.0958554463	0.0348849922	0.0218116825	0.172504733	-0.0511804256	-0.0245153923	-0.0456889678	0.1279868717	0.00494694	-0.0720624854	-0.0724272731	0.0425964934	0.0399021448	-0.0277533535	-0.0483190115	-0.0626163873	-0.0782481577	-0.0234212718	0.0766037987	-0.0585472093	-0.0258189651	0.1220459307	-0.0919235609	0.0779309056	0.0084933907	-0.0739653851	-0.0570664471	-0.0578505672	0.0324888398	-0.0838979969	-0.0576431166	0.0566238868	0.0621898571	-0.0596048834	0.0232317378	-0.0583150418	0.0518204931	0.0521470114	0.0921544599	-0.018345549	-0.0592849284	-0.0703213046	0.013242171	0.0503057744	-0.0892793062	0.0846398209	-0.038653711	-0.0262147696	0.0782773129	-0.0921013223	0.424836965452684	-0.0399945583785807	0.180486447215045	0.0015995646998977	-0.0859394639546167	-0.003566778123968	0.0073855914648068	1.2721906185617344e-05	0.3112445294508461	0.0092756131774933	0.0968731571130785	8.603699981848864e-05	0.0149713168512905	-0.0004878428039511	2.379906013669685e-07	0.0002241403282617	0.0005509037323581	-1.331939597479996e-05	1.7740630913351736e-10	3.034949223260851e-07	0.0221529402194351	-0.0007010775638646	0.0004907527603658	4.915097505544616e-07	0.0	0.0	0.0	0.0	0.0	0.0	0.0	0.0	0.0	0.0	0.0	0.0	0.0	0.0	0.0	0.0	0.0	0.0	0.0	0.0	0.0	0.0	0.0	0.0	0.0	0.0	0.0	0.0	0.0	0.0	0.0	0.0	0.0	0.0	0.0	0.0	0.0
5446.92304965889	-12.822043341766404	29668970.708905306	164.40479545813614	11306.75699163943	-13.803497314454944	127842753.66798712	190.53653811016488	5656.290098262458	-10.15890949889308	103.20344220670007	31993617.675701924	6374.848174628686	7085.041515375059	2.101325	60.016079	1.2587187130956448	0.706908775948614	0.0919071916	-0.0483847164	0.060910649	-0.1175712638	0.0786875637	0.027575407	-0.1295174823	-0.0442762743	-0.0117136627	-0.2502000793	-0.2122092266	-0.0753110782	0.116753903	-0.125034782	0.0455773945	0.0705626732	0.0591336044	-0.1320163587	-0.23494791	0.2002917264	0.0585395696	-0.0360007215	0.0304790069	0.0904766678	0.0737757331	0.1096466071	0.0896273363	-0.038968852	-0.0561479917	-0.0770157162	0.0150631133	-0.0245539896	-0.0909533466	-0.0624233648	-0.1748700177	-0.00762634	0.1055625584	-0.0353518645	0.0977901387	0.0645805881	-0.0141566443	0.0066462924	0.0790037942	0.0891249512	0.0438380446	0.0058163556	-0.0197362694	-0.0684250881	0.0723108708	-0.0659112087	0.0085667012	-0.0486113784	-0.0359354194	-0.0918046448	0.0322647913	-0.0500231215	-0.0182796128	0.0361002361	-0.0990718411	-0.0027464992	-0.0022689061	-0.0204145543	-0.0342480042	-0.0177191518	0.0080364888	-0.0178903522	-0.1242675939	0.0427465162	-0.0951898883	-0.1951473663	-0.0674922779	0.054611107	-0.2856914356	-0.106105163	-0.0663876284	8.65741e-05	-0.1162947642	-0.0666881763	-0.0892054397	0.0889506967	-0.0271051805	-0.0226552875	0.1451387052	-0.0934875323	-0.0132221527	0.0816846528	0.1121969613	0.0257483492	-0.0158766035	-0.033592075	-0.2252121211	0.1817886906	-0.0417328181	0.0235574635	-0.0681750734	0.0845312559	-0.0444309043	-0.1142721252	0.0075290561	-0.0038857599	0.0258189102	-0.0331943173	-0.008248709	0.016392217	-0.0286338474	0.040418002	0.0893730358	0.1070354232	-0.0048966233	0.0935425561	0.0652784631	-0.0239415345	0.056391123	-0.1166626098	0.1759276431	0.4154570271	0.0011196766	0.0542279036	-0.029213889	-0.0771090075	-0.0090707451	0.05892057	0.0413109169	-0.0065463465	0.024177812	-0.0129610063	0.006256647	-0.0981410956	-0.1471313568	-0.0083920859	0.1076089054	-0.071143473	0.015742114	0.047071089	-0.0877218577	0.087070631	-0.0454240252	-0.0176095295	0.0723520068	-0.0930290603	-0.0886950047759	-0.513531970228584	0.0078668038721969	0.2637150844468512	-0.1707641828906645	-0.0848247189360478	0.0291604061583163	0.0071952329425795	0.328301688256289	0.0170571588054429	0.1077819985119295	0.0002909466665141	0.0126532044057389	-0.0023181124455515	5.373645310221219e-06	0.0001601035817334	0.0041370230358919	0.0035861193035337	1.2860251659177744e-05	1.7114959599500232e-05	0.0151910746660091	-0.006961865553426	0.0002307687495082	4.846757198397954e-05	0.0	0.0	0.0	0.0	0.0	0.0	0.0	0.0	0.0	0.0	0.0	0.0	0.0	0.0	0.0	0.0	0.0	1.0	0.0	0.0	0.0	0.0	0.0	0.0	0.0	0.0	0.0	0.0	0.0	0.0	0.0	0.0	0.0	0.0	0.0	0.0	0.0
5445.759237547828	-1.1638121110618158	29656293.6733375	1.3544586298541603	11275.19442313058	-31.562568508848926	127130009.27939494	996.195730875782	5662.39428095258	6.104182690121888	37.26104631438369	32062708.992964484	6371.616793559699	6982.299890472874	1.881991	53.751667	0.5642028037976599	0.3162891911665739	0.177513582	0.0474158697	0.1144566969	-0.0415705733	-0.1658592368	-0.0564771945	-0.2295791962	0.0134907168	-0.1048623358	-0.0088549271	-0.1050336897	0.0948088552	-0.0322259669	-0.1636555558	0.1688571249	0.1316244718	0.0089578283	-0.0439505241	-0.0115249193	-0.06469965	-0.0600261821	-0.0993118178	-0.0490895459	0.0495428215	-0.0159726736	-0.1116276731	0.0272526552	-0.1056824181	0.0182556322	0.0386246636	0.0186622831	0.0178340391	-0.0242569845	0.0520407813	0.0183895953	0.0492065202	-0.0061971677	0.0725193227	0.0293442745	0.1043954723	-0.0026572539	0.1065831473	0.0892160436	0.0157164012	0.0162188322	-0.055570578	0.071238975	0.0979372011	0.1302541493	0.1189315294	0.1014332056	-0.1049796517	-0.0611959829	0.0147231686	-0.0195982105	0.0024551802	-0.0234099485	0.0606737175	0.0586533475	-0.0170217079	-0.0301311928	0.0544194435	-0.0399244789	-0.0415967206	-0.015589594	0.0350194209	-0.1602752176	0.150080085	-0.1117741349	-0.0474596728	-0.1503166202	-0.0318039718	0.0496009329	0.0173633825	0.0693687751	-0.0899028908	0.1260000365	-0.0611939842	-0.0340499339	0.04707569	0.0262748589	0.0002385798	0.0662316612	-0.0438562955	-0.0272767161	0.0628261169	0.0028632295	-0.0594694706	0.0019316891	0.0248599429	-0.0805378571	0.0093719846	0.0398578643	-0.0757059317	0.0750070656	0.003458051	0.090995855	-0.0617321471	-0.0340997838	0.0047593302	-0.0793249054	-0.135957963	-0.0312939799	-0.0458320859	-0.0640127611	0.0564406987	0.0104897061	0.1576272207	-0.1246400198	0.2044754511	0.0196802092	-0.1190305112	0.1120434692	0.0056309855	0.1051174751	-0.0522280273	0.0345487509	0.1153173265	-0.0380943336	0.0258984011	-0.0014690547	-0.0100025189	-0.0414039464	0.0653681064	-0.0952919323	-0.0097902103	-0.2043915129	-2.95291e-05	-0.102025579	-0.0588701477	-0.0037439941	-0.071952483	0.0182304111	0.0437580584	-0.0859048739	0.0890989834	-0.0518920499	-0.0088448147	0.0655710866	-0.0925648049	-0.343572833356518	-0.254877828580618	0.1180422918206256	0.0649627075019709	-0.1536149392959345	0.0171492435947299	0.0235975495748936	0.0002940965558713	0.2592531203481272	-0.0690485679081618	0.0672121804102405	0.004767704730168	0.0135654326217184	0.0009122282159794	8.321603180291398e-07	0.0001840209622143	0.0057071413658049	0.001570118329913	2.465271569928789e-06	3.257146256928142e-05	0.0132108779376186	-0.0019801967283904	0.0001745272958826	3.921179083128436e-06	0.0	0.0	0.0	0.0	0.0	0.0	0.0	0.0	0.0	0.0	0.0	0.0	0.0	0.0	0.0	0.0	0.0	0.0	1.0	0.0	0.0	0.0	0.0	0.0	0.0	0.0	0.0	0.0	0.0	0.0	0.0	0.0	0.0	0.0	0.0	0.0	0.0
5463.017433411595	17.25819586376747	29844559.47775901	297.84532447216054	11329.901759556362	54.70733642578125	128366673.88119836	2992.892658803612	5665.204203623227	2.809922670647211	7.895665415017154	32094538.66875028	6378.10993317758	6990.225631038262	1.108188	31.651024	0.136290139631293	0.074125972468724	0.1501576273	-0.0042286982	0.0782343468	0.0135359227	-0.0590189439	0.0616488176	-0.1630677006	-0.0080862705	-0.0633850242	-0.000273481	0.0282912439	-0.0484023346	0.0051392846	-0.1584600368	0.0980456762	0.0190852915	0.1014838297	0.0077641424	-0.0268357704	0.0244116953	-0.0599537468	-0.0445515435	-0.0866776686	-0.093442188	0.0574587569	-0.0121618695	0.0175883855	-0.1543198446	-0.0710784591	0.0072158081	0.0046895141	0.0726280928	-0.0168995916	-0.1208070632	-0.0493615937	-0.0901565737	-0.0279096556	0.1171529993	-0.07312394	0.0684018439	-0.0733206638	0.0743711372	-0.0011534583	0.1109248511	-0.0025591868	0.0733156266	0.030944918	-0.0211280443	-0.0976380521	-0.1309781688	0.0095135165	-0.0477543656	0.1042483272	-0.0566634628	0.0098878693	-0.055185252	-0.0280636656	-0.0755424573	0.1095300203	-0.0059707602	-0.0047964722	0.0524898191	0.0351539189	0.0511671019	0.0936245371	-0.0813793941	-0.1341632141	0.0933387115	-0.0771837441	-0.0446512015	0.0350689728	-0.0215790491	-0.0012605959	-0.0053555073	0.0702325476	-0.0920904236	0.0724700774	-0.0777906652	0.0794679872	-0.119604944	0.0115304744	0.0272329565	0.0851962603	0.0652490444	-0.0315970255	0.1900513981	0.0125870908	-0.0309682066	0.0369255273	0.0890664012	0.0231750858	-0.0114049307	0.0295912891	0.0378475905	-0.0318610767	-0.0402211364	0.0897085372	-0.045820035	0.0525601395	0.0312558207	0.0544326236	-0.0541443146	0.1589306619	0.0536964337	0.0168780497	-0.1344305589	0.0178072719	0.1676970244	-0.0592055144	0.1333918047	0.0704733576	-0.0183589141	0.0831654795	0.0352050329	0.0715340313	-0.0592765202	0.0225191029	0.1336373708	-0.0415140966	-0.0612218075	-0.0457267901	0.053701569	0.0942088789	0.0251644983	-0.0673896048	-0.0679212861	-0.0915607966	0.02024196	-0.0075808835	-0.0506932604	-0.0787379135	-0.072748185	0.0207052216	0.0403721968	-0.0838337306	0.0907155029	-0.0580147416	-0.0	0.0580147416	-0.0907155029	-0.2940368934095687	0.0495359399469493	0.08645769468595	0.0024538093464277	-0.1677413610292006	-0.014126421733266	0.0281371641999286	0.000199555790986	0.2660862923506499	0.0068331720025227	0.0708019149769155	4.669223961606012e-05	0.0136354464745862	7.001385286779967e-05	4.9019395933938995e-09	0.0001859254005613	0.004978073622246	-0.0007290677435589	5.315397746980662e-07	2.478121698850141e-05	0.013727688460163	0.0005168105225443	0.0001884494304592	2.6709311621261535e-07	0.0	0.0	0.0	0.0	0.0	0.0	0.0	0.0	0.0	0.0	0.0	0.0	0.0	0.0	0.0	0.0	0.0	0.0	0.0	0.0	0.0	0.0	0.0	0.0	0.0	0.0	0.0	0.0	0.0	0.0	0.0	0.0	0.0	0.0	0.0	0.0	0.0
5448.235202815772	-14.78223059582342	29683266.825201016	218.51434138809805	11317.76236522441	-12.139394331952644	128091744.95569	147.36489474664398	5665.353593768944	0.1493901457170068	0.0223174156373485	32096231.34243069	6385.837252162127	7037.16687749941	0.899578	25.692911	0.2014182995975889	0.0944637780794769	0.1612170592	0.0025633885	0.0353541378	-0.0570339779	0.0127613641	0.0646677205	-0.1808871249	0.0034173925	-0.0641909884	-0.0162635033	0.02526242	0.0027561907	-0.0073949363	-0.1587778373	0.1346672565	0.0561213231	0.0345322808	-0.0142419587	0.0331939226	0.0581198908	-0.0914587667	0.066412611	-0.1296495794	-0.0844448976	0.0451424755	0.0019038446	0.0333289094	-0.124011369	0.0105663796	0.0494773715	0.0412726854	0.0294512146	-0.1511261106	0.0204493759	-0.0738304365	0.0198739762	0.0091617089	-0.0119245553	0.0364995236	-0.0458140427	0.060060257	-0.017509424	0.0849871083	0.0186817522	-0.0024545412	-0.0062751595	-0.0164657001	-0.0093478597	0.0879567729	0.0080848879	-0.0140643292	0.1201676903	0.0680076883	0.0204905411	0.0131711849	-0.0214896653	-0.0414636821	-0.0689457436	-0.059963043	0.0346115479	-0.0944446282	-0.1131987755	0.0351454889	-0.0230864143	-0.128602823	-0.0019510734	-0.1413151366	0.1192141407	-0.0574444418	-0.0223729052	0.014929772	-0.0837068814	0.0126729727	0.0490986275	-0.0511704712	0.0017567738	0.0694748299	-0.1476762574	-0.0145307374	-0.1075740245	-0.0569468796	0.0600456194	0.0582706219	0.0886952553	-0.0417379365	0.0887303186	0.0055716125	-0.0685756456	0.0568974663	0.0446619241	-0.0285988631	0.0548446816	-0.0138811051	-0.0808700574	-0.0393490987	0.0336689209	0.0326535577	-0.0523264358	0.0120705193	-0.0660894138	0.0023627656	0.0209377682	-0.0357086981	0.0356888894	0.0204414026	0.0798288204	-0.066387678	0.164517065	-0.0766618206	0.1095089678	0.0494334397	-0.0297045671	0.0881484773	0.0453435052	0.0664543507	-0.0479594334	0.0395578743	0.0939301411	-0.0553583603	-0.0216198681	-0.0102996384	0.008457227	0.0863108685	-0.0159739049	-0.0841971251	0.0148149179	-0.0623066687	0.0041521899	-0.115996886	-0.010107429	-0.0602087727	-0.0735304317	0.0231647145	0.0369191397	-0.0815145553	0.0919127174	-0.0637513548	0.0088448147	0.049772331	-0.0875088252	-0.2391429037192551	0.0548939896903135	0.0571893283992769	0.0030133501041202	-0.1796830635107369	-0.0119417024815363	0.0322860033126035	0.0001426042581575	0.2995095068785289	0.033423214527879	0.0897059447106195	0.0011171112693766	0.0145806350601368	0.0009451885855506	8.933814622551451e-07	0.0002125949187568	0.0047079694365328	-0.0002701041857132	7.295627113979094e-08	2.216497621532697e-05	0.0145355835468564	0.0008078950866934	0.0002112831890476	6.526944711033366e-07	0.0	0.0	0.0	0.0	0.0	0.0	0.0	0.0	0.0	0.0	0.0	0.0	0.0	0.0	0.0	0.0	0.0	0.0	0.0	0.0	0.0	0.0	0.0	0.0	0.0	0.0	0.0	0.0	0.0	0.0	0.0	0.0	0.0	0.0	0.0	0.0	0.0
5442.51774504593	-5.71745776984244	29620999.40513983	32.68932334993169	11308.699327741351	-9.063037483057997	127886680.48525769	82.13864841931422	5659.693705576352	-5.659888192592007	32.03433435264241	32032132.840940576	6381.374101125552	7067.807415836573	0.948027	27.076651	0.1324121241271159	0.0672255815288279	0.1406907038	-0.0402609845	0.0496569523	-0.1512430031	0.03686468	-0.0172812561	-0.1319316901	-0.0187189246	-0.0760450376	-0.0901904997	0.0138164962	0.0809876114	0.0065786579	-0.1711412432	0.0646312239	0.0332533836	0.066390779	0.0348545754	-0.0405377327	-0.0217026946	-0.1098131442	0.023904882	-0.15739624	0.0681217204	0.1293220833	0.0457481149	-0.0079637055	-0.010829939	-0.0796264175	-0.0123236569	0.0482765358	-0.10639012	-0.0363437034	0.0538487246	-0.0029518349	0.0219881162	-0.0167178746	-0.0628315238	-0.0737411319	-0.0451067243	-0.0602278853	-0.0406476334	-0.0391017515	-0.013115034	-0.0258016625	-0.0470151092	0.0012570507	-0.0259772446	-0.0866077694	0.0146732367	0.0137602933	0.0748659894	-0.0426326478	0.0527877479	-0.1090850555	0.0992156783	-0.0470373752	0.0234317221	-0.0158895188	-0.0723661544	-0.052415132	-0.1255866834	0.0445666081	0.0045324129	-0.0234865831	-0.0592386532	-0.1457131216	0.0770979264	-0.0604322737	-0.029184757	-0.013112749	0.0916583016	0.0044759067	0.0785940026	-0.0404660012	0.0647780464	0.0592522866	-0.1177306089	0.0479453466	-0.0825969004	-0.0578506828	-0.0524347911	0.1119910812	0.0459186217	0.0087794709	0.0629871532	0.0724601315	-0.0433723442	0.0752404401	-0.0044219615	0.0096544181	0.0444761169	-0.0215890643	0.0375328413	0.0488627101	-0.1192776501	-0.0409607816	0.1078791161	-0.0326633984	-0.0245522458	-0.0305505823	0.0876150202	-0.0256760519	0.0757045048	0.0561746711	-0.0187254456	-0.0839867882	0.1697434878	-0.0432215294	0.0810844561	0.0830296673	0.0021890804	0.0622322611	0.0531810644	0.0445359399	-0.0346103805	0.0627234619	0.1342334422	-0.0503620116	-0.0284978672	0.0406716572	0.0465668801	-0.0366339557	0.0015893941	-0.0345099728	-0.0070391701	0.0365364951	-0.0245190872	-0.0468311759	0.0294218868	-0.0805339881	-0.0742990785	0.0256070703	0.0334046344	-0.0789542098	0.0926850932	-0.0690637132	0.0176095295	0.0409413271	-0.0829927534	-0.2037776437729519	0.0353652599463031	0.041525328101656	0.0012507016110695	-0.169728236324488	0.0099548271862489	0.0288076742058212	9.909858430808028e-05	0.2942473421839651	-0.0052621646945638	0.0865814983823274	2.7690377272713827e-05	0.0138825579607536	-0.0006980770993831	4.873116366832616e-07	0.0001927254155336	0.0045437620180892	-0.0001642074184435	2.6964076271911423e-08	2.064577327703004e-05	0.0153098964750296	0.0007743129281732	0.0002343929300761	5.995605107361563e-07	0.0	0.0	0.0	0.0	0.0	0.0	0.0	0.0	0.0	0.0	0.0	0.0	0.0	0.0	0.0	0.0	0.0	0.0	0.0	0.0	0.0	0.0	0.0	0.0	0.0	0.0	0.0	0.0	0.0	0.0	0.0	0.0	0.0	0.0	0.0	0.0	0.0
5444.708802879629	2.191057833699233	29644853.948154923	4.800734430614776	11293.33606517558	-15.363262565771947	127539439.48099545	236.02983666484965	5656.191269853298	-3.502435723054077	12.267055994125338	31992499.681164663	6372.756943952157	7022.73673536659	0.929695	26.553072	0.1107496059389012	0.0570072046277349	0.1431180442	-0.0371424411	0.0191218597	-0.0094429391	-0.0519250251	-0.0662360778	-0.1460969256	-0.0416036801	-0.0461329501	0.0492466985	-0.0140671411	0.0977313752	0.0311963304	-0.1526999712	0.0717556181	0.0221438124	0.049402577	0.0780162039	-0.0572501368	-0.064199449	0.0242066184	-0.1045560084	-0.1193994511	0.0057462362	0.0202963421	0.0268512716	-0.0191769457	-0.1004332444	0.0315159615	0.0060888848	0.0247350503	-0.0713963293	0.0109110983	-0.0003489821	0.0102653591	0.0172990815	-0.0763799498	0.0553162607	0.0096058711	0.0323680374	0.0564014321	-0.0018709955	-0.0262110062	-0.0334384989	-0.0548553601	0.027120767	0.0284477344	-0.0588393176	-0.0079961667	-0.0034950587	-0.0288462473	-0.0118803913	-0.0260297284	0.0546311578	-0.0009175078	-0.0591383738	-0.0221229068	-0.1114967276	0.0324168296	0.0139056404	-0.0849438378	0.0073115576	-0.0614342542	0.0474759192	-0.0646544646	-0.0187758508	-0.1407897516	0.0640200925	-0.0501438483	0.0356204872	-0.0368655179	0.0889190784	0.0314830953	0.0244436803	0.0485958103	-0.1135039801	0.0666570896	-0.1011286603	0.0549296185	0.0079021759	-0.0543473943	-0.026312375	0.0446610682	0.0121649987	0.0090340147	0.0705940228	-0.0318146379	0.0331212786	0.0249125833	0.0376251102	0.0085831664	0.0031989793	-0.0515789567	-0.0529801255	0.0139611928	-0.0847087006	-0.0201930122	-0.0046321744	0.0306182097	-0.0312079811	0.0433505865	-0.0590801954	-0.025410754	-0.0328380468	0.0940060086	-0.0562505712	-0.0294629832	0.1589819025	-0.0505404687	0.0553594529	0.0630460414	0.012468448	0.0544007769	0.0503319717	0.0454321032	-0.0394628845	0.0593027547	0.0940510479	-0.0456027654	-0.0028646953	-0.0033403813	0.0055070196	-0.0137558821	0.0556474049	-0.0152762092	-0.0281101118	-0.0399858905	-0.0510373392	-0.0309178859	-0.038885196	-0.008099508	-0.0750539832	0.0280304823	0.0298345303	-0.0761602691	0.0930290603	-0.073916464	0.0262147696	0.0316261628	-0.0772348614	-0.1684452673580807	0.0353323764148711	0.0283738080953352	0.0012483768231221	-0.1761127867601004	-0.0063845504356123	0.0310157136604085	4.076248426487844e-05	0.2996400638023928	0.0053927216184276	0.089784167835502	2.908144645385733e-05	0.0141414455385378	0.0002588875777842	6.702277793097022e-08	0.0001999804819194	0.0039395913870274	-0.0006041706310618	3.6502215143761406e-07	1.5520380296740473e-05	0.0157196374155834	0.0004097409405537	0.0002471070004774	1.6788763836591144e-07	0.0	0.0	0.0	0.0	0.0	0.0	0.0	0.0	0.0	0.0	0.0	0.0	0.0	0.0	0.0	0.0	0.0	0.0	0.0	0.0	0.0	0.0	0.0	0.0	0.0	0.0	0.0	0.0	0.0	0.0	0.0	0.0	0.0	0.0	0.0	0.0	0.0
5448.80395658655	4.095153706921337	29689464.557313245	16.77028388331157	11345.04214477539	51.70607959981135	128709981.2667298	2673.518667582027	5656.712622330792	0.5213524774944744	0.2718084057896265	31998397.69163651	6377.426672638283	6964.12594389452	0.993057	28.362749	0.1307965168346998	0.0637318546331491	0.1592090389	-0.0288779818	0.0338334846	-0.0058364923	-0.0206220286	0.0762742986	-0.1418980694	-0.0288125704	-0.0260747321	-0.0191226246	0.0893249867	-0.0136932157	0.0303539463	-0.1607130107	0.0528378295	-0.0003330898	0.0867392567	0.0112566302	0.0369950028	0.0392194114	0.0341122824	-0.039195806	-0.05563051	-0.0456503908	0.0307970282	0.0747509504	-0.0523627776	-0.0571462968	0.0505096202	-0.0178255075	-0.0223386211	0.0657584924	-0.0606229384	0.0211327448	0.0704496994	-0.0050107162	0.0445204551	0.030771087	-0.0023693498	-0.1355124786	0.0679690555	-0.0603264142	-0.0210194814	0.0571472252	-0.0074571073	0.1418643416	0.0789199479	0.0593447952	-0.1590974783	0.0019608652	0.0056200458	-0.0299809535	-0.0931840643	0.1248366115	0.01427384	-0.0733518795	-0.1107868665	-0.0523840803	0.0533867348	-0.0049831948	0.0418225859	-0.0096839709	-0.0428446365	-0.0610823815	-0.0077639073	0.0247327919	-0.1466278999	0.0718529527	-0.0383368102	-0.0323512093	0.0799431826	-0.0135289583	0.0049792417	0.0623179794	0.0779906418	-0.0153556964	-0.025423252	-0.1010170604	0.077951545	-0.0650029701	-0.1074999108	-0.0270851067	0.0013873494	0.0132910948	0.0633997331	0.0203226698	-0.0154133893	0.1046195653	0.030555959	0.0058185998	-0.0262033346	-0.0748962284	0.0621430595	0.0160359743	-0.0341025178	-0.0154571778	0.1147489331	0.0169774192	0.0247837061	0.1067399973	0.0834729507	0.1239788283	0.0727951927	0.0234563752	0.0088938721	0.0373411953	-0.0399555048	0.181193745	-0.0316194501	0.0454135639	0.0710417969	0.0349087387	0.0314179545	0.0940779752	0.0496210067	-0.0182132631	0.0402919436	0.0688866801	-0.067977943	0.0046717829	0.0095844497	-0.0119740513	0.0812701744	0.0386223872	0.0669921327	-0.0108977261	0.0120929698	0.1060257578	0.0082183896	0.0500634681	-0.0071669633	-0.0757950062	0.0304331576	0.0262147696	-0.0731409993	0.0929430287	-0.0782773129	0.0345826047	0.0219369967	-0.0703213046	-0.1275127125768733	0.0409325547812074	0.0162594918687123	0.0016754740409165	-0.1655827431743688	0.0105300435857315	0.0274176448371489	0.0001108818179174	0.3121756014270787	0.0125355376246859	0.0974536061263582	0.0001571397035399	0.0148589939169308	0.0007175483783929	5.14875675334423e-07	0.0002207897002233	0.0034703088605325	-0.0004692825264948	2.202260896734364e-07	1.2043043587490376e-05	0.015868774127557	0.0001491367119735	0.0002518179923114	2.2241758858296296e-08	0.0	0.0	0.0	0.0	0.0	0.0	0.0	0.0	0.0	0.0	0.0	0.0	0.0	0.0	0.0	0.0	0.0	0.0	0.0	0.0	0.0	0.0	0.0	0.0	0.0	0.0	0.0	0.0	0.0	0.0	0.0	0.0	0.0	0.0	0.0	0.0	0.0
5447.323452684778	-1.4805039017719537	29673332.798169613	2.1918918031619787	11351.90243405712	6.86028928172891	128865688.87235196	47.06356902900457	5670.609893354828	13.897271024035945	193.13414191550908	32155816.56261366	6395.403007268607	7008.047500247832	1.945651	55.569866	1.4769139462496506	0.6984799601697919	0.0227963888	-0.0223642037	-0.2586666898	-0.0029693691	0.0268390301	-0.0009222623	-0.0343022204	-0.0198392955	0.2588109522	-0.0080485904	0.0743111763	0.0102513156	-0.0720045897	-0.0546229595	-0.0476730927	-0.220656568	-0.1234644531	-0.0177676477	0.0008433423	0.0153771193	-0.0750166771	0.029594436	0.0311169324	0.1052272307	0.066805882	-0.0152350278	0.009584274	0.0428070472	0.0298483895	-0.0072212967	0.1018016532	0.0277150755	-0.0026875023	-0.0140228774	0.0271302102	0.0719166823	-0.1150310877	-0.0567442515	-0.0389228827	-0.0293109398	0.0443910958	-0.0160126513	-0.0796269813	0.0596901523	0.0077754676	-0.0473127382	0.033853886	-0.0734412153	-0.0667323023	0.0334026967	0.1216446337	0.0691829633	0.0174445753	0.0191977618	0.0509776447	0.0290346707	0.0310909437	0.0085179065	0.0299518334	-0.036759965	0.056261675	-0.0286876446	0.0983666298	0.0609722858	-0.0895380604	0.0436443198	-0.0608300985	-0.0141053483	0.2677430402	0.0342283073	0.0275202237	0.0072386793	-0.0245590092	0.0574894102	-0.0050069102	0.1077284973	0.1004363676	0.0762315248	0.0538173713	-0.0149284866	0.0265694086	0.0223708072	-0.0446491004	0.0368939703	0.0350395718	-0.0094469058	0.0642701215	0.0313791389	0.0614744789	-0.0293670852	0.0414752642	0.048785329	-0.0507439407	-0.1297736345	0.0438480861	-0.1106984361	0.0688487577	0.0453758247	0.0393619957	-0.0515671887	0.0005401584	0.0011157489	-0.0009122475	0.0801019367	0.0476516128	-0.0356911556	-0.0170291778	0.0536261369	-0.0185116658	-0.2313777878	-0.0606997664	0.0018695237	0.0051007416	-0.0645101048	-0.1105088258	-0.1038476015	0.0002173287	0.040263234	-0.0530546692	0.0235027345	0.0306140403	0.013703153	0.0338266547	-0.073981644	-0.0012505695	0.0326572867	-0.0665778139	-0.0090872781	0.0004098158	0.0438997793	0.023430019	-0.0765220104	0.0328133187	0.022551377	-0.0699053334	0.0924273962	-0.0821172393	0.0426372543	0.0119884099	-0.0623555305	0.2325190903779344	0.3600318029548077	0.054065127390182	0.1296228991388894	-0.3099829171473516	-0.1444001739729828	0.0960894089231818	0.0208514102434277	0.6759124276120687	0.36373682618499	0.45685760980044	0.1323044787231296	0.0160129167261671	0.0011539228092363	1.331537849675797e-06	0.0002564135020791	-0.0016858227228648	-0.0051561315833973	2.6585692905307144e-05	2.841998252927288e-06	0.0217336225976608	0.0058648484701038	0.0004723503512175	3.439644757727891e-05	0.0	0.0	0.0	0.0	0.0	0.0	0.0	0.0	0.0	0.0	0.0	0.0	0.0	0.0	0.0	0.0	0.0	0.0	0.0	1.0	0.0	0.0	0.0	0.0	0.0	0.0	0.0	0.0	0.0	0.0	0.0	0.0	0.0	0.0	0.0	0.0	0.0
5440.329367167714	-6.994085517064377	29597183.623267457	48.91723222000968	11417.77628248565	65.87384842853135	130365615.23689184	4339.363906785122	5668.607020972888	-2.002872381940506	4.011497778340035	32133105.55822312	6386.507078779505	6889.878553369906	1.7721	50.613052	1.396098791121798	0.6593350999843415	0.0176777452	0.104578061	-0.3285993064	0.0501816276	-0.0949182783	-0.0216379495	-0.0574687043	0.0158995681	0.3459396579	0.093547621	0.0699916707	0.094170095	0.0745823832	-0.0049751269	-0.0405304391	-0.3135036025	-0.2360631041	-0.0833736134	-0.0147292277	-0.0001002487	-0.035512144	-0.0263262749	0.2517884654	0.0769618068	-0.0628686023	-0.0923879686	-0.1008246191	0.0632047338	0.0824469947	0.1171855908	0.0728153071	-0.1325514031	0.0270894747	-0.0060143287	-0.0138512133	-0.1370236832	-0.0375134591	-0.0528006441	0.0782930466	-0.0607551386	-0.0038842843	0.0126723497	0.096110894	-0.111136734	0.0343633809	-0.0254497373	0.1165414764	-0.1264320489	0.1102622944	0.0333592311	0.076875863	-0.0963060828	0.0204824632	-0.0610384789	0.0539388963	-0.0765351546	0.0093403552	0.0058038389	-0.0189133299	-0.0671807082	-0.1460707839	-0.0080076912	-0.0137248313	-0.0762375267	-0.034422511	-0.0617155822	-0.0327564578	-0.004584594	0.3793922239	0.0572134973	0.0411871423	0.0233672144	-0.0145504024	-0.0769932545	0.0038097356	0.0002182392	-0.0478498619	0.1587435697	-0.3046267076	0.2149148895	0.1429961027	-0.1731186825	-0.0916808837	0.1870257714	-0.0945699579	0.023680321	-0.1863695117	-0.1303452642	-0.0143960802	-0.0925454244	0.0316297947	0.0971708382	-0.0047348894	0.0366713508	-0.0532328934	-0.003309136	-0.0462077763	-0.0840875368	-0.0552427417	0.0510773453	-0.0634008745	-0.099425736	0.0041883044	0.0934790273	0.0107374479	-0.0313677348	0.08132616	0.0087737776	-0.0787512711	-0.3162525053	-0.1491731001	-0.1071584626	-7.38193e-05	-0.3378824596	-0.2115508932	0.0231451813	-0.1747254907	0.0376780332	0.223795	-0.0834614096	0.0595128825	-0.0850045052	-0.0676931837	0.1446799616	-0.3119201638	0.0007346676	-0.1642294791	-0.0884779847	-0.1081083965	-0.135423245	-0.0665326637	-0.0772348614	0.0351692048	0.0188504498	-0.0664628444	0.0914845461	-0.0854106889	0.0503057744	0.0018980517	-0.0534567308	0.3688730703692187	0.1363539799912843	0.1360673420436145	0.0185924078594635	-0.5304617139739634	-0.2204787968266117	0.2813896299921949	0.0486108998501103	1.0894628230424956	0.4135503954304269	1.1869292427917242	0.1710239295606624	0.0169744438397139	0.0009615271135468	9.24534390085642e-07	0.0002881317436676	-0.0074660956957057	-0.0057802729728409	3.341155564055498e-05	5.574258493743519e-05	0.0275061348887426	0.0057725122910817	0.0007565874565177	3.332189815069043e-05	0.0	0.0	0.0	0.0	0.0	0.0	0.0	0.0	0.0	0.0	0.0	0.0	0.0	0.0	0.0	0.0	0.0	0.0	0.0	0.0	1.0	0.0	0.0	0.0	0.0	0.0	0.0	0.0	0.0	0.0	0.0	0.0	0.0	0.0	0.0	0.0	0.0
5447.456677534794	7.127310367080099	29674784.25361841	50.79855306868746	11402.7027538066	-15.073528679051378	130021630.0916686	227.2112668381844	5663.031335958339	-5.575685014548981	31.088263381466067	32069923.91204609	6386.782703232557	6928.897136037344	1.367452	39.055889	0.7450712625823337	0.3659199628010353	0.0425585806	0.0300395445	-0.3039467585	0.0446307385	-0.0423775013	0.072848852	-0.075846457	-0.0302283317	0.2915672789	0.1235283722	0.145037643	0.0233685011	-0.0447856598	-0.0552450854	-0.0584587479	-0.2775891755	-0.1566219174	-0.0570962105	0.0318042985	-0.0590270833	0.0708633203	0.0228589505	0.0785757183	0.0956656666	-0.1003415458	-0.035874149	-0.0277282623	0.0314141412	0.0192674816	0.1861350049	-0.0152842023	0.0165983319	-0.0112703954	0.0569670137	0.0551882648	-0.0822431528	-0.0766170988	-0.0192769461	-0.0051451929	0.0528370396	-0.0057989691	0.0933449007	0.0450924335	-0.0432630272	0.0126746259	0.0264917688	0.0965381608	0.0362507223	-0.0420145897	-0.0073475245	0.0601784858	0.0527026219	-0.0647551492	-0.0002791717	-0.0503528226	-0.040098863	0.0312261399	0.0528703791	0.0539552359	-0.0122386276	0.1114962864	0.0082451569	0.0084955214	-0.0045280934	0.1041813821	0.0558619804	-0.0702283898	-0.0007263394	0.33263907	0.0656506044	0.0747593214	-0.02957207	0.0531685342	-0.034859376	-0.0230828524	0.0148997654	-0.0553075964	0.0298168913	-0.0588818699	0.1079200182	0.1015707888	-0.0830859778	-0.0703206117	0.0330959625	0.0317574407	-0.0424112498	-0.0377627392	0.0453350317	0.0097476139	0.0058111295	0.0717645226	-0.0391303267	0.0327050631	-0.1337954175	-0.0134877779	-0.041694131	0.1818325262	-0.0093443758	0.075228126	0.0354275736	-0.0800304061	0.0384021964	-0.0046229898	-0.0463948491	-0.0347162139	0.0574061564	-0.0441675968	0.0565843626	-0.0495641704	-0.3000130166	-0.1091486615	-0.0508569492	-0.0101831615	-0.1928317927	-0.1576438477	-0.0932293521	-0.0448295057	-0.0180396967	0.0179956448	0.0735520249	0.0157478534	-0.106411486	-0.0070331355	0.0747963101	0.0427048197	0.0533335444	-0.009543553	0.013515754	-0.0765367653	-0.0246443772	-0.0408837312	-0.0779334273	0.037499073	0.0151181479	-0.0628237173	0.0901188363	-0.0881357445	0.0575187176	-0.0082147524	-0.0437580584	0.2345269092305102	-0.1343461611387084	0.0550028711532159	0.0180488910127078	-0.4770873309945216	0.0533743829794417	0.2276123213954762	0.0028488247584361	0.8154512795834421	-0.2740115434590535	0.664960789374273	0.0750823259488127	0.0161928059204962	-0.0007816379192177	6.10957836758976e-07	0.0002622069635788	-0.0040108642148315	0.0034552314808742	1.1938624586424118e-05	1.6087031749815905e-05	0.0260762207887319	-0.0014299141000106	0.0006799692906226	2.044654333409406e-06	0.0	0.0	0.0	0.0	0.0	0.0	0.0	0.0	0.0	0.0	0.0	0.0	0.0	0.0	0.0	0.0	0.0	0.0	0.0	0.0	0.0	1.0	0.0	0.0	0.0	0.0	0.0	0.0	0.0	0.0	0.0	0.0	0.0	0.0	0.0	0.0	0.0
5459.174849948579	11.718172413785396	29802590.04231109	137.31556471920106	11367.681762695312	-35.020991111287	129224188.6579156	1226.4698184168433	5664.685855188379	1.654519230040023	2.737433882572231	32088665.837971296	6369.492180930509	7056.40366177322	1.305361	37.282494	0.8208672333298301	0.3751589221483908	0.0549347182	-0.0793663745	-0.2699536367	-0.0539178009	0.0119284078	0.0030603238	-0.0950845885	-0.1087281214	0.2319890602	0.0744646544	-0.040052142	0.0625900218	0.0704983246	-0.1110687891	-0.0462101023	-0.2206760642	-0.0929734116	-0.0390933933	-0.091483976	-0.0301088746	0.0867972296	0.0178970492	-0.0314560251	0.037030433	-0.0700831094	-0.0138312687	0.096660839	0.0136911874	-0.0462069122	0.123026877	-0.125297771	0.0006898651	0.0551761685	0.0177781304	0.0446967743	-0.0496351331	0.037267725	-0.0137301594	0.0138257745	-0.0432103451	0.0339869886	0.0322302362	0.0110300316	0.1033312074	-0.0748287659	0.0007780368	-0.1070396126	-0.0148356868	0.0254338999	-0.1060088246	-0.0482668369	0.0406723036	0.1037649994	-0.0793535387	0.0095689556	-0.0559819568	-0.0047640817	-0.0766071098	-0.0383930086	-0.0975743683	0.0332845505	-0.0294532129	-0.0374838214	0.0363559219	0.0494165488	0.0860158005	-0.1142020427	-0.0411499909	0.225795525	-0.0016479517	-0.0065545251	0.0730607633	-0.0006613104	-0.1248441562	-0.0949319014	-0.1768404213	-0.0040791399	-0.0468222171	-0.0914294778	0.0890644269	0.0548584281	-0.0699828286	0.0125130176	0.0414894032	0.0007101993	0.0022347513	0.0231644322	-0.0253052477	0.0184269485	-0.0656784334	0.0101541323	-0.1250788702	0.0808110167	0.0405152503	-0.0820716257	0.0990820312	-0.05180684	0.0499003214	0.0343181848	-0.0918515764	0.1447550496	-0.0616796858	0.0665979376	0.0029123666	-0.0212428396	-0.0505084965	-0.0503543413	0.1102762712	-0.0178775309	-0.2571309787	-0.0300178913	-0.0164649556	0.0229147484	-0.1660307865	-0.0318406541	0.074290595	0.0436631676	0.0151503412	-0.0402194865	0.0139316865	-0.0447083291	-0.1003288501	-0.0152159533	0.1038539941	0.0418174009	0.0404611328	0.1533897157	-0.0801453617	-0.0151994083	0.0044429769	-0.0482729739	-0.078617579	0.0398011998	0.0113606834	-0.058998719	0.0883365796	-0.0902742713	0.0642107624	-0.0182304111	-0.0334046344	0.055766665701455	-0.1787602435290552	0.0031099210034578	0.0319552246665671	-0.3913381969511107	0.0857491340434108	0.1531455843929463	0.0073529139891948	0.650398202464018	-0.165053077119424	0.4230178217684258	0.0272425182665905	0.0152079137033356	-0.0009848922171606	9.700126794235251e-07	0.0002312806392081	-0.000111628750824	0.0038992354640075	1.5204037203773784e-05	1.2460978010526682e-08	0.0231342528971412	-0.0029419678915907	0.0005351936571088	8.655175075150633e-06	0.0	0.0	0.0	0.0	0.0	0.0	0.0	0.0	0.0	0.0	0.0	0.0	0.0	0.0	0.0	0.0	0.0	0.0	0.0	0.0	0.0	0.0	1.0	0.0	0.0	0.0	0.0	0.0	0.0	0.0	0.0	0.0	0.0	0.0	0.0	0.0	0.0
5456.340297075154	-2.8345528734253094	29771649.43748618	8.034689992243678	11302.009829151388	-65.67193354392475	127735426.17823458	4312.802855397669	5673.463138317623	8.777283129244097	77.04069913091304	32188183.98184885	6386.579109812558	7062.346251518628	1.548072	44.214584	0.606231730946145	0.2886983094479641	0.1393820388	-0.0242262203	-0.1593030276	-0.0063795224	-0.0286897595	0.0418950359	-0.1424643426	-0.0489360304	0.0743840702	0.1960590718	0.1762808697	0.1027516709	-0.0494922356	-0.1563574557	0.0255477477	-0.1758275485	-0.0563389424	0.0508522912	0.0549689543	-0.1843990239	-0.1210192228	0.0167253557	-0.0494737699	-0.1781345412	-0.1148857463	-0.0505110499	0.0439559536	0.0726759876	-0.0189181825	0.0926617099	0.0438892327	-0.0177081466	-0.068140249	-0.0917281351	0.0769298833	0.0545333833	-0.0303066845	-0.0364900207	0.1346460043	-0.0511349722	-0.1168563341	-0.0209111976	1.17704e-05	0.039066434	-0.0663291228	-0.0604969241	-0.1671573085	0.0655923107	0.0990913956	0.0738185229	-0.1004960268	0.0767619039	-0.0228598341	-0.0608919852	-0.1090316008	0.0457839176	-0.016383192	-0.0632526033	-0.0883853272	0.0646507752	0.0343262972	0.0544699808	0.1055449303	-0.06264371	0.0343172477	0.0908147273	-0.1536821547	0.063053919	0.1372869401	0.1555989426	0.0368650901	0.0387193316	0.1774110516	-0.1108023696	0.0564608146	0.0031651929	0.0097886074	-0.1637191944	-0.003147534	-0.0217753117	0.113865741	0.0605688808	-0.0436808793	0.1160157227	-0.049077203	-0.0800515518	0.0855992845	0.0139710469	-0.057879266	0.1087555095	-0.0539493569	-0.029229771	-0.1318470852	0.0033576816	0.1178303619	0.1010666372	-0.0207148009	0.0730594397	-0.0417900936	-0.0642375336	0.0367303777	0.0317072711	0.0043276213	-0.0216743049	-0.051516064	0.1049373816	-0.0088824162	0.1713557098	-0.0848990827	-0.1668524643	0.0095348686	0.0068781715	0.0653295624	0.048822601	-0.0382028891	-0.2141354957	0.0681737157	-0.006542811	-0.1819628611	0.1759092211	-0.0250228251	-0.1160855598	-0.0170231087	0.0456516607	0.2446261699	0.0203897124	0.1566010375	0.0536505097	-0.0702333541	0.0158005139	0.0878268268	-0.0792871898	0.042073882	0.0075843101	-0.0549991661	0.0861460138	-0.0918120377	0.0703213046	-0.0280304823	-0.022551377	-0.0851484930594637	-0.1409151587609187	0.0072502658702975	0.0198570819686149	-0.3272356369247831	0.0641025600263276	0.1070831620735684	0.0041091382019289	0.5154121117214743	-0.1349860907425437	0.2656496449091894	0.0182212446939542	0.0176329300873753	0.0024250163840396	5.88070446286098e-06	0.0003109202234662	0.0004721144726926	0.0005837432235166	3.407561510015513e-07	2.2289207532581174e-07	0.0208184540763704	-0.0023157988207707	0.0004334080301299	5.362924178283425e-06	0.0	0.0	0.0	0.0	0.0	0.0	0.0	0.0	0.0	0.0	0.0	0.0	0.0	0.0	0.0	0.0	0.0	0.0	0.0	0.0	0.0	0.0	0.0	1.0	0.0	0.0	0.0	0.0	0.0	0.0	0.0	0.0	0.0	0.0	0.0	0.0	0.0
5459.263015011993	2.9227179368390352	29803552.66707784	8.542280138320626	11409.955730827489	107.94590167610112	130187089.77944306	11652.317688666491	5661.162870923255	-12.300267394368348	151.2965779729611	32048765.051120024	6386.902134748514	7002.305877553721	1.739629	49.685661	0.5034784441816063	0.2276908507995599	0.0896751326	-0.0788447782	-0.2742196534	0.086144289	0.0673067205	0.089288858	-0.0924141193	-0.0812613243	0.258539537	-0.1002677858	0.0107622451	-0.0683213242	0.0420345238	-0.1248457626	-0.0570811794	-0.254864103	-0.0471515032	-0.0401508564	-0.0358854148	0.087982694	0.012266966	0.0293451623	-0.0166783195	-0.0166496748	-0.0074025312	-0.0040957638	-0.0889548618	-0.0205350333	0.0707354016	-0.2010434801	-0.0789355934	0.0823538189	0.0247597558	-0.0037223157	-0.0973369616	-0.0480909009	0.0776566537	0.0983837621	0.048816485	-0.0101685526	0.0613546765	0.1047888541	0.0174944903	-0.00881403	0.0032358135	-0.0667490657	-0.1414273348	-0.0571224703	-0.1868450023	0.0634385151	-0.0638783969	-0.0351543812	-0.1217150559	0.0952501932	-0.0041384835	0.1063748217	0.0666269539	-0.0637283183	-0.0441295016	0.0667486125	0.0478916953	0.0512037643	0.0198658939	-0.008806355	-0.0121042849	-0.0826710238	-0.1388731707	-0.0292525299	0.2620010335	-0.058700947	0.063087093	0.0471030717	-0.1477512688	-0.057369514	0.0368769136	0.030282985	0.1188582442	0.0768100444	0.13547678	-0.1228375075	-0.1490666898	-0.0002352282	-0.0841285159	-0.166556681	0.0098503159	0.0469221569	-0.0746390143	0.0538648407	-0.106431046	0.1563929134	-0.020759173	-0.0864687145	-0.0001154306	0.1000916349	-0.0990369816	0.053242506	-0.1262149407	0.0235260981	0.1303246182	-0.0439899628	0.0637885607	0.1088335402	-0.1028651671	0.0498014576	-0.0173669848	-0.0362139696	-0.0089862517	0.1527851486	-0.0045463938	-0.2397911765	-0.0092593143	0.0888963524	0.0371593407	-0.0535605	0.0411281379	0.0776169605	-0.0678949496	-0.0168107246	-0.1859049391	0.036898974	-0.2385996766	0.0682461387	0.0757837594	-0.136712289	-0.021865003	-0.018617262	0.3004568688	0.0033933204	0.355247263	0.0209134827	-0.0199216638	-0.079942136	0.0443154383	0.0037953135	-0.0508368917	0.0835572642	-0.0927388101	0.0757950062	-0.037499073	-0.0113606834	-0.0291059084199076	0.0560425846395561	0.000847153904948	0.0031407712930818	-0.4137507911959943	-0.0865151542712112	0.1711897172153112	0.0074848719185714	0.4760191017382453	-0.0393930099832289	0.2265941852196859	0.0015518092355387	0.0192172014900889	0.0015842714027136	2.5099158774561186e-06	0.0003693008331106	-0.0024127716453665	-0.0028848861180591	8.322567914170104e-06	5.821467012684568e-06	0.0188570576913909	-0.0019613963849795	0.0003555886247764	3.847075779010653e-06	0.0	0.0	0.0	0.0	0.0	0.0	0.0	0.0	0.0	0.0	0.0	0.0	0.0	0.0	0.0	0.0	0.0	0.0	0.0	0.0	0.0	0.0	0.0	0.0	1.0	0.0	0.0	0.0	0.0	0.0	0.0	0.0	0.0	0.0	0.0	0.0	0.0
5428.54847837097	-30.714536641023187	29469138.582023773	943.382761072756	11151.014861126336	-258.94086970115313	124345132.4330604	67050.37400158956	5645.489976973585	-15.672893949669742	245.6396047575944	31871557.08010921	6354.079311824412	6906.353541462777	2.888952	82.511543	4.147364101941942	1.998376317861968	-0.0005952308	0.1384045523	0.0628290103	-0.0556372308	0.0181079102	-0.0157779097	-0.014499779	0.2141453188	-0.0860615014	-0.0385417494	-0.1368153584	-0.1075322392	0.0523978415	0.1147875164	0.1927351218	0.0318380011	0.0147164925	-0.1192116734	-0.2470966703	0.0992131612	0.0657923641	0.1129098053	-0.0820922207	-0.1240795667	-0.1051923046	-0.115175185	0.0349085965	0.1122440119	-0.1134586566	-0.0597083805	-0.1056059172	0.191537358	0.147193599	0.1536445474	-0.0548929578	0.172175919	-0.0282045628	0.0195647795	-0.1148344588	0.0003939167	0.024621212	-0.0053353065	-0.1575834038	-0.1097363655	0.0136743843	-0.0876152006	0.0876776442	-0.0197934606	-0.0283633565	-0.0837637354	0.1384754315	-0.0487433136	0.081631511	-0.0889669885	-0.0198117352	-0.0350346204	0.0146788829	0.0376371901	-0.0943011101	0.0299683923	-0.0518266633	0.0401122389	-0.0030617345	0.0109011488	-0.1121134359	0.1128476321	0.1348370559	0.1820140024	-0.0613173724	-0.0482516454	-0.1038533062	-0.0388428946	-0.1487973312	-0.1287037114	-0.1128122963	-0.0262612546	0.0109204632	-0.1087941857	0.0779829885	-0.1236825286	0.1642326825	0.1899564302	-0.1040083387	-0.0563531408	0.1373205481	-0.3485773587	0.054462931	-0.1545577924	0.0187894349	-0.053882683	0.1638447386	0.0274521821	0.1753827522	0.0456459153	-0.2626311496	-0.0612882786	-0.0395090753	-0.0104865856	-0.0459891591	-0.0732934449	-0.0892044339	-0.0545414007	-0.017839771	0.0889801278	0.0257634593	-0.1319871858	0.0728954027	-0.1068274806	-0.1801280594	0.0812690834	0.045921081	0.0223351612	0.0407531909	-0.0039270815	-0.1633264159	0.2245248259	0.2135068175	-0.4524516842	-0.2103195947	0.2608602356	0.2255450649	-0.0022073119	0.138672197	-0.1428443164	-0.2870747678	-0.2149526453	-0.1149180212	-0.1483049128	0.1895079195	0.0952374095	0.0408841645	-0.0805822964	0.0465242105	0.0	-0.0465242105	0.0805822964	-0.093048421	0.0805822964	-0.0465242105	-0.0	1.4694229523518203	1.498528860771728	2.15920381289834	2.245588746565813	-0.0110844479698783	0.402666343226116	0.0001228649867969	0.1621401839670922	0.0762996894888274	-0.3997194122494178	0.0058216426160914	0.15977560852902	0.0061876724758929	-0.013029529014196	0.0001697686263317	3.828729066892257e-05	-0.0216546747630872	-0.0192419031177207	0.0003702508355917	0.000468924939095	0.0235146152733678	0.0046575575819769	0.0005529371314545	2.169284262943051e-05	0.0	0.0	0.0	0.0	0.0	0.0	0.0	0.0	0.0	0.0	0.0	0.0	0.0	0.0	0.0	0.0	0.0	0.0	0.0	0.0	0.0	0.0	0.0	0.0	0.0	1.0	0.0	0.0	0.0	0.0	0.0	0.0	0.0	0.0	0.0	0.0	0.0
5399.684282194377	-28.86419617659249	29156590.34737701	833.1418209208163	11134.537624125578	-16.47723700075767	123977928.10306808	271.4993391791376	5631.644807595402	-13.845169378182618	191.68871511056565	31715423.238916256	6344.417820669086	6752.252024648514	2.33407	66.663521	1.0466148946007106	0.4680219937462276	-0.0651132779	0.2985872336	0.1507853367	-0.0628894436	0.0619440364	-0.0354857639	0.0834590202	0.3260392498	-0.1323607178	-0.1113193222	0.1631037582	0.0888662301	-0.0669199977	0.1873135357	0.2391030622	0.0218847852	0.1140434992	0.0653637439	0.0688765233	-0.0644543029	-0.0113928124	-0.0292132935	-0.0334494077	-0.0407063157	0.1133541232	-0.0621323557	-0.089839041	0.1249048036	-0.0029103289	0.0106914593	-0.0711255168	0.0304393276	-0.0710131181	0.108648702	0.0231313707	-0.0986607981	-0.0294987753	-0.0755358116	0.1307941278	-0.0726996848	-0.0438050746	0.002782433	0.0211569319	-0.0734235627	0.0378548177	-0.0555849409	-0.0680001422	0.0061764632	0.0030851157	-0.0308392509	0.0238452744	0.0505642995	-0.0250310645	0.0543469953	0.181540583	-0.0151286396	0.071118546	-0.0243079875	-0.0575244665	0.1089258471	-0.0033360017	-0.0076236478	-0.0198049301	-0.023614475	0.0988395666	0.0566309894	0.2205470251	0.2424213426	-0.0587530864	-0.0537112454	0.0638981803	0.0668708747	0.0825736562	0.1559486628	0.0714436038	0.1059371562	0.049867754	-0.0430580219	0.0528097837	-0.0264224344	0.0967644422	-0.1250635142	-0.0101646731	0.0802122136	0.0279155168	-0.0318059878	-0.1652149239	0.0196298049	-0.0919717111	0.0108225159	-0.0088474393	-0.0225131037	0.1132933951	-0.0348771611	0.0340332804	0.1404987708	-0.0272535466	0.0290329313	-0.1199334627	-0.0738751019	0.0497112897	0.0837898569	-0.0731530735	-0.0529851828	0.0247382265	-0.0292522682	0.0391701164	-0.167425209	-0.2137412269	0.0937845176	0.1141658636	0.0207193228	0.0797919869	0.0614927794	-0.1353152439	0.0066077383	0.0003383149	0.0273851126	0.1770154984	-0.2375240073	-0.1621182557	-0.0964995424	-0.0964887562	-0.1329423315	0.1636305387	-0.0730806432	-0.102937769	0.0118296027	0.0781931961	0.1271865538	-0.0878243725	-0.0812075526	0.0486985645	-0.0037953135	-0.042073882	0.0772348614	-0.0927388101	0.0846398209	-0.0549991661	0.0113606834	1.312770102669603	-0.1566528496822172	1.72336534246316	0.0245401153135593	0.2826953483946113	0.2937797963644896	0.0799166600039506	0.0863065687519609	-0.0303801908104262	-0.1066798802992536	0.0009229559936779	0.011380596860663	0.0011132342617834	-0.0050744382141095	2.574992318881481e-05	1.2392905216084311e-06	-0.0204633583797595	0.0011913163833277	1.4192347251849932e-06	0.0004187490361784	0.01999032250571	-0.0035242927676578	0.0003996129938822	1.2420639512165078e-05	0.0	0.0	0.0	0.0	0.0	0.0	0.0	0.0	0.0	0.0	0.0	0.0	0.0	0.0	0.0	0.0	0.0	0.0	0.0	0.0	0.0	0.0	0.0	0.0	0.0	0.0	1.0	0.0	0.0	0.0	0.0	0.0	0.0	0.0	0.0	0.0	0.0
5411.240705465724	11.55642327134683	29281525.97248919	133.55091882652655	11175.19832439812	40.66070027254136	124885057.58963051	1653.2925466534452	5641.585317558044	9.940509962641954	98.81373831738397	31827484.895286497	6347.904466153982	6766.43688881217	1.556694	44.460846	0.6955050948718704	0.3217918818912232	-0.073488549	0.2066372667	0.0965324413	0.0051486407	0.122519633	0.0546955663	0.0998684102	0.2324351939	-0.0863116486	-0.0514690683	0.0189374393	-0.0420884191	-0.0013712003	0.1787269018	0.1236948114	-0.0083791633	0.0940529648	0.0158359135	0.0659304912	0.0468072941	0.0896392436	0.0151188803	-0.035361902	-0.0047705416	-0.0847622209	0.047242846	0.0972769985	0.0234919412	0.173962249	0.013717214	-0.0153789422	-0.015089745	0.0503749116	0.0516554669	0.0351564635	-0.0477064552	0.0536549658	0.1275891465	0.0839489831	0.0062847014	0.0340145917	0.0072836111	0.0060563876	-0.0440080847	-0.0594071346	0.0118529847	-0.0423004112	0.1106493057	0.0355636868	-0.0267447172	0.0155638054	-0.0537012042	0.0367055929	-0.0507134584	0.0837890292	0.0690008962	-0.0674450902	-0.000206169	-0.025112928	0.0399574858	0.1024374444	0.0754134373	-0.0711651222	0.0616675895	-0.0470338798	-0.0328919212	0.2045673746	0.1225928582	-0.0713438191	-0.050897543	0.0825352831	0.0090411479	-0.0282259757	-0.035011351	-0.0041500771	0.0147826177	0.0305084698	0.0080810846	0.0350106901	0.1326051242	-0.1392561284	-0.1050194157	-0.1274516853	-0.0361954102	-0.0571349659	-0.0616883387	0.0317352454	0.0644554597	-0.0811710348	0.0639095701	-0.0741089059	-0.1315586082	0.1083409467	0.0181990682	0.0051549587	0.0519031513	0.009497931	-0.0559171408	0.0890095729	0.0644786177	0.0447773604	-0.0986437844	-0.0893714352	-0.0952218763	0.0733979362	0.0657309378	0.0354129052	-0.1702170859	-0.1320905919	0.0850258712	0.090034464	0.0379971885	0.0645623647	0.0163927712	-0.0699529611	0.0561286741	-0.0487398868	0.0356933097	0.1401037729	-0.0323221407	-0.1475487355	-0.1551829937	-0.0480681495	-0.1648740684	0.05134455	0.0828271916	-0.0432236502	-0.0559104445	-0.0123460478	0.0769829436	0.1546393652	-0.0818177889	0.0508368917	-0.0075843101	-0.037499073	0.0735304317	-0.0918120377	0.0879308341	-0.0628237173	0.022551377	1.1146695726402245	-0.1981005300293785	1.2424882561699406	0.0392438199979207	0.4307156189370431	0.1480202705424317	0.1855159443963201	0.0219100004914546	0.0683523484808787	0.0987325392913049	0.0046720435428514	0.009748114314909	0.0023556971047284	0.001242462842945	1.5437139160989718e-06	5.549308849225766e-06	-0.0174568715520591	0.0030064868277004	9.038963045136016e-06	0.000304742364385	0.0192262370761803	-0.0007640854295297	0.0003696481921094	5.838265436195879e-07	0.0	0.0	0.0	0.0	0.0	0.0	0.0	0.0	0.0	0.0	0.0	0.0	0.0	0.0	0.0	0.0	0.0	0.0	0.0	0.0	0.0	0.0	0.0	0.0	0.0	0.0	0.0	1.0	0.0	0.0	0.0	0.0	0.0	0.0	0.0	0.0	0.0
5428.384282822582	17.14357735685735	29467355.921995237	293.902244590552	11181.182526257571	5.984201859451787	125018842.68548764	35.81067189466622	5653.768160415782	12.182842857738253	148.4216600963439	31965094.41173126	6359.337895743092	6771.755047330588	1.195043	34.131706	0.6413161480060404	0.3075450321479548	-0.1110172792	0.1693768471	0.1131539839	0.001037337	0.1199978924	-0.0035385564	0.1257297261	0.141128335	-0.1218265472	0.0460462796	0.0615622377	-0.0544923753	-0.1072447574	0.1712297036	0.0678416696	0.0316488847	0.1202684936	0.1199589417	0.1156619374	-0.00623537	-0.0776351684	0.0485564808	-0.0016668797	0.0977959728	-0.0772264532	0.0038098305	0.1246578559	0.0109975052	0.0584531171	0.0308498866	0.0453183297	0.0481075898	-0.0616772979	0.106527433	0.0447915201	0.0556997452	-0.0071375193	0.0828248926	0.0577681414	0.085152028	0.0287003213	0.0004183617	0.1144099335	-0.0747927695	0.0108650425	-0.0094740594	-0.0929073334	-0.0628069932	-0.0085506407	-0.0062196833	0.058244382	0.0245046496	-0.059686862	-0.0962670732	-0.0926448907	0.036417871	0.0523669486	-0.0445437402	0.0076238358	0.0761583344	-0.0167793345	-0.0973793151	-0.0913709486	0.0609409706	-0.0374221622	-0.1023876293	0.1816940074	0.066243509	-0.1018452945	0.0551721993	0.0933432127	0.071088614	0.0877621149	-0.0326984476	-0.0150722438	0.1186808915	0.1196673575	0.0788843533	-0.0126964192	0.0177537245	-0.0506892449	-0.0614479988	0.0290981075	-0.0747850568	-0.0179565295	0.0019520653	0.0473172703	0.11809649	-0.0125062953	-0.0106951967	-0.0486334997	0.0353918614	0.1609743783	-0.0055727373	0.0984979766	0.1016741447	0.0582426522	-0.0872050409	0.0946708856	-0.1084570093	-0.0416931071	-0.0962867699	-0.0818026366	-0.0435411998	0.0224009074	0.088707997	-0.0377303771	-0.1772605944	-0.0477966292	0.0721171088	0.0925377049	0.0625182217	0.041950794	-0.0015774032	-0.0481241332	-0.0706075789	-0.1053084444	0.0945637777	0.1012082439	0.0023261645	-0.1553566043	-0.1435066318	-0.1230279159	-0.1572284401	0.1311943753	0.0285415397	-0.0210403909	-0.0550716364	-0.0024991059	0.152638131	0.1098153275	-0.0824128925	0.0529376103	-0.0113606834	-0.0328133187	0.0694861298	-0.0902742713	0.090425532	-0.0699053334	0.0334046344	0.9537486029665984	-0.1609209696736261	0.909636397660738	0.0258955584807001	0.2771924235663192	-0.1535231953707239	0.0768356396825697	0.0235693715168374	0.0316720936484031	-0.0366802548324756	0.0010031215160732	0.0013454410945753	0.0032413765529254	0.000885679448197	7.844280849585428e-07	1.050652195785455e-05	-0.0135751080290456	0.0038817635230134	1.506808804859817e-05	0.0001842835580002	0.0181898454848065	-0.0010363915913737	0.0003308704787611	1.074107530670314e-06	0.0	0.0	0.0	0.0	0.0	0.0	0.0	0.0	0.0	0.0	0.0	0.0	0.0	0.0	0.0	0.0	0.0	0.0	0.0	0.0	0.0	0.0	0.0	0.0	0.0	0.0	0.0	0.0	1.0	0.0	0.0	0.0	0.0	0.0	0.0	0.0	0.0
5417.563066912713	-10.821215909868442	29349989.58397668	117.0987137679899	11215.264729402505	34.08220314493337	125782162.95057984	1161.5965712125064	5659.87788801073	6.109727594947799	37.32877128446662	32034217.707192805	6364.545055250948	6857.969385810341	1.235958	35.300285	0.2930267842633579	0.1233714474050256	-0.0821775899	0.1144867061	0.1496247399	0.037518159	0.0971467227	-0.0138082944	0.105750435	0.1087136937	-0.0766923887	-0.0496850898	-0.0295727521	-0.0948689939	0.02683013	0.1671139204	0.0564048729	0.062119774	0.0952484523	0.0443563942	-0.0096058014	0.0797515692	-0.0893025821	0.0571412397	0.1143720518	-0.1154618997	0.0129962221	0.0020337815	-0.0250608828	0.0534726886	0.0591734775	0.073760429	-0.0151761981	-0.0045583385	-0.0056187026	-0.0752090992	-0.0196697634	0.1044416832	-0.0395998986	0.1051921898	0.0808372127	-0.037844173	0.0636403143	0.0095617446	-0.0040341993	-0.0803459386	0.0172024141	0.0560858302	-0.0004076247	-0.0184742485	-0.0476173711	0.0243793632	0.0364173227	0.0154931848	-0.0122974815	-0.1136420194	-0.023894315	-0.0269399115	-0.0663469331	-0.0570568454	0.0687591664	-0.0414906191	0.0118786225	-0.0757130545	0.0114894404	-0.0655320048	0.0523940347	-0.02530476	0.1639722965	0.0478849105	-0.1121618602	-0.00499045	0.0658207155	0.0108049822	-0.0551476579	-0.0559244095	0.0674672748	0.1116751627	-0.0682740964	-0.0061174611	-0.0685899027	-0.1120834543	0.0795732712	-0.0189059854	-0.1241676702	0.0759199469	-0.0877832129	-0.0081819509	0.0301596797	0.0617186579	-0.0425041721	0.0098791504	-0.0792561755	0.0449787262	-0.0423003506	0.0532757981	-0.0012400329	0.051632092	0.0235284275	-0.0994025154	0.1198538229	0.0155916187	0.0024917131	-0.0178591266	0.0474835755	-0.0258956925	0.1850595057	0.0865609168	0.0288866557	-0.158367176	-0.0472648256	0.0829940334	0.0631977624	0.0537217295	0.0316386199	0.0007920908	-0.0235845818	0.044790757	-0.0582082963	0.0224603299	0.0379263989	-0.0258657726	-0.1561726869	-0.0784608009	-0.0146657826	-0.0438850121	0.0613237982	0.0454494651	-0.0506310546	-0.1345538253	0.0315130154	0.0645161727	0.1229861983	-0.0829927534	0.0549991661	-0.0151181479	-0.0280304823	0.0651206494	-0.0881357445	0.0921013223	-0.0761602691	0.0437580584	1.0020937122699252	0.0483451093033268	1.0041918081709196	0.0023372495935506	0.2456544018033071	-0.031538021763012	0.0603460851253406	0.0009946468167242	0.0887091675428521	0.057037073894449	0.0078693164061458	0.0032532277984408	0.0040621562813992	0.0008207797284737	6.736793626735244e-07	1.6501113654510977e-05	-0.0145788839257745	-0.0010037758967288	1.0075660508539066e-06	0.0002125438565212	0.0194874214456552	0.0012975759608487	0.0003797595946005	1.6837033741724307e-06	0.0	0.0	0.0	0.0	0.0	0.0	0.0	0.0	0.0	0.0	0.0	0.0	0.0	0.0	0.0	0.0	0.0	0.0	0.0	0.0	0.0	0.0	0.0	0.0	0.0	0.0	0.0	0.0	0.0	0.0	0.0	0.0	0.0	0.0	0.0	0.0	0.0
5392.263567575591	-25.299499337122143	29076506.38220304	640.0646667090438	11199.009607743244	-16.255121659260112	125417816.19432548	264.2289801573472	5647.809329960673	-12.068558050057618	145.65009340761054	31897750.22759082	6360.918433999836	6788.0335859459365	1.444116	41.245491	1.1599097570987529	0.5635791384054768	-0.0553241788	0.1561644361	0.0824184839	-0.0673444499	-0.0038590342	-0.0086344425	0.0461578476	0.1814839814	-0.0598071315	-0.0050496001	-0.1398337337	0.0957671136	0.0622170198	0.127667413	0.1399617877	0.0754875849	-0.0732090577	-0.0126350274	-0.0837814343	-0.0086694712	-0.0040817722	0.0232680312	0.0011080185	-0.0790167554	0.0801338248	0.0199240973	0.0040191417	-0.0242473995	0.0943802156	-0.1936189802	-0.0564934346	0.0029780924	-0.0135380267	-0.1008799213	-0.0021234009	0.0127497096	0.0443409586	-0.1150555863	0.0571940127	-0.0702169334	-0.1190796983	-0.000358754	0.0656184621	0.0625689689	-0.0697005523	0.0561480477	0.1466328773	0.0330163326	-0.0276587761	0.0899314181	0.0110193236	0.1352829049	0.0541133748	-0.0076590356	0.0372418039	-0.1319779993	0.0407199278	-0.0254625583	0.047952726	-0.0010417699	0.0441280213	0.0119669095	0.0795829511	-0.0351408153	-0.0178781463	0.0111643521	0.1449019238	0.1155306917	-0.0355493292	0.0166050878	-0.1302640899	-0.034609957	-0.0942197483	0.0610715069	-0.010260013	0.0684528732	-0.0608352895	-0.1386411625	0.0587416173	0.1407148634	-0.0296294983	0.1526893618	-0.0126707473	0.0887553114	0.0037090201	0.0766110915	-0.1068615414	-0.1154904757	0.0298774615	-0.0739575875	-0.1074785532	0.041849267	-0.1080921037	0.1660717362	-0.024672907	0.0206470682	0.1039617167	0.0037033144	0.0085107017	-0.0006341643	0.0621704637	0.116373473	0.1364094603	0.0327853053	-0.0620824364	0.0419430677	-0.115581047	-0.1377845472	-0.1382904732	0.1072152189	0.0091427566	0.0098324606	0.0472085917	0.0741666045	-0.0666120614	0.0794073402	0.0452566938	0.0321935064	0.0279624779	-0.0581491177	0.1034352007	0.1194802488	0.1101021428	0.0744446413	-0.1024233148	0.0591879996	0.0436616576	0.0502702688	0.0718349751	-0.1531736592	-0.1132301243	-0.0835572642	0.057020034	-0.0188504498	-0.0231647145	0.0604541685	-0.0854106889	0.0929430287	-0.0815145553	0.0534567308	1.3822452769162084	0.3801515646462832	1.9106020055571653	0.1445152121030172	0.1670686783550223	-0.0785857234482848	0.0279119432872938	0.0061757159298903	0.3094488112091369	0.2207396436662848	0.095758566758748	0.0487259902859184	0.0027326380434478	-0.0013295182379514	1.7676187450453952e-06	7.46731067649822e-06	-0.0178241777173027	-0.0032452937915282	1.0531931793331483e-05	0.0003177013112979	0.0245212659229336	0.0050338444772784	0.0006012924824632	2.5339590221426247e-05	0.0	0.0	0.0	0.0	0.0	0.0	0.0	0.0	0.0	0.0	0.0	0.0	0.0	0.0	0.0	0.0	0.0	0.0	0.0	0.0	0.0	0.0	0.0	0.0	0.0	0.0	0.0	0.0	0.0	1.0	0.0	0.0	0.0	0.0	0.0	0.0	0.0
5399.164408314356	6.9008407387646	29150976.308008507	47.62160290179315	11173.16547315948	-25.844134583763665	124839626.69060312	667.9192923836889	5638.614748461749	-9.19458149892398	84.54032894035515	31793976.28157035	6337.844300003912	6733.380961506722	1.240513	35.430359	0.4919608611354796	0.2879753081058886	-0.0873677185	0.1054292314	0.0812857638	0.0410061422	-0.0903061843	-0.0798842288	0.0790653801	0.103901876	-0.0068200847	0.0410253619	-0.1017923313	0.0178197807	-0.0272794195	0.1382714439	0.0653892677	0.0598188384	-0.050437514	0.0010433759	0.0117959396	-0.0410689162	0.0878495964	-0.0814995178	-0.0692756345	0.0517452306	0.0218165222	-0.0238059431	-0.0605786116	-0.0191488918	0.0517192061	-0.0472916998	0.0287069943	-0.0653341307	0.0023952453	-0.1135076359	-0.0185559029	0.0041894448	-0.0194488394	-0.0826400082	0.0285692103	-0.0894216369	0.0262449961	0.0348561621	-0.0191226875	-0.0103814935	0.0908013251	-0.0336221643	0.1067640322	0.1022216396	0.0806315598	-0.0042053453	-0.1154411557	-0.0295637643	-0.0233229454	-0.0197914711	-0.038445762	0.0309736399	0.0032945996	-0.0536855922	-0.0042021065	-0.083443887	-0.0172840709	0.0177865842	0.0034865727	0.0048725905	0.0063035971	-0.0476959914	0.1447644331	0.0310854019	-0.0266905494	0.019418707	-0.1039560441	-0.0583409362	-0.0077172559	0.0577191358	0.0065695197	-0.0605461112	0.0564578405	-0.021594573	0.0897274238	0.0882943783	-0.0250871804	-0.0789788879	-0.0504100889	-0.0022348399	0.0960755758	0.0727869822	0.0387299899	0.0485250067	-0.0676105555	-0.0947734134	-0.0117088259	0.0476039531	-0.1867058084	0.0268536939	0.0080324428	-0.0732310455	-0.0637239223	-0.0373653302	-0.0121992801	0.1358385491	-0.0090019066	0.0380067454	-0.0062074037	0.0074563063	-0.0352464508	0.0261166639	-0.0127247226	-0.1445370083	-0.061009721	0.0913255568	-0.031051314	-0.0088876906	0.0162148672	0.0535804447	-0.0431068334	0.0194165749	-0.0119205092	0.0630763486	0.0531746725	0.0221721123	0.148601039	0.0304109466	0.0849224423	0.0862668315	0.0104344013	0.0188821243	-0.0170921072	0.0459214279	0.015291529	-0.0998688917	0.0333094544	-0.0841063205	0.058998719	-0.022551377	-0.0182304111	0.0555082565	-0.0821172393	0.0929430287	-0.0859048739	0.0623555305	1.155400205259042	-0.2268450716571663	1.3349496343126364	0.0514586865351449	0.1517163488036885	-0.0153523295513337	0.0230178504943224	0.0002356940226527	0.2839644727949775	-0.0254843384141594	0.0806358218097295	0.0006494515044074	0.0018802134928389	-0.0008524245506088	7.26627614480785e-07	3.5352027786534564e-06	-0.0145654731611442	0.0032587045561585	1.0619155384328173e-05	0.000212153008408	0.0241468125994446	-0.0003744533234889	0.0005830685587126	1.402152914719575e-07	0.0	0.0	0.0	0.0	0.0	0.0	0.0	0.0	0.0	0.0	0.0	0.0	0.0	0.0	0.0	0.0	0.0	0.0	0.0	0.0	0.0	0.0	0.0	0.0	0.0	0.0	0.0	0.0	0.0	0.0	0.0	0.0	0.0	0.0	0.0	0.0	0.0
5427.650997957833	28.4865896434776	29459395.355632663	811.4857895158852	11215.664608390964	42.4991352314828	125791132.60791364	1806.1764954238624	5653.702297858193	15.087549396444048	227.6341467901391	31964349.672807008	6354.911546270301	6796.506675538955	1.035736	29.58172	0.1993277041268086	0.0908189428563519	-0.0933186852	0.0863274829	0.0450783596	-0.0124661779	0.0283293342	-0.0102195869	0.0910147775	0.0716094384	-0.0277233593	0.0927736647	-0.0897711961	-0.024679194	0.0389474578	0.1366382188	0.0327596275	0.0648185285	-0.071101701	0.0039026738	0.0594192836	0.0074210728	0.0317410133	-0.0171238615	-0.1109534278	0.0202619873	0.0076732044	-0.012723097	0.0468281924	-0.0859270875	0.0028048427	0.0333976745	-0.0435230475	-0.067073408	0.0374707767	-8.34109e-05	-0.1167138179	-0.083363853	-0.0171620065	-0.103596802	0.0418742737	0.097537627	0.0072602545	-0.010856739	0.0618710073	0.1118869011	0.0275871925	0.1081909365	0.0264343155	0.1006671545	0.0303710187	-0.0013694272	0.077922011	0.0602073095	0.0153370877	0.0630184312	-0.0156705081	0.0049076168	0.0469361081	-0.0027534736	-0.0130755726	-0.0351887863	0.0223611519	0.0317504408	0.0449100264	-0.091503202	0.0308186426	0.0004007478	0.1392345797	-0.0023109118	-0.031301899	0.0337870257	-0.0358012694	-0.1098943689	0.0067991399	0.043939473	-0.0684248974	-0.0650166113	0.0314230024	-0.0442510406	0.016843321	0.1107901649	-0.0313761674	-0.0224539714	0.067107626	0.0299013156	-0.0517821144	0.1948716872	-0.0047125953	0.0020293765	0.0541381045	-0.1072841021	-0.0211506879	0.0786268124	0.0161339443	0.0443834065	-0.0497283275	-0.0492885221	0.1249679346	0.0296361591	-0.0843049247	0.0502901985	0.0085912862	0.0313448124	0.0468613827	-0.0663503619	-0.1072440912	0.1102422306	0.0692993493	-0.1449672857	-0.0276192965	0.0734590765	-0.0538167715	0.0115886014	0.0163546665	0.055383622	-0.004708346	-0.0062695083	-0.063727319	0.0941068825	0.0636680327	-0.0351279025	0.1385567998	0.100035026	0.1244534687	0.0761032484	-0.0577804785	0.0299452744	0.0962126786	0.059635023	-0.0463334202	-0.1133862128	-0.0726041927	-0.0846398209	0.0609337573	-0.0262147696	-0.013242171	0.0503057744	-0.0782773129	0.0921013223	-0.0892793062	0.0703213046	1.0917881029762668	-0.0636121022827751	1.1920012618005154	0.0040464995568342	0.1029740373882077	-0.0487423114154808	0.0106036523760279	0.0023758129221237	0.2941620800934004	0.0101976072984228	0.0865313293648761	0.0001039911946128	0.0023261479134261	0.0004459344205872	1.9885750746444185e-07	5.410964115136599e-06	-0.0139229782615637	0.0006424948995804	4.1279969598695553e-07	0.0001938493236719	0.0245938969418795	0.0004470843424348	0.0006048597667877	1.9988440925044405e-07	0.0	0.0	0.0	0.0	0.0	0.0	0.0	0.0	0.0	0.0	0.0	0.0	0.0	0.0	0.0	0.0	0.0	0.0	0.0	0.0	0.0	0.0	0.0	0.0	0.0	0.0	0.0	0.0	0.0	0.0	0.0	0.0	0.0	0.0	0.0	0.0	0.0
5426.718560474691	-0.9324374831421663	29449274.3346005	0.8694396599684979	11213.16437577228	-2.500232618684094	125735055.31808852	6.251163147531925	5659.354318850024	5.652020991831705	31.94534129210625	32028291.306286424	6359.589397100991	6815.360948105353	0.920165	26.280884	0.1739551393519123	0.0896060087234068	-0.0907396977	0.0358346483	0.0555522556	0.0350479485	-0.0375583463	-0.0926400998	0.0910640741	0.022924668	-0.0387427716	0.0301836308	-0.0852607935	0.0265704814	-0.0177476177	0.119840559	-0.0139959897	0.086410307	-0.0481250841	-0.0327725992	-0.0002893414	0.0142499547	-0.0619945206	-0.0491418657	-0.0036340868	-0.0191733854	0.0484673881	-0.0006758542	-0.0359971803	0.0061969298	0.0210830029	-0.02638939	0.0674778177	-0.074292199	0.0185339758	-0.0733966348	0.0437153081	0.0239329159	-0.042808626	0.0335141514	-0.0754870885	-0.0800985324	-0.0112626466	-0.028576023	-0.0380972466	0.0662611266	-0.0102190801	-0.01611493	-0.0571886601	-0.059183376	-0.0040222755	0.1364880246	0.0007242226	0.0013925726	-0.0336771755	-0.0063904365	0.0206432177	-0.0254063339	-0.1040563871	0.1568787147	0.0301932698	-0.0576900055	0.0025941815	0.0235460395	-0.0512138815	0.0238839755	0.0254872447	-0.0985339533	0.1026777178	-0.0442330311	-0.0358568048	0.0352014558	-0.0977241239	-0.0534543346	0.0010868072	0.0247253954	-0.0012051428	0.0271627201	0.0414486752	0.0251487864	-0.0225312322	-0.0229280917	-0.0520425457	-0.0386265976	-0.0448238831	0.0627851898	0.0030853961	-0.007280356	0.0868817578	-0.0124675029	0.0353082457	-0.0746632753	0.035656845	0.0878211274	-0.1192374489	-0.0143050883	0.0880317478	-0.0958801768	-0.0831617891	-0.0085476328	0.0055264701	0.0195966678	0.0463004559	-0.08864283	0.0442311452	0.0628412939	-0.0330945521	-0.0245047584	0.0508017055	-0.1260649783	0.0069501681	0.0598519346	-0.0765968144	-0.0019202127	-0.0023448422	0.032877533	0.0085437321	-0.0077902816	-0.0463484844	0.0600995109	0.0306529012	0.0696804472	0.1845459477	0.0467025681	0.0449678195	0.1019111217	-0.0090607094	0.0231424305	0.0554292134	0.0231727926	-0.0540784993	-0.0578682852	0.0656034612	-0.0851576666	0.0628237173	-0.0298345303	-0.0082147524	0.0448707692	-0.073916464	0.090425532	-0.0915979471	0.0772348614	1.02334338074445	-0.0684447222318167	1.0472316749134805	0.0046846800013905	0.0826465238883003	-0.0203275134999074	0.0068304479108193	0.0004132078050889	0.2814513866845374	-0.0127106934088629	0.0792148830666489	0.0001615617269341	0.0031662550925123	0.0008401071790862	7.057800723521725e-07	1.0025171310860074e-05	-0.0133364815638634	0.0005864966977003	3.4397837641335814e-07	0.0001778617405032	0.0246167372693195	2.2840327440001865e-05	0.0006059837537867	5.21680557566502e-10	0.0	0.0	0.0	0.0	0.0	0.0	0.0	0.0	0.0	0.0	0.0	0.0	0.0	0.0	0.0	0.0	0.0	0.0	0.0	0.0	0.0	0.0	0.0	0.0	0.0	0.0	0.0	0.0	0.0	0.0	0.0	0.0	0.0	0.0	0.0	0.0	0.0
5430.955308737812	4.236748263120717	29495275.56550742	17.95003584505641	11260.103658870776	46.93928309849616	126789934.40851504	2203.296297800768	5655.403220146171	-3.951098703852949	15.611180967588457	31983585.582439683	6360.251557962468	6794.218913727136	0.882642	25.209188	0.0327479001513222	0.0157834245297392	-0.0944769006	0.0294607354	0.0343935621	0.0453219084	0.0234683626	-0.0079478899	0.1123348004	0.0114363422	-0.0240889007	0.1010637371	-0.0577449718	-0.0414785276	0.0115121761	0.1265358346	-0.0160798837	0.0613041708	-0.0651366772	0.0083349262	0.038131748	0.0404541394	-0.0245311672	-0.0490472692	-0.0863672141	-0.0082314481	0.0812560775	-0.0258375334	0.010080197	0.0020915318	-0.0042088228	0.0907719694	0.0443358033	-0.0936745589	-0.0120559438	-0.0606448245	0.0087824745	-0.0208720119	0.0493515666	-0.0231934815	0.0006779866	0.1016596813	-0.0361392277	0.0321991477	0.0664878978	0.0212452685	0.0539578847	0.0052186658	0.0781121663	-0.0667451254	-0.0050799323	0.0341915749	-0.040368083	-0.0173903312	0.028318206	0.1133934175	-0.0321901999	0.0515710083	-0.0109733611	0.0731651276	-0.0499354461	-0.0411292695	-0.0083546716	0.1522235361	0.0147684173	-0.0547177213	0.0005482503	-0.0543193595	0.117468602	-0.0467139185	-0.0224044716	0.0614989954	-0.0431130945	-0.1068604634	-0.0083587385	0.0190081241	-0.0080007697	-0.0166125412	0.0322325183	-0.0139490681	0.0136693643	0.0236732889	-0.0670110388	-0.0072180864	0.0302416206	0.0458103778	-0.12908071	0.0934457821	0.0120880181	-0.0143710232	0.0765489383	-0.0665147693	0.0016488015	0.0629358643	-0.0343549115	-0.0911542434	0.0498289978	-0.0260165182	-0.0128608288	0.0046144117	0.0003804267	0.0628645768	-0.0515532165	0.0872565612	0.008269637	0.0226227094	-0.0844467306	-0.0820343349	0.0095002114	-0.1313572409	0.0187087514	0.0606392116	-0.0766993889	0.0192909769	0.0039960995	0.0391721652	0.0254547946	-0.0397292254	-0.0747981176	0.0911008337	0.0312518344	0.0017599383	0.133806985	0.0815474438	0.1023104361	0.0907709255	-0.0204985957	0.0152539494	0.1143782646	0.0632902516	-0.0703916529	-0.1197567327	-0.0543376049	-0.0856597619	0.064667201	-0.0334046344	-0.0031630294	0.0392283624	-0.0690637132	0.0879308341	-0.092833377	0.0829927534	1.0293495977092275	0.0060062169647774	1.0595605943041486	3.607464222798024e-05	0.0749493093698561	-0.0076972145184441	0.0056173989750183	5.924711134294815e-05	0.2806877187478918	-0.0007636679366456	0.0787855954558956	5.831887174605754e-07	0.003382387122791	0.0002161320302787	4.6713054512392934e-08	1.144054264842238e-05	-0.0132102604334201	0.0001262211304432	1.5931773770384437e-08	0.0001745109807187	0.0246400001232266	2.3262853907100867e-05	0.0006071296060726	5.41160371903118e-10	0.0	0.0	0.0	0.0	0.0	0.0	0.0	0.0	0.0	0.0	0.0	0.0	0.0	0.0	0.0	0.0	0.0	0.0	0.0	0.0	0.0	0.0	0.0	0.0	0.0	0.0	0.0	0.0	0.0	0.0	0.0	0.0	0.0	0.0	0.0	0.0	0.0
5434.148854317616	3.1935455798038674	29529973.77088145	10.19873337028482	11203.373238076969	-56.73042079380684	125515571.91165924	3218.340643442392	5649.711682472266	-5.691537673905259	32.393601093482886	31919242.095063604	6349.935484388445	6845.284042786831	0.975435	27.859455	0.2068824900108658	0.1110678850810013	-0.0816985884	-0.0160533148	0.0498941067	0.0242522246	0.0022859268	-0.1232207681	0.1072195373	-0.0029950054	-0.0809539704	0.0526486915	-0.0875478735	0.0478643462	-0.0414082533	0.115032585	-0.0259201533	0.1134140228	-0.0588045441	0.0415307644	-0.0126515035	-0.0472297749	0.0519951502	0.0076713985	-0.0452459479	0.0940492819	0.0242108631	0.0412519756	0.0195402173	-0.014246631	-0.0265144266	0.0348401284	-0.014211768	-0.0196711119	0.0395578514	0.00590563	-0.008334139	-0.0463024028	-0.0575167699	0.00107633	-0.0527573581	0.0391288448	0.0384413572	0.0553590349	-0.0343538774	0.000135106	0.0873263218	0.0526651108	0.0260698402	-0.1193418661	0.0254669848	0.0453347513	-0.1464989557	-0.0271431717	-0.0757005934	-0.0698435332	-0.1189988458	0.0793848117	-0.1204422714	0.0663530054	0.0777958536	-0.0979962005	-0.035032603	0.0802858584	0.0591951212	0.0378672458	0.030251508	0.0009620769	0.1024776348	-0.066301578	-0.0550828217	0.0895895924	-0.128954811	-0.0012876451	0.0403125057	0.0090969287	-0.0657978908	-0.0144188329	0.0460666095	0.0710138477	0.0076975968	0.0324072341	-0.1004470211	-0.0683603025	0.0364120119	-0.0308313997	0.0850729535	0.0412248786	0.1032993309	0.061078622	-0.0217551896	-0.0450204817	0.0965043337	-0.030055032	-0.0420060543	0.0144079279	0.0227414964	-0.080452555	-0.0746564187	0.0079768629	0.0273253493	-0.001110031	-0.0058230095	-0.0813826604	-0.0069124351	0.0159115403	0.0055544939	-0.0748253698	0.0045889383	-0.1162000937	0.0352992939	0.0643447399	-0.0995443747	0.0191859804	-0.0142363811	0.0522718868	0.0706388582	-0.0534956679	-0.0065664332	0.0626052555	-0.0332534476	0.0953649904	0.1151601965	0.0430013945	-0.0409202923	0.0681350181	-0.0105717264	-0.0066346248	0.1435307348	0.0710953148	-0.1164715018	-0.0279430257	0.080850523	-0.0861460138	0.0664628444	-0.0369191397	0.0018980517	0.0334046344	-0.0637513548	0.0846398209	-0.0929709861	0.0875088252	1.0303088582784596	0.0009592605692321	1.061536343447063	9.201808396835372e-07	0.1176475980694249	0.0426982886995688	0.0138409573315049	0.0018231438578717	0.2358476576964818	-0.0448400610514099	0.0556241176409168	0.0020106310750941	0.0049708713733803	0.0015884842505892	2.523282214370249e-06	2.470956221069175e-05	-0.0129230170953977	0.0002872433380223	8.250873523825048e-08	0.0001670043708479	0.025131970128428	0.0004919700052013	0.0006316159225361	2.420344860178652e-07	0.0	0.0	0.0	0.0	0.0	0.0	0.0	0.0	0.0	0.0	0.0	0.0	0.0	0.0	0.0	0.0	0.0	0.0	0.0	0.0	0.0	0.0	0.0	0.0	0.0	0.0	0.0	0.0	0.0	0.0	0.0	0.0	0.0	0.0	0.0	0.0	0.0
5454.666964203306	20.518109885690137	29753391.690370902	420.99283328125534	11220.604266731109	17.231028654139664	125901960.11058436	296.90834847978215	5663.068174197533	13.356491725267006	178.395871207126	32070341.14560898	6351.589373114709	6909.160575809025	1.105556	31.575855	0.3328815993319544	0.1540267582348026	-0.0792222317	-0.0561943858	0.061316207	0.0691433287	0.0501907753	-0.1467116529	0.1168717274	-0.0350008865	-0.0417536234	0.0972862534	-0.0498734893	-0.0235737101	0.1482384124	0.1160448913	-0.0750770465	0.0946001488	-0.0646858207	0.0783586916	-0.0486355645	-0.0260776854	0.0208361063	-0.0630742353	-0.0089113335	0.0622715564	-0.0812091193	-0.0585960874	0.0599775812	-0.0993166671	-0.0433494444	0.0027678214	-0.0418464679	-0.0199420513	0.031075898	-0.0026021492	-0.0036411591	0.0079408903	0.139586669	0.0615207306	-0.0632654366	-0.0946114531	-0.0097819778	0.0181225351	-0.1218845665	0.1199464009	-0.0037582267	0.0216886912	0.0228180717	0.0615005594	-0.0650910474	-0.1579236596	-0.0647875831	-0.0640910242	0.0556644336	-0.009568094	-0.0751086298	0.0281028927	0.0980992988	0.0593591327	0.0269897717	0.0296336028	-0.1090515212	0.0205305222	-0.0488267797	-0.0094455415	0.043004097	-0.001696069	0.1003424574	-0.1015638064	-0.0748268971	0.102012531	-0.0654119702	0.0091838665	-0.0180469888	0.0389735163	0.037810218	-0.1301037102	-0.020829267	0.0112605193	-0.061168642	0.0183440225	0.0870374797	0.0363502832	0.0663973853	-0.174207492	-0.0401944465	0.0564109947	0.0340685124	0.0879589008	0.0785652797	0.0560355729	0.0288344406	-0.1302097961	0.03193494	0.0199327577	-0.071041976	-0.044497245	-0.0777956182	0.0954538086	0.0726862696	0.0770504146	-0.0331779298	0.0551763669	0.0421659687	0.0551471539	-0.1209403528	-0.0660669031	-0.037575239	-0.1191700886	0.0726230837	0.0455985016	-0.1272160558	0.0711399955	-0.0215922677	0.0445997526	0.135529427	-0.0544401564	-0.0163652512	0.0867426213	-0.1252045339	0.016696823	-0.0099414506	0.0431613557	-0.0578806971	0.1052882841	-0.0425348897	-0.0831709095	0.0737276461	0.0389746545	0.0254523578	0.0435523406	-0.0994742193	-0.0866163325	0.0682093192	-0.0403721968	0.0069535172	0.0274265036	-0.0580147416	0.0805822964	-0.0920091471	0.0907155029	0.9851789912085708	-0.0451298670698888	0.9705776447187372	0.0020367049017458	0.0583286534944988	-0.0593189445749261	0.0034022318184813	0.0035187371854831	0.1912663243531724	-0.0445813333433094	0.0365828068315729	0.0019874952826672	0.0070876081910102	0.0021167368176299	4.480574755109959e-06	5.0234189869274885e-05	-0.0117284557366068	0.0011945613587909	1.4269768399163611e-06	0.0001375566739655	0.0247662392179722	-0.0003657309104557	0.0006133666050018	1.337590988628278e-07	0.0	0.0	0.0	0.0	0.0	0.0	0.0	0.0	0.0	0.0	0.0	0.0	0.0	0.0	0.0	0.0	0.0	0.0	0.0	0.0	0.0	0.0	0.0	0.0	0.0	0.0	0.0	0.0	0.0	0.0	0.0	0.0	0.0	0.0	0.0	0.0	0.0
5455.503450339817	0.8364861365116667	29762517.89666965	0.6997090565762147	11279.154786401865	58.55051967075633	127219332.6956121	3428.163353715624	5675.659158375515	12.590984177982136	158.5328825701965	32213106.882051863	6376.478316324971	6977.407394937512	1.131491	32.316597	0.4398292892253629	0.2048700748522065	-0.05893474	-0.1128698394	0.0361296458	0.0722688403	0.0201978308	-0.1627882999	0.099512397	-0.0665288954	-0.0103050603	-0.0484746578	0.0277986188	-0.0260965656	0.081232803	0.0700142078	-0.1330813374	0.1291171319	-0.0770725283	0.0558513767	-0.0209708412	-0.0010110693	-0.1169627676	0.0315594188	0.0683680137	0.03897937	-0.0535200132	-0.0187878795	0.0516303664	-0.0781517496	0.1043896609	-0.0565735467	0.0386205639	-0.0485429376	-0.0346298508	-0.0019663092	0.1029795446	-8.33853e-05	-0.0352519143	-0.0149095561	-0.1161449484	0.0614685976	0.0951667195	0.0115563592	-0.0594545568	0.1169473248	-0.0510947732	-0.0047106727	-0.0625616264	-0.0415159058	-0.0015743358	-0.0269104775	0.0199986387	-0.0270399072	0.0121578886	-0.0105209499	0.08992901	-0.0254285126	-0.0165688481	-0.149403943	-0.0065217795	-0.0525510881	0.0142622951	-0.0646935656	0.0846496139	0.0591900414	-0.1002412845	0.1665250545	0.0422946781	-0.1340031261	-0.0566905783	0.0530401772	-0.0577328082	-0.0405097923	-0.0528913125	0.1313472942	0.030457952	0.0293698886	0.0385671062	0.0675897674	-0.1544584408	-0.053093025	0.009769564	0.1934193888	-0.0146815329	-0.0490716156	0.0853163767	-0.0170927328	0.014211761	0.008315806	0.0186352754	0.030114488	-0.0071952561	-0.1026624388	-0.0324604917	-0.1676401369	0.0444725634	0.0557329009	-0.000968066	0.0474512499	0.0104132035	-0.059265313	0.0772089314	-0.0718427728	0.105408588	0.0539431516	0.0943848073	-0.0817383996	0.0779516878	-0.076567492	0.1158826591	0.0223370259	-0.1442263439	0.0542444749	-0.0563850276	0.0248986374	0.1192011103	-0.01758058	0.0120553995	-0.0428305976	-0.1651504058	0.1555265988	-0.0029243408	-0.0876372786	-0.0568857384	0.1323067591	0.0201329316	0.0032633604	-0.042243364	-0.0153728465	-0.0291168178	0.1631239762	-0.0104761386	-0.087070631	0.0699053334	-0.0437580584	0.0119884099	0.0213216021	-0.0518920499	0.0757950062	-0.0899592343	0.0925648049	0.8625227967199578	-0.1226561944886129	0.7439455748616176	0.0150445420464284	0.1307298150535842	0.0724011615590854	0.0170902845439443	0.0052419281951047	0.2665643271610918	0.0752980028079194	0.0710565405148455	0.0056697892268614	0.0073565093422805	0.0002689011512702	7.230782915449246e-08	5.411822970306027e-05	-0.0102937976509707	0.0014346580856361	2.0582438226810416e-06	0.0001059622700791	0.0230803198474837	-0.0016859193704885	0.0005327011642621	2.842324123788347e-06	0.0	0.0	0.0	0.0	0.0	0.0	0.0	0.0	0.0	0.0	0.0	0.0	0.0	0.0	0.0	0.0	0.0	0.0	0.0	0.0	0.0	0.0	0.0	0.0	0.0	0.0	0.0	0.0	0.0	0.0	0.0	0.0	0.0	0.0	0.0	0.0	0.0
5442.044720577101	-13.458729762716755	29615850.740761094	181.13740682583787	11253.194481674504	-25.96030472736129	126634386.0423895	673.937421537457	5660.821356076852	-14.83780229866352	220.1603770542244	32044898.425415765	6360.279910205751	6919.364001346201	1.200934	34.299957	0.4326108644982828	0.2129974178391193	-0.1049966504	-0.1628950423	-0.0079921155	0.1426397245	0.0644420507	-0.1506682364	0.1641656227	-0.1088912739	-0.0225070359	0.0122895844	0.0424788692	0.0416495543	0.0514124166	0.0855329494	-0.199139179	0.0600548208	-0.016418849	0.0689520433	0.0267064051	0.0733528958	-0.0948835553	-0.1212804694	0.1076871408	-0.0936801098	0.076498552	0.0429210349	0.024904448	-0.1256462152	-0.0447056056	0.0830405651	0.0799278584	-0.0055593441	-0.0155345101	0.0674314242	-0.0029219792	-0.0100556176	-0.0750517964	0.0706504016	-0.0663110365	0.1149903712	0.0942456807	0.0043664893	0.0544436088	-0.0305666502	-0.0730567598	-0.0675270811	-0.04583583	0.0434268558	-0.0808607165	-0.0696886332	-0.0343472838	-0.0212205352	-0.1042660099	0.1103301979	0.0360219882	0.0116431147	-0.0502641474	-0.0681575972	0.0194077581	0.0668166135	0.0127987712	-0.0559500876	0.0190278169	0.0297103162	-0.0365064305	0.0085162033	0.0567806604	-0.1999701832	-0.0265228386	0.0867058442	0.0239311104	0.0133109855	-0.0402980856	0.1070667364	0.1587712233	0.010627724	-0.05060637	0.0435188321	-0.0608458666	-0.1068559442	-0.0480925526	0.0796280443	0.0690390031	0.0008089182	-0.0491390952	0.0738859575	0.0017395135	-0.0408694277	0.0515771646	0.1073146321	0.0699814778	0.0343114759	0.0452423472	-0.2076601145	0.0121999982	0.0216475921	0.0087871646	0.0595128424	0.0233033804	-0.0948904973	-0.0435255706	0.0051240252	-0.0886114942	-0.0779140146	0.0376358371	-0.0038446627	0.0008160927	-0.0855107852	0.1825189135	-0.0331532082	-0.1182875904	0.112226972	-0.0583931369	0.0242552934	0.1032077806	-0.0887659092	-0.0030812816	0.0967312497	-0.0840899135	0.0950801179	-0.1274399288	-0.0026044019	-0.0622741784	0.0528210258	0.0897125781	-0.0540880181	-0.0004530198	-0.0319150778	0.0655393261	0.071819569	-0.1779355376	-0.0875088252	0.0715496322	-0.047071089	0.0169878336	0.0151181479	-0.0454240252	0.0703213046	-0.0868454896	0.0930290603	0.7396913336357045	-0.1228314630842533	0.547143269055767	0.0150875683234182	0.0685232192417402	-0.062206595811844	0.0046954315752515	0.0038696605624981	0.2848461135632973	0.0182817864022055	0.0811373084121148	0.0003342237140558	0.0078444688446883	0.0004879595024078	2.381044759900685e-07	6.15356914552854e-05	-0.008771245141617	0.0015225525093536	2.318166143739248e-06	7.693474133433983e-05	0.0205050114752456	-0.0025753083722381	0.0004204554955999	6.632213212119652e-06	0.0	0.0	0.0	0.0	0.0	0.0	0.0	0.0	0.0	0.0	0.0	0.0	0.0	0.0	0.0	0.0	0.0	0.0	0.0	0.0	0.0	0.0	0.0	0.0	0.0	0.0	0.0	0.0	0.0	0.0	0.0	0.0	0.0	0.0	0.0	0.0	0.0
5437.797488918664	-4.247231658436249	29569641.53049013	18.03897676042313	11257.293384785557	4.098903111053005	126726654.35113664	16.801006713800003	5656.74839568115	-4.072960395701557	16.589006384953382	31998802.412041266	6369.381962896736	6878.864033009012	2.242181	64.039062	1.589564810782466	0.8316128845919427	-0.0034520436	-0.2157590476	0.0065378049	0.0535156024	-0.0067226479	0.0951492837	-0.0300956477	-0.232847301	0.0357591028	-0.1915122689	-0.1752969141	-0.1752124179	0.0872484711	-0.1383936738	-0.1519900053	0.0365505672	0.0418911128	-0.2390481547	-0.2137984193	0.2284661857	0.1243185537	0.0635948844	0.0282614413	0.0490856497	0.0044210601	0.0461215965	0.0761341161	0.058166237	0.018978765	-0.041509633	0.0920313838	-0.1095299857	-0.1098739568	-0.0661995416	-0.0432347569	-0.0035178733	0.1010922696	0.0258096275	0.0218192502	0.0105020673	-0.0282150906	0.0025085393	0.0244855485	-0.1352260786	-0.1151168808	-0.0388693647	-0.0148996681	-0.0935307158	0.0290602169	-0.0628896203	0.0064625639	-0.1080756014	0.0791662657	0.0872846973	-0.0462704796	-0.0130461075	-0.046020439	0.0807441113	-0.0322373761	0.0234908113	0.1156952402	-0.0166440323	-0.116285062	0.1105946752	0.0806099478	0.0243402661	-0.1508490993	-0.1538346321	-0.049518093	-0.1925946829	-0.0180451734	-0.0206463094	-0.2648616032	-0.1955217035	-0.0658856777	0.0241619749	-0.1815236624	-0.0280817315	-0.0553911152	0.1234713309	-0.0436958381	-0.0127977228	0.0150993156	-0.0382326138	0.0865645287	-0.0581464568	0.0355063739	-0.0221530703	0.0175245992	0.1171957877	-0.1453926464	-0.0785576508	0.0021781083	-0.0992367422	-0.0133658228	0.0316731799	-0.073493701	-0.0858909515	0.0462339782	0.0184691638	-0.0265726785	-0.0352331069	-0.0764410271	0.0089431202	0.0736305753	-0.2104085058	0.0049393448	0.0945038335	0.2034079797	0.0096343828	-0.0083699472	-0.0577605334	0.0147675923	-0.1638511595	0.2105597976	0.4009412447	0.0535615853	-0.0595761056	-0.0402436832	-0.0370660095	-0.1328943539	-0.0282993082	0.0397510865	-0.0082903347	0.0702410201	0.1203926115	0.0258047995	-0.0208797048	-0.1039434424	-0.0307816472	0.278698388	-0.0879308341	0.0731409993	-0.0503057744	0.0219369967	0.0088448147	-0.038653711	0.0642107624	-0.0827047351	0.0921013223	0.1337041034929456	-0.6059872301427589	0.0178767872908523	0.367220523096093	-0.1053939155802226	-0.1739171348219628	0.011107877441331	0.0302471697846807	0.3217407192645467	0.0368946057012494	0.1035170904328678	0.0013612119298506	0.0053611208987176	-0.0024833479459707	6.1670170207568975e-06	2.874161729066661e-05	-0.0019200532240031	0.0068511919176138	4.693883069197802e-05	3.686604383004699e-06	0.0143842345365003	-0.0061207769387453	0.000206906203201	3.746391033387629e-05	0.0	0.0	0.0	0.0	0.0	0.0	0.0	0.0	0.0	0.0	0.0	0.0	0.0	0.0	0.0	0.0	0.0	0.0	0.0	0.0	0.0	0.0	0.0	0.0	0.0	0.0	0.0	0.0	0.0	0.0	1.0	0.0	0.0	0.0	0.0	0.0	0.0
5422.69603776461	-15.101451154054304	29405632.317988	228.05382695828803	11270.053930165815	12.760545380258918	127014115.58884594	162.83151840164723	5645.6604359106	-11.087959770549787	122.94285187333048	31873481.75760627	6364.729589736805	6825.062978496304	2.299097	65.664658	0.7852170700104448	0.4420780945827312	0.1269682969	-0.1338867283	0.0965858111	-0.1934593555	-0.1445813685	0.1907750757	-0.1595363866	-0.1469777409	-0.1669724425	-0.0541490402	0.0736025876	6.52893e-05	-0.2876416756	-0.2391543649	-0.0018095162	0.1367099608	0.0786415736	-0.1083711304	0.1765120821	-0.1005906086	0.0073599556	-0.0152545395	-0.0258080593	0.1165596128	-0.1275994581	0.0311882682	-0.1184184966	0.1062721462	0.0744691289	-0.1877410619	0.0189853983	0.0705125626	-0.0834386246	0.0512552655	0.1607300371	0.0653556518	0.0551722586	-0.0027125298	0.0016355148	0.1478751201	-0.0083422344	0.0684733777	-0.0447192111	-0.0708561012	0.138862796	-0.0286274397	0.010767335	-0.0835719393	0.0383751986	-0.0491602094	0.104787833	0.0147920872	-0.0442521193	-0.0012638769	-0.0860613006	-0.0138140738	0.146931421	0.1224044205	0.0008402654	-0.1490629697	0.0053208024	-0.049920568	0.0485147522	0.0717147708	0.0440475265	0.039547697	-0.2342308835	0.0018193791	-0.1214960752	-0.0882094065	-0.0025636182	-0.1099852644	0.2077588072	0.0291870333	-0.0685841834	0.1321986146	0.1064043337	0.0593428017	0.0297475658	0.0029325429	-0.0337799237	-0.0450225822	-0.0735823657	-0.1830046035	0.0811964646	-0.2268549882	-0.1167897403	0.0608997659	-0.0687175836	0.0532499333	-0.0618181128	0.0207504778	0.0035873474	0.0087371845	0.09256807	-0.0448674511	0.0717759768	-0.1097225491	-0.1344099657	-0.034456605	-0.1268183065	0.0174709235	0.0811714733	0.0986742372	-0.0336071878	-0.0437798019	-0.1622228401	0.2050989227	0.1106604982	0.1343877234	0.0309008653	-0.2372521143	0.0292214028	0.0575464612	-0.0257355972	-0.1191144218	-0.0117678059	-0.1230946474	-0.0621580126	-0.044195481	-0.0050582387	-0.1482995787	-0.1546319649	-0.1912686142	-0.1419954487	0.0786930761	0.0220973267	0.1422566751	-0.009133984	0.0131622753	0.0488428535	-0.0883365796	0.0746782574	-0.0534567308	0.0268212567	0.0025305991	-0.0316261628	0.0575187176	-0.0775859381	0.0897954726	-0.2090078064692875	-0.3427119099622331	0.0436842631651031	0.1174514532299617	-0.0683579394747369	0.0370359761054857	0.0046728078892317	0.0013716635260861	0.1508821944727358	-0.1708585247918109	0.0227654366089084	0.0291926354940338	0.0049329290931857	-0.0004281918055319	1.833482223246688e-07	2.4333789438397888e-05	-0.0009471691876492	0.0009728840363539	9.465033481922568e-07	8.971294700320454e-07	0.0110930971953678	-0.0032911373411325	0.0001230568053858	1.0831584998196705e-05	0.0	0.0	0.0	0.0	0.0	0.0	0.0	0.0	0.0	0.0	0.0	0.0	0.0	0.0	0.0	0.0	0.0	0.0	0.0	0.0	0.0	0.0	0.0	0.0	0.0	0.0	0.0	0.0	0.0	0.0	0.0	1.0	0.0	0.0	0.0	0.0	0.0
5425.307483224667	2.6114454600565296	29433961.287533566	6.819647390849859	11284.968010104432	14.914079938616853	127350502.98908038	222.4297804154536	5660.590690309393	14.930254398792384	222.91249641265935	32042286.963217366	6364.326584607102	6839.429257203385	1.567621	44.772926	0.2400869849901386	0.1337868430933283	0.0154501549	-0.2295099936	0.0881762902	-0.1119112759	-0.0897399435	0.0811708973	-0.0214109399	-0.2335658144	-0.1286847847	-0.0149177496	0.0177806983	0.0849315213	-0.12975348	-0.17688027	-0.1450460543	0.0889351307	0.11171323	0.0167454506	0.0457731211	-0.1529077724	-0.0658726297	-0.0221972571	-0.1391340276	0.0545460196	-0.0641605579	0.0224188566	-0.0560529412	-0.0115945425	-0.0606678998	0.080396658	-0.0437339783	0.0752341764	0.032424304	-0.0501558285	-0.1612565683	0.0039857284	0.0702633364	0.0544613609	-0.1314199682	-0.0983322725	0.0645463423	0.0684300988	-0.0998245757	0.0136512785	0.0254562136	0.0856544366	-0.0198362537	-0.1288783231	0.0568567999	0.0669511786	-0.0220634483	0.007823257	0.1162420873	-0.0876979	0.0474791207	-0.0329121666	0.1134869029	0.1360019536	-0.1106450546	0.0453212294	-0.0253089219	-0.0826405471	0.0155494205	-0.0452732198	0.0741716844	0.0326403665	-0.1852524646	-0.1580224559	-0.1038513592	-0.0190050711	-0.0002022616	0.0821546901	0.1771958843	-0.0604279065	0.0180861357	0.0056715985	0.082195811	-0.0089755004	0.041704882	-0.0525379192	-0.0215610121	-0.0485822907	0.1518333389	-0.0651862568	-0.09236498	-0.042123075	-0.0179334086	0.0125685252	0.0295205555	0.0172349709	0.0704150841	-0.0015400476	0.025173954	0.0958542183	-0.1021813024	0.0172550962	-0.0117458378	-0.0284721004	0.0313714363	0.0066977343	0.0520173502	-0.1036658914	-0.0836283474	0.1177127411	-0.0323737247	0.1128235224	0.0079099102	0.1598832318	0.2144890387	0.0564944986	0.0822275765	-0.1081851838	0.0327812789	0.0515554166	-0.0307329359	-0.1252842942	0.0038255729	-0.043564932	-0.0221496076	-0.1128892549	-0.0731633479	0.0362041281	-0.1203006155	-0.1435721743	-0.139021629	-0.1228038857	0.0287255672	-0.0844768542	0.0796777557	-0.0842527728	-0.0429134708	-0.0887259867	0.0761602691	-0.0565187138	0.0316261628	-0.0037953135	-0.0243881477	0.0503057744	-0.0715496322	0.0861460138	-0.0959524819798645	0.1130553244894229	0.0092068787980962	0.0127815063954087	-0.0858039041314526	-0.0174459646567157	0.0073623099641995	0.0003043616828033	0.1892877972296958	0.03840560275696	0.0358298701800704	0.0014749903231254	0.0044326242314933	-0.0005003048616923	2.503049546330513e-07	1.9648157577621567e-05	-0.0016780512435903	-0.000730882055941	5.341885796966891e-07	2.815855976114952e-06	0.0112855121394751	0.0001924149441072	0.0001273627842502	3.702351071581515e-08	0.0	0.0	0.0	0.0	0.0	0.0	0.0	0.0	0.0	0.0	0.0	0.0	0.0	0.0	0.0	0.0	0.0	0.0	0.0	0.0	0.0	0.0	0.0	0.0	0.0	0.0	0.0	0.0	0.0	0.0	0.0	0.0	1.0	0.0	0.0	0.0	0.0
5422.248060492791	-3.059422731875202	29400774.02951784	9.360067452314723	11279.083139224927	-5.884870879504888	127217716.46154805	34.631705268444634	5658.482786546739	-2.107903762654132	4.443258272611448	32018427.445645746	6356.473925765972	6818.719957545303	1.326021	37.872559	0.5516827317890775	0.2530980301228008	0.0108118827	-0.2360898061	0.0333683608	-0.0297685406	-0.1473428304	0.1786051699	-0.0334391535	-0.2545276864	-0.0384446692	0.068763106	0.0793185471	0.0082637539	-0.1249990385	-0.1680955887	-0.1802215043	0.0592974016	0.0594953926	-0.1206839601	0.0462632509	-0.0792982488	-0.0831373287	0.0162325637	0.0482903266	-0.0964448904	-0.0657065091	-0.0149113905	0.0969213689	0.0285123076	-0.1898024343	-0.0129766094	-0.0269329587	0.1446529856	-0.0687098351	0.0500870779	0.0406382769	0.0681190054	0.0463375569	-0.0831667753	0.2106789606	-0.0744951295	0.0753777983	0.006278206	0.0358446313	-0.0029720434	-0.0896409249	-0.0156531347	0.0718233016	0.1741454118	0.0901549614	-0.0111474359	0.0594086143	0.03438327	-0.0963475455	-0.0657165784	0.1049806426	0.1808526164	-0.12383785	0.0184242978	0.0633647253	0.0357163623	-0.0226615709	-0.0216524162	-0.0299294854	0.0010325623	0.0434023793	-0.0762233022	-0.1857660411	-0.1752045976	-0.0637389363	-0.0412986943	0.0288468752	-0.0980094443	0.1729344869	-0.066206962	0.0476858826	-0.0192587439	-0.0243622078	-0.0806847238	-0.0612216735	-0.0122227455	0.204035925	0.0803804135	0.040795417	0.0361729854	0.1083378185	-0.0095511155	0.101807345	-0.0918924755	-0.1256989014	-0.0921703702	-0.0714026144	0.0227464567	0.0620842265	-0.001233929	-0.0513038326	0.0601464497	0.0475416962	-0.0376140973	0.0447827473	-0.0073338715	-0.0011599879	0.1071491624	-0.1594265545	-0.1038335457	-0.093506855	0.1140172406	0.0485141113	0.1497421574	0.2340871175	0.0043340939	0.0445438609	-0.1302419384	0.0393349198	0.0231987975	-0.0222770458	-0.0632853162	0.0400898279	-0.1149454521	0.031675305	-0.0026306324	0.0475967704	-0.0750563291	0.0517500131	-0.0640916115	-0.038403232	-0.0655901107	-0.2018424056	0.0657457504	0.0268634749	0.0085794378	-0.0915987158	-0.0890989834	0.0775859381	-0.0594866269	0.0363374993	-0.0101036834	-0.0169878336	0.0426372543	-0.064667201	0.0812075526	0.0348067332602681	0.1307592152401326	0.0012115086802514	0.0170979723702153	-0.1520414373245273	-0.0662375331930747	0.0231165986637081	0.0043874108035036	0.3182444268728659	0.1289566296431701	0.1012795152356389	0.0166298123289257	0.0033510842356485	-0.0010815399958447	1.1697287626119694e-06	1.1229765554411892e-05	-0.0035771841838851	-0.0018991329402948	3.606705924912773e-06	1.279624668543771e-05	0.0128194262775895	0.0015339141381144	0.0001643376900865	2.3528925831072456e-06	0.0	0.0	0.0	0.0	0.0	0.0	0.0	0.0	0.0	0.0	0.0	0.0	0.0	0.0	0.0	0.0	0.0	0.0	0.0	0.0	0.0	0.0	0.0	0.0	0.0	0.0	0.0	0.0	0.0	0.0	0.0	0.0	0.0	1.0	0.0	0.0	0.0
5437.224951274142	14.976890781350448	29563415.17075809	224.30725747650004	11294.645206373563	15.562067148635832	127569010.3378573	242.17793393865065	5665.473420166252	6.990633619513574	48.86895840227345	32097589.074610293	6371.911778379591	6868.087113234188	1.493934	42.668346	0.3321567736224391	0.2173817823188901	-0.0815224965	-0.2717622611	0.0068698896	-0.0651290048	0.0457815725	0.0865867858	0.1059030263	-0.2317336473	0.052327931	-0.1584141449	0.0874935478	-0.0778484121	-0.0032368099	-0.0944536881	-0.2854077866	0.0720421605	0.0592878165	0.0097054025	0.04713067	0.0551197961	-0.0065818374	0.0528216101	-0.0703787701	0.0067535662	0.1090071655	-0.024170382	-0.1575764791	0.0520474326	-0.0556397249	-0.0321344978	-0.030076805	0.0032939666	0.0673285184	0.0665653168	0.0031120494	-0.0228018899	-0.1210188868	-0.0491078554	-0.0680501048	-0.0792219964	-0.0093047669	-0.1244628232	0.1329283421	-0.0034875815	0.0006632139	0.0197145915	0.0900890618	-0.0159393786	0.0676589387	-0.1507505441	0.0195683687	0.0590901014	0.0869950552	-0.0056468682	0.0485921726	0.0047743212	0.1049059968	-0.0758585011	0.076702097	0.0104316558	0.0315811547	0.0630171724	-0.0830649505	-0.0044422207	-0.1492956553	-0.0790072357	-0.0895183246	-0.2632252136	-0.0452994022	-0.0906589672	0.1298538976	-0.0203569611	-0.0381347047	0.1487770587	-0.1058707239	0.0661019956	-0.0392050237	-0.0115234444	0.0705782397	-0.0627101356	0.0256043035	-0.0510520664	0.0836029802	0.0786521699	0.0367129196	0.0456340425	-0.2054786335	-0.0714664362	0.0615843347	-0.0124029625	0.0630078402	0.0136518776	0.0566918883	0.0223785517	-0.0463948566	-0.0820322871	-0.0270325214	0.0008729142	-0.0103117704	0.0202018879	-0.0416715628	0.0211793434	0.1119426592	-0.1046890442	0.0191527068	0.065928594	-0.0333087266	0.0658918116	0.3099517107	-0.0199119763	0.0374799148	0.0092113926	0.0146973448	-0.0086485979	-0.0054113472	0.0207792024	0.0283723677	0.0009469798	0.0475578292	-0.1344647297	-0.0297215938	0.0867642958	0.0610753675	-0.093628952	-0.0017543356	0.0363314156	-0.0785023936	-0.0597220523	0.0225825573	0.0893494924	-0.1664551561	-0.0894555007	0.0789542098	-0.0623555305	0.0409413271	-0.0163653521	-0.0094744681	0.0345826047	-0.057020034	0.0750539832	0.2188567304125541	0.184049997152286	0.0478982684468733	0.0338744014517564	-0.0919456857530178	0.0600957515715094	0.0084540091285927	0.0036114993569445	0.3166367509034273	-0.0016076759694386	0.100258832022679	2.5846220227103924e-06	0.003491213082057	0.0001401288464084	1.9636093595776963e-08	1.2188568784325936e-05	-0.0035491016614315	2.808252245359993e-05	7.886280673569444e-10	1.2596122603175834e-05	0.0143792818873115	0.0015598556097219	0.0002067637475947	2.43314952318119e-06	0.0	0.0	0.0	0.0	0.0	0.0	0.0	0.0	0.0	0.0	0.0	0.0	0.0	0.0	0.0	0.0	0.0	0.0	0.0	0.0	0.0	0.0	0.0	0.0	0.0	0.0	0.0	0.0	0.0	0.0	0.0	0.0	0.0	0.0	0.0	0.0	0.0
5422.625140250807	-14.59981102333495	29404863.411680084	213.15448191709277	11345.587063224948	50.94185685138473	128722345.8092173	2595.0727794669733	5663.266074682878	-2.207345483374411	4.872374082973411	32072582.63265401	6376.166678074155	6800.56246796643	1.433881	40.953163	0.2912953348444312	0.1484419494151414	-0.0673268026	-0.2567487627	-0.0120877138	-0.0162311266	-0.1272132504	0.0259695554	0.0290990774	-0.2797407383	0.0062961301	-0.1339229439	0.0115606788	0.0641811504	-0.0628406042	-0.1224509044	-0.2657249228	0.0611047827	0.0253228826	-0.0765426933	-0.0407178729	-0.0308665789	-0.0132877999	-0.0401304557	0.053845537	0.0483327978	0.0335085933	0.0272999103	0.1214138033	0.0280906609	0.0368816358	-0.000157046	-0.0504668051	0.0696714636	0.0476268826	0.0529586348	0.0962690491	-0.0473351804	-0.1135069829	-0.0645569033	-0.0277539483	-0.0389379035	-0.1124196587	-0.1226094109	-0.0855983578	-0.012294078	0.1223506224	-0.0359347213	0.020161256	0.0647434257	0.0530906449	0.1563152973	0.0245749553	0.0603371144	-0.0609892124	0.0088432822	0.1348916521	-0.0772739034	-0.070098743	0.0327538095	-0.070411357	0.1231937748	-0.0379054645	0.0814016886	-0.1322549029	-0.1263829673	-0.0760294293	-0.0091991384	-0.1498164988	-0.256576471	-0.0056459447	-0.1278568598	-0.0542485262	0.0460912948	-0.0090254727	0.0565392885	0.023301467	0.0946047335	0.0424033062	0.0349982522	-0.001794712	0.0582503315	0.0034584395	0.0280527142	-0.0202460826	0.0346370854	0.0739115485	-0.1083483392	0.118894319	-0.0655961116	-0.1070135259	-0.0970293715	0.157265624	0.1522477911	0.0608228903	-0.0280434626	0.1108337371	0.0354880067	0.0715030338	-0.0164623971	-0.0933277952	0.1275945864	0.0186608874	-0.0263967435	-0.0616208027	-0.019476422	-0.0200996778	0.0769899488	0.1094997051	0.0987590107	0.2739491403	-0.0298857263	-0.0186966843	-0.0860032138	0.0554327823	-0.0526018084	-0.0122057262	-0.0059062731	0.0331884562	-0.0940768158	0.1518650987	0.0352425989	0.1947135439	0.0389569132	-0.0983698394	-0.0858801736	0.101707468	-0.024632787	-0.1954372692	0.0083304037	-0.0264584376	0.0382960856	0.0012471278	-0.0897954726	0.0802640719	-0.0651206494	0.0454240252	-0.022551377	-0.0018980517	0.0262147696	-0.0486985645	0.0677773814	0.21957378430983	0.0007170538972758	0.0482126467561397	5.141662915985394e-07	-0.1385288042240517	-0.0465831184710339	0.0191902295997456	0.0021699869264863	0.3570388213881088	0.0404020704846814	0.1274767199782098	0.0016323272994491	0.0025761474177257	-0.0009150656643313	8.373451700380836e-07	6.636535517854792e-06	-0.0045229967977846	-0.0009738951363531	9.484717366122232e-07	2.0457500032769748e-05	0.0165621829264559	0.0021829010391444	0.0002743059032893	4.765056946697703e-06	0.0	0.0	0.0	0.0	0.0	0.0	0.0	0.0	0.0	0.0	0.0	0.0	0.0	0.0	0.0	0.0	0.0	0.0	0.0	0.0	0.0	0.0	0.0	0.0	0.0	0.0	0.0	0.0	0.0	0.0	0.0	0.0	0.0	0.0	0.0	0.0	0.0
5432.468745024059	9.843604773252082	29511716.66566328	96.89655493199118	11261.931398975606	-83.6556642493415	126831098.83523266	6998.270160998553	5663.05170240134	-0.2143722815380897	0.045955475091846	32070154.584070712	6359.679223739758	6788.386715825124	1.679437	47.966496	0.6059047197159343	0.3150107066669701	-0.1288729717	-0.2577234791	0.0458688657	0.1043207127	-0.0357130352	0.0735355169	0.138909886	-0.2710881689	-0.0318970535	0.0075550821	-0.0392422331	-0.06700071	-0.0579885223	-0.0336327588	-0.2758645113	0.094982679	-0.0391530481	-0.0380515688	0.0672621009	0.0615266724	-0.0440717845	0.0055718854	0.0205054064	0.059201465	-0.0598056417	0.0335706358	-0.1655258872	0.0295389054	-0.02383926	0.0844030878	-0.072001623	-0.0012590246	0.0214102394	-0.0138451576	-0.091266531	0.008993372	0.1125314765	-0.0093431284	-0.0409441167	0.0179872846	-0.2219707203	0.0393242855	0.0710219291	-0.0652590646	-0.0068660928	-0.0675859567	-0.1383020968	0.1193380614	-0.0957815484	0.0221124145	-0.0030042169	-0.0773771743	0.0731059453	0.0713246557	-0.0212773985	-0.1034230624	-0.0245193205	-0.2051622065	0.0257760479	0.0495237432	-0.0841536403	-0.0531929894	0.0885669981	-0.0006105982	0.0167320479	0.0304493331	-0.0578760816	-0.2865570561	-0.0435405602	0.0152634188	0.0118903599	-0.0826752882	-0.0253313832	-0.0503173005	0.0425752504	0.0243013883	-0.0295174073	0.0289220521	-0.0546604644	-0.0491190552	-0.0412685326	-0.1643273172	0.0537341825	-0.0033980217	-0.1510592144	-0.0231187992	-0.0944006705	-0.09711196	0.0681534849	0.1595688268	-0.0143197278	-0.1609024989	-0.0901040351	0.2117200321	-0.0012127012	0.054216938	0.0200658591	0.0401067732	-0.1695917451	-0.0661212066	0.0134693666	0.0607346578	0.0680472925	-0.0640481232	0.0736937458	0.0179955005	-0.0001857777	-0.0005822604	0.2834988422	-0.0054969321	-0.0680017561	-0.0045940282	0.0730183341	-0.0405965896	0.0311247843	-0.0656707167	-0.0248093429	-0.0645289582	0.1654171707	-0.0569766014	-0.0504676301	0.134500598	0.1013799597	0.0374960999	0.044753881	0.0588545245	-0.0772778395	-0.0917254057	0.0166732445	-0.1226617401	0.1248920507	-0.0901188363	0.0815145553	-0.0677773814	0.049772331	-0.0286331649	0.005690996	0.0176095295	-0.0398011998	0.0594866269	0.4361223744036522	0.2165485900938222	0.1902027254554794	0.0468932918716222	-0.0876346991795884	0.0508941050444633	0.0076798405002969	0.0025902099282768	0.283582224643915	-0.0734565967441937	0.0804188781339918	0.005395871605239	0.0025620080600847	-1.4139357640999968e-05	1.999214345001041e-10	6.563885299938968e-06	-0.007322842470582	-0.0027998456727974	7.839135791482324e-06	5.362402184895949e-05	0.0190483064526866	0.0024861235262307	0.0003628379787154	6.180810187677776e-06	0.0	0.0	0.0	0.0	0.0	0.0	0.0	0.0	0.0	0.0	0.0	0.0	0.0	0.0	0.0	0.0	0.0	0.0	0.0	0.0	0.0	0.0	0.0	0.0	0.0	0.0	0.0	0.0	0.0	0.0	0.0	0.0	0.0	0.0	1.0	0.0	0.0
5411.37471748934	-21.09402753471932	29282976.333082832	444.9579976354967	11198.121415741589	-63.80998323401764	125397923.2416904	4071.713960325612	5634.807326397308	-28.24437600403144	797.7447758571069	31751053.605620783	6338.071452917832	6656.732922168839	2.968039	84.77034	4.035078121880218	2.3375722516401165	0.0338028268	0.1085184605	-0.0273005163	-0.0727172722	-0.0914136647	0.0223547838	-0.0917983607	0.0762459675	0.0221183567	0.0155278395	-0.1869279629	-0.099056034	0.0683865681	-0.02004369	0.1208469684	-0.0486181583	0.0181057197	-0.1571912143	-0.1168887887	0.0442041632	0.120285513	0.0720230539	-0.0607176642	-0.1081816641	0.1168013537	-0.0938909988	0.0502294143	0.0504249424	-0.1469402901	0.0355364456	-0.04673177	-0.0225690462	0.0927536766	-0.1934460781	0.0317021891	0.0549657168	-0.0920460892	0.0027628873	0.0423618013	0.0281559778	-0.1538233273	-0.21279578	-0.0963481039	-0.0845138503	-0.1060622653	0.0894181331	-0.1212168456	0.1201931403	-0.0232055563	0.0477232272	-0.0260688025	-0.0272645773	0.0126201991	0.0163154159	-0.1128866818	0.0905989943	0.1562852371	0.0096500456	0.0729456923	-0.0654764991	-0.0683442843	-0.1660942843	0.0634036238	-0.0882600982	0.0583208415	0.0596316532	0.0165615035	0.1180971514	0.0235466905	-0.1144072875	-0.0697584853	-0.0251314462	-0.1236944361	-0.2038837243	-0.0854787834	-0.0010050136	-0.2107754764	-0.1717412708	0.2350657237	-0.0362718867	0.2444917772	0.1241701163	0.0152494242	0.1005529112	-0.1646131895	-0.0750053187	0.0234981128	0.2026987452	0.0155814205	0.0712492505	0.2566813763	-0.0355953093	-0.053796962	0.0858237048	0.153131486	-0.029590732	0.0370671195	0.2239286839	-0.0895179364	0.0548784605	0.0149806992	0.025244928	-0.0361274213	-0.0482566843	0.0231767912	0.0365157558	0.0181037607	0.021938801	-0.1572219209	-0.0335031003	0.0787763609	-0.0446677986	-0.0214578419	0.0581670409	-0.2239081576	-0.0214595891	0.312870101	-0.3154775281	-0.0249616002	-0.1360688217	-0.2213431967	0.4629417655	-0.1149803544	0.2902583062	0.0462138453	0.3369409402	-0.0153600003	0.0414384955	-0.1133455804	0.0263594804	0.0607748577	-0.090425532	0.0827047351	-0.0703213046	0.0539733795	-0.0345826047	0.013242171	0.0088448147	-0.0304331576	0.0503057744	2.0688886706062704	1.6327662962026182	4.280300331362981	2.665925778015216	-0.0197599708543521	0.0678747283252362	0.0003904564481648	0.0046069787452246	0.2155132288735259	-0.0680689957703891	0.0464459518194927	0.0046333881851892	-0.0122454508288411	-0.0148074588889258	0.0002192608387472	0.0001499510660015	-0.0362241991634009	-0.0289013566928189	0.0008352884186855	0.0013121926050297	0.0206668529025814	0.0016185464498948	0.0004271188088969	2.6196926104670618e-06	0.0	0.0	0.0	0.0	0.0	0.0	0.0	0.0	0.0	0.0	0.0	0.0	0.0	0.0	0.0	0.0	0.0	0.0	0.0	0.0	0.0	0.0	0.0	0.0	0.0	0.0	0.0	0.0	0.0	0.0	0.0	0.0	0.0	0.0	0.0	1.0	0.0
5395.695364585564	-15.679352903775907	29113528.46741014	245.842107481146	11238.936647376237	40.81523163464772	126313696.9637366	1665.8831333899475	5633.944526087764	-0.862800309544582	0.7444243741502264	31741330.92303428	6343.5072021484375	6592.747520792819	2.075589	59.281025	1.298558858894391	0.5581909434008259	0.0520996008	0.1811575824	-0.0646847087	-0.0313335984	-0.0382896694	-0.0145311659	-0.0608798473	0.203898169	0.0482189733	-0.0350150491	0.1000269595	0.111956966	-0.0694863221	0.0192970385	0.1930466174	-0.0696221864	0.0687344689	0.0443202907	0.0561123659	-0.1674509968	0.0741363375	0.032142975	0.1562310371	-0.0603174131	-0.0270398892	0.0508852769	-0.0638986761	0.0568549526	-0.1459179583	-0.087307853	0.0176648832	0.0486042477	0.0360974043	0.0474523857	-0.0022111388	-0.0731813072	0.0615255293	-0.0297211339	-0.0914495601	-0.0218339033	0.0934907596	-0.0777936455	0.0718749486	0.0888737059	-0.0066790733	-0.084891322	0.0091282342	0.0320804907	-0.0123108144	-0.0300671644	0.0489491618	0.0538332219	-0.0170114138	-0.0295059499	0.0523277458	0.0316625344	-0.0303155459	-0.056886646	-0.014169744	0.0699161859	0.0124976031	-0.0104765223	0.042046727	0.060359209	-0.018276141	-0.0519254526	0.0353810068	0.1945650494	0.0541937132	-0.0542500825	0.0163689439	0.0979376348	0.1489350103	0.0312546832	0.0119345036	-0.0708443334	-0.0753790764	0.123398506	-0.0126364061	-0.0840338353	-0.0035073539	0.0599619806	0.0218868573	-0.0183485108	0.0984459913	-0.0197322514	-0.0767997174	-0.1051725841	-0.0951541356	-0.0495057834	-0.0338762202	0.0461328443	0.0296486434	-0.0622919145	-0.0753520452	0.1063128477	-0.1438702308	0.0479746784	-0.0570024524	0.0404379822	0.1284101002	0.0415562566	0.0581843345	-0.0482245706	-0.0377176903	0.0528639625	0.0375952815	0.026565299	-0.1547318508	-0.05732248	0.1163483655	-0.0656475887	-0.2554495859	-0.0156868897	0.0715847938	0.072877691	0.0227075108	-0.0423799049	0.0196140491	0.0219172682	0.0331817542	-0.1019559925	-0.0547607561	-0.1008389822	0.1591984949	-0.1089332809	0.0134421436	0.0720776206	-0.0665948546	-0.130723337	-0.1401559803	-0.0907155029	0.0838337306	-0.072748185	0.0580147416	-0.0403721968	0.0207052216	-0.0	-0.0207052216	0.0403721968	1.9872565358219128	-0.0816321347843576	3.949188539166909	0.0066638054294515	0.2947289010890586	0.3144888719434107	0.086865125137164	0.0989032505762389	0.0448306257679576	-0.1706826031055683	0.0020097850067466	0.0291325510028929	-0.0190590150599348	-0.0068135642310936	4.642465753123947e-05	0.0003632460550548	-0.040846117339115	-0.004621918175714	2.136212762299634e-05	0.0016684053016807	0.0174672303281681	-0.0031996225744133	0.0003051041353372	1.02375846186952e-05	0.0	0.0	0.0	0.0	0.0	0.0	0.0	0.0	0.0	0.0	0.0	0.0	0.0	0.0	0.0	0.0	0.0	0.0	0.0	0.0	0.0	0.0	0.0	0.0	0.0	0.0	0.0	0.0	0.0	0.0	0.0	0.0	0.0	0.0	0.0	0.0	1.0
5399.28714872898	3.5917841434165894	29152301.71442992	12.900913332898842	11193.203012271802	-45.73363510443414	125287793.67393056	2091.5653798655308	5627.3931350782	-6.551391009563304	42.920724160186886	31667553.496725257	6323.731036896401	6640.102726427576	1.267531	36.202038	0.4415244038089444	0.210768799450941	0.0522092063	0.1249317119	-0.0362000566	-0.045031449	0.0091325157	0.0216621722	-0.0809867522	0.1730895647	0.0259848297	-0.0111628668	-0.0105685245	0.0484895098	0.0372773839	0.0064829808	0.1650289411	-0.0588674301	0.0426225335	-0.0166754991	0.0474159301	0.0102672712	0.1418636741	0.0480524615	0.0596599535	-0.0116247198	0.0902247912	0.0824751393	-0.1888015153	0.0853891257	0.0073482742	0.0085948976	0.0038540617	-0.0165148663	0.0920342517	0.0651307981	-0.010562272	-0.0181072195	0.1228456352	-0.061414053	-0.0502685438	0.0104766867	0.0221587291	0.0008985706	-0.0376121182	0.0243016553	0.0583979419	-0.0927448339	-0.0331348681	-0.0311034174	0.0184895659	0.0083908805	-0.0486058354	-0.0310936945	-0.0566386996	0.1502103256	-0.0781257719	0.0717306424	-0.0155184201	0.0023335917	-0.0504009536	0.1572703493	-0.0134572751	0.0665936748	-0.0296336187	0.058052816	-0.0481400386	0.0566241056	0.0344305092	0.1579537929	0.0256049622	-0.0946888283	0.02433295	0.0381146931	0.0394715866	0.0065295071	-0.0318049333	-0.1368148278	-0.1324633634	0.0877643618	-0.0049672755	-0.1363806249	-0.0852898047	-0.1037896193	-0.0432980701	-0.0307302038	-0.075583516	-0.0003408494	-0.0398150206	-0.026359588	-0.0197329838	-0.0202855729	-0.0876533681	-0.1229814428	-0.1055826794	-0.0344454701	-0.0526036015	-0.0324711516	-0.1194864539	0.0323680772	-0.0826360336	-0.0292409162	-0.0589571851	0.0718703022	-0.1145732652	-0.0092410526	-0.0473694948	-0.0203010915	-0.0037090242	0.0264769299	-0.147163669	-0.0366748364	0.0953583697	-0.0229116572	-0.1942363152	0.0166001052	-0.0145920992	0.0209336041	0.0891378883	-0.066699991	0.0210178296	-0.0768550217	-0.0806245531	0.0296364674	-0.0863048532	-0.0213298704	0.1152674047	0.022564564	0.0291116751	0.0517524391	-0.0240253662	-0.1250462688	-0.149764062	-0.0909886953	0.0849007066	-0.0750539832	0.0618844603	-0.0459751808	0.0280304823	-0.0088448147	-0.0107324316	0.0298345303	1.997525801387809	0.0102692655658962	3.9901093272100088	0.0001054578152629	0.4051700188073397	0.1104411177182811	0.16416274414034	0.0121972404828632	-0.0134128643512099	-0.0582434901191675	0.0001799049301039	0.0033923041412615	-0.0165377615812683	0.0025212534786665	6.356719103687927e-06	0.0002734975581188	-0.0391227552590798	0.0017233620800351	2.9699768589032506e-06	0.0015305899790618	0.0184740253775784	0.0010067950494103	0.0003412896136514	1.0136362715170883e-06	0.0	0.0	0.0	0.0	0.0	0.0	0.0	0.0	0.0	0.0	0.0	0.0	0.0	0.0	0.0	0.0	0.0	0.0	0.0	0.0	0.0	0.0	0.0	0.0	0.0	0.0	0.0	0.0	0.0	0.0	0.0	0.0	0.0	0.0	0.0	0.0	0.0
5405.243966991692	5.956818262711749	29216662.342700087	35.483683814976224	11234.509808598732	41.30679632692954	126214210.63950112	1706.25142279444	5639.771613904507	12.378478826306493	153.22673805331812	31807023.857003048	6347.639527283861	6633.244138416925	1.137819	32.497314	0.3249986523328829	0.1619623483066311	0.0503044684	0.1456445884	-0.0577363765	-0.0295471495	-0.0203166787	0.0046333177	-0.0763281739	0.1419072437	0.0425245951	0.0354459878	0.0152410793	0.1442064994	0.006943003	0.0054164214	0.1373000193	-0.1143274011	0.0521278139	0.0547897182	0.0491844277	-0.0731661302	0.1033346152	-0.0238555305	0.0586249114	-0.0402336948	-0.0596274662	0.0997460257	-0.0084188682	-0.0723667912	0.0068599388	-0.0733224684	0.0174253644	0.0093869893	-0.0147750653	0.1328200361	-0.0599027609	-0.0546326884	0.089129172	-0.0210384526	-0.0986884663	0.0994434972	-0.0927626958	-0.0730137234	-0.0977896548	-0.0028468334	0.0194201134	-0.0077647014	-0.0328250488	-0.0728965093	0.047660188	0.030401696	-0.0469659746	-0.0661924663	-0.0860722147	0.0419037312	-0.020035963	-0.1021198009	-0.0395348695	-0.0228384203	0.0411025627	-0.0589388031	0.0199062926	0.0195802905	0.0111505453	-0.0783231235	0.0914982082	-0.0791824845	0.0199904986	0.1528088175	0.042772318	-0.0291392595	0.0259905675	0.0829797646	0.108657897	0.0463016597	0.0156676136	-0.1759147267	-0.0429707023	0.0922869451	0.0122756691	0.0273887458	-0.1192718649	0.0514289847	0.0033538328	-0.0613052424	-0.0023629721	-0.0412292525	0.0058582617	-0.15570379	0.0536906432	0.0415897645	-0.0638686076	0.0766264465	0.0128401047	0.0472186357	-0.0406864856	0.0615207538	0.0178822562	0.0315710624	-0.12447546	0.0487358256	0.0254155686	-0.0221229152	-0.0603570439	-0.0242852233	0.0179577531	-0.030862434	-0.0139050007	0.0256858906	-0.1347280393	-0.0505452062	0.0953081468	-0.0348037417	-0.2205281804	-0.0119429851	0.0708313067	0.0597045969	0.0036805393	-0.0162215087	0.0202886929	0.0149652615	0.0435993018	-0.0865871047	-0.0245832062	-0.0714194376	0.0886263286	-0.0816829399	0.0229651523	0.0518259383	-0.0329292098	-0.0898566406	-0.0861986464	-0.0912450589	0.0859048739	-0.0772348614	0.0655710866	-0.0513656584	0.0351692048	-0.0176095295	-0.0006327229	0.0188504498	2.11781027481345	0.1202844734256411	4.485120360105421	0.0144683545472837	0.3896893261021006	-0.0154806927052391	0.1518577708779093	0.000239651846634	0.0252843522416625	0.0386972165928724	0.0006392984682804	0.0014974745720356	-0.0178286577885377	-0.0012908962072694	1.6664130179425289e-06	0.0003178610385407	-0.0404703458495294	-0.0013475905904496	1.8160003994683056e-06	0.0016378488931805	0.018846263972042	0.0003722385944636	0.0003551816657038	1.385615712082367e-07	0.0	0.0	0.0	0.0	0.0	0.0	0.0	0.0	0.0	0.0	0.0	0.0	0.0	0.0	0.0	0.0	0.0	0.0	0.0	0.0	0.0	0.0	0.0	0.0	0.0	0.0	0.0	0.0	0.0	0.0	0.0	0.0	0.0	0.0	0.0	0.0	0.0
5406.421052183229	1.1770851915371168	29229388.593490016	1.3855295481359708	11237.506050265563	2.996241666831338	126281542.22975516	8.977464126056235	5637.379885890898	-2.3917280136092813	5.720362891083399	31780051.97784727	6348.632230412527	6646.106776655622	1.053418	30.086723	0.3655929818732824	0.1661908053045515	0.0593933982	0.113229913	-0.0450998813	0.012540171	-0.0080142311	0.0269749597	-0.079372402	0.1086064668	0.0564874094	0.0178613092	0.002038682	-0.029278479	-0.0169669702	-0.0029779711	0.1014011462	-0.1097452477	0.0437106287	0.0261032243	0.017951272	-0.0498466017	0.0885715187	0.034632447	0.1068946638	0.0129694781	0.0114157085	0.1093145871	-0.0257233364	-0.0520404287	-0.0693875904	0.022993826	0.0916046741	0.0679096691	-0.0576930351	-0.0931531807	-0.0537315444	0.0073460705	-0.0734884979	0.0242491	-0.0497413504	-0.0221624435	-0.0541081224	0.0080905198	-0.0022379468	-0.0476288117	-0.0349076846	0.015862325	0.0010487427	-0.0684727104	0.0345648076	-0.0264005259	-0.1479373267	0.0199883815	-0.0033924518	-0.0499431379	-0.0071849609	-0.0652114499	-0.0543442419	0.0618601305	0.0123800606	-0.0286405103	-0.0622390533	-0.0045116539	0.0114968673	0.0228633391	-0.0372567747	0.128799337	0.0071620257	0.1223962825	0.0619595044	-0.0168692339	0.0558559353	0.0763337607	0.0509010274	-0.0656113352	-0.0270494388	-0.0996152386	-0.1225119419	0.1228358281	0.0075029652	-0.0173598971	-0.0740430096	0.0401933199	0.0822687582	0.037285343	0.1116460879	0.0341003961	0.0254194702	0.0410444812	0.012832443	0.0848200005	0.0170496987	0.0034706253	-0.1372254532	0.066121074	0.0295418533	-0.0358855386	-0.0169785935	-0.0759961488	0.0904254777	-0.0225651717	-0.0948381237	-0.0267743583	0.0084854205	0.0131532258	0.0482898213	0.0336087108	-0.0338936888	0.0241687368	-0.1088324402	-0.0554726778	0.0896690448	-0.0206503086	-0.2047342191	-0.000696075	0.0916079718	-0.0311785973	-0.0357846501	0.0386589691	0.008907683	0.0104507489	0.0142377042	0.0161500594	0.0378902002	-0.0197951516	-0.0534903681	-0.010621742	-0.0104535336	-0.0470906966	0.045068552	0.0289070279	0.017704505	-0.0914845461	0.0868454896	-0.0792871898	0.0690637132	-0.0565187138	0.042073882	-0.0262147696	0.0094744681	0.0075843101	2.21375447302583	0.0959441982123796	4.900708866841869	0.0092052891706163	0.4397964943941872	0.0501071682920866	0.1934209564814163	0.0025107283142514	0.044994375020039	0.0197100227783765	0.0020244937834439	0.0003884849979241	-0.019289966391055	-0.0014613086025172	2.1354228317910583e-06	0.000372102803368	-0.0424506812735177	-0.0019803354239882	3.921728391502902e-06	0.0018020603405857	0.0182912761467388	-0.0005549878253032	0.0003345707830762	3.08011486234776e-07	0.0	0.0	0.0	0.0	0.0	0.0	0.0	0.0	0.0	0.0	0.0	0.0	0.0	0.0	0.0	0.0	0.0	0.0	0.0	0.0	0.0	0.0	0.0	0.0	0.0	0.0	0.0	0.0	0.0	0.0	0.0	0.0	0.0	0.0	0.0	0.0	0.0
5428.803254625949	22.38220244271997	29471904.7774373	500.9629861868999	11280.247401334802	42.74135106923859	127243981.43532056	1826.8230912239028	5650.615256160584	13.235370269686427	175.17502617569937	31929452.773154743	6359.61103689029	6641.801077725306	0.922657	26.352053	0.2428372546653324	0.1190342470182932	0.0385284049	0.1020703226	-0.0647833896	-0.0293358875	0.0036673533	0.0178037011	-0.0682399704	0.084432867	0.004659819	0.0776798511	0.0002610583	-0.016237394	-0.0136719358	0.0050768643	0.1016381631	-0.0506408141	0.0277817438	0.02620396	0.0250880352	-0.0788716597	0.0564873034	0.1012867786	0.0364614232	-0.0222103569	-0.0518894376	0.0299731089	-0.0590482732	-0.0850836316	-0.0633919849	-0.0203797615	0.0527575777	-0.0453431656	-0.0181081314	0.013247275	-0.0459099609	-0.0734448555	-0.0455829919	-0.0551754102	-0.1032612552	0.1118583203	0.0197288703	-0.0783393203	-0.0432754893	0.022362021	-0.034779839	-0.0197157214	-0.0657709139	-0.0277302687	0.0468039937	0.0158188317	0.0096726229	-0.101222729	0.0458809155	0.0563697761	0.0693843384	-0.0186683701	0.0746663232	0.0466762482	0.0317077761	0.0342858982	0.00827844	0.0215942589	-0.0596534308	-0.0183660403	0.0028728971	-0.0390242707	0.0108272585	0.1174093582	0.0208861593	0.0199120539	0.0105939413	0.0526183372	0.1073290761	-0.0838772558	-0.0654335728	-0.0696781389	-0.0545351098	0.1034845898	-0.0069707002	-0.0451392296	-0.0575742312	0.0801932726	0.0016903799	-0.0425105182	0.0139183512	0.0222500909	-0.0765288775	-0.0539640573	0.0755586351	0.0024312982	0.0012428617	-0.0310870555	-0.0127576289	-0.0486426829	0.0648863554	-0.0829273441	-0.008050255	-0.0052603431	-0.0766215928	0.06312257	-0.0448727041	-0.1161365517	-0.0757305737	0.0018187279	-0.0269625757	0.035414688	0.0170061178	0.0212533605	-0.1065178976	-0.0399535725	0.0850179363	-0.0293518072	-0.2033538569	-0.0031806639	0.0872259695	0.0103455044	-0.0102878859	0.0158952356	0.0196498238	0.0231536352	0.0662111791	-0.0130132416	-0.0202314465	-0.0783546653	0.0332451478	-0.0462655966	-0.0078597107	0.0201062504	-0.0244957079	-0.0650671952	-0.0780734672	-0.0917071126	0.0877218577	-0.0812075526	0.0723520068	-0.0614105286	0.0486985645	-0.0345826047	0.0194696168	-0.0037953135	2.139301620440662	-0.0744528525851677	4.576611423220043	0.0055432272580687	0.4219432643706113	-0.0178532300235759	0.1780361183477276	0.0003187378222747	0.025149367982685	-0.019845007037354	0.0006324907099285	0.0003938243043126	-0.0185916623519634	0.0006983040390915	4.876285310116404e-07	0.0003456499090094	-0.040834401367404	0.0016162799061136	2.6123607349068985e-06	0.0016674483350342	0.0179921367915594	-0.0002991393551794	0.0003237169863261	8.94843538171473e-08	0.0	0.0	0.0	0.0	0.0	0.0	0.0	0.0	0.0	0.0	0.0	0.0	0.0	0.0	0.0	0.0	0.0	0.0	0.0	0.0	0.0	0.0	0.0	0.0	0.0	0.0	0.0	0.0	0.0	0.0	0.0	0.0	0.0	0.0	0.0	0.0	0.0
5435.053674364323	6.250419738374148	29539808.443221133	39.06774690585716	11311.289547044404	31.042145709601755	127945271.217076	963.6148102561466	5664.0491066016	13.433850441016148	180.46833767158972	32081452.281994384	6384.739054540221	6699.287408948202	0.952815	27.213419	0.163454438082997	0.0809250283905256	0.043411777	0.0903059149	-0.0335769374	-0.0260659747	0.0065949234	0.0128452194	-0.0709502161	0.0884370036	0.0373635021	-0.0286945205	-0.0077207317	-0.0249010564	0.0038234913	-0.0223793589	0.0827779607	-0.0449158024	0.0238424573	0.0633410422	-0.021655988	-0.068840249	-0.0392583017	0.1345827477	0.1282147879	-0.0837542186	0.0519562472	-0.0332037558	-0.0081982386	-0.1029433528	-0.0415505473	0.0364749567	0.005661697	0.0789035562	0.0301876617	-0.0476360206	0.0367988487	-0.0234941132	-0.0142543764	-0.0822955346	-0.1156679188	0.0377609062	-0.0405126527	-0.0279268155	0.0802677658	0.0277099471	-0.011617569	-0.0460091762	0.0304236387	-0.0050888543	-0.0430454513	0.0557136826	-0.0017635663	-0.0051990958	0.000159398	0.0768998146	0.029532048	-0.0951609504	0.054981158	0.0618961807	-0.0296124738	0.0658653482	0.0255114316	-0.0923580714	-0.0087030375	-0.0089712306	0.0392979059	0.0746896515	-0.0044723145	0.1067665744	0.0287282921	-0.022325569	0.0248147822	0.0710807376	0.0237867732	-0.0161717319	-0.0550130874	0.0120762995	-0.1134172275	0.1098376181	-0.0299212111	-0.0846189397	0.0025790829	0.1993891628	0.0808094153	0.1035456002	-0.0123530769	0.039310542	-0.042551213	-0.0463185338	0.0266446887	0.0145646821	0.0544300619	-0.0628583125	-0.0385572884	0.0043931987	0.102139331	0.0303981389	0.0201752129	-0.0634948892	0.0337876606	0.0044471562	-0.0812716803	-0.0383579873	-0.0226646945	0.0475248293	-0.0952435296	0.0299411524	-0.0126691639	0.0155811307	-0.0967123238	-0.0360956984	0.0758295289	-0.0168540759	-0.1826783485	0.0069038056	0.0761731508	-0.0505768648	-0.0062796661	-0.0017104496	0.0144396628	0.0034971695	0.0079660874	0.0722879526	0.0135647424	-0.0130798783	-0.0184475057	0.0291246158	-0.0378776145	-0.0278296058	0.0148036944	0.008593975	-0.0234446693	-0.0919127174	0.08853333	-0.0829927534	0.0754262385	-0.0660184918	0.0549991661	-0.0426372543	0.0292345235	-0.0151181479	2.187825828024586	0.0485242075839238	4.786581853771465	0.0023545987216477	0.3790407028766367	-0.0429025614939745	0.1436718544372148	0.0018406297827442	0.0651070888154237	0.0399577208327386	0.0042389330140194	0.001596619454147	-0.0185950961383253	-3.43378636189981e-06	1.1790888779169131e-11	0.0003457776003935	-0.04146710024688	-0.000632698879476	4.003078720901859e-07	0.0017195204028847	0.0179974030891687	5.266297609298615e-06	0.000323906517954	2.7733890509704303e-11	0.0	0.0	0.0	0.0	0.0	0.0	0.0	0.0	0.0	0.0	0.0	0.0	0.0	0.0	0.0	0.0	0.0	0.0	0.0	0.0	0.0	0.0	0.0	0.0	0.0	0.0	0.0	0.0	0.0	0.0	0.0	0.0	0.0	0.0	0.0	0.0	0.0
5418.890989603371	-16.16268476095229	29364379.5572046	261.23237868191933	11314.223550913286	2.934003868882428	128011654.56004085	8.608378702617056	5639.837335802998	-24.21177079860263	586.2098452040669	31807765.174317453	6361.013480825031	6677.184660744719	0.990782	28.297775	0.2055176229183591	0.0952127315394917	0.0346568861	0.0798956935	-0.0251587993	-0.0241504767	0.0107256637	-0.0048199405	-0.0497838974	0.083076411	0.0245357805	-0.0351361859	0.0669127951	0.0643250144	0.0040399706	-0.002604973	0.0777110274	-0.071097778	0.0255923977	0.0135059729	0.0295320401	-0.0355528248	-0.0061452077	0.0096475504	0.0759902813	-0.013933267	0.0323113887	0.1377948888	-0.0004854638	-0.0127025754	-0.0329757013	-0.0114227787	0.010863223	-0.0275771046	-0.0559923202	-0.0986726036	0.0020375323	-0.0170503144	0.0104214644	0.069022635	0.052527895	0.0218312976	0.0018982861	0.0482507807	0.0384589662	0.0113635857	-0.0681759887	-0.0492786795	0.039214396	-0.0743262407	0.1376846198	-0.0096190322	0.0469648512	0.0140424432	0.0309959843	-0.0816826053	0.0021948547	0.0281988948	0.0233371568	0.0282550042	0.0194645054	0.0917957851	0.0470262533	0.1255608521	0.061093284	0.0228984688	-0.0936375662	-0.0439232705	-0.0005169063	0.0968137497	0.0301568589	-0.0320179839	0.036927401	0.0541073938	0.0522318682	0.0318007076	0.0553592129	-0.0142537114	-0.0978699796	0.0721537191	-0.0558537206	-0.0813938549	-0.0509463321	1.82907e-05	-0.0136165995	-0.0198718649	-0.0386252903	-0.0024370673	0.0410013325	-0.1165260038	-0.0783869949	-0.0371205788	-0.0786725525	0.0127011543	-0.0667206788	-0.0338683275	-0.0054441833	-0.0221928138	0.0076306335	-0.0125232601	0.0684009887	0.0546306856	0.0207416716	-0.0057579615	-0.0090145743	0.0565393933	-0.0113068876	0.0269044595	0.0092112617	0.0141239521	-0.0800287496	-0.0308492075	0.0607647486	-0.0097201546	-0.1525257789	-0.0173351822	0.0961562671	0.0087473537	-0.0332391281	0.0488584073	0.0210877219	0.0460510724	0.0681327732	-0.0192967668	0.00687779	-0.046026929	0.0068328181	-0.0194494605	-0.0102112833	-0.0184188288	-0.0163640604	-0.0326970894	0.0283989021	-0.0921013223	0.0892793062	-0.0846398209	0.0782773129	-0.0703213046	0.0609337573	-0.0503057744	0.038653711	-0.0262147696	2.2456082977876264	0.0577824697630404	5.042756627092641	0.0033388138119166	0.3742842479837946	-0.004756454892842	0.1400886982887946	2.2623863147641543e-05	0.0994964848128105	0.0343893959973868	0.0098995504901058	0.001182630557065	-0.0189355134784224	-0.000340417340097	1.158839654387839e-07	0.0003585536706915	-0.042527541140845	-0.0010604408939649	1.124534889593278e-06	0.0018085917554862	0.0187683309004084	0.0007709278112397	0.0003522502447872	5.943296901428368e-07	0.0	0.0	0.0	0.0	0.0	0.0	0.0	0.0	0.0	0.0	0.0	0.0	0.0	0.0	0.0	0.0	0.0	0.0	0.0	0.0	0.0	0.0	0.0	0.0	0.0	0.0	0.0	0.0	0.0	0.0	0.0	0.0	0.0	0.0	0.0	0.0	0.0
5432.388049842782	13.49706023941053	29510839.92407466	182.17063510627665	11329.6952723289	15.4717214156135	128361994.9638318	239.37416356235343	5644.208678903219	4.371343100221566	19.10864049985469	31857091.611006424	6361.070853948295	6688.514591423018	0.8536519999999999	24.381201	0.1818621216800547	0.0777939724321739	0.0332923026	0.0689424069	-0.010924989	-0.0051444073	0.0229628996	0.0194409342	-0.0382939071	0.0530634419	0.0423734633	-0.0321576447	0.0232328235	0.0041759149	0.0777217803	0.0026966591	0.0459131776	-0.0805670995	0.0248762529	0.0276063801	0.0123925221	0.0049365908	0.0725328256	-0.0095030102	0.0443493965	0.0382431061	0.054316265	0.0910528637	0.061240855	-0.0513493015	0.0020503183	-0.0032122844	0.0453255899	0.05072544	0.0009375271	-0.0466053307	0.0437855981	-0.0445319702	0.0535996041	0.0399955732	0.0366807531	-0.0259488033	-0.063894647	-0.0784249641	-0.0159870442	-0.0496766138	0.0166847811	0.1088431703	-0.0124088143	0.0102568586	0.0016503423	0.0419249991	-0.0973341274	-0.1004560329	0.0320190529	-0.0276420532	0.0233420303	0.0477392062	-0.11513328	-0.1198853425	0.0147413422	-0.0472134144	-0.0280925098	0.0837027792	-0.080110261	-0.0180810254	-0.0673221747	0.0497355832	0.0072783309	0.0620654186	0.0301417224	-0.0333161159	0.0418933981	0.0520325155	0.006581052	0.0238835326	-0.0014303209	-0.0938156653	-0.0498475765	0.0978191269	-6.79072e-05	0.0780127478	-0.1026468628	0.0611372057	0.0865600213	0.033405667	0.004147133	0.0511013079	0.083627646	0.0035940389	-0.0198517522	0.0029519425	-0.0039838802	0.0132736694	0.0031523797	0.0365447711	0.0073602685	-0.0067877379	0.040238143	-0.0409299034	0.0205703151	0.0773660769	-0.0248588805	0.066405774	0.0635566353	-0.0223989157	0.0509499269	-0.0496956669	0.0166570098	0.0076708254	-0.0670552809	-0.0305714363	0.0496485483	-1.14312e-05	-0.1157618366	-0.0072137002	0.0829352862	-0.0417091004	-0.0449128733	0.0528513547	0.0094785358	0.0209506196	0.0130253893	0.0370158131	0.0553490044	-0.0048963439	-0.0753594864	0.0290525986	-0.019583197	-0.0429567193	0.0484039511	0.0582875465	0.0644585631	-0.0922728925	0.0899592343	-0.0861460138	0.0808967948	-0.0742990785	0.0664628444	-0.0575187176	0.0476157909	-0.0369191397	2.285844962458981	0.0402366646713545	5.2250871923991	0.001618989183875	0.3353097326217664	-0.0389745153620282	0.1124326167908804	0.0015190128477049	0.1207572734908524	0.0212607886780419	0.0145823191009445	0.0004520211352123	-0.0186464067570168	0.0002891067214055	8.358269636189477e-08	0.0003476884849481	-0.0430274395193945	-0.0004998983785495	2.498983888764221e-07	0.0018513605515951	0.0196071288598259	0.0008387979594174	0.0003844395021258	7.035820167229604e-07	0.0	0.0	0.0	0.0	0.0	0.0	0.0	0.0	0.0	0.0	0.0	0.0	0.0	0.0	0.0	0.0	0.0	0.0	0.0	0.0	0.0	0.0	0.0	0.0	0.0	0.0	0.0	0.0	0.0	0.0	0.0	0.0	0.0	0.0	0.0	0.0	0.0
5416.484510153468	-15.90353968931322	29338304.448732454	252.92257464956083	11272.858410893654	-56.83686143524574	127077336.7520558	3230.4288178093243	5637.317630505123	-6.891048398096245	47.48654802490483	31779350.06720389	6353.434078440947	6632.172547309497	0.931026	26.591089	0.2681570305686475	0.1291171629311241	0.0287840014	0.0517740941	-0.0112885436	0.0208570665	0.0012179653	-0.0160501429	-0.0221937815	0.0375329589	0.0050252626	-0.0213325775	0.0313130864	0.0308251417	-0.0201933184	-0.0074593542	0.0394301896	-0.0443449357	0.0176362008	0.0212749849	0.05120777	0.0263045061	-0.0313705777	-0.0684433443	0.013772286	0.0195816725	0.0917782682	0.0928155785	0.0883730328	0.0216497396	-0.059207216	0.0501844387	0.111613179	0.0518739784	0.043576919	0.1132393827	0.0436041546	-0.0144991587	-0.0217102408	-0.003678786	-0.0265393338	0.0540133387	0.0044314696	-0.0297081267	0.0596086039	0.0265329329	0.0493832763	0.0459117665	0.0538549618	-0.0376719256	-0.0041508106	0.0012845827	0.0074191785	-0.007606237	-0.0220200651	-0.0545266455	-0.0641221573	0.1038732122	0.0345759295	-0.0759640781	-0.0636724366	-0.0631691524	-0.0534077308	-0.0416320383	0.0425797773	0.033370894	0.0338208865	-0.0526471926	-0.0082437701	0.0551089264	0.0322323636	0.0057336192	0.0360258017	0.0429858694	0.0060205051	-0.0110030735	0.032434103	0.0384225493	-0.0468381643	0.0623062897	-0.0015067789	-0.0280345449	-0.1039151848	-0.0674216802	0.0755628516	0.0264546259	-0.0067366947	-0.0132885182	0.1094615315	0.012098468	-0.0112546732	-0.0675956926	0.0660669694	0.0743536469	0.0830432308	-0.0566812368	0.0178574992	-0.0482140288	0.0342952404	-0.0093278379	-0.0633400022	-0.0858591371	-0.0339261931	-0.0228707391	0.0723558112	-0.0171044364	-0.0490079131	-0.0379763405	-0.0490709028	0.0021683177	-0.0501791307	-0.0245451112	0.0175442264	0.0069824606	-0.0678479978	-0.005801116	0.0886252287	-0.0437105091	-0.0850267279	0.0902264045	-0.0015177913	0.0640355217	0.0666792311	-0.0039195191	0.0759010944	-0.0041771066	-0.1185069533	0.0082244696	-0.0631391743	-0.0774386444	0.0344551756	0.1022946627	0.128934664	-0.0924273962	0.0905726114	-0.0875088252	0.0832769341	-0.0779334273	0.0715496322	-0.0642107624	0.0560147802	-0.047071089	2.361412454249632	0.0755674917906512	5.576268779085272	0.0057104458155301	0.3367818464222836	0.0014721138005172	0.1134220120796026	2.16711904167321e-06	0.184619373945182	0.0638621004543295	0.0340843132359109	0.0040783678744388	-0.0195651776544827	-0.0009187708974658	8.441399620302945e-07	0.0003827961766514	-0.044399012553127	-0.0013715730337324	1.881212586862165e-06	0.0019712723156927	0.0198618914190905	0.0002547625592646	0.0003944947307437	6.490396160304986e-08	0.0	0.0	0.0	0.0	0.0	0.0	0.0	0.0	0.0	0.0	0.0	0.0	0.0	0.0	0.0	0.0	0.0	0.0	0.0	0.0	0.0	0.0	0.0	0.0	0.0	0.0	0.0	0.0	0.0	0.0	0.0	0.0	0.0	0.0	0.0	0.0	0.0
5423.061783839679	6.577273686210901	29409599.111342404	43.26052914332234	11315.049626875896	42.19121598224229	128030348.05866437	1780.0987060602167	5649.097169863148	11.779539358025431	138.7575474872702	31912298.83455583	6359.330461294391	6617.21589294829	0.897549	25.634949	0.1445672504590908	0.071624799614472	0.0268323642	0.0511730553	-0.0019252008	0.0539221811	-0.0058934318	0.0415592637	-0.0338220709	0.0126979656	0.0261621595	0.0534598944	-0.0360109718	-0.0633801002	-0.0031038225	-0.0076551511	0.0229234092	-0.0358871086	0.0083934593	0.0124934453	-0.003838673	0.0468737065	-0.018517931	-0.021364611	0.0152883393	-0.0043614554	-0.0455797385	0.031442621	0.0081555054	0.0235430006	-0.0199294747	0.0618038066	-0.0431099307	-0.0020490329	-0.0481320237	0.0384700414	0.0408468813	-0.0021623574	-0.0234464492	-0.0094775785	-0.012524904	0.0250182996	-0.0257300603	-0.063135223	0.0326823751	0.074694554	0.0037544509	0.1007445514	0.0933400905	0.0046115989	-0.0021060253	0.0273642971	0.0306120588	0.0245782193	0.0476037045	-0.0138974885	-0.0595941214	0.0199372409	0.0022880359	0.0376874119	-0.0153701052	-0.0443754701	-0.0091672755	0.0536634444	0.072444265	-0.0359495047	-0.0098821102	-0.0015520284	-0.0078039093	0.0355398325	0.0060169784	0.0143142491	0.0352141568	-0.033167732	-0.007979825	-0.0689013291	0.0269380141	-0.0172343697	-0.0262815208	-0.006342776	0.0035874502	-0.0076672985	0.0015328756	0.0136463843	0.0126400741	-0.0338375485	0.0211330336	0.0089036781	0.0161070531	0.0076984303	0.0844311186	-0.108794219	0.0578818004	0.0626477757	0.008155016	0.0083060503	0.018800343	-0.0221981172	0.1014712433	0.0117987864	0.0401450776	-0.0223911223	-0.0597660623	0.0226926807	0.0878887646	-0.0195730547	-0.0161448094	0.0084168444	-0.039895614	-0.0014718069	-0.046425303	-0.0169199575	0.0148919452	0.0090618042	-0.046276996	0.0001224989	0.0488467144	-0.0536784449	-0.0426002304	0.0693929886	0.00185552	0.0372160805	0.0098472975	0.0580384106	0.0571474184	0.0443148683	-0.0905470077	0.0668239507	-0.0468100848	-0.0707671867	0.0465136028	0.0972946221	0.104092506	-0.0925648049	0.0911189838	-0.0887259867	0.0854106889	-0.0812075526	0.0761602691	-0.0703213046	0.0637513548	-0.0565187138	2.3503957128536968	-0.0110167413959354	5.524360007001038	0.0001213685909849	0.3032976660659727	-0.0334841803563109	0.0919894742410662	0.0011211903341339	0.1917734991293471	0.0071541251841651	0.0367770749683136	5.118150715070548e-05	-0.0183937372472916	0.001171440407191	1.3722726276000492e-06	0.0003383295699224	-0.0440011776780955	0.0003978348750314	1.582725877913279e-07	0.0019361036370593	0.0201508602073215	0.0002889687882309	0.000406057167095	8.350296057169159e-08	0.0	0.0	0.0	0.0	0.0	0.0	0.0	0.0	0.0	0.0	0.0	0.0	0.0	0.0	0.0	0.0	0.0	0.0	0.0	0.0	0.0	0.0	0.0	0.0	0.0	0.0	0.0	0.0	0.0	0.0	0.0	0.0	0.0	0.0	0.0	0.0	0.0
5440.328141368619	17.266357528939807	29597170.28576733	298.1271023171764	11328.097421140086	13.047794264190088	128325791.18284068	170.24493516063177	5646.821308243287	-2.275861619861644	5.179546112759265	31886590.887230422	6362.335020292088	6751.56383796181	1.003064	28.648581	0.2372580415000034	0.1128029744165408	0.0054650529	0.020047714	0.0014468963	-0.0437976908	0.0516797143	-0.0111010418	-0.0159533869	0.0122076514	0.0055118112	-0.0214575104	0.0625682771	0.0167893699	0.0424662874	0.0144749556	0.0031258309	-0.015612322	0.0126986818	0.0464727722	-0.0428453984	-0.0390781026	-0.0352936375	-0.040370581	0.0495674918	0.1025803164	-0.0228846608	-0.0041177226	0.0493563604	0.0076264598	0.0176781635	0.0729367179	0.0269514134	0.0473837058	-0.0165846941	-0.0255741095	0.0187469359	0.0043459428	0.0134811685	0.1115624589	0.0234091058	-0.0488581024	0.0781906726	0.0236958399	-0.0400853268	0.0117231921	0.0143603472	0.0876374956	-0.0153958745	0.0725689188	-0.001523702	-0.0679343342	-0.0563362087	0.0973182036	0.0097762556	0.0873202351	-0.0554808195	0.0217132104	-0.0596042671	0.0093349562	0.0118680181	-0.0965866208	0.0011955662	-0.106523132	-0.0251121074	0.0515019782	-0.0180057538	-0.0960523533	0.0026873621	0.0113241634	-0.0005881576	0.0087109122	0.0113716289	0.0424110246	-0.0011337385	0.0380563324	0.0011244744	-0.0176559204	0.052379582	-0.0025662169	-0.0636635764	-0.0029386053	0.0468243651	-0.0232746457	0.0056669812	-0.068642905	0.0263491504	-0.0088807534	0.0459663888	0.0655263301	-0.0773669204	0.0444971648	0.0351651659	-0.0126945272	0.0350446478	-0.0885292225	-0.0476837523	0.0121347041	0.0249302327	0.0233458649	0.1117584062	-0.0407659159	0.0548186737	0.0796706481	0.130065862	-0.0430679188	0.0538686085	-0.0572506436	-0.0175547648	-0.0078910381	-0.029333358	-0.0067341959	-0.0059153783	0.0264681888	0.0203378406	-0.016493458	0.0284608918	-0.022445595	-0.0602801967	0.0913318175	-0.0123883994	0.0308844078	0.0141172347	0.0084087051	0.0585359259	0.037207792	-0.0871454179	0.0420943572	-0.0088770288	-0.0594951521	0.0205448351	0.1161445915	0.1561610946	-0.0926850932	0.0915979471	-0.0897954726	0.0872917462	-0.0841063205	0.0802640719	-0.0757950062	0.0707340242	-0.0651206494	2.4187999538895752	0.0684042410358785	5.850593216936211	0.0046791401916945	0.3129118013027039	0.0096141352367312	0.0979137953945028	9.243159635015677e-05	0.2069561809803559	0.0151826818510087	0.0428308608459738	0.0002305138281889	-0.0171263882294033	0.0012673490178882	1.606173533142437e-06	0.0002933131737842	-0.044381452361101	-0.0003802746830054	1.4460883453493297e-07	0.0019697133136806	0.0213843761739554	0.0012335159666338	0.0004572915443492	1.521561639940762e-06	0.0	0.0	0.0	0.0	0.0	0.0	0.0	0.0	0.0	0.0	0.0	0.0	0.0	0.0	0.0	0.0	0.0	0.0	0.0	0.0	0.0	0.0	0.0	0.0	0.0	0.0	0.0	0.0	0.0	0.0	0.0	0.0	0.0	0.0	0.0	0.0	0.0
5423.915554481436	-16.412586887183352	29418859.94214566	269.3730083293429	11319.638655059192	-8.458766080893838	128134219.28111029	71.5507236112801	5638.290389526249	-8.530918717037821	72.77657415670622	31790318.51662406	6356.128160154417	6703.421196033321	0.924793	26.413065	0.3339187749194325	0.1694944672288987	0.0065457419	0.013547724	0.0362683901	0.0447344149	-0.0068238444	-0.0552090419	0.002882456	0.0045917399	-0.0034173499	-0.0668378327	0.039995202	0.0178298513	0.0673704773	0.0169238911	-4.09892e-05	0.000399735	0.0152872307	-0.0033797904	-0.0481284033	0.0199810924	-0.0159371322	-0.0518116523	-0.0340434206	0.0786205404	0.0454350289	0.0032985403	0.0185280594	-0.015876484	0.0621414016	0.0115331792	-0.0378601301	0.0289665408	0.0297124537	0.0299808302	-0.0412439416	0.0497077232	-0.0954266294	0.0704713808	0.0607055507	-0.0232964158	0.0898371036	0.1036295498	0.0693023109	-0.0344646561	0.0785958503	0.0699081449	-0.0097670229	-0.0120492574	-0.0440527919	-0.0450801257	0.0537967257	0.0269124016	0.0625368396	-0.0863068691	-0.0563776307	-0.056599917	-0.0265016815	-0.0141520935	-0.0431849051	-0.1059454029	0.0498766751	-0.0239994538	0.0267004339	0.0363173026	-0.0089436406	-0.0155425353	0.0114780842	0.0001643522	0.0105301441	-0.0173828263	0.0022968033	0.0206502748	-0.0671721236	0.0513141484	0.0634688282	0.0313712689	0.0243055392	-0.0703589428	0.0015094252	0.0295159888	0.0081573884	-0.0533357389	0.0258171429	-0.0138427932	0.0062983592	0.0124159036	0.003127762	0.0619579816	-0.0389133692	-0.0060390848	0.0402551046	0.0655515693	0.0501824301	-0.01104219	-0.0408517228	-0.010700861	0.0709427973	-0.0219326734	0.0812645427	-0.1368197264	0.0256202153	-0.0455686795	0.1096904238	-0.0016957586	0.0859745815	0.0002471373	0.0276751387	-0.0171654829	-0.0205066468	0.0054449624	-0.0466743115	0.0433045647	0.0974114478	-0.0005550693	-0.0385092969	-0.0481016873	-0.0553847925	0.0716978206	-0.026077205	-0.002947879	-0.0630974215	-0.0088678281	0.0694744909	0.0878428706	-0.0951650202	0.0552847341	-0.0041653671	-0.0516125639	0.0646113372	0.1254202067	0.1312914286	-0.0927882388	0.0920091471	-0.0907155029	0.0889145408	-0.0866163325	0.0838337306	-0.0805822964	0.0768802134	-0.072748185	2.4344501136713035	0.0156501597817282	5.926547355954223	0.0002449275011936	0.3286572637867664	0.0157454624840625	0.1080155970398041	0.000247919588837	0.2571433314756675	0.0501871504953115	0.066122692922405	0.002518750074839	-0.0160660851216229	0.0010603031077804	1.1242426803687772e-06	0.0002581190911352	-0.0453769814228819	-0.0009955290617809	9.910781128503626e-07	0.0020590704430525	0.0243752640475607	0.0029908878736053	0.0005941534973883	8.945410272479235e-06	0.0	0.0	0.0	0.0	0.0	0.0	0.0	0.0	0.0	0.0	0.0	0.0	0.0	0.0	0.0	0.0	0.0	0.0	0.0	0.0	0.0	0.0	0.0	0.0	0.0	0.0	0.0	0.0	0.0	0.0	0.0	0.0	0.0	0.0	0.0	0.0	0.0
5414.3799997643655	-9.535554717070228	29315510.78184837	90.92680376224024	11288.873536401865	-30.765118657327548	127438665.72087434	946.4925259994436	5631.966199902628	-6.324189623620441	39.995374395508456	31719043.276845653	6348.340080251682	6693.5382216187845	0.922659	26.352125	0.2133010506039575	0.1088697682595365	0.0018562624	0.0033730144	0.0112744948	-0.0288870673	0.0633104213	-0.0020781358	0.0245413399	0.0200880886	0.0064596354	-0.0376210567	0.1155615204	-0.0065358435	0.0163220521	0.0397779171	-0.0086297169	-0.014722782	-0.035714561	-0.02895838	0.0493083835	0.086289744	0.0339719838	-0.1140637093	-0.0745170012	0.1202495904	0.0234353042	0.0328656544	0.1313940424	0.0590945929	0.0534813189	0.0142785033	0.0354757303	-0.0315434127	0.0445563061	-0.0357776786	0.0153690624	-0.0299523183	-0.0460430164	0.0534134748	0.0689058233	-0.1067474609	0.055566903	0.1119185979	0.0565280155	-0.0700916179	0.0561947178	0.0946041289	-0.0189038445	-0.042149941	-0.0522950621	0.0718128925	0.0603443742	0.1402143333	-0.0475021883	-0.044041947	0.0094194328	0.0589081528	-0.0262356947	0.0466299791	-0.0659305483	0.0258472499	0.0606674591	-0.015212499	-0.0033627381	0.0511569582	0.002514402	-0.0382013283	0.0264944707	-0.0061191835	0.0339126316	0.0105445182	0.0338122385	-0.0350749664	-0.0537777652	0.0858932417	-0.0067656219	0.0502980652	0.022752879	-0.0607478623	0.0134953803	0.1027578463	-0.0466174673	-0.1531426244	-1.21142e-05	-0.0561273092	-0.0189925616	-0.0313394636	0.0628978172	0.0815288141	-0.1163116155	0.0387301963	0.0986825428	0.0761486322	0.0709088876	-0.0771770306	-0.0115222957	-0.0277399734	-0.020378285	-0.0080183915	0.0834586043	-0.0752818393	0.131901221	0.0891513946	0.0393963228	0.0038849819	0.0330850346	-0.0385225738	0.0586944639	-0.0241522751	-0.0061480034	0.0157523368	-0.0699321153	0.0494587792	0.1396886014	-0.0115242726	-0.042979059	0.010182847	-0.0780482979	0.09576445	-0.015106194	0.017863005	-0.0141871991	-0.0779722649	0.0466347753	0.0347078217	-0.0753804998	-0.0044341234	0.0267916492	-0.0454515562	0.0181563609	0.1103773132	0.1362137937	-0.0928742226	0.0923522795	-0.0914845461	0.0902742713	-0.0887259867	0.0868454896	-0.0846398209	0.0821172393	-0.0792871898	2.469099964333367	0.0346498506620633	6.0964546338710335	0.0012006121509032	0.3117430687060647	-0.0169141950807016	0.0971837408862741	0.000286089995228	0.2830624904687298	0.0259191589930622	0.0801243735103597	0.0006718028029076	-0.0166903708066998	-0.0006242856850769	3.8973261659193457e-07	0.0002785684776651	-0.0457090137504578	-0.0003320323275758	1.102454665554697e-07	0.0020893139380395	0.0261353029522705	0.0017600389047098	0.0006830540604069	3.09773694609208e-06	0.0	0.0	0.0	0.0	0.0	0.0	0.0	0.0	0.0	0.0	0.0	0.0	0.0	0.0	0.0	0.0	0.0	0.0	0.0	0.0	0.0	0.0	0.0	0.0	0.0	0.0	0.0	0.0	0.0	0.0	0.0	0.0	0.0	0.0	0.0	0.0	0.0
5425.779341669439	11.399341905073925	29439081.464486856	129.9449958687744	11297.724307313258	8.850770911392829	127638574.52405682	78.33614572595744	5640.0188885752605	8.05268867263203	64.8457948583362	31809813.06348572	6352.030507456525	6689.008956678485	1.07506	30.704847	0.4332477025501207	0.2328615357423075	0.0038773027	-0.0179535952	0.0146447305	0.0355967919	-0.0067456948	-0.1138302624	0.0199611026	-0.0072953683	0.0016486057	0.0358040428	-0.0710135507	0.0439606163	0.0945893832	0.0117789527	0.0015265752	0.0030365276	-0.0766984341	-0.0116820341	-0.0165376817	0.0423094349	0.0357104903	-0.0770578424	-0.1051236973	-0.0220194967	-0.0158847109	-0.0801703668	0.0263554931	0.0306962088	0.108916284	-0.0169645078	-0.0236864179	-0.0672525212	0.0543088902	-0.0390428262	0.038200841	0.1476532277	-0.0666232489	-0.0232206902	0.0932258879	0.0385882923	-0.012904493	0.0439023724	-0.007757089	-0.0116823369	0.0170405234	-0.0759993189	-0.1153096358	-0.0212974047	-0.0565990371	-0.0638375691	0.0559229102	-0.0132923368	-0.0625090436	0.0370956222	0.1114653574	0.0301331107	0.0367850288	-0.0553373722	0.0503054982	-0.0768297923	0.0170637557	-0.0281238004	-0.0265967883	-0.0892229442	0.015956932	0.1178887483	0.0160112018	-0.0128634527	0.0227577938	0.0397914223	-0.068338322	-0.0007125975	-0.1003339643	0.0337011785	0.0404393741	-0.0099118512	0.1056833123	-0.078217322	0.0679839831	0.1174012442	-0.0260725377	-0.0629263551	-0.0737543522	-0.0031020793	-0.0595510138	-0.0395446726	-0.000884309	0.0821869601	-0.0090170717	0.0328845089	-0.0024839934	0.0255030933	-0.0189711682	-0.0107845262	0.0593717917	0.0292500053	-0.0206619131	-0.003432304	-0.0418992748	-0.0470442333	0.0357619439	-0.0013316164	-0.0832294071	-0.0086399271	0.0315335299	0.0112124855	0.0946214701	-0.0209727565	-0.0069465202	0.0230646094	-0.0626483365	0.0596366489	0.1734708425	0.0102241662	-0.0982405868	-0.0007535545	0.0082847498	0.0016342784	-0.0211880728	-0.0450261328	-0.0848385216	-0.0452866391	0.0195311707	0.0629303681	-0.0204054254	0.0008714868	0.0414248244	0.0099631042	0.0522744605	-0.0129443117	-0.0689184717	-0.0929430287	0.0926270906	-0.0921013223	0.0913669149	-0.090425532	0.0892793062	-0.0879308341	0.0863831703	-0.0846398209	2.3107831347951304	-0.1583168295382364	5.33971869605361	0.025064218515039	0.347997089436717	0.0362540207306522	0.1211019742564264	0.0013143540191385	0.3510508063131468	0.067988315844417	0.1232366686131105	0.0046224110913602	-0.0169193061961908	-0.000228935389491	5.241141256139657e-08	0.0002862629221604	-0.0426338024101362	0.0030752113403215	9.456924787642565e-06	0.0018176411079465	0.0262449269511942	0.0001096239989237	0.0006887961906735	1.2017421140023461e-08	0.0	0.0	0.0	0.0	0.0	0.0	0.0	0.0	0.0	0.0	0.0	0.0	0.0	0.0	0.0	0.0	0.0	0.0	0.0	0.0	0.0	0.0	0.0	0.0	0.0	0.0	0.0	0.0	0.0	0.0	0.0	0.0	0.0	0.0	0.0	0.0	0.0
5439.576756783498	13.797415114058822	29588995.292939283	190.3686638296588	11333.8208692901	36.09656197684308	128455495.49715582	1302.9617865480734	5663.467703344751	23.448814769490127	549.8469140938583	32074866.426829062	6373.43316742058	6684.296258716295	1.168176	33.364357	0.307471974288285	0.1733602878705558	-0.0051688522	-0.0249320636	-0.0146484442	0.0867484919	0.039765288	0.0182802348	0.0371846027	-0.0438872453	-0.0342850198	0.1506819218	-0.0809707105	-0.0918230852	-0.0044075145	0.0078130714	-0.0111638621	0.0280787895	-0.1044467533	0.0126292506	-0.0020343462	0.0666355914	-0.1150132425	0.042107288	-0.1048583642	-0.1021663856	-0.100352264	-0.2144709088	-0.045982344	0.0124854649	0.1117966811	-0.0625093072	-0.0324899664	0.0020859	-0.092534421	0.0863083078	-0.0460542522	0.0598155726	0.0654461793	0.046719628	0.0237424387	-0.060536708	-0.0130878911	-0.0013209947	-0.0480401603	0.0743629716	0.0167292325	-0.0803948426	0.1037426814	0.017367895	-0.0665790802	-0.0135181001	-0.0760544914	-0.0910666021	0.0455301064	-0.0681319674	0.0199430688	-0.1165922072	-0.0445295268	0.0368829746	-0.0200603824	0.0398384897	-0.0129119721	0.1178666875	-0.0189276656	0.0036434184	-0.0154304164	0.0577731893	0.0128144267	-0.032719655	-0.0021728483	0.1428285558	-0.029707649	-0.1342881747	-0.0416611204	-0.059428995	0.016430605	0.0547835556	0.2051036696	-0.1152194642	-0.0106511021	-0.0044170011	0.1053920576	0.0281068001	-0.140320489	0.0961649139	-0.0007035381	0.0207104319	0.0024902943	0.0693754096	0.1275182535	-0.0356402055	-0.1762413568	-0.0740334944	0.0577784768	0.0947040379	-0.0883707664	0.0455601254	-0.0885748712	-0.018655108	0.0164363994	0.0912300407	-0.1347319064	-0.1012844307	-0.0223783727	0.0506714616	-0.0237508443	0.0245141614	-0.0589030016	-0.0266768975	0.0017639347	0.0337555722	-0.0771641494	0.0584894649	0.2369147392	-0.0044555426	-0.1297719032	0.0802117091	0.0295440743	-0.0277222271	-0.0184361998	-0.0169687977	0.0102246121	-0.1095043828	-0.0513822046	-0.0274303724	0.0826200733	-0.0964577841	0.0762128576	0.0841906333	-0.0467358906	-0.0893098365	-0.1641052718	-0.0929946445	0.092833377	-0.0925648049	0.0921892388	-0.0917071126	0.0911189838	-0.090425532	0.0896275589	-0.0887259867	2.2507981656899148	-0.0599849691052156	5.066092382673085	0.0035981965185536	0.3613363067457129	0.0133392173089958	0.1305639265726319	0.0001779347184166	0.5002767174909906	0.1492259111778437	0.2502767940635604	0.0222683725668577	-0.0173889857886806	-0.0004696795924897	2.2059891960138217e-07	0.0003023768267589	-0.041624964838304	0.0010088375718321	1.0177532463402856e-06	0.00173263769779	0.0264648473207968	0.0002199203696025	0.000700388143713	4.8364968966142866e-08	0.0	0.0	0.0	0.0	0.0	0.0	0.0	0.0	0.0	0.0	0.0	0.0	0.0	0.0	0.0	0.0	0.0	0.0	0.0	0.0	0.0	0.0	0.0	0.0	0.0	0.0	0.0	0.0	0.0	0.0	0.0	0.0	0.0	0.0	0.0	0.0	0.0
5433.637683967753	-5.939072815745021	29524418.48063445	35.272585910721496	11349.517091712172	15.696222422071514	128811538.21506672	246.37139832314057	5658.822757458248	-4.644945886502683	21.575522288538192	32022275.000327367	6368.3273112997695	6740.749117066484	1.117603	31.91992	0.226229223873896	0.1020720548167882	-0.0053576221	-0.0195800307	-0.0035372356	-0.0054106315	0.0752398818	-0.032616848	0.0415968655	-0.0105877341	0.0127073905	-0.0095338532	-0.0332274135	-0.0884796004	0.0350341715	0.0291020382	-0.0212501464	0.0544438453	-0.0528606993	0.0014669634	-0.0737038625	0.0399498808	-0.0518686465	0.063601948	-0.0858947699	-0.0536926556	0.0051308658	-0.1534976145	0.043816222	-0.0264592435	0.0603255362	-0.0045768566	-0.0369932132	-0.0888783574	-0.0101816658	-0.0604052664	-0.0649303432	0.0553382033	-0.0121653755	-0.007125962	0.0176515984	0.0211434393	0.0593046893	0.1206156083	-0.0762653915	-0.0475047143	-0.1195362405	-0.0227335114	0.0209226636	-0.0241638813	0.0332754171	-0.0479338819	-0.0057755253	0.0532298494	-0.0784899473	-0.033137677	0.0001128479	-0.0369730165	0.0352684935	0.0269306049	0.0041985618	0.067246069	0.0652468163	-0.0023500134	0.0251789916	0.0361655542	0.0494858073	-0.0701517178	0.0318833014	-0.0335074211	-0.0083803394	0.0550991427	-0.007832997	-0.0675833333	-0.0999044936	-0.0087161961	-0.0520434421	0.1277055149	0.0729378843	-0.1653172969	0.0371683178	0.0538662416	0.1517631851	0.0373679408	-0.0897757266	0.0156439219	-0.0380211214	0.0886316149	-0.0642187421	0.0691913716	0.0330590886	0.0062026437	-0.0475918723	-0.0654947127	-0.0319538585	0.0247428165	-0.0265630222	-0.0131971324	-0.0527833879	-0.0938383362	0.1138159961	-0.0122955866	-0.0099823289	-0.0963961783	-0.1088914869	0.0780584496	0.0055130789	0.0338478299	-0.1419360992	-0.0278171641	0.0068618992	0.0289394712	-0.0865728015	0.0706015274	0.2475864068	0.0247772264	-0.1531136719	-0.0211610915	0.0136879396	-0.0023761421	-0.0317032544	-0.0767886257	-0.110662367	-0.0030780391	0.000786272	0.0724668788	-0.0132835222	0.0069134782	0.0689333555	0.0242098831	0.0722056168	0.009386785	-0.1015499879	-0.0930290603	0.0929709861	-0.0928742226	0.0927388101	-0.0925648049	0.0923522795	-0.0921013223	0.0918120377	-0.0914845461	2.3110109072401315	0.0602127415502167	5.340771413382855	0.0036255742449931	0.3488822321942422	-0.0124540745514706	0.1217188119408371	0.0001551039729335	0.469532488509877	-0.0307442289811135	0.2204607577662777	0.0009452076156431	-0.0163702945037419	0.0010186912849386	1.0377319340100592e-06	0.0002679865421392	-0.0422077644930334	-0.0005827996547293	3.396554375527051e-07	0.0017814953834993	0.0273197199569506	0.0008548726361538	0.0007463670985262	7.308072240445521e-07	0.0	0.0	0.0	0.0	0.0	0.0	0.0	0.0	0.0	0.0	0.0	0.0	0.0	0.0	0.0	0.0	0.0	0.0	0.0	0.0	0.0	0.0	0.0	0.0	0.0	0.0	0.0	0.0	0.0	0.0	0.0	0.0	0.0	0.0	0.0	0.0	0.0
5436.468407068843	2.830723101089461	29555188.74105764	8.012993275041536	11267.60166401766	-81.91542769451189	126958847.25897355	6710.137294374806	5657.007276148384	-1.8154813098635716	3.2959723864639487	32001731.322395764	6370.276320666336	6718.787689373766	1.384164	39.53318	0.1407094318290898	0.064575695562437	-0.0120913801	-0.0409682538	0.000820152	0.0235820393	0.0451671292	-0.0506613381	0.0508741652	-0.0061633068	-0.0376848171	0.06653438	0.0162827361	0.0423309027	-0.0788344831	0.0315931632	-0.0102308815	0.0563275019	-0.0856117093	0.0641321026	-0.0792983256	0.0442880373	-0.1324337233	-0.0161042077	-0.1025343267	-0.0351425173	-0.0742874005	-0.1352510756	-0.0684712962	0.0161842669	0.0670225148	-0.0391006625	-0.1007855105	-0.1186363294	-0.0467293001	0.0433577583	0.017863544	-0.0814341381	0.0433869379	-0.0929479354	0.1232260907	-0.0488270141	0.0665246153	0.0506742714	0.0090324556	0.0402341636	-0.0234284269	-0.0964981782	0.0211871597	0.1065398492	-0.056072694	0.0515574437	0.1099351424	-0.0041442375	0.0347588693	0.0414750017	-0.0004822449	0.0188723403	0.0215382409	-0.009974031	0.0536297642	0.0127678626	-0.0358167565	-0.0301469091	-0.0157620685	-0.0345209576	0.0444498869	-0.0262950809	0.0209472286	-0.0375858963	-0.0270243171	0.1483417575	-0.0723099875	-0.0498967813	-0.0508514522	0.0316077755	0.0090120942	0.0770946141	0.2429756268	-0.1115815464	-0.0428581485	0.021751145	0.0895353883	-0.071060529	-0.1480585693	0.0313382642	0.0629216873	0.0384436339	-0.0880557111	-0.0875030675	0.0455341462	-0.0522614072	-0.1437297501	-0.0213813013	0.0302376033	0.0315922427	-0.0369497797	0.0197200811	0.0445720136	0.1131369437	-0.0911519272	0.0379452076	0.1300032564	0.0689223217	-0.0459412276	0.0037807149	-0.0282810481	-0.0884675728	0.0568792852	-0.0328602558	0.0155553281	0.0604878097	-0.1127661456	0.0613786674	0.2708609974	-0.0321823801	-0.1476770585	0.1532151613	0.0646951625	-0.0813968443	-0.0544982148	0.0679173245	0.1205898653	-0.1467409984	-0.1033636955	-0.089640955	0.20396861	-0.187546841	0.0945830797	0.1316326863	-0.1600842558	-0.1759701958	-0.0567226193	-0.0930462698	0.0930398161	-0.0930290603	0.0930140029	-0.0929946445	0.0929709861	-0.0929430287	0.0929107737	-0.0928742226	2.2720424093027134	-0.038968497937418	5.162176709670079	0.0015185438314985	0.3132447861324294	-0.0356374460618127	0.0981222960391514	0.0012700275618086	0.4629919854767479	-0.006540503033129	0.2143615786157011	4.2778179926370775e-05	-0.0157703545990655	0.0005999399046764	3.5992788922312853e-07	0.0002487040841802	-0.0418333431388233	0.00037442135421	1.401913504885241e-07	0.0017500285981705	0.0275366183939987	0.000216898437048	0.0007582653525767	4.704493199390825e-08	0.0	0.0	0.0	0.0	0.0	0.0	0.0	0.0	0.0	0.0	0.0	0.0	0.0	0.0	0.0	0.0	0.0	0.0	0.0	0.0	0.0	0.0	0.0	0.0	0.0	0.0	0.0	0.0	0.0	0.0	0.0	0.0	0.0	0.0	0.0	0.0	0.0
