global_signal	global_signal_derivative1	global_signal_derivative1_power2	global_signal_power2	csf	csf_derivative1	csf_derivative1_power2	csf_power2	white_matter	white_matter_derivative1	white_matter_power2	white_matter_derivative1_power2	csf_wm	tcompcor	std_dvars	dvars	framewise_displacement	rmsd	t_comp_cor_00	t_comp_cor_01	t_comp_cor_02	t_comp_cor_03	t_comp_cor_04	c_comp_cor_00	c_comp_cor_01	c_comp_cor_02	c_comp_cor_03	c_comp_cor_04	c_comp_cor_05	c_comp_cor_06	w_comp_cor_00	w_comp_cor_01	w_comp_cor_02	w_comp_cor_03	w_comp_cor_04	w_comp_cor_05	w_comp_cor_06	w_comp_cor_07	w_comp_cor_08	w_comp_cor_09	w_comp_cor_10	w_comp_cor_11	w_comp_cor_12	w_comp_cor_13	w_comp_cor_14	w_comp_cor_15	w_comp_cor_16	w_comp_cor_17	w_comp_cor_18	w_comp_cor_19	w_comp_cor_20	w_comp_cor_21	w_comp_cor_22	w_comp_cor_23	w_comp_cor_24	w_comp_cor_25	w_comp_cor_26	w_comp_cor_27	w_comp_cor_28	w_comp_cor_29	w_comp_cor_30	w_comp_cor_31	w_comp_cor_32	w_comp_cor_33	w_comp_cor_34	w_comp_cor_35	w_comp_cor_36	w_comp_cor_37	w_comp_cor_38	w_comp_cor_39	w_comp_cor_40	w_comp_cor_41	w_comp_cor_42	w_comp_cor_43	w_comp_cor_44	w_comp_cor_45	w_comp_cor_46	w_comp_cor_47	w_comp_cor_48	w_comp_cor_49	w_comp_cor_50	w_comp_cor_51	w_comp_cor_52	w_comp_cor_53	w_comp_cor_54	w_comp_cor_55	w_comp_cor_56	w_comp_cor_57	w_comp_cor_58	w_comp_cor_59	w_comp_cor_60	w_comp_cor_61	a_comp_cor_00	a_comp_cor_01	a_comp_cor_02	a_comp_cor_03	a_comp_cor_04	a_comp_cor_05	a_comp_cor_06	a_comp_cor_07	a_comp_cor_08	a_comp_cor_09	a_comp_cor_10	a_comp_cor_11	a_comp_cor_12	a_comp_cor_13	a_comp_cor_14	a_comp_cor_15	a_comp_cor_16	a_comp_cor_17	a_comp_cor_18	a_comp_cor_19	a_comp_cor_20	a_comp_cor_21	a_comp_cor_22	a_comp_cor_23	a_comp_cor_24	a_comp_cor_25	a_comp_cor_26	a_comp_cor_27	a_comp_cor_28	a_comp_cor_29	a_comp_cor_30	a_comp_cor_31	a_comp_cor_32	a_comp_cor_33	a_comp_cor_34	a_comp_cor_35	a_comp_cor_36	a_comp_cor_37	a_comp_cor_38	a_comp_cor_39	a_comp_cor_40	a_comp_cor_41	a_comp_cor_42	a_comp_cor_43	a_comp_cor_44	a_comp_cor_45	a_comp_cor_46	a_comp_cor_47	a_comp_cor_48	edge_comp_00	edge_comp_01	edge_comp_02	edge_comp_03	edge_comp_04	edge_comp_05	edge_comp_06	edge_comp_07	edge_comp_08	edge_comp_09	edge_comp_10	edge_comp_11	edge_comp_12	edge_comp_13	edge_comp_14	edge_comp_15	edge_comp_16	edge_comp_17	edge_comp_18	edge_comp_19	edge_comp_20	edge_comp_21	edge_comp_22	edge_comp_23	cosine00	cosine01	cosine02	cosine03	cosine04	cosine05	cosine06	cosine07	cosine08	trans_x	trans_x_derivative1	trans_x_power2	trans_x_derivative1_power2	trans_y	trans_y_derivative1	trans_y_derivative1_power2	trans_y_power2	trans_z	trans_z_derivative1	trans_z_derivative1_power2	trans_z_power2	rot_x	rot_x_derivative1	rot_x_derivative1_power2	rot_x_power2	rot_y	rot_y_derivative1	rot_y_power2	rot_y_derivative1_power2	rot_z	rot_z_derivative1	rot_z_power2	rot_z_derivative1_power2	motion_outlier00	motion_outlier01	motion_outlier02	motion_outlier03	motion_outlier04	motion_outlier05	motion_outlier06	motion_outlier07	motion_outlier08	motion_outlier09	motion_outlier10	motion_outlier11	motion_outlier12	motion_outlier13	motion_outlier14	motion_outlier15	motion_outlier16	motion_outlier17	motion_outlier18	motion_outlier19	motion_outlier20	motion_outlier21	motion_outlier22	motion_outlier23	motion_outlier24	motion_outlier25	motion_outlier26	motion_outlier27	motion_outlier28	motion_outlier29	motion_outlier30	motion_outlier31	motion_outlier32	motion_outlier33	motion_outlier34	motion_outlier35	motion_outlier36	motion_outlier37	motion_outlier38	motion_outlier39	motion_outlier40	motion_outlier41	motion_outlier42	motion_outlier43	motion_outlier44
6321.190993460126	n/a	n/a	39957455.57580142	13432.651088444269	n/a	n/a	180436115.263883	6131.088486415888	n/a	37590246.02826146	n/a	7513.931464355714	8283.72974553262	n/a	n/a	n/a	n/a	0.0758714205	-0.0050994777	0.1067879624	-0.1541335364	0.0374450973	0.0651785607	-0.0539645051	0.1416880208	-0.238110526	0.0108311049	0.2341582785	-0.2185388508	-0.0379839592	0.0576652472	0.011310489	-0.0113734767	0.0834259125	-0.0560183659	0.0178227051	-0.0317601183	0.0037669749	-0.0096663296	0.0068157323	-0.0172428168	0.003550349	-0.0786138363	0.0428795314	-0.0237121283	0.0057311344	-0.0491474103	0.0121838679	-0.0023396408	0.006553012	-0.0171262031	0.0139155881	-0.0002253939	0.0253230621	-0.0174880055	0.0409802336	-0.1313387245	0.0838496447	-0.0144504601	0.0017180078	-0.0732452584	0.0859063706	-0.0746608624	0.0171503886	-0.0203934327	0.0125698933	-0.0302262778	-0.1069525881	0.0334494431	-0.0856921468	-0.0193128615	0.0016253829	0.0205250415	-0.0309772151	0.0811741598	-0.0511169722	0.0366103731	0.0465056152	-0.020911896	-0.05407883	0.0305242721	0.0999698756	-0.0267730021	-0.0305233341	0.0120916378	0.0509833395	-0.0191298662	-0.085651288	0.0720981044	0.0417430697	-0.0434918691	0.0259764012	-0.0646402057	0.0877109171	-0.0752372462	0.1473474154	-0.0393162033	0.0353710862	-0.0523561725	0.0163056043	-0.0835224852	0.1354804031	-0.1303926516	0.1571002132	-0.0705515023	-0.2260815588	0.0217055502	-0.2639651413	0.091510286	-0.0386863124	0.0194202486	-0.0932038979	0.0763690495	-0.0326551698	0.039710489	-0.1565472363	0.0143155655	0.1259978724	-0.1321399941	0.0140699663	-0.0226474625	0.082802388	-0.0505611896	0.0256709528	-0.0075904618	0.0747402157	-0.0630934109	0.0123586075	-0.0639037884	0.0550321183	-0.1158551309	0.0461937197	-0.0178195897	0.0274377503	-0.0041816063	-0.0983346931	0.0140785118	-0.0881925637	0.0536703695	-0.0609717709	0.0732698247	-0.0628769274	0.0534440238	-0.0314205422	0.0231289248	-0.0139892792	0.0193117284	-0.0399933318	0.0383009758	-0.1252159758	0.036411644	-0.0175475036	0.030512215	-0.0684720451	0.0388263952	-0.0232978114	0.0293401622	0.0278426638	-0.0330949675	0.1055150313	-0.0736372768	0.1003038816	-0.0922916727	0.1375334226	0.0930462698	0.0930398161	0.0930290603	0.0930140029	0.0929946445	0.0929709861	0.0929430287	0.0929107737	0.0928742226	0.2048535345708302	n/a	0.0419649706261623	n/a	0.0599947750447569	n/a	n/a	0.0035993730326709	0.5302788200501851	n/a	n/a	0.2811956269938166	-0.0028280076294099	n/a	n/a	7.997627152000603e-06	-0.0017950873706018	n/a	3.2223386680940843e-06	n/a	0.0011159656296408	n/a	1.245379286539587e-06	n/a	0.0	0.0	0.0	0.0	0.0	0.0	0.0	0.0	0.0	0.0	0.0	0.0	0.0	0.0	0.0	0.0	0.0	0.0	0.0	0.0	0.0	0.0	0.0	0.0	0.0	0.0	0.0	0.0	0.0	0.0	0.0	0.0	0.0	0.0	0.0	0.0	0.0	0.0	0.0	0.0	0.0	0.0	0.0	0.0	0.0
6283.447141841878	-37.7438516182483	1424.5983349803448	39481707.984320864	13193.284447857714	-239.36664058655515	57296.38862569307	174062754.5220842	6124.662891462737	-6.425594953150721	37511495.53406069	41.28827050195602	7478.306148910331	8040.278985349593	1.248013	35.675407	0.0782478500711886	0.0399332703454939	0.0855782469	0.0507823159	-0.0078311453	-0.0708392378	0.0864018628	0.0564720252	0.0601464468	0.0424314713	-0.1243020245	0.0660942015	0.0763151694	-0.0648794999	-0.0042713691	0.0602738597	0.0354985939	-0.1041403158	0.0690815441	-0.0457679266	-0.0846410183	0.0392241827	0.0076312704	0.0413356339	-0.043163537	0.0524601462	-0.0136875237	-0.0265238666	0.0156095295	0.0621766537	-0.089166684	-0.0032570569	-0.023479636	0.0477003573	-0.0563267492	0.0158389059	0.0332011977	0.0007287919	0.0058784676	0.1100677924	-0.036900376	-0.0350619056	-0.0678968163	0.0115219313	-0.0200376108	0.0154516056	0.0407966746	0.0275563892	-0.0204474898	0.0360220505	-0.0170226219	-0.0010718357	0.0063318376	0.1060756119	-0.0143690278	-0.0601178679	0.0356656644	0.0384642338	0.0301310219	0.0197561768	0.0209780052	0.1052564095	0.0829292307	0.0233507769	-0.0229034473	-0.0516227047	-0.0249176675	0.0787165096	0.0195788525	-0.1417182914	0.0331789556	-0.0219928053	0.02343397	0.0618319866	0.0564160482	0.0354309641	0.0538352847	-0.0661580635	-0.036703091	0.050361394	0.0949048058	-0.0225875648	-0.0330543805	-0.0140805558	0.0371101542	-0.0559254311	0.0822272798	-0.0947958895	0.0911028469	-0.0146547527	-0.0753183557	0.0088912863	-0.1474486208	0.0336669941	-0.0038943764	0.0125429157	-0.084047491	0.0102775686	0.0053200398	0.0395009928	-0.0322148659	-0.0193782304	-0.0245041018	-0.1259236337	0.1308027434	-0.0622429569	0.0371343687	0.0486905715	0.0067406611	-0.0140688762	-0.0026220718	-0.0623686765	-0.0338026349	-0.0364823748	-0.0736290867	-0.0681248674	0.0675445849	0.0138102822	0.0408476945	-0.0149313445	-0.0628062793	-0.0640128915	-0.0066440882	-0.0809275994	0.00176355	0.0865467472	-0.0757596477	0.0911125738	0.019459046	0.0002270923	-0.0073901327	-0.0527860144	-0.0603659163	-0.0007579649	-0.071952583	0.0099098468	-0.0511000481	0.0215603257	0.0051920223	0.0324932068	-0.0050389918	0.0270169472	0.116683341	0.0044357248	0.0364859739	-0.0257502222	0.0780244728	-0.0166858285	0.0246949045	0.0930290603	0.0929709861	0.0928742226	0.0927388101	0.0925648049	0.0923522795	0.0921013223	0.0918120377	0.0914845461	0.199504298027108	-0.0053492365437221	0.0398019649312891	2.861433160069288e-05	0.0625394461865624	0.0025446711418055	6.475351219937723e-06	0.0039111823293219	0.5655461828980961	0.0352673628479109	0.0012437868822462	0.3198424849906067	-0.0026080571162124	0.0002199505131975	4.8378228255843686e-08	6.801961921426139e-06	-0.0020761966497613	-0.0002811092791595	4.310592528480047e-06	7.902242682957376e-08	0.0009152938312428	-0.0002006717983979	8.377627975111233e-07	4.0269170672287545e-08	0.0	0.0	0.0	0.0	0.0	0.0	0.0	0.0	0.0	0.0	0.0	0.0	0.0	0.0	0.0	0.0	0.0	0.0	0.0	0.0	0.0	0.0	0.0	0.0	0.0	0.0	0.0	0.0	0.0	0.0	0.0	0.0	0.0	0.0	0.0	0.0	0.0	0.0	0.0	0.0	0.0	0.0	0.0	0.0	0.0
6292.179248294426	8.732106452547669	76.24968309862463	39591519.692667	13168.807051050382	-24.477396807331388	599.1429544635569	173417479.14779428	6140.904337166182	16.241445703444697	37710706.078226425	263.7845585379422	7468.861907023991	7946.832562957272	1.099774	31.437904	0.060641028584899	0.0319766544853739	0.0876566277	0.0254355354	-0.0976192735	0.0439845355	0.0547249879	0.0790648751	0.0600521526	-0.0539538029	-0.0948818136	0.0324271735	0.0142345022	0.0215865175	-0.0572685722	0.0387141491	0.0250475192	-0.0820915672	0.0778498008	-0.019189943	-0.0452062957	0.0439726243	-0.0020581004	-0.0185893317	-0.0925772369	0.0725589785	-0.0713512212	0.0233829186	-0.04442082	0.0158999566	0.0242953566	0.0610865617	-0.0439379204	-0.0220098886	0.0262720759	0.0636154076	-0.0825599175	0.0108461188	-0.0151802579	-0.0435178366	0.0128441667	0.0124200976	0.0040787413	0.0355879895	0.03502074	0.0144884377	0.0061070653	0.0114906623	0.0816660754	0.0061695049	0.0581236763	-0.0473189226	-0.0131932712	-0.0243603262	0.0298238838	-0.1406824029	-0.0958681112	-0.0267405979	0.0277707621	0.0544062836	0.0246508351	0.0545357771	-0.0061285051	0.0485826185	0.0017289451	-0.0239411087	-0.0110949471	-0.015099125	-0.0791970347	-0.1426595527	0.0372958405	-0.0294394939	0.0509473593	-0.0010121608	0.0077497031	-0.0606937236	0.0965269982	-0.026351979	-0.0779768784	0.0399549295	0.0698387487	-0.0461490916	-0.0834003382	0.0164520184	0.0425584205	0.0159383182	-0.0175575233	-0.0330971425	0.0400128768	0.0027602352	0.0089885721	-0.0426234669	-0.0226571899	0.0553832323	-0.0218345015	-0.012526843	0.029794288	0.0260233422	0.0410563972	0.0668242753	0.0860562986	-0.0580410717	-0.0899887088	-0.0448021313	0.0177785023	-0.0342012587	0.0142039343	-0.0301746438	-0.0004847912	0.0733907731	0.1143208061	0.0576922994	0.037851554	-0.0389242684	-0.0753146589	-0.0070380825	-0.0205440911	-0.054354206	-0.0492654731	-0.0343957071	0.0045710561	-0.0388734872	0.0082074225	-0.0950804244	0.0196126702	0.0818963211	-0.0847575393	0.0912425294	0.0145900124	0.012205185	-0.0122398226	-0.0283243294	-0.0802520706	0.0486294469	-0.0049239697	-0.0157344751	-0.002197761	0.0064891836	0.008101922	0.0399447856	-0.0388519769	0.0223142057	0.0142586199	0.0302652157	0.0261293488	-0.060034937	0.0347872309	-0.029284133	0.0014636037	0.0929946445	0.092833377	0.0925648049	0.0921892388	0.0917071126	0.0911189838	0.090425532	0.0896275589	0.0887259867	0.2019334969230897	0.0024291988959816	0.0407771371795874	5.901007276238705e-06	0.0467610332091084	-0.015778412977454	0.000248958316087	0.0021865942267833	0.5727869533557595	0.0072407704576633	5.242875682057045e-05	0.3280848939345729	-0.0029808007514238	-0.0003727436352114	1.3893781759060925e-07	8.88517311968869e-06	-0.0020237844232766	5.2412226484700297e-05	4.095703391897e-06	2.747041485083519e-09	0.0011939908946227	0.0002786970633798	1.4256142564419153e-06	7.767205313657996e-08	0.0	0.0	0.0	0.0	0.0	0.0	0.0	0.0	0.0	0.0	0.0	0.0	0.0	0.0	0.0	0.0	0.0	0.0	0.0	0.0	0.0	0.0	0.0	0.0	0.0	0.0	0.0	0.0	0.0	0.0	0.0	0.0	0.0	0.0	0.0	0.0	0.0	0.0	0.0	0.0	0.0	0.0	0.0	0.0	0.0
6305.760777235885	13.58152894145951	184.45792838770228	39762618.97972652	13114.433716781496	-54.37333426888654	2956.459479516071	171988371.71185532	6150.0776901743775	9.17335300819559	37823455.59518061	84.1504054129711	7463.097020454349	7953.454222168461	1.093831	31.268017	0.112507222221711	0.0626007461182927	0.1070174308	0.0227508524	0.0396736273	0.0513972155	0.0847475017	0.0830140256	0.0616710141	0.0028304989	-0.0568724248	0.0888693625	-0.083005901	0.023213427	-0.1077031008	0.0122448702	-0.0314889213	-0.0363199534	0.1349041347	-0.0796022605	-0.0450521835	0.034352673	0.0188668638	0.0247147451	-0.0471745198	0.0659604939	-0.0428182995	0.0028147257	-0.0999515439	-0.0075725608	0.0528381092	-0.040258448	-0.011853872	-0.0510201823	0.0530575578	0.0101014058	0.0144318619	-0.0123772032	0.0449171677	0.0752103585	-0.1501348359	0.0058634335	-0.0673703916	-0.0151021416	0.0120972867	0.035603178	-0.0868781657	-0.0208272332	0.0800001217	-0.0200198561	-0.0200161768	-0.0719435135	0.0829185375	-0.1207686849	-0.0155128904	0.113436622	0.0601388135	-0.0136545377	-0.0054398748	0.1123085342	0.0485052448	-0.0055730308	0.0911052274	-0.0732275132	-0.0125123445	0.1026849451	0.0346753295	-0.0485667744	0.0146541522	0.0285149883	0.0123647817	0.0637899306	0.0256858364	-0.1190611953	-0.0696157171	0.0503534942	0.093649474	-0.0071450957	0.0229682778	0.0565856708	0.0915525731	-0.0418199283	-0.0292142973	-0.0358425527	0.1875007913	0.0103380347	0.0135726138	-0.009238807	-0.0145224997	0.0336506678	0.0724435811	0.064940212	0.0084774711	-0.0105515685	0.0366943059	-0.0078768088	0.0870264871	0.0661088174	-0.0355105105	-0.1088657075	0.0870844109	0.0710519428	-0.0186932668	0.0274952683	-0.0433093222	-0.0731422942	-0.0257639638	-0.0028911764	-0.0574050501	-0.0024801136	-0.1017295421	-0.0776996695	-0.1098111814	0.0481879816	0.0873916893	0.0074109358	-0.0035850021	0.0047492469	-0.019573441	-0.1068255851	0.0854267783	-0.0236677885	0.1306869176	-0.0399958962	-0.093209857	0.089701366	-0.077153962	0.1215633591	0.0088582964	0.0349704303	0.0307435045	0.0408968736	-0.0528969934	0.0580778451	-0.1029168006	0.0080477496	0.0339703774	0.0315905206	0.0560038652	0.0070977128	-0.0542141889	0.0359989896	0.0526155742	-0.0134922023	0.0396822098	-0.0120374032	0.0475218338	-0.0301539006	-0.0087894399	0.0929430287	0.0926270906	0.0921013223	0.0913669149	0.090425532	0.0892793062	0.0879308341	0.0863831703	0.0846398209	0.2016349415641656	-0.0002985553589241	0.0406566496595844	8.913530234230926e-08	0.0458952566796142	-0.0008657765294941	7.495689990230164e-07	0.0021063745856876	0.5914823632938422	0.0186954099380827	0.0003495183527529	0.3498513860876687	-0.0038462028079664	-0.0008654020565426	7.489207194681614e-07	1.479327604000862e-05	-0.0015452831761324	0.0004785012471441	2.3879000944378383e-06	2.2896344351855455e-07	0.0017030371988401	0.0005090463042174	2.9003357006331337e-06	2.591281398373937e-07	0.0	0.0	0.0	0.0	0.0	0.0	0.0	0.0	0.0	0.0	0.0	0.0	0.0	0.0	0.0	0.0	0.0	0.0	0.0	0.0	0.0	0.0	0.0	0.0	0.0	0.0	0.0	0.0	0.0	0.0	0.0	0.0	0.0	0.0	0.0	0.0	0.0	0.0	0.0	0.0	0.0	0.0	0.0	0.0	0.0
6294.350370197031	-11.410407038853918	130.19738879232705	39618846.5827995	13101.24739134781	-13.186325433685852	173.87917844307037	171642683.20929778	6133.041249194176	-17.036440980201405	37614194.96431726	290.2403212718858	7446.388030438732	8015.951231691914	0.954712	27.291199	0.1347545644627369	0.0650410998543124	0.111658824	0.0309562411	0.0686222205	-0.0359770224	0.0802424704	0.0713540835	0.0705538097	0.0290683681	-0.0403750729	0.0966979067	-0.046643243	-0.0193014287	-0.0684427174	0.0485858312	-0.008375112	-0.0570576202	0.1560947785	-0.0625017009	-0.0049021879	-0.064388152	-0.043951952	0.1013028675	-0.00756091	-0.0164725582	0.0203636817	-0.0538149128	-0.1095795588	-0.0071413505	-0.0337992087	0.014799843	0.1067629989	-0.0229882549	0.0062265787	-0.076904496	0.0650565585	-0.0234529527	-0.0303635167	0.0836608222	-0.0543052438	-0.0496151147	0.047531534	0.0583114236	-0.0736860258	0.0362413972	0.0957985905	-0.0426616956	0.0043669464	0.0687304313	-0.1148872301	-0.0361877253	-0.0130185741	0.0110137847	-0.1085655362	-0.032226708	-0.01051051	0.0477901442	0.0827707398	-0.0300815886	0.0426998343	-0.0765180734	-0.072709971	0.0370162685	0.0674366667	-0.0730197841	-0.0085380546	0.0682966003	-0.0407213399	0.112690241	-0.0574599552	-0.0584084173	-0.0589494987	0.0060332393	0.0232321069	0.0598379389	0.0812416671	-0.0545079308	0.0172413744	0.0705591265	0.0991824251	-0.0078656812	0.0565203955	-0.0817495744	0.0898620441	-0.0105727572	-0.0063728659	0.0834592663	-0.0507917924	0.023309301	0.0160589191	0.0237112745	-0.0302527716	0.02547816	0.0534027135	0.0318551383	0.0475633193	-0.08189187	0.036947758	-0.1610604912	-0.0020800531	0.1557077586	0.0152699676	-0.0993035498	-0.0261311885	-0.0393787271	-0.0642468028	0.0327573485	0.0492604252	-0.0908104031	0.0519663151	0.0589739598	-0.0335106953	0.0714825842	-0.0460865198	-0.0860738374	0.0451419761	-0.0054689975	-0.0269419274	-0.0232959228	0.0383292846	0.0076447735	0.0486480573	0.0723812858	0.0440767877	0.0919830147	-0.0749206906	0.1016760009	0.0138062584	0.027217664	-0.0050602417	-0.0334022575	0.0116725974	0.0051797531	-0.1026062643	0.0186881621	-0.0010595778	0.0411745306	-0.016253413	0.015053928	-0.0088031313	0.0181532441	0.0131446535	0.0185217861	-0.0078051086	0.0409495247	0.0511312563	0.0247113188	0.059225419	0.0928742226	0.0923522795	0.0914845461	0.0902742713	0.0887259867	0.0868454896	0.0846398209	0.0821172393	0.0792871898	0.1828931522722143	-0.0187417892919512	0.0334499051480673	0.0003512546658638	0.0637929833058308	0.0178977266262166	0.0003203286183867	0.004069544719058	0.5493947443184481	-0.042087618975394	0.0017713676710179	0.301834585084733	-0.0040152326944085	-0.0001690298864421	2.8571102510629247e-08	1.6122093590246944e-05	-0.0017078439443298	-0.0001625607681973	2.916730938183969e-06	2.6426003356928804e-08	0.0009140792620961	-0.0007889579367439	8.355408973941506e-07	6.224546259513494e-07	0.0	0.0	0.0	0.0	0.0	0.0	0.0	0.0	0.0	0.0	0.0	0.0	0.0	0.0	0.0	0.0	0.0	0.0	0.0	0.0	0.0	0.0	0.0	0.0	0.0	0.0	0.0	0.0	0.0	0.0	0.0	0.0	0.0	0.0	0.0	0.0	0.0	0.0	0.0	0.0	0.0	0.0	0.0	0.0	0.0
6306.2876502500485	11.937280053017275	142.49865506416413	39769263.92769628	13111.734854630598	10.487463282788667	109.98688610784043	171917590.8981349	6136.457990259906	3.4167410657300934	37656116.66622464	11.674119510246417	7456.906362260544	8018.149340438843	1.202212	34.366177	0.1027942992909132	0.0527802165720507	0.1071202376	0.0124003773	-0.0585425658	0.0088907225	0.0444082759	0.0864296277	0.0670931006	-0.0562269953	-0.0736276181	0.051995414	-0.0859655358	0.040764	-0.0646812055	0.0438196761	0.0071803909	-0.0926034087	0.0690329906	-0.0884649932	-0.0734726113	0.1019009646	0.1177462218	-0.0163993166	0.0089562412	-0.0047201652	0.0034208692	-0.0645335552	0.018531716	0.000337305	0.0562022363	0.0289202122	-0.0101289076	0.0325895234	-0.1296468389	0.0590273748	0.0219364261	0.0034971191	0.0291319695	-0.0405210798	-0.006699835	9.0032e-05	0.0167858184	-0.0955436831	0.0498236826	-0.0692725125	0.0869913233	-0.0221527203	-0.0087547565	0.0334270232	0.0324552259	-0.1023386251	-0.017341027	0.076656383	0.0754937748	-0.0281309224	0.041168525	0.0460471482	0.0670722672	-0.0684336657	-0.0467133591	0.0158086629	-0.1152158173	0.0026968615	-0.0500190362	-0.0918548335	-0.0264465751	-0.0153462097	0.0924003326	-0.0032005211	-0.081863136	-0.060043459	-0.0262607911	-0.1400726797	0.0318759757	-0.0648074299	0.0946314383	-0.0074734272	-0.0527499604	0.0445660053	0.0602722762	-0.0269338748	-0.1388518368	-0.0594364463	0.0681320929	-0.0349950706	0.0171691508	-0.0065559148	-0.0252916835	0.0498180045	0.0005056355	0.0118696699	0.0975657746	-0.0263635146	-0.066052819	0.0870786949	0.0368978356	0.0478487558	-0.0137190999	0.0287467841	-0.0048969994	0.0064030505	0.0436051116	-0.0551157474	0.027768204	-0.0054501345	0.0286078854	0.0299342715	-0.0605968112	-0.0349771889	0.013981038	0.1427913128	0.0177794918	0.0651673811	0.0049626256	0.0025834087	-0.0115979781	0.0268651183	0.0150460538	0.0211746309	0.0698638019	-0.0425168932	-0.0491136615	-0.0319110569	0.0443186284	0.0938645723	-0.0744238639	0.1365196205	0.0318350261	0.0300388756	0.0068837189	0.0315774178	-0.0851480928	-0.025831029	-0.0373679671	-0.03343263	-0.0168485761	0.022620894	0.0847327668	-0.0178250538	-0.0541647324	0.0570925526	0.0343190254	-0.0156683753	0.0338095412	-0.0982899082	-0.0211177731	-0.0551510943	-0.0429901797	0.0927882388	0.0920091471	0.0907155029	0.0889145408	0.0866163325	0.0838337306	0.0805822964	0.0768802134	0.072748185	0.196580177878701	0.0136870256064866	0.0386437663348217	0.0001873346699526	0.053505847146809	-0.0102871361590218	0.0001058251703542	0.0028628756788976	0.5865981458595328	0.0372034015410847	0.0013840930862271	0.3440973847258418	-0.0043564555567974	-0.0003412228623889	1.1643304181687439e-07	1.8978705018350947e-05	-0.0012180015631975	0.0004898423811323	1.4835278079515537e-06	2.399455583533616e-07	0.0009153487382613	1.2694761652000744e-06	8.37863312636554e-07	1.6115697340110865e-12	0.0	0.0	0.0	0.0	0.0	0.0	0.0	0.0	0.0	0.0	0.0	0.0	0.0	0.0	0.0	0.0	0.0	0.0	0.0	0.0	0.0	0.0	0.0	0.0	0.0	0.0	0.0	0.0	0.0	0.0	0.0	0.0	0.0	0.0	0.0	0.0	0.0	0.0	0.0	0.0	0.0	0.0	0.0	0.0	0.0
6309.259304705234	2.9716544551856714	8.83073020102485	39806752.97400957	13129.76480222687	18.02994759627109	325.0790103242815	172390723.76179558	6133.621602974686	-2.836387285220553	37621313.96847776	8.045092831760819	7452.354521616807	8143.379163520567	1.009753	28.864567	0.122665928810764	0.0888427053233352	0.1206322474	-0.0217364994	-0.0915200067	-0.0188321083	0.033802441	0.1021597993	0.0712551037	-0.0305268404	-0.0955478995	0.1231921011	-0.1117611167	0.045152497	-0.0728560058	0.0517651788	0.0063148572	-0.1120652193	0.0867413944	-0.0712850936	-0.0483169555	0.0681903907	-0.054381803	0.0261083815	-0.070772725	-0.0409544462	-0.0203939232	0.009975757	0.0087318702	0.0671305717	-0.0181616331	0.0107117942	0.0325568272	-0.0584201707	-0.0623686945	-0.015799254	0.0127942912	0.024001434	0.0365763247	-0.0542500061	0.0730243957	-0.0129663394	-0.0172777544	0.0507950444	-0.0399538589	0.0634884756	-0.037503947	-0.0386268332	-0.0887277114	-0.0975735005	-0.0304665303	0.0767750747	0.0266557332	-0.0706319867	0.0511267284	0.0071202031	0.0007334792	-0.0731577517	-0.0436793073	-0.0812985188	0.0609509497	-0.0533781094	0.0243377811	0.0398530686	0.0235148708	0.0411412811	0.0242264494	-0.0866470111	-0.002263304	0.1045035789	-0.0048194364	0.0409020735	0.0288307715	0.0058466297	0.0223023483	0.0182129776	0.1155739684	-0.0319688619	-0.0702112482	0.0988844752	0.0928512174	-0.0901218148	-0.0343998223	0.0091323566	0.0539426629	-0.0204878006	-0.0297370441	-0.0030142981	-0.0699172667	0.1309854439	0.044417705	-0.0225427915	0.0955846397	-0.0422813481	0.0526561341	-0.048737773	0.0536004731	-0.0461139008	0.0859352702	-0.0414171646	-0.0087560496	-0.0275952448	-0.0739098555	0.0109376115	0.0502177586	0.1084863145	-0.0307183897	0.0533135712	0.0236686938	0.0135163565	-0.0448617101	0.0462656965	0.0601497101	0.0205038239	-0.0037220229	0.0596468921	-0.0464272153	0.0862274079	-0.0113866859	-0.0111269987	0.1134484548	0.0304444181	0.0028848417	0.0863901956	0.0002643138	0.0993315833	-0.1172872837	0.1532738876	0.0413271946	0.0257038772	-0.0058119615	-0.0269140179	-0.0315167639	-0.0012496781	0.0564916416	-0.0699335582	0.0149398969	0.006787716	0.0294582548	-0.0111133641	-0.0330070698	-0.0465380249	-0.0788248015	0.0506741275	-0.0006947319	0.092500039	-0.0069547048	0.1206542382	-0.0314227946	0.0926850932	0.0915979471	0.0897954726	0.0872917462	0.0841063205	0.0802640719	0.0757950062	0.0707340242	0.0651206494	0.1976853503748117	0.0011051724961106	0.039079497752812	1.2214062461595455e-06	0.0552776272162418	0.0017717800694328	3.1392046144392988e-06	0.0030556160706577	0.6431443445072134	0.0565461986476805	0.0031974725815029	0.4136346478716131	-0.0054790343229598	-0.0011225787661624	1.2601830862386965e-06	3.001981711217156e-05	-0.0010760154643607	0.0001419860988368	1.1578092795433723e-06	2.0160052262893556e-08	0.0009150580513097	-2.9068695160000026e-07	8.373312372667056e-07	8.449890383050089e-14	0.0	0.0	0.0	0.0	0.0	0.0	0.0	0.0	0.0	0.0	0.0	0.0	0.0	0.0	0.0	0.0	0.0	0.0	0.0	0.0	0.0	0.0	0.0	0.0	0.0	0.0	0.0	0.0	0.0	0.0	0.0	0.0	0.0	0.0	0.0	0.0	0.0	0.0	0.0	0.0	0.0	0.0	0.0	0.0	0.0
6292.324596322816	-16.93470838241774	286.7843479975296	39593348.8254891	13102.345735805242	-27.419066421627576	751.8052034336249	171671463.78057382	6134.087239583333	0.4656366086474008	37627026.262819074	0.2168174513126527	7462.32914975299	8063.435424163264	1.146732	32.780235	0.0691600819486699	0.0420767635997297	0.1044264993	0.0177231049	-0.0574747854	-0.0666434791	0.0601952991	0.0826555997	0.0859805476	-0.0444483004	-0.1519041241	0.0811518097	-0.0593286884	0.0888332614	-0.0554515696	0.0561886344	-0.0259834754	-0.044710694	0.1225239204	-0.1046382026	-0.0675062608	0.0802124997	0.0547494846	0.0863522614	0.0363300489	0.0380100032	0.0394607063	-0.0096421337	-0.0105596703	-0.0521375641	0.0449158873	0.0587555463	-0.0045253819	0.0258123317	-0.0952491513	0.0130589647	-0.0049977246	-0.0151853403	0.0586524165	-0.1386583267	0.1049560944	0.0768457139	0.0423124703	-0.0180714865	-0.0234964754	-0.0360130629	0.0185442855	-0.0119458485	-0.0826723435	-0.048419273	-0.0779510087	0.1687328199	0.105764924	0.0560872709	0.0337158159	0.063108992	-0.0087528385	-0.0962575847	-0.0055443999	-0.0193497459	-0.0798856186	-0.0657609305	-0.0091911313	0.0184135712	0.0985603348	0.0140622833	0.0002359364	-0.0151864864	-0.1471022801	0.0467381984	0.0305508859	0.0199564583	-0.0080134727	-0.0682035441	-0.1493342484	0.008634479	0.0897271765	-0.0298441874	-0.0398494788	0.0442868019	0.1282785677	-0.0239880984	-0.1541913365	-0.081088231	0.1059977954	-0.0325363047	0.0095717331	0.0189592069	-0.0540419808	-0.0064276279	0.0084444759	-0.0062252979	0.1127468993	-0.0522771074	-0.022698552	0.161869121	0.1330891474	0.0125210356	0.0276990763	0.0496126972	-0.0091943721	-0.0443643167	-0.0606218786	0.0745104296	-0.0843012632	-0.0327687333	0.0302602149	0.0172566659	-0.0926788988	-0.0641266592	-0.037836748	0.0718603431	0.073284011	-0.0025569618	0.0270631356	0.0051569212	-0.1326962694	0.0113563892	0.0104458229	0.0943983081	-0.0506015124	0.0223249336	-0.0609553376	0.0642703511	0.088289136	0.1030098813	-0.1026258174	0.1648121315	0.0765025637	0.0567334401	0.0266920584	0.0334720637	-0.1069792674	-0.0391564072	-0.0579269414	-0.0437916885	-0.0733801807	0.0472833559	0.0924456664	-0.0690535804	-0.0477031749	0.1021457004	0.0358928958	-0.0532332649	0.0454721211	-0.1492596779	-0.0167955382	-0.0549185507	-0.0857369327	0.0925648049	0.0911189838	0.0887259867	0.0854106889	0.0812075526	0.0761602691	0.0703213046	0.0637513548	0.0565187138	0.2053358559737148	0.007650505598903	0.0421628137484581	5.853023591884761e-05	0.0565222641556886	0.0012446369394467	1.5491211110354936e-06	0.0031947663452854	0.6784072094899685	0.0352628649827551	0.001243469646792	0.4602363418879659	-0.005623346340165	-0.0001443120172051	2.082595830983385e-08	3.16220240614471e-05	-0.0011229503096328	-4.693484527210014e-05	1.2610173979044014e-06	2.2028797007159807e-09	0.0012238526773837	0.000308794626074	1.497815375939251e-06	9.53541210921815e-08	0.0	0.0	0.0	0.0	0.0	0.0	0.0	0.0	0.0	0.0	0.0	0.0	0.0	0.0	0.0	0.0	0.0	0.0	0.0	0.0	0.0	0.0	0.0	0.0	0.0	0.0	0.0	0.0	0.0	0.0	0.0	0.0	0.0	0.0	0.0	0.0	0.0	0.0	0.0	0.0	0.0	0.0	0.0	0.0	0.0
6298.059313202692	5.734716879875123	32.88697769232466	39665551.11261916	13076.398085706816	-25.947650098425584	673.2805456303252	170992186.89587688	6136.867616740707	2.7803771573735503	37661144.14540076	7.730497137244624	7463.021515521016	8046.175708247769	1.785449	51.038433	0.2601249829333447	0.1531644516951178	0.1145318994	-0.0017483683	-0.113880568	0.064727501	0.0379027442	0.0654299845	0.065701045	-0.0119739231	-0.0509671075	0.2408539952	-0.1096859715	0.0097207232	-0.0712687723	0.0110751161	0.0026449562	-0.1503056075	0.1271513869	-0.0550847422	-0.0220797135	0.0139584289	-0.1578823534	-0.0179630237	0.0409998727	-0.0465859224	-0.0221358895	-0.0223147137	-0.0056350681	0.0308079186	-0.1072114246	-0.0957145793	-0.0461038374	0.0077085098	0.1162889637	-0.0669593518	-0.0959570649	0.0050005161	-0.0055859817	0.041339321	0.047493726	0.0576468558	-0.1304839131	0.0460354061	0.1223481715	-0.1232709607	-0.0372189967	0.1237869363	-0.027434848	-0.0106249852	0.0463012045	0.0024273646	-0.0140397858	-0.1502468523	0.0064939436	-0.045722263	-0.0087076557	-0.0183300726	-0.1151954284	-0.0017778591	0.0699108347	0.0129373502	-0.013908843	-0.0364815305	0.0003739509	0.0076809225	-0.0799124885	0.03722928	0.0856065031	0.0313938598	0.088024823	0.0970299888	0.0301528516	0.1006140379	-0.0009304941	0.0634388581	0.0761458243	-0.0283642038	-0.0446761132	0.1826045037	0.1438077854	-0.1106755882	0.0564756165	0.1143810611	0.0338128169	-0.0542963127	-0.0993083647	-0.0261389231	-0.1082478357	0.0949850215	-0.0363171671	0.0037932041	0.0166702338	-0.0764558144	0.0658910736	-0.2580448808	-0.0560310343	-0.1368382688	-0.0474107923	0.1271133727	0.054223102	0.0331955318	-0.0676365392	0.1874268138	-0.087291071	0.1352824858	-0.0314644977	-0.0382334307	0.0153812688	0.0684393507	0.0641364561	-0.065356371	0.0130985312	-0.143598008	-0.072014296	0.1215342994	0.0738648968	0.0302048312	0.0373767843	0.0560795004	0.0110488996	0.0980920264	-0.0050097026	0.0283662608	-0.0407166242	0.0952133031	-0.1474385593	0.1643907236	0.0313956819	0.0007541105	-0.0600825429	-0.0959770369	0.0875957617	0.0851965331	0.1426930977	-0.1505362461	0.119397311	-0.0470314325	-0.045953867	-0.0797912348	0.0990688278	-0.2392148351	-0.1632382439	0.2124278826	-0.1317174539	0.2959865607	-0.0575413931	0.2484942615	-0.0093573397	0.0924273962	0.0905726114	0.0875088252	0.0832769341	0.0779334273	0.0715496322	0.0642107624	0.0560147802	0.047071089	0.1847971569299744	-0.0205386990437403	0.0341499892094015	0.0004218381584093	0.0935110735288446	0.036988809373156	0.0013681720188436	0.0087443208725169	0.6924906192066018	0.0140834097166333	0.0001983424292465	0.4795432576891428	-0.0029798168826486	0.0026435294575163	6.988247992756951e-06	8.87930865411762e-06	-0.0005939342238963	0.0005290160857365	3.527578623153002e-07	2.79858018967968e-07	0.0006261169246403	-0.0005977357527434	3.920224033210271e-07	3.57288030107719e-07	1.0	0.0	0.0	0.0	0.0	0.0	0.0	0.0	0.0	0.0	0.0	0.0	0.0	0.0	0.0	0.0	0.0	0.0	0.0	0.0	0.0	0.0	0.0	0.0	0.0	0.0	0.0	0.0	0.0	0.0	0.0	0.0	0.0	0.0	0.0	0.0	0.0	0.0	0.0	0.0	0.0	0.0	0.0	0.0	0.0
6293.463418528749	-4.595894673942894	21.12224785397666	39607681.80035956	13067.182523952695	-9.215561754121154	84.92657844402056	170751259.11429474	6111.19527859158	-25.67233814912652	37346707.73308002	659.0689460430967	7442.234594248336	8157.727830291564	3.119984	89.18716399999998	1.624135649083566	1.2421637642613448	-0.2449932743	-0.1261975063	0.109798483	0.1022271717	-0.001269194	-0.1175550547	-0.1914222945	-0.0879683153	0.2127251985	0.0877540002	0.0332368838	0.1419014159	0.1362095457	-0.2610136802	0.0288556106	-0.0190978668	0.0658273609	0.1346685223	0.0511379063	-0.213056895	-0.0367852076	-0.1268122967	0.0830963341	0.0142504008	0.066754185	0.1673003834	0.009948928	0.051085188	0.0386603748	-0.0633069446	0.0954372074	-0.0024615265	0.0560469759	-0.0867393521	-0.0295615835	-0.0058026561	-0.0744543812	0.0292851169	0.0970357754	-0.0558139312	0.0648477959	-0.0395617438	0.1188232107	0.0143424244	-0.0390529053	0.0568319634	-0.0084376245	-0.0831400425	0.1769858704	-0.0427512764	-0.0154600413	0.0540321902	-0.0211668714	0.0421474552	0.1238577238	-0.0575706825	-0.0725377847	-0.0224712198	0.005733866	-0.0961965139	-0.160578071	0.0490816078	-0.0475564735	-0.1097159872	0.003943671	0.0837627286	0.1125101032	0.0675584971	0.1173997158	0.0079859601	0.0613188013	0.1214424687	0.0490541503	-0.1586860049	-0.1877043016	0.2285770653	-0.0303843897	0.1207626689	-0.0179107718	0.1035988708	0.1572765821	0.0049713889	0.0233021684	0.2373164598	-0.2260973294	0.2055803514	-0.0437379491	-0.1610556554	-0.0672739099	-0.1234418349	0.0465074399	0.0455112935	0.0287483998	-0.2102551535	-0.183708879	0.1267822116	-0.0442444605	-0.0102907024	-0.0555199677	-0.0563183599	0.0179823201	0.1468656533	0.0317581241	0.1444822143	-0.0195665983	-0.0324193479	-0.0019853381	-0.1467239176	0.066613984	0.0016082302	0.016999336	0.0238269218	0.1851096187	-0.0770063247	-0.0265410339	0.0347272276	-0.0029496717	0.0474857198	0.0884702015	-0.1052547841	-0.114113216	-0.0181053546	0.0638695786	-0.3083689595	-0.0099532427	-0.0239058824	0.0816411013	-0.2131015573	-0.0729397984	-0.0426479742	0.4470890135	0.0279173824	0.0421085495	-0.0776599008	0.17318686	-0.0716368274	0.1471300235	-0.0953287263	0.4354549155	-0.1145429231	-0.2081365502	0.0909640909	-0.0336558763	-0.1495625243	-0.0408833476	-0.2056312474	-0.036823953	0.0922728925	0.0899592343	0.0861460138	0.0808967948	0.0742990785	0.0664628444	0.0575187176	0.0476157909	0.0369191397	0.2201836294629373	0.0353864725329629	0.048480830683472	0.0012522024383261	-0.1197704047925611	-0.2132814783214057	0.0454889889949642	0.0143449498641739	-0.5069304263553605	-1.1994210455619625	1.4386108445369508	0.2569784571648275	-0.000919372700549	0.0020604441820996	4.245430227548089e-06	8.452461625147612e-07	-0.0015890759048442	-0.0009951416809478	2.5251622313564127e-06	9.903069651598116e-07	0.0001607697343431	-0.0004653471902972	2.5846907480750953e-08	2.165480075174985e-07	0.0	1.0	0.0	0.0	0.0	0.0	0.0	0.0	0.0	0.0	0.0	0.0	0.0	0.0	0.0	0.0	0.0	0.0	0.0	0.0	0.0	0.0	0.0	0.0	0.0	0.0	0.0	0.0	0.0	0.0	0.0	0.0	0.0	0.0	0.0	0.0	0.0	0.0	0.0	0.0	0.0	0.0	0.0	0.0	0.0
6316.393919022766	22.930500494017	525.8078529061137	39896832.140267774	13161.325848917322	94.14332496462704	8862.965635395367	173220498.10137928	6129.440044926662	18.244766335082204	37570035.26435056	332.8714986217489	7476.812098044717	8256.266481461063	2.16152	61.788723	0.5354243675601702	0.2750411442538351	-0.2327017638	-0.1373930032	0.0319796648	0.0227454393	-0.0979086053	-0.1168871231	-0.226856268	-0.1099290027	0.058557107	-0.1031220798	0.0079079698	0.059006332	0.0853091552	-0.2259076911	0.0021868362	0.1537698504	-0.035835856	-0.0141433619	0.0467859665	-0.0610755866	0.1874685486	-0.0695492054	-0.0541460647	0.0044506334	-0.0449551204	0.0738829908	0.0740130322	-0.0076845625	0.0082317101	0.0842567106	0.0377424542	0.0300780023	0.0541843265	-0.0071433463	-0.0781773778	-0.0313283304	-0.0048153336	-0.1141915352	-0.0483815341	0.0271749925	-0.0380724002	-0.0873333469	-0.0498379019	0.0498583407	0.0586258627	-0.0785520242	-0.0557429155	-0.0409650098	-0.1191772533	0.1049431018	0.036232348	0.1212493006	0.0211296888	0.0034964161	-0.0905479999	0.0875290369	-0.0418318686	0.0140157024	0.0912908895	-0.0321380737	0.0295531881	-0.1421797212	-0.111962957	0.0730704634	-0.0630517105	0.0265969696	0.0112710658	0.0291127999	-0.1141140414	-0.034605958	-0.0088138568	-0.0214605675	-0.1234795351	-0.0090914531	-0.1707881796	0.2316436551	0.0436888669	-0.1265881828	-0.0659912923	0.0709242554	-0.0749169108	-0.1267699893	-0.0785272101	-0.0325437323	-0.0199681311	-0.0029512584	-0.0005960253	-0.0057871568	0.0236999167	-0.0125666311	0.0281123213	0.0731805346	0.0314842701	0.0895258273	-0.1012051977	0.0412029231	-0.0596931055	-0.0286756616	0.1063088892	-0.0620562244	-0.0380359166	0.0251083329	-0.0382102393	-0.1115651769	-0.0550992406	-0.0546709322	-0.0903309628	0.0090963775	-0.1558739841	-0.0285907254	0.0745020469	0.0025979614	-0.0194903005	-0.0110242042	-0.0663929455	-0.0095069249	0.0856452397	-0.0398397007	-0.1518805727	0.1134155088	0.0120759422	0.1321447241	0.0047741525	-0.2509549368	0.1011214799	-0.1214495739	0.0553167031	-0.0748661287	-0.1093477992	0.1612039955	-0.0176008212	-0.1085607454	0.0283922474	0.078070048	-0.1374921727	-0.1162980973	-0.0379631976	-0.0060928158	0.0012517519	0.1128974977	0.1182400294	-0.1828152842	0.0887553798	-0.1104488531	0.0028211576	0.1147013858	0.0171082606	0.0921013223	0.0892793062	0.0846398209	0.0782773129	0.0703213046	0.0609337573	0.0503057744	0.038653711	0.0262147696	0.1633047998834342	-0.0568788295795031	0.0266684576649684	0.0032352012543341	0.0303990303541183	0.1501694351466794	0.0225508592522727	0.0009241010464706	-0.3121433848205228	0.1947870415348376	0.0379419915498945	0.0974334926872129	-0.0024980163796875	-0.0015786436791384	2.4921158656839385e-06	6.240085833187043e-06	-0.0016310177680243	-4.194186318010008e-05	2.6602189596109693e-06	1.7591198870182351e-09	0.0012119654180075	0.0010511956836644	1.4688601744460943e-06	1.1050123653546657e-06	0.0	0.0	1.0	0.0	0.0	0.0	0.0	0.0	0.0	0.0	0.0	0.0	0.0	0.0	0.0	0.0	0.0	0.0	0.0	0.0	0.0	0.0	0.0	0.0	0.0	0.0	0.0	0.0	0.0	0.0	0.0	0.0	0.0	0.0	0.0	0.0	0.0	0.0	0.0	0.0	0.0	0.0	0.0	0.0	0.0
6269.432807306625	-46.96111171614029	2205.346013615809	39305787.72533263	13040.953983336922	-120.37186558040048	14489.386023306002	170066480.79551113	6095.397819967831	-34.04222495883096	37153874.58366859	1158.8730801476534	7426.100300718467	8180.626150266586	1.490166	42.597542	0.0760416945144961	0.0390868494455234	-0.2114497339	-0.092719997	-0.0040347611	0.0631475513	-0.1907784233	-0.15663963	-0.200697548	-0.052044116	0.1243726292	-0.0421796212	-0.1813661468	0.0471332072	0.1791267044	-0.1604632798	0.0406819439	0.0368594687	-0.0713197681	0.0302258712	0.0576082231	-0.0677609118	-0.0626547096	-0.2492877237	-0.021692087	0.0124439481	0.0210340668	-0.0306704154	0.0637217413	0.0257577748	0.0785289732	0.0827996305	-0.1468552243	0.1463459348	0.1231792258	0.01616639	-0.0821564104	0.0901471036	-0.0272080636	-0.0808518312	0.0143866982	0.0137546533	0.0186924736	0.1066174368	-0.1298676497	-0.1206324846	-0.0080502176	-0.0139575618	-0.0724184957	0.0960909953	0.1014159103	-0.0751782894	-0.0094342836	-0.0683105664	-0.0140154598	0.0435298835	-0.1260868777	-0.1060511173	0.1110826776	-0.0514039884	-0.1091153286	0.0611646758	-0.0269050523	0.0120771812	0.0208479829	0.1211639679	-0.0342120954	-0.0596516579	0.0615177961	-0.0228299091	-0.0558270039	-0.0581643181	0.0132773282	-0.0009294204	0.0298058365	0.0797259316	-0.1909193372	0.140939514	-0.0102437099	0.0179296462	-0.1407018257	-0.1164705272	0.0595626935	-0.0164247514	-0.1717382057	-0.0449921012	-0.1638091228	-0.0402230387	0.0446823311	0.1421795872	0.1144796221	0.019665605	0.0177900796	0.0778928657	-0.123776734	0.0248452742	-0.1853536347	-0.0175440779	0.0093005662	-0.0295581098	-0.0109099969	-0.0180542529	0.0544793007	-0.0346202771	-0.1742148733	-0.0060333294	-0.0264103509	-0.0985168312	0.0343568949	0.0254128855	-0.0186519613	0.2031777405	0.0113000255	0.0543551548	-0.0839346853	-0.0357445556	-0.0324036322	-0.0798169044	-0.1517729098	0.0866676969	-0.0595771443	0.0467707852	0.0672632924	-0.0781210114	-0.056952075	-0.2336675017	0.1163565483	-0.0717049082	0.0736474091	-0.1260705097	-0.1108208953	0.0241825845	0.0875680462	0.0044672257	0.1600908614	0.1082590325	0.0620200809	-0.1625656924	0.01108864	-0.0308846102	0.0041313019	0.0199142834	0.1223792941	-0.169047219	0.1313408351	0.0866208481	0.0650529351	0.0839586824	0.0131095228	0.0919127174	0.08853333	0.0829927534	0.0754262385	0.0660184918	0.0549991661	0.0426372543	0.0292345235	0.0151181479	0.1619476585692751	-0.001357141314159	0.0262270441160705	1.841832546597472e-06	0.0469127039536232	0.0165136735995049	0.0002727014157509	0.0022008017922402	-0.323442274896685	-0.0112988900761621	0.0001276649169531	0.1046149051903427	-0.0020407319432097	0.0004572844364777	2.0910905584481887e-07	4.164586864036438e-06	-0.0017728971775641	-0.0001418794095398	3.143164402214752e-06	2.0129766851362292e-08	0.0008736894735317	-0.0003382759444758	7.633332961600992e-07	1.1443061461099457e-07	0.0	0.0	0.0	0.0	0.0	0.0	0.0	0.0	0.0	0.0	0.0	0.0	0.0	0.0	0.0	0.0	0.0	0.0	0.0	0.0	0.0	0.0	0.0	0.0	0.0	0.0	0.0	0.0	0.0	0.0	0.0	0.0	0.0	0.0	0.0	0.0	0.0	0.0	0.0	0.0	0.0	0.0	0.0	0.0	0.0
6287.593389466417	18.16058215979137	329.8067443825328	39533830.63126178	13059.15398641271	18.20000307578812	331.24011195869696	170541502.84083897	6105.074012706482	9.67619273865057	37271928.70062403	93.62870591551405	7442.343606041641	8013.682520761798	1.640537	46.896023	0.295250692642071	0.1636684854141196	-0.1965529696	-0.0683137284	0.0557772045	0.0702891904	0.0401954555	-0.081419449	-0.1334640302	-0.0813292371	0.1583075705	-0.0719559081	0.0861810322	-0.0360264311	0.1113042358	-0.0515630326	0.2153913765	0.0913724814	-0.0958930802	0.0310353957	0.0170225885	-0.2185600029	-0.041081137	-0.1444649851	-0.0971142092	-0.0361659872	-0.0434782787	0.0316557515	0.0402765641	-0.1509077258	0.0241986986	-0.1211051107	-0.0100621171	-0.0108387211	-0.0540906111	-0.0576515029	0.1095234604	-0.1188516221	-0.0697426674	-0.0231159776	-0.0689720531	-0.0239655674	-0.053171175	0.0561534172	0.0274026265	0.0697275014	-0.0436586619	-0.1088335395	0.070652896	0.0268018092	0.0508554284	0.0592490113	-0.0910470151	-0.0446953562	0.1116916333	0.0880619991	-0.0855518448	-0.053107724	0.0654939454	0.1053542885	-0.0289328978	0.0079774074	0.0607363397	0.0055026581	0.1111503611	-0.0494019447	-0.0117590511	-0.1296624162	-0.0957465704	-0.1133106797	-0.0143314215	0.0689679129	-0.0073719962	0.0210569779	-0.0373619068	-0.0793682337	-0.1138836692	0.0936598632	-0.1087309705	-0.1067265214	-0.1026275356	0.0594866329	0.1677326337	-0.0875273488	-0.1388657041	-0.0200553734	-0.094446695	-0.0512660635	0.1752401965	0.0748101664	-0.0741727625	-0.1513671535	0.077309606	0.0015240118	0.0083210346	0.0747389194	0.1213524207	0.0128941738	-0.1425231143	-0.1122257759	-0.0493477592	0.033164959	-0.0881027198	0.0685852309	0.0653508216	-0.1487504796	-0.0552384759	-0.0484611019	0.0766432179	0.018886377	-0.0930625786	0.0033573054	-0.061606471	-0.1002775751	0.0082269946	0.1079892547	-0.0563152652	0.0033108409	-0.0179900067	-0.145688641	0.0498753396	0.0995272947	-0.0245220123	0.0662733393	-0.0074294309	-0.1938479913	0.0203558287	-0.2109695035	0.0189940068	0.0408488326	-0.1083123234	0.1038006731	0.0422400462	-0.0452100122	-0.0128111874	0.062787507	-0.0169763275	-0.1326991281	-0.1289327335	-0.0534524899	-0.0839045206	0.0164759752	0.0112554403	-0.1601905054	-0.0239644311	-0.0262178616	0.1458031514	0.1495376106	-0.1165334362	0.0917071126	0.0877218577	0.0812075526	0.0723520068	0.0614105286	0.0486985645	0.0345826047	0.0194696168	0.0037953135	0.1450187963694702	-0.0169288621998048	0.0210304513004498	0.0002865863753799	0.1197027166794555	0.0727900127258323	0.0052983859526268	0.0143287403804419	-0.2842516866950362	0.0391905882016487	0.0015359022035912	0.080799021388973	0.0005670561353219	0.0026077880785316	6.800558662531536e-06	3.2155266060620897e-07	-0.0015461117069988	0.0002267854705653	2.390461410518743e-06	5.1431649659524566e-08	0.0013659405147305	0.0004922510411987	1.865793489782223e-06	2.4231108756130256e-07	0.0	0.0	0.0	1.0	0.0	0.0	0.0	0.0	0.0	0.0	0.0	0.0	0.0	0.0	0.0	0.0	0.0	0.0	0.0	0.0	0.0	0.0	0.0	0.0	0.0	0.0	0.0	0.0	0.0	0.0	0.0	0.0	0.0	0.0	0.0	0.0	0.0	0.0	0.0	0.0	0.0	0.0	0.0	0.0	0.0
6319.683151474611	32.08976200819416	1029.752825742541	39938395.13503207	13124.902154877427	65.74816846471731	4322.821656464847	172263056.57510614	6131.485290527344	26.41127782086187	37595111.86795318	697.5555961307501	7463.88197934406	8168.953733431908	1.647602	47.097977	0.336261989254494	0.2370791523202772	-0.051489012	-0.0714734602	-0.0306641148	0.0189644489	-0.0170691094	0.0067492512	-0.0665699865	0.0113322097	0.1857775829	-0.0954723058	0.1484938443	-0.0398789249	-0.0349227133	0.0027051535	0.0928278691	0.0942496138	-0.1579114824	0.1307598891	0.0511405954	-0.1359101934	0.0234748428	-0.0174831783	0.0811376884	0.0106732591	0.0871456972	0.0204180094	0.0872872009	0.0070996691	0.0259717252	-0.0060498439	0.0519701814	-0.0079555506	0.1305605003	0.1046975521	0.1113801476	0.0390806499	0.0394822355	-0.0419179877	-0.0946954487	0.0893284364	-0.0258226299	-0.0669201127	0.0325631382	0.1084389527	-0.0982191792	0.0791763295	0.0656762209	0.0202437007	-0.0802034102	0.0796139215	-0.0250360433	-0.0675267888	-0.0959666047	-0.2191552579	0.0262239566	-0.1465374502	-0.0771648746	-0.1064005599	0.0795070514	0.0313984305	0.0125469938	0.0470728154	0.0244728072	0.0545012691	0.1153356763	0.0835813388	0.0095997423	0.0466022103	-0.0404529258	0.0512979194	-0.1017227357	-0.1290234636	0.0556903077	-0.011219447	0.0064891682	0.0297969609	0.0082520446	-0.1155888376	-0.112890519	0.1569495529	0.1317568379	0.0897195199	-0.1731761865	0.0739519513	-0.0957618115	-0.0200830267	0.0515018967	-0.057265938	-0.1866885808	-0.0521529364	0.0248589577	-0.0271971391	-0.0830948819	0.0248175063	0.1288253267	-0.0444259243	0.1530976764	0.0437062845	0.1543819506	-0.0171943985	0.0234197682	0.0368548111	-0.070987177	0.0716426065	-0.0596997058	0.0110090723	-0.0423913998	-0.0629443454	0.0793930408	-0.1370823272	0.0272364408	-0.0220908793	-0.0619453256	0.0832348259	0.1207852696	-0.0620369424	0.0167157665	-0.1683263417	0.0059511901	-0.156016325	0.0029031541	-0.1137178828	-0.0505923536	-0.038286832	0.0388508083	-0.2400209414	-0.0465447838	0.0205328621	-0.0506057228	0.0948374921	-0.0078570454	0.0023520852	0.0702369648	0.0363536313	-0.0110725571	-0.0288558736	-0.1905453235	0.0016508132	-0.0680765397	0.0551192211	-0.1162929206	0.0527700932	0.0163358501	-0.013602471	0.0064107281	0.1425647521	0.078722763	0.0914845461	0.0868454896	0.0792871898	0.0690637132	0.0565187138	0.042073882	0.0262147696	0.0094744681	-0.0075843101	0.1145175436378878	-0.0305012527315824	0.0131142678008555	0.0009303264181958	0.1143639642884295	-0.005338752391026	2.850227709268589e-05	0.0130791163277651	-0.0558798354056406	0.2283718512893956	0.0521537024613458	0.0031225560049614	0.0006317824750267	6.472633970480007e-05	4.189499051581179e-09	3.991490957508629e-07	-0.0003620077055543	0.0011841040014445	1.3104957888068877e-07	1.4021022862368765e-06	0.001558112830431	0.0001921723157005	2.427715592353702e-06	3.693019892169265e-08	0.0	0.0	0.0	0.0	1.0	0.0	0.0	0.0	0.0	0.0	0.0	0.0	0.0	0.0	0.0	0.0	0.0	0.0	0.0	0.0	0.0	0.0	0.0	0.0	0.0	0.0	0.0	0.0	0.0	0.0	0.0	0.0	0.0	0.0	0.0	0.0	0.0	0.0	0.0	0.0	0.0	0.0	0.0	0.0	0.0
6297.467891054901	-22.21526041970992	493.5177955155302	39658101.83886746	13142.320505697897	17.41835082046964	303.3989453049554	172720588.27448744	6134.333283069087	2.847992541743224	37630044.82776916	8.11106151782503	7473.041845715387	8205.280024153186	1.515071	43.30949	0.4378548447506635	0.2257702121095721	-0.0522627062	-0.0641287158	-0.0618782231	-0.0346307055	-0.1683482401	-0.0328538457	-0.0884635919	0.0643484715	0.0538830667	-0.1756807403	0.039204933	0.0361910085	-0.0312726701	-0.0580185424	-0.1181576271	0.1571312629	-0.141662453	0.1211439702	0.0588517285	0.1153744082	0.0505694671	-0.0197841719	-0.0006854601	0.0053351727	0.0801484074	0.0302189117	0.1016082997	-0.022972743	-0.0564462387	0.0874566808	0.0540550939	-0.0228123238	-0.0619949566	-0.0036127661	0.0448458785	-0.0287886002	-0.0341687248	0.0066596547	0.0272921844	0.1013544048	0.0168792656	-0.0158194283	-0.0764196602	-0.0078638735	0.0435850379	0.0587670655	0.0068309406	-0.0362814324	-0.0564038281	0.0309019944	0.0646586662	0.0129744481	0.0356251372	0.0334509987	0.0011135918	0.0660075089	-0.041610109	0.020436104	-0.1038057331	0.0327854446	-0.0314885117	-0.0029314803	-0.0817951126	0.0204813735	-0.1111401651	-0.0378876279	-0.0008402628	0.0819535378	-0.0007625671	-0.1400460078	-0.1010313228	-0.0145265065	0.0104499187	0.0542927841	-0.0394604707	0.0561856682	0.1448063879	-0.1362709275	-0.1136856041	0.0134563998	-0.0968568366	0.1108364924	-0.1096452201	0.0095689982	0.0380276579	0.0165762132	-0.0254832089	-0.0433924802	0.0757977312	0.0790486078	-0.0820811367	-0.0683544972	0.0845531281	0.1215540878	-0.0340805012	0.0126544836	0.0673987696	0.0480269209	-0.0326080247	-0.0459763502	0.07245393	-0.0381052176	-0.0029751403	0.0155872937	-0.0682253953	0.054481098	-0.0652122861	-0.0435483626	-0.0058837613	0.0570295894	0.0525261259	0.0386593032	0.0010826757	0.0162757174	0.0717395177	0.0148173132	0.0332818777	0.0428616301	-0.0498057519	0.0844527381	0.056713616	-0.0515287896	0.0643919137	-0.0290777408	0.1493746959	-0.148097966	-0.0478914317	-0.1173779828	0.0667544689	0.0863897969	-0.1667783468	-0.0354365362	0.0503010041	0.086447979	-0.0227347044	0.0435457858	0.0094322625	0.060946849	0.059721693	0.0770580893	0.0198864455	-0.0024033949	-0.0261916194	0.0364138442	-0.0274799402	-0.0703607072	-0.048407032	0.0912450589	0.0859048739	0.0772348614	0.0655710866	0.0513656584	0.0351692048	0.0176095295	-0.0006327229	-0.0188504498	0.0068587986273627	-0.1076587450105251	4.704311861071246e-05	0.0115904053772412	-0.0697911317880226	-0.184155096076452	0.0339130994109273	0.0048708020762531	-0.0358927392272292	0.0199870961784114	0.000399484013645	0.0012882887292338	0.0011658336002979	0.0005340511252711	2.852106044034348e-07	1.3591679835835636e-06	-0.0017459406802353	-0.001383932974681	3.048308858900502e-06	1.915270478409401e-06	0.0009550187806777	-0.0006030940497533	9.120608714471208e-07	3.637224328478359e-07	0.0	0.0	0.0	0.0	0.0	1.0	0.0	0.0	0.0	0.0	0.0	0.0	0.0	0.0	0.0	0.0	0.0	0.0	0.0	0.0	0.0	0.0	0.0	0.0	0.0	0.0	0.0	0.0	0.0	0.0	0.0	0.0	0.0	0.0	0.0	0.0	0.0	0.0	0.0	0.0	0.0	0.0	0.0	0.0	0.0
6245.20423573375	-52.26365532115142	2731.489667528119	39002575.946026765	12963.180209422677	-179.14029627521995	32091.245749573583	168044041.14196774	6104.641834932215	-29.691448136872168	37266651.93280456	881.5820924645698	7426.381921405112	8025.818059958181	1.234699	35.294819	0.2015736138532074	0.1017421241059047	-0.0683709799	0.0066689962	-0.0708920581	-0.0753586053	-0.1443396824	-0.0868953614	0.0069120731	0.0472842512	0.0427140597	-0.1806219623	0.0520352267	0.0700484434	0.0605295778	0.0545153652	-0.0872093692	0.1285745964	-0.1500047814	0.1242739139	0.0233875526	0.1462547859	0.0439906987	-0.0389644514	0.0039021951	-0.0342832173	-0.0333646811	-0.0004102803	0.0266665574	-0.0481817834	0.0396569802	0.0246389064	0.0895190735	-0.0536294333	0.0274110911	0.0354233352	0.0544901072	0.1164755408	0.0193659422	-0.0077325643	0.0164175506	-0.0085734483	0.0648596818	0.0664623019	0.0263887793	0.0978449293	-0.0490316106	-0.0036863837	-0.0315401194	0.1192298127	0.096525454	-0.0604467566	-0.0474381831	0.003650113	-0.1089514244	0.0463846809	0.0806937002	0.0009548382	0.0845629714	0.0584357379	0.0075436563	0.0525260911	0.1051602464	0.0392392554	-0.0592286264	-0.0370254794	-0.0372254424	0.0102186608	-0.0026270086	0.0424963367	-0.084905307	0.105042359	-0.0413595148	-0.0050032229	0.0106221885	-0.0386261722	-0.0751821522	-0.0540934576	0.0592236349	-0.0950664142	-0.1125581512	0.0398350521	-0.0669696573	0.1059339337	-0.1633502845	0.0683679672	0.0202947202	0.0283628867	-0.0115211838	-0.0407603004	0.0514923943	0.0423209802	-0.0154695613	-0.0563967851	-0.0057582918	-0.029014757	0.04314487	-0.0650261484	0.0474523057	-0.0840814038	-0.037019064	-0.051035953	-0.023587326	-0.1097751707	-0.0188053407	0.0801631745	-0.0692670285	0.054714833	0.1116823134	0.0815908544	-0.0138048945	0.0283164678	-0.0373839766	0.0457755699	0.0957575728	0.0633533546	0.0607544586	-0.0100488449	0.0215516948	-0.0353669771	0.0690733651	-0.0971326821	0.0497740139	-0.0455793292	0.018963945	-0.013870786	0.1430836844	-0.1547913342	-0.0908572997	-0.0547960324	0.0495209264	-0.0835860829	-0.0816653875	-0.0553987033	0.071340168	0.0010759892	-0.0179317251	0.0861766758	-0.0040508772	0.0860734905	0.0015618946	-0.0397864904	-0.0843373894	0.0645777033	-0.0599038271	0.0681486657	-0.0864500327	0.0377764881	-0.0160492972	0.0909886953	0.0849007066	0.0750539832	0.0618844603	0.0459751808	0.0280304823	0.0088448147	-0.0107324316	-0.0298345303	-0.0417207175634644	-0.0485795161908271	0.0017406182740103	0.0023599693933348	-0.0253745726458589	0.0444165591421637	0.0019728307260293	0.0006438689369599	-0.0328627685125439	0.0030299707146853	9.180722531850572e-06	0.001079961554309	0.0008810360379341	-0.0002847975623638	8.110965152836255e-08	7.762245001386169e-07	-0.000783960322906	0.0009619803573293	6.145937878908798e-07	9.254062078874078e-07	9.084534426017298e-05	-0.0008641734364175	8.252876573749344e-09	7.467957282096776e-07	0.0	0.0	0.0	0.0	0.0	0.0	0.0	0.0	0.0	0.0	0.0	0.0	0.0	0.0	0.0	0.0	0.0	0.0	0.0	0.0	0.0	0.0	0.0	0.0	0.0	0.0	0.0	0.0	0.0	0.0	0.0	0.0	0.0	0.0	0.0	0.0	0.0	0.0	0.0	0.0	0.0	0.0	0.0	0.0	0.0
6208.905630583196	-36.29860515055316	1317.5887358757643	38550509.12948772	12843.07783616434	-120.10237325833624	14424.580062284716	164944648.30577573	6097.448279087839	-7.193555844375624	37178875.51615125	51.74724568615069	7414.988864256831	7918.126575051585	1.331904	38.073505	0.147810048042218	0.1099984192301344	-0.0613066697	0.0963542295	0.1012252257	-0.0856000802	-0.0939740096	-0.1393146383	0.0320028941	0.1049160556	0.0749580863	-0.1692785599	-0.0082437855	-0.0071750033	0.0899675855	0.0802220972	-0.0977993763	0.1473013117	-0.1493739986	0.0316981059	0.0964117773	0.0892644743	-0.0231463417	0.0397856341	-0.045148785	0.0346066555	0.13550521	0.0689552432	0.0560468275	0.0670160937	-0.0810635414	-0.0516153992	-0.0403139494	-0.0032697293	0.1062760498	-0.0060231494	0.0062298033	0.0881091807	0.0855109065	0.0743810541	-0.0795113365	0.1294120093	0.0321995308	-0.0667652123	-0.0514582022	-0.0389279631	-0.022513832	0.0340474737	0.0263923988	0.0863224227	0.0272000163	0.0427259603	-0.0538663931	-0.038992003	0.1084661269	0.0366454281	-0.0243377913	0.104306001	-0.099289775	0.0269788041	0.021293862	0.0725267734	0.0931097185	-0.0367810142	0.0160047825	-0.0038874107	-0.0144598422	0.0241669453	-0.025926981	-0.0714352467	0.1065136484	0.0754491023	-0.0214605326	-0.034677511	-0.0869321119	0.0272071324	-0.0949259618	-0.0857616926	0.1039092359	-0.0852527316	-0.1482662908	0.034904947	-0.0089221571	-0.0171924743	-0.0964378145	0.0154374354	0.0460984703	-0.029099388	0.0009002231	0.0307840123	0.0218434707	0.1869864192	-0.0075441107	-0.0193102001	0.0612912161	-0.1014134856	0.0837463445	0.0697456088	0.0722938113	-0.0074002303	-0.1348036422	-0.0898428373	-0.0213334934	0.1042105904	-0.061074217	-0.1685333113	0.0918609637	-0.0089716183	-0.0154873113	0.0766399264	-0.027706067	-0.1231214138	-0.1377083089	0.0620547046	-0.0552729226	0.033104372	-0.0125222728	-0.0573107275	0.0388326817	0.0786165117	-0.0673274359	0.0813421642	0.0599937096	0.0389670528	-0.0016061325	0.0001053449	0.1609361051	-0.1565305797	-0.0945961328	0.0124490429	0.0497611092	-0.075392976	-0.0651508831	0.0033090092	-0.0592181141	0.0265641085	0.0291883103	0.0895436437	0.0074519228	0.0503763923	0.0020399457	-0.0069058376	0.0049251913	0.0627270495	-0.01586495	0.117801651	-0.0470481722	-0.0065425575	0.0341897685	0.0907155029	0.0838337306	0.072748185	0.0580147416	0.0403721968	0.0207052216	0.0	-0.0207052216	-0.0403721968	-0.0487659224638008	-0.0070452049003364	0.0023781151937454	4.963491208772405e-05	0.080746050906967	0.1061206235528259	0.0112615867432405	0.0065199247370705	-0.0388151227083639	-0.00595235419582	3.543052047249603e-05	0.0015066137508653	0.0011959678598106	0.0003149318218765	9.91820524304515e-08	1.4303391216999468e-06	-0.0008770449390491	-9.308461614309998e-05	7.692078251116395e-07	8.664745762508269e-09	-7.497552558494115e-05	-0.0001658208698451	5.621329436738165e-09	2.7496560876190283e-08	0.0	0.0	0.0	0.0	0.0	0.0	0.0	0.0	0.0	0.0	0.0	0.0	0.0	0.0	0.0	0.0	0.0	0.0	0.0	0.0	0.0	0.0	0.0	0.0	0.0	0.0	0.0	0.0	0.0	0.0	0.0	0.0	0.0	0.0	0.0	0.0	0.0	0.0	0.0	0.0	0.0	0.0	0.0	0.0	0.0
6164.100959620454	-44.80467096274242	2007.4585400796136	37996140.6403938	12782.637585737571	-60.440250426769126	3653.0238716505655	163395823.64831084	6090.104197782629	-7.3440813052102385	37089369.1398496	53.93553021753852	7411.777082380968	7689.591191987069	1.252799	35.812229	0.1545317891044001	0.0692696840919099	-0.0474832406	0.1797165764	0.0390956887	-0.0207292473	-0.1078347468	-0.1618766808	0.1234035992	0.1166505062	0.0300836157	-0.1436493691	-0.0236740494	-0.0811096104	0.0867210335	0.1230822326	-0.0709670521	0.0947666139	-0.1356108685	0.1134692624	0.0924307376	-0.0171901797	-0.0774687422	0.086591324	0.0597261641	-0.0197457842	0.1501149965	-0.0014637226	-0.0816410178	-0.0638344929	-0.0456084794	0.0777666781	0.055853003	-0.1239179037	-0.0450631449	-0.1292068725	0.0611356575	-0.0135472914	-0.0067594195	0.0676697018	0.0697326391	0.0189779264	-0.0271071498	-0.0131862585	0.079613295	-0.1098437417	0.0611813615	-0.076823917	0.1291123843	-0.0742986616	-0.0479089992	0.0010879336	-0.0902002244	-0.0133853231	0.072049027	-0.091027324	0.0688300423	0.0442595792	0.0695738788	-0.0740474418	-0.0185498138	0.0864561771	-0.0653299032	0.0521190085	-0.0795374376	0.051299718	0.0965674657	-0.037673072	0.0744958146	-0.1178963431	-0.0869552927	-0.019224723	0.1014525869	0.0667556932	-0.0555029939	0.1055635111	-0.0993243036	-0.1714999482	0.0715860699	-0.0720463694	-0.116903887	-0.0381147297	0.1047367969	0.092761776	-0.0663206577	0.0566774482	0.0147501582	0.0428270897	-0.0060997208	-0.1040957331	0.0127137676	0.0554224593	-0.1170049753	-0.0393607925	0.0551417689	-0.0129761693	0.0910103793	-0.015682265	0.0568370832	0.1504029067	-0.0880341746	0.0013246552	0.0436159597	0.0152464113	0.0673342057	0.0434493209	-0.1186078621	0.1149244634	0.0762390824	0.098252373	0.0844543703	0.0006049716	-0.0561127352	-0.0428075467	-0.0540252084	-0.0100313219	-0.0126988599	-0.0034668329	-0.0726737548	0.0237202424	0.0120324587	0.098390152	0.0096180432	0.0853052419	-0.0438554255	0.018732304	0.1459144128	-0.1372546227	-0.0650971952	0.0318883678	0.072062271	-0.1621646782	-0.0620041826	0.0435808264	-0.0139597397	0.0345598435	0.0532911805	0.0883347771	-0.072790409	0.0197249554	0.0527791931	-0.0430446691	0.0308522605	0.1132410244	-0.075970172	0.1328608105	-0.0306865071	-0.0833991496	-0.0489060594	0.090425532	0.0827047351	0.0703213046	0.0539733795	0.0345826047	0.013242171	-0.0088448147	-0.0304331576	-0.0503057744	-0.0542144780514348	-0.0054485555876339	0.0029392096303895	2.968675799153766e-05	0.0306010425127141	-0.0501450083942529	0.0025145218668596	0.0009364238028649	-0.0060646102050156	0.0327505125033483	0.0010725960692319	3.677949693877935e-05	0.0020280124063164	0.0008320445465057	6.922981273700422e-07	4.112834320173234e-06	-0.0012779827077094	-0.0004009377686603	1.6332398012042497e-06	1.6075109433830025e-07	1.5796411632257356e-05	9.07719372171985e-05	2.4952662045571546e-10	8.239544586163027e-09	0.0	0.0	0.0	0.0	0.0	0.0	0.0	0.0	0.0	0.0	0.0	0.0	0.0	0.0	0.0	0.0	0.0	0.0	0.0	0.0	0.0	0.0	0.0	0.0	0.0	0.0	0.0	0.0	0.0	0.0	0.0	0.0	0.0	0.0	0.0	0.0	0.0	0.0	0.0	0.0	0.0	0.0	0.0	0.0	0.0
6194.946950711382	30.845991090927782	951.475166381596	38377367.72212825	12797.859734963244	15.222149225672185	231.71382704863225	163785213.79579347	6099.33306027082	9.228862488191226	37201863.78011261	85.17190282594314	7411.263828953925	7502.958669674781	1.170666	33.464394	0.1470154971411504	0.0813981685953713	-0.0217521514	0.2006723427	0.049758999	0.0551583456	-0.0040753094	-0.0929666408	0.1508170024	0.0395431955	0.1114624628	-0.100132231	0.0793661042	-0.0925582273	0.0581390201	0.1003276109	-0.0162294127	0.0418522525	-0.1671175942	0.0984138078	-0.0199088852	0.0236078149	0.0082827078	0.0694234899	-0.0307964604	0.0103989391	0.0788317294	0.0297697461	-0.1017950863	0.050889264	-0.0501280179	-0.0194360067	-0.1030041872	0.0861805052	0.0278151701	0.0491948828	0.0255819524	-0.0477758032	0.0258124678	0.0201077679	0.0379241541	-0.0027622669	-0.003924833	-0.0832483793	-0.0044837244	-0.0533415867	-0.0306635278	0.1052792095	-0.0435836321	-0.0259278742	-0.0724288283	-0.0713577721	0.0919561725	0.1232560066	-0.0402176559	-0.0033463518	-0.0081138726	0.0595184646	0.0810141004	-0.0774537193	-0.0878973546	-0.0897338562	0.0056272443	-0.0876270367	-0.0269070592	-0.0359336366	0.0132725227	0.0589670729	-0.0598943388	-0.0527666542	0.0259025904	-0.1147410396	0.2332788381	0.1131650272	0.0417923573	-0.0817101519	-0.0451415788	-0.1575299429	-0.001444166	-0.0597822319	-0.1328161802	0.0792597816	0.0253926696	0.0791871966	0.0313043272	0.0455258035	0.0952037991	0.0431219091	0.0404457054	-0.0534602908	0.0995222524	0.0732329516	-0.0712132949	-0.0671015435	0.0151134034	-0.0567275872	-0.1258194392	0.0494380835	0.0460864929	0.0915338136	0.0031655814	0.0191788915	-0.0484971707	-0.0458603826	-0.0096837202	-0.0314161399	0.1883621171	0.0208778539	-0.027194815	-0.0548510706	0.0734880838	-0.0760591528	-0.013387576	-0.0022875226	0.0469870638	0.066278324	-0.0321911057	-0.0444155261	-0.0204988725	0.1183447884	-0.0574066223	-0.0004783811	-0.0479927207	-0.0180283796	0.0444999882	0.0386120828	0.1532671725	-0.1212832461	-0.0401033103	0.0328952501	0.0633888346	-0.1528782933	-0.0125487314	0.047252853	-0.0928253157	0.0068580299	0.0004556511	0.0608474297	-0.0448126594	0.0440640447	-0.0013745495	-0.0310104993	0.0365666583	0.0566345104	-0.0666015321	-0.0050934397	-0.1094731242	-0.0810536125	0.0105066432	0.0901188363	0.0815145553	0.0677773814	0.049772331	0.0286331649	0.005690996	-0.0176095295	-0.0398011998	-0.0594866269	-0.0381066812179398	0.0161077968334949	0.0014521191534456	0.0002594611188291	0.0033292503208599	-0.0272717921918542	0.0007437506493556	1.1083907698945748e-05	0.0351821178686435	0.0412467280736591	0.0017012925767823	0.0012377814177231	0.0010460703753795	-0.0009819420309369	9.642101521204837e-07	1.0942632302466078e-06	-0.0011239327291592	0.0001540499785501	1.2632247796752475e-06	2.3731395891317057e-08	0.000127588002988	0.0001117915913557	1.6278698506465897e-08	1.2497359897849352e-08	0.0	0.0	0.0	0.0	0.0	0.0	0.0	0.0	0.0	0.0	0.0	0.0	0.0	0.0	0.0	0.0	0.0	0.0	0.0	0.0	0.0	0.0	0.0	0.0	0.0	0.0	0.0	0.0	0.0	0.0	0.0	0.0	0.0	0.0	0.0	0.0	0.0	0.0	0.0	0.0	0.0	0.0	0.0	0.0	0.0
6233.546765008412	38.59981429703021	1489.9456637652177	38857105.27154684	12897.880697896162	100.02096293291834	10004.193026028224	166355326.4971624	6107.626904456444	8.293844185624039	37303106.40404021	68.78785137540967	7418.974872951229	7730.997242195375	1.145977	32.75864	0.1365716021002137	0.0736431708430227	0.0161721228	0.1119233746	0.0031099297	0.1046798646	-0.0385466149	0.0052960801	0.1076925893	0.0504018022	0.1733360902	-0.0664908547	0.0622550169	-0.0059152765	0.0087976776	0.0840127007	-0.0445971236	-0.0089387228	-0.1967112095	0.0590239071	-0.0153004984	0.0421841298	-0.021715333	0.0209946654	0.0997081292	0.0164426622	0.0470882164	-0.0493811974	-0.0970904376	0.1136641705	0.1093574406	0.0248901583	-0.0355792364	-0.0142014526	0.0771972463	-0.0169090339	0.1278752667	0.0074736401	0.0935190136	-0.0231532617	0.0254126715	-0.1066484873	-0.0384936684	-0.0154983478	0.0858400662	-0.040340895	0.0132421613	0.0132413844	-0.0082565782	0.0348238402	-0.0007516971	-0.0081179806	-0.0489668862	0.0624905592	-0.0429422032	-0.0067588399	0.0190499171	0.1377396366	-0.0402046657	-0.0169135709	-0.0083349531	-0.0650191081	0.1527881996	-0.0879764613	0.0570268648	-0.0139172454	-0.086118396	-0.0770869419	0.0510448695	-0.0875634435	0.037620905	-0.0777742436	0.0551873245	-0.0588850449	-0.0099943687	-0.0044278597	0.0305424719	-0.0824298398	0.0126159745	0.0206851243	-0.1761464799	0.0836056406	0.0043343845	0.0623604154	-0.0081070466	0.0307531113	0.0374798304	-0.0399164609	0.0357874957	-0.0816296723	0.1040334636	0.0279981837	-0.1007212577	-0.107278086	-0.1292720559	-0.0675182565	0.0409176228	0.0528790643	0.0670511667	-0.027679113	-0.0763381988	0.0539476114	0.0362048829	0.0042909584	0.0346788029	0.0843125594	0.0337271052	-0.0786966297	0.0575165432	0.0914435528	-0.0841899724	0.0358889935	-0.0481398127	-0.0804638326	-0.0588501989	-0.0328275386	-0.0165433429	0.0074947039	0.0227989883	0.009916912	0.0489624208	-0.079091348	0.0340122215	0.0106137936	-0.0413560273	0.0420285516	0.1533463158	-0.0924419445	-0.0488027483	0.0178974991	0.0311156769	-0.0728393251	-0.0088135986	0.0355159303	-0.0181007044	-0.0162570557	0.0692642833	0.0433707198	-0.0684273022	0.0849395373	-0.0299744994	-0.0129532613	0.0100975775	0.0415829856	-0.0534694582	0.0242960463	-0.1345722537	0.028227694	-0.0310092232	0.0897954726	0.0802640719	0.0651206494	0.0454240252	0.022551377	-0.0018980517	-0.0262147696	-0.0486985645	-0.0677773814	-0.0394729362427455	-0.0013662550248056	0.0015581126956238	1.8666527928068128e-06	0.0527493199103616	0.0494200695895017	0.0024423432782311	0.0027824907510056	0.0180053630872052	-0.0171767547814383	0.0002950409048216	0.000324193099902	-0.0001370044964961	-0.0011830748718755	1.399666152463467e-06	1.8770232060149877e-08	-0.0010699983049815	5.3934424177699966e-05	1.1448963726632831e-06	2.908922111380066e-09	-7.573155048060833e-06	-0.000135161158036	5.7352677381969274e-11	1.8268538641649012e-08	0.0	0.0	0.0	0.0	0.0	0.0	0.0	0.0	0.0	0.0	0.0	0.0	0.0	0.0	0.0	0.0	0.0	0.0	0.0	0.0	0.0	0.0	0.0	0.0	0.0	0.0	0.0	0.0	0.0	0.0	0.0	0.0	0.0	0.0	0.0	0.0	0.0	0.0	0.0	0.0	0.0	0.0	0.0	0.0	0.0
6279.345044415349	45.79827940693667	2097.4823966358395	39430174.1868236	12976.80133200818	78.92063411201889	6228.466488643159	168397372.8104093	6123.0217317070055	15.39482725056132	37491395.126956254	237.0007060746254	7433.116360107299	7851.050684922741	1.122862	32.097874	0.1431375402298559	0.0922872083026789	0.0558305278	0.0532921442	-0.0284123607	0.1284691703	-0.0820580902	0.0563048889	0.0846919939	-0.0025674551	0.1191900645	-0.1388402689	0.0417893528	0.0521075504	-0.046227755	0.0485755748	-0.0594926921	0.0287956569	-0.1684842297	-0.0136671813	-0.0274486755	0.0120980688	-0.009254293	0.0189098312	0.0378367511	0.0592894269	0.0127480152	0.0102536018	-0.0236904461	-0.0572503519	0.0926979456	0.0623975668	-0.1244987627	-0.0693360548	-0.1164948623	0.0885688146	-0.0560041194	0.0047347619	-0.0365886166	0.0447781604	0.0518239101	-0.0555975439	-0.1197824856	-0.0583003411	-0.0437953512	0.0403736632	-0.031978872	0.0688989124	0.0775026983	-0.1393572484	0.1116750516	-0.0148028816	0.0547004428	0.1120813932	-0.0310157311	0.0837736937	-0.122988656	-0.0911601056	0.0282650677	0.0435783907	0.02431312	-0.0514209908	-0.1116922039	0.1037555791	-0.0190679004	-0.1007004185	0.0077247413	0.0094168459	-0.126750237	0.0659375115	-0.0245105831	0.0613823186	0.0815309618	0.1539289447	-0.0178196851	0.0526073143	0.0722973613	-0.0540895702	0.0021423178	-0.0674458271	-0.1538506248	0.0610988136	-0.0445331409	0.0658072063	0.1246669511	0.1118603776	-0.0117634148	0.0281272919	-0.0550690993	-0.0406366784	0.0975669984	-0.1020558422	-0.0124023349	-0.1204755525	-0.0636480031	0.0932213642	-0.0957711824	-0.0619026187	0.0562577749	0.0428514271	0.0271577703	-0.1117322745	0.0397316477	-0.0511731042	0.0100187279	0.0305277275	0.0409469438	0.0351287318	-0.0524799746	0.0902290304	0.0306492348	-0.0279692473	-0.0491682723	-0.0194789912	0.0181072991	-0.0787273752	-0.132283607	0.0825162121	-0.0381893241	-0.031801273	0.1166894272	0.0598736226	-0.105089395	-0.075127943	0.0097611518	0.0583996657	0.1442365599	-0.0865526914	-0.0276944402	-0.0213707792	0.0285510459	0.0063933761	-0.0042672425	0.0739955131	-0.0435904695	-0.0631210966	0.0663385936	0.0303998949	0.0170373265	0.0934812916	-0.0376749913	0.047829464	0.0388250896	0.0035175023	-0.0761429754	-0.0485620426	-0.1776793306	-0.067132369	-0.0850769139	0.0894555007	0.0789542098	0.0623555305	0.0409413271	0.0163653521	-0.0094744681	-0.0345826047	-0.057020034	-0.0750539832	-0.0376741609611457	0.0017987752815997	0.0014193424041263	3.2355925136944203e-06	-0.0337798135224716	-0.0865291334328332	0.007487290932637	0.0011410758016129	0.018059405309728	5.404222252279947e-05	2.9205618152037743e-09	0.000326142120141	0.0006629756025194	0.0007999800990155	6.399681588208493e-07	4.395366495359615e-07	-0.000826019664156	0.0002439786408255	6.823084855723911e-07	5.952557717905835e-08	-5.87262010650626e-05	-5.115304601700177e-05	3.44876669153416e-09	2.6166341168175e-09	0.0	0.0	0.0	0.0	0.0	0.0	0.0	0.0	0.0	0.0	0.0	0.0	0.0	0.0	0.0	0.0	0.0	0.0	0.0	0.0	0.0	0.0	0.0	0.0	0.0	0.0	0.0	0.0	0.0	0.0	0.0	0.0	0.0	0.0	0.0	0.0	0.0	0.0	0.0	0.0	0.0	0.0	0.0	0.0	0.0
6312.046667244915	32.70162282956608	1069.396135687197	39841933.12947764	13013.094456469918	36.293124461737534	1317.1908831951714	169340627.3330081	6137.693042231541	14.671310524535327	37671275.88065746	215.2473525073411	7434.591646049802	7897.206709092663	1.327303	37.941986	0.25908981125045	0.1414702333277925	0.1134814559	0.0248515778	0.1014999713	0.1414361284	-0.0558552561	0.1139877426	0.0486974941	0.1198539557	0.1821292501	-0.025823952	0.0488996916	0.0563270352	-0.1265212368	0.0164465919	-0.1534444417	-0.0172888079	-0.1277384591	-0.0600837645	0.0266899743	-0.0290250564	0.1285053242	-0.0687978097	0.1609111271	-0.0576594716	-0.0335802643	-0.0606745161	-0.0541232143	-0.0107646531	0.0768911904	-0.2014773868	-0.0308981878	0.0377094168	-0.0559834635	-0.0340518381	-0.0352936385	-0.0212076399	-0.0010538374	0.1396580035	-0.0025673323	-0.0600864099	0.0213469572	0.05675765	-0.0238701415	0.0695399167	-0.037252416	-0.0760301024	-0.028551872	0.0369510808	0.0512993584	0.0013992419	0.0609772931	-0.0584631117	-0.0317965479	0.0942668961	-0.0747602078	0.0141460354	0.0179591153	-0.0315601209	0.0323038877	-0.016031186	-0.1509261588	-0.024969491	0.0311184318	0.0492225539	-0.0684186299	0.0804686924	0.0548229462	0.0006169424	-0.0802460648	-0.008703527	-0.025657882	-0.0063648488	0.0849946384	0.0093377171	0.1114793097	-0.0220248131	0.1227599714	0.0482123417	-0.143119218	0.1706113778	-0.0536943699	0.0064608798	0.0651384772	-0.0117124809	-0.0046579726	-0.0052961175	-0.1159594952	0.0172130271	-0.0205763019	0.0188074298	0.0480489795	-0.1543487034	-0.0518562109	-0.0640618658	-0.0729460717	-0.0723257731	-0.1824914004	-0.0530440442	0.0066722011	0.1077598483	0.0726850068	0.0239774006	-0.0127630774	0.0682110756	0.0793220674	0.0041808119	0.0615487077	-0.0067332414	-0.0508726817	0.1088685398	-0.007540236	-0.0135357101	-0.007860103	-0.0917915783	0.0564426547	0.0613207302	0.013199206	-0.0846697141	-0.0663918466	-0.0879835044	0.0089935657	-0.0552434374	-0.0586376694	0.0933418397	0.1759318598	-0.0228018969	-0.0005692662	-0.0054486782	0.0131575641	0.0584471862	0.0553837957	-0.0553714144	-0.0230330396	-0.0905113676	0.0787388627	0.0516349733	-0.0507539658	0.0401862499	0.007924874	0.1458475663	0.052628338	0.0312963693	-0.0815868243	-0.0022139113	-0.2098932969	0.0681074391	0.0424021337	0.0890989834	0.0775859381	0.0594866269	0.0363374993	0.0101036834	-0.0169878336	-0.0426372543	-0.064667201	-0.0812075526	-0.0392419424806718	-0.0015677815195261	0.0015399300496563	2.457938892967567e-06	0.0488576002257161	0.0826374137481877	0.0068289421509891	0.0023870650998158	0.0601686144365274	0.0421092091267994	0.0017731854932845	0.0036202621632114	-0.0013390164088031	-0.0020019920113225	4.007972013399109e-06	1.7929649430439509e-06	-0.000222926632192	0.000603093031964	4.969628334046725e-08	3.6372120520353043e-07	-0.0001091492948973	-5.04230938322374e-05	1.191356857657776e-08	2.542488391614617e-09	0.0	0.0	0.0	0.0	0.0	0.0	0.0	0.0	0.0	0.0	0.0	0.0	0.0	0.0	0.0	0.0	0.0	0.0	0.0	0.0	0.0	0.0	0.0	0.0	0.0	0.0	0.0	0.0	0.0	0.0	0.0	0.0	0.0	0.0	0.0	0.0	0.0	0.0	0.0	0.0	0.0	0.0	0.0	0.0	0.0
6349.553378672987	37.50671142807187	1406.7534021486567	40316828.10861754	13190.12551807794	177.03106160802236	31339.99677406341	173979411.18265086	6157.6865924511085	19.993550219567624	37917104.17085215	399.74205038237255	7487.415352055441	8147.192451526273	1.819355	52.007675	0.6080003433211525	0.3288993367020698	0.1060612236	-0.063476289	-0.0189441114	-0.0601487721	0.0204492585	0.1328130742	-0.0338824346	-0.039297253	-0.0898362213	-0.2096810122	-0.0689900796	-0.1583711791	-0.1961497252	0.0584640933	0.0969847556	0.1541622532	-0.0282467667	-0.0610026643	0.0559433822	-0.010553663	0.0386753389	0.0240329071	-0.0550123366	-0.1672869384	-0.0951740303	-0.0592857037	-0.01104049	0.106378686	0.0609732887	0.0274962581	-0.094009865	0.0486045591	0.0179227898	0.0666326494	0.0472298248	-0.0690486849	-0.0995066896	-0.0223602602	0.1227636242	-0.042892652	0.029081191	0.0043935922	-0.0678255408	0.1355460826	-0.0120091939	0.0706619966	0.013697243	0.1228981159	-0.0642898141	0.0066795723	0.034902924	0.0643519697	0.0682704451	0.1316371975	0.0339106729	0.019532037	-0.0443861115	-0.0196070632	-0.0423691186	-0.0431218907	0.0469572311	-0.0006822626	0.0763750013	-0.0040065056	0.0835959461	0.0094448362	-0.0662730756	0.0640233286	-0.0641392502	0.091693846	-0.0750012438	0.0082090614	0.029533876	0.0376749253	0.1460258758	0.009571237	0.0370788327	-0.2484950576	0.0112520024	-0.0510281071	0.0549187842	-0.1250121564	0.0104528684	-0.1471511467	0.0323460382	0.0329611541	0.0147457677	0.0442194674	0.1204594377	0.0568483004	0.114427868	-0.0662179054	-0.1992430761	0.0721407602	-0.0264458027	0.0233968264	-0.0444667625	-0.0949295008	0.1485724075	-0.1016468006	-0.0276225683	0.0764221282	0.1920590841	0.0280290481	0.0741115138	0.0708106206	0.0975834885	-0.1382958195	-0.0501383684	-0.0814891272	0.0316720576	0.0002863698	0.0947489738	-0.0008197982	0.0239442911	-0.1274978509	0.0098525795	0.1186022536	-0.0659354334	0.0134182901	-0.0875134034	-0.0016979031	0.0002557313	0.1195286029	-0.0091281824	-0.1345587014	-0.0698791437	0.0403685958	-0.1582427152	0.0849071656	0.0505513606	0.0138407312	-0.0192998545	-0.12949672	-0.1490650188	-0.0787698292	0.1348314226	-0.1279426632	-0.0609351609	0.051843456	0.178622563	0.0066291502	-0.2439088883	0.1604436628	0.0594181593	-0.1348021501	-0.0874226832	0.0887259867	0.0761602691	0.0565187138	0.0316261628	0.0037953135	-0.0243881477	-0.0503057744	-0.0715496322	-0.0861460138	0.0793692259219795	0.1186111684026512	0.0062994740234542	0.0140686092698421	0.2121634201013051	0.163305819875589	0.0266687908052383	0.0450133168290828	0.0151698801440502	-0.0449987342924772	0.0020248860879249	0.0002301252635848	0.0028813614395044	0.0042203778483075	1.781158918248464e-05	8.302243745062868e-06	0.0004528896066822	0.0006758162388742	2.0510899584075786e-07	4.567275887260698e-07	0.0006163490329297	0.0007254983278269	3.798861303933764e-07	5.26347823679773e-07	0.0	0.0	0.0	0.0	0.0	0.0	1.0	0.0	0.0	0.0	0.0	0.0	0.0	0.0	0.0	0.0	0.0	0.0	0.0	0.0	0.0	0.0	0.0	0.0	0.0	0.0	0.0	0.0	0.0	0.0	0.0	0.0	0.0	0.0	0.0	0.0	0.0	0.0	0.0	0.0	0.0	0.0	0.0	0.0	0.0
6378.773553179047	29.22017450606017	853.818598164609	40688752.04273644	13186.090059055115	-4.035459022825307	16.284929524902186	173872971.04551214	6146.817901411867	-10.86869103924164	37783370.313117385	118.12844490649152	7494.995723860399	8373.824642089105	2.155184	61.607613	0.754803157303489	0.4402519901438226	0.0400396131	-0.1703194049	-0.0332413827	-0.0589100982	0.2544841273	0.1394049991	-0.0488471183	-0.1112331446	-0.0757461485	-0.0255504176	0.1194099157	-0.1211515297	-0.1111940354	-0.1004490741	0.2049505921	-0.061377956	0.004879103	0.0667119524	0.0611770178	0.0573488393	-0.070197666	0.1320661801	0.0392328469	-0.0591788972	-0.2466886867	0.0303663356	0.078387757	-0.0640201348	-0.063261141	0.0691588926	-0.039942973	0.0408408037	-0.0467621027	-0.066835412	0.0496041703	-0.1531357935	-0.1119391863	0.0864023367	0.0680187041	0.0130320505	-0.0068735807	-0.0021081399	-0.0874310986	0.034904068	-0.0493662461	0.0436794309	-0.0783272474	-0.0699545594	0.0625498374	-0.0594257672	-0.0558340116	-0.1238579855	0.0263070057	0.0183748709	0.1761134793	0.0835567204	-0.0078690591	-0.0219552382	0.0125083339	0.0001975652	-0.0582100091	-0.0546351479	0.0807810385	-0.006507835	0.1262992968	0.098040374	-0.0295144234	-0.0122669945	0.0082518475	-0.0243071546	0.0415093195	0.0606562901	0.056103789	0.1142570079	0.1366351593	0.1174323737	-0.1425714459	-0.0897160408	0.1053587295	0.0304136696	0.1111664016	0.0498728502	-0.0996495641	0.0260769921	0.2231207297	-0.032125313	-0.093988052	-0.0545846459	0.0502508481	-0.1064401875	-0.0136438612	0.2090489091	0.0751725657	0.0196147893	-0.0677519343	-0.0679223927	-0.1242750999	-0.0839864447	-0.0105265002	0.1115990681	0.0625700961	0.1297512762	0.252185558	0.0515678887	0.1001159465	0.0752275942	-0.0502039631	-0.0208193243	0.0558424751	-0.0114302449	-0.0790508301	0.0845536081	-0.0239808144	0.1986217044	-0.0969498136	-0.0166926263	-0.0128730965	0.1189295872	0.0397864098	-0.0582201578	-0.0120886969	0.0735171077	0.03810625	0.0101258007	-0.2443474558	-0.0118964503	-0.2278264412	0.098232675	0.1226754573	0.1222068602	0.2065388446	-0.0025847082	0.1527075226	0.0166676033	-0.1925324438	-0.0350927581	0.0645298776	0.0678813569	-0.0813304985	-0.2256380763	0.1631320345	-0.1740400845	-0.1096698323	-0.0351252803	-0.2759671623	-0.3088262447	0.328803443	0.0883365796	0.0746782574	0.0534567308	0.0268212567	-0.0025305991	-0.0316261628	-0.0575187176	-0.0775859381	-0.0897954726	0.0815782459104781	0.0022090199884986	0.0066550102058304	4.879769309586394e-06	-0.0155201052652103	-0.2276835253665154	0.0518397877233246	0.0002408736674432	-0.1464558079228197	-0.1616256880668699	0.0261228630430891	0.0214493036743258	0.009120192823729	0.0062388313842246	3.892301704078584e-05	8.317791714199796e-05	0.0014612560649553	0.0010083664582731	2.135269287368648e-06	1.0168029141702351e-06	0.0005978483977953	-1.8500635134400005e-05	3.574227067464073e-07	3.422735003761959e-10	0.0	0.0	0.0	0.0	0.0	0.0	0.0	1.0	0.0	0.0	0.0	0.0	0.0	0.0	0.0	0.0	0.0	0.0	0.0	0.0	0.0	0.0	0.0	0.0	0.0	0.0	0.0	0.0	0.0	0.0	0.0	0.0	0.0	0.0	0.0	0.0	0.0	0.0	0.0	0.0	0.0	0.0	0.0	0.0	0.0
6349.832811485165	-28.94074169388205	837.5665297920026	40320376.73381359	13166.35513714167	-19.73492191344485	389.46714292976577	173352907.59733686	6118.549010432624	-28.268890979243224	37436641.99306604	799.1301971963389	7460.831071118863	8478.370391648816	2.176086	62.205116	0.7031090902155512	0.3632707742332086	-0.0572593637	-0.2081032691	0.0428121864	-0.082854656	0.0439746395	0.0036034316	-0.2227095682	0.0416252204	-0.0516533722	0.1705995473	-0.0596745923	0.0048303578	0.0227772336	-0.2037660572	-0.0918042748	-0.0725564643	0.0093981062	0.1891710819	-0.1081579943	0.0624313702	-0.0101456274	0.115115953	0.0691287272	-0.0451438829	-0.1868193382	-0.0826374226	0.092695842	0.0306310397	0.0265223487	-0.0097342784	0.1218451791	0.1112677675	-0.0921065751	0.1374411855	-0.0954945578	-0.0001607191	0.1880984165	-0.0596096962	-0.0632575187	0.0452863175	0.1086116078	0.059522143	0.0369735802	-0.0064050696	0.0452351357	-0.0158885017	0.0897807457	-0.0265975108	-0.0874669652	0.0033820577	-0.0437465671	0.0081808273	0.0010338291	0.1017911737	0.1055443005	0.0644764172	0.0571813327	0.0176870017	-0.1032359279	-0.0143002991	0.0411452975	0.1468947056	0.0802172255	-0.0077779284	0.0564506261	0.0190837816	0.0255088938	-0.0153232035	0.0388001967	0.0447349524	-0.0032799592	-0.0961769908	0.0923822264	0.0783924889	-0.0657545643	0.1978072979	0.082113711	0.1390959768	0.0711565113	-0.044912824	0.0181577404	0.1019405372	-0.0545855606	-0.0781356076	0.2554232466	-0.1012436018	0.0429157215	-0.1214123754	0.0219857769	-0.0003460276	0.2361883663	0.11896742	0.027365496	0.0699193902	0.0456861127	0.0268562627	-0.0261407764	0.0327197369	0.067599741	-0.0200262259	0.109307036	-0.1559360793	-0.0562177285	0.1845279654	0.1198174774	0.067911996	0.0590362125	-0.0050507206	-0.0507103356	-0.0847558761	-0.0867300126	0.1662446036	0.0165828441	-0.0407578619	-0.0127902349	0.0063895223	0.0975870341	0.0176549878	-0.0590393241	-0.014853909	0.0818902831	-0.0158041117	0.0919875539	-0.1071354473	-0.1183418378	0.1487529651	-0.0218800959	0.006217955	0.3096925989	0.208954864	-0.0209421469	-0.2403989915	0.1496024374	0.1024986387	-0.0540099386	0.0064017689	-0.012653784	-0.0219355396	0.0068907176	0.0359657491	-0.1274241415	-0.173368951	-0.044404679	0.1453691765	-0.0186465624	-0.1016914242	0.1091943985	0.0879308341	0.0731409993	0.0503057744	0.0219369967	-0.0088448147	-0.038653711	-0.0642107624	-0.0827047351	-0.0921013223	0.063751290442255	-0.0178269554682231	0.0040642270330527	0.000317800341266	-0.2465717510686857	-0.2310516458034754	0.0533848630284946	0.0607976284250779	-0.4084828576815624	-0.2620270497587427	0.0686581748052706	0.1668582450196955	0.0070080526924768	-0.0021121401312522	4.4611359340460655e-06	4.9112802540531325e-05	6.741027579360015e-05	-0.0013938457891616	4.544145282569234e-09	1.942806083963802e-06	0.000259765534507	-0.0003380828632882	6.74781329177074e-08	1.1430002244921533e-07	0.0	0.0	0.0	0.0	0.0	0.0	0.0	0.0	1.0	0.0	0.0	0.0	0.0	0.0	0.0	0.0	0.0	0.0	0.0	0.0	0.0	0.0	0.0	0.0	0.0	0.0	0.0	0.0	0.0	0.0	0.0	0.0	0.0	0.0	0.0	0.0	0.0	0.0	0.0	0.0	0.0	0.0	0.0	0.0	0.0
6227.174327518913	-122.65848396625188	15045.10368889927	38777700.10531063	12989.99459334246	-176.36054379921006	31103.04140915309	168739959.53506637	6080.321197908688	-38.22781252393543	36970305.869737744	1461.3656503651544	7418.512164113511	8213.622206657163	1.997777	57.108017	0.4219850533558545	0.2157171173065498	-0.0882466145	-0.0388951263	0.1230138553	-0.2411772386	0.0075078787	-0.1428768753	-0.1127289661	0.0815326272	-0.1665407953	0.0505979643	-0.0438848968	0.0211501437	0.1343550972	0.0135212489	-0.05648967	0.0638214591	0.1535043151	-0.0046594507	0.0404801691	0.0550732145	-0.0048691088	0.1453544905	0.017348903	-0.1059638904	-0.0682594127	0.0443258958	0.0653327164	0.0647136296	0.0182044385	-0.1140918337	0.0298011897	-0.0830009787	-0.1081202957	0.0626095625	-0.0619322118	0.0398020338	-0.0882799994	0.0171966122	-0.0304501196	0.0857860585	0.0014574669	-0.0454625705	-0.1171181256	-0.0685174553	-0.0630727067	-0.0828302278	0.047878907	0.0757011462	0.0129483551	0.0964107535	0.0998908323	-0.1124913228	0.0019946765	-0.043944278	0.0562241833	-0.0245641487	-0.0986125911	0.0675960124	-0.0290704355	-0.0902033208	-0.0680637313	-0.0070979543	-0.1378350866	0.003682793	0.046619819	-0.0185192877	-0.0104240377	0.0871455451	0.0813760127	0.0176160485	-0.0409897229	0.078371321	0.0306706453	-0.0694364614	-0.1672651746	-0.0216494409	0.0651141169	0.0202764262	0.1688047968	0.0012687119	-0.0393672995	-0.0568856186	-0.0110007574	-0.0022921455	0.1035968844	0.0892866565	-0.0867417673	0.0228203632	-0.0911041498	-0.064210987	0.2254251827	-0.0595060857	0.0982377906	-0.0645609142	0.1293620141	-0.068455045	0.055539333	-0.0451553281	-0.0416147981	-0.1045370366	0.0770979982	0.087346375	0.0211667794	-0.0148169097	0.0297160604	-0.0673770001	-0.036977	0.0690360761	-0.094344511	-0.0250549874	0.0927152148	-0.0812053796	0.0386684919	-0.0113204206	0.0205989562	0.0731506163	-0.080319558	0.0665565477	-0.1406963651	-0.0319488571	-0.0647000154	-0.0869269001	-0.0613021027	-0.0680180521	-0.0678235262	0.0445797073	-0.0002987477	0.0230368372	0.1548545689	-0.0434567317	0.0292285161	-0.1119139001	-0.0500858386	0.1132373599	-0.0720655511	0.0732911551	0.0736776975	-0.0671588422	-0.0202599319	-0.0625925749	-0.1679922212	-0.0292869046	-0.0255651502	0.0518583612	0.1322017706	0.0276988807	0.1115086845	0.0875088252	0.0715496322	0.047071089	0.0169878336	-0.0151181479	-0.0454240252	-0.0703213046	-0.0868454896	-0.0930290603	0.0453007043735311	-0.0184505860687239	0.002052153816738	0.0003404241262793	-0.0903102844040972	0.1562614666645885	0.0244176459641683	0.0081559474691489	-0.3101755644207102	0.0983072932608521	0.0096643239082751	0.0962088807637061	0.0051571332905471	-0.0018509194019297	3.425902632439798e-06	2.659602377646916e-05	0.0004743129662656	0.0004069026904719	2.2497278996767218e-07	1.655697995133521e-07	-0.0004617265203251	-0.0007214920548321	2.13191379571525e-07	5.20550785185846e-07	0.0	0.0	0.0	0.0	0.0	0.0	0.0	0.0	0.0	1.0	0.0	0.0	0.0	0.0	0.0	0.0	0.0	0.0	0.0	0.0	0.0	0.0	0.0	0.0	0.0	0.0	0.0	0.0	0.0	0.0	0.0	0.0	0.0	0.0	0.0	0.0	0.0	0.0	0.0	0.0	0.0	0.0	0.0	0.0	0.0
6144.46627321327	-82.70805430564269	6840.6222470251405	37754465.78265537	12730.268098125309	-259.7264952171517	67457.85231778515	162059725.85014698	6059.644716948465	-20.67648096022276	36719294.09564145	427.5168648984544	7384.689910505478	7747.197023785498	1.632727	46.672771	0.2145058278943769	0.1204243164445707	-0.0971718966	0.1068506463	0.0012594677	-0.063435657	0.0229577379	-0.1915814394	0.0558177458	0.0092117306	-0.0545672571	0.0785432246	-0.044518521	0.0101420685	0.2119425924	0.0587727315	-0.0281232987	-0.0163584114	0.0453082124	-0.008588455	0.0598073939	0.0979331647	-0.0125808058	0.0977972715	-0.0180385651	0.0201455778	-0.0080587577	-0.0239934907	0.0064417269	0.0135790657	-0.0712730843	-0.0430208259	0.0003972618	0.010880134	-0.0353415662	-0.0560837236	-0.1640071433	0.1122848016	-0.0451196474	0.0309265439	-0.0704179969	-0.052150366	0.0644557214	0.0216041816	0.0831562288	0.0379883263	0.0180734127	0.0209926912	0.1151335802	-0.0486043088	-0.0587155995	0.0018901993	0.0992175602	-0.0121431504	0.122435534	-0.0459505728	0.0611901886	-0.0523567381	-0.0333311492	-0.0941448459	-0.0161272664	0.1244286755	-0.0601255463	0.0136564343	-0.0099138096	0.0553409786	0.0820393672	-0.0324630873	-0.0062420267	0.124017391	0.0166445061	-0.0307055973	-0.0861224567	0.0046275899	0.0110248358	-0.1088039377	-0.163257689	-0.0943716993	-0.0434217055	0.0729374589	0.0278765943	-0.0718847224	-0.0532479467	0.0193361099	0.0212821221	0.0567092648	0.1452519359	-0.0227995898	-0.0229035756	0.0402560764	-0.0325165099	0.0985105833	0.0576093695	0.0254555127	0.0224272223	0.0033942513	0.0627156043	0.0568855457	-0.0869358062	0.1075104347	0.0486705662	0.0550384151	0.0228502635	0.0885645394	0.030007788	-0.0553326734	-0.0407324836	0.0685730507	0.0582809757	0.0102432284	-0.0378005157	-0.1848900509	0.1733632532	0.109023099	-0.0033344862	-0.063547466	0.025974213	-0.0317488254	-0.0765610213	-0.0052085405	0.0346651936	0.0059571309	-0.0107681565	0.0365034432	-0.0214914952	-0.0483349589	-0.0300251584	0.0280495187	-0.0097144758	0.1033428228	0.0953373348	-0.0736855136	-0.0810954083	0.0095287552	0.015904514	0.0934237319	0.0297281889	0.0321180339	-0.0100875423	0.009970462	-0.0395033763	-0.1384167842	-0.1104183397	-0.0303519185	0.1024994652	-0.0011177497	0.1040793869	0.0299574445	0.0160214443	0.087070631	0.0699053334	0.0437580584	0.0119884099	-0.0213216021	-0.0518920499	-0.0757950062	-0.0899592343	-0.0925648049	0.0587915715481983	0.0134908671746672	0.0034564488851069	0.0001820034971245	-0.013000568068918	0.0773097163351792	0.0059767922398258	0.0001690147701145	-0.2381310685652096	0.0720444958555006	0.0051904093830732	0.0567064058160085	0.0042081008614463	-0.0009490324291007	9.006625514849647e-07	1.7708112860105092e-05	0.0003910323251254	-8.328064114019999e-05	1.5290627929297653e-07	6.935665188722769e-09	-0.0004608246199855	9.019003396000036e-07	2.123593303847805e-07	8.134242225706019e-13	0.0	0.0	0.0	0.0	0.0	0.0	0.0	0.0	0.0	0.0	1.0	0.0	0.0	0.0	0.0	0.0	0.0	0.0	0.0	0.0	0.0	0.0	0.0	0.0	0.0	0.0	0.0	0.0	0.0	0.0	0.0	0.0	0.0	0.0	0.0	0.0	0.0	0.0	0.0	0.0	0.0	0.0	0.0	0.0	0.0
6148.812460046283	4.346186833013235	18.88933998745761	37807894.668820426	12648.731678880104	-81.53641924520525	6648.187663329877	159990413.08430508	6072.9385816786025	13.293864730137102	36880583.01684052	176.7268394631832	7374.060035847348	7499.121614468482	1.426133	40.767124	0.1063726621841218	0.0526555893120813	-0.0731270629	0.1703482487	-0.1873080423	-0.0252700053	0.0517877327	-0.1327278579	0.1791742961	-0.1545507145	-0.0566639813	0.0340087549	-0.0773994614	0.0306102399	0.1190473189	0.0860415788	0.0758791026	-0.0172129609	0.0311681322	-0.0130631566	-0.036102909	0.0543474697	-0.1697266837	0.0888295126	-0.0562885902	-0.0873992108	0.0088302625	0.067445709	-0.0717907993	-0.1841853631	-0.0467182605	0.0254821183	0.0401438611	-0.1028263066	-0.0023672251	0.0735070248	-0.0075620111	0.0155631324	-0.1280524884	-0.0627119899	-0.0281541096	0.0623865789	0.0634873391	0.0023373359	-0.0446641919	0.0140085896	0.035958005	-0.0719149792	-0.1786455816	0.101928697	0.0854147185	-0.0158087023	0.0078328496	-0.0274147436	-0.1187970832	0.0619391589	-0.0140292324	-0.0214377092	-0.0580090042	0.001770157	0.0044555331	-0.0114514669	-0.0066902384	-0.0531621146	0.1010330609	0.0441710792	0.0019914383	0.0084438521	0.0233613397	-0.1834033648	0.0365310157	0.0818670516	-0.0012942756	-0.0432640175	-0.0593462834	0.0343699042	-0.068920133	-0.12458492	-0.1710509231	-0.0045947801	0.0053606989	-0.1049265057	-0.0152040729	0.0826282352	0.0257173275	-0.0205873934	-0.0256165091	0.1641440374	-0.0179001562	-0.0288674863	-0.0008190309	-0.06194024	0.0296145998	0.0666933596	0.081225544	0.0050062174	0.0846887733	-0.100806437	-0.044186616	-0.0658585895	0.0136676709	0.0175410722	-0.046888484	-0.0584441595	-0.0516549392	-0.0571173679	-0.0775334991	-0.0903717675	-0.0843442027	0.031140918	0.068060087	-0.0008128303	-0.0243768382	0.0245799825	0.1288926149	0.0504356246	0.068121297	-0.0344245821	-0.0259676866	0.0453023937	-0.1325732439	-0.0509531275	0.0483805187	0.0062464883	-0.0221683995	-0.0277601867	-0.0283607415	0.0101469859	0.0441546508	0.1061018389	0.0379574785	-0.2069166422	-0.047822474	0.0039004179	0.110609724	0.0079195319	-0.0503709573	-0.036801011	0.0245261199	-0.0718074794	-0.0323750994	-0.1051375392	-0.0576966026	-0.0079791259	0.0440196057	-0.0998949713	0.0921455417	-0.0332113249	-0.0660576014	0.0866163325	0.0682093192	0.0403721968	0.0069535172	-0.0274265036	-0.0580147416	-0.0805822964	-0.0920091471	-0.0907155029	0.0519172279127815	-0.0068743436354168	0.0026953985541476	4.725660041779548e-05	0.0095606769962302	0.0225612450651482	0.0005090097788896	9.140654462624532e-05	-0.2115031500416577	0.0266279185235518	0.0007090460448969	0.0447335824775439	0.0035690660345392	-0.000639034826907	4.08365510000187e-07	1.273823235890137e-05	0.0001848909442443	-0.0002061413808811	3.4184661263548855e-08	4.249426891156674e-08	-0.0006218315113974	-0.0001610068914119	3.866744285667748e-07	2.5923219082123365e-08	0.0	0.0	0.0	0.0	0.0	0.0	0.0	0.0	0.0	0.0	0.0	0.0	0.0	0.0	0.0	0.0	0.0	0.0	0.0	0.0	0.0	0.0	0.0	0.0	0.0	0.0	0.0	0.0	0.0	0.0	0.0	0.0	0.0	0.0	0.0	0.0	0.0	0.0	0.0	0.0	0.0	0.0	0.0	0.0	0.0
6205.0708994967135	56.25843945043016	3165.0120093977166	38502904.86778095	12722.70360222764	73.97192334753709	5471.845443733902	161867186.95013618	6096.295788933249	23.35720725464671	37164822.34616527	545.5591307365208	7392.864517280889	7623.857111112533	1.425135	40.738602	0.0620473859142642	0.0308751717028582	-0.0306483717	0.1252037614	-0.0051356071	0.0531156594	0.1125348833	-0.0717505159	0.1319658487	-0.0738857929	0.0293757559	0.0891781238	-0.0078305437	-0.0087626864	0.0475615872	0.0356971599	0.0056518683	-0.035434505	0.0157055198	-0.0040810717	0.0373211928	-0.0433492848	0.0500503718	0.0803376434	0.0364570274	-0.0117335835	0.0769030954	-0.0118484825	-0.0890113374	-0.0955905994	-0.0801835837	0.0222755507	0.014000674	0.0346950023	-0.0882417879	-0.039261723	-0.0733232382	-0.0866309002	-0.0147467586	-0.0124441242	0.0090878071	-0.0771132554	-0.0664363399	0.0589026134	0.0178896915	-0.050881518	-0.0259454089	-0.0012155447	0.0016511413	-0.0360812992	-0.045032345	-0.0609361743	0.0388705175	0.0366570123	0.0530058699	-0.0424946929	0.0356365794	-0.0099237342	0.0488513616	0.0083323113	0.0956551696	-0.0396236042	0.0604590469	-0.008407585	0.0463329258	0.0799691713	-0.1210317967	-0.103017311	0.0969642231	0.0200449956	0.0138489771	0.0031381575	-0.0486424076	-0.1059445255	0.039496602	-0.0957478945	-0.032779527	-0.0763248835	-0.0734244549	0.0585115056	-0.0094161359	0.0668776094	0.0040363069	-0.0015662165	0.0317652551	-0.0847434856	0.0061370698	0.1665972328	-0.0923393958	-0.0364672461	0.0780180266	0.0376854376	-0.0012990793	0.0730821079	0.000334264	0.1064765591	0.0021327357	-0.0055949797	-0.1217421853	0.1211968076	0.049979512	0.0761302485	-0.078407639	-0.0690697415	-0.0196140891	-0.0096776706	-0.0903606138	-0.0152840293	-0.0147620883	-0.0266397657	-0.0044345829	0.1037113922	0.0274617974	-0.0766312402	-0.0372247314	0.0207929598	0.0439694585	0.1158590619	0.0317652282	-0.0310503435	0.1512728319	0.0522247259	0.1035304651	-0.0068680841	-0.0938494193	-0.0210069939	-0.0092957938	0.0237391033	0.0226227395	0.086794898	0.0274128932	-0.1421679525	0.0102686716	-0.0153601896	-0.0135982612	0.0320479188	-0.0396344437	-0.0131501265	-0.0251150261	-0.063899906	-0.0195949893	0.0050071603	-0.055096273	0.0365094546	0.0697707581	-0.1354307079	0.0771003695	-0.0048037277	-0.0749249508	0.0861460138	0.0664628444	0.0369191397	0.0018980517	-0.0334046344	-0.0637513548	-0.0846398209	-0.0929709861	-0.0875088252	0.0464344332376498	-0.0054827946751317	0.0021561565901017	3.006103744965252e-05	-0.0103217139735818	-0.019882390969812	0.0003953094706764	0.0001065377793524	-0.1969845685455666	0.0145185814960911	0.0002107892086586	0.038802920245083	0.0035490275561864	-2.003847835280008e-05	4.015406146956374e-10	1.2595596594570413e-05	4.0900964210610624e-05	-0.0001439899800336	1.6728888733576511e-09	2.0733114350102263e-08	-0.0009010754284755	-0.000279243917078	8.119369278023058e-07	7.797716522512076e-08	0.0	0.0	0.0	0.0	0.0	0.0	0.0	0.0	0.0	0.0	0.0	0.0	0.0	0.0	0.0	0.0	0.0	0.0	0.0	0.0	0.0	0.0	0.0	0.0	0.0	0.0	0.0	0.0	0.0	0.0	0.0	0.0	0.0	0.0	0.0	0.0	0.0	0.0	0.0	0.0	0.0	0.0	0.0	0.0	0.0
6219.2800977543175	14.20919825760393	201.90131512389456	38679444.93432295	12815.097717765748	92.39411553810714	8536.672586069091	164226729.51588488	6090.066951178258	-6.228837754991218	37088915.46983364	38.79841977800404	7396.310450739264	7814.578454097625	1.056681	30.206051	0.0914115216557297	0.0425235405464389	-0.0237970719	0.0649535983	-0.0706460687	0.01955766	0.0118096362	-0.0678236255	0.0824808004	-0.0608631608	-0.0061988846	0.0295527015	-0.0503056832	0.0666335714	0.0743220362	0.029620328	0.0339282374	-0.0439689594	0.0567789	-0.0364415748	-0.0006059684	0.0068668477	0.0191766876	0.0219828905	0.0377590805	0.0623075371	-0.0176823488	-0.0540391593	0.0627728132	-0.0328978241	-0.0480802185	-0.0591988641	-0.0659588211	-0.1262957997	0.06716025	0.0722656128	-0.0494002792	-0.0002293276	-0.1814804161	-0.0087476924	-0.0760006802	-0.0469922946	0.0699575998	0.0658957298	0.0528038006	0.0251962822	-0.0959144403	0.0889114555	-0.1046314381	0.0657182116	-0.022665802	-0.0914811547	-0.090139318	0.0596566958	0.0488489727	-0.0512246362	-0.0728043914	0.0773785139	0.0232242813	0.0535698103	-0.0223856124	0.0089823313	0.0635872354	0.0216519576	0.03188564	0.0232070143	-0.02383548	-0.036287023	0.0834557708	0.0690064118	-0.045797351	0.0151415224	-0.0198567792	-0.0860436917	-0.0151003392	-0.0031895652	-0.0391937333	-0.0587044118	-0.0807337352	0.0275404803	-0.0083648815	-0.0052437629	-0.0317306619	0.0276097531	-8.3947e-06	0.0584575799	-0.0241412628	0.0243967122	-0.0671696698	0.0664992561	-0.0017210014	0.0337550418	-0.0004105356	0.1537505438	-0.0116223335	0.0253554202	-0.037934375	-0.0948710544	-0.036271663	-0.0557764932	0.0410227433	0.0401604284	0.0252531764	-0.0916270712	0.0313279675	-0.078699557	-0.0371536295	-0.1394227937	0.0663166819	0.014524086	0.0568296774	-0.0461034292	0.0603977402	-0.0576546515	0.0457570409	0.0319266899	0.1219417425	-0.1140499155	0.0991992293	-0.0348983171	0.08327729	-0.026125431	0.0431657954	-0.0307816494	0.0807052957	-0.0196602878	-0.0251875092	0.0211730738	0.0260665366	0.0654059091	-0.0160522979	-0.0753679157	0.0042651498	0.0702199464	0.0651104923	0.00841915	0.0155090712	-0.0365249039	0.0524789501	-0.0010844305	-0.0653035581	-0.0441057937	-0.1099626746	-0.0164410574	0.0969734136	-0.1262279782	0.0654479868	0.0547357518	-0.0263030906	0.0856597619	0.064667201	0.0334046344	-0.0031630294	-0.0392283624	-0.0690637132	-0.0879308341	-0.092833377	-0.0829927534	0.0546448802002998	0.0082104469626499	0.0029860629321051	6.741143932648857e-05	0.0202389182973519	0.0305606322709337	0.0009339522447992	0.0004096138138468	-0.2080494891577871	-0.0110649206122205	0.0001224324681547	0.0432845899388161	0.0029779417393949	-0.0005710858167915	3.261390101404149e-07	8.868137003230321e-06	-0.0001462324555836	-0.0001871334197942	2.1383931066009545e-08	3.5018916803876265e-08	-0.0008277842288627	7.329119961279999e-05	6.852267295538148e-07	5.3715999406832935e-09	0.0	0.0	0.0	0.0	0.0	0.0	0.0	0.0	0.0	0.0	0.0	0.0	0.0	0.0	0.0	0.0	0.0	0.0	0.0	0.0	0.0	0.0	0.0	0.0	0.0	0.0	0.0	0.0	0.0	0.0	0.0	0.0	0.0	0.0	0.0	0.0	0.0	0.0	0.0	0.0	0.0	0.0	0.0	0.0	0.0
6253.90463076879	34.624533014472945	1198.858286470327	39111323.13075132	12837.907163604976	22.80944583922792	520.2708194926719	164811860.34133995	6098.48312577391	8.416174595651682	37191496.43534912	70.83199482449277	7401.836084769156	7838.18193851594	1.137694	32.521854	0.0769023759795976	0.0438234118448888	-0.0205351097	0.036061576	-0.1042724131	0.0118199151	0.0344111457	-0.0206719221	0.0624082023	-0.0741653888	0.0045660889	0.0729877722	-0.0380124528	0.0193748538	0.044595361	0.0094540556	0.0571387641	-0.096078799	0.0038112234	-0.0483692896	-0.0451218141	0.0199072444	0.0461784021	0.0235712801	0.082771125	0.0284831162	0.0082660302	0.0310337089	-0.0031749232	-0.105183373	-0.1107291969	0.0816302716	0.0452580598	0.020943546	0.0859592801	0.0028036056	-0.0823442769	0.0428877048	0.0488516884	-0.0654122994	-0.066677764	-0.0170946925	0.0455243808	0.0299436218	-0.0137679122	0.0568974932	0.0214945459	-0.0037039805	-0.0554052728	-0.1109655165	-0.0343643706	-0.0374657232	0.0404142844	0.001616473	0.0291641851	0.0233144302	-0.0745510086	0.0639569105	0.032860822	0.0105984245	0.1782735169	0.0398358743	0.0015242801	-0.002921632	0.0226209978	0.0849083028	-0.0070424005	0.052571934	-0.0036067187	0.0360683148	0.0538706849	-0.1184529392	-0.0574207854	-0.0183409386	-0.0236575626	-0.0820856286	-0.0072007668	-0.0126764129	-0.0996365306	0.075015848	-0.0152734809	0.0274211659	-0.032713853	-0.0072655351	-0.0373537609	-0.1017474657	0.0035335098	0.0521587274	-0.0168349222	0.0176719156	0.0281043692	0.0204253961	-0.029059844	0.1272312165	0.0253734644	0.0071926201	0.0147681011	-0.1096776735	-0.0478205152	0.0137120071	0.0669546233	0.0233593453	0.0037820725	-0.0097732771	-0.1396689944	-0.074291585	-0.0902631841	-0.088218857	-0.117907257	-0.0006314724	-0.0090407504	0.0447316132	0.0180880517	0.0521623625	0.0009621473	-0.0026525731	0.0630546913	0.0274995173	0.0366095471	-0.0626403808	0.0502078588	-0.0373094812	-0.0025394337	0.0850461727	-0.0473097749	-0.0236932209	-0.0209255395	0.0432161725	0.0495814538	0.0384921966	-0.0214204442	-0.0757482288	0.0016316326	-0.0350741306	0.0675723008	-0.0150370214	-0.0663850297	-0.024894102	0.001042338	-0.0420043021	-0.0519661343	0.056094205	-0.0502691311	0.0128023248	0.0595526746	-0.1044556395	0.0840282094	-0.0028382366	-0.0760031801	0.0851576666	0.0628237173	0.0298345303	-0.0082147524	-0.0448707692	-0.073916464	-0.090425532	-0.0915979471	-0.0772348614	0.0625164378707552	0.0078715576704554	0.0039083050040479	6.196142015930525e-05	-0.0043482024073995	-0.0245871207047514	0.00060452650455	1.8906864175714808e-05	-0.210286722067778	-0.0022372329099908	5.005211093546323e-06	0.0442205054780109	0.0029067512875336	-7.119045186129973e-05	5.0680804362160354e-09	8.449203047578242e-06	0.0005516893835504	0.0006979218391339	3.043611759222203e-07	4.870948935401849e-07	-0.0009028012317554	-7.50170028927e-05	8.150500640590674e-07	5.627550723003361e-09	0.0	0.0	0.0	0.0	0.0	0.0	0.0	0.0	0.0	0.0	0.0	0.0	0.0	0.0	0.0	0.0	0.0	0.0	0.0	0.0	0.0	0.0	0.0	0.0	0.0	0.0	0.0	0.0	0.0	0.0	0.0	0.0	0.0	0.0	0.0	0.0	0.0	0.0	0.0	0.0	0.0	0.0	0.0	0.0	0.0
6269.795510168075	15.89087939928504	252.52004808262168	39310335.73932376	12942.91565421998	105.00849061500412	11026.783101241408	167519065.6322526	6098.432805678423	-0.0503200954863132	37190882.6853748	0.0025321120097516	7408.942366197204	8060.527692265664	1.20596	34.473297	0.0214654009456829	0.0112786497612049	-0.0037088212	0.00566963	0.0299511462	-0.0169609409	-0.0146220892	-0.0214463895	-0.002303718	0.0010578804	0.0155624489	0.0315319872	-0.013218776	0.0013442707	0.0290303404	0.0066061985	0.0002416458	-0.0696421445	0.0532629254	-0.0700663699	0.0416917089	-0.0210633243	0.0140154295	0.1021061299	-0.006673647	0.1385034284	0.0639256315	0.0126597742	0.0095706811	-0.0776715011	-0.0421079711	-0.0981676751	-0.125704999	0.1178470553	-0.0873820271	-0.0664050475	-0.1819475164	0.0459740878	0.0237927834	-0.040866811	0.0271263746	-0.0740095578	-0.06559798	-0.1017005223	0.0710015175	0.0504919973	-0.0009906363	0.002515823	-0.1609929042	-0.0885447748	0.0382742531	0.0902452191	-0.1246399881	-0.0320415557	-0.0319259624	-0.0610080994	-0.0055537119	-0.0298926958	-0.1452896937	-0.0167740322	-0.0376500788	0.0134332549	0.0322048175	-0.0255558475	-0.0048511615	0.0476134571	-0.0551082663	0.0553954639	-0.0083539817	-0.0695966527	-0.0014072012	-0.0247069648	-0.0732032975	-0.0560432069	0.1103527746	0.1447712775	-0.0146564776	-0.0293394251	-0.0162819426	0.042992331	0.0096684102	0.027008651	0.0364752592	-0.0236661374	0.0856783247	0.0817124522	0.0100635305	0.0157010725	-0.0433926469	0.1387741502	-0.0554938884	-0.0295739955	0.0330429053	0.2024632693	-0.0796392031	-0.0093056905	-0.0003431808	-0.0612019507	-0.0273306602	0.1825590369	-0.1004944581	-0.0049723006	-0.0711930529	-0.044101441	-0.0447226836	-0.0693692732	0.0080430822	0.02574369	-0.1109321375	0.1171086556	-0.0524836326	-0.0359476289	0.0884055227	-0.0770268591	-0.0511235237	-0.0606691504	-0.0856059354	0.0823469934	0.1361617229	-0.0443768019	0.0099046231	-0.0056305981	-0.0342005304	0.0265218812	-0.0589615394	-0.0115044277	-0.0224143979	0.0390972702	0.0292649253	0.0325258658	-0.0181478751	-0.0291585254	0.0910276822	0.049620079	-0.0590057235	-0.0061335392	0.0292204888	-0.0120114375	0.0486626401	0.0118036571	-0.0674130155	0.0237495943	-0.0949771538	-0.0105660667	0.0805664002	-0.0769360621	0.0759612031	0.090478213	-0.0235456847	0.0846398209	0.0609337573	0.0262147696	-0.013242171	-0.0503057744	-0.0782773129	-0.0921013223	-0.0892793062	-0.0703213046	0.055982287772494	-0.0065341500982612	0.0031340165442423	4.269511750660685e-05	-0.0089520843441022	-0.0046038819367027	2.1195728887097407e-05	8.013981410391973e-05	-0.216406630678982	-0.006119908611204	3.745328140948901e-05	0.0468318298018293	0.0029122870014877	5.535713954099922e-06	3.0644128981616585e-11	8.481415579034219e-06	0.0006301863877569	7.849700420650002e-05	3.9713488331408986e-07	6.161779669395282e-09	-0.0009029177195851	-1.1648782970001289e-07	8.152604083407572e-07	1.3569414468219202e-14	0.0	0.0	0.0	0.0	0.0	0.0	0.0	0.0	0.0	0.0	0.0	0.0	0.0	0.0	0.0	0.0	0.0	0.0	0.0	0.0	0.0	0.0	0.0	0.0	0.0	0.0	0.0	0.0	0.0	0.0	0.0	0.0	0.0	0.0	0.0	0.0	0.0	0.0	0.0	0.0	0.0	0.0	0.0	0.0	0.0
6295.485885591476	25.69037542340084	659.9953893952778	39633142.53568149	12940.124938964844	-2.7907152551360923	7.788091635249304	167446833.4360199	6119.572060977712	21.13925529928838	37449162.209499	446.8681146084919	7428.232616721536	7899.157628237816	1.025091	29.303017	0.0930440801126877	0.0502857547482318	0.02755262	0.007593289	0.0053468828	0.061770056	0.0298268885	0.0491557869	0.0343538872	-0.0205857811	0.0736526949	0.0500648667	0.0721451316	0.0374779013	-0.0194243179	-0.0013359792	-0.0018053999	-0.0118386221	0.0089886443	-0.0976180666	-0.0768951307	-0.0749524874	0.0436448067	0.0063643246	0.0480568231	0.0394671382	0.0369202885	0.077406699	-0.1041169179	-0.0910796767	-0.0373610253	-0.039284484	-0.0128910961	0.0051626594	0.0260921975	-0.0890028329	0.0270102316	-0.0570935187	0.0602470397	0.0138884762	-0.048831855	-0.0672448493	0.0605379967	0.1064055287	-0.0135595632	-0.0238975674	-0.04088412	0.028486132	0.0857841512	0.0343342898	-0.0297373235	0.0343539256	-0.0024662221	-0.022135167	-0.0742227812	0.0138352666	-0.027339253	0.0150076672	0.0091649979	0.1065139124	0.0768762446	-0.0388255456	0.0368038285	0.0498449534	-0.0482813336	-0.0465983426	-0.0408800993	-0.0720463288	-0.0046652034	-0.0805132861	-0.0209977016	-0.0401691297	0.0567157775	0.0587572719	0.0140238594	-0.0393336357	0.0413200258	0.0119967953	-0.0145584478	0.0235967422	-0.0319006092	0.0792521755	-0.0222429709	-0.0141384399	0.1281154199	0.0180836668	-0.0371689549	-0.0157145784	-0.0119320308	0.063098746	0.0064293243	-0.0498160429	-0.0673587549	0.0057000577	0.0134661039	0.0156426272	0.097652476	0.0664087964	-0.0877293668	0.00923021	-0.0435174346	0.1487509706	-0.0128456797	0.0299087296	-0.0916749508	-0.0239864079	0.019643528	0.019487073	0.0972139961	-0.033739383	-0.0354129127	-0.0011341811	-0.0654149376	0.0265730049	0.0492006477	0.0548217499	0.0944426124	0.0419900706	-0.0386796263	-0.020943165	-0.079604219	0.0354780681	0.0612443054	0.008638333	0.0840697756	0.0021616316	-0.0003829839	0.0444817144	0.0105011108	0.026678589	-0.0308634353	0.0233958434	0.0270105387	0.0536624532	-0.0250527692	-0.0503390634	0.03009706	-0.0215238926	0.0441405763	0.0348998035	-0.063713415	0.0392395836	-0.0237579651	-0.0161002032	0.1121531451	-0.0984657231	0.0502363633	0.0331564565	-0.1002115733	0.0841063205	0.058998719	0.022551377	-0.0182304111	-0.0555082565	-0.0821172393	-0.0929430287	-0.0859048739	-0.0623555305	0.0495293453576124	-0.0064529424148815	0.0024531560515536	4.164046580977794e-05	0.0093021313418262	0.0182542156859284	0.0003332163903083	8.652964750058529e-05	-0.1789063752883493	0.0375002553906327	0.0014062691543626	0.0320074911188156	0.0025132721204087	-0.000399014881079	1.5921287532248866e-07	6.3165367512236425e-06	0.0005297186333845	-0.0001004677543723	2.806018305547423e-07	1.0093769668632893e-08	-0.0010201684165586	-0.0001172506969735	1.0407435981436812e-06	1.3747725940771528e-08	0.0	0.0	0.0	0.0	0.0	0.0	0.0	0.0	0.0	0.0	0.0	0.0	0.0	0.0	0.0	0.0	0.0	0.0	0.0	0.0	0.0	0.0	0.0	0.0	0.0	0.0	0.0	0.0	0.0	0.0	0.0	0.0	0.0	0.0	0.0	0.0	0.0	0.0	0.0	0.0	0.0	0.0	0.0	0.0	0.0
6340.551994783464	45.06610919198738	2030.9541977041292	40202599.59855256	13126.878977377584	186.75403841274056	34877.07086346737	172314951.68671757	6143.342156104793	23.770095127080825	37740652.84697428	565.0174223504714	7458.129862886407	8165.548588758899	1.157702	33.093815	0.1093350760235877	0.0675541358415069	0.0601146047	-0.0762384005	0.0733666403	0.1043389606	-0.0035168722	0.1106153257	-0.0536630104	0.0387973598	0.0473593453	0.0695178956	0.0043391273	-0.0183440761	-0.1067195345	-0.0821611683	-0.0369037857	0.0028894599	0.0229983861	-0.0671544207	-0.076495334	-0.145788471	-0.0171515484	-0.1104612983	-0.0477734061	0.042234233	0.0588364073	0.0274652178	-0.0903954064	0.0511173612	0.004603379	0.0256211895	0.0229073311	-0.0189671695	-0.095344427	0.004120652	0.0116460828	0.0047489211	0.0052698801	-0.0335088147	-0.1035792168	0.0055876721	-0.0249827366	0.0096736752	-0.0436618911	-0.0287063351	0.0550987996	-0.0169703221	-0.0487860279	0.061380554	-0.1411257223	0.0588649749	-0.0304623341	-0.0259272697	0.0453142214	-0.0079255794	-0.0429491602	0.010214979	0.0319035645	0.0354158891	-0.0021488678	-0.0562899859	0.0610138064	0.0162040277	0.0062978143	-0.0678326299	0.0552177454	-0.0821284486	0.129917926	-0.0183322634	0.0965316514	-0.0483518859	-0.0904300748	0.0586446975	0.0450706339	-0.0086790224	0.0792001732	0.0870968012	0.0724797823	0.0365804765	0.004903061	-0.0086861445	0.0537039086	-0.0286149604	0.073923948	-0.0594601003	-0.1140853676	-0.0376204204	0.0765285144	-0.0401025568	0.018652613	-0.0429852769	-0.0572355538	-0.042586208	0.0366767824	0.0273037662	0.0687251714	0.0676533644	-0.0046686083	0.0063132645	0.0156313907	0.0742649835	0.003532423	-0.0592625013	0.0314712397	-0.1298854136	-0.062239647	0.0319202678	0.0211636217	0.0301024309	-0.0370181425	-0.0312297601	0.0535536477	-0.0722552513	-0.0928345982	-0.013908667	0.0088508942	0.0398032384	0.0070788237	0.0391088273	-0.0438472782	0.0065475505	-0.0427908416	0.0769567199	0.0190897655	0.0120401199	-0.0030831667	0.072850809	0.0109211826	-0.0440264549	-0.0257049062	0.1228821633	0.0618490374	0.0288698705	-0.0651796383	-0.0424931245	0.0383700045	-0.0185207897	-0.024908034	0.0146360956	-0.0314479883	0.0288121438	-0.0014308144	0.0963054329	0.031593657	-0.023478046	0.0533615564	0.0281575639	-0.0375178121	0.0835572642	0.057020034	0.0188504498	-0.0231647145	-0.0604541685	-0.0854106889	-0.0929430287	-0.0815145553	-0.0534567308	0.0495262759305887	-3.069427023702498e-06	0.0024528520075528	9.421382253835174e-12	-0.0502343028829983	-0.0595364342248245	0.0035445870002068	0.0025234851861408	-0.1642627404352197	0.0146436348531295	0.0002144360417117	0.0269822478952883	0.0022129629902576	-0.000300309130151	9.018557365211024e-08	4.897205196249859e-06	0.0008037296720493	0.0002740110386648	6.459813857324753e-07	7.508204931016253e-08	-0.0011488869981149	-0.0001287185815562	1.319941334437466e-06	1.6568473237865845e-08	0.0	0.0	0.0	0.0	0.0	0.0	0.0	0.0	0.0	0.0	0.0	0.0	0.0	0.0	0.0	0.0	0.0	0.0	0.0	0.0	0.0	0.0	0.0	0.0	0.0	0.0	0.0	0.0	0.0	0.0	0.0	0.0	0.0	0.0	0.0	0.0	0.0	0.0	0.0	0.0	0.0	0.0	0.0	0.0	0.0
6314.807327728865	-25.74466705459872	662.7878817521408	39876791.58633817	13082.22825418307	-44.650723194514285	1993.687081793136	171144696.0945458	6132.15970646478	-11.182449640012235	37603382.66559022	125.04717995140982	7451.959741750475	8216.855298725251	1.076745	30.779593	0.0772761567628198	0.0393854830538492	0.047104513	-0.062526342	-0.0101706289	0.0385983519	-0.0782891847	0.0687144032	-0.0317963449	0.002849065	-0.0575123454	-0.0254958819	-0.0573074145	0.0418269026	-0.0552698469	-0.0536137233	-0.068498203	0.0090801022	0.0137714126	-0.0342264705	-0.0253029558	-0.0387473781	-0.0300279816	-0.0906249475	0.0009597167	0.0274496444	-0.0771426033	-0.0700705495	0.015313147	0.0791314006	0.0379968298	0.067800607	0.1384032918	0.0425947242	-0.0020006396	-0.0729713284	-0.0585490489	0.0521001291	-0.059107476	0.0349725313	0.0420821181	-0.0257447811	0.076666287	-0.099315468	0.057938085	-0.0227824032	-0.0815491687	-0.0922041911	-0.009921366	0.0392712342	-0.053261717	-0.0468373576	0.0212487353	-0.010202739	-0.0070082922	-0.1986972163	0.0301057471	0.0153368664	0.0054880254	-0.1312558343	-0.1304438446	0.015637369	-0.0236961784	-0.1614295886	-0.0430797535	-0.0934221537	-0.0750918009	-0.032994095	-0.0372142954	0.1384598322	-0.0666901885	-0.0494428105	0.0120573188	-0.0730030155	-0.106494101	-0.0047563003	0.0477934693	0.0652173242	0.0543378306	-0.0037942585	0.0226569167	-0.0823261699	-0.0519703615	-0.0194537216	0.0286269842	-0.0271007406	-0.0797165795	-0.039834948	0.0352069107	-0.0609107462	-0.018802412	-0.0187878746	0.0004244436	0.0378027025	0.0513175628	-0.0284851293	-0.0468563447	0.0199300556	0.0454057446	0.0136857873	-0.0198623877	0.1310239206	0.09185595	0.0672236472	0.0039697635	0.0537261068	0.0376195776	-0.0296639627	0.0528349293	0.0389596179	-0.0116192609	0.1049257166	0.2072505324	0.0327107854	0.0091271035	-0.0651108796	0.0243944807	-0.0451263217	-0.0838566391	-0.0261410394	0.0928929751	-0.0568153694	-0.0251569864	-0.095040538	-0.0128715207	0.0290342376	0.0086096583	0.0855541823	0.0122546159	-0.049113219	-0.0576391852	0.1210987574	-0.0258971658	0.0304584188	0.0302286886	-0.0645889782	0.0553552551	-0.0122633979	0.0327469711	0.018656876	-0.0361066056	-0.0096516988	-0.0007744776	0.0575588504	0.0773598979	-0.0076511029	0.0255500137	-0.0189512817	-0.0274104677	0.0829927534	0.0549991661	0.0151181479	-0.0280304823	-0.0651206494	-0.0881357445	-0.0921013223	-0.0761602691	-0.0437580584	0.0571800303726064	0.0076537544420176	0.0032695558734121	5.857995705870566e-05	-0.0437536262445945	0.0064806766384038	4.199916969155278e-05	0.0019143798095516	-0.1404944666121963	0.0237682738230234	0.0005649308405262	0.0197386951486455	0.0022389264471327	2.596345687509976e-05	6.74101092905165e-10	5.012791635670254e-06	0.0014090427269906	0.0006053130549413	1.9854014064851067e-06	3.664038944823693e-07	-0.001305079523486	-0.0001561925253711	1.7032325626224447e-06	2.439610498180172e-08	0.0	0.0	0.0	0.0	0.0	0.0	0.0	0.0	0.0	0.0	0.0	0.0	0.0	0.0	0.0	0.0	0.0	0.0	0.0	0.0	0.0	0.0	0.0	0.0	0.0	0.0	0.0	0.0	0.0	0.0	0.0	0.0	0.0	0.0	0.0	0.0	0.0	0.0	0.0	0.0	0.0	0.0	0.0	0.0	0.0
6325.19933057513	10.392002846265314	107.99372315678636	40008146.57150807	13068.006017009104	-14.222237173966278	202.2720302325483	170772781.26058614	6125.100319656672	-7.059386808108684	37516853.92585826	49.834942106498914	7436.004679137172	8116.770720352665	0.944041	26.986149	0.0622837375171781	0.0267849236911255	0.0817175673	-0.0496172683	0.0273214555	0.0994523293	-0.0267517115	0.0980314568	-0.017654161	0.0096319012	0.0106782777	-0.0104863741	-0.0722142692	-0.0169467245	-0.0498811418	-0.0224284368	-0.0269821169	-0.0285715024	-0.0224674111	0.0192927145	-0.1087900997	-0.0257318196	-0.134383062	-0.0857927603	-0.0885760842	0.0415168041	-0.0544250202	-0.0259816727	-0.0036281564	0.1491956784	-0.150963335	0.0615045018	-0.0403542249	0.0058108435	-0.0514430457	0.0142590434	0.1088037484	-0.1120663234	-0.0039686512	0.137877302	0.0481715179	0.0957093776	0.0189623094	0.0723926089	0.0452959238	-0.0348133294	0.0016796906	0.0283112933	0.0660762986	-0.0563405932	-0.0015899035	0.0024014843	0.0291533634	-0.0406380344	-0.1078636388	-0.0023592444	-0.0035581356	0.0544574479	-0.0095005607	0.0230895422	-0.0542247377	0.0363592092	0.1134368187	0.1037815137	-0.0516245109	-0.0908966867	-0.0355943699	0.0586724323	-0.0304212119	-0.0322520729	0.0290309925	-0.0182425568	0.0382891142	-0.123127311	0.0276812334	-0.0500791326	0.0765402314	0.0436019189	0.0155365643	0.0386973666	-0.023393423	-0.1159031596	0.0308591587	-0.0158854919	0.0134901396	-0.0393592844	-0.0694771855	-0.0650889735	0.0991430261	-0.0476600784	0.1011696462	-0.066802589	-0.0077049452	-0.0643511433	0.0747712086	-0.061090241	-0.0231879336	0.0206637874	0.1223243366	-0.0192021994	-0.0506231191	0.0341164701	-0.0070791668	0.0151798862	0.1219318747	0.0326075148	0.126026486	-0.0121543417	-0.0176240244	-0.0575095427	-0.0206608144	-0.0246628752	-0.003630809	-0.0213393898	-0.035448285	0.0353645626	0.0096370045	0.0387520918	-0.0272262216	-0.1174801578	-0.0076717521	0.1089819342	0.0597466774	-0.0350525346	0.1181780396	0.0484297957	-0.0016762808	0.0764928354	0.0102342083	-0.0625704568	-0.0585135084	0.1053395503	0.0218953707	0.0436438031	-0.0216649648	-0.0475620478	0.0626211434	-0.0119803507	-0.0337196062	-0.008420285	-0.0140301364	-0.0161421153	0.0537523944	0.0680130924	0.0213538631	0.0038735333	0.0363504094	-0.0501803021	-0.0747405464	0.0824128925	0.0529376103	0.0113606834	-0.0328133187	-0.0694861298	-0.0902742713	-0.090425532	-0.0699053334	-0.0334046344	0.052016549033766	-0.0051634813388403	0.0027057213733821	2.6661539536553023e-05	-0.0496520207829007	-0.0058983945383061	3.47910581295204e-05	0.0024653231678256	-0.1208130264943747	0.0196814401178216	0.0003873590851113	0.0145957873707304	0.0024399293748143	0.0002010029276815	4.040217693657451e-08	5.9532553540817e-06	0.0012061334689248	-0.0002029092580657	1.4547579448605716e-06	4.1172167008813374e-08	-0.0015319757681828	-0.0002268962446968	2.34694975429928e-06	5.148190585751015e-08	0.0	0.0	0.0	0.0	0.0	0.0	0.0	0.0	0.0	0.0	0.0	0.0	0.0	0.0	0.0	0.0	0.0	0.0	0.0	0.0	0.0	0.0	0.0	0.0	0.0	0.0	0.0	0.0	0.0	0.0	0.0	0.0	0.0	0.0	0.0	0.0	0.0	0.0	0.0	0.0	0.0	0.0	0.0	0.0	0.0
6324.072229705503	-1.1271008696276112	1.2703563703153176	39993889.56653233	13097.014967550444	29.0089505413398	841.5192115098987	171531801.06024036	6129.564983492583	4.464663835911779	37571566.88685843	19.93322316769848	7446.102598779468	8227.58705163771	0.780481	22.310646	0.0460091500768257	0.0263263791840863	0.0739045669	-0.0685110182	0.0473393534	0.0640872544	-0.0518309959	0.0878059039	-0.0464236906	0.03743491	-0.0180007032	0.0101858628	-0.0492058638	0.0078986079	-0.0674043223	-0.038210045	0.0010013394	-0.0294558488	0.0252827419	0.0207289565	0.0129992921	-0.0095394586	-0.0414691299	-0.0235748712	-0.044131046	0.093442211	-0.0398136525	-0.0150622909	-0.0736762308	0.0492712863	0.0686638473	0.0228271419	0.0815466847	-0.0532135143	0.082120264	0.0113837147	-0.0529081895	0.0983763731	0.0753438106	-0.0191736981	-0.1187598632	0.0619043583	-0.086869534	0.0566532819	0.0146632498	-0.0390205331	0.0355336615	-0.0227039624	0.0165702627	-0.0701352444	0.0500176601	0.0460223444	-0.0015457394	0.0143351766	-0.0817135552	0.0390053198	-0.0316699039	-0.0082898806	-0.0103897527	-0.0151359393	-0.0083408183	-0.1584029395	0.002144127	0.0906638544	0.1357294805	-0.1279130589	-0.0004993743	-0.049552453	-0.1135834201	-0.1013539313	-0.0536974902	-0.0258202445	-0.0914703182	0.0233584705	-0.0864100579	-0.0398576103	0.073430959	0.0601757647	0.0534323047	0.025586446	0.0076124349	-0.0718738371	0.020419021	-0.0524726913	0.011946745	0.0251165184	-0.0345477621	-0.062669238	0.0601527604	-0.0298163207	0.0147932836	-0.0368432475	-0.0488486191	-0.0396061896	0.0431628825	-0.0593123918	0.0301963881	0.0100393432	0.0764486492	-0.0565102053	0.0521775995	0.0351049462	-0.0112784597	0.0335457996	-0.0623658106	0.0013344881	-0.087912748	-0.1034938783	0.0344385866	0.0348672073	-0.0312326996	-0.0189038336	-0.0336892615	0.0478793768	-0.1063841892	-0.1991993888	-0.1923824344	0.0370342101	0.0219129467	0.0421990112	0.1128534949	-0.0597834802	-0.0159941809	0.0121352826	0.0277652606	0.0366848237	0.0084915328	0.07604114	0.0173788144	-0.0743575401	-0.040645489	0.1161423022	0.0166928364	0.0246663992	-0.0381710034	-0.0340292015	0.0693924669	0.0166861867	-0.0165992815	0.0005701574	0.0102509556	-0.0045199573	0.0658105379	0.0431436712	0.0509256301	0.0225032966	0.0227642418	-0.0208284862	-0.047134864	0.0818177889	0.0508368917	0.0075843101	-0.037499073	-0.0735304317	-0.0918120377	-0.0879308341	-0.0628237173	-0.022551377	0.0522279015638247	0.0002113525300587	0.0027277537017605	4.4669891962215066e-08	-0.0515826014383691	-0.0019305806554683	3.7271416672687817e-06	0.0026607647711496	-0.1242334403793634	-0.0034204138849887	1.1699231144623525e-05	0.0154339477084928	0.0020202892612512	-0.000419640113563	1.760978249112512e-07	4.08156869912692e-06	0.0009468231036466	-0.0002593103652782	8.964739895989803e-07	6.724186554071354e-08	-0.0016619613494677	-0.0001299855812848	2.7621155271244985e-06	1.689625134197334e-08	0.0	0.0	0.0	0.0	0.0	0.0	0.0	0.0	0.0	0.0	0.0	0.0	0.0	0.0	0.0	0.0	0.0	0.0	0.0	0.0	0.0	0.0	0.0	0.0	0.0	0.0	0.0	0.0	0.0	0.0	0.0	0.0	0.0	0.0	0.0	0.0	0.0	0.0	0.0	0.0	0.0	0.0	0.0	0.0	0.0
6304.531750426377	-19.54047927912597	381.8303304579516	39747120.59213428	13105.62784029743	8.612872746985886	74.1815769557722	171757481.08837906	6127.184979407616	-2.380004084967368	37542395.77187831	5.664419444461358	7447.046858691259	8168.843835793772	0.774239	22.132215	0.0193657613173389	0.0170202961925712	0.0544414199	-0.0432511651	0.0784754038	0.0275067013	-0.0171095177	0.0714077615	-0.049361415	0.0491797912	-0.0355245262	0.0399971436	-0.0242138824	0.0077669247	-0.05993412	-0.0163262518	-0.0641835445	0.0027734613	0.0645411789	-0.0390253587	0.0076622709	-0.044596626	-0.0277784657	-0.0883060765	-0.0059000816	-0.0522314184	-0.046687686	-0.07268184	-0.0226943287	0.0269001448	0.1135219016	-0.007059853	0.0533677148	-0.1187810888	0.0289901758	-0.0542299427	-0.047696091	0.0149104049	0.0079834493	-0.0736385283	-0.0145151033	0.0742284142	0.0338675267	-0.0010062041	-0.0504718272	-0.0356832698	-0.0617644386	0.0200155076	0.0523914405	-0.0834571899	-0.0189424135	-0.0033380931	0.0320711404	-0.0653363055	-0.1170252757	0.0553482478	-0.0571260445	0.0269672373	0.0721653097	-0.042183963	0.0342263024	-0.046397528	-0.0901764856	-0.0033324926	-0.0600752436	-0.0169121409	0.1686922029	-0.0175680542	0.0570461288	0.0095843061	0.0142620754	0.0368525531	0.0669228775	0.0673037878	0.0244348776	-0.0397536519	0.0405459764	0.0376578625	0.0837747864	0.0219581787	0.0559836895	-0.0623154112	0.0269426566	-0.078608751	0.0277500291	-0.015742417	-0.0876622771	-0.0213585346	0.0321187987	-0.0103032131	-0.0258111933	-0.0161703091	-0.0246035179	-0.073167117	0.0194232085	-0.0392740578	0.0324679308	0.011665817	-0.0103624422	-0.0764571617	0.0030276877	0.0110058508	0.0892085069	0.0257223967	-0.0323833809	0.0538203497	-0.0465518983	0.0176435441	-0.0310464178	0.0554601805	0.0893920161	-0.0161966631	0.0240159267	-0.0019219747	-0.037920438	-0.0199885261	-0.1465902713	-0.0338312388	-0.0237872363	0.0700113633	0.0037996452	-0.0893623962	-0.0160856215	0.0528723319	0.0405462309	0.0370341352	-0.0047629221	0.0593453401	0.026352636	-0.0464178297	-0.0480874644	0.0932519792	0.0187810465	0.0268973426	-0.0693765905	-0.0146926426	0.0541003897	0.0124297369	-0.0280148544	-0.0020889423	0.0338249475	-0.0348663967	0.0605899294	0.0441265814	0.0117911878	0.0203170132	0.0367948332	0.0253406987	-0.0229675043	0.0812075526	0.0486985645	0.0037953135	-0.042073882	-0.0772348614	-0.0927388101	-0.0846398209	-0.0549991661	-0.0113606834	0.051355259125259	-0.0008726424385657	0.0026373626398224	7.615048255858992e-07	-0.0345924273080271	0.0169901741303419	0.0002886660169793	0.0011966360270611	-0.1242312457994572	2.19457990620342e-06	4.816180964711811e-12	0.0154334024328851	0.0020132929478302	-6.9963134210000895e-06	4.8948401484865976e-11	4.053348493782816e-06	0.0009558432406175	9.0201369709e-06	9.13636300634164e-07	8.136287097379703e-11	-0.0016479627964891	1.3998552978600068e-05	2.7157813786121748e-06	1.9595948549467282e-10	0.0	0.0	0.0	0.0	0.0	0.0	0.0	0.0	0.0	0.0	0.0	0.0	0.0	0.0	0.0	0.0	0.0	0.0	0.0	0.0	0.0	0.0	0.0	0.0	0.0	0.0	0.0	0.0	0.0	0.0	0.0	0.0	0.0	0.0	0.0	0.0	0.0	0.0	0.0	0.0	0.0	0.0	0.0	0.0	0.0
6299.117667317794	-5.4140831085824175	29.31229590663745	39678883.386715166	13056.300589974471	-49.32725032295821	2433.1776244237803	170466985.09576774	6120.483299903621	-6.701679503995365	37460315.82439911	44.91250817427156	7436.709612077591	8185.297069746448	0.9065740000000002	25.915134	0.0535198668824052	0.0253322500841031	0.053267475	-0.0246108218	0.06045445	-0.0460737656	-0.0068047027	0.0410958477	-0.0468201068	0.0338355811	-0.0403036837	0.0339449365	-0.0134296059	-0.0287656485	-0.0426472699	-0.0091101521	-0.0259303308	-0.0237999091	0.0447568491	-0.0528481832	0.0119864627	-0.0675342799	0.0481113894	0.0094438696	-0.020446724	-0.0171813349	-0.0595755896	-0.0449279574	-0.0109206267	0.0171199548	-0.0030439022	0.0529385281	0.0433103938	0.045400285	-0.0156784165	0.0476429491	0.0800724102	0.0792239878	0.0951463932	0.0086283461	0.013476958	0.0727289291	0.0110860683	-0.0969010094	0.0494765152	-0.0567232973	-0.0135340533	0.1055893311	0.0282454268	0.0516568904	0.0625854698	0.026405907	-0.0098434668	0.1068166114	0.0426758154	0.0381995977	-0.1052628315	-0.0644247287	-0.1044374946	0.0425573512	0.0462971032	0.121449372	-0.1121755073	-0.1141763478	-0.044123068	-0.1009680014	0.0717376098	0.0202814413	-0.0914189225	-0.1006531383	0.0369028814	0.0071866371	-0.0250215402	-0.0510222639	-0.0286921454	0.0649885056	0.0270226829	0.0065734863	0.0594051911	0.0157740499	0.0564722037	-0.0232532347	-0.0004010859	-0.1078037192	-0.0009240138	-0.0704872932	0.012991268	-0.037468586	0.0207375228	0.0058123343	-0.0446835196	-0.0480601504	0.0013530604	-0.0644148422	0.0491997919	-0.0052530685	-0.0567476678	0.0240663177	0.0904052637	-0.0153268589	-0.0154812841	-0.0281083148	-0.0220748327	0.0054839555	-0.1048255305	-0.0019030531	0.0197835222	-0.0065612678	-0.0128487501	-0.0334707404	0.1156752977	-0.0061445004	-0.0605918528	0.0300191039	0.0061720734	0.0815778151	-0.0352841491	-0.0035015705	0.1102270687	0.0320241254	-0.0418380144	-0.050559028	-0.0615252684	-0.0646451998	0.0084969307	0.0393947727	-0.0061930086	0.0513835901	0.043266237	-0.0353403458	-0.0499952496	0.0458025929	0.0245877918	-0.0345642613	-0.0625783953	-0.0100682991	-0.0423461723	0.0316684861	-0.0623297409	-0.04314544	0.0576367497	0.008466423	0.0917504392	0.0469657383	0.0099209908	0.0391755697	0.0294030189	-0.0147648883	0.0008053053	0.0805822964	0.0465242105	0.0	-0.0465242105	-0.0805822964	-0.093048421	-0.0805822964	-0.0465242105	-0.0	0.0542621837451378	0.0029069246198787	0.002944384584791	8.450210745657501e-06	-0.0227123602479366	0.0118800670600905	0.0001411359933522	0.000515851308032	-0.1113647604577963	0.0128664853416609	0.0001655464450471	0.0124021098718223	0.002103035148486	8.97422006558e-05	8.053662578545869e-09	4.422756835767533e-06	0.0013103466124944	0.0003545033718769	1.7170082448755492e-06	1.2567264067209164e-07	-0.0015748805718063	7.308222468279985e-05	2.4802488154529387e-06	5.341011564587239e-09	0.0	0.0	0.0	0.0	0.0	0.0	0.0	0.0	0.0	0.0	0.0	0.0	0.0	0.0	0.0	0.0	0.0	0.0	0.0	0.0	0.0	0.0	0.0	0.0	0.0	0.0	0.0	0.0	0.0	0.0	0.0	0.0	0.0	0.0	0.0	0.0	0.0	0.0	0.0	0.0	0.0	0.0	0.0	0.0	0.0
6285.230567945748	-13.887099372046578	192.85152896909645	39504123.29223963	13049.183217927226	-7.117372047245226	50.6569848589077	170281182.65503356	6111.248111899382	-9.235188004238807	37347353.48519376	85.28869747363636	7431.77773736698	8163.466605721751	0.789037	22.555248	0.0590780479504983	0.0281323145011273	0.0450718945	-0.0055306915	0.062041968	-0.0598314507	-0.0046726194	0.0195217398	-0.0278993201	0.0552800829	-0.0439776435	0.0408711178	0.0192038239	-0.0166692846	-0.0063368973	0.0299324467	-0.0056258504	-0.0139925117	0.0533823471	-0.0737678812	0.0227833216	-0.0569077368	-0.0147596003	-0.0476000947	-0.0613167977	-0.0890904665	-0.0371068274	-0.0794685918	0.0191208169	0.0984151991	-0.0037003006	-0.0666033139	-0.0607461738	0.1182133959	0.1275994463	0.0381043721	0.0334922873	-0.0570640827	0.1075081996	0.0465956312	0.0737504027	0.008805104	0.108582253	0.0720544959	-0.0185959672	0.0084092645	0.0097419135	0.0473737094	-0.0463667334	-0.006950524	-0.0330619793	0.0865644409	0.0310615716	0.0545318433	0.0107985016	0.0066355344	-0.0737951068	-0.0463573578	0.0548605115	0.0074946332	0.0193688916	0.0047040839	-0.0174951872	0.0462519555	-0.0835377778	0.0188917454	-0.0949542259	0.07386441	-0.0497426072	-0.0317461313	0.007625074	0.0411330585	0.0304920212	0.1448088374	-0.1852814482	0.0824690503	0.0018751371	-0.0314168853	0.0365145432	0.027265536	0.058660111	-0.0098692638	0.0081926905	-0.0963300102	-0.0234842851	-0.0934494945	-0.029255234	-0.056385655	0.0280845474	0.0448612193	-0.0602972789	0.0001161278	0.006081587	-0.0349134129	-0.0450458572	-0.0170622561	-0.0757544764	0.0202234159	0.0367365461	-0.0142843188	-0.0195717703	-0.0411787205	-0.1266624955	-0.0015710289	-0.0062208919	0.0572231363	0.1332162444	-0.0457613432	0.0633582469	-0.0068273919	0.0773467199	-0.0252334953	-0.0676654626	0.0077845009	-0.0848784112	-0.0216374537	-0.0033162774	0.0199388361	-0.0479024789	-0.0107217066	-0.0090158695	0.1028131183	-0.0441389993	-0.028673512	0.0115361514	0.0389292199	-0.0176698098	0.0336598596	0.0522365676	-0.0236418665	-0.0643016549	-0.0007363417	0.0335219048	-0.0485648952	-0.0440813573	-0.0135505697	-0.0757662819	0.0180477624	-0.0389946404	-0.0427954415	0.0656951081	0.0284549465	0.0641559271	0.0580448315	-0.0341566172	0.0237142371	-0.0033349975	0.0817629008	0.0279655073	0.079942136	0.0443154383	-0.0037953135	-0.0508368917	-0.0835572642	-0.0927388101	-0.0757950062	-0.037499073	0.0113606834	0.0579507701838792	0.0036885864387414	0.0033582917649047	1.3605669916067e-05	-7.872926224194998e-05	0.0226336309856946	0.0005122812515965	6.198296733161731e-09	-0.099970642231014	0.0113941182267822	0.0001298259301658	0.0099941293080814	0.0019512361790677	-0.0001517989694183	2.3042927116457997e-08	3.8073226265027175e-06	0.0014027865315704	9.243991907599992e-05	1.9678100531553128e-06	8.545138638777414e-09	-0.0017578759292976	-0.0001829953574912	3.0901277828039004e-06	3.348730086336862e-08	0.0	0.0	0.0	0.0	0.0	0.0	0.0	0.0	0.0	0.0	0.0	0.0	0.0	0.0	0.0	0.0	0.0	0.0	0.0	0.0	0.0	0.0	0.0	0.0	0.0	0.0	0.0	0.0	0.0	0.0	0.0	0.0	0.0	0.0	0.0	0.0	0.0	0.0	0.0	0.0	0.0	0.0	0.0	0.0	0.0
6276.741621594502	-8.488946351245431	72.06221015432313	39397485.38425678	13036.480841689225	-12.702376238001309	161.35036209174024	169949832.7357302	6115.061662262561	3.8135503631792735	37393979.13327336	14.543166372504777	7439.719340057603	8102.013109047182	0.925693	26.461655	0.0398246321335124	0.0248219905767985	0.0251362653	0.0118379858	-0.0299643665	-0.0730252305	-0.000809036	0.010724816	-0.0033807826	0.0082452428	-0.0823765258	0.0099010527	0.0152923572	-0.0217871213	-0.0207117047	0.0439889565	0.0284611543	-0.0206977524	0.0277333528	-0.1032944757	0.0093094056	-0.0309371946	0.0402063978	-0.052729219	-0.0776320039	-0.1129838425	0.0042472274	-0.0422071213	0.0786492712	-0.0255925684	0.0436132692	0.0631210936	0.0027346234	-0.1213437972	0.0034957042	-0.0015081815	0.0124760655	-0.0571350517	0.0414959881	-0.0822851928	-0.023302733	0.0621090431	-0.1520539196	0.0010517682	0.1449783944	-0.0032310853	0.0148117886	-0.0354340573	0.0227207873	0.048022198	0.0901710013	0.033019165	-0.0219269122	0.0095517434	-0.0732385179	-0.0190707425	0.0138998436	-0.0388622019	0.0853572965	-0.1011660449	0.021527515	0.0627295942	0.030086436	-0.0317726017	0.0659633832	0.0665249817	0.0536452083	0.1026182768	0.0424037293	0.03921393	0.0156135716	-0.0576610852	0.1065044215	0.1141628011	0.0198802321	0.017504785	0.0103303152	-0.0152634776	-0.0150917906	-0.0072788138	0.05659476	-0.0132108458	-0.0595828473	-0.0650287962	-0.0335486794	-0.0774131977	-0.0471183189	-0.0248067316	0.0050485708	0.0694393068	-0.1070014445	-0.0255888559	-0.0315771958	-0.0550733654	0.0258046617	0.0190734701	-0.0624029111	0.0001734259	0.0174089787	0.0055997247	-0.0118453608	-0.06537441	0.0492126869	0.003769611	0.078408915	0.0383300701	-0.1135261833	0.0285385799	0.008181367	-0.0290662016	0.0783521191	0.0078920927	-0.1481057433	-0.0634392022	0.0308065468	-0.0232333069	-0.1278052313	-0.010058998	-0.0505128653	-0.0232116616	-0.0110473949	0.0191743155	0.0065258059	-0.0945546104	-0.0574248133	0.0248152193	-0.0167104472	0.0296958186	0.0622341706	-0.0009685426	-0.0651209	-0.0252273841	-0.0285060456	-0.056042472	0.0088552073	-0.0231280586	-0.0695737461	0.0269176337	-0.0018487475	-0.0336303287	0.0762485737	0.0396105882	0.0720310131	0.0201785096	-0.0049531876	-0.0064242774	-0.0047089228	0.0381757845	0.0057057789	0.0792871898	0.042073882	-0.0075843101	-0.0549991661	-0.0861460138	-0.0918120377	-0.0703213046	-0.0280304823	0.022551377	0.0628072328297975	0.0048564626459182	0.0039447484957363	2.3585229431199745e-05	0.0127224237850214	0.0128011530472633	0.0001638695193394	0.0001618600669656	-0.1202348969269948	-0.0202642546959807	0.0004106400183835	0.014456430439045	0.0019892348490556	3.799866998790004e-05	1.4438989208493347e-09	3.957055284697256e-06	0.001402754127759	-3.240381139997008e-08	1.9677191429449127e-06	1.0500069932448309e-15	-0.0017579000903853	-2.416108769998093e-08	3.090212727776645e-06	5.837581588461699e-16	0.0	0.0	0.0	0.0	0.0	0.0	0.0	0.0	0.0	0.0	0.0	0.0	0.0	0.0	0.0	0.0	0.0	0.0	0.0	0.0	0.0	0.0	0.0	0.0	0.0	0.0	0.0	0.0	0.0	0.0	0.0	0.0	0.0	0.0	0.0	0.0	0.0	0.0	0.0	0.0	0.0	0.0	0.0	0.0	0.0
6289.991314114265	13.249692519762904	175.55435186826102	39563990.7316329	13088.82865653451	52.34781484528503	2740.293719076244	171317435.60011896	6129.569304821538	14.50764255897684	37571619.86261039	210.47169261903608	7452.89536851378	8058.87422935732	1.002866	28.667717	0.0530017946141918	0.0239546695533145	0.0120176597	-0.0058526418	-0.0768798583	0.0209991848	-0.0263894328	0.0390639169	-0.0119381401	-0.0369603072	-0.048454998	-0.0418737801	0.0188224062	0.0294901336	-0.0456026652	-0.0210138697	0.0154742092	-0.0433764772	0.0229030152	-0.0700254293	-0.0210694831	0.0018054115	-0.0321036677	-0.0749718218	-0.00292772	0.0371649518	0.0381952242	0.0749884687	0.0533478819	0.0510196048	-0.1286901252	-0.0277790444	-0.0380556816	-0.0547222587	0.0627708932	-0.0215689376	0.0447541939	-0.074876099	-0.00983562	0.0835764792	-0.0157478653	-0.0613090591	0.0536753578	-0.0661356288	-0.0329096512	0.0114713186	0.0890819721	-0.0816240208	-0.0006471599	-0.0656905697	0.0756631452	-0.008134686	-0.0282838634	0.1250720022	0.0918358972	0.0464202457	0.0047943251	-0.1037554692	0.0063328856	-0.0258289722	0.0232451449	0.0412833611	-0.0194006217	0.057893247	0.0189374143	0.0087296988	-0.0037155633	0.0007229962	-0.0209658733	0.0682340464	-0.0974952378	0.0517225645	0.1216534723	-0.0067525939	-0.0338929444	-0.0948439875	0.0347357542	0.0249255729	-0.0368274126	-0.0334768089	0.0294501879	-0.0415030563	-0.0468802623	0.0408718576	0.0034152931	0.0183228467	-0.0820627658	-0.0324610805	-0.0108821596	0.0832900458	-0.0767348246	-0.0443125269	-0.1164737052	0.0047198026	0.0486015359	-0.0265872645	-0.0194951791	-0.0051594153	0.0203744787	0.0004423782	-0.0246532621	-0.0580071409	-0.0197298963	0.0207457083	0.0991826886	0.0092964799	0.0401793632	-0.0533836111	-0.0689154153	-0.0756312177	0.024467381	-0.0046828897	-0.0310533733	0.0130057415	-0.0033863392	-0.1045386322	0.092905313	-0.021850449	-0.0262712472	-0.0697960485	0.0547756015	0.1007171389	-0.0922235073	0.0346483892	0.0007249521	0.0140405282	-0.0190058172	0.0222781606	0.0441189398	0.0022422664	-0.0633604131	-0.0013671396	-0.0364819385	0.0375700228	0.0091482209	-0.0169867015	0.0401137949	-0.002814328	0.0453138198	0.0130013322	0.0381038422	0.0148143553	0.0085904207	-0.0132188365	0.0077512366	-0.0290218858	-0.0259064842	0.0748040211	0.0095311777	0.078617579	0.0398011998	-0.0113606834	-0.058998719	-0.0883365796	-0.0902742713	-0.0642107624	-0.0182304111	0.0334046344	0.0528044934543032	-0.0100027393754942	0.0027883145289655	0.000100054795014	0.0060941809394705	-0.0066282428455509	4.39336032195967e-05	3.713904132300554e-05	-0.1327758025766314	-0.0125409056496366	0.000157274314513	0.0176294137498686	0.0018579364809868	-0.0001312983680688	1.723926145753008e-08	3.451927967381614e-06	0.0010583694201602	-0.0003443847075987	1.120145829530238e-06	1.1860082682791098e-07	-0.0017569850311827	9.150592025998408e-07	3.086996399800073e-06	8.373333442626563e-13	0.0	0.0	0.0	0.0	0.0	0.0	0.0	0.0	0.0	0.0	0.0	0.0	0.0	0.0	0.0	0.0	0.0	0.0	0.0	0.0	0.0	0.0	0.0	0.0	0.0	0.0	0.0	0.0	0.0	0.0	0.0	0.0	0.0	0.0	0.0	0.0	0.0	0.0	0.0	0.0	0.0	0.0	0.0	0.0	0.0
6291.177278519477	1.185964405211962	1.4065115704297628	39578911.54975974	13063.827420452448	-25.00123608206195	625.0618056309964	170663586.87136525	6127.029079262728	-2.5402255588096523	37540485.33813108	6.45274588962981	7440.243398822533	8029.441488819738	1.136191	32.478912	0.0691975293796671	0.0418536715904968	0.0367684657	0.0083367674	0.1087855835	0.0445963979	0.0329526396	0.0276665554	-0.0361188662	0.0506934597	0.0073430589	0.0148961782	-0.0081522717	-0.0786705472	-0.0550293823	0.0103076558	-0.0056836047	-0.0015577048	0.0236677185	-0.0569399189	0.0665630283	-0.0281323767	-0.0842978584	-0.0676899479	-0.063615304	0.0614061053	0.0301489133	-0.1483947576	0.1329851449	0.0448371526	0.0278314411	0.0403291563	-0.0279615362	0.0448775891	0.0352582227	-0.0230818955	0.0630597514	0.0952649544	0.1011323365	0.0231615204	0.0843556558	-0.0211245301	-0.1139380977	-0.082666345	0.0014782369	-0.0520312529	0.1878638583	-0.0101047857	-0.0331520217	-0.0560461183	0.06551873	-0.0532580396	0.0279830131	-0.0242766393	0.088446165	0.0557393136	-0.0592468087	-0.0475394651	-0.0021113535	0.0559399251	0.0680532772	-0.0570903368	0.0758536904	-0.117887206	0.0218166606	-0.0172906763	0.0073077914	-0.0106467427	-0.0054751245	-0.001183172	0.0551749228	0.0180965968	-0.0022658561	-0.0273071827	0.0134277906	-0.0616569016	0.025160748	0.0007053318	0.0530327955	-0.0075555947	0.02118679	-0.036246485	0.0840343562	-0.086112533	0.0622038315	0.0236016341	-0.0522712728	-0.0730858909	0.0355367961	0.0211137785	-0.0559782287	0.0601792634	-0.0718355239	-0.0776954513	0.0012259002	0.0110943498	-0.0325219925	0.0080302405	0.0002915047	-0.0474234293	-0.0879022149	-0.1489674842	-0.0314534857	0.0988033292	-0.0049101143	-0.0424194249	0.0348722205	0.0707979639	-0.138332217	0.0482814982	0.0691294669	0.0911683388	0.0012947651	0.0350200135	-0.0729118224	-0.0319940699	0.0107760551	0.0520321285	0.0957138491	0.0336961239	0.0696000139	-0.0661852212	0.0455055663	0.1022999585	-0.097409967	0.021275263	-0.0075927747	0.0182862361	0.0222408357	0.0201391373	-0.0492339987	0.0399568471	0.0143574159	0.0409708315	-0.0974498161	0.0182806831	0.0602192495	0.008681451	-0.0473412367	0.0014133952	0.0562127198	0.0152707535	0.071429313	-0.0013117874	-0.0239292365	0.0278273052	0.017492598	0.05369737	0.0504707659	0.0779334273	0.037499073	-0.0151181479	-0.0628237173	-0.0901188363	-0.0881357445	-0.0575187176	-0.0082147524	0.0437580584	0.0575710150598069	0.0047665216055036	0.0033144217750165	2.2719728215733558e-05	0.036416117049697	0.0303219361102265	0.0009194198094726	0.0013261335809772	-0.1052432046761495	0.0275325979004819	0.0007580439471496	0.0110761321305058	0.0017609062099858	-9.703027100099996e-05	9.414873490527496e-09	3.1007906803665545e-06	0.0010239543149936	-3.441510516659992e-05	1.0484824391940128e-06	1.1843994636281323e-09	-0.0017569009320812	8.409910150003129e-08	3.0867008851477896e-06	7.072658873112563e-15	0.0	0.0	0.0	0.0	0.0	0.0	0.0	0.0	0.0	0.0	0.0	0.0	0.0	0.0	0.0	0.0	0.0	0.0	0.0	0.0	0.0	0.0	0.0	0.0	0.0	0.0	0.0	0.0	0.0	0.0	0.0	0.0	0.0	0.0	0.0	0.0	0.0	0.0	0.0	0.0	0.0	0.0	0.0	0.0	0.0
6292.691397243749	1.5141187242716114	2.292555511189892	39597965.02094548	13060.879800150711	-2.947620301736606	8.6884654432098	170586581.15398487	6125.465563206891	-1.563516055837681	37521328.36603351	2.4445824568622188	7442.546912583677	8114.755156683153	1.08067	30.891804	0.0476184062894914	0.0321344601817131	0.022059424	0.0073989453	0.010528458	-0.0619786322	0.0481131139	0.0253477048	0.0003232563	0.0221432418	-0.0365672937	0.0309581268	0.085369348	-0.0152653249	-0.0449903744	0.0278769711	0.0003939133	0.017951892	0.1143148694	-0.0443678905	0.0401306629	-0.0806133405	0.0835524416	-0.0505471419	0.0169560845	0.0194922523	0.0272189041	0.0413020466	-0.0491619448	-0.0651431716	-0.0370444258	0.004049653	0.1066495341	-0.002245761	-0.0135722179	-0.0366446016	0.111825959	0.054980383	0.0088420372	-0.0466518995	-0.0643568198	0.0812256905	0.0526643256	-0.0799247696	-0.0603334579	0.1093588217	0.0261990489	-0.0515404876	-0.0489316133	0.0161937904	0.0408004081	-0.069858078	0.003692117	0.0572196774	0.0570575212	-0.0442989442	0.0150291043	-0.1059090876	0.082493071	0.0532705477	-0.0533913876	0.0244018841	0.0833523469	-0.0390639627	-0.1055374945	-0.0402220847	-0.0725192603	0.0345300923	0.0230698284	0.0252693196	-0.0760348417	0.067881798	0.0246838327	0.0201305855	-0.0023047181	0.0367963764	0.0187062473	-0.0112183779	0.0091526022	-0.0007428363	0.0785275892	0.0766984571	-0.0170137369	-0.0624058483	-0.0087588017	-0.0222156377	-0.0666106966	-0.0338441893	-0.0401520298	-0.0131642896	-0.0701581176	-0.0554687826	-0.062450438	-0.0422171275	-0.0206814799	0.0398149945	0.0130270775	0.0309206365	-0.0095327322	0.0129489459	-0.0710658194	-0.0286459976	-0.1244442146	-0.0944319349	0.024245219	-0.0732784579	-0.118960745	0.0092526046	-0.0113751737	-0.0129406749	-0.0211267532	0.0283208684	0.0216010993	0.1292489162	0.0302009212	0.0513012187	0.0281755905	-0.0894215951	0.0137985785	-0.0042684622	-0.0430281451	0.0258978315	0.0066673462	0.0232680515	-0.0110502327	0.0137864257	-0.0263384053	0.0061538978	0.0449503036	-0.0053483324	-0.0419105211	-0.0202992962	-0.0121297255	-0.0324265964	-0.0446280783	0.0113990678	-0.0753602084	0.0027978132	-0.0028313432	-0.028006647	0.0946532113	0.0497572601	0.0395491785	0.0075103888	-0.0458302371	-0.0227662037	-3.86878e-05	0.0711549785	0.0398078512	0.0772348614	0.0351692048	-0.0188504498	-0.0664628444	-0.0914845461	-0.0854106889	-0.0503057744	0.0018980517	0.0534567308	0.0549211190737111	-0.0026498959860958	0.0030163293203087	7.0219487371266405e-06	0.0046954361815068	-0.0317206808681902	0.0010062015947415	2.204712093460316e-05	-0.1052255703760991	1.7634300050403673e-05	3.10968538267667e-10	0.0110724206609753	0.0019443288279614	0.0001834226179755	3.364385678502285e-08	3.780414591241751e-06	0.0009427936825141	-8.116063247950013e-05	8.888599277884976e-07	6.587048264472492e-09	-0.0017569215843292	-2.0652248000066143e-08	3.086773453481826e-06	4.265153474562359e-16	0.0	0.0	0.0	0.0	0.0	0.0	0.0	0.0	0.0	0.0	0.0	0.0	0.0	0.0	0.0	0.0	0.0	0.0	0.0	0.0	0.0	0.0	0.0	0.0	0.0	0.0	0.0	0.0	0.0	0.0	0.0	0.0	0.0	0.0	0.0	0.0	0.0	0.0	0.0	0.0	0.0	0.0	0.0	0.0	0.0
6293.123516111144	0.4321188673957294	0.186726715559368	39603403.58903109	13068.50065841074	7.620858260028399	58.07748061944308	170785709.45888194	6121.60091704325	-3.864646163640828	37473997.78754476	14.935489970143768	7445.032197501059	8120.597088106217	0.978562	27.97295	0.0565234721696225	0.028261346011339	-0.0001513829	-0.0066006939	-0.0603196015	-0.0555675848	-0.0177003726	0.0240598826	-0.0036416174	-0.0198655858	-0.0796858958	-0.0291199506	0.0776964328	0.0512433342	-0.0183859749	0.016894123	-0.0038537531	0.0138128965	0.0806411157	-0.0206378681	-0.0617172143	0.0068256631	0.103557938	-0.0811309632	-0.0256284681	-0.0162977549	0.0313967459	0.0286377011	0.0078283572	-0.0667054336	0.0293274061	-0.050528744	0.0274966159	0.066174808	-0.1268141366	-0.0908203165	0.1555171627	-0.0717322217	-0.0321473117	-0.0695506219	-0.0745754446	0.0275878025	0.00598749	0.0152180156	0.0534163119	0.0771504328	-0.0690162049	0.0091471921	0.099069738	0.047313352	0.0678891505	-0.0148676346	-0.0010471115	0.082281816	0.09236825	-0.0787809022	0.0665201697	-0.1040034683	-0.0154306394	-0.058765345	-0.089739669	0.0149843658	0.032660347	-0.0230144187	-0.1220790231	-0.0130884239	-0.0216668169	-0.0241271541	0.0401865301	0.0295858434	-0.0014311748	0.0347607481	-0.0171184612	0.0271231135	-0.0087236858	0.0333682514	0.0075922235	0.0049451918	-0.0152486515	-0.0148097693	0.0730258854	0.0341581108	-0.1055484976	-0.017314039	-0.0028193221	-0.0049120852	-0.0679482651	-0.0154006792	0.0157795136	-0.0415020113	-0.0689649004	-0.0381734396	-0.0136863522	-0.045017869	-0.0819033527	0.0475292683	0.0270415016	0.0331072884	-0.0565246394	0.0140047595	-0.0783946165	0.0535988151	-0.0597728433	-0.0576657772	0.0467931019	0.0068175908	-0.0618867948	0.0433492179	0.0651718166	-0.0988445341	-0.0653246517	-0.0784628469	-0.0350454508	0.0078466758	-0.0088283981	0.0851388301	0.0190924267	-0.0085307449	-0.0396138702	-0.073741968	-0.0164521111	0.051050808	-0.0610209268	-0.053835535	-0.0381772123	0.0072901929	-0.0194810822	0.0085829346	0.0352153262	-0.0138453548	-0.0318297328	-0.0004571881	-0.0848234057	-0.0211151442	0.0257290827	0.0081849043	-0.0416626618	-0.0087910148	0.0276572597	0.0075217408	0.0626168432	0.032753498	0.0212788488	-0.0239086072	-0.0203287091	-0.0302734725	-0.0296342789	0.0426304576	0.0385975007	0.0765220104	0.0328133187	-0.022551377	-0.0699053334	-0.0924273962	-0.0821172393	-0.0426372543	0.0119884099	0.0623555305	0.0588082024391525	0.0038870833654414	0.0034584046741243	1.5109417089891286e-05	-0.0094614458584629	-0.0141568820399697	0.0002004173090936	8.951895773262477e-05	-0.0897317406592677	0.0154938297168314	0.0002400587592941	0.008051785281742	0.0020101768281511	6.584800018970011e-05	4.335959128982746e-09	4.040810880435617e-06	0.0013357375100471	0.000392943827533	1.7841946957468268e-06	1.5440485159628414e-07	-0.0017578432975541	-9.217132249000112e-07	3.0900130587558725e-06	8.495552689555787e-13	0.0	0.0	0.0	0.0	0.0	0.0	0.0	0.0	0.0	0.0	0.0	0.0	0.0	0.0	0.0	0.0	0.0	0.0	0.0	0.0	0.0	0.0	0.0	0.0	0.0	0.0	0.0	0.0	0.0	0.0	0.0	0.0	0.0	0.0	0.0	0.0	0.0	0.0	0.0	0.0	0.0	0.0	0.0	0.0	0.0
6274.996279904368	-18.12723620677661	328.5966924962731	39375578.312813655	13028.79168172521	-39.708976685529706	1576.8028294119415	169749412.68579203	6113.018177506191	-8.582739537058842	37368991.23852112	73.66341796099303	7434.71531927855	8115.821122224869	0.985929	28.183542	0.0450115297006614	0.0238594644061398	-0.0168836427	-0.00138158	-0.1308482415	-0.0734403574	-0.0406695325	-0.0128736369	-0.0005864782	-0.0405020565	-0.0681237249	0.0101961577	0.0009363183	0.0467812056	0.0205886213	0.0050668233	0.0562257149	0.0211868314	0.0566432349	-0.0166515101	0.0080606275	0.0855911675	0.0165959571	-0.0759470734	-0.0215364023	-0.0106738585	-0.0053714355	0.129541787	0.1047217011	-0.0164737051	-0.0098794727	0.0313051831	-0.017614677	-0.0559831788	0.0750913607	0.0975967482	0.0673331084	0.0462292264	-0.0384365501	-0.0523989607	0.142308126	-0.1460325764	-0.0227016475	0.1034383004	-0.0589968467	-0.081158528	0.1899132717	0.0053451548	0.146526866	-0.0198835499	-0.123124361	-0.0486182669	-0.0564750285	-0.0614847902	-0.1265760742	0.0085821681	0.0482683144	0.008522169	0.0016776998	-0.0381853812	-0.013667242	0.0932849228	-0.0012285455	-0.0634757533	0.0536750054	0.0463479974	-0.0686046601	-0.0081162319	0.0130745163	0.0782831836	0.0915501176	-0.0198112543	0.0666903402	-0.0653339204	-0.0362458039	0.078032718	-0.0176747901	-0.0058002964	-0.0479454332	-0.029741181	0.0415958788	-0.0458653558	-0.0737662437	0.0598054099	-0.0488078913	0.0203527465	-0.0384348051	-0.062676486	-0.0338645702	0.0438344635	-0.049161564	0.0542796364	-0.0966733665	-0.0164095297	0.082679006	-0.0054113094	-0.0932406964	0.0445302844	0.0539322604	-0.110660082	0.0347459297	-0.1388479469	0.0216683563	-0.0825800178	-0.0885014134	-0.0227479532	0.0143016352	0.0324699289	0.0463094502	-0.0455757704	0.0606846521	0.07329892	0.036292527	-0.0678990763	0.1286287967	0.071734201	0.048864212	0.041836219	-0.1301972986	-0.0395941165	-0.03415605	0.1102000966	0.0427493764	0.1166304474	0.0386365557	0.006888406	-0.0222658041	-0.0016649996	0.0231944282	-0.0141020055	-0.0193518498	-0.0144566548	-0.1183974522	0.0385892962	0.0722437244	0.0243345496	0.0015503351	-0.0230997456	0.019717022	0.0138612675	0.0605698708	-0.0304154972	0.0028753767	-0.0580686207	0.0139350594	0.0441037075	-0.012618516	0.0287760181	0.0284551536	0.0757950062	0.0304331576	-0.0262147696	-0.0731409993	-0.0929430287	-0.0782773129	-0.0345826047	0.0219369967	0.0703213046	0.051828843971819	-0.0069793584673335	0.0026862290674551	4.871144461553987e-05	-0.0154041257318198	-0.0059426798733569	3.531544407720118e-05	0.0002372870895617	-0.0812353400143166	0.008496400644951	7.218882391952536e-05	0.0065991804672416	0.0020103588058404	1.8197768929988442e-07	3.3115879402925247e-14	4.041542528220039e-06	0.0009371610476933	-0.0003985764623538	8.782708293136037e-07	1.5886319634247022e-07	-0.0018309466718114	-7.310337425729999e-05	3.3523657150172427e-06	5.344103327802871e-09	0.0	0.0	0.0	0.0	0.0	0.0	0.0	0.0	0.0	0.0	0.0	0.0	0.0	0.0	0.0	0.0	0.0	0.0	0.0	0.0	0.0	0.0	0.0	0.0	0.0	0.0	0.0	0.0	0.0	0.0	0.0	0.0	0.0	0.0	0.0	0.0	0.0	0.0	0.0	0.0	0.0	0.0	0.0	0.0	0.0
6279.44194059457	4.445660690202203	19.76389897240913	39431391.0852981	13009.709662970596	-19.082018754614182	364.1234397514474	169252545.51479048	6121.844485413794	8.826307907603223	37476979.90359128	77.90371127981918	7436.278595783075	7984.973809962119	1.117639	31.948572	0.0408499500470733	0.0186771276862963	0.0092699979	0.0318850981	-0.0190660911	0.0324518279	0.0049413615	-0.0025009722	0.0174415476	0.0018643459	0.0019187699	-0.0076475388	0.0007587255	0.0005882897	-0.022430424	0.0161190053	0.0570387221	-0.0092958622	-0.0298578826	0.0336853271	-0.0275214634	0.0796622158	0.0239141764	0.0223255553	-0.010512306	0.1100343839	0.044410247	-0.0246494758	0.0408188652	0.0190209899	0.0211361706	-0.0349988645	0.0665961462	0.0238451638	0.1163120882	-0.0977747553	0.1306805132	-0.0345682548	0.0345388803	-0.0878862253	0.0813017473	0.0035934664	-0.0699060607	0.0436957118	-0.0609341858	0.0208390506	0.1262612628	-0.0256791689	0.0128692682	0.0008159955	-0.0338586302	-0.0142863877	-0.0238516034	-0.0422196029	-0.0174210966	-0.0362887918	0.0567360059	0.0399434768	0.008060756	0.0477331801	0.0657647096	-0.009492321	-0.164521035	0.0128027909	-0.0677108785	0.0508253001	-0.1187570469	-0.0629435898	0.0758803199	-0.0064198339	0.0611155673	0.1581554777	-0.0215631507	0.0700167565	0.0726925175	0.0322912938	0.017598307	-0.0012113821	-0.0163257226	-0.0104618934	-0.0087888927	-0.0128709596	-0.0057692184	0.0468383159	0.0354777073	0.0624121558	0.0241617191	-0.0763615778	0.0722858148	-0.0340839062	-0.0491249926	0.0933854349	0.004659665	-0.0292247968	-0.0437486503	0.0235077126	-0.0090277064	-0.0105006942	0.0291964286	0.0019147447	0.0267341801	-0.069040388	-0.069681788	0.0126230071	0.0017655791	0.1106833354	-0.1362330574	-0.0114956092	-0.0747294334	-0.1287694333	-0.0375073744	0.123147282	-0.0080585829	-0.0095828982	0.0076437377	0.0445962307	0.0789915848	0.0189918654	0.0122749856	0.0102726413	-0.0383780222	0.0070402884	0.0548471464	0.0928117229	-0.0459792123	0.0125714229	-0.0085716615	0.0015992344	0.0012010075	0.0016546833	0.0017902877	0.012618863	-0.0884303316	0.0595843575	-0.0141085019	0.0252719506	0.0554006923	-0.0112859323	-0.0195322677	0.000949576	0.0731291185	0.0036231323	0.0311262826	-0.0315800633	-0.003206036	-0.0152707486	-0.0344698314	-0.0277658125	-0.0106738973	0.0750539832	0.0280304823	-0.0298345303	-0.0761602691	-0.0930290603	-0.073916464	-0.0262147696	0.0316261628	0.0772348614	0.0486907149404203	-0.0031381290313986	0.0023707857214092	9.84785381770734e-06	-0.0223186643513031	-0.0069145386194832	4.7810844320326014e-05	0.0004981227784261	-0.0651307775839953	0.0161045624303213	0.0002593569310721	0.0042420181886958	0.0022038826412129	0.0001935238353725	3.74514748572825e-08	4.857098696239548e-06	0.0009158975786214	-2.1263469071900015e-05	8.388683745245435e-07	4.5213511697164864e-10	-0.0019100137666844	-7.90670948729998e-05	3.648152588923929e-06	6.2516054916559515e-09	0.0	0.0	0.0	0.0	0.0	0.0	0.0	0.0	0.0	0.0	0.0	0.0	0.0	0.0	0.0	0.0	0.0	0.0	0.0	0.0	0.0	0.0	0.0	0.0	0.0	0.0	0.0	0.0	0.0	0.0	0.0	0.0	0.0	0.0	0.0	0.0	0.0	0.0	0.0	0.0	0.0	0.0	0.0	0.0	0.0
6286.14116459096	6.699223996390174	44.879602153809934	39515570.741165	13008.248609167384	-1.461053803212053	2.1346782158804047	169214531.87790516	6124.850982666016	3.0064972522213798	37513799.55986486	9.039025727614703	7437.380197890016	8062.292918986659	0.811137	23.186995	0.0497925771854003	0.0249194756850939	-0.0050132426	-0.0052281968	-0.0274584807	0.0224083524	-0.0149844864	0.0014706909	-0.0016562348	-0.0249584508	-0.0350329706	-0.0142858399	-0.0485806804	-0.0129875845	-0.0056478683	-0.0133235817	0.052940268	-0.0064730363	0.0088903757	0.0284397678	-0.0601510925	0.1193582663	0.0376138923	-0.0841770357	0.0022375708	-0.0316303467	-0.0179862845	-0.0555489874	0.0770381665	0.0655681361	0.0421308562	-0.0883685778	0.006655108	-0.0258065853	0.0200029862	0.045741904	-0.0404377907	0.0355735459	0.0775978602	-0.0094870367	0.0928834484	0.0009095792	-0.1474769896	0.0191100693	-0.067810119	-0.0201877189	0.017411174	-0.0112839796	0.1051029003	-0.0479602945	0.1085789436	-0.0002249074	0.0562859978	0.0385052475	0.0349977073	-0.0672707344	0.0283506263	-0.0154918892	0.0076538846	0.0869055546	0.0706413965	0.0124081411	-0.0704362417	0.0853677259	-0.0527948252	0.0252699736	0.0199207467	-0.0639886288	0.0332550175	-0.0360012672	-0.1404705594	0.0109383846	0.0220928836	-0.0846539512	0.0734519493	-0.0019811587	0.0016265036	0.0232296452	-0.016993372	-0.019232715	0.021883605	-0.0616915762	-0.0128515552	0.0382603922	-0.034495182	0.0062080217	0.0114741469	-0.0701304645	0.0380542731	-0.009920396	-0.0315763765	0.09292319	0.0341152785	-0.0409009026	-0.0341968883	-0.0613916833	-0.0076841368	-0.012576013	-0.0003925352	-0.0587531855	0.0886722272	-0.1241638263	-0.0112897359	-0.0246389634	-0.0134004463	0.0972631164	0.0659428433	0.0325819381	-0.0323392973	-0.0550738904	0.0161537277	0.0591086206	-0.0088810559	-0.0461055147	0.0049534797	-0.0539038958	0.0055412691	0.0680471676	0.08977494	-0.0969322694	0.0110714597	-0.0520658756	0.0139104725	-0.0174652099	0.0329189452	-0.0021091584	-0.0207684771	-0.0002971364	-0.0004767406	-0.0100236771	-0.0116621474	0.0392451576	-0.084206144	0.0596581701	0.0044021086	0.0256382512	0.0777512712	-0.0301248551	-0.0313374784	0.0155590694	0.0418449742	-0.0347179886	0.0212219222	-0.015625097	-0.020181498	0.0338216793	-0.0045103046	-0.0059890337	0.0231589073	0.0742990785	0.0256070703	-0.0334046344	-0.0789542098	-0.0926850932	-0.0690637132	-0.0176095295	0.0409413271	0.0829927534	0.0526185593455892	0.0039278444051688	0.0027687127876052	1.5427961671216614e-05	-0.0177476742261148	0.0045709901251883	2.089395072456896e-05	0.0003149799404362	-0.0865907824864535	-0.0214600049024581	0.0004605318104135	0.0074979636116163	0.002104039359547	-9.984328166589989e-05	9.968680893816218e-09	4.42698162652295e-06	0.0009607283652997	4.483078667830002e-05	9.229989918914338e-07	2.009799434195242e-09	-0.0021620144533919	-0.0002520006867074	4.674306496675475e-06	6.350434610105154e-08	0.0	0.0	0.0	0.0	0.0	0.0	0.0	0.0	0.0	0.0	0.0	0.0	0.0	0.0	0.0	0.0	0.0	0.0	0.0	0.0	0.0	0.0	0.0	0.0	0.0	0.0	0.0	0.0	0.0	0.0	0.0	0.0	0.0	0.0	0.0	0.0	0.0	0.0	0.0	0.0	0.0	0.0	0.0	0.0	0.0
6279.356868146261	-6.784296444699066	46.02667824955639	39430322.67753562	12995.545335183931	-12.703273983452164	161.3731698986526	168884198.55882084	6117.501413781659	-7.349568884356813	37423823.5476206	54.016162785905856	7432.554156178388	8034.171020458591	1.117774	31.952442	0.0335862084906899	0.0276697535701137	0.0072637845	0.0182579081	-0.0482641837	0.0045610413	0.0233765997	0.0159980176	0.0462416702	-0.0428674486	0.005329368	0.0090187477	0.0172843178	-0.0207487484	0.0098841855	0.0453714936	0.0081645566	-0.0039333235	-0.0154292404	0.0293292519	0.0176535837	0.0401563411	0.0503066262	-0.0587753404	0.0237037704	0.0472137953	0.0502733448	-0.015515724	0.0042546879	-0.0237597786	0.0440977644	0.0194845948	-0.0487438277	0.0221439341	0.0371997671	0.063113661	0.1155642245	-0.0590545961	-0.0400706373	0.0612823283	0.0572165329	-0.0285191023	0.0706151716	0.0025772334	-0.056889222	0.0041786771	-0.0825989063	0.0599614232	-0.0090867474	-0.0225905235	-0.1025307195	-0.0296288488	-0.0088694662	-0.0138236354	-0.0089744576	-0.0814960632	-0.0123824684	-0.0727270599	-0.015701843	0.0011444265	-0.0094874744	0.0374148936	-0.0694450952	0.0580590706	0.0928945015	-0.0991311196	-0.0242486126	0.1047882837	-0.0977950681	-0.0078684395	-0.0336415656	0.0862988396	-0.124240585	-0.0341567118	-0.0968604476	-0.1169675115	0.0111832138	-0.0193141591	-0.0431738603	-0.0021629562	-0.0137319974	-0.018907019	-0.0208903956	0.0399716806	0.0190550674	0.0645525763	-0.0086501624	-0.0181576893	0.0052371523	-0.0455293373	-0.0448080786	0.0151932802	-0.0256013712	-0.1175026923	-0.0644758824	0.1245661359	0.011114744	0.0827757209	-0.0466920791	0.0042459974	0.0236553964	-0.0170136681	-0.0345073788	0.0092558117	-0.0039002033	0.0610961747	0.019780446	0.0328611764	0.0065055027	-0.0656523839	0.0087887438	0.0031051266	0.0455297845	-0.0255634659	0.0082066962	0.1239351682	0.0835606559	-0.0861667761	-0.0699107816	0.0318521458	0.019270088	-0.0171210641	0.0600634023	-0.102197894	0.1373986485	0.0050511989	-0.0130538345	-0.01074372	-0.0051259558	-0.0143192466	-0.0069975032	-0.0189591314	-0.0674538998	0.0172650234	0.0099226201	0.0046696021	0.0291669108	-0.0097732451	-0.0354222109	-0.0066534583	0.0573512543	0.0068612472	0.0331555716	-0.0292656619	-0.0076872406	0.0119132456	-0.0200647868	-0.0398073217	-0.0091530429	0.0735304317	0.0231647145	-0.0369191397	-0.0815145553	-0.0919127174	-0.0637513548	-0.0088448147	0.049772331	0.0875088252	0.0519482427258282	-0.0006703166197609	0.0026986199223015	4.493243707278086e-07	-0.0149143646237348	0.0028333096023799	8.02764330293871e-06	0.0002224382721297	-0.0591317240935396	0.0274590583929138	0.0007539998878254	0.0034965607942744	0.0020910693654998	-1.2969994047200284e-05	1.6822074558441078e-10	4.372571091331735e-06	0.0009892538220206	2.8525456720900088e-05	9.786231243823651e-07	8.13701681135944e-10	-0.0021510394266473	1.0975026744599898e-05	4.626970614991145e-06	1.2045121204468304e-10	0.0	0.0	0.0	0.0	0.0	0.0	0.0	0.0	0.0	0.0	0.0	0.0	0.0	0.0	0.0	0.0	0.0	0.0	0.0	0.0	0.0	0.0	0.0	0.0	0.0	0.0	0.0	0.0	0.0	0.0	0.0	0.0	0.0	0.0	0.0	0.0	0.0	0.0	0.0	0.0	0.0	0.0	0.0	0.0	0.0
6320.472986165658	41.11611801939671	1690.5351609849588	39948378.76884983	13079.423370601624	83.87803541769244	7035.524825531668	171071315.70743996	6134.0848119399125	16.583398158253658	37626996.48007191	275.0090944751708	7441.708194565977	8094.058425423406	1.260854	36.042488	0.0192435231856994	0.009109438700463	0.0067578219	-0.0474528569	0.0194858115	0.0536253253	0.0176424604	0.0376879682	-0.0410522958	-0.0011864953	0.0524796071	-0.004004192	0.0192629879	-0.0337883398	-0.0474757049	0.0057111054	-0.0191684604	0.0295514348	0.0271977836	0.058897722	-0.0462844306	-0.0502763188	0.0280946542	0.0238965609	0.0425439248	0.0127938378	0.0175957282	0.0318169451	-0.1128045014	-0.0542333597	0.102294266	0.0682100918	-0.0007596222	0.0278542972	0.0409619893	0.0242332858	-0.0662607168	0.0347883204	0.0200136351	-0.0677212386	0.1161252605	-0.0775737866	-0.0540913823	-0.0860330955	-0.0051255897	-0.0273623966	-0.000121246	-0.0290570498	-0.0738581187	0.1552380613	-0.0233234278	0.0276280438	0.0891736818	-0.07302815	-0.0594566346	-0.0559341244	0.0699613895	-0.0445944763	-0.0664810448	0.0115844476	0.0006503526	0.0988260745	0.0448598526	0.1481143735	0.0976728059	0.060885048	0.0062890552	-0.0631105562	-0.0432075377	-0.0495690423	-0.0296467951	-0.0927308848	0.0683227552	-0.0166736526	0.0458154042	-0.0607217106	0.0282552721	0.0176887344	0.0293138631	0.0095139146	0.0240938698	0.0692805736	0.0482817687	0.0107997016	0.0277359779	0.0197953122	-0.0301945164	0.0367498518	0.0483713431	-0.0417330727	0.0493403677	-0.0516430056	0.04223533	0.0157931047	-0.1305501758	0.0067066527	0.0504686043	-0.0189488296	0.0457809446	0.0647117134	0.0587709572	0.0068207793	-0.0634368869	0.0088708569	-0.0779240461	0.0256676407	-0.0152009363	0.0367649833	0.0121375129	0.0452191417	0.0508018879	0.0716659369	0.0027360245	-0.0737753575	0.0694326978	-0.0948364134	-0.0121775532	-0.0173139785	-0.0627590565	0.0661770257	-0.1050419337	-0.0176532501	0.0418997677	-0.0152596106	-0.0669090487	-0.0059426588	-0.0283287006	-0.0193807104	-0.0247798894	-0.0444102041	0.01329544	-0.022191168	0.035016502	0.0019443096	-0.0503254977	-0.0076734268	0.0089891348	-0.0177853331	-0.0058891961	0.0249316104	-0.0098776172	0.0698162849	-0.0238574203	-0.0161200382	-0.0635927045	-0.0220195011	-0.0318831249	-0.0039936987	0.0128029358	0.072748185	0.0207052216	-0.0403721968	-0.0838337306	-0.0907155029	-0.0580147416	-0.0	0.0580147416	0.0907155029	0.0477181504952994	-0.0042300922305288	0.002277021886692	1.7893680278780135e-05	-0.0187685199714309	-0.003854155347696	1.485451344417444e-05	0.000352257341918	-0.0592175771835741	-8.585309003449754e-05	7.370753068471539e-09	0.0035067214474925	0.0020370085665264	-5.40607989733999e-05	2.9225699856423554e-09	4.1494039001019385e-06	0.0009017301242331	-8.752369778750003e-05	8.131172169494421e-07	7.660397674397638e-09	-0.0022309233802352	-7.988395358790026e-05	4.977019128480052e-06	6.381446040833802e-09	0.0	0.0	0.0	0.0	0.0	0.0	0.0	0.0	0.0	0.0	0.0	0.0	0.0	0.0	0.0	0.0	0.0	0.0	0.0	0.0	0.0	0.0	0.0	0.0	0.0	0.0	0.0	0.0	0.0	0.0	0.0	0.0	0.0	0.0	0.0	0.0	0.0	0.0	0.0	0.0	0.0	0.0	0.0	0.0	0.0
6286.98190855619	-33.49107760946754	1121.652279443378	39526141.51851284	13071.294410525345	-8.128960076279327	66.0799919217432	170858737.5666311	6124.865974176943	-9.218837762969088	37513983.20163048	84.9869696999449	7448.8088659097775	8300.421073962796	1.269642	36.293713	0.0536649696567771	0.030123758956319	-0.0355586335	-0.047741211	-0.0149952087	-0.117881727	-0.0779640658	-0.05416769	-0.0567260788	0.0478495835	-0.1000907279	-0.0377028282	-0.0400374711	0.0419831551	0.0069986665	-0.0448288102	-0.0159870848	0.0445655194	0.0662785969	0.0747116475	0.1078838155	0.1336980593	-0.1040528355	-0.0674194787	-0.0619237434	-0.0094480286	0.0055814945	0.154339863	0.0459757143	0.0436105168	0.0025838678	0.1002922243	-0.0129153906	0.0142114224	0.0100164152	0.0423489309	-0.07329423	0.0544499123	-0.0692970374	-0.0712431049	0.0473789328	-0.0534401931	0.0060630242	0.0342450813	0.0325807008	-0.1150535394	-0.0030641269	0.0034231878	-0.0464036135	0.0946468787	-0.0099475512	0.0979890087	-0.0800077225	-0.1138438664	0.0319358933	-0.003197355	0.0628173967	0.073383566	0.0563288287	0.1054132076	0.0174261797	-0.0522105406	-0.0204758241	-0.0715375391	-0.0386517868	0.058529221	0.1360219823	0.0551532099	-0.0442717685	0.0228997552	-0.1019368737	-0.0357407712	-0.0167513845	0.0102605905	0.0618768493	0.0280061447	-0.053487303	0.0118649583	0.0601231981	-0.0631093695	0.0637759047	-0.0890707979	0.0054103951	0.0597818165	-0.0693643397	0.0826890938	-0.0050737355	-0.0022805589	-0.0781272806	0.0343873886	0.017301947	0.0500054821	-0.0356909953	0.1233280378	-0.0042146769	-0.1231770363	-0.0623549337	0.078621946	0.0640081989	-0.0041680583	0.0215487728	-0.051250942	0.0007865812	-0.005228874	-0.039845936	-0.066086423	-0.00898667	0.0343004327	0.010377642	0.0026935485	-0.0007559752	0.0355400702	0.0164031901	-0.0581453883	0.0813035758	0.0376128652	-0.0250355674	-0.0221072259	0.0386365396	0.0795165443	-0.0940327749	-0.0194897237	0.0472104414	0.0196745316	0.0381609058	-0.0100686597	-0.018940997	-0.0231045501	-0.0204391107	-0.0382985657	0.0210361715	-0.0171068903	-0.0461938203	0.0434282756	0.0497161979	0.022480848	0.0641549423	-0.0202806841	0.052824205	0.0428107664	-0.0134435305	-0.0227968396	-0.0609788276	-0.1015740573	0.0214361478	0.0968685865	-0.0015078651	0.0219361411	0.0698023523	0.071952483	0.0182304111	-0.0437580584	-0.0859048739	-0.0890989834	-0.0518920499	0.0088448147	0.0655710866	0.0925648049	0.0547419712403325	0.007023820745033	0.0029966834152773	4.93340578583573e-05	-0.0001959172120535	0.0185726027593774	0.0003449415732576	3.838355397881608e-08	-0.0590988959920224	0.0001186811915517	1.4085225228131436e-08	0.0034926795074758	0.001936016939202	-0.0001009916273243	1.019930878963046e-08	3.748161588877081e-06	0.0013588420784105	0.0004571119541773	1.8464517940589675e-06	2.0895133865188138e-07	-0.0022318170979497	-8.937177144998851e-07	4.9810075587006215e-06	7.987313532108981e-13	0.0	0.0	0.0	0.0	0.0	0.0	0.0	0.0	0.0	0.0	0.0	0.0	0.0	0.0	0.0	0.0	0.0	0.0	0.0	0.0	0.0	0.0	0.0	0.0	0.0	0.0	0.0	0.0	0.0	0.0	0.0	0.0	0.0	0.0	0.0	0.0	0.0	0.0	0.0	0.0	0.0	0.0	0.0	0.0	0.0
6250.550364761534	-36.431543794656136	1327.257383261948	39069379.86242055	12987.554667315146	-83.73974321019887	7012.344592910047	168676576.23649943	6103.827309003843	-21.03866517310053	37256707.818141095	442.62543226583296	7427.1527193415295	7975.863833224389	1.022777	29.236881	0.0267966587763503	0.0135306285644316	-0.0456049709	0.0410659428	-0.068912751	-0.0436339311	-0.0052945293	-0.0608065517	0.0248886338	-0.0067651383	-0.06167021	-0.0018112874	0.0173816706	0.0102033595	0.0623626605	0.0361612453	0.0616314492	0.0007279411	0.0087176966	0.0334480141	-0.0434089504	0.0899330892	0.0058475021	-0.0047836861	-0.064818403	0.0175585503	-0.0178818546	0.1007763008	0.0008936731	-0.0160410898	0.0511188906	-0.0977611443	-0.0750941125	0.0836248389	0.0197741914	0.0158298976	-0.0489753939	0.0385310192	-0.0607817305	0.0651584177	-0.0596482584	0.0936119959	-0.0506281917	-0.0823402025	0.0849748873	0.0820383046	-0.035108265	0.0010243357	0.0391778166	0.0457989796	-0.0513072224	-0.0494737724	-0.0857977418	-0.0281537767	-0.0729387726	-0.0268852293	0.0632883905	0.0706669362	0.050249887	0.019602976	-0.0561000153	-0.0309593121	0.114405372	0.0264054954	-0.095916037	-0.0198198216	0.0947162475	0.0512085072	0.0440285356	-0.0369367219	-0.00092233	-0.0363327543	-0.017267505	0.0213836878	-0.0541842998	0.0221283649	-0.0578036601	-0.0499045863	-0.0523893465	-0.0318877752	0.0306104385	-0.0306762291	-0.0141793639	0.0924854717	-0.0188897444	0.0775065205	0.0481878309	-0.0211905468	0.0257223014	0.0746603802	-0.0174769166	0.0041383695	-0.0315753166	0.0501876966	-0.0328438658	-0.0839172701	-0.0341093252	0.047668583	-0.0209727976	0.0112259202	0.0587436499	0.0159741762	0.07784742	-0.0641765708	0.0011541045	-0.0497068908	0.0616299717	0.0756889687	-0.0010302266	0.0045214563	-0.0632319547	-0.0599596038	-0.030344175	0.0627346196	-0.0420964266	-0.0021774006	-0.1179882448	-0.1337047523	-0.0207471728	-0.0945905745	3.56783e-05	-0.0678403027	-0.0053062585	-0.0254716883	-0.0397286737	-0.0146479216	-0.0267585041	-0.0342532897	0.0019871101	-0.0041609096	0.0189697288	-0.0883754084	-0.0278276183	0.0261825293	0.0278527744	0.0118407698	0.0308575296	-0.0277935747	0.0277506483	0.036988559	-0.0122912846	-0.0251796036	-0.0348571698	-0.0578158384	0.001728989	0.0197640798	-0.0059019721	-0.0055551798	0.0413785584	0.071143473	0.015742114	-0.047071089	-0.0877218577	-0.087070631	-0.0454240252	0.0176095295	0.0723520068	0.0930290603	0.0613781188541793	0.0066361476138468	0.0037672734740777	4.40384551527646e-05	0.0024270038871918	0.0026229210992453	6.879715092866174e-06	5.8903478684441084e-06	-0.0483969596829041	0.0107019363091183	0.0001145314407644	0.0023422657065486	0.0020610118828663	0.0001249949436643	1.5623735941641567e-08	4.247769981316092e-06	0.0013472013189324	-1.1640759478100029e-05	1.814951393733198e-06	1.3550728122697563e-10	-0.0022318944698901	-7.737194039972306e-08	4.98135292472601e-06	5.9864171612182975e-15	0.0	0.0	0.0	0.0	0.0	0.0	0.0	0.0	0.0	0.0	0.0	0.0	0.0	0.0	0.0	0.0	0.0	0.0	0.0	0.0	0.0	0.0	0.0	0.0	0.0	0.0	0.0	0.0	0.0	0.0	0.0	0.0	0.0	0.0	0.0	0.0	0.0	0.0	0.0	0.0	0.0	0.0	0.0	0.0	0.0
6275.795447551801	25.24508279026668	637.3142050874188	39385608.49951191	12928.302028866265	-59.25263844888104	3510.875163153816	167140993.3495876	6114.209182440066	10.381873436223032	37383553.926634416	107.78329604575342	7414.696401384354	7854.243903941493	1.100196	31.449945	0.0372928966300171	0.0216436505464485	-0.0169580867	0.0467311984	0.0555068147	0.0598605757	0.0876370455	-0.0108196724	0.0490620253	-0.0095511899	0.1010934208	0.0524320537	0.0181574359	-0.0737303258	0.0387890975	-0.0158083878	0.0559747571	-0.0575162916	-0.0885568439	0.0723265213	-0.0488247323	-0.013386196	0.0053099563	0.0851993838	0.0341066573	0.0873663307	0.0075560553	0.0016348432	-0.1412019375	-0.0182959005	0.0549117542	0.0132394371	0.0060456219	0.0938629269	-0.0582547213	0.0118853814	0.0350306628	0.0122019012	0.0018646184	0.0527769584	-0.0748452512	-0.016844394	0.0740999409	-0.0969578949	0.0267040814	-0.033802337	-0.0206274965	-0.0402327607	-0.0760232444	0.0048313395	0.0160957032	-0.0705164719	0.0201710882	-0.1193763765	0.0441665174	-0.0102014793	-0.0671641824	0.0769448362	0.0185145666	0.0864647734	-0.0278115338	-0.0366101773	-0.0769049329	-0.0980119704	0.054101528	0.1267841322	0.0044232257	-0.0156484854	-0.1088247436	0.1429296597	0.0906467935	0.0737823704	0.0804879882	-0.0280445967	0.0043073053	0.0924704858	0.0002935122	-0.0204554964	-0.0581303771	0.049448287	-0.0691702624	0.0401331288	0.0695975819	0.04125945	0.0648721434	0.0488446544	0.1155902138	0.015496419	0.0735211887	-0.0246421497	0.0593054066	0.0236732785	0.0039923543	-0.0051378971	-0.0314917178	-0.0200531303	-0.0250466923	0.0347325876	-0.0021660803	0.0568180651	-0.0027478651	0.1415379359	0.0417441708	-0.0215043666	-0.0829170942	-0.1125758737	0.0567890612	-0.0430293667	-0.044268412	-0.074267826	0.005028966	0.109776686	-0.0186047847	0.0416328441	0.0019372632	0.071194053	-0.0011108429	-0.0425256318	-0.00732146	-0.0150356537	-0.0345942074	-0.0846739573	-0.1000084373	-0.0396474211	-0.0400083786	-0.0126784559	-0.0095299441	-0.0346701123	-0.0228269345	0.0053426275	0.03107002	-0.0554445334	0.0412843558	0.0335068234	-0.0703824455	0.0033550481	0.0584337944	-0.0058500044	-0.0444105086	0.0157487433	-0.0416445036	-0.0007739325	-0.00948697	-0.0390993564	-0.0006509274	0.0220908516	-0.0170320751	-0.0257139157	0.0391311667	0.0703213046	0.013242171	-0.0503057744	-0.0892793062	-0.0846398209	-0.038653711	0.0262147696	0.0782773129	0.0921013223	0.058734075168175	-0.0026440436860043	0.0034496915858608	6.990967013499209e-06	-0.0051028657685776	-0.0075298696557694	5.669893703287679e-05	2.6039239052121057e-05	-0.0363944961430107	0.0120024635398933	0.0001440591310264	0.0013245593495036	0.0018170697232556	-0.0002439421596107	5.950777723553229e-08	3.301742379172183e-06	0.0014049762208012	5.777490186880015e-05	1.9739581810168224e-06	3.337939285949486e-09	-0.0022312811364026	6.133334874997703e-07	4.978615509666078e-06	3.7617796688863093e-13	0.0	0.0	0.0	0.0	0.0	0.0	0.0	0.0	0.0	0.0	0.0	0.0	0.0	0.0	0.0	0.0	0.0	0.0	0.0	0.0	0.0	0.0	0.0	0.0	0.0	0.0	0.0	0.0	0.0	0.0	0.0	0.0	0.0	0.0	0.0	0.0	0.0	0.0	0.0	0.0	0.0	0.0	0.0	0.0	0.0
6295.2562008709165	19.46075331911561	378.7209197474693	39630250.63460373	13016.03253414124	87.73050527497617	7696.641555802621	169417102.92982325	6122.972670012829	8.763487572763552	37490794.317724034	76.7987144379812	7425.336590953235	8018.246167632072	1.126945	32.214592	0.0197698393106716	0.011962153499511	-0.0029516887	0.0138779899	0.0489142189	-0.0290047858	0.1015727743	0.0146605319	0.0228920835	0.0095669537	0.0470037592	0.0574955875	0.0599297369	-0.0383902611	-0.0027486668	0.0094213372	-0.0062020502	-0.004391104	-0.014415512	0.0568255125	0.0146611244	-0.0857617211	0.0566570636	0.1057630155	0.1080218784	-0.0554644789	0.094484084	-0.00863243	-0.0307612544	0.0209078181	0.044226438	0.0378407289	-0.0127735753	-0.0149640856	-0.0052170392	-0.035416959	0.0067196484	-0.0599966628	-0.0312242009	0.0596298737	0.08554385	0.0163963636	-0.0593673616	0.0649687805	-0.0777341081	-0.0031463602	-0.0313658325	-0.0326728864	0.0530787839	-0.0029925604	0.1163399763	-0.0107700768	8.69862e-05	-0.0229423367	-0.0485376561	-0.0422594903	0.0058633156	-0.0104356185	-0.0340554435	0.0083792179	-0.0327840976	-0.0780924143	-0.0053450712	0.0042421624	0.0010334353	0.0639387607	-0.0481570137	-0.1033295067	0.1146195217	-0.0194244904	0.1065417637	-0.0326477073	-0.163215341	0.0561592801	-0.0260389573	-0.0075086601	0.0191863999	-0.0146508693	-0.0258989919	0.0535353009	0.0004302223	0.1448399551	0.0423401711	-0.0078175943	-0.0225861744	-0.0301430635	0.0217446598	0.0926771529	-0.0252780421	-0.0731139868	0.0334185293	0.0290218256	0.0101624324	-0.0348953747	-0.0222210623	0.0223315498	-0.0159560021	-0.0292480064	0.0590940308	0.0534693586	-0.0437756773	-0.053861319	-0.0110092377	0.0360800587	0.0647079024	0.0608920962	-0.0723886773	-0.0188642996	0.0597793593	0.1028700438	-0.0681569603	0.0329945595	0.0098557764	-0.0292186915	-0.0082605445	-0.0434864403	0.0383533077	0.072848426	-0.0764808597	0.0955015006	-0.0071833745	0.1091492603	-0.0127819394	-0.0771490886	-0.0070719552	-0.0165952031	-0.0203739523	-0.0421179397	-0.0003536802	-0.0196580348	0.0167562218	-0.1005594262	0.0510742038	-0.0762819078	-0.0410603291	0.011231101	-0.0979400821	0.005563051	-0.0211189882	-0.0164539647	0.0083222045	0.084914773	0.0004842779	0.0293940263	-0.0680749689	0.0073278132	-0.0234545192	0.0180765437	0.037079521	0.0694861298	0.0107324316	-0.0534567308	-0.0905726114	-0.0818177889	-0.0316261628	0.0345826047	0.0832769341	0.0897954726	0.0543834885747713	-0.0043505865934036	0.0029575638295622	1.8927603706703992e-05	0.0056063650581421	0.0107092308267197	0.0001146876248999	3.143132916515667e-05	-0.0334868369324325	0.0029076592105782	8.454482084860246e-06	0.0011213682477393	0.0017840798213459	-3.2989901909700114e-05	1.0883336280116352e-09	3.182940808933618e-06	0.0014080142671546	3.0380463533999803e-06	1.9825041765109053e-06	9.229725645406918e-12	-0.0022312618310663	1.9305336300054488e-08	4.9785293587733375e-06	3.726960096582015e-16	0.0	0.0	0.0	0.0	0.0	0.0	0.0	0.0	0.0	0.0	0.0	0.0	0.0	0.0	0.0	0.0	0.0	0.0	0.0	0.0	0.0	0.0	0.0	0.0	0.0	0.0	0.0	0.0	0.0	0.0	0.0	0.0	0.0	0.0	0.0	0.0	0.0	0.0	0.0	0.0	0.0	0.0	0.0	0.0	0.0
6292.787386892525	-2.468813978391154	6.095042459899556	39599173.09663366	13031.04915444682	15.016620305579636	225.49888540194664	169808242.0656092	6123.94315153633	0.9704815235008936	37502679.72324872	0.9418343874566156	7438.565162984406	8066.978615447014	1.246248	35.624954	0.0481810664641761	0.0268049573126671	-0.0304788482	-0.0144427324	-0.0644674172	0.0107337182	-0.0161292168	-0.0066205239	0.0041948062	-0.0549299416	-0.0441764876	-0.0584527809	0.0074160141	0.0121279127	0.0064281895	-0.0083299943	0.0506224363	0.0480317291	0.0333819939	-0.0085034358	0.061734885	0.0194301835	-0.0132354379	0.0424867172	0.0724903425	-0.009627523	0.1347090415	0.0743044058	-0.0157889146	0.038759824	0.0406126621	0.0550759877	-0.0565355739	-0.0559515226	-0.0546488892	0.065450196	-0.029700969	-0.031303751	-0.0720716538	-0.0633560462	-0.0764029663	-0.0908513914	0.0748510453	0.0417088163	-0.0183498837	0.1006208654	0.0276290183	-0.0697201025	-0.0271852029	-0.1080061959	0.0086421891	-0.1110235596	-0.08844884	-0.0160192841	0.0450928628	0.1075303644	0.0695929078	0.0024115666	-0.1521024803	-0.0902065518	-0.0536029896	0.1165904711	-0.029555844	-0.0390947879	0.0621238276	0.1338523301	-0.1309292491	0.0157758851	-0.0385014082	-0.0644566798	-0.0622030889	-0.0766731885	0.0659398278	-0.0370912178	-0.0345313886	0.0522420064	-0.0024089194	0.0090328271	-0.0343436661	-0.0442199436	0.0187240851	0.0039616036	0.0042127599	-0.0147416963	-0.0394956063	-0.0261244244	-0.0187474904	0.0705033463	-0.1054866465	-0.0361049837	0.0591780218	0.0071717343	0.0351252812	0.1406034295	-0.0985518554	0.0646853173	0.0122600337	0.0176146297	0.0697695813	0.0385501345	-0.0369472611	-0.0437619914	0.0074543264	-0.0871771169	0.0116654712	-0.0222591468	-0.0228284376	-0.0710697108	-0.0297519015	0.0378536633	-0.0691606239	-0.1053464821	-0.0456421888	-0.0324026449	0.0273139475	-0.0346680134	0.0078016618	-0.0467022442	-0.1665611231	-0.0654911573	0.0761763747	-0.0446514594	-0.0813832584	0.1710477591	-0.0576848344	-0.0221640729	-0.0070932753	-0.0421649376	-0.0273451441	-0.007170534	0.0144559427	-0.056579862	-0.0095051914	-0.0028175904	0.0522595758	-0.0364788818	-0.0122680683	-0.0319359559	0.0223918982	0.0213175613	-0.0453854882	0.0503489739	-0.0446691429	-0.0505049488	-0.0196685407	0.0581730846	-0.0004081348	0.0002263602	0.0220781456	0.0686381031	0.0082147524	-0.0565187138	-0.0915979471	-0.078617579	-0.0243881477	0.0426372543	0.0872917462	0.0861460138	0.0482716592983223	-0.006111829276449	0.0023301530914133	3.735445710445913e-05	0.0297786806986692	0.0241723156405271	0.0005843008434252	0.0008867698241532	-0.0310746063089624	0.00241223062347	5.818856580806946e-06	0.000965631157257	0.0015756861374633	-0.0002083936838825	4.3427927482160995e-08	2.4827868037940136e-06	0.0015092460958545	0.0001012318286998	2.2778237778520505e-06	1.0247883141925889e-08	-0.0022311935251742	6.830589210004775e-08	4.978224546779273e-06	4.665694895583366e-15	0.0	0.0	0.0	0.0	0.0	0.0	0.0	0.0	0.0	0.0	0.0	0.0	0.0	0.0	0.0	0.0	0.0	0.0	0.0	0.0	0.0	0.0	0.0	0.0	0.0	0.0	0.0	0.0	0.0	0.0	0.0	0.0	0.0	0.0	0.0	0.0	0.0	0.0	0.0	0.0	0.0	0.0	0.0	0.0	0.0
6317.168912557687	24.381525665161465	594.458793760927	39906623.06978527	13050.705996055303	19.656841608482864	386.3914220209832	170320926.99547386	6124.674105575661	0.7309540393307543	37511632.89950903	0.534293807613946	7424.782496821635	8046.112556900516	1.255125	35.878731	0.1153865134916593	0.0555645055326212	0.0049412463	-0.0155657392	0.0771796005	0.0420567335	0.0805703389	0.0146736894	-0.0174640867	0.0204936441	0.0904416495	0.0580663077	0.0642309075	-0.0810990296	0.0008877942	-0.0166689566	0.0021554289	-0.0291836105	-0.0797155771	0.0780244812	-0.026699463	0.0277118728	0.0002652979	0.122893611	-0.0347005608	-0.0066175838	0.0557966191	0.0411048199	-0.0774345112	-0.0757086565	0.0670480118	-0.0719588386	0.0306935014	-0.0134684404	-0.0206837364	0.0620227641	0.1014058729	0.0540312081	-0.0089708471	0.0439435217	-0.0395580872	0.0057907314	0.0716250234	-0.0439061053	0.1235563644	-0.1174507282	-0.010448872	0.0358475548	0.0207232377	0.0311820749	0.0069157663	0.0341141505	0.0680359688	-0.0426777765	0.0558208351	0.090449885	-0.0921674477	-0.0393954207	0.0709672076	-0.1205237994	0.0476530181	-0.1041697801	0.098265602	0.0043047513	-0.0828385801	-0.0047779839	0.086631904	0.0583002742	-0.0682937279	-0.0041358605	0.0557434444	-0.0107716658	-0.1027135782	-0.036361966	0.1120308212	-0.0115022458	0.0124353146	0.0057891576	0.0069896437	0.0416506507	-0.0531097788	0.1100568643	0.0576115464	0.0192684318	0.0216566026	0.0036042424	0.1104525809	0.0971965757	0.011574806	0.0763514982	0.0551065421	0.0338115235	0.0234608393	-0.0647816058	0.0285576421	-0.0304419391	0.0138746802	0.0649758464	0.0157120546	-0.1215465259	0.019731915	0.0650175697	0.0691522011	-0.0835609982	-0.0752611145	-0.0697580694	-0.0114611388	-0.0285450229	0.0287763732	0.0409757747	-0.0049062194	-0.057662179	-0.030054009	0.0485940931	0.0448024867	0.1093653258	-0.0407949865	0.0277307682	0.1392228014	0.0657010854	0.0306768489	0.0257393591	0.0164890675	-0.0303163589	-0.1437487284	-0.0118202	-0.0061245107	-0.0424855278	-0.049617296	-0.0204721609	0.0449233773	-0.0190345431	0.0641674396	0.0059057492	-0.0899611433	0.0045483616	-0.0003561215	-0.0069008705	0.011005261	-0.0012161712	-0.0168564312	0.0620088297	-0.0509333682	0.0119963655	-0.0299593731	0.0329052569	-0.0356054	0.0017178772	0.0003996479	0.0677773814	0.005690996	-0.0594866269	-0.0923522795	-0.0750539832	-0.0169878336	0.0503057744	0.0902742713	0.0812075526	0.0427143922536856	-0.0055572670446367	0.0018245193056017	3.0883217005405143e-05	-0.0079955076749769	-0.0377741883736461	0.0014268893072877	6.39281429806145e-05	-0.0201082800278058	0.0109663262811566	0.0001202603121047	0.0004043429256766	0.0022911231067583	0.000715436969295	5.118500570340148e-07	5.249245090321805e-06	0.0010029466518772	-0.0005062994439773	1.0059019865116854e-06	2.563391269717232e-07	-0.0022311553026021	3.822257210002109e-08	4.9780539843294685e-06	1.4609650179413105e-15	0.0	0.0	0.0	0.0	0.0	0.0	0.0	0.0	0.0	0.0	0.0	0.0	0.0	0.0	0.0	0.0	0.0	0.0	0.0	0.0	0.0	0.0	0.0	0.0	0.0	0.0	0.0	0.0	0.0	0.0	0.0	0.0	0.0	0.0	0.0	0.0	0.0	0.0	0.0	0.0	0.0	0.0	0.0	0.0	0.0
6288.625821800435	-28.543090757251772	814.7080299767117	39546814.7266152	13048.211207592582	-2.494788462721772	6.223969473729661	170255815.71794465	6112.013310451133	-12.660795124527796	37356706.70713182	160.29573318526678	7419.225324752401	8199.243551094301	1.14372	32.694134	0.1244830734003921	0.0647473387071039	-0.019070349	-0.0296306277	0.0512260313	-0.0440969836	-0.0357489946	-0.0318193538	-0.0412470404	0.0392327006	0.0173972941	-0.0546002645	-0.0150614708	0.0555651045	0.0443104549	0.0162240883	0.022123668	-0.0122438461	-0.0623060235	0.0598957732	-0.0027490572	0.0449316587	-0.0079774581	0.0743581873	-0.0117152604	0.0021156744	0.0098414722	-0.0377401748	0.1050910318	0.1136593714	0.0764835839	-0.040994865	-0.096257398	0.06937692	0.0426367562	-0.061963885	-0.0865092828	-0.067284366	0.0568055312	-0.03128168	-0.0689337837	-0.0802589445	-0.0600468449	0.0897108734	-0.0315563739	0.1101124871	-0.0913213232	-0.0468385676	-0.0061306023	0.0517304216	-0.0431983234	-0.0792101368	-0.0008237233	-0.0739187163	0.1166666699	0.0300411585	-0.020155353	-0.0007084564	0.1087231685	-0.0095633865	-0.0294586389	-0.1431659082	-0.0060946551	0.0768360861	-0.0051221568	-0.0649670367	-0.0776943164	-0.0104241154	-0.0261160057	-0.0027704384	-0.1171351599	-0.0134395002	-0.017716882	0.0158700589	0.0288028969	0.0605804418	-0.0328415287	-0.005782364	0.0068338516	-0.0066428745	-0.0466020163	0.0204728192	-0.0112461816	0.0090311165	-0.0008438597	0.0899812044	0.0663000605	-0.03554887	0.0481416674	0.0864737793	0.0233536741	0.0652544843	0.10952196	0.0998737528	-0.1397631864	-0.0176247624	0.017147585	-0.0090699428	0.0739421565	0.0249604351	0.0518540731	-0.0141517735	0.0150469769	0.0747012789	0.0391432066	0.0596846884	0.0257805315	0.0018737593	-0.0032654321	0.0289409006	-0.0977994809	0.0402393615	-0.0700589427	-0.0409973994	-0.0531543574	-0.1185733289	0.0474037013	-0.018345092	-0.0482913165	-0.0038503577	0.1610471069	-0.0187838712	0.0279895512	0.0124210498	0.0207277262	-0.006881401	0.0062645203	-0.0383496872	-0.0540085039	-0.0132691495	0.0409330816	0.0204085239	0.0081692139	0.0348181978	-0.0586054901	0.0297744918	0.045404678	0.0171092975	0.0351401502	0.0378362394	-0.0259570421	0.0186184177	-0.0508132382	-0.0309720049	0.0247533625	0.0286759699	0.0044037483	0.0488070779	0.0388778573	0.0669041238	0.0031630294	-0.0623555305	-0.092833377	-0.071143473	-0.0094744681	0.0575187176	0.0921892388	0.0750539832	0.0474326586816431	0.0047182664279575	0.0022498571096092	2.226203808519084e-05	0.0222324176831989	0.0302279253581758	0.0009137274714594	0.0004942803960402	0.013725759150418	0.0338340391782238	0.0011447422071135	0.0001883964642552	0.0015350217810155	-0.0007561013257428	5.716892147900198e-07	2.3562918681919977e-06	0.0013607932142269	0.0003578465623497	1.8517581718859776e-06	1.2805416218549772e-07	-0.0022310463419739	1.0896062819978208e-07	4.9775677800351205e-06	1.1872418497691149e-14	0.0	0.0	0.0	0.0	0.0	0.0	0.0	0.0	0.0	0.0	0.0	0.0	0.0	0.0	0.0	0.0	0.0	0.0	0.0	0.0	0.0	0.0	0.0	0.0	0.0	0.0	0.0	0.0	0.0	0.0	0.0	0.0	0.0	0.0	0.0	0.0	0.0	0.0	0.0	0.0	0.0	0.0	0.0	0.0	0.0
6273.71545802414	-14.910363776294616	222.3189479414387	39359505.64825105	12922.562506247694	-125.64870134488774	15787.596149656794	166992621.7278787	6117.242274265664	5.228963814530289	37420653.04206295	27.34206257366715	7408.118012624192	7829.86310018724	1.176367	33.627373	0.1130989509687612	0.0675977131322181	-0.0229226806	0.0449380452	0.0176820573	0.0202395582	0.0922229746	-0.0014292628	0.0705476006	-0.0104666666	0.1216575881	0.0318427228	0.1100723188	0.0258675942	0.0183931728	-0.0063991799	0.0098269939	-0.0427260899	-0.061459974	0.0806320786	-0.0412497928	-0.0035730899	0.0471519609	0.0794758093	-0.0179675222	0.0877312859	0.0263988033	0.0448888556	-0.0606053273	0.0459741107	-0.0016484864	-0.0808829871	-0.006745715	0.0052382634	0.0223024513	0.0276580736	-0.0317539566	-0.0248119671	0.0086693441	0.044502184	-0.0324284564	0.0748381948	-0.029905202	-0.0089619084	0.0011797776	-0.0525922472	0.0169638096	0.0786139312	-0.0047896763	0.0530960563	-0.0002459011	-0.0144061835	0.0257670559	0.1499834647	-0.018949994	0.0389167082	-0.0153197396	0.1726141816	-0.1331375222	0.0540525402	-0.0346485884	0.0052371698	0.0145084751	-0.0266147426	0.03146177	0.0499401911	0.0746711867	-0.0388943533	-0.0053850142	0.0979115754	0.0808305415	0.0388501693	-0.0061725094	-0.0307900238	0.0524632295	-0.150246015	0.0102412818	-0.0047439374	-0.0486584996	0.0498728267	-0.0688679098	0.1058325207	0.0078203813	0.0095604939	0.0910149968	0.0972531855	0.095278825	0.050336987	0.0615913234	-0.0136179857	0.042249925	0.0203920706	-0.0145289834	-0.0297018459	0.0417036083	-0.0269843932	0.0608627784	0.015882785	-0.0741184569	0.0079965371	0.0313324954	-0.0155761926	0.0623623313	0.0639863814	-0.0676973568	-0.0183841398	0.1296718379	-0.0834702164	0.0157225159	-0.086185883	-0.0901784507	0.0130878905	-0.0074832412	0.026397686	-0.0283155535	-0.060203577	0.0314528629	-0.0037878031	0.1295949589	0.0217232261	-0.0567854636	0.0629327522	-0.0235581269	-0.0727278744	0.0440320444	-0.0118537789	-0.0116721219	-0.0458775259	-0.0368146671	-0.0170505127	0.0505630023	-0.0380911534	0.0201185856	0.0227207827	-0.0669329804	0.007777385	0.0053123633	-0.0066814311	0.0439411733	0.0372143255	-0.0204125398	0.0210476892	-0.0138632716	0.0101307455	0.0046357062	-0.0039691107	-0.0445218337	-0.0590052373	-0.0533628824	0.0660184918	0.0006327229	-0.0651206494	-0.0930398161	-0.0669041238	-0.0018980517	0.0642107624	0.0930140029	0.0677773814	0.0563049841394871	0.008872325457844	0.0031702512389478	7.871815902990673e-05	-0.0021708992242679	-0.0244033169074668	0.0005955218760862	4.712803441926969e-06	0.0094879025624976	-0.0042378565879204	1.7959428459780332e-05	9.002029503544853e-05	0.0027417942203462	0.0012067724393307	1.4562997203281685e-06	7.517435546723827e-06	0.0011218544810194	-0.0002389387332075	1.2585574765833071e-06	5.7091718226804906e-08	-0.0022970442097463	-6.599786777239987e-05	5.276412101529004e-06	4.355718550503178e-09	0.0	0.0	0.0	0.0	0.0	0.0	0.0	0.0	0.0	0.0	0.0	0.0	0.0	0.0	0.0	0.0	0.0	0.0	0.0	0.0	0.0	0.0	0.0	0.0	0.0	0.0	0.0	0.0	0.0	0.0	0.0	0.0	0.0	0.0	0.0	0.0	0.0	0.0	0.0	0.0	0.0	0.0	0.0	0.0	0.0
6333.213741677968	59.49828365382746	3540.045757751312	40109596.29777864	13043.077771284448	120.5152650367545	14523.92910687918	170121877.74777448	6149.435520147186	32.19324588152267	37815557.2164479	1036.4050803881764	7447.278311545019	8096.041386265909	1.24761	35.663902	0.0627507580747877	0.0307645044015072	0.0031947355	-0.0500206952	-0.0742430149	0.0484156417	-0.0051004718	0.0522695199	0.0067257978	-0.0587667823	0.0319409291	-0.002557424	0.0239126336	0.1256580917	-0.068000616	-0.0627431613	-0.0404791569	0.0212648687	0.0091769233	0.0141016047	-0.0407080338	-0.0230474402	0.0230355882	0.0158201014	0.0688309203	-0.0072483483	-0.0074150785	0.0302292279	-0.0166482013	-0.0154785242	0.0048760947	0.1031372994	-0.0717795971	-0.1260088435	-0.0554770736	0.0096920267	-0.0705267263	0.0002719054	0.0145261023	-0.01143201	0.0893228096	0.0648405051	0.0081321445	0.0173233405	0.0408858291	-0.0527926847	-0.0624553269	-0.0241251739	-0.1030702422	-0.0304554722	-0.0975940869	0.0959338811	-0.030687734	0.0878642421	0.0357039158	0.0758862038	0.0173952163	-0.0558678924	-0.0738514961	0.0006394383	-0.0282309624	0.0604164952	0.0441055668	-0.0081771036	0.0334086527	0.0733851176	-0.0277844639	-0.0391577431	0.1029516186	-0.03912191	0.0242259362	-0.035803445	-0.1526460715	0.1217199206	0.0140542529	0.0146899107	0.05262949	0.0763228016	-0.0045254984	-0.0049534393	0.0019482442	0.0592235807	-0.0687517457	0.0351025711	-5.22509e-05	-0.0089429783	-0.0607286663	0.0738068538	-0.0286844679	-0.0554349197	0.0854082687	-0.0448359046	0.0215339463	0.0248422608	0.069903138	0.0172341493	0.0669129928	-0.0547422519	0.0350769225	0.0103641404	0.0116755467	-0.0181310367	0.0495343939	0.1142680353	0.0140642497	-0.0184766193	0.0423672319	0.0086983804	0.0367427695	0.0909371125	0.0179388323	-0.0107494332	0.0146884976	-0.0855715813	0.0211700114	0.016136279	-0.0070354334	-0.0363785851	0.1278219663	-0.0105193468	-0.0593642956	0.0383921949	0.0111511361	0.0190187514	0.0373178134	-0.0167240146	-0.0153823207	-0.0289639025	-0.0079674809	-0.0624469159	0.0114639658	-0.0094252742	-0.0123133892	-0.0187355871	0.0578357876	0.0157451457	-0.0322486074	-0.0025885152	0.062909428	0.031927431	-0.0452527806	0.0650045641	-0.0279858291	0.0333756213	-0.0300035026	0.0228630326	-0.0395291629	-0.0963399644	-0.0356838215	0.0651206494	-0.0018980517	-0.0677773814	-0.0929709861	-0.0623555305	0.005690996	0.0703213046	0.0927388101	0.0594866269	0.0819683865667713	0.0256634024272842	0.0067188163963596	0.0006586102241447	-0.0067796764081862	-0.0046087771839183	2.12408271310059e-05	4.596401219971653e-05	0.0018670179000324	-0.0076208846624652	5.807788303859733e-05	3.485755839041393e-06	0.0024770578205288	-0.0002647363998174	7.008536138827844e-08	6.135815446242888e-06	0.001344146853679	0.0002222923726596	1.806730764255155e-06	4.9413898942634494e-08	-0.0023071693132917	-1.0125103545399836e-05	5.323030240194894e-06	1.0251772180506834e-10	0.0	0.0	0.0	0.0	0.0	0.0	0.0	0.0	0.0	0.0	0.0	0.0	0.0	0.0	0.0	0.0	0.0	0.0	0.0	0.0	0.0	0.0	0.0	0.0	0.0	0.0	0.0	0.0	0.0	0.0	0.0	0.0	0.0	0.0	0.0	0.0	0.0	0.0	0.0	0.0	0.0	0.0	0.0	0.0	0.0
6294.413667179887	-38.8000744980809	1505.445781056628	39619643.41358096	13065.361307940146	22.28353665569739	496.5560058858092	170703666.10701942	6134.054929845473	-15.3805903017128	37626629.88236155	236.56255802914183	7458.292888677761	8257.876077959614	1.240358	35.456604	0.1368511305229484	0.0823765438771035	-0.031382165	-0.0513746397	-0.0506430581	-0.1286878738	-0.0840437971	-0.0535737536	-0.0472077644	0.0700932529	-0.0972079396	-0.0125335598	-0.0266819976	0.0475255726	-0.0172742646	-0.0246404503	-0.0766625683	0.085648187	0.1250685132	0.004515769	0.0888662026	0.0618072108	-0.0810675619	-0.0540247305	-0.0417715995	-0.0400261142	-0.0752499342	0.0074694412	0.003482783	-0.0416526277	-0.0270905967	0.0190128846	0.0846991671	-0.0449752249	0.0188106349	-0.0246695111	0.0193728843	0.0595849797	-0.0195393363	0.0690220479	-0.0399974751	-0.0683120137	-0.1689372445	0.0068240807	0.004554754	0.0356488943	-0.1719017691	0.0018917092	0.0100768839	-0.1274980967	0.0753937766	0.0839866673	-0.012463663	0.0692601594	0.0548605279	0.0409136928	0.0316912731	0.1064703755	0.0544880192	-0.1646467748	-0.0169713719	0.1213944356	-0.0315674012	0.0943143428	0.09122666	0.0641980995	0.0561412939	-0.0151594234	-0.0057208602	0.0521638645	0.0496159557	-0.1341471081	0.0021901129	0.0018054691	-0.0042736556	0.0131510442	-0.0464695663	0.0260017983	0.1078934154	-0.0573461613	0.0908239592	-0.0677089537	-0.001575469	0.0608328179	-0.0605214725	-0.0018758697	-0.0499962646	0.0425011822	-0.1178925397	0.038145767	0.0470303575	-0.0033807274	-0.0152943482	0.0338057054	0.0723984712	-0.0235489486	-0.1034379352	-0.0447572913	-0.0311567662	-0.0744238017	-0.0178850488	0.060975948	-0.0505576261	-0.0234751278	0.0737383027	-0.0166934935	-0.0144695632	0.1425368138	0.0167114569	0.0608929406	-0.1040111807	-0.0265250591	-0.0474031885	-0.0056947173	0.0636095994	-0.0212301449	-0.0824667684	-0.0292253276	0.0314551769	0.0399432787	0.1501747181	-0.0111270749	0.0608616871	-0.1027421747	0.0083965687	-0.0132630523	-0.0042966963	-0.0259478084	-0.0051013543	-0.0439471558	0.0214701057	-0.0166781179	-0.0037938395	-0.0395540615	0.0778963248	0.0146208117	-0.0498854425	0.001947451	0.0282648957	0.0130506338	-0.0293107414	-0.0234970583	-0.0491055224	-0.0187723497	-0.0153699104	0.0837236822	-0.0061760118	-0.010593373	-0.0038624672	0.0642107624	-0.0044274221	-0.0703213046	-0.0926270906	-0.0575187176	0.013242171	0.0757950062	0.0913669149	0.0503057744	0.0750619746207235	-0.0069064119460477	0.0056343000339621	4.769852596851172e-05	-0.0079847601017206	-0.0012050836935343	1.4522267084225095e-06	6.375639388202916e-05	0.0397576771991836	0.0378906592991512	0.0014357020621243	0.0015806728962744	0.001371213064108	-0.0011058447564207	1.2228926253033782e-06	1.88022526718045e-06	0.0019799711934351	0.0006358243397561	3.920285926832814e-06	4.042725910262806e-07	-0.0022318588977843	7.531041550740006e-05	4.98119413961895e-06	5.671658683897243e-09	0.0	0.0	0.0	0.0	0.0	0.0	0.0	0.0	0.0	0.0	0.0	0.0	0.0	0.0	0.0	0.0	0.0	0.0	0.0	0.0	0.0	0.0	0.0	0.0	0.0	0.0	0.0	0.0	0.0	0.0	0.0	0.0	0.0	0.0	0.0	0.0	0.0	0.0	0.0	0.0	0.0	0.0	0.0	0.0	0.0
6257.051740803231	-37.3619263766559	1395.913542574656	39150696.48708875	12948.59530423382	-116.76600370632514	13634.299621545537	167666120.35282615	6106.965971105239	-27.08895874023437	37295033.37223736	733.8116856301203	7425.018042433627	7977.95135813067	1.257135	35.936176	0.0563300413684257	0.0270648865003304	-0.0222722364	0.0554858539	0.0621152197	-0.0594945959	0.0413079146	-0.0604357717	0.0264381682	0.0624886763	0.015795304	0.0191144859	0.0238714459	0.0028236753	0.0723547484	0.050209866	-0.0070124899	0.0255608798	0.053336379	0.0687004399	0.0103514687	-0.0672932639	0.0459731882	0.0934511605	0.0740170218	-0.0868167942	0.0252057082	0.0203376822	-0.01822929	9.39149e-05	0.0438070496	-0.013653184	-0.0118137192	-0.0384972356	-0.0440580303	-0.117064561	-0.1005869204	-0.0699759547	-0.1011891107	0.0156473551	-0.1098139885	-0.0243109829	-0.1072482895	-0.0752080055	-0.0130021251	-0.0117218058	0.0343257472	0.0570515873	-0.0436435182	-0.0337144141	-0.0055729892	0.085319113	-0.0337398568	0.070859668	-0.0241684636	0.0407210277	0.0001006978	0.0458948834	0.0049043347	0.0203841268	0.0156834012	0.0126145899	0.0143784751	0.0403185616	-0.0111342244	-0.0298613244	-0.0329096771	0.1243457227	-0.0450071939	-0.0415539502	-0.099034065	-0.0822535796	0.0999750953	0.0007111609	0.0396376083	-0.0177635409	-0.0583836438	-0.0577573558	0.0121229317	0.0160704519	0.0494273397	0.085230581	0.0296581415	-0.0312392474	-0.0671250745	-0.0081693366	0.0298404812	0.1022250062	-0.0115691408	-0.0620681019	0.032611181	0.0229598734	0.0186345581	0.0646108304	-0.0407085317	0.0135120402	0.0004714555	-0.0483405752	-0.0576363711	-0.0158889479	-0.0330895403	0.0574667027	0.0571969442	0.0265715955	0.1003216658	-0.0462365256	-0.0622161838	0.1011995954	0.0004649952	0.0037273916	-0.0155930026	-0.0439832281	-0.0247453413	-0.0875988375	-0.0597722805	-0.0754506217	-0.0804429889	0.0275127033	0.012142686	0.0236598812	-0.0041034702	0.0743614352	-0.0418764632	0.0115693091	0.0653003741	-0.0089484723	0.0041758713	-0.0269368611	0.0111037044	-0.0133594921	0.0329305129	-0.071465339	0.0579622383	-0.0752953651	-0.0351885473	0.0216891244	-0.0864142142	0.0233313036	-0.0385396754	-0.0077855825	0.0014631174	0.0148912862	0.018361181	0.0425820086	-0.0200693428	0.0110199514	-0.0168745505	-0.0153749191	0.0099345725	0.0632889993	-0.0069535172	-0.072748185	-0.0920091471	-0.0524160419	0.0207052216	0.0805822964	0.0889145408	0.0403721968	0.073839452855438	-0.0012225217652855	0.0054522647979904	1.4945594665967891e-06	0.0056092489087262	0.0135940090104468	0.0001847970809761	3.146367332004607e-05	0.057176305144992	0.0174186279458084	0.0003034085995144	0.0032691298700332	0.0016359001743642	0.0002646871102562	7.005926633577777e-08	2.67616938048482e-06	0.0019660173809634	-1.395381247169987e-05	3.865224342250188e-06	1.9470888249536684e-10	-0.0024351156279941	-0.0002032567302098	5.929788121701101e-06	4.131329837557957e-08	0.0	0.0	0.0	0.0	0.0	0.0	0.0	0.0	0.0	0.0	0.0	0.0	0.0	0.0	0.0	0.0	0.0	0.0	0.0	0.0	0.0	0.0	0.0	0.0	0.0	0.0	0.0	0.0	0.0	0.0	0.0	0.0	0.0	0.0	0.0	0.0	0.0	0.0	0.0	0.0	0.0	0.0	0.0	0.0	0.0
6273.154409354493	16.10266855126156	259.29593447178803	39352466.243603714	12945.856028158834	-2.739276074986265	7.503633414992155	167595188.30181643	6105.044501809512	-1.921469295726638	37271568.36907456	3.692044254420222	7412.914161456044	7956.107820178617	1.196375	34.19931	0.0235589872672594	0.0144528747858097	-0.0296995516	0.0119407799	-0.138723867	-0.0047341358	0.001532599	-0.0135070456	0.0450825128	-0.0633081061	0.0036848747	-0.0182150431	0.0359631788	0.0646119295	0.0759366878	0.0134092068	0.0427182913	-0.0654196644	-0.097058544	0.0349122792	-0.0150015674	-0.0715934358	0.0515896809	0.0419863188	-0.0512301139	-0.0809592958	-0.0616528304	0.0524891019	0.0959275351	-0.078263732	0.0115503864	0.1408456392	-0.006177034	0.0607874665	-0.1099377712	-0.0294907686	-0.1104140901	-0.0413300183	-0.0220602421	0.0598172126	-0.0369591512	0.0494205956	-0.0020572071	0.0838624506	-0.0539669087	-0.0016024826	-0.0219697238	0.0437394635	-0.0401725455	0.0580115014	-0.015583856	-0.0146821319	0.0181812778	0.0848376635	0.0326998828	0.0019702494	-0.0922666364	0.0039710055	-0.0569772803	0.0250340016	-0.0137775002	-0.0522351889	-0.0788061161	0.0269324718	0.004217951	-0.0991799902	-0.0444483184	0.0192505053	-0.0503940773	0.0914926086	0.1331081564	0.0566604315	0.1695919734	-0.0036177764	-0.1030891603	-0.0050845013	-0.0148237685	-0.0134321448	-0.1102621385	0.0120617639	-0.0563479962	0.0090167352	-0.0657508065	0.0325761178	-0.0812919417	-0.0259355668	0.0693122299	0.1108710109	0.0439770689	0.0300366545	0.0224968267	-0.099330203	0.010483181	0.0084937445	0.1096741395	0.0942484107	-0.055226073	-0.03871793	-0.0425178168	0.0543900413	0.0665718993	-0.0117532838	0.1167107018	0.1040761549	-0.0128220537	-0.0082850751	0.0162812307	0.0736550344	0.0829602365	-0.0268046776	0.0035772694	0.0620458778	-0.0046577439	-0.0129274294	-0.1224585162	0.0096395642	0.03283293	0.0192397127	0.0292359455	-0.0106321761	0.01123537	0.0402045523	-0.0683164932	-0.008528344	0.1127810455	-0.0130383465	-0.0018795237	-0.0262174102	0.0003855606	-0.0096721235	0.0066742042	-0.0695291309	-0.0147946438	-0.0591151448	0.0901526367	-0.0299300318	-0.0665289844	0.0039714363	0.0188391465	0.0049449375	-0.0286225782	-0.0311999876	-0.0266939823	0.0164828948	0.010070779	-0.0189539919	-0.0216445868	-0.053675454	-0.0668290268	0.0623555305	-0.0094744681	-0.0750539832	-0.0911189838	-0.047071089	0.0280304823	0.0846398209	0.0854106889	0.0298345303	0.0746282716339408	0.0007888187785028	0.0055693789270692	6.222350653186504e-07	-0.002333512726679	-0.0079427616354052	6.30874623968647e-05	5.445281645572861e-06	0.0570952980191705	-8.100712582150005e-05	6.5621544338603405e-09	0.0032598730558978	0.0014339975106984	-0.0002019026636657	4.0764685595345144e-08	2.056348860689208e-06	0.0020007167763647	3.4699395401299824e-05	4.002867619227157e-06	1.2040480412157472e-09	-0.0024934415634776	-5.832593548349982e-05	6.2172508304776185e-06	3.401914750025384e-09	0.0	0.0	0.0	0.0	0.0	0.0	0.0	0.0	0.0	0.0	0.0	0.0	0.0	0.0	0.0	0.0	0.0	0.0	0.0	0.0	0.0	0.0	0.0	0.0	0.0	0.0	0.0	0.0	0.0	0.0	0.0	0.0	0.0	0.0	0.0	0.0	0.0	0.0	0.0	0.0	0.0	0.0	0.0	0.0	0.0
6282.6627272113055	9.508317856812935	90.40810846618776	39471850.9438902	12939.990135373091	-5.865892785743199	34.40869817383411	167443344.7035529	6115.943130592895	10.898628783382264	37404760.376646414	118.78010935796836	7418.225748043932	8021.229403686523	0.8775049999999999	25.084166	0.0396427874498418	0.018670618017404	-0.0239929847	-0.0030431832	-0.0683305857	0.0208585315	-0.0338810615	-0.0250581243	0.0185809563	-0.0465184584	0.0309997474	-0.0271262584	-0.0523153694	0.0242553362	0.0275156874	-6.16798e-05	-0.0011553461	-0.0175004937	-0.0779844509	-0.0151954657	-0.03302646	0.0663822412	-0.0765205444	-0.0479975434	0.0097367779	-0.1557191643	-0.0107496455	-0.0568148112	0.0990867717	0.0520217405	0.0215515714	-0.1168627114	-0.0623648136	-0.054347408	-0.060822451	-0.0013730189	-0.017943464	-0.0852788636	-0.0047315687	0.069687336	-0.0454496212	0.056569398	-0.0244718669	-0.0519979618	0.0195883513	0.1180067786	0.0207675547	-0.04704096	0.0272217897	0.0672842961	-0.0808016535	0.0503812761	-0.0021560339	0.1036813617	-0.0349675014	-0.0364066066	0.1199804956	-0.0736714969	-0.0301583989	0.0525031611	0.1114797449	0.0617925458	-0.0371894839	-0.0429883251	-0.0586900713	-0.0230507251	0.0569611139	-0.15093033	0.0568447905	-0.0188658731	0.124448558	-0.0513933899	0.0229579894	-0.0666600883	-0.0433975175	0.0425854784	-0.0123167858	-0.0038959154	-0.0466903769	0.0045176443	-0.0580571985	-0.036615477	-0.0230477048	0.0359796616	-0.0414892796	-0.0382470379	0.0160620802	0.0436798471	0.01376795	-0.0020120025	0.0071190101	0.0112515543	0.1280935856	-0.0507324492	-0.0383683625	0.0116192385	0.0597465293	-0.0154224445	-0.0785873287	-0.0630357079	-0.0210431817	-0.0460318244	0.0160249077	0.1339872271	0.0720178728	-0.0195939802	0.0724880538	0.0651802827	-0.0714381765	0.0479753665	0.0635198504	-0.1181063695	-0.0223017356	-0.0810923054	0.0221658258	0.0101303269	0.092784779	0.0854874887	-0.0185766069	-0.1077041989	-0.0656021594	-0.0509310613	-0.0257383752	0.0267535705	-0.0316618088	-0.014944545	0.0149000391	-0.0196804544	-0.0191439747	-0.0036073828	0.0140822375	-0.019105283	-0.0109368315	-0.0212573956	0.0832451212	-0.011433029	-0.0231437153	0.0119171489	0.0055203283	0.0107238375	-0.0469574311	-0.019325984	-0.0163638334	0.0004834819	0.0108015621	0.0192487672	0.0041099775	-0.0612743165	-0.0512533384	0.0614105286	-0.0119884099	-0.0772348614	-0.0899592343	-0.0415085642	0.0351692048	0.0879308341	0.0808967948	0.0188504498	0.0671364312530329	-0.0074918403809079	0.0045073004013932	5.612767229300226e-05	0.0064615975498583	0.0087951102765373	7.735396477645202e-05	4.175224289633478e-05	0.0569842561623588	-0.0001110418568117	1.2330293964191004e-08	0.0032472054503773	0.0014040403065339	-2.995720416449992e-05	8.974340813535313e-10	1.9713291823718083e-06	0.0018279337687876	-0.000172783007577	3.34134186307404e-06	2.985396770738816e-08	-0.0022312858765075	0.00026215568697	4.978636662701843e-06	6.872560421076494e-08	0.0	0.0	0.0	0.0	0.0	0.0	0.0	0.0	0.0	0.0	0.0	0.0	0.0	0.0	0.0	0.0	0.0	0.0	0.0	0.0	0.0	0.0	0.0	0.0	0.0	0.0	0.0	0.0	0.0	0.0	0.0	0.0	0.0	0.0	0.0	0.0	0.0	0.0	0.0	0.0	0.0	0.0	0.0	0.0	0.0
6282.698187366531	0.035460155225337	0.001257422608605	39472296.513538696	12978.864005021223	38.87386964813231	1511.1777414199828	168450910.86083555	6127.527139900557	11.5840093076622	37546588.8502179	134.18927164000448	7435.087754330522	8091.056793311334	0.899394	25.709887	0.0447988243584194	0.0212733250126774	-0.01988815	-0.0077142664	-0.0190381695	0.0478184647	-0.0512909396	-0.0376526056	-0.0058539673	-0.0357867218	0.0110396581	-0.0498969414	-0.0767137946	0.0006467417	0.0115119938	-0.0330177389	-0.0247765139	0.0798449025	0.0172498064	0.0473893465	0.0947744491	0.0093267327	-0.053196021	0.0562944477	-0.1161401507	0.0835020623	0.0071773723	0.039754034	-0.0369555902	-0.086532212	-0.1845678237	-0.0071930778	-0.0853238184	0.0469457807	-0.0531162912	-0.0580523962	0.0279103569	0.0465616555	0.0892799315	-0.0047256915	0.116695066	-0.0506330697	0.1087652263	-0.0328671709	0.0052955287	0.0546857978	-0.0352609836	0.1343004679	0.0233649363	0.0330225696	0.0236331443	-0.1112988277	0.0690067093	0.0318595892	0.0625349351	-0.0172640437	0.009654462	0.0268841061	-0.0470791285	0.0777111614	0.0210408562	-0.0401603025	0.0283941142	0.0787667421	0.0836070718	0.0078429878	0.0882244144	-0.0175721953	0.0220269011	-0.0879665959	-0.0719577177	0.0084958709	0.0515742146	-0.034754926	0.0385645814	0.0677793385	-0.0275961118	0.0005138283	0.010507983	-0.0560330173	-0.022961191	-0.085980394	0.0354319472	0.0584566481	0.0364165116	0.0755498743	0.0196805437	0.0357805523	-0.0403762967	0.0389351133	0.1247951232	0.0271344805	-0.0370802506	0.1197705049	0.0381531771	0.07726606	0.05596627	0.0191232546	-0.0398659464	0.1387121541	-0.0471264801	0.0120987625	-0.1489478023	-0.0400942921	-0.0290929481	0.0412250623	0.1205830461	-0.0001532028	0.0725319422	-0.0876241065	0.0753777189	-0.063547401	0.0091694812	0.1073938354	0.0520179736	0.0721543815	0.0717024031	-0.0435746584	0.0491615966	-0.0138740915	0.0207436728	-0.0090447267	-0.0277259281	-0.0332615295	-0.0962470882	-0.0126627311	0.0227044764	-0.0143564004	-0.0420774355	0.0186531822	0.0137872155	0.0133543018	-0.0053150452	0.0507547264	0.0606349778	-0.0082633729	0.0793204426	0.0018637132	0.0020043845	0.0174974995	-0.0554345029	-0.0748857463	-0.0249697467	-0.0302102906	0.0488018379	0.0123880197	0.0132696317	-0.0189524689	-0.0345008871	0.0604541685	-0.0144934828	-0.0792871898	-0.08853333	-0.0357541787	0.042073882	0.090425532	0.0754262385	0.0075843101	0.0577601879363669	-0.0093762433166659	0.0033362393104444	8.79139387333238e-05	0.013477554119504	0.0070159565696457	4.922364658715465e-05	0.0001816444650441	0.056905000776446	-7.925538591279507e-05	6.281416196186076e-09	0.0032381791133673	0.0011841045377685	-0.0002199357687654	4.8371742382427575e-08	1.4021035563639528e-06	0.0017100512202121	-0.0001178825485755	2.9242751757488923e-06	1.3896295258655131e-08	-0.0024600149408905	-0.0002287290643829	6.05167350940449e-06	5.2316984893522476e-08	0.0	0.0	0.0	0.0	0.0	0.0	0.0	0.0	0.0	0.0	0.0	0.0	0.0	0.0	0.0	0.0	0.0	0.0	0.0	0.0	0.0	0.0	0.0	0.0	0.0	0.0	0.0	0.0	0.0	0.0	0.0	0.0	0.0	0.0	0.0	0.0	0.0	0.0	0.0	0.0	0.0	0.0	0.0	0.0	0.0
6276.465582393425	-6.232604973105481	38.845364750779176	39394020.20696924	12966.269323634351	-12.594681386872251	158.62599923682637	168124140.17302123	6122.533232844733	-4.993907055823911	37485413.18728818	24.939107682207844	7427.624204182493	7973.338172752627	1.085027	31.01635	0.1083994717680683	0.0638714968122145	-0.0021459622	0.0346555302	0.1146336422	0.0423088455	0.0082038648	-0.033481341	0.007479006	0.030239385	0.0505712773	0.00702016	-0.0454226106	-0.080540602	0.0263074893	-0.000485907	0.0018670848	-0.0167781261	0.0039805945	-0.0020011837	-0.0111856072	-0.0416886544	-0.0203000985	0.0739430274	-0.044123245	-0.0100061359	0.0562342253	-0.1167395088	-0.0592502533	0.0649996465	-0.04813908	-0.004941217	0.0777975061	0.0330583193	0.0319452919	-0.0608775338	0.0116977575	0.0505744195	-0.0277964718	-0.0072232682	0.0416054613	-0.034568359	0.0809589929	0.0142864603	0.0240943623	0.017322572	-0.0083612995	-0.0817655121	0.030051688	0.0062445215	0.0127721032	0.023223232	0.0448290309	-0.027758298	-0.0728589951	0.1061173632	-0.0370021887	0.031815085	0.1028780998	-0.0227595656	0.0505276635	0.1435587964	0.0353506317	-0.019809053	-0.0257669927	-0.0369903248	0.0277413276	0.113685009	0.0231607648	-0.0435915128	-0.0575123214	-0.042482483	-0.0495944788	-0.0509729797	-0.0578018033	-0.046839489	-0.0270886065	-0.0185402708	0.0381143361	0.0290472539	-0.0357976913	-0.016218419	0.094489033	-0.0677102501	0.0044853738	-0.0503283769	0.0401537474	0.0143133378	0.0421477494	-0.0448779879	0.004383791	0.0844996816	-0.0114939342	0.0039492209	0.042189314	-0.0398537484	0.0351605652	-0.0748629685	0.0426308398	-0.0589143678	-0.0579447542	0.0943989422	-0.0197535129	-0.0268333318	-0.0210303075	-0.0267938603	-0.0215563324	-0.0154419351	0.0292719343	-0.0784749964	-0.0035924395	0.0355839127	0.0234902091	0.0302308772	-0.0334394156	0.0148967027	-0.0648020251	0.001867865	-0.1196606401	-0.0193767679	-0.0481424528	-0.1403101166	0.032704744	0.0914448475	-0.0125922074	-0.00694685	0.0380853486	-0.0050814289	-0.0241429165	0.0438715598	0.0043955154	0.011441844	0.0488145798	-0.0352415487	-0.040939303	0.0023186483	0.0185390041	0.0323207557	-0.0783744096	-0.0388115312	-0.0274356016	-0.0360676063	0.0400577338	0.0298320703	-0.0043949715	-0.0009432751	0.0465868307	-0.0111783275	0.0203791399	0.0594866269	-0.0169878336	-0.0812075526	-0.0868454896	-0.0298345303	0.0486985645	0.0921013223	0.0690637132	-0.0037953135	0.0519906657350759	-0.0057695222012909	0.0027030293235763	3.328738643118971e-05	0.0699064708042556	0.0564289166847516	0.0031842226382146	0.0048869146603062	0.0656006019940917	0.0086956012176457	7.561348053632145e-05	0.0043034389819872	0.0005426919788655	-0.0006414125589029	4.114100707184943e-07	2.945145839249523e-07	0.0017073093551491	-2.7418650630000804e-06	2.914905234179636e-06	7.517824023700435e-12	-0.0025659691502121	-0.0001059542093216	6.584197679840207e-06	1.1226294472965452e-08	0.0	0.0	0.0	0.0	0.0	0.0	0.0	0.0	0.0	0.0	0.0	0.0	0.0	0.0	0.0	0.0	0.0	0.0	0.0	0.0	0.0	0.0	0.0	0.0	0.0	0.0	0.0	0.0	0.0	0.0	0.0	0.0	0.0	0.0	0.0	0.0	0.0	0.0	0.0	0.0	0.0	0.0	0.0	0.0	0.0
6282.34685058084	5.881268187414207	34.5893154922904	39467881.95100299	12998.528524564008	32.2592009296568	1040.65604461997	168961743.80390418	6125.080677905114	2.5474450603805963	37516613.31084657	6.4894763356575	7436.729487282615	8134.927626037597	1.169332	33.42625	0.1265784151662309	0.0724759344420963	0.0044833937	0.0125193814	-0.0007057871	-0.0603679608	0.0110191252	-0.0117232785	-0.0057257299	-0.0093897103	-0.0126316974	-0.0096385721	-0.0502125521	-0.0405705612	0.0199228995	-0.0029546443	0.0405895436	-0.0057137338	-0.0155128222	-0.015758075	-0.0334528865	-0.0394577167	0.0333896796	-0.0031386758	0.0381750067	-0.0829178693	-0.0842863231	-0.0903838014	-0.0278056407	0.0147132208	-0.0394916238	0.1011182923	0.0562738014	-0.0636879995	0.0515691977	-0.0579018634	0.0216791198	-0.0254734204	0.0473799365	0.037858104	-0.070025138	-0.0406337694	0.0414046951	0.051349236	-0.1115913412	-0.0024252308	0.0594203572	0.050489481	-0.1005540689	0.0561990424	-0.0159698636	-0.0245168681	0.0778621861	-0.0784001088	0.0467055656	-0.0250225561	-0.0811060525	0.001026021	0.0904407478	-0.0085245224	-0.0541468784	-0.0134183903	-0.0408763879	-0.053423992	-0.0855620766	0.0217233878	-0.0181990342	-0.0429581855	0.0773099895	-0.002924328	0.0208765244	-0.0283905845	-0.0009970411	-0.0395346722	-0.0669749573	-0.0020803185	-0.0161242497	-0.0158054966	-0.0222929646	0.009328587	-0.0046556023	-0.0072745102	0.0103346972	-0.0458139195	-0.0892049155	-0.1489179113	-0.0197744885	-0.0248576693	-0.0155196904	-0.0377784892	0.0315948592	-0.0090109045	0.0092154183	-0.0010648682	0.0108517502	0.007834636	-0.0300060705	-0.0841748454	-0.0353920434	-0.030080338	0.0071782746	0.0640584984	-0.0097970618	0.002376589	0.0259535959	-0.0191632249	-0.1746207811	0.0054315073	-0.0595722785	0.0425162498	0.0208899204	0.0651612083	-0.0386636964	-0.0020835939	-0.0407826971	-0.0327487073	0.1210697911	0.0161401144	-0.0336220916	0.0934018559	-0.0679296945	-0.0081003604	-0.0220851353	-0.0295857148	0.0657575556	0.0089871238	0.0233616197	0.0058918481	0.0039894107	0.0493927944	-0.0268798666	-0.0259880713	0.0197852675	-0.0991803483	0.0825393222	-0.0240552768	-0.081347158	0.0110361037	-0.064119336	-0.0552427844	0.0196374349	-0.0111199429	0.0225106929	0.0303796856	-0.0077928456	-0.0141379593	0.0077329374	0.0329083724	-0.010988537	0.058508083	-0.0194696168	-0.0829927534	-0.0849007066	-0.0237769808	0.0549991661	0.0929430287	0.0618844603	-0.0151181479	0.0596233796959069	0.0076327139608309	0.0035549474063622	5.8258322407864414e-05	0.0799137339450624	0.0100072631408067	0.0001001453155693	0.0063862048730422	0.1145220049435948	0.048921402949503	0.0023933036665476	0.0131152896163007	-0.0002633307260556	-0.0008060227049211	6.496726008483266e-07	6.934307128496947e-08	0.0020078558233946	0.0003005464682455	4.031485007539608e-06	9.032817957484345e-08	-0.0026597406793473	-9.377152913519994e-05	7.0742204813748375e-06	8.793099676353651e-09	0.0	0.0	0.0	0.0	0.0	0.0	0.0	0.0	0.0	0.0	0.0	0.0	0.0	0.0	0.0	0.0	0.0	0.0	0.0	0.0	0.0	0.0	0.0	0.0	0.0	0.0	0.0	0.0	0.0	0.0	0.0	0.0	0.0	0.0	0.0	0.0	0.0	0.0	0.0	0.0	0.0	0.0	0.0	0.0	0.0
6281.421238739508	-0.9256118413313744	0.8567572808128573	39456252.77848778	12972.270856722133	-26.257667841875445	689.46512049426	168279811.18016237	6119.49499392042	-5.585683984693787	37448218.98061708	31.199865576864667	7431.38294720039	7956.410847423923	1.188778	33.982132	0.088199450217457	0.0432798176782104	-0.0097649214	0.0110574895	-0.0685810538	0.0887033526	-0.0423861542	0.0044424461	0.0304785108	-0.0796861987	-0.0049795947	-0.0466281496	-0.0634365791	0.0272506316	0.0253296633	0.0013360048	0.0120826911	-0.0635669151	-0.1080930344	-0.0237936379	0.0211711601	0.0477362324	-0.0423940986	-0.0053741515	-0.0144061032	0.0941796691	0.0059827717	-0.0929980446	0.005469315	-0.0990042427	-0.0553818466	-0.0333523646	0.0234216321	0.0883876286	-0.0271966657	0.0315159925	-0.0034293378	0.0665492167	-0.0215898236	-0.0031949328	-0.0241626919	0.1929104838	-0.0210018132	0.0989416639	-0.0832990085	0.0032746511	-0.0563506292	-0.1053467053	-0.0707986422	-0.1012943949	0.0079602361	0.1223380805	0.0288522006	0.0139736742	-0.0636155725	-0.0411225743	-0.0495044946	0.0876256802	0.0106705122	-0.0005516366	0.0182867327	0.0243470061	-0.0063038456	0.0567395283	-0.0089561867	-0.0564949488	-0.0166202967	0.0497900917	0.0241005208	0.0637173403	-0.0644407558	0.0571197103	-0.0121856609	0.083311282	-0.0318356465	-0.0689546955	0.0084015376	0.005515327	-0.0578381476	0.0028861826	-0.0815510299	-0.0943912874	-0.0430064936	0.0085775218	-0.0424893454	-0.0063357568	0.0085374405	-0.0084405005	0.0308394484	-0.0672714109	-0.0748094208	-0.0169972715	0.0003506583	-0.0271747504	0.0380390169	-0.0019039394	0.0139330251	-0.1023686512	-0.0528778883	0.0679905908	0.0078370399	-0.0211921629	0.010354512	-0.0149753574	0.0354318442	-0.0436965796	-0.0145123646	-0.0986240812	-0.0269578144	0.0217740709	-0.0909329847	0.0152336558	0.0448046418	0.0698386466	-0.1566704522	0.0563740343	-0.0451390222	0.0543104265	0.1061477454	-0.005289051	-0.0393124509	-0.0178948264	0.0508472344	0.0015301848	0.0497396802	0.0015912338	0.0367264798	0.0187129697	-0.0081648729	0.0416613119	-0.0276314555	0.0350585358	-0.0356258947	-0.0252707688	0.0782836379	-0.0133235786	0.035167438	0.0083199705	-0.0274705446	-0.0251914662	-0.0112296602	-0.0488563281	0.0166676491	0.0347853116	0.0073431673	-0.0588665353	0.0013545008	-0.0641693705	-0.0126292584	0.0575187176	-0.0219369967	-0.0846398209	-0.0827047351	-0.0176095295	0.0609337573	0.0929430287	0.0539733795	-0.0262147696	0.060473052706385	0.000849673010478	0.0036569901036292	7.21944224734917e-07	0.0564484488654812	-0.0234652850795812	0.000550619603866	0.0031864273793188	0.098860183528302	-0.0156618214152927	0.0002452926500445	0.0097733358872495	0.000275886301899	0.0005392170279546	2.90755003236192e-07	7.611325157550617e-08	0.0017111210538478	-0.0002967347695468	2.927935260921206e-06	8.805152345799257e-08	-0.002788242296088	-0.0001285016167406	7.774295101694082e-06	1.6512665504973696e-08	0.0	0.0	0.0	0.0	0.0	0.0	0.0	0.0	0.0	0.0	0.0	0.0	0.0	0.0	0.0	0.0	0.0	0.0	0.0	0.0	0.0	0.0	0.0	0.0	0.0	0.0	0.0	0.0	0.0	0.0	0.0	0.0	0.0	0.0	0.0	0.0	0.0	0.0	0.0	0.0	0.0	0.0	0.0	0.0	0.0
6314.3192517548505	32.89801301534226	1082.2792603576286	39870627.61308193	13039.231084868665	66.96022814653224	4483.672153435649	170021547.28460526	6129.07296952391	9.577975603489904	37565535.46574864	91.73761666104778	7438.821146759539	8069.7176838782525	1.101109	31.476068	0.0361987834935017	0.0222947327330087	0.0215990758	-0.0132228827	0.0662608362	0.070995832	0.0173412315	0.0247087784	-0.0263196042	-0.013661097	0.0539147193	0.0277418406	-0.0030038119	-0.0438962241	-0.0111778152	-0.0174232027	-0.0315641103	-0.0061846856	-0.0468469394	-0.009004244	0.0087946186	-0.0587398343	0.087682962	-0.0323753889	0.0742916942	-0.0233052946	-0.015646283	0.0119380035	0.0024453215	-0.0242968092	-0.055331412	-0.0805561834	0.042605435	-0.0223265607	0.1361180324	0.0590949621	0.029330062	0.0071169409	0.004685336	-0.075490628	-0.0093841023	0.0776230859	0.109214996	0.0365271595	0.0733599429	-0.043127661	-0.0068598354	-0.0563477727	-0.0854697582	-0.0071741484	0.028841061	0.0290339557	-0.0075376627	-0.0721485435	0.0149564895	-0.0162686275	-0.0479055478	0.039258763	-0.0606044632	0.0272199533	-0.100989476	-0.063189347	0.0830141937	-0.0311154456	0.1414658624	-0.0322552767	-0.0215480001	-0.051743329	-0.0075473037	0.0206018368	-0.0422798172	0.0919105404	0.0381337576	0.0912587234	0.1534817498	-0.0915661216	0.0216918698	0.0258712666	0.0179233135	0.0378391218	-0.0434098287	0.0560625719	0.0150489473	-0.0439869382	-0.0049672984	-0.045832271	-0.0145410779	-0.0388490159	-0.0169593162	0.0135254058	-0.0328699517	0.0191760277	0.0337064169	-0.0164763398	0.0013659733	-0.0320905079	-0.0301960835	0.044769183	-0.0152516022	0.0308116579	-0.0092410353	0.0148087561	-0.0404443122	-0.0160695579	-0.0716228257	0.0443036108	-0.0083213851	-0.1765306368	0.0755622469	0.0311263616	0.0615308166	-0.0410689631	0.0399576588	0.0191151209	0.0978710061	0.056045778	0.00865459	-0.0512465063	0.0386081171	0.0671935274	-0.0367789429	0.0689276681	0.0899674672	0.0354886217	-0.0008297556	-7.66629e-05	0.0305859021	0.0191380545	-0.0134718284	0.0323811939	-0.0227723121	0.0716741008	0.0364902295	-0.0325974119	-0.026086457	-0.0049747292	0.017776063	0.0115726999	-0.0511504145	-0.0243077559	-0.0114403284	-0.0228962096	0.0063410948	0.0429113651	0.0101549457	-0.0417763657	-0.0166594126	0.0055195222	0.013678594	0.0565187138	-0.0243881477	-0.0861460138	-0.0802640719	-0.0113606834	0.0664628444	0.0921013223	0.0454240252	-0.0369191397	0.0656266656032329	0.0051536128968478	0.0043068592381985	2.6559725890556967e-05	0.0351893142027535	-0.0212591346627276	0.0004519508066079	0.0012382878340601	0.0966295682523608	-0.0022306152759412	4.9756445092622616e-06	0.0093372734606376	0.0002940203631676	1.81340612686e-05	3.288441780933387e-10	8.64479739572074e-08	0.0017450780280334	3.3956974185599944e-05	3.04529732392494e-06	1.153076095841501e-09	-0.0028872596737935	-9.901737770549998e-05	8.336268423914146e-06	9.804441087673644e-09	0.0	0.0	0.0	0.0	0.0	0.0	0.0	0.0	0.0	0.0	0.0	0.0	0.0	0.0	0.0	0.0	0.0	0.0	0.0	0.0	0.0	0.0	0.0	0.0	0.0	0.0	0.0	0.0	0.0	0.0	0.0	0.0	0.0	0.0	0.0	0.0	0.0	0.0	0.0	0.0	0.0	0.0	0.0	0.0	0.0
6285.242755841219	-29.076495913631334	845.4426146154196	39504276.49985452	13032.178714782234	-7.052370086430528	49.73592383598014	169837682.05402312	6126.125378178615	-2.947591345294313	37529412.14916408	8.688294738853939	7436.824793479839	8062.683846086072	0.97899	27.985184	0.0607828812931429	0.0360340960606411	0.0091108084	-0.0007984871	0.1212559325	0.0103257424	-0.0089381435	-0.0025231171	-0.0194674639	0.0850703673	0.0416506638	0.0326181157	-0.002512227	0.0040044016	-0.0056989721	-0.001630845	-0.0781187743	0.0144284895	-0.0038118244	-0.023140872	0.0443554456	-0.0086673143	0.0400558458	-0.0429160022	0.023733015	0.0528443365	0.0086793285	-0.0030607747	0.0019066588	0.0483851233	-0.0020460452	-0.1275709877	0.0092010772	0.0394368347	0.0207387184	0.033084869	-0.0371273272	-0.0720737301	0.0390127442	-0.0430649646	-0.0829882859	-0.0431374027	0.1102425857	-0.0792280021	-0.0081241421	0.0772697192	0.0247539706	0.0684530344	0.1172505657	-0.1249121742	0.0180579744	0.0218116206	-0.0457903044	-0.0192086908	-0.1579465127	0.068654399	0.1347021503	-0.0350543473	0.0688914964	-0.1255057432	-0.075733066	0.0403262621	0.0811561633	0.0002511784	0.0468305124	-0.0806715282	-0.1272159722	-0.0482745793	0.0850378519	-0.0704042849	0.0776765479	0.1559758137	0.0301789814	-0.0251501659	-0.0406596225	0.0168101496	-0.0155314498	0.0062221201	0.0965424075	0.0285182484	-0.0078114183	0.0397587128	0.0251868452	-0.0896322959	0.018030796	0.0649458293	-0.0334692729	-0.0369968793	-0.0283202912	-0.0060764602	-0.0597544985	0.0231180004	-0.0180542988	-0.0523396358	0.0057056272	-0.0037868428	0.1073123477	0.0666231879	-0.0661511084	-0.0679008964	0.0060786676	0.0042539549	0.0180648898	-0.0874427957	0.0240312153	0.1052533548	0.0348741758	-0.0003884072	-0.0752454402	0.041573437	-0.0288372132	-0.1763045523	0.0490290749	0.0894651458	-0.0536523839	0.0408653159	-0.0132360937	0.0593239076	-0.0690907453	-0.0641239916	0.1477357234	0.0018780434	0.0312092608	-0.0316436059	0.0840960938	-0.0041330165	0.0381332056	0.0212488083	-0.0045898055	0.0368904739	-0.0234356717	0.0733232421	0.0354285195	-0.0309012046	-0.0788833704	0.04716014	0.039130108	0.0611781891	-0.0337329223	-0.0019834218	0.0178857481	-0.0184870363	0.0264686431	0.0406377335	0.0017297847	-0.0513074551	0.0245331187	0.012551588	0.0451282473	0.0555082565	-0.0268212567	-0.0875088252	-0.0775859381	-0.005059326	0.0715496322	0.090425532	0.0363374993	-0.047071089	0.0668272608048994	0.0012005952016665	0.004465882786686	1.4414288382646278e-06	0.062685363991207	0.0274960497884535	0.0007560327539691	0.0039294548587101	0.0913791952610978	-0.0052503729912629	2.7566416547383893e-05	0.0083501573265658	0.0002818392191963	-1.2181143971299994e-05	1.483802684495382e-10	7.943334547718002e-08	0.0013196106735691	-0.0004254673544643	1.7413723297974937e-06	1.8102246971485038e-07	-0.0027881909059939	9.906876779959984e-05	7.774008528267086e-06	9.814620753331031e-09	0.0	0.0	0.0	0.0	0.0	0.0	0.0	0.0	0.0	0.0	0.0	0.0	0.0	0.0	0.0	0.0	0.0	0.0	0.0	0.0	0.0	0.0	0.0	0.0	0.0	0.0	0.0	0.0	0.0	0.0	0.0	0.0	0.0	0.0	0.0	0.0	0.0	0.0	0.0	0.0	0.0	0.0	0.0	0.0	0.0
6292.812659280877	7.569903439657537	57.30343808573901	39599491.16480566	13002.094786155882	-30.083928626352645	905.04276159548	169054468.82818195	6124.561772564657	-1.563605613958316	37510256.90596034	2.4448625160019626	7436.932419030167	8006.593801239998	1.009032	28.843973	0.0717596828642028	0.0435895988998614	-0.0046406526	0.0025749629	0.0034865263	0.0240597591	0.0397804243	0.0095655116	0.0023377908	-0.0113764816	0.0545301457	-0.0018961625	0.0560506144	0.0390200217	0.0161155119	-0.0011812286	0.0094556574	-0.0117605746	-0.0552620478	-0.0863144794	-0.0828601933	-0.0226955976	0.0955037495	-0.0329395715	0.0216337335	-0.0363218319	-0.004143555	-0.0564942003	-0.0355509217	-0.0118172037	-0.0508338267	-0.143707958	0.0284808325	-0.0063037265	-0.0455070038	0.0661312175	0.0183314192	0.1181200033	-0.1537876122	0.0040448755	0.0426491253	0.0498367787	0.0702452746	0.0818537837	0.0429585966	-0.0889725046	0.0483745205	0.0670421955	-0.0071936441	-0.0669758724	-0.0845779649	-0.0153201219	-0.0014431922	-0.1021943479	-0.0708796936	0.0537065347	-0.0132145771	-0.1263732861	-0.0413882796	0.0522126347	-0.0494292837	-0.1095875239	0.0544909358	-0.1409959572	-0.1299015401	-0.0470641508	-0.0155376563	0.0908637724	-0.1261723714	-0.0814003599	-0.0306720006	-0.0452797915	-0.0176522871	-0.0125774941	0.0275218368	0.0671843786	0.0007911888	0.0117217333	-0.038703948	0.0071697992	-0.0388304699	0.0846288654	-0.0616550048	-0.0269337797	0.0343321874	-0.0197464424	0.012767779	-0.0416475075	0.0082852391	0.0426724212	-0.074689977	-0.068817602	0.0745494138	-0.1591418498	0.0265375906	-0.0198735235	-0.0794684771	0.0381410118	-0.01310253	0.0138219575	-0.0589404761	0.0359546623	-0.0111419392	-0.116452711	-0.0367654797	-0.0270076544	-0.0542472862	-0.0134206447	0.0204208639	0.0462693857	0.0835705329	-0.0920983917	0.1262685619	0.0470854866	0.0755982655	0.0085312054	-0.0274722418	-0.0507636444	-0.0719662057	0.0375290306	-0.0339491854	-0.0042202285	0.097887803	0.1044420952	0.013768746	-0.0083318705	0.024142927	0.015416164	0.0046265797	0.032418446	-0.0266930647	0.0257468396	0.0101571989	-0.0618747626	-0.0194514872	-0.0155401632	-0.0476090357	0.0303473482	0.0114271854	0.0149773359	-0.0036032908	-0.0252805796	0.0231750615	0.0283850228	0.0331947563	-0.0968262806	-0.0639045338	-0.0171450925	-0.012904343	0.0544875326	-0.0292345235	-0.0887259867	-0.0746782574	0.0012654166	0.0761602691	0.0879308341	0.0268212567	-0.0565187138	0.0633770373600555	-0.0034502234448439	0.0040166488645378	1.1904041819350508e-05	0.0225256731346661	-0.0401596908565409	0.0016128007696929	0.0005074059501698	0.1068016993803908	0.0154225041192929	0.0002378536333096	0.0114066029905393	0.0003649692175162	8.312999831990004e-05	6.9105966206665834e-09	1.3320252973438732e-07	0.0013389666078991	1.9355934330000067e-05	1.7928315770688222e-06	3.7465219378727516e-10	-0.0029402502622145	-0.0001520593562205	8.645071604452435e-06	2.3122047814223283e-08	0.0	0.0	0.0	0.0	0.0	0.0	0.0	0.0	0.0	0.0	0.0	0.0	0.0	0.0	0.0	0.0	0.0	0.0	0.0	0.0	0.0	0.0	0.0	0.0	0.0	0.0	0.0	0.0	0.0	0.0	0.0	0.0	0.0	0.0	0.0	0.0	0.0	0.0	0.0	0.0	0.0	0.0	0.0	0.0	0.0
6302.596804734464	9.78414545358737	95.72950225695442	39722726.48304908	13029.062183770608	26.967397614726	727.2405341107294	169756461.3885613	6124.796839894812	0.2350673301552888	37513136.32998548	0.0552566497063355	7434.012654847203	8148.646132290748	0.994452	28.427189	0.0896054377857842	0.0379354655980797	-0.0074542455	-0.0460416805	-0.0585472083	0.0248452917	-0.0681411261	0.019222881	-0.0343820747	-0.0325272736	0.0440162781	-0.0658473439	0.0208596975	0.1478995909	0.0029862512	-0.0295676458	-0.0434589277	-0.003448271	-0.0638895483	-0.0226036377	-0.0026908347	0.0959834523	0.0658413465	-0.0509210614	0.0115470494	0.0591043623	0.0597008117	-0.0108932054	-0.037572683	-0.068045534	-0.1079602344	-0.0279002115	-0.0186086776	0.0204541464	0.015498892	0.0927965333	-0.007717088	-0.0825840932	-0.0420675537	0.0118967363	-0.0777282071	0.0240216369	0.1061676788	0.0250755762	-0.0275255048	-0.0257640143	-0.0408122979	-0.018318586	-0.0203066939	-0.0266265479	0.023137377	-0.0600125017	-0.0324367033	-0.096138186	-0.096327991	-0.0672822599	0.0012096081	-0.1268582518	0.0031204446	-0.0271797719	0.1623412956	-0.1383715512	-0.1113123099	0.0267875688	0.0062388078	-0.1029163739	0.1382956348	-0.1492140059	-0.0572736022	0.0222058107	0.0522028894	-0.051704064	-0.0227637674	0.0181551283	0.0425141495	0.0147483968	0.0132752155	0.0498783741	-0.0087150568	-0.0115249401	-0.0685945431	0.0303016768	-0.1337007087	0.0120756574	-0.0155113232	0.0602202256	-0.0156532058	0.0221272893	-0.0285787945	0.0414530546	-0.0364670836	-0.0141642113	0.0265835191	-0.0550305612	0.0390401746	0.0036258861	0.0433675357	-0.0481926338	0.0684803423	0.0659474782	0.0582801981	0.0762450631	-0.027799522	-0.015565368	0.0325745458	0.0078181909	0.0106515578	-0.1399988415	-0.0830364736	0.0448911901	0.0693759362	-0.0341191822	-0.0220380411	0.0504979718	0.0139588413	0.0415045504	0.0183922324	-0.0086054414	-0.1059397448	0.0327122185	-0.0455822928	-0.0331703437	-0.0939236183	0.0840197079	-0.0647376216	-0.0099849549	0.0369931422	0.0239021262	0.0019876336	0.011884877	-0.0267437162	0.0482136914	-0.0137362689	-0.0382313101	0.0433131811	-0.0008017253	0.0222144334	0.0323727403	0.0649334011	0.0344598881	-0.0405397966	-0.0069690394	-0.0557414887	0.0134803329	0.032853017	-0.0926406242	-0.0513617724	0.0227778049	-0.006270569	0.0534567308	-0.0316261628	-0.0897954726	-0.0715496322	0.0075843101	0.0802640719	0.0846398209	0.0169878336	-0.0651206494	0.0590153959670232	-0.0043616413930322	0.0034828169611445	1.9023915641412688e-05	0.0468421423143468	0.0243164691796807	0.0005912906733663	0.0021941862965975	0.0856191846285696	-0.0211825147518212	0.0004486989312111	0.007330644776461	-0.0001139063480446	-0.0004788755655608	2.293218072911761e-07	1.2974656124857548e-08	0.0015021592615573	0.0001631926536582	2.256482447082373e-06	2.663184220800521e-08	-0.0027874222322085	0.0001528280300059	7.769722700610217e-06	2.3356406755514738e-08	0.0	0.0	0.0	0.0	0.0	0.0	0.0	0.0	0.0	0.0	0.0	0.0	0.0	0.0	0.0	0.0	0.0	0.0	0.0	0.0	0.0	0.0	0.0	0.0	0.0	0.0	0.0	0.0	0.0	0.0	0.0	0.0	0.0	0.0	0.0	0.0	0.0	0.0	0.0	0.0	0.0	0.0	0.0	0.0	0.0
6293.388975117819	-9.20782961664463	84.784126249158	39606744.79213452	13009.928838774917	-19.133344995691004	366.084890724134	169258248.38998726	6132.9181955374925	8.1213556426801	37612685.593154855	65.95641747489191	7438.8860591043485	8069.118293048489	1.188266	33.967499	0.0722738943182355	0.0473093456435963	-0.0033339089	-0.0094352965	0.1206800059	0.0311583463	-0.000833451	-0.0041766914	-0.032632571	0.0674273905	0.0446420684	0.0037353467	-0.0218787636	-0.0791813433	-0.0227619435	-0.0020733193	-0.0286136044	0.0124245421	0.0086152695	-0.0147939791	0.0829921236	-0.0613085272	-0.0507865926	-0.0655048746	0.038638399	-0.0038566535	-0.0470531036	-0.0083475038	-0.0374205904	0.0110353634	0.0041540137	-0.0431639252	0.022882537	-0.0412545215	0.0355796032	-0.1251449601	-0.0191798448	0.0446562398	0.0622150314	-0.0217410795	0.0304793704	-0.0662567749	0.0824004594	-0.0974782966	0.0723378885	-0.0238054588	-0.0623464185	-0.043802685	0.0678707951	0.0575818999	-0.0366445854	0.0318834118	0.1484371243	0.0568577622	0.0480402067	-0.0477664161	-0.062978361	0.0569105331	-0.0290851851	-0.0151742466	0.138304652	-0.0343701576	-0.0607325057	0.0488516848	0.0251804288	0.0200049555	0.0761043629	0.0152177734	-0.1098517379	-0.0231012624	-0.036035163	0.0932591213	-0.0680296004	0.018571079	0.0133596797	-0.001669704	-0.0062590649	0.0053677297	0.0645290824	0.002681291	-0.0242435229	-0.0100888169	0.0956179062	-0.0658504418	0.0313692041	0.0152963681	-0.0129242229	-0.0355800724	-0.0119903495	0.0040854152	-0.0028497576	0.0220403083	0.0068873627	0.0526473475	-0.0215522036	-0.0775840102	0.0352665804	0.0118783121	-0.0709985628	-0.0131614351	-0.0180105163	0.0439238	0.0176910285	0.0854307713	-0.0654408753	-0.0051402937	0.0210433368	0.0116315841	0.0060242405	-0.0526925717	0.0254358421	-0.0018234995	0.1148727184	-0.0385481085	0.083829462	-0.0491865293	0.0575153725	0.0387115194	0.0836840673	-0.0318723971	-0.019172386	-0.0118617189	0.0258546108	-0.0203699501	-0.1719612365	-0.014203062	0.0246226306	0.0072532503	-0.01249555	0.02985325	-0.0089360306	0.0348290525	0.09423533	0.0018152243	-0.0690948026	0.0070209042	0.0399725803	0.0167816225	0.0048227868	0.0193721938	-0.0699335837	-0.0515824257	-0.0081423947	-0.0232162377	0.0105916389	0.0170222412	0.0203281351	0.0306793116	0.0248526482	0.0524160419	-0.0339944055	-0.0907155029	-0.0682093192	0.0138681475	0.0838337306	0.0805822964	0.0069535172	-0.072748185	0.0622996097607853	0.003284213793762	0.0038812413763461	1.0786060243137235e-05	0.078830812078138	0.0319886697637911	0.0010232749932568	0.0062142969328987	0.0851631015592673	-0.0004560830693022	2.0801176610420297e-07	0.007252753867194	0.000454320141895	0.0005682264899396	3.228813438690783e-07	2.0640679133149295e-07	0.0016638711246248	0.0001617118630675	2.7684671193601966e-06	2.6150726656761867e-08	-0.002788382433029	-9.602008204999228e-07	7.775076592824726e-06	9.21985615688725e-13	0.0	0.0	0.0	0.0	0.0	0.0	0.0	0.0	0.0	0.0	0.0	0.0	0.0	0.0	0.0	0.0	0.0	0.0	0.0	0.0	0.0	0.0	0.0	0.0	0.0	0.0	0.0	0.0	0.0	0.0	0.0	0.0	0.0	0.0	0.0	0.0	0.0	0.0	0.0	0.0	0.0	0.0	0.0	0.0	0.0
6286.371229935208	-7.017745182611179	49.24874744806241	39518463.240557104	13012.457086998647	2.5282482237307704	6.392039080797796	169324039.44098133	6120.616972081802	-12.301223455690888	37461952.1189358	151.32009850683968	7431.59929350044	8121.634557810137	1.198248	34.25285	0.1152453329046026	0.0682680681626344	0.0003360469	-0.0046015357	0.023559158	-0.0604239069	-0.0043843483	0.0021890643	-0.0180175613	0.0390422046	0.009135349	0.0201733345	-0.0138792797	0.0035099224	0.0231709089	0.0083664925	-0.0259101564	-0.0142795394	-0.0236367381	-0.0292302215	0.0434988605	-0.0088770208	-0.0195519415	0.0917283389	0.1078184108	-0.0589381575	-0.0050852322	-0.1103704994	0.045468788	-0.0425585721	-0.0616945824	0.0480110103	-0.0127758255	-0.0160017779	-0.035569515	0.0842269518	-0.0949855743	-0.0726299025	0.0573728151	-0.021609327	-0.0305990884	-0.002412003	-0.0092960016	-0.0893266299	0.0146070095	-0.0566175984	-0.0289589019	0.0533551752	0.0957985867	0.0989812938	0.1153344368	-0.0248502483	-0.0590250755	-0.0064719019	-0.0009421087	-0.0312304541	-0.0385377046	0.0040466933	0.1024998354	-0.0708946369	0.0225779857	-0.1008299583	0.0976107138	-0.0314879988	0.0261599925	-0.053680642	0.0080148459	-0.0126569336	0.0458099971	0.0533687488	0.0325567772	-0.0647154793	-0.0934010092	0.0413834774	-0.0808350977	0.0539924918	-0.0102990462	-0.0070905461	0.0141927229	0.048872689	-0.002938826	0.034183539	0.0084365138	-0.0421259653	-0.0763249543	-0.1071068948	0.0060361122	-0.0066869394	-0.0343344783	-0.0054849684	-0.0450202135	0.0019080113	0.0171933687	-0.0059328994	-0.0034969133	0.022391743	0.0268550578	-0.0323586011	0.0197645994	0.0599678153	-0.0115968589	0.0576022814	0.1257795204	-0.0377739332	0.1307793136	0.0326539668	0.0047220481	-0.0139576589	-0.0776590428	0.1050375361	0.0393226736	-0.008190713	-0.0796804443	0.1057841494	0.0132890573	-0.0533684426	-0.0891615368	0.0376459977	-0.0086904962	0.1018732999	0.0132232078	0.0327675385	-0.001695644	-0.1483368933	-0.0913247865	-0.0130939394	0.0310471758	0.0287539644	0.0272673093	0.007708813	-0.0158839119	-0.0211514273	0.0458840471	-0.1282963497	0.0490038925	0.0114331972	-0.0794494241	0.0470316233	-0.0242439195	-0.0177782332	-0.0168990717	-0.009878038	0.0129361247	0.0564069541	0.0222981955	-0.0169499197	0.0171541401	0.0271275899	0.0088372948	0.0513656584	-0.0363374993	-0.0914845461	-0.064667201	0.0200878836	0.0868454896	0.0757950062	-0.0031630294	-0.0792871898	0.0542994076640752	-0.0080002020967101	0.0029484256726694	6.400323358820473e-05	0.0574480983948149	-0.021382713683323	0.0004572204444629	0.0033002840091803	0.1097858710443517	0.0246227694850843	0.0006062807771156	0.012052937480967	-0.0005219105325295	-0.0009762306744245	9.53026329687314e-07	2.723906039652263e-07	0.0017657700325173	0.0001018989078925	3.117943807736147e-06	1.0383387429684222e-08	-0.0029350458035017	-0.0001466633704726	8.61449386865294e-06	2.15101442384124e-08	0.0	0.0	0.0	0.0	0.0	0.0	0.0	0.0	0.0	0.0	0.0	0.0	0.0	0.0	0.0	0.0	0.0	0.0	0.0	0.0	0.0	0.0	0.0	0.0	0.0	0.0	0.0	0.0	0.0	0.0	0.0	0.0	0.0	0.0	0.0	0.0	0.0	0.0	0.0	0.0	0.0	0.0	0.0	0.0	0.0
6284.576654715795	-1.794575219413673	3.220500218133633	39495903.728998765	12993.354808416892	-19.102278581754945	364.8970470149737	168827269.17741036	6129.700823216656	9.08385113485474	37573232.18214295	82.51635144020175	7441.80500104474	8093.319101345924	1.273515	36.404404	0.1066327860291398	0.0638052862625272	-0.0243465813	-0.0193314558	-0.0922139584	0.0492693365	-0.0808292283	-0.0135570932	-0.0156488327	-0.0823087156	-0.0063888048	-0.0743212899	-0.0591048592	0.0411013385	-0.004389805	-0.0159104432	0.000142198	-0.013145999	-0.0524372039	-0.0484015774	-0.0076150707	0.0718349251	-0.0820979733	-0.0735716001	-0.005924589	0.0162976001	-0.0256912988	0.0531188088	-0.0443363394	-0.0527692066	-0.0351884364	0.0777032484	0.036819548	-0.0614362424	-0.0562468782	-0.0448505242	-0.0659372782	0.0381243764	-0.0582538231	0.1499829411	0.069509817	-0.0221690562	-0.0432425319	-0.0234964821	-0.0421061252	-0.0423847179	-0.0125219505	-0.0807120867	0.0676103292	-0.0897611291	-0.0027042034	-0.0515923348	-0.0481163879	-0.0081713833	0.0098403786	0.0222433655	0.0163659141	-0.0138083036	-0.0505502053	-0.0537437663	-0.126884811	-0.0230858602	-0.0235230737	-0.053262928	0.0522266108	-0.1034380257	-0.0714864959	0.127483042	0.1171946571	-0.0507330692	-0.1147668745	-0.0368416364	-0.0854079531	-0.0325917545	-0.0399091645	0.0173079094	0.0059664905	0.0296960171	-0.0461572698	-0.0476082016	-0.049917997	-0.1119364051	-0.0481432836	0.0532727492	0.0093147314	0.0338380582	-0.0225681906	-0.0242380707	-0.0272983711	0.0263025443	0.0262735682	-0.039790434	-0.0511215014	0.0141765512	0.078906733	-0.0368046663	-0.01300293	0.0084135852	-0.0207296023	0.0566471703	-0.0274304568	0.0400720721	0.0792187383	-0.007640856	0.0489527986	0.0153444938	0.035604913	0.0548140909	0.0413383277	0.1603068163	-0.0144919526	0.0038186109	0.0143575712	-0.0471946604	0.0310281621	0.0070512559	-0.047894911	-0.0026740149	0.0312728303	0.0213350835	0.0320761788	-0.0201638776	0.0505634063	0.0918078793	0.0897467379	-0.0161857045	0.022490974	0.014953879	-0.0026755383	0.0274967081	-0.0325360377	0.0119568551	-0.0035993042	0.0379938169	0.0916167778	-0.0129825722	0.067944342	-0.0044973962	0.0641003777	0.0364758126	-0.0718749267	-0.0806490667	-0.0357020417	-0.0314660685	0.0427533733	-0.0043936066	0.0018844077	0.0031994199	-0.0494713786	0.0503057744	-0.038653711	-0.0921013223	-0.0609337573	0.0262147696	0.0892793062	0.0703213046	-0.013242171	-0.0846398209	0.0567359947159076	0.0024365870518324	0.0032189730964034	5.936956461157323e-06	0.0606161559131095	0.0031680575182946	1.0036588439222962e-05	0.0036743183576824	0.0908448805856139	-0.0189409904587378	0.0003587611195579	0.0082527923286144	0.0004211933808113	0.0009431039133408	8.894449913587311e-07	1.774038640392528e-07	0.0012139151873395	-0.0005518548451778	1.473590082053493e-06	3.045437701462139e-07	-0.0027882615420148	0.0001467842614868	7.774402426678751e-06	2.1545619420254607e-08	0.0	0.0	0.0	0.0	0.0	0.0	0.0	0.0	0.0	0.0	0.0	0.0	0.0	0.0	0.0	0.0	0.0	0.0	0.0	0.0	0.0	0.0	0.0	0.0	0.0	0.0	0.0	0.0	0.0	0.0	0.0	0.0	0.0	0.0	0.0	0.0	0.0	0.0	0.0	0.0	0.0	0.0	0.0	0.0	0.0
6290.847899629908	6.271244914113595	39.32851277279563	39574767.29627803	13017.910403274176	24.55559485728372	602.9772387950588	169465991.26767403	6131.878125957414	2.177302740758023	37599929.35159501	4.740647224912399	7433.982662030407	8014.609660339355	1.229389	35.143051	0.048664162009704	0.0250067495920657	0.0062389602	0.0054654676	0.1028028106	0.0661619282	-0.0163011108	0.0086279173	-0.013088968	0.0382227061	0.0395057212	0.0230762236	-0.0331320866	-0.0843122918	-0.0204489295	-0.0344451239	-0.0584449759	0.0205998477	-0.0086979701	0.0183687399	0.0416421535	-0.1062589247	-0.0493577574	-0.0006229624	0.0689212728	0.0317915977	-0.0209524012	-0.0771547999	0.079032867	0.1262113578	-0.0069008607	0.0817325193	0.0376499726	-0.0985994702	-0.004736283	0.0729591018	0.019413112	-0.0328719256	0.0783426643	-0.0038160052	-0.0695506078	-0.1089645822	-0.0917010406	-0.1535367199	-0.0506982178	0.0548625412	0.0470254516	-0.0585902066	0.0760447512	0.0775837192	-0.0208453808	0.0369957209	-0.0852950176	-0.0235379202	-0.0223083965	0.029343344	-0.0634915586	0.0730731636	-0.0662452801	0.072577398	-0.0140383658	-0.0405418917	0.0102347293	-0.0863374327	0.0513233804	0.0514403358	-0.0021191304	0.083865614	-0.0237270867	-0.0540891731	-0.0475813397	0.0191747533	0.0382610376	-0.04411161	0.0357282044	-0.0990612492	0.008039323	0.0253396468	0.0690393704	0.041551452	-0.0372657473	-0.0118920106	0.0932130865	-0.08421764	-0.0009632169	-0.0371513953	-0.0351134537	-0.0350945758	0.0273128502	-0.0798835934	0.0092570028	0.0520478129	0.0023404664	0.0568164334	0.0502166137	-0.0080133169	0.1102509491	-0.0624860477	0.06380936	-0.0670195993	-0.0520824666	0.0223776927	0.1030102799	0.039972091	0.0101796033	-0.0365531184	0.1193158114	-0.0306372073	-0.0124241058	-0.0291568041	-0.0237325442	0.0511506049	0.0006445356	-0.0706721831	0.0206213548	-0.0041177261	0.0630770139	0.0635689814	0.0423583484	-0.1193898359	-0.0309807617	-0.0595073933	-0.0456231025	-0.0537224862	0.0539811314	-0.0138220979	0.0438358481	0.0375296587	0.0050967946	0.0288649269	-0.0232865752	0.0252697094	0.0717546354	-0.0345349377	-0.0167615959	0.0339014638	0.0443080594	0.0357113713	-0.0545445562	-0.01989439	-0.0343035322	-0.0261453433	0.0371982371	0.0732485556	0.006735258	0.005585173	0.0682634488	0.0054829059	0.0040351106	0.0492365861	-0.0409413271	-0.0925648049	-0.057020034	0.0322204857	0.0911189838	0.0642107624	-0.0231647145	-0.0887259867	0.055075373931686	-0.0016606207842215	0.003033296813715	2.757661388988758e-06	0.0738689828129679	0.0132528268998583	0.0001756374208376	0.0054566266218225	0.0878614527125805	-0.0029834278730333	8.900841873592551e-06	0.007719634872765	6.505326837428636e-05	-0.000356140112437	1.2683577968664872e-07	4.2319277261769274e-09	0.001472912774008	0.0002589975866685	2.169472039835942e-06	6.707974990010727e-08	-0.0027880535120685	2.0802994630001945e-07	7.773242386157498e-06	4.3276458557588976e-14	0.0	0.0	0.0	0.0	0.0	0.0	0.0	0.0	0.0	0.0	0.0	0.0	0.0	0.0	0.0	0.0	0.0	0.0	0.0	0.0	0.0	0.0	0.0	0.0	0.0	0.0	0.0	0.0	0.0	0.0	0.0	0.0	0.0	0.0	0.0	0.0	0.0	0.0	0.0	0.0	0.0	0.0	0.0	0.0	0.0
6293.789921253051	2.942021623142864	8.655491231040171	39611791.572866485	13040.669482614112	22.75907933993585	517.9756924014949	170059060.55478302	6128.65492378185	-3.223202175564438	37560411.17479552	10.389032264563328	7442.840088381114	8132.358164190477	1.181102	33.762718	0.0236774409400011	0.0118682811149779	-0.0059685892	-0.0209064348	-0.0567571197	-0.0173838317	-0.051741465	0.0089201133	-0.021588597	-0.0502361621	-0.0412429299	-0.035708058	-0.0654892333	-0.043317536	-0.0038903472	-0.0306653244	-0.0277561043	0.0230546647	-0.019079565	-0.1116152217	0.0284575955	0.0699190575	-0.0509730055	-0.0710403684	0.0067285866	-0.123829678	-0.0287987374	0.0251259998	-0.0456764353	0.0228880087	-0.0269770521	0.0015216049	-0.0170729059	0.0039820332	-0.1571547962	0.0279359005	-0.143381286	0.0460852918	0.0751013529	0.0214858164	0.1296957924	0.0527883472	0.0291647809	0.071197905	-0.0943426133	0.004383969	-0.0794820453	0.0679383814	-0.0441836962	-0.007750146	-0.0052280785	0.0933468737	0.0034014583	0.005934784	0.0732802973	-0.0639438586	0.0094422856	0.1013547659	-0.0429605629	0.022035679	0.0242216168	0.0611112835	0.0793827832	0.0673073655	0.0205650901	-0.005495525	-0.0605567209	0.0455839994	0.011027695	-0.0175416151	-0.0642284997	0.0566325044	-0.0300080776	0.0705301884	-0.1144003468	0.0164258282	-0.0018429795	0.0193237242	-0.0127452437	-0.0345998435	-0.0077727504	-0.0868552729	-0.0261885442	-0.0173631694	-0.0347004568	-0.1256496791	-0.0816832599	0.0052365869	-0.0869686226	0.0169935464	0.0382341818	0.0118832976	-0.0152461998	-0.0351547789	0.0476260174	-0.003355441	0.0310070467	0.0366666359	-0.0781314953	0.0528050196	-0.0093018935	-0.0259134367	-0.0479411344	-0.0506352455	-0.0349961964	0.1044572289	0.1144741215	0.0752839958	0.0327096984	0.1308628579	-0.0018433343	0.0365332092	0.0469583635	0.0178167816	-0.0066668738	0.0155249297	-0.0512865899	0.0922404584	0.0243515123	-0.0059721939	-0.0094804057	-0.0081274284	-0.0812428984	-0.0774902175	0.0881406926	-0.0144186875	0.0202517591	0.0207466208	0.0174672221	0.0482200582	-0.072845385	0.0228444147	-0.0119768145	-0.0356521316	0.110759781	-0.0302606904	-0.0306632403	-0.0140777271	0.003680798	-0.0351194957	-0.0273366053	-0.0408056014	-1.3994e-05	0.0167056223	0.0054526842	-0.0080388364	0.0137959705	-0.0029660759	-0.0615959803	0.0481582911	-0.0431986551	-0.0928742226	-0.0529376103	0.0380772724	0.0923522795	0.0575187176	-0.0328133187	-0.0914845461	0.0518497808275242	-0.0032255931041618	0.0026883997718622	1.0404450873616177e-05	0.0706924417412864	-0.0031765410716814	1.0090413180079448e-05	0.0049974213193451	0.084790941402062	-0.0030705113105184	9.428039708022024e-06	0.0071895037438479	-0.000125949471565	-0.0001910027399392	3.648204666431466e-08	1.5863269387502745e-08	0.0014401823497698	-3.273042423820004e-05	2.0741252005884627e-06	1.0712806708125523e-09	-0.0028484162569638	-6.036274489529996e-05	8.113475172935664e-06	3.643660971295061e-09	0.0	0.0	0.0	0.0	0.0	0.0	0.0	0.0	0.0	0.0	0.0	0.0	0.0	0.0	0.0	0.0	0.0	0.0	0.0	0.0	0.0	0.0	0.0	0.0	0.0	0.0	0.0	0.0	0.0	0.0	0.0	0.0	0.0	0.0	0.0	0.0	0.0	0.0	0.0	0.0	0.0	0.0	0.0	0.0	0.0
6290.983787285659	-2.8061339673922703	7.874387842952683	39576477.01189101	13005.649771622786	-35.019710991326065	1226.3801579160036	169146925.9821118	6125.044075959649	-3.610847822201322	37516164.93244839	13.038221995096029	7435.184677668159	8076.518018414898	1.135654	32.463562	0.0311505018606205	0.0184897597653439	-0.0021669315	-0.0154270321	0.0074943834	0.0822131423	-0.1152156023	0.0103819889	-0.0273140367	0.0122839746	0.0416322091	-0.0363887371	-0.0996233373	0.0393382147	0.0284500977	-0.0333576107	-0.0653402579	-0.0036941854	-0.0520180286	-0.0280622568	0.0481461982	-0.0151133897	-0.0057140513	-0.1077649026	-0.0496117768	0.0456493367	0.0252189065	-0.1091266242	-0.0567609477	0.0186107323	0.0324580433	0.0293650658	0.0931089532	-0.1199696406	-0.084275909	0.035038403	-0.036244417	-0.0404675734	-0.0270245472	-0.1261964772	0.0479249612	0.0208405336	0.076754337	0.0157319912	-0.0406607351	-0.0513590005	0.095123541	0.1381561205	0.0486097198	-0.0218131727	0.0418281745	0.0710115255	-0.0322910484	-0.0088681481	0.0486861437	-0.1210658755	0.0537546951	-0.0437644297	-0.0095685797	-0.0380530306	0.0063842693	0.1032417979	0.0625420703	-0.0859488111	-0.1253937892	0.0368288817	0.0005482275	0.0979795521	-0.0804542737	0.0224932144	0.075377581	0.1020655439	0.0627038832	-0.0242139342	0.0250394112	-0.0041769795	-0.0135255762	0.0391091811	0.049804947	0.0072733736	-0.0808913306	-0.1181024639	-0.0288996373	-0.0597613826	-0.0061117436	0.0573472844	-0.0872567404	-0.0573418836	0.0272283691	-0.0861820883	-0.0752858129	0.0705448501	0.0029902157	-0.0073769374	-0.0077790402	0.001175891	0.0617561293	0.0331208188	-0.0669777099	0.025746738	-0.0028453367	0.0229734604	0.0334684754	-0.1236098666	0.0566932779	0.083079241	-0.0572712491	-0.0160778199	0.0021208794	0.0337610928	0.1074187092	0.0322869144	0.0897595184	0.0131020245	0.0242549844	0.0532065309	-0.0749470451	0.0504398461	-0.045168132	0.0016557923	-0.0757779427	0.061777909	-0.0843949629	-0.0297531249	0.0327992779	-0.0161504895	0.0648061234	0.0688088494	0.0157418486	0.0361420315	-0.0528215827	0.1037208207	-0.0470875572	-0.0181160035	0.0591797169	0.0515059721	0.1133729326	0.0538842156	-0.0019625417	-0.0197643949	0.0261419114	-0.0223168693	0.0206190323	0.0644856446	0.0725217626	-0.0358252404	0.0155630363	-0.0871897399	-0.0168003887	0.047071089	-0.0454240252	-0.0930290603	-0.0486985645	0.0437580584	0.0929709861	0.0503057744	-0.042073882	-0.0928742226	0.0585489845331181	0.0066992037055938	0.0034279835898593	4.4879330289043e-05	0.0545700077715167	-0.0161224339697697	0.0002599328771095	0.0029778857481833	0.0847649320133001	-2.600938876190506e-05	6.764883037679131e-10	0.0071850936992193	-0.0001430430858139	-1.7093614248899988e-05	2.921916480901967e-10	2.0461324399162755e-08	0.0013477102276022	-9.247212216760016e-05	1.8163228575835732e-06	8.551093378179571e-09	-0.0029049076164772	-5.6491359513400046e-05	8.438488260267247e-06	3.1912736996722134e-09	0.0	0.0	0.0	0.0	0.0	0.0	0.0	0.0	0.0	0.0	0.0	0.0	0.0	0.0	0.0	0.0	0.0	0.0	0.0	0.0	0.0	0.0	0.0	0.0	0.0	0.0	0.0	0.0	0.0	0.0	0.0	0.0	0.0	0.0	0.0	0.0	0.0	0.0	0.0	0.0	0.0	0.0	0.0	0.0	0.0
6304.609621454379	13.625834168719848	185.6633567934533	39748102.47893512	13081.359221691222	75.70945006843613	5731.920829665023	171121959.08692598	6137.538593167573	12.494517207924218	37669379.98262139	156.1129602591144	7461.630886535798	8072.158635613226	1.631876	46.648449	0.3468565693453208	0.1949382893379498	-0.0047361413	-0.0176624001	0.0188206606	-0.0261436275	0.1043352737	0.0078160603	-0.0344832687	-0.0930125331	-0.0696747542	-0.0794304188	-0.0516423741	-0.2443414742	-0.0485544455	0.0416840521	0.212326025	0.1103830744	0.0161028761	-0.0749418831	0.0186947283	-0.0840204025	-0.025335428	0.0332446347	-0.0365569343	-0.0053158589	-0.0359712366	-0.0500910118	0.049548362	-0.0159259947	-0.045072885	0.1764270206	-0.0806948944	-0.0288440229	-0.0549903772	0.0546328084	-0.0427749947	0.1538551038	0.1408410906	0.0975722116	0.0456754838	0.0381597492	0.0661812213	0.0336689985	0.1577373721	0.1112335361	0.0188500762	0.0140533172	-0.0129094633	0.0185391439	-0.0381424444	-0.033356072	-0.0246952348	-0.1451369328	0.0381085537	-0.0053975212	0.0147855527	-0.0067488694	0.1074128179	0.0193229771	0.0006485387	-0.0047374722	-0.1093385401	-0.0887115716	0.0100060035	0.0073620247	-0.0320645021	0.0090886588	0.0435532016	0.0221202686	-0.0119727596	0.0924793026	0.1059254955	-0.0992371211	0.1643659535	0.0256904035	0.0153039058	-0.0188231053	-0.0802472403	-0.1723819048	0.0633489991	-0.065412583	0.1686821742	-0.0669344141	0.0370230121	-0.1400993379	0.0102068784	-0.0841302369	0.0015341183	0.1522848342	0.1482124903	-0.0311709229	-0.021987066	-0.0884320218	0.0004829061	0.1004928441	-0.0554406232	0.0586314627	0.0952214377	0.1745140343	0.0804788144	-0.0148385528	0.0498878334	0.1307873143	0.017558115	-0.017856176	-0.0945475409	0.0148508975	0.0800425853	0.0263418013	0.0802484613	0.055193203	-0.017678659	0.1210250101	0.0770070533	-0.0002471182	0.0364156205	0.0123592393	0.0250085752	-0.0715718239	0.0554622597	-0.1859273191	0.0240244036	0.0162505498	0.0696147246	0.0047182342	-0.0767222575	-0.0790062288	-0.0074561776	0.0887719147	-0.1148150076	0.0396494014	0.0538475861	0.0747014808	-0.0849844274	-0.0782576235	-0.074495681	-0.0677385754	0.0806693562	-0.0771117944	-0.0745087358	-0.0824872634	0.0580744363	-0.1118775806	-0.149786101	0.0650863278	0.1251278818	0.0173857973	-0.14249285	0.0459751808	-0.0476157909	-0.0930290603	-0.0443154383	0.0492365861	0.0929709861	0.0426372543	-0.0508368917	-0.0928742226	0.0858926436265079	0.0273436590933898	0.0073775462291502	0.0007476756926155	0.174478239412565	0.1199082316410482	0.0143779840152832	0.0304426560285083	0.1089340580072928	0.0241691259939927	0.0005841466513134	0.0118666289939362	0.0024160049613041	0.002559048047118	6.54872690745845e-06	5.837079973046026e-06	0.0008019809431121	-0.00054572928449	6.431734331149734e-07	2.978204519500764e-07	-0.0025009738957475	0.0004039337207296	6.254870427210428e-06	1.6316245074253918e-07	0.0	0.0	0.0	0.0	0.0	0.0	0.0	0.0	0.0	0.0	0.0	1.0	0.0	0.0	0.0	0.0	0.0	0.0	0.0	0.0	0.0	0.0	0.0	0.0	0.0	0.0	0.0	0.0	0.0	0.0	0.0	0.0	0.0	0.0	0.0	0.0	0.0	0.0	0.0	0.0	0.0	0.0	0.0	0.0	0.0
6348.758427375291	44.14880592091231	1949.1170642423815	40306733.569168776	13083.296857698697	1.9376360074747936	3.7544332974628585	171172656.6666686	6157.248732024548	19.71013885697539	37911711.94801791	388.4895737612512	7478.826809142116	8127.042753711824	1.40745	40.233055	0.5259997751926095	0.2457678878233161	0.0458023829	-0.0554007719	-0.0075894521	-0.0516112717	0.1071415288	0.0501980539	-0.0275085761	-0.0055704322	-0.0131353734	0.0469032102	0.0893273432	-0.0209899824	-0.1124502891	-0.0463910994	0.0577978006	0.0539761503	-0.0083373068	-0.0325048572	-0.0492545315	-0.0316667201	-0.0325110916	0.133755155	0.0924239816	-0.0052518068	-0.081084396	0.0792793353	0.132088877	-0.0728588679	-0.0761156166	-0.0104811395	-0.0494375398	-0.0159100643	0.0462125846	0.0479777386	0.0673740524	0.0047771602	-0.0557331525	-0.0593040818	0.0530732708	0.0400574169	-0.0624909261	-0.0069343745	-0.0713639365	-0.0814690984	-0.0086290175	0.0659949895	-0.0215538475	0.0041099677	-0.0276365401	-0.0912499851	0.0189013511	0.0063169407	0.0209205016	0.0258151132	0.0332758667	-0.085066317	0.020352833	-0.0076875037	0.0539109323	0.0221117942	0.0460988847	-0.0100613636	-0.0644921808	-0.0989932111	-0.0747210244	-0.1036059421	0.0541127259	0.0020385743	-0.0068874121	-0.0547901475	0.0685491622	-0.0368210965	0.1363332384	0.0733540123	0.0580144838	0.0425391753	0.0105652525	-0.0583247454	0.0414004857	0.1220371474	0.013450092	0.1350479156	0.0658719421	-0.0739310741	0.1216767686	-0.0638060361	-0.1029173114	0.0973485661	0.0047065946	-0.1150304922	-0.0097210256	-0.0259343688	-0.0023842131	0.0658000358	0.0120813492	-0.0448486695	0.0389213324	-0.0497590097	-0.0270368175	-0.1588626334	-0.0019391946	0.0422048239	-0.058748562	-0.0692215925	-0.0614037055	0.0285262669	-0.1050527124	-0.0631648173	0.0185404949	-0.0287378142	0.0805146286	-0.0134065975	-0.0109140963	0.0556100379	0.081885055	-0.0426129698	-0.0197122698	0.166775221	0.1086431782	0.1633797542	0.0889431981	-0.0066857746	-0.0693640625	0.0065745753	-0.0493755696	-0.0337183805	-0.1167737222	-0.0155234958	0.1013934612	0.0751578976	0.0425442241	0.2073575722	-0.0671664749	-0.0416080775	-0.1944855581	0.0135694366	0.0369596079	-0.084735364	0.043771283	0.0154300531	-0.0889687473	-0.0730933055	-0.0280821952	-0.1191541696	0.0171191427	0.2257679552	-0.0029608922	0.0448707692	-0.049772331	-0.0928742226	-0.0398011998	0.0544875326	0.0923522795	0.0345826047	-0.058998719	-0.0914845461	-0.0730096356437997	-0.1589022792703076	0.0053304068968403	0.0252499343572988	-0.000521338671362	-0.174999578083927	0.0306248523295524	2.717940102574955e-07	0.1581985308553228	0.0492644728480299	0.0024269882849942	0.0250267751647825	0.002459886804299	4.388184299489997e-05	1.925616144629052e-09	6.051043089964346e-06	-0.0002969683199536	-0.0010989492630657	8.819018305606376e-08	1.207689482792645e-06	-0.0007871361020012	0.0017138377937463	6.195832430736436e-07	2.937239983273186e-06	0.0	0.0	0.0	0.0	0.0	0.0	0.0	0.0	0.0	0.0	0.0	0.0	1.0	0.0	0.0	0.0	0.0	0.0	0.0	0.0	0.0	0.0	0.0	0.0	0.0	0.0	0.0	0.0	0.0	0.0	0.0	0.0	0.0	0.0	0.0	0.0	0.0	0.0	0.0	0.0	0.0	0.0	0.0	0.0	0.0
6308.843338265264	-39.91508911002711	1593.2143386614048	39801504.266774	13129.163389671508	45.86653197281157	2103.738755212946	172374931.31269065	6129.624599082797	-27.62413294175076	37572297.72568095	763.0927207835194	7450.964523031866	8185.895454751291	1.5867	45.357044	0.2027638717451056	0.099581799823289	0.0116674871	-0.0522028976	0.0813115798	-0.0214646666	-0.0789712856	0.0119452528	-0.0890832309	0.1066485337	-0.0243630555	-0.0546615165	-0.00385269	0.0751222449	-0.0121453311	-0.0455563603	-0.1068512835	0.0173490261	0.0191002024	-0.0369151401	-0.0142176567	0.0048957087	-0.0311585649	0.0452429691	-0.0806704063	0.0375937854	-0.0937963805	-0.0854641218	0.0840284362	0.0053229858	0.0260074233	-0.0971753648	0.1579669459	0.0477176454	0.0226473893	-0.0004148826	0.1124891304	-0.0381386258	-0.013785839	-0.1642063408	-0.0218569422	-0.1216483267	-0.0087414488	-0.0382173059	0.0805524985	-0.0218545966	0.0424462814	0.01393688	0.0563640441	0.1740142293	0.0269385884	-0.1626673941	-0.0534531228	0.0616934976	-0.0488070602	0.0452094882	-0.081878175	0.0360767197	-0.0675879919	0.0382341061	0.0390295281	0.022211621	-0.0190189501	0.0763148922	-0.0046151703	0.0305434359	0.1138844836	0.0383553828	0.0228721633	0.0838379926	0.0006677081	-0.0663145547	0.0621874452	0.059514972	-0.1086334688	0.030155723	-0.0102842426	0.0415381512	0.1478272725	-0.0172468036	-0.0069911849	-0.0465890921	-0.0275035549	0.0112594605	0.0669178995	0.0542411682	0.0729082426	-0.0382809832	0.0748268598	-0.0408994727	-0.095502195	-0.0774890472	0.0509644174	0.0817510632	-0.0184236546	0.0385814779	0.0587092663	-0.0458675333	0.0264191017	-0.1561543072	-0.0850054251	-0.0141263491	-0.0783061385	-0.0510314458	0.0018231828	0.0567966317	-0.0020147059	-0.0701494812	0.0203427814	-0.1470054335	-0.0063889107	0.0036515112	-0.0722642824	-0.059228317	-0.0434031598	-0.1130992903	0.0307233336	-0.0477801806	0.0373326739	0.0992708074	0.0530206236	0.0260531876	-0.0149957486	0.0626705747	-0.1960643153	-0.0023996358	0.0259289705	0.0261506763	-0.0510129131	-0.0766696786	0.1783195706	0.1409490144	-0.1043716699	0.1406990333	-0.0759515454	0.0798254189	0.0190978005	0.0231694621	0.0558441209	-0.0720066723	0.1593448429	0.0794415464	0.0477485466	0.0638947425	-0.0179123193	0.024834807	0.0304899438	-0.0361052851	-0.0752752193	0.0437580584	-0.0518920499	-0.0925648049	-0.0351692048	0.0594866269	0.0911189838	0.0262147696	-0.0664628444	-0.0887259867	-0.0625212493422111	0.0104883863015886	0.0039089066193109	0.0001100062472113	-0.0788705718468065	-0.0783492331754445	0.0061386023391801	0.0062205671034422	0.1231790471968352	-0.0350194836584875	0.001226364235707	0.0151730776683201	0.0032460827149477	0.0007861959106487	6.181040099207388e-07	1.0537052992282231e-05	-0.0007727930551506	-0.000475824735197	5.972091060889984e-07	2.264091786252952e-07	-0.0011032508283472	-0.0003161147263459	1.2171623902487828e-06	9.992852021280641e-08	0.0	0.0	0.0	0.0	0.0	0.0	0.0	0.0	0.0	0.0	0.0	0.0	0.0	1.0	0.0	0.0	0.0	0.0	0.0	0.0	0.0	0.0	0.0	0.0	0.0	0.0	0.0	0.0	0.0	0.0	0.0	0.0	0.0	0.0	0.0	0.0	0.0	0.0	0.0	0.0	0.0	0.0	0.0	0.0	0.0
6247.888146381231	-60.9551918840325	3715.535417619222	39036106.2896911	12993.688591904527	-135.47479776698128	18353.42083000448	168835943.22338986	6113.480633106107	-16.143965976690197	37374645.45136345	260.62763745653064	7430.165344636803	8053.613337116857	1.330362	38.029434	0.2420143481379675	0.1343672370482525	-0.0155997335	0.0316221265	0.033083488	-0.0704818259	-0.0682227366	-0.0793717995	-0.0069001501	0.0646609546	-0.0890735231	-0.0756364081	-0.0069040717	-0.0602830747	0.0406342383	0.0726031847	-0.0164335699	0.0334578958	0.01524011	0.0177767472	0.0090116638	-0.0650104397	-0.1660532584	0.0495704926	-0.0313069499	0.0147454429	-0.1665710325	0.0076485182	-0.0640778173	-0.0973351972	0.1386684043	0.044659611	-0.0763909356	0.2201806474	0.0510234743	-0.0370828816	0.0889877625	0.0917792916	-0.094206401	-0.0203214815	-0.0340699916	-0.0650671324	0.0121907636	0.1189980742	-0.0685031552	-0.0079196646	0.1553228187	0.0455152701	-0.0120649058	-0.0818006235	-0.0165881726	0.0253074607	-0.0022709551	-0.0183415508	-0.0491811353	-0.1094989036	0.0193888526	-0.1376931289	-0.0327792047	-0.0349211439	-0.0661349239	-0.0487745322	-0.0549370673	0.0015189156	-0.0193924672	0.0867661459	-0.0100578722	-0.0835109701	-0.0039786842	-0.0321442671	0.0003416196	-0.1151776516	-0.1195515246	0.0282884506	-0.0247869943	0.0101585429	-0.057077265	-0.0865871558	0.054554381	-0.0669825499	0.011156209	-0.1114469002	0.0592448238	0.1025533908	0.0906703348	0.0821801476	0.0625470849	-0.0387611562	0.0593033103	-0.0020892409	-0.0561990078	-0.2274335533	-0.033992711	0.0247577151	-0.1291350511	0.0757168449	-0.0707353902	-0.0686627765	0.021865722	-3.89825e-05	0.0452833843	-0.0041657186	-0.1064342005	0.0414816269	-0.1672332141	0.0471642876	-0.0857999748	0.0058714932	0.1268990029	0.0137397417	0.0054127261	0.0204581489	0.0904591466	0.0751255959	-0.163471208	-0.0576282385	0.0101337058	0.0599961755	-0.1657689549	0.0403257117	-0.0091838234	0.0140452753	-0.0499497261	-0.0210364648	0.0625588979	0.0182903182	0.012069996	-0.0168327576	0.0075547162	0.0009121556	0.134837689	0.0220119798	-0.0681672967	0.1795112629	-0.0400600935	0.028330027	0.0527001297	-0.0563203816	0.0144525266	-0.0363828318	0.0858983009	0.0357488576	0.0268716852	-0.1090242948	-0.023035918	0.036193767	0.0255863418	0.0330345784	0.0181056429	0.0426372543	-0.0539733795	-0.0921013223	-0.0304331576	0.0642107624	0.0892793062	0.0176095295	-0.0731409993	-0.0846398209	-0.0388597402267407	0.0236615091154703	0.0015100794104897	0.0005598670136214	-0.0200984294479695	0.058772142398837	0.0034541647221491	0.000403946866275	0.1679396416930103	0.044760594496175	0.002003510819651	0.0282037232519766	0.0011960908034818	-0.0020499919114659	4.202466837075614e-06	1.4306332101737382e-06	-0.0006612405423935	0.0001115525127571	4.372390549048501e-07	1.2443963102422964e-08	-0.0012381084466739	-0.0001348576183267	1.5329125257252575e-06	1.8186577220749922e-08	0.0	0.0	0.0	0.0	0.0	0.0	0.0	0.0	0.0	0.0	0.0	0.0	0.0	0.0	0.0	0.0	0.0	0.0	0.0	0.0	0.0	0.0	0.0	0.0	0.0	0.0	0.0	0.0	0.0	0.0	0.0	0.0	0.0	0.0	0.0	0.0	0.0	0.0	0.0	0.0	0.0	0.0	0.0	0.0	0.0
6203.610953780721	-44.27719260051072	1960.4697845827209	38484788.865868144	12818.990486205092	-174.69810569943547	30519.428134971127	164326517.08541664	6107.772838916654	-5.707794189453125	37304889.05180801	32.578914509154856	7418.126044556461	7776.457008509482	1.279265	36.568771	0.0997189993638073	0.0463841955748969	-0.0309399633	0.1361551028	0.0645220259	-0.0713586618	0.0001679546	-0.1322626349	0.0883809995	0.0741940013	-0.0308327327	0.022200625	0.0623040625	-0.0627050042	0.065073831	0.0939022435	-0.0928664101	0.0589867216	0.0654192783	-0.0305055717	-0.0028963908	0.0015283033	-0.0262602632	-0.0190238974	-0.0579953093	0.0432650821	-0.0664984546	-0.0323476934	0.0051875706	-0.0713675662	0.0179738395	0.0360943315	0.0005804824	0.0327714537	0.0893611659	-0.1352228484	0.1249709754	-0.020337454	0.032792117	0.0017019069	0.0462847351	-0.1101394293	-0.088843678	0.070419564	0.0951525683	0.0913830954	-0.0474156518	-0.0195703451	0.0023723325	-0.028703366	0.0047903048	0.0260772957	0.1175109742	0.0383572208	-0.0985794743	0.0083206741	-0.0039684305	-0.0579796567	0.0038549436	0.0709678079	0.0284874887	0.1593466655	-0.0297794859	-0.0225313486	-0.0283618024	-0.0297352864	0.1457375562	-0.1362429377	0.0628207121	0.0252299891	0.1460083458	-0.0354322269	-0.0069937049	-0.0572559349	0.0091088548	-0.0081143786	-0.082638587	-0.1187000337	0.0679688099	-0.0158743632	0.0238631515	-0.009836613	-0.0212992046	0.0332401082	0.0704829373	0.0189998704	0.0166555832	-0.04939437	0.0083015298	-0.0729428392	-0.0340291276	-0.0373476386	-0.0646734976	-0.0354129603	0.0241249805	0.0282709826	-0.0530368031	-0.0658624686	0.0382336338	-0.103059704	-0.0773178063	0.0766633313	-0.2059966703	0.1442883448	-0.0688877586	-0.0208435175	-0.0220759622	0.0780961653	0.0225115291	-0.0933295369	-0.0415603267	-0.0123785008	-0.017803782	-0.131081535	0.0786642388	-0.0175950159	-0.0543091145	0.0439808311	-0.0524679242	-0.1338244101	0.0404764167	-0.0335788365	0.0617003022	-0.0580211118	0.0198025731	0.0072518557	0.0353999111	0.0030595383	0.0316663637	0.0420552422	0.1392309482	-0.0312773391	-0.0704102702	0.1007245909	-0.096495926	0.0355335334	0.0182335651	-0.0147428555	-0.0160408034	-0.0401244536	0.1457774049	0.0102545099	0.0541470054	-0.0503781049	0.0246482126	-0.0065873803	0.0186369826	0.0113184496	0.0767527906	0.0415085642	-0.0560147802	-0.0914845461	-0.0256070703	0.0686381031	0.0868454896	0.0088448147	-0.0789542098	-0.0792871898	-0.0586920188559219	-0.0198322786291812	0.0034447530773838	0.0003933192756254	-0.0126719571604496	0.0074264722875198	5.515249063730104e-05	0.0001605784982762	0.157821528856644	-0.0101181128363662	0.0001023762073694	0.0249076349706485	0.0006816776134474	-0.0005144131900344	2.646209300813679e-07	4.646843686753429e-07	-0.0003825765835856	0.0002786639588079	1.463648423080296e-07	7.7653601938491e-08	-0.0016918740100464	-0.0004537655633725	2.862437665870486e-06	2.059031865027623e-07	0.0	0.0	0.0	0.0	0.0	0.0	0.0	0.0	0.0	0.0	0.0	0.0	0.0	0.0	0.0	0.0	0.0	0.0	0.0	0.0	0.0	0.0	0.0	0.0	0.0	0.0	0.0	0.0	0.0	0.0	0.0	0.0	0.0	0.0	0.0	0.0	0.0	0.0	0.0	0.0	0.0	0.0	0.0	0.0	0.0
6187.52532753983	-16.085626240890633	258.74737156162934	38285469.67894688	12778.90065495048	-40.08983125461236	1607.1945700232943	163300301.9490938	6113.363987542445	5.591148625790993	37373219.24418087	31.260942955684506	7422.234589343452	7605.168126653856	0.996668	28.490532	0.1672146458499525	0.0799155690569923	-0.0215287857	0.183750463	0.0582918688	-0.0453644569	0.0478300846	-0.1066205919	0.1384210559	0.0577319062	-0.0187336498	0.0205842436	0.0610410446	-0.0599191619	0.0435603862	0.0774333797	-0.0598633938	0.0497441474	0.0612666835	-0.0095220774	-0.0063834305	0.0426086974	-0.0095638935	0.1020435869	-0.0088746312	0.0564608349	-0.0184643567	-0.0039718147	-0.0422896048	0.0510928357	0.0379756572	0.044819344	0.0197564396	0.0895749064	0.1428964286	-0.0498273226	0.1264418524	-0.0339087556	-0.0252210624	-0.0734759865	-0.0132644644	-0.0689382461	0.0192437234	0.020234052	0.0298584906	0.0557716087	0.1004180023	-0.0011462345	-0.0807626016	-0.0390306351	0.0129731196	0.1205777066	0.0880694645	0.0571442709	0.0736385836	0.0724839419	0.055572264	0.033183052	-0.0729298899	0.0776058333	0.0350552776	0.0244327903	-0.0386970457	0.1149007413	0.0742907995	0.0673233714	-0.0749587335	0.0639683952	-0.0014690891	-0.0173758284	-0.1238910754	0.0055129516	0.0019938579	-0.0140330807	-0.0047765931	0.0024591324	-0.0662986174	-0.133962468	0.0457770187	-0.0127355942	0.0298035551	0.0331848012	0.0075357072	0.012175536	0.101126852	0.0175357859	0.0350650235	-0.0300418178	-0.0710769372	-0.0711125898	0.0227098927	0.0569186654	-0.0448608185	0.018651982	-0.0121093808	-0.0161762144	-0.0957626262	-0.1049821034	0.0418044275	-0.0912111669	-0.0174259272	0.0070051966	-0.1980934014	0.0097699325	-0.0799216619	0.0110949777	0.0309517466	-0.0451597842	-0.0040966292	-0.1649491903	-0.0647758292	0.0390913704	-0.0290665235	-0.0086587424	0.0413021952	-0.0320847791	-0.0730081078	0.0035598685	-0.0016555668	-0.0221553003	-0.0088316134	0.0557917892	-0.0089284597	0.0386734529	0.0842273464	0.018040199	0.034565618	-0.006482224	0.0211585314	0.0842956687	0.1157224063	-0.0776383144	-0.0378638163	0.0693497639	-0.099738821	-0.0259005944	0.0362736247	-0.0198726744	-0.0203950323	-0.0481900032	0.1212593899	-0.0261589154	0.0711128979	-0.0469384917	0.0120909412	-0.0302770594	-0.0107671141	0.0040527205	0.0604680061	0.0403721968	-0.0580147416	-0.0907155029	-0.0207052216	0.072748185	0.0838337306	0.0	-0.0838337306	-0.072748185	-0.0669716256893195	-0.0082796068333975	0.0044851986474703	6.855188931564416e-05	0.0463775288187804	0.05904948597923	0.0034868417944112	0.0021508751793368	0.1860076765536291	0.0281861476969851	0.0007944589219962	0.0345988557368795	1.6369172819404205e-05	-0.0006653084406279	4.426353211708554e-07	2.679498187915214e-10	-0.0001190190682147	0.0002635575153709	1.4165538598695412e-08	6.94625639084822e-08	-0.0021969961608543	-0.0005051221508079	4.826792130808534e-06	2.551483872367989e-07	0.0	0.0	0.0	0.0	0.0	0.0	0.0	0.0	0.0	0.0	0.0	0.0	0.0	0.0	0.0	0.0	0.0	0.0	0.0	0.0	0.0	0.0	0.0	0.0	0.0	0.0	0.0	0.0	0.0	0.0	0.0	0.0	0.0	0.0	0.0	0.0	0.0	0.0	0.0	0.0	0.0	0.0	0.0	0.0	0.0
6224.734145559077	37.20881801924679	1384.4961383894247	38747315.18288909	12836.341940091352	57.44128514087242	3299.5012386350118	164771674.4029482	6111.355826384101	-2.0081611583436825	37348670.0366789	4.032711237880241	7420.234853226237	7700.833094639932	1.131577	32.347	0.1392277149482267	0.0743972983025225	-0.0146176204	0.1290793103	-0.0396540355	0.0307829005	0.0385001996	-0.0557877929	0.0850423682	-0.0238515015	-0.0009016203	0.0098793529	-0.0525677809	-0.0206417842	0.0648989324	0.0424130783	-0.0277682706	-0.0067662696	-0.0061163558	-0.0522367527	0.0172759791	0.0381322409	-0.0157425154	-0.0119338741	-0.0203505725	-0.0514097263	-0.0890430367	0.0361302625	-0.0234680994	0.1051113109	-0.0938197458	-0.0360458412	0.0394598081	-0.0317054461	0.1093049377	-0.0537509361	0.0411328447	-0.111553898	0.0294991893	0.0321906649	-0.0743588668	0.0772818474	-0.1711419897	-0.0061191724	0.0473388204	0.0432480364	0.1254319926	-0.0348655372	-0.0896626587	-0.1086604763	0.0548238669	0.0564664006	0.0116979124	0.1046338424	0.0567002957	-0.0201472892	0.0583809815	-0.0939014567	0.0584130755	-0.0762701796	-0.0153130255	-0.0711375244	-0.0198216282	-0.0637451975	0.1376287247	-0.0382234331	-0.0486029494	-0.086984045	0.0033184159	0.0450501994	-0.0714360188	0.0233166064	0.0085845993	-0.0230125795	-0.015955086	-0.0644207099	-0.0424459173	-0.0887775415	-0.0241165107	0.0071094993	-0.027752219	-0.0438586805	-0.0458930995	0.0315812816	0.0089101298	-0.081417801	-0.0095958686	-0.016033964	-0.0433201589	-0.0703760947	-0.0222759956	-0.0046653796	-0.0161480369	-0.0132331808	0.0064957776	-0.0495378258	-0.0518193831	0.0112699781	-0.0696092105	-0.0572707924	0.1045495646	-0.0152418763	-0.1504605667	0.0909274074	0.2263077723	0.0140062362	-0.0759607354	-0.0153025975	-0.0494924214	-0.0906457465	0.0012664921	0.0171000079	-0.0256219439	0.0454082891	-0.0567068727	-0.101938183	-0.0425470728	0.0069385895	0.1030382133	-0.0583145421	0.0225687405	0.0452876778	-0.0067876996	-0.009791062	-0.0009223402	0.0152468184	0.0369990451	0.0242248703	0.0332450635	0.0837679699	0.0552403227	-0.0553746533	-0.0594200778	-0.0022301453	0.0277061484	-0.0624725138	0.0067485988	-0.0416063778	-0.0717642896	-0.0560803008	0.0977293405	-0.0221068678	0.0898769768	0.0085712114	0.0568733609	-0.0736358675	-0.0266385666	-0.0280982958	0.0083740115	0.0392283624	-0.0599717842	-0.0897954726	-0.015742114	0.0765220104	0.0802640719	-0.0088448147	-0.0877218577	-0.0651206494	-0.0346095316033796	0.0323620940859398	0.0011978196778053	0.0010473051336272	0.047806806789822	0.0014292779710416	2.0428355185047957e-06	0.0022854907754393	0.1922962222090092	0.00628854565538	3.954580645979981e-05	0.0369778370758566	-0.0010437097819189	-0.0010600789547383	1.1237673902790554e-06	1.0893301088731976e-06	0.0006822102676549	0.0008012293358696	4.6541084929377045e-07	6.419684486580403e-07	-0.0023186438149637	-0.0001216476541093	5.37610914066942e-06	1.4798151750320173e-08	0.0	0.0	0.0	0.0	0.0	0.0	0.0	0.0	0.0	0.0	0.0	0.0	0.0	0.0	0.0	0.0	0.0	0.0	0.0	0.0	0.0	0.0	0.0	0.0	0.0	0.0	0.0	0.0	0.0	0.0	0.0	0.0	0.0	0.0	0.0	0.0	0.0	0.0	0.0	0.0	0.0	0.0	0.0	0.0	0.0
6253.026646336699	28.29250077762208	800.4656002517461	39100342.23979678	12933.03359144316	96.6916513518081	9349.275441139614	167263357.87739715	6118.790252087163	7.434425703061606	37439594.14903689	55.27068553434306	7436.612999832253	7878.565701244724	1.082411	30.941553	0.130103058337604	0.0656977590164644	0.0044530205	0.062442256	-0.1203126724	0.0015725333	0.0006844003	-0.0049488137	0.096875004	-0.0633867629	-0.079261121	-0.0216247096	0.0247304156	0.0241787096	-0.000176458	0.0619984811	0.0429271878	-0.0582550065	0.0142866015	-0.0514191767	-0.0377347585	0.0480880561	0.0378640399	-0.0040970517	-0.0278281206	-0.1119013653	-0.0055313776	0.1569334908	-0.0807803086	0.0719273266	0.0439305698	0.0477805401	0.0419409782	0.0257352749	0.0532001679	-0.0602400644	0.0250829915	-0.0167661191	-0.1539718446	-0.0056367463	-0.0157426481	0.1158899595	-0.0169411121	0.0131306071	0.1124541617	-0.050788207	-0.087158608	0.0483551961	-0.0563842826	0.0873333595	-0.0485846467	-0.0287067868	-0.0448419741	0.0943927358	0.0603358063	0.014127424	-0.0018206756	-0.0491456995	0.0875947739	0.1896206175	-0.1014557511	-0.0555141206	-0.0194721062	0.0992832686	0.007231357	0.0643145787	0.0219434941	0.0098473779	0.1027279767	0.0490621937	0.0575620233	0.0069783305	-0.0246231707	-0.1292178668	-0.013584078	-0.0780107459	0.0130866895	-0.0639581252	-0.0795294478	-0.0274207329	0.0309258062	-0.0256475332	-0.0662314736	0.0432337997	0.0085909396	-0.0846644275	-0.0045934396	0.1208981478	-0.0180026765	-0.0428855085	-0.0774181462	-0.042886908	-0.0226050091	0.0391213377	-0.0317981837	-0.0898902501	-0.029248054	0.0802388912	-0.0074273618	-0.0196000012	0.1223482206	0.0213128062	0.0110002885	0.0174006392	0.0174615346	-0.0416771297	-0.0090764031	0.0433512627	0.0665578385	-0.1338075634	-0.0210007826	0.0267989977	-0.0089569232	-0.0874546687	-0.0387189074	-0.0456431772	-0.012975938	-0.2798620046	0.1429255679	-0.0459681232	-0.0772837203	-0.0149097471	-0.0164818487	-0.0214296054	0.0429635239	0.0251871503	0.0059428512	0.0066660704	0.0383388808	0.0237237631	0.0088997133	-0.0872440687	-0.0487175924	-0.0304298212	0.073264902	-0.0589903187	-0.0082581966	-0.0474237098	0.0159368709	-0.0321320474	0.0443952983	0.0346270352	0.0046479844	-0.0180192484	-0.0212851426	-0.0223685298	0.0229803607	-0.0203499187	0.0062043193	0.0380772724	-0.0618844603	-0.0887259867	-0.0107324316	0.079942136	0.0761602691	-0.0176095295	-0.0905726114	-0.0565187138	0.0055098083249589	0.0401193399283385	3.03579877777864e-05	0.0016095614362855	0.0619285785540455	0.0141217717642235	0.0001994244377608	0.0038351488417245	0.1850550480280972	-0.0072411741809119	5.243460351830653e-05	0.0342453708006813	-0.0002320857227714	0.0008116240591475	6.587336133870645e-07	5.386378271432314e-08	0.0011967770839145	0.0005145668162595	1.432275388582894e-06	2.6477900839554085e-07	-0.0023648683888392	-4.622457387550016e-05	5.592602496530914e-06	2.1367112299715723e-09	0.0	0.0	0.0	0.0	0.0	0.0	0.0	0.0	0.0	0.0	0.0	0.0	0.0	0.0	0.0	0.0	0.0	0.0	0.0	0.0	0.0	0.0	0.0	0.0	0.0	0.0	0.0	0.0	0.0	0.0	0.0	0.0	0.0	0.0	0.0	0.0	0.0	0.0	0.0	0.0	0.0	0.0	0.0	0.0	0.0
6274.780677397425	21.754031060726447	473.2378673910511	39372872.54944009	12952.798651267223	19.765059824063428	390.6575898488063	167774992.90027	6131.231339398552	12.44108731138931	37591997.73722297	154.7806534896121	7435.7775411716	7757.271236591954	1.144514	32.716812	0.0763619525932861	0.0393014332637981	0.0104478651	0.0489221817	-0.0681265233	0.0667343657	0.0017545007	0.0100646873	0.0397313339	-0.0240678708	0.0090644928	0.0234892585	0.0489986166	0.0211951986	-0.0157326447	0.0300246349	0.0233278062	-0.0329565404	0.0026998396	-0.0507557819	-0.0444002314	-0.0381274123	0.0235409508	-0.0434304713	0.0029265919	0.0642224262	0.040131179	0.0879464893	-0.0331457689	0.1202011234	0.0496628483	-0.0597747265	-0.0534194057	0.1108233075	-0.1117895507	-0.0211671777	-0.0065722794	-0.0794087617	-0.0168103134	-0.0736716215	-0.0590693728	0.1573639154	-0.0889113762	0.0251521799	-0.0325616107	0.1498768752	-0.0168008793	-0.0124540165	-0.0742514006	-0.0398150183	0.0096210359	-0.1162454365	-0.1216129	0.0858387343	0.0092661352	-0.0455785739	0.0045799005	0.1062172244	-0.0325386793	-0.0841235908	-0.0644797266	-0.0052267474	-0.0947151735	-0.1138873272	0.0328064219	0.0889867443	-0.0037502107	-0.0463904481	-0.1405566968	-0.0482231607	0.0348564498	0.0865640029	-0.0967165192	0.101909133	0.0429383979	0.0172042127	0.0152927361	-0.0212660793	-0.03017619	0.0197026874	0.0102452616	0.0500054946	-0.0266180312	0.0268587974	0.0325951872	-0.0236665401	-0.072795327	-0.0087617026	-0.0195538085	-0.0226798535	0.0055843074	-0.0027190894	0.022764997	0.0469439626	-0.0788992363	-0.0374909906	-0.0538754046	0.0909013492	-0.044045826	0.0544454417	0.0708395239	-0.0517905463	0.00596358	-0.052017469	0.0854597729	-0.024280061	-0.0215435464	-0.0896489676	-0.0465898453	-0.0537928051	-0.1609545004	-0.0640587872	-0.0239383821	-0.0045873435	-0.1787908642	0.044351027	-0.0569338727	-0.004146893	0.0940091549	-0.0056553209	-0.0531650349	-0.0580098319	-0.0562611023	0.0452291133	0.0195978173	0.0128115559	-0.0010867822	-0.0030348379	0.0610008022	0.0102598276	-0.0144839112	-0.0104761929	-0.0089000336	0.0230314503	0.059095681	-0.031718134	0.0090733999	-0.0495295074	0.0292937508	0.0513982596	-0.0397461222	0.0294050977	-0.016277033	0.0184387019	-0.0089076316	0.0063761772	-0.0366202616	-0.0119448779	0.0265401053	0.0369191397	-0.0637513548	-0.0875088252	-0.005690996	0.0829927534	0.0715496322	-0.0262147696	-0.0923522795	-0.047071089	0.0330681796104812	0.0275583712855223	0.001093504502751	0.0007594638279107	0.0654638994288063	0.0035353208747608	1.2498493687519469e-05	0.0042855221284248	0.1681629172624141	-0.016892130765683	0.0002853440818049	0.0282787667422055	-0.0002010024492921	3.10832734793e-05	9.661698901889544e-10	4.040198462142324e-08	0.0014437092841508	0.0002469322002363	2.084296497143215e-06	6.097551151354017e-08	-0.0020753612692084	0.0002895071196308	4.3071243977303e-06	8.38143723169224e-08	0.0	0.0	0.0	0.0	0.0	0.0	0.0	0.0	0.0	0.0	0.0	0.0	0.0	0.0	0.0	0.0	0.0	0.0	0.0	0.0	0.0	0.0	0.0	0.0	0.0	0.0	0.0	0.0	0.0	0.0	0.0	0.0	0.0	0.0	0.0	0.0	0.0	0.0	0.0	0.0	0.0	0.0	0.0	0.0	0.0
6319.672975573169	44.89229817574415	2015.3184354999207	39938266.51818984	13090.11825008843	137.31959882120643	18856.672220417084	171351195.80129817	6152.201000138825	20.96966074027296	37849577.14610917	439.726671562145	7461.953941111466	8117.935585612636	1.160429	33.171772	0.0835035713046326	0.0383601903434251	0.040419504	-0.0452302414	-0.1022946652	0.0420578451	-0.0448577094	0.0855818194	0.0063396236	-0.0770190688	-0.0448307805	0.0018816379	-0.0242063157	0.0681392696	-0.0937794284	-0.018393464	0.0171950274	0.0475857342	0.0341074708	-0.0114161059	-0.0210029766	0.064212747	-0.0421126937	-0.0941220405	-0.0161390929	0.063258315	0.0835400576	0.1833116762	0.0482371468	-0.0190780047	0.0438250307	-0.0560359062	0.0240212094	-0.0630664862	-0.1134839367	0.0913437117	-0.0089496482	0.0491686698	0.0123933613	-0.0307226679	0.0021578381	0.0080745348	-0.1325982185	0.1078973037	0.0632691982	-0.0288294225	-0.0726957856	-0.0579253587	0.025553916	-0.0343774452	-0.0370957524	-0.0693933503	0.0387432324	-0.0025824172	0.0212019722	0.0240240038	-0.1408062033	0.0621528886	-0.0064766777	-0.0545562241	-0.0821909448	0.0841584537	0.1177189595	0.0120697461	-0.0160231474	0.001400297	0.0814230867	-0.0593927012	0.0028447527	-0.0981090683	0.0045595873	0.046904793	0.0594409828	0.0953875727	0.0840947343	-0.0069022348	0.0754155881	0.039497813	-0.0193341318	-0.0432499693	0.0430315642	-0.0322610723	-0.0425383264	0.0949437447	0.0200000659	0.030666541	-0.1075056789	-0.0105480153	-0.0671265949	0.0417175009	0.0458575282	-0.0172231804	-0.0125568899	0.0217586563	0.0685594591	-0.0096589985	0.016831177	0.1389646672	0.0004977297	-0.0221041408	-0.0096269912	-0.1054147231	0.0768345855	-0.119396894	-0.050243005	-0.0408656065	0.0071044366	0.020217607	0.0143711807	0.0570142929	-0.0718691127	-9.8385e-06	-0.0586392059	-0.127296302	-0.0314474646	-0.00339932	-0.0613639796	-0.0414136754	0.057010756	-0.0363189588	-0.0124021729	-0.0987469544	0.0931453616	0.0890339092	-0.0338422532	0.0309481717	-0.025234761	0.0002191313	0.0597727774	-0.0353847783	-0.0358694069	0.0382902383	-0.0211334749	0.058615551	0.1109857775	-0.0162363435	0.0362869211	-0.0560487234	0.0603948633	0.0613587994	-0.0814540563	0.0207592358	-0.0725082493	0.0117271035	0.0001140993	0.0749064624	0.0026271998	-0.0151380107	-0.002758834	0.0357541787	-0.0655710866	-0.0861460138	-0.0006327229	0.0856597619	0.0664628444	-0.0345826047	-0.0930398161	-0.0369191397	0.0519421978401481	0.0188740182296668	0.002697991916465	0.0003562285641337	0.0575878142221597	-0.0078760852066466	6.203271818235742e-05	0.0033163563468859	0.1924906364772383	0.0243277192148241	0.0005918379221953	0.0370526451314123	-0.0001589234097892	4.207903950290002e-05	1.77064556548662e-09	2.5256650179025992e-08	0.0017636453940146	0.0003199361098637	3.1104450758289133e-06	1.0235911439478149e-07	-0.0017888614455052	0.0002864998237031	3.200025271214954e-06	8.208214898196457e-08	0.0	0.0	0.0	0.0	0.0	0.0	0.0	0.0	0.0	0.0	0.0	0.0	0.0	0.0	0.0	0.0	0.0	0.0	0.0	0.0	0.0	0.0	0.0	0.0	0.0	0.0	0.0	0.0	0.0	0.0	0.0	0.0	0.0	0.0	0.0	0.0	0.0	0.0	0.0	0.0	0.0	0.0	0.0	0.0	0.0
6298.143039266053	-21.52993630711626	463.5381573884829	39666605.74305544	13079.93109851747	-10.187151570959031	103.77805712969304	171084597.54196444	6133.099607180926	-19.101392957899407	37614910.79160283	364.863212932089	7451.247526957245	8086.054333545316	1.070395	30.598076	0.0670016764709429	0.0355766003895745	0.0167922095	-0.0284726043	-0.0678213247	-0.0597470897	-0.0352512	0.0348545536	-0.0080976715	0.0129051406	-0.1007378147	0.0364811262	0.0622907959	0.0621778137	-0.0278041453	0.0220887274	-0.0183021338	-0.0073793069	0.1047105368	0.0232388862	-0.0105328234	-0.0570780397	0.0003358457	-0.0690767934	0.0093190768	-0.05574214	0.0393408471	0.0970893495	0.0399703835	-0.0438600109	0.0388035601	-0.0070169545	-0.0857150221	0.0545629343	0.0019604317	0.0409409756	-0.0001716401	-0.0096961374	0.0396914408	0.0796949307	-0.0287463097	-0.0499100333	0.1049924402	0.0091404262	0.0514449779	-0.0213750192	-0.0306502744	-0.0656684544	0.097953552	-0.1571812028	-0.0196480246	0.0179743564	0.0744909655	0.0806495714	-0.1044244987	-0.0869976958	0.102868335	0.0917071755	0.076431772	-0.0525829863	-0.0223814002	-0.0088047498	-0.0400568595	-0.0668321072	-0.0324315183	0.150041418	-0.0488596818	-0.0105067015	0.0419981294	-0.0837338598	0.0934940567	0.0035629363	0.0859163533	-0.0379218561	-0.0697045324	-0.0377858486	0.018199699	-0.0035984909	0.0165275865	0.0093615375	0.1107183561	0.0315138843	-0.0440503581	0.0114114701	-0.0466892103	0.001209786	-0.070537374	0.0436229451	0.0138473122	-0.0194404388	-0.0180810161	-0.0774869722	-0.0523457103	0.0549844868	-0.002374278	0.0522434925	-0.0594573905	0.1032253872	-0.0706881412	0.0041201557	0.0090128074	-0.0581918642	0.0514600689	-0.0026230931	-0.0218568149	-0.0076358742	0.0617248522	-0.0584227661	0.0029111203	0.0208409649	-0.0203194032	-0.1052369712	-0.0115766965	-0.0272506204	-0.0245423177	0.0565462632	0.0316445058	0.0993042251	-0.1277716054	-0.0717413106	-0.0165659852	-0.1133703675	0.0235548954	-0.0482225194	-0.0391180328	0.0257436392	-0.0341757362	0.0094711079	0.0768969314	-0.0502915172	-0.0234928224	-0.00499569	0.0142145786	-0.0255755743	0.0548253601	0.005098918	-0.0795799428	-0.0393926044	0.0122370669	0.0378541232	-0.034348258	0.0451782995	-0.0449742692	0.0476461571	-0.0394721083	0.0198970397	-0.0047278751	-0.0004355601	0.0189313609	0.0345826047	-0.0673423095	-0.0846398209	0.0044274221	0.0879308341	0.0609337573	-0.0426372543	-0.0926270906	-0.0262147696	0.0497886645122491	-0.0021535333278989	0.0024789111139132	4.637705794371737e-06	0.0354638683912185	-0.0221239458309412	0.0004894689791304	0.0012576859612696	0.201621028033351	0.0091303915561127	8.336404996793407e-05	0.0406510389452253	-0.0004706744455303	-0.0003117510357411	9.718870828564865e-08	2.2153443367525537e-07	0.0020859169640303	0.0003222715700157	4.351049580829384e-06	1.038589648403844e-07	-0.0017510079361422	3.785350936300015e-05	3.0660287924329666e-06	1.4328881710947402e-09	0.0	0.0	0.0	0.0	0.0	0.0	0.0	0.0	0.0	0.0	0.0	0.0	0.0	0.0	0.0	0.0	0.0	0.0	0.0	0.0	0.0	0.0	0.0	0.0	0.0	0.0	0.0	0.0	0.0	0.0	0.0	0.0	0.0	0.0	0.0	0.0	0.0	0.0	0.0	0.0	0.0	0.0	0.0	0.0	0.0
6299.229228865036	1.0861895989828554	1.1798078449385363	39680288.8777876	13044.974443570836	-34.956654946634444	1221.9677250580623	170171358.23341626	6132.689221550437	-0.4103856304891451	37609877.0881209	0.1684163657119731	7439.376766248902	8059.42960357666	1.021344	29.195911	0.0748052866183889	0.0385425807429475	0.0457054642	-0.0095640454	0.0235337416	-0.0262827297	0.038532307	0.0418099811	0.0049749751	0.0355554458	0.0091787015	0.0644142322	0.0651669184	0.0301755765	-0.0342631279	0.0415743675	0.0150262	-0.0279683898	0.0363151465	0.0571344002	-0.0655717025	-0.0098227019	0.0470200861	-0.0366338543	-0.0044396493	0.1082018057	-0.005533468	-0.0064988155	0.0607711691	0.0375822201	0.1121756813	-0.0795547165	-0.0453050445	-0.116582402	0.0561887601	-0.0344795181	-0.0450131548	-0.0531865116	-0.0325115437	0.0107991937	0.0765736098	0.0264110288	-0.0062662783	-0.0712180287	-0.0253763548	-0.0418518747	0.1138890057	-0.0954306257	-0.0418269262	-0.025806749	-0.0341702446	-0.0529594692	-0.0252067932	-0.0532446138	0.0014899342	0.0221733051	-0.0646792047	-0.0401483646	6.98438e-05	-0.0230815386	-0.0256931841	0.009772214	-0.0843938354	0.1304039515	0.0530276038	-0.0417965146	-0.0895202895	0.0621332523	0.0457885497	0.0287072728	-0.017173444	-0.0207924222	-0.0331185074	0.0135674296	-0.0690212463	0.1217862695	0.0405221504	-0.0156842072	-0.0108830044	0.0435205393	0.0478427249	0.0865402551	-0.0280617112	-0.0173181117	0.0362647765	0.0809920805	-0.0249838324	-0.0536735379	0.0693489354	0.027010296	0.0160503174	0.0199081225	0.0347348085	-0.0023455798	-0.0507428461	0.0073538866	-0.0766682328	0.0332223124	-0.0261569235	-0.0435511328	0.0168750006	-0.0537106533	0.0726021563	-0.0528191977	0.0445228568	0.0640206577	-0.0198859027	-0.0487415222	-0.0850025922	0.041099435	0.1495864155	0.0616216513	-0.0216214328	-0.0507415986	0.0289752501	-0.0391739509	-0.0159265802	-0.1072444316	0.0462120541	0.0278784253	-0.0398247193	0.0653086762	0.0034658001	0.0316940747	-0.0450934065	0.0396557575	-0.0398918517	0.0018386366	0.0696456994	-0.0435544593	-0.0225433826	0.0033948233	0.0471143724	0.0033257802	-0.0303098454	0.0111757251	-0.0456858904	-0.0409533274	-0.0021703614	0.0544968629	-0.0498130281	0.0568835709	-0.0436233915	0.0206382732	-0.0256369137	0.0330082507	-0.0747607536	0.0296819279	0.0457898435	0.0334046344	-0.0690637132	-0.0829927534	0.0094744681	0.0897954726	0.0549991661	-0.0503057744	-0.0911189838	-0.0151181479	0.0462694013479421	-0.003519263164307	0.0021408575010969	1.238521321964812e-05	0.0516526690972227	0.0161888007060042	0.0002620772682987	0.0026679982248671	0.2260976201158087	0.0244765920824577	0.000599103559971	0.0511201338220325	-0.0008537699035467	-0.0003830954580164	1.467621299527953e-07	7.289230482021414e-07	0.0019147765228795	-0.0001711404411508	3.666369132570509e-06	2.9289050597290472e-08	-0.0018091846502874	-5.817671414520007e-05	3.2731490988355417e-06	3.384530068732321e-09	0.0	0.0	0.0	0.0	0.0	0.0	0.0	0.0	0.0	0.0	0.0	0.0	0.0	0.0	0.0	0.0	0.0	0.0	0.0	0.0	0.0	0.0	0.0	0.0	0.0	0.0	0.0	0.0	0.0	0.0	0.0	0.0	0.0	0.0	0.0	0.0	0.0	0.0	0.0	0.0	0.0	0.0	0.0	0.0	0.0
6309.576975535596	10.3477466705599	107.0758611580835	39810761.61020892	13062.391415092889	17.416971522052336	303.35089699998207	170626069.4810924	6140.119886211321	7.430664660883849	37701072.21704772	55.21477730250809	7447.232460868831	8047.328711577385	0.7928929999999998	22.665457	0.0579914638700377	0.0398183805221629	0.0488980651	-0.0219527978	0.0060589919	0.0149765052	0.0456908288	0.065230282	-0.0012038404	0.0358383362	0.030744941	0.0710237454	0.0300189228	0.011893185	-0.0352311362	-0.0125829246	0.0566988738	-0.0731723759	0.0028408965	0.0112447362	-0.05404906	-0.0313813224	-0.0048547017	-0.0504644628	-0.023539828	0.0057576091	0.1017621794	0.0503030632	0.0746119777	-0.0024158669	0.0110395336	0.0621239063	0.0352811938	-0.0618738889	0.0323148905	0.0650466778	0.0309249438	0.0143285692	0.1289762238	0.120784249	-0.0633681522	0.0241262815	-0.0606966201	-0.0662133286	-0.0531530615	-0.0323561806	0.0139892588	-0.0181085771	0.009814899	0.0816538136	-0.0405076334	-0.0182141525	-0.0104670221	-0.0719900738	0.0583873664	-0.0251737631	0.0441638165	0.0121879799	-0.0611831985	-0.0111302504	0.1254310318	0.0006138542	0.0197509967	0.148215749	-0.1979486881	0.0338622163	-0.0135346432	0.0754565155	-0.0393072194	0.0149920097	-0.04772067	-0.0516343388	-0.0393523679	0.0757237211	-0.0016282155	-0.0480674404	0.0562119462	0.0272867787	-0.0277050627	0.0793738458	0.0273208034	0.0538533747	0.0244912363	-0.02655709	-0.0056535059	0.0318782333	-0.0551503538	-0.0346861771	0.0843956602	0.0367086771	-0.0418457935	0.0059519408	-0.0322692317	-0.0182956825	0.0494474754	-0.0269827508	-0.0176812418	0.0035682512	0.1130893677	-0.0045286908	0.0188045929	-0.0629898356	0.0969844135	-0.0415523785	-0.0403614425	0.0099767453	-0.036208911	0.0870326135	-0.1021312078	0.0814165377	0.0291308109	-0.0421160435	-0.127146042	-0.0104523963	0.0158297732	0.0029298546	0.1711142121	0.0136019391	-0.0168438632	-0.0011479312	0.0059267354	0.0405644734	0.0048587986	-0.0207724179	-0.048200234	0.0346144603	-0.0535099622	0.0088599334	0.061585538	-0.0586421684	-0.0433779993	0.0017104894	0.0616141629	-0.0064890039	-0.0291277408	0.0242734582	-0.0506652287	-0.0412435505	-0.0316689439	0.0551056729	-0.0423322341	0.0464480253	-0.0183234563	0.0631723163	-0.0455467864	0.0443425105	-0.0464841688	-0.0146387685	0.0170326408	0.0322204857	-0.0707340242	-0.0812075526	0.0144934828	0.0912450589	0.0486985645	-0.0575187176	-0.08853333	-0.0037953135	0.0579465799187346	0.0116771785707925	0.0033578061242782	0.0001363564993741	0.0454758188950137	-0.0061768502022089	3.815347842052933e-05	0.002068050104172	0.22805702151485	0.0019594013990412	3.839253842565002e-06	0.0520100050622247	-0.0001107493195896	0.0007430205839571	5.520795881839499e-07	1.2265411789559361e-08	0.00192510039442	1.0323871540499942e-05	3.70601152859604e-06	1.0658232358474464e-10	-0.0018194008687497	-1.0216218462300074e-05	3.310219521207164e-06	1.0437111966944088e-10	0.0	0.0	0.0	0.0	0.0	0.0	0.0	0.0	0.0	0.0	0.0	0.0	0.0	0.0	0.0	0.0	0.0	0.0	0.0	0.0	0.0	0.0	0.0	0.0	0.0	0.0	0.0	0.0	0.0	0.0	0.0	0.0	0.0	0.0	0.0	0.0	0.0	0.0	0.0	0.0	0.0	0.0	0.0	0.0	0.0
6312.794469687554	3.217494151957908	10.352268617883336	39851374.016517766	13079.067669245202	16.67625415231305	278.09745255253824	171062011.09669513	6136.470595814823	-3.649290396497236	37656271.373299934	13.31732039796695	7439.130431178585	8121.273048450101	0.7981869999999999	22.816793	0.0346270075032951	0.0188587291396528	0.0559716869	-0.03908329	0.0312396791	-0.019148524	0.0310332372	0.064598793	-0.0228173689	0.0586262252	0.0224765389	0.0643512175	0.0142568635	0.0173667778	-0.0334048099	-0.006444869	0.0349906728	-0.0349085553	0.0640229782	0.0496278543	-0.0559811445	-0.0879902787	0.0608213403	-0.0701670098	-0.0285183722	-0.0080414976	0.0643178363	0.0088307877	-0.0100609558	0.110648	0.0730930832	0.004674238	-0.0180696898	0.0327190167	0.0774145852	0.0853893422	0.0056530911	0.044615102	0.0632511796	0.0516292548	0.0755768536	0.0221495064	-0.0625422596	-0.0170922177	0.0293210767	-0.0232171986	0.0295043952	-0.0184365295	-0.04932352	0.0325819182	0.0057327619	-0.0569263489	0.0446889235	-0.0245894514	0.0059637585	-0.0028891654	0.0683006457	0.0519109635	-0.1099341165	-0.0232582072	0.0279704779	-0.0941214428	0.0680733477	0.0093491475	-0.0539297863	-0.0349527554	-0.0014358758	0.0066762623	-0.0632464383	0.0897489573	-0.0066471236	-0.1022052557	-0.0079367321	-0.0479289959	0.0206978088	0.0566222264	0.0459359272	0.0202432432	-0.0006529099	0.0607283191	0.0509804463	0.0695187242	0.0201340814	-0.0449895643	-0.0032996549	0.0404014891	-0.0565684119	-0.0210400268	0.0497136696	0.0426175742	0.0435174891	0.0262647072	-0.0065265249	-0.0512248103	-0.0056274089	-0.0462282489	-0.0736355614	0.0853987339	0.1145874001	0.0106650082	0.0854605862	-0.0182350385	0.0729450353	0.0237164547	-0.0241850483	-0.0230199708	0.0583609666	0.0062614672	-0.0057642365	-0.0408217393	-0.0140934387	0.0305391562	-0.0188579029	0.0335443543	0.0287015573	-0.0235067689	0.0451877438	-0.0021617871	0.0246592804	-0.0068686071	0.07249756	0.0969483197	-0.0452011479	0.0564684208	-0.0585510788	0.0404453951	-0.0506332501	0.0055514369	0.0507408638	-0.0823718993	-0.0394584188	0.0146334561	0.0582986833	0.0063101491	-0.0581803154	0.036129058	-0.0095259848	-0.0255935711	-0.0064745033	0.051422473	-0.0402049717	0.0350560601	-0.0465987231	0.0399236706	-0.0137570744	0.0588563113	-0.0499586812	0.0114902757	0.0550121028	0.0310303776	-0.0723520068	-0.0792871898	0.0194696168	0.0922728925	0.042073882	-0.0642107624	-0.0849007066	0.0075843101	0.0522136888268107	-0.0057328910919239	0.002726269300903	3.286604027186044e-05	0.0376603015192102	-0.0078155173758035	6.108231185148643e-05	0.0014182983105178	0.2282542661666227	0.0001972446517727	3.890545265293544e-08	0.0521000100232634	-0.0001523856960537	-4.16363764641e-05	1.7335878450602603e-09	2.3221400361770642e-08	0.0021841524366481	0.0002590520422281	4.770521866515833e-06	6.71079605825493e-08	-0.0019363395377334	-0.0001169386689836	3.749410805389597e-06	1.3674652303679324e-08	0.0	0.0	0.0	0.0	0.0	0.0	0.0	0.0	0.0	0.0	0.0	0.0	0.0	0.0	0.0	0.0	0.0	0.0	0.0	0.0	0.0	0.0	0.0	0.0	0.0	0.0	0.0	0.0	0.0	0.0	0.0	0.0	0.0	0.0	0.0	0.0	0.0	0.0	0.0	0.0	0.0	0.0	0.0	0.0	0.0
6298.792771241239	-14.001698446314547	196.0475593815273	39674790.37504089	13035.715567521223	-43.352101723978194	1879.404723886153	169929880.35731518	6139.695844662735	3.225248847911644	37695865.06496885	10.402230130955385	7441.043511352846	8012.968061188729	0.835196	23.874725	0.1087710106471114	0.0591853541982868	0.0419823684	-0.0178716416	0.0644587313	-0.0072700564	0.0441005813	0.0475287929	-0.0064703838	0.0538943059	0.04291654	0.0750569944	-0.0011874456	0.0214552594	-0.0279100759	0.0012532152	0.0180401456	-0.0191840538	0.0492967943	0.1105675143	-0.0194145632	-0.1214813815	0.0290700081	-0.0226407888	-0.0190575897	0.1279349447	0.0314380384	-0.0029377049	0.0294155253	-0.1192904598	-0.0366056925	0.0326778966	-0.100974702	-0.0400323819	-0.0329936218	0.1377300538	-0.0522177799	-0.0832675968	-0.0051205417	-0.0353232769	0.0532035787	0.0172438822	0.0092495447	-0.0169944352	0.0103963635	-0.0699125631	-0.0182273109	-0.0332027585	-0.0758623422	0.0756284518	0.0679015703	0.0552111954	0.0231234728	0.0468784625	0.084861846	0.0988323127	0.0443534864	-0.0078668645	0.0072910066	0.0715080783	0.0990822383	0.14263702	-0.0290305853	-0.0368802545	-0.158771539	0.0252456002	0.0148615253	0.0409746162	-0.1239004615	0.099506651	0.0469710473	-0.0897422586	0.0712386532	-0.0874723913	-0.0451470446	-0.001301646	0.0328286235	0.0184286281	0.0172919927	0.0605820825	0.0408174125	0.034393001	0.0657684226	-0.0545177715	0.0083076692	0.123282926	-0.0421290645	-0.0539990008	0.0603856337	0.0299013616	0.0679319134	-0.0091520249	0.0125893898	-0.0102596124	0.0696186939	0.07047384	0.0176624757	0.0059473841	-0.0306706128	0.0695363978	0.0454085879	-0.0259586218	0.1067179722	0.0415396769	-0.0872565629	-0.1603138083	0.080736697	-0.0134913907	-0.0704571759	-0.1023954946	0.0552922481	0.0998722088	-0.0516467735	-0.0083972878	0.1436435158	0.0933771191	0.0011801145	0.0224536797	-0.0292796944	-0.0103458433	-0.0141679338	0.1153218264	-0.0109361647	0.0050480289	0.0069501763	0.0269117739	-0.0575973384	0.0118521432	0.0738080261	-0.0536915535	-0.0246423327	0.0559706242	0.0920794857	0.0925919086	-0.0765649358	0.0762672713	-0.0266911146	-0.0385782081	-0.0238940515	0.1009554673	-0.0499491297	0.0106071153	-0.0071259363	0.0227529111	0.0108096653	0.0449950605	0.028334773	-0.0050658466	0.0355362064	0.0298345303	-0.073916464	-0.0772348614	0.0243881477	0.0928742226	0.0351692048	-0.0703213046	-0.0802640719	0.0188504498	0.0788631801196828	0.0266494912928721	0.0062194011785895	0.0007101953861688	0.0451877309460115	0.0075274294268012	5.666219377547412e-05	0.0020419310280491	0.2314398121822307	0.0031855460156079	1.0147703417555994e-05	0.0535643866629462	-0.0005388793449752	-0.0003864936489215	1.493773406566557e-07	2.9039094844090065e-07	0.0018948223737786	-0.0002893300628694	3.590351828171969e-06	8.371188528006879e-08	-0.0011839923712878	0.0007523471664455	1.4018379352677077e-06	5.660262588587232e-07	0.0	0.0	0.0	0.0	0.0	0.0	0.0	0.0	0.0	0.0	0.0	0.0	0.0	0.0	0.0	0.0	0.0	0.0	0.0	0.0	0.0	0.0	0.0	0.0	0.0	0.0	0.0	0.0	0.0	0.0	0.0	0.0	0.0	0.0	0.0	0.0	0.0	0.0	0.0	0.0	0.0	0.0	0.0	0.0	0.0
6308.695348366773	9.902577125533751	98.06103372714432	39799636.99850456	13052.168372927688	16.452805406464904	270.6948057430008	170359099.2352538	6137.4633418064495	-2.232502856285464	37668456.27201799	4.984069003322755	7435.26396506447	8071.829091422788	0.831191	23.760237	0.162048538548869	0.0870148142013509	0.054778684	-0.0249879001	0.0483226609	0.0106807342	0.0430482438	0.058404933	-0.0039568379	0.0283621339	0.0357758241	0.0753270017	-0.0067487156	0.0235585549	-0.030109469	0.0067042635	0.0138544328	-0.0259462207	0.0275677646	0.0601028501	-0.1071503353	-0.0310148259	0.0514405347	0.0332880701	-0.0475238557	0.0730001288	-0.0403476918	0.0060371428	-0.0146265408	-0.0086925564	0.0709263918	-0.0071570632	-0.0279577372	0.0185311711	0.0011503062	0.001345205	-0.0257705032	0.0904456864	-0.1182430045	0.0720561774	0.0340733161	-0.0134470989	-0.0032107927	-0.1249848191	-0.0393989849	-0.0782220884	0.0309425926	-0.0042340563	0.1199785245	0.0181662627	0.0364474898	0.1361506776	0.0066722922	-0.1297366706	-0.0188735023	0.0179647585	0.053636327	0.0835349883	0.1749171769	-0.0892635235	-0.0126075105	0.0364955526	0.0710477062	0.0880388112	0.0247643944	0.0254828776	-0.0515152368	-0.0324563374	-0.0060887838	0.0013052861	0.0227775336	0.0140986992	-0.031505728	0.0861512326	0.0242201348	0.0194201683	0.0470605441	0.0109253104	-0.0029909163	0.0559323293	0.0277779461	0.0402285565	0.0283964648	-0.0322755407	0.0258775557	0.0667927566	-0.0101650529	-0.0145267599	0.1061963465	0.0544992523	0.0148484792	0.0053181169	0.0304024568	0.0215325355	0.0254835112	-0.0232255864	-0.0272303689	-0.0571111747	0.038654697	-0.0610634877	0.0277526931	0.0331515165	0.0650763149	-0.0415223064	-0.018039926	-0.1076726462	0.0412880698	0.1425854232	0.0349485208	0.0501780051	0.0128607723	0.0612073388	0.0653061691	0.0726725188	0.0376803658	0.0628504507	-0.071121885	0.0295640473	-0.0576197344	0.0304503561	0.0137574742	0.0610126753	-0.0065457155	-0.0952360931	-0.0328098277	0.0404503106	-0.0459741613	0.0154223082	0.0410550586	-0.0656154723	-0.0136535292	0.022477401	0.0603349739	-0.0188089976	-0.0605622992	0.0171533902	0.046528931	-0.020508797	-0.0456108225	0.058625552	-0.0129886399	0.0259798258	-0.0149159745	-0.0168153417	-0.0245403242	0.0359188169	-0.0180695995	0.0005932832	0.0172040349	0.0286331649	-0.0754262385	-0.0750539832	0.0292345235	0.0930462698	0.0280304823	-0.0757950062	-0.0746782574	0.0298345303	0.0298010774310455	-0.0490621026886372	0.0008881042160511	0.0024070899202303	0.0262095085938796	-0.0189782223521319	0.0003601729236469	0.0006869383407326	0.2458150743352405	0.0143752621530097	0.0002066481619677	0.0604250507704398	-0.0010148041067119	-0.0004759247617366	2.2650437883413467e-07	1.0298273749993372e-06	0.0020595880995808	0.0001647657258021	4.241903139934851e-06	2.7147744399125724e-08	-0.0021359609108507	-0.0009519685395629	4.562329012682152e-06	9.062441003175208e-07	0.0	0.0	0.0	0.0	0.0	0.0	0.0	0.0	0.0	0.0	0.0	0.0	0.0	0.0	0.0	0.0	0.0	0.0	0.0	0.0	0.0	0.0	0.0	0.0	0.0	0.0	0.0	0.0	0.0	0.0	0.0	0.0	0.0	0.0	0.0	0.0	0.0	0.0	0.0	0.0	0.0	0.0	0.0	0.0	0.0
6305.388776345571	-3.306572021201646	10.933418531393537	39757927.620864704	13081.05791082908	28.889537901392032	834.6054001559668	171114076.06646407	6124.74004189485	-12.723299911599495	37512440.58079013	161.88236064050778	7431.219500079459	8107.808896169355	0.767313	21.934233	0.0792342625199951	0.0409210030429905	0.0440095645	-0.0364039501	0.040627138	-0.0059138793	0.0274434572	0.0504117917	-0.02446824	0.0190483158	-0.0149191437	0.0728564991	0.0118309695	0.0061834279	0.0012705017	0.0211417264	0.0449603094	-0.0860117751	0.0308179254	0.0821585557	-0.0287155326	0.0218701783	0.0872390678	0.0962504521	0.0688516573	-0.0264666492	0.0410205275	0.0058299872	-0.0606840337	0.043890087	0.0648586848	0.0456655623	0.1108857805	-0.0851476198	-0.0241736233	-0.0199108813	0.0025417351	0.0524964621	0.0833597758	0.0175549803	-0.0684788828	-0.0012951288	-0.0468381688	0.0811968464	-0.0770637291	0.0650713184	-0.006307574	0.041365252	-0.0988122848	0.0518107484	0.0604544966	-0.0650430508	-0.0088611551	-0.0761228643	0.0554411692	0.0313044521	-0.0310942158	0.0505938525	-0.0535975722	-0.0772075785	0.0064324461	-0.0918682679	-0.0591893695	-0.0286449375	-0.150066865	0.0639783471	0.0853842531	0.0726320644	0.0175113995	-0.0750832337	0.0337175461	-0.0477670772	-0.045522133	0.1153977337	-0.0130284847	-0.0968756634	0.030261428	-0.0007277523	-0.024641116	0.0765383009	0.0381134459	0.0463338445	0.0004773263	-0.0484202755	-0.0335313457	0.023913362	0.0516631616	0.0350259702	0.035941854	-0.0128705964	-0.0038942469	0.0250885787	0.0162107575	0.0111585438	-0.0343342975	-0.0627384132	-0.0131766308	-0.04710405	0.0761286787	0.0060464465	0.0297414199	0.0390937595	0.081678133	-0.0315047202	-0.0276600366	0.0352653971	-0.1633015122	0.0219927535	0.0034053888	0.0526689788	-0.0895162135	0.0511904286	-0.1304087315	0.0527636299	0.0629837259	-0.0619133345	0.0887083601	0.020936268	0.0382532102	0.1257105505	-0.0418696519	-0.06120671	-0.0769160744	0.0670627243	0.0238517727	0.0343057933	-0.0419441276	0.0167687612	0.0099158088	-0.0457405733	-0.0273701442	-0.0200342147	0.0270743439	-0.0885909772	-0.0473970121	-0.0207969073	0.0514931917	-0.014977108	-0.0453674815	0.0303033052	0.0178270354	0.0463143627	-0.0102441576	-0.0331932555	-0.0153106786	0.0301369863	-0.0288032006	0.0212763098	0.0335780062	0.0274265036	-0.0768802134	-0.072748185	0.0339944055	0.0927882388	0.0207052216	-0.0805822964	-0.0682093192	0.0403721968	0.0066987343690811	-0.0231023430619644	4.4873042147508366e-05	0.0005337182549526	0.0433808239472597	0.0171713153533801	0.0002948540709652	0.0018818958863431	0.2456686583660499	-0.0001464159691905	2.1437636034022653e-08	0.0603530897033749	-0.0013568452622285	-0.0003420411555166	1.1699215206713095e-07	1.8410290656319267e-06	0.0021077172333923	4.812913381150013e-05	4.442471935938892e-06	2.316413521445285e-09	-0.0025220743842318	-0.000386113473381	6.360859199598213e-06	1.4908361432641737e-07	0.0	0.0	0.0	0.0	0.0	0.0	0.0	0.0	0.0	0.0	0.0	0.0	0.0	0.0	0.0	0.0	0.0	0.0	0.0	0.0	0.0	0.0	0.0	0.0	0.0	0.0	0.0	0.0	0.0	0.0	0.0	0.0	0.0	0.0	0.0	0.0	0.0	0.0	0.0	0.0	0.0	0.0	0.0	0.0	0.0
6302.504185755856	-2.884590589715117	8.320862870273006	39721559.01147009	13047.860360213152	-33.197550615928776	1102.077366897153	170246659.97962168	6133.81287578508	9.072833890229958	37623660.39514683	82.31631479970528	7435.75241295792	8114.768840617518	0.788783	22.547981	0.0510823903248202	0.0285687779443729	0.0486218366	-0.0281909437	-0.0086719615	-0.0119331305	0.0306392067	0.0581211788	0.0228185315	0.0093660312	-0.0150476012	0.0532771417	0.0189755513	0.0611774656	-0.0269590064	0.0155768112	0.0226245678	-0.0710847195	0.0325696132	0.0675961315	-0.1011558463	0.0699245982	-0.0008937528	0.0279023763	-0.0324148516	0.0360036794	0.0704482367	-0.0093688861	-0.1012909705	-0.0218001599	0.020458898	-0.0223536133	-0.0925599838	0.0507543946	0.0780921862	-0.0044867251	0.0279806604	-0.1005007244	0.0425595113	0.0122115355	-0.0083101053	-0.0051520018	0.0946842098	-0.0915766073	-0.0437822239	-0.0570408375	-0.0796175228	-0.0445920664	0.1285215508	0.0899590752	-0.0523397712	0.0887006897	-0.0486099895	-0.0661471162	0.0054765305	0.0453956005	0.0300226303	-0.113441612	-0.0359115199	0.0125249207	-0.0429700587	0.0303837854	-0.0217084225	-0.0050806339	-0.0002592433	0.0203444334	0.0010563785	-0.0153453538	0.0086998409	0.0679195288	-0.1336757425	0.1145221873	-0.0693178909	0.0844520825	-0.0607733089	-0.0752352301	0.0557826337	-0.0038037841	-0.0335818179	0.064748833	0.0402754285	0.0165915062	-0.0124819203	0.0080611078	-0.0269922425	0.0361107443	-0.0008851915	0.046127453	0.0916710806	0.00821973	0.0203281488	0.0640179014	0.0249691084	0.0470954756	-0.0984152398	-0.028745306	0.1124075059	-0.0075687164	0.0644154258	-0.0245529286	-0.0067835198	0.0341965126	-0.0255166097	-0.0307130658	0.020353825	0.012204975	0.0403805653	-0.0345976391	0.0309585327	0.0145740046	-0.0081732801	-0.027647846	-0.0897182697	0.0349544053	0.0474986606	0.0917857074	-0.0443073259	-0.010943559	-0.0864171729	-0.0206537993	-0.0316092994	0.0996159372	-0.0086407083	-0.0725837468	-0.0100005452	0.0382007848	-0.0418086357	0.0071243998	0.0086542634	-0.0641167828	-0.0311422237	-0.0591754257	0.004910761	-0.1134053242	0.0030531924	-0.0372014527	0.0519237617	-0.0188976285	-0.0428503003	0.0364210625	0.0009551851	0.0368197109	-0.0471562203	-0.0376177772	-0.0255845501	0.0168999821	-0.0149891195	0.0107293657	0.0184317943	0.0262147696	-0.0782773129	-0.0703213046	0.038653711	0.0921013223	0.013242171	-0.0846398209	-0.0609337573	0.0503057744	-0.0088950776975167	-0.0155938120665978	7.9122407244859e-05	0.0002431669747683	0.0361214289046074	-0.0072593950426523	5.269881638528479e-05	0.0013047576261106	0.2458257469184701	0.0001570885524201	2.46768133014716e-08	0.0604302978480237	-0.0016500542710531	-0.0002932090088246	8.597152285590445e-08	2.7226790974205774e-06	0.0021392840214486	3.15667880562997e-05	4.576536124425293e-06	9.964621081913456e-10	-0.0027587404806139	-0.000236666096382	7.610649039377811e-06	5.601084117674132e-08	0.0	0.0	0.0	0.0	0.0	0.0	0.0	0.0	0.0	0.0	0.0	0.0	0.0	0.0	0.0	0.0	0.0	0.0	0.0	0.0	0.0	0.0	0.0	0.0	0.0	0.0	0.0	0.0	0.0	0.0	0.0	0.0	0.0	0.0	0.0	0.0	0.0	0.0	0.0	0.0	0.0	0.0	0.0	0.0	0.0
6295.382623601291	-7.121562154565254	50.7166475213361	39631842.37754107	13012.952486774117	-34.90787343903503	1218.5596280356872	169336932.42304066	6128.408694797092	-5.404180987988184	37557393.13046459	29.205172150932945	7433.732666751358	8072.188306993054	0.7984909999999998	22.825485	0.1135835425053706	0.0647799191307894	0.0234316618	-0.0283125991	-0.0503339597	-0.036581361	0.0196510522	0.032552041	0.0187954528	-0.0224151264	-0.0358352811	0.0104100773	0.003243449	0.0415894769	-0.0169964991	0.0146286921	0.0235762122	0.0047208437	0.0627888596	0.066264792	0.0189241662	-0.0035631365	0.0498628969	-0.0347884352	0.0507168931	-0.0284652822	0.0141535179	0.0166530311	0.0392657236	0.0476078481	-0.0254395095	-0.0341798615	-0.0616531666	0.022558892	-0.0240359698	-0.0639435235	-0.0578108825	0.1477264225	-0.0587507233	-0.0954470814	0.0575105423	-0.0183912222	0.0378932498	0.0165693376	-0.0447213058	0.0579342633	-0.0172650107	-0.0877509675	0.1541817053	0.0443613684	0.0278686258	-0.0379979263	-0.0360633385	0.0410486647	-0.1090722329	0.0061390517	0.0122259138	0.069786443	-0.040503757	0.1424075244	-0.040854841	-0.0792970145	0.02874265	0.021434043	0.0201798992	0.0085358129	-0.1033733696	-0.0916842426	-0.127159896	0.0987630912	-0.0180084958	-0.0967698365	0.0654334278	-0.0362978437	-0.0254702316	0.0193762674	0.0305835383	0.0092338617	-0.0237861012	0.0171019121	0.0564142255	0.010510791	-0.0287852926	-0.0151232281	-0.0840037617	0.0156196726	-0.0177514172	0.0447358204	0.0090695841	-0.0429133896	0.0333204251	0.0335178882	0.0069101106	0.002001209	-0.0621732203	-0.0305043366	0.0527683064	-0.0124031534	-0.023273051	0.0589039268	-0.0745123245	-0.1150951182	0.0189235255	0.0189404655	-0.0284529532	0.0075353589	0.0609200523	-0.0150977375	0.1457529617	0.0090694323	-0.1057670531	-0.017617802	0.105419873	0.0935269295	0.0485202309	-0.0243761935	0.0201638076	-0.0152596265	-0.0914046494	-0.0809574604	-0.0587666771	0.0181309165	0.0436574469	0.0246025448	-0.0009697363	0.0230335289	-0.0411759157	-0.0114711008	-0.0314543822	-0.0500846246	-0.0442259276	-0.1014438231	-0.0327600222	-0.0958884247	0.02791784	-0.0323752298	0.0118139106	-0.0268965851	-0.0373650567	0.034847124	0.002908888	0.0343748595	-0.0113807807	-0.0359021951	0.0009925469	0.0070830515	0.0008623769	-0.0036452926	-0.0041959997	0.024998187	-0.0796165037	-0.0677773814	0.0431986551	0.0909886953	0.005690996	-0.0879308341	-0.0529376103	0.0594866269	-0.0126489586139797	-0.003753880916463	0.0001599961540181	1.4091621934985096e-05	0.0810743274546013	0.0449528985499939	0.002020763088046	0.0065730465722159	0.2296204123157963	-0.0162053346026737	0.0002626128695846	0.0527255337520762	-0.0010319406928134	0.0006181135782397	3.820643956042858e-07	1.0649015934842002e-06	0.0020827776223406	-5.650639910799969e-05	4.337962624122764e-06	3.192973140152548e-09	-0.0024599318892368	0.000298808591377	6.051264899684131e-06	8.928657428076666e-08	0.0	0.0	0.0	0.0	0.0	0.0	0.0	0.0	0.0	0.0	0.0	0.0	0.0	0.0	0.0	0.0	0.0	0.0	0.0	0.0	0.0	0.0	0.0	0.0	0.0	0.0	0.0	0.0	0.0	0.0	0.0	0.0	0.0	0.0	0.0	0.0	0.0	0.0	0.0	0.0	0.0	0.0	0.0	0.0	0.0
6294.167377123025	-1.2152464782657262	1.47682400293725	39616542.97123975	13046.87986935593	33.92738258181271	1151.0672888526883	170221074.325405	6133.798402275135	5.38970747804342	37623482.839753	29.04894669887716	7440.377876224259	8045.350443095545	0.7272539999999998	20.789135	0.0677939754327148	0.0304691079806167	0.0356061622	-0.0182905957	-0.0382075055	-0.0207262804	0.0354041027	0.0536440113	0.0270169108	-0.0088057425	-0.0275509425	0.020720787	0.0308427287	0.030534851	-0.0370185014	0.0145389808	0.0124033125	-0.0192730469	0.0189139491	0.069949602	0.0251147568	0.0143061364	0.0450328682	-0.033094509	0.0379916757	-0.0201628221	0.0499899368	-0.0660289706	0.0155055856	-0.0262411559	-0.061858822	-0.0479350946	-0.0351984264	0.0179236128	0.0556186049	-0.059167721	-0.0318672266	0.1485451998	-0.0204284473	-0.0021812856	-0.0844625665	-0.0937183941	0.0693045915	0.0120304525	-0.1619251552	-0.0120954501	-0.1771974463	-0.0604271929	0.0753625231	-0.0251071834	-0.1238265283	-0.0195818609	-0.0317017954	0.1312084385	0.0512972104	0.0140397191	0.0205594463	-0.1087365813	-0.0125999499	0.0636200042	0.0032039931	-0.0703989403	0.0824226707	-0.0271495316	0.0311129011	0.0825882325	-0.0008861696	-0.0097439762	0.0945488384	0.0116594866	0.0724948427	0.0106320164	0.061835571	0.0838253718	-0.0019711264	0.1011191109	0.0524742572	0.0058704236	-0.0210103724	0.0233153711	0.0410789966	0.0144483933	0.001772658	-0.0019873068	-0.0561583847	0.0245302035	-0.0127843429	0.0311169533	0.0213120052	-0.0370139688	0.0107695361	0.099010251	-0.0211249204	0.0309706793	-0.045529586	0.0065326678	0.0230460448	-0.0556230118	-0.0853636454	0.0274982563	-0.0714597263	-0.0891137793	-0.0224161988	-0.0369840879	-0.0314688006	-0.0826832349	0.0759736375	0.0334082349	0.114574477	0.0185894939	-0.0087949837	-0.0890128119	0.0526668734	0.0306524331	-0.0363973149	0.0431048417	0.0779559818	-0.0552685109	-0.0893612984	0.026621362	0.0959242376	-0.0410427847	0.0614650595	0.012925939	-0.0211594162	0.0314799935	-0.0452922275	-0.0176339043	-0.0175482811	-0.0670471878	-0.0485672156	-0.0942131029	-0.0343318889	-0.0893124832	0.0042767162	-0.0123744607	0.0315227707	-0.0296207099	-0.0538526368	0.0398092115	-0.0015889859	0.042416921	-0.0002922733	-0.0338096186	-0.0169640778	0.0147363514	0.0133267301	-0.0162123764	0.0086232866	0.0237769808	-0.0808967948	-0.0651206494	0.0476157909	0.0894555007	-0.0018980517	-0.090425532	-0.0443154383	0.0677773814	-0.0018411841405452	0.0108077744734345	3.389959039395167e-06	0.0001168079890686	0.0644323336880603	-0.016641993766541	0.0002769559565255	0.0041515256244895	0.2355483960625406	0.0059279837467443	3.514099130166463e-05	0.0554830468876354	-0.0005912105282271	0.0004407301645863	1.942430779762672e-07	3.495298886865666e-07	0.0019711937813198	-0.0001115838410208	3.885604923513852e-06	1.2450953576955178e-08	-0.002323921425924	0.0001360104633127	5.400610793868638e-06	1.8498846130562462e-08	0.0	0.0	0.0	0.0	0.0	0.0	0.0	0.0	0.0	0.0	0.0	0.0	0.0	0.0	0.0	0.0	0.0	0.0	0.0	0.0	0.0	0.0	0.0	0.0	0.0	0.0	0.0	0.0	0.0	0.0	0.0	0.0	0.0	0.0	0.0	0.0	0.0	0.0	0.0	0.0	0.0	0.0	0.0	0.0	0.0
6301.7173725628845	7.549995439859231	57.00243114189518	39711641.84366086	13033.786250557489	-13.09361879844073	171.44285323888045	169879584.02522144	6135.744597790288	1.9461955151527943	37647361.7693127	3.787676983200851	7444.348576896817	8076.891916902604	1.018921	29.12664	0.0437302260774334	0.021586959810036	0.0042771513	-0.0524318789	-0.1439083283	-0.0144419495	-0.0139600095	0.0381539208	-0.005783332	-0.0458427989	-0.056925475	-0.0142238976	-0.028219972	0.0648520522	-0.0205572267	-0.0419366006	0.0298828063	-0.0358569996	0.0311455955	0.0452741553	0.0229004687	0.0864507068	0.0276528108	0.0345721396	0.0582192323	-0.0586440852	0.1365935647	-0.0919838878	0.0558832896	-0.0267027305	0.0264810791	0.0077349408	-0.0287381009	-0.0675833715	0.0465942171	-0.0496424839	0.0365249951	0.0608265195	0.0352386147	-0.0428411657	0.0113674418	-0.0199532281	0.0770540285	0.0503309677	-0.0312273922	0.0072081854	-0.039332024	0.0200168822	-0.0778514104	-0.0404524388	0.0141046069	-0.0888689659	-0.0503113478	0.0368274873	0.0449597434	-0.0281783364	0.0067815843	0.0219160627	0.0227817606	0.0375119849	-0.0435829176	0.0312194941	-0.0070833996	0.0408733866	0.0545548038	-0.0623212502	0.0508895256	-0.0035164349	0.1030869199	-0.047054566	0.1331583942	0.0450662608	0.0871420027	0.0048740187	0.0096542152	-0.0718451269	0.0261277805	0.045706755	-0.0506205008	0.0072394334	0.0420840986	-0.0274443248	-0.0443818594	0.0438427319	-0.0891914243	-0.019219962	0.0218774802	0.0800825784	-0.008884499	-0.0115812802	-0.0148586613	0.1157922444	-0.001233073	-0.0170976628	-0.0161212087	-0.0084569617	0.0520710536	-0.0543116804	-0.0457160433	0.0442128889	-0.1074105479	-0.0966131261	0.0452640848	0.0437812798	-0.0600913802	0.0545528622	-0.0023477354	-0.0682892276	-0.0162822527	0.0029834923	0.038122429	0.0416226577	-0.0193568636	-0.0412565211	0.0136765956	0.020742591	0.0983963399	-0.1391861902	-0.0128806946	-0.0035342583	0.0692003099	-0.1180821968	-0.0454754149	0.0095412177	0.0247749572	0.0153283	-0.0470110582	-0.0171960906	-0.0523637244	-0.073693956	-0.0470357381	-0.0961097835	-0.0917882652	-0.078608729	0.0712249779	-0.0131244237	0.02570208	-0.0244127355	-0.0332268009	0.0573474469	-0.0031428983	0.0061055178	-0.000358863	-0.0317442432	0.0267886794	-0.015691382	0.0292430745	-0.0526802032	-0.0492550487	0.022551377	-0.0821172393	-0.0623555305	0.0518920499	0.0875088252	-0.0094744681	-0.0921013223	-0.0351692048	0.0750539832	-0.0061285720686186	-0.0042873879280733	3.7559395600252064e-05	1.838169524578952e-05	0.0482989125860058	-0.0161334211020545	0.0002602872764562	0.0023327849569906	0.2260067624557251	-0.0095416336068155	9.104277188671112e-05	0.0510790566757185	-0.0004232163189764	0.0001679942092506	2.8222054341767968e-08	1.79112052647934e-07	0.0019200094821212	-5.118429919860005e-05	3.686436411435319e-06	2.619832484451809e-09	-0.0023800985862845	-5.617716036049976e-05	5.664869280433475e-06	3.155873346169305e-09	0.0	0.0	0.0	0.0	0.0	0.0	0.0	0.0	0.0	0.0	0.0	0.0	0.0	0.0	0.0	0.0	0.0	0.0	0.0	0.0	0.0	0.0	0.0	0.0	0.0	0.0	0.0	0.0	0.0	0.0	0.0	0.0	0.0	0.0	0.0	0.0	0.0	0.0	0.0	0.0	0.0	0.0	0.0	0.0	0.0
6291.492818843016	-10.224553719868709	104.54149877048106	39582881.889553234	13030.993938776452	-2.792311781036915	7.797005082517548	169806803.03242862	6132.364010879417	-3.3805869108709885	37605888.36192909	11.428367861952252	7440.508830018285	8142.817968011672	1.098621	31.404947	0.0563376723333142	0.0331958386053046	0.0377896502	-0.0261644805	-0.0114209061	-0.0592713894	0.0049549933	0.0361330029	0.0222976801	0.0096476569	-0.0373291271	-0.0028022596	-0.0018026754	0.0425949405	-0.0309045735	0.0303022802	0.0117999665	-0.0233527235	0.0413675754	0.1110796793	0.0463280512	0.1098716083	0.055462889	-0.0362017654	0.0628859388	0.0179267877	0.0804994423	-0.0510062796	0.0203768884	-0.0377746908	0.0018794008	0.1242150516	0.0158361913	-0.0238992563	0.0278761283	-0.0792786949	-0.0870058451	-0.0741868588	-0.0558509926	-0.1081050919	0.0067686413	-0.0433456241	-0.0148895566	-0.0083147358	-0.0443512473	-0.0394600144	-0.0370217232	0.0764162821	-0.0037015228	0.0409710071	0.0391413877	-0.033737165	-0.0184907463	-0.0322990468	0.0077897376	0.0060492222	-0.0934001574	-0.0718926188	0.1340649936	0.0739988264	0.0412521017	0.1055693365	0.0813179395	0.0430792734	0.0589822257	-0.1553984641	0.007299297	0.0056369691	-0.0522419407	0.019728643	-0.0339034503	-0.0184975799	-0.029754697	-0.1153139848	0.0371604339	-0.0478482485	0.0464217433	-0.0028277456	-0.0067303756	0.0207555339	0.0552793239	-0.0059346434	-0.0257691133	-0.0018333513	-0.1024992534	0.0431090121	-0.0006176147	0.0480261294	0.030534381	-0.0356084478	0.0278942827	0.1518684569	-0.030540215	0.0537924497	-0.0589253632	0.0232426462	0.0538319903	-0.0344671345	0.0357515839	0.0298666737	-0.0360389408	0.0397229562	0.0154444433	-0.0035897934	0.014202729	0.0096284612	-0.0520235806	0.0713004413	-0.0633998908	-0.0048651275	0.01769303	0.1201851356	0.056500423	-0.0774641465	0.030959967	-0.0081693667	-0.1261571625	-0.0980834402	-0.0332135948	0.0022334	0.0057041468	0.0313348321	0.067080573	-0.0378919313	0.094435304	0.038950169	-0.0507265575	-0.01596829	-0.0295097071	-0.0914722823	-0.0360546662	-0.0991721209	-0.0472264886	-0.0912617681	-0.0090646428	0.0140977843	0.0617202151	-0.02057925	-0.0598719963	0.0434611741	0.0178834097	0.0329110171	-0.0234077345	-0.0502023337	-0.0314860581	0.0352822008	0.0334898976	0.0044817019	0.0272743005	0.0213216021	-0.0832769341	-0.0594866269	0.0560147802	0.0851576666	-0.0169878336	-0.0929430287	-0.0256070703	0.0812075526	-0.0050345221818446	0.001094049886774	2.534641359948531e-05	1.196945154750203e-06	0.0538435583754193	0.0055446457894135	3.074309693006086e-05	0.0028991287785271	0.2456195663685818	0.0196128039128566	0.0003846620773241	0.0603289713830901	-0.0008403097036591	-0.0004170933846827	1.7396689154607077e-07	7.061203980636445e-07	0.0017960317449916	-0.0001239777371296	3.225730029017571e-06	1.5370479303776232e-08	-0.0024407509193576	-6.065233307309993e-05	5.957265050344968e-06	3.678705507210252e-09	0.0	0.0	0.0	0.0	0.0	0.0	0.0	0.0	0.0	0.0	0.0	0.0	0.0	0.0	0.0	0.0	0.0	0.0	0.0	0.0	0.0	0.0	0.0	0.0	0.0	0.0	0.0	0.0	0.0	0.0	0.0	0.0	0.0	0.0	0.0	0.0	0.0	0.0	0.0	0.0	0.0	0.0	0.0	0.0	0.0
6289.538137452479	-1.9546813905371887	3.8207793385124	39558289.98246919	13009.329654243047	-21.664284533404494	469.34122434430935	169242658.05276752	6131.095771340762	-1.2682395386545977	37590335.35735258	1.6084315274068268	7436.503646658989	7956.494942006757	1.008048	28.815844	0.0773354375971063	0.0406321719640573	-0.0018831522	-0.0177186392	-0.0743130824	-0.0051785423	0.0397488503	0.0114775691	0.0167760585	-0.0117327585	-0.0016034394	0.0313143991	0.0257519572	0.0261849419	-0.0170843137	-0.0109100481	0.0456468244	-0.0655199458	0.0186856305	0.0885617296	0.0165931883	0.0928373579	0.0206084823	0.067612738	-0.012132823	-0.0384777979	0.0990153866	3.25059e-05	-0.0159784744	0.0145006968	-0.0460396566	0.066065792	-0.017220229	0.0215856325	-0.1307139311	-0.0922862377	0.0381626949	0.0021936577	0.0440200991	0.0228196705	0.0696304897	0.045062634	0.0119920075	-0.0217819982	-0.021284108	-0.0197773185	0.0016089787	0.0251848216	0.0997767885	-0.068307075	0.0487090146	-0.0326625657	-0.086699691	-0.0431592673	0.0477765446	0.0098175986	-0.0755229538	-0.0933841949	0.0689164217	-0.1331245828	0.0778457421	-0.0476049333	-0.0539771349	-0.066737442	0.0871134344	0.0558451795	-0.0266017957	0.0778065701	-0.1054102444	-0.0581912938	0.0316019251	0.0884599361	-0.0479603144	-0.104965733	-0.0734009362	-0.1746262705	0.0140411781	0.0101376146	-0.0524209684	0.0448655007	0.0378766312	-0.0007823184	-0.0201456091	0.0268222636	-0.0524851026	0.017103075	0.0303655838	0.0457976316	0.0153350927	0.0149309103	0.0363502298	0.0945566294	-0.0240588428	-0.0399599987	0.0084847192	-0.0568091651	0.0163118812	-0.0168842162	-0.0102695456	0.1390952909	-0.0567118422	-0.0346785533	-0.0158560171	-0.0028220122	0.0368134148	0.016523794	-0.0680457348	0.0743540629	-0.0478379359	0.0781588663	-0.0111092375	0.0804843743	-0.0008560643	0.0507502698	-0.0719165634	0.1052300255	0.0628152345	0.0190501216	-0.0053419059	-0.0695646516	-0.0436781562	-0.0665221811	-0.0406318886	0.0059756088	0.0028667604	0.010759935	-0.0518832984	-0.012259924	-0.047615357	-0.0569601375	-0.0366193883	-0.1084347657	-0.0677183526	-0.1062798888	0.0111320969	-0.0358936791	0.0434886239	-0.0107696252	-0.0719109512	0.0695505	0.031579774	0.0007947577	0.0299617789	-0.0823696769	0.0227968056	-0.0610466208	-0.0071516724	-0.0205993145	-0.0502509525	0.0200878836	-0.0843750214	-0.0565187138	0.0599717842	0.0824128925	-0.0243881477	-0.0929430287	-0.015742114	0.0861460138	-0.016077433049034	-0.0110429108671894	0.0002584838534461	0.0001219458804206	0.0469532458831452	-0.006890312492274	4.7476406241188506e-05	0.002204607298963	0.2613499419200096	0.0157303755514278	0.0002474447149889	0.0683037921415923	-0.0013269315541989	-0.0004866218505398	2.368008254227795e-07	1.7607473495287085e-06	0.0018708282342652	7.479648927360017e-05	3.4999982821238462e-06	5.594514807655785e-09	-0.0027527693532685	-0.0003120184339109	7.577739112294275e-06	9.735550310021077e-08	0.0	0.0	0.0	0.0	0.0	0.0	0.0	0.0	0.0	0.0	0.0	0.0	0.0	0.0	0.0	0.0	0.0	0.0	0.0	0.0	0.0	0.0	0.0	0.0	0.0	0.0	0.0	0.0	0.0	0.0	0.0	0.0	0.0	0.0	0.0	0.0	0.0	0.0	0.0	0.0	0.0	0.0	0.0	0.0	0.0
6313.100185426895	23.5620479744166	555.1701047487094	39855233.9512371	13075.486413189745	66.15675894669766	4376.716754331462	170968344.9415096	6147.804873597388	16.709102256625556	37795504.76382779	279.19409822236923	7452.612487946247	8162.752771783644	1.095447	31.314196	0.0440597850290574	0.0213733549861692	0.0556930398	-0.0482270852	-0.0445557109	-0.0198100227	0.0183394827	0.0832915146	0.0146226522	-0.0131461518	-0.0323040014	0.0025969546	-0.0020676047	0.0438723176	-0.0917741116	0.0123145207	-0.0017331445	0.0086090784	0.018545599	0.0905408194	-0.0153056938	0.0766230311	-0.0207119475	-0.0013464876	-0.0545678732	-0.0167904274	0.0888634356	-0.0528821222	-0.0101355852	-0.0286405414	-0.0005604066	-0.0028911065	0.0566280338	-0.014162434	-0.0983278308	-0.0806950699	-0.0111106085	0.0348531045	-0.0429701324	0.0627001891	-0.0243687745	0.021836282	-0.0074224574	0.0235763689	-0.0650835421	0.0415746892	-0.0429726682	0.0837830573	-0.0271759783	0.0457229165	0.1948726385	0.1050220012	-0.0091149541	0.1194081919	-0.0652069366	0.0080465181	-0.0792856653	0.0492808405	-0.0360029494	0.036386875	-0.0050379262	0.0474549526	0.0200173872	-0.1344831785	-0.0576391777	-0.0033591419	0.0145544259	0.1429657653	0.1330892054	0.0066537496	-0.0383760028	0.0698322317	0.0660918348	0.0330092654	-0.0284253468	0.129052106	0.0923111201	0.0241478731	-0.0113120739	0.0109195398	0.0460965575	-0.0122206866	-0.0104080009	0.050795172	-0.0455823553	0.0398094565	-0.0206608331	0.1064045091	0.063771377	-0.0041215241	0.0267772124	0.1281762649	0.0358926394	-0.0252358864	0.0607651343	-0.0680305963	0.0218801848	-0.0789948698	-0.0409298697	-0.0336190389	-0.167708719	0.0058648328	0.009227044	0.001481299	0.0629092364	-0.090599143	-0.0788698758	0.0214040884	0.0604860058	0.0689734753	-0.0988552762	0.0093058973	-0.035680759	0.0041712093	-0.0275689776	0.0183260276	-0.0726380456	0.0550607232	0.112035361	-0.0034698516	-0.1071524997	-0.0054005138	-0.0418907582	-0.0746839555	0.0632791354	0.0460741211	-0.0493034155	-0.0094518101	-0.0347074542	-0.1136709585	-0.036345511	-0.0998375916	-0.0546283638	-0.1127535971	-0.0066983514	0.0023652406	0.1383652386	-0.008826982	-0.0475733301	0.0580901907	0.0340912856	0.046331266	-0.058300605	-0.1078897801	-0.0294580101	0.0242917586	0.0438370774	0.0025289045	0.0113189258	0.0188504498	-0.0854106889	-0.0534567308	0.0637513548	0.0792871898	-0.0316261628	-0.0921013223	-0.005690996	0.0897954726	-0.0249007694106211	-0.008823336361587	0.0006200483172409	7.785126454970506e-05	0.0413221639159218	-0.0056310819672234	3.170908412158858e-05	0.0017075212306943	0.2455470403469277	-0.0158029015730818	0.0002497316981285	0.0602933490231357	-0.0012859488281372	4.098272606170008e-05	1.679583835448351e-09	1.6536643885874378e-06	0.0017688629693972	-0.000101965264868	3.12887620450468e-06	1.0396915239601396e-08	-0.0028858706648821	-0.0001331013116136	8.328249494427053e-06	1.7715959153260647e-08	0.0	0.0	0.0	0.0	0.0	0.0	0.0	0.0	0.0	0.0	0.0	0.0	0.0	0.0	0.0	0.0	0.0	0.0	0.0	0.0	0.0	0.0	0.0	0.0	0.0	0.0	0.0	0.0	0.0	0.0	0.0	0.0	0.0	0.0	0.0	0.0	0.0	0.0	0.0	0.0	0.0	0.0	0.0	0.0	0.0
6253.084847072074	-60.01533835482133	3601.8408378436875	39101070.10468238	12981.384847325602	-94.10156586414269	8855.104698083584	168516352.55437475	6107.11673472286	-40.6881388745278	37296874.81153201	1655.52464507286	7425.811271203815	7971.728454712898	2.215704	63.33762	0.5769203626360646	0.4178314830502772	-0.1935358629	-0.0666815113	0.0399935831	-0.066411561	0.0939889885	-0.1132592376	-0.1130009675	-0.1577892471	-0.005997163	-0.1140014566	0.0890703519	0.0335276031	0.1152927016	-0.1202237557	0.0648735585	0.0642903913	0.0167185725	-0.0232639094	0.1766740941	0.0928575726	0.1720659339	-0.010113442	-0.009898525	0.0005883268	-0.0520090672	-0.0319375081	0.0212297061	-0.0109564553	0.0081542356	-0.0445413431	-0.0487147148	-0.0773123534	-0.1206529851	-0.1426773868	0.016517679	-0.0318422362	0.0810879816	-0.0278224396	-0.005643407	0.022927904	0.0651132541	-0.0163120007	0.0680788768	-0.0878544762	0.0328712108	-0.1175101421	-0.005746705	-0.0140003074	0.0781651426	-0.0759874039	0.0938341653	0.043287394	-0.1193741054	-0.0073927379	-0.0243992372	0.0124891289	-0.0691228779	0.0402964653	0.0334369922	-0.011855277	-0.0947823693	0.011114347	0.1591575208	-0.1734935368	0.0487294934	-0.0496058951	-0.075902534	-0.1486183063	0.0224265078	-0.0755867096	-0.1348518002	-0.0452924892	0.0981111571	0.1012275128	-0.1217387421	0.1225354998	-0.0934464842	-0.1300166022	-0.012951227	0.0505778373	-0.0971548254	-0.1842441552	0.0196330877	0.1267124985	0.1165841793	0.0921421774	-0.0803404429	-0.0278518256	0.0795467474	-0.0208234958	-0.0150553885	0.017606377	-0.0636883428	0.023323007	-0.0351202252	0.0788425473	-0.0415454893	-0.0037880701	-0.2409848597	-0.0281191178	-0.1324666319	0.0051463902	0.0537803867	0.0666487612	-0.0381022528	-0.0396315876	-0.1106495197	-0.0244664073	0.155764975	0.0548229578	-0.0515963018	0.0817516229	0.0392713313	-0.1466386072	-0.0381448988	0.1086608991	0.0837925597	0.0036603019	0.0714038023	-0.0197293137	0.1210968777	0.0051690122	0.0263609873	-0.1642124413	-0.0434244031	-0.0832755881	-0.0950625868	-0.0501379885	-0.0491183625	-0.0875290396	-0.0533309563	-0.0764706826	-0.2432182659	-0.0831485249	-0.0971886578	0.0958562948	0.1939472008	0.1551345825	0.0872212272	0.0310386221	-0.0053577372	0.0306549014	0.3082756532	-0.0462712482	-0.0151695987	-0.1554226188	0.0074780535	0.0176095295	-0.0863831703	-0.0503057744	0.0673423095	0.0757950062	-0.038653711	-0.090425532	0.0044274221	0.0921013223	-0.0126335148970468	0.0122672545135743	0.0001596056986539	0.0001504855333008	-0.0071929104926198	-0.0485150744085416	0.0023537124448663	5.1737961354840016e-05	-0.135400164518586	-0.3809472048655137	0.1451207728948476	0.0183332045516601	0.0007083750410189	0.0019943238691561	3.977327695085757e-06	5.017951987385283e-07	0.0015931719896611	-0.0001756909797361	2.538196988640708e-06	3.0867320360630707e-08	-0.0023520689368056	0.0005338017280765	5.532228283485825e-06	2.849442848974578e-07	0.0	0.0	0.0	0.0	0.0	0.0	0.0	0.0	0.0	0.0	0.0	0.0	0.0	0.0	1.0	0.0	0.0	0.0	0.0	0.0	0.0	0.0	0.0	0.0	0.0	0.0	0.0	0.0	0.0	0.0	0.0	0.0	0.0	0.0	0.0	0.0	0.0	0.0	0.0	0.0	0.0	0.0	0.0	0.0	0.0
6303.363238485003	50.27839141292952	2527.916643071745	39732388.11628415	12987.372540811852	5.9876934862495546	35.852473285275344	168671845.5138337	6127.5139814389295	20.39724671606928	37546427.59272956	416.0476735961989	7438.906624733174	8006.102780815862	1.767713	50.531452	0.5880162465049068	0.2782694979193691	-0.1749069825	-0.0864517229	0.0026148596	0.1142841061	0.0279733486	-0.0816663765	-0.1431529998	-0.1072902196	0.1632176465	0.0227821161	0.0134379886	-0.1659737556	0.1023344154	-0.2460522324	0.135851311	-0.0030944151	-0.0966453397	-0.1254994343	0.0607327608	-0.0255550734	-0.0796479262	0.011275029	-0.010491286	-0.1353528504	-0.0236353224	0.1431079663	-0.0949045581	0.0472204726	-0.09476398	-0.1392498483	-0.1121660354	-0.0767620622	-0.0107014721	-0.0108545641	0.1776784476	-0.0130369638	0.2397581216	0.1056046173	-0.0308546169	-0.0686596704	0.1068778415	-0.0680131057	-0.0474760985	0.0821150229	-0.0032793134	0.0381414852	-0.1486440958	-0.0995196565	-0.0407783142	-0.0001818859	0.0349871726	-0.0933253773	0.0084597138	0.0821917117	-0.0407719466	0.0736393281	-0.0091028258	-0.0142662775	-0.026404927	0.0514226715	0.0127199898	0.0456006074	-0.0442381063	-0.0751523856	0.0440340032	-0.0637119046	-0.0304666486	0.0489582098	-0.0241733596	-0.0847697964	0.052526065	-0.067641627	-0.1479860771	-0.0274022132	-0.1337039685	0.1629078651	-0.0730186705	-0.0003732094	-0.1253463041	0.0180642619	0.1288007929	0.0520450019	0.0071130032	-0.2463117023	0.1152770761	-0.0780740731	-0.163298516	0.2536272765	0.1516096705	-0.104324326	-0.2176678639	-0.0639509663	-0.0401688015	-0.0586640116	0.0906116735	0.2265165553	-0.0935187691	-0.0501794607	-0.0954481265	0.0646950698	-0.1012397937	0.0405821657	-0.0227073364	0.0616585441	0.0310965916	-0.0530902704	-0.1228535936	0.0006077906	-0.0141020199	0.0024539039	-0.055152959	-0.0087733822	-0.0591334769	-0.0434464501	0.1439164154	-0.0066306894	-0.0944625702	0.0194281485	0.0769782088	-0.0454750322	-0.1378526707	0.0475383286	0.0695859267	-0.2254935443	0.0132878372	-0.0173631267	-0.155800292	0.0469426887	-0.0122574198	0.001758181	0.0869509052	0.1651186921	0.0396589444	-0.2623401567	-0.1788474795	0.2891763828	0.1068997846	0.0260333925	-0.1251887613	-0.0865568984	0.1665418603	0.0921978105	0.2918953599	0.0730171399	0.0890135166	0.008143534	0.0228699022	0.0163653521	-0.0872917462	-0.047071089	0.0707340242	0.071952483	-0.0454240252	-0.0879308341	0.0144934828	0.0930290603	-0.05250890147542	-0.0398753865783731	0.0027571847341553	0.0015900464547747	0.0967527406423585	0.1039456511349783	0.0108046983898746	0.0093610928218074	-0.1455825526930354	-0.0101823881744494	0.0001036810289351	0.0211942796486204	-0.0018688556114457	-0.0025772306524646	6.642117836003107e-06	3.492621296432081e-06	0.0054020816436892	0.003808909654028	2.9182486085083805e-05	1.4507792752548457e-05	-5.7952830956180495e-05	0.0022941161058494	3.3585306158356323e-09	5.262968707117703e-06	0.0	0.0	0.0	0.0	0.0	0.0	0.0	0.0	0.0	0.0	0.0	0.0	0.0	0.0	0.0	1.0	0.0	0.0	0.0	0.0	0.0	0.0	0.0	0.0	0.0	0.0	0.0	0.0	0.0	0.0	0.0	0.0	0.0	0.0	0.0	0.0	0.0	0.0	0.0	0.0	0.0	0.0	0.0	0.0	0.0
6305.914510418301	2.551271933297357	6.508988477630836	39764557.81270408	13089.475591704602	102.10305089275062	10425.033001607622	171334371.26583055	6137.807774363	10.293792924070658	37672684.27503089	105.96217276364716	7446.294078050936	8193.87919440731	1.798848	51.421471	0.3809212533176702	0.2474812381288194	-0.0518035279	-0.0895374603	0.0270882491	-0.0108144511	-0.1374343895	-0.0248346386	-0.1075990977	0.0028738607	-0.0044249166	-0.094702357	-0.0450860058	0.0068971643	0.0070667671	-0.0927863807	-0.0560874222	0.0796235661	-0.058682391	-0.104618254	0.1052965645	0.037115224	0.0038600961	0.0705986364	-0.0778663471	-0.0364001713	-0.0543750141	0.1585912654	0.0064372053	0.0067627287	-0.0420364636	-0.0517889369	0.1122413712	0.2155035222	-0.0165387158	0.1262199053	0.0280010635	-0.0603104169	0.048845941	-0.0166728783	-0.0740808628	-0.0795940215	-0.0627892079	0.0545171125	-0.0235216977	-0.1546938271	0.0687983699	0.0407484887	0.0066641646	0.0424347036	-0.0594432521	0.0463897526	-0.0585022318	-0.1042067478	-0.0654236098	0.0340165755	-0.012555308	-0.0407993226	-0.0192348752	-0.0836591064	0.0346100205	0.0290380143	0.084067624	0.005042779	0.1238055058	0.0518484569	-0.0523423443	0.1198947776	-0.0081828682	0.0582800574	0.0297679511	0.1387195375	-0.0669189153	0.0200417128	-0.0137955605	-0.0570185904	-0.0402139573	0.0736669374	0.0746546482	-0.0902609213	-0.0681760621	-0.0395768835	0.0074549802	-0.0098949728	-0.0197230562	-0.0054711279	0.0144704221	0.0388298321	-0.086536573	0.0079676319	-0.1522232329	0.0049461888	0.0574394412	0.1021114147	0.0771958549	-0.0596877754	0.0265417822	0.0636821286	0.099077168	-0.0696313948	0.0909337209	0.0734113457	-0.1390802882	-0.1618946659	-0.0667941447	0.0411426441	0.1647851458	0.1080474589	0.0774204169	-0.0222265543	-0.0495679933	-0.0138170088	-0.0343344099	-0.0080374721	-0.1422817116	0.1188608177	0.0169476272	0.1888192059	0.0716776822	0.0479822151	0.0179727577	0.1375719711	0.0266899592	0.0438567811	-0.0035119633	-0.0780690142	0.0646467829	0.0283151733	-0.0915888773	0.0531763076	-0.0241347319	0.1135058772	-0.0127887568	0.0124670024	0.109878304	-0.0196801965	-0.0225512945	0.1260189864	0.0620160047	-0.0780867558	0.0772171332	0.0058536771	-0.0384180182	0.037058672	-0.0415268203	0.0855822382	0.0347576987	0.0745450054	0.0504197117	0.0151181479	-0.0881357445	-0.0437580584	0.073916464	0.0677773814	-0.0518920499	-0.0846398209	0.0243881477	0.0925648049	-0.0481502457245994	0.0043586557508205	0.0023184461633393	1.8997879954161452e-05	0.0565563281317196	-0.0401964125106389	0.0016157515787254	0.0031986182517427	0.0578920644106943	0.2034746171037297	0.0414019198055094	0.0033514911217319	-0.0035380401591887	-0.001669184547743	2.786177054424004e-06	1.2517728168032004e-05	0.0045674033582341	-0.000834678285455	2.086117343680813e-05	6.966878402102651e-07	-0.0002119213568077	-0.0001539685258515	4.49106614712165e-08	2.3706306952890032e-08	0.0	0.0	0.0	0.0	0.0	0.0	0.0	0.0	0.0	0.0	0.0	0.0	0.0	0.0	0.0	0.0	1.0	0.0	0.0	0.0	0.0	0.0	0.0	0.0	0.0	0.0	0.0	0.0	0.0	0.0	0.0	0.0	0.0	0.0	0.0	0.0	0.0	0.0	0.0	0.0	0.0	0.0	0.0	0.0	0.0
6228.833003755532	-77.08150666276833	5941.558669402399	38798360.588674165	12974.082216758428	-115.39337494617394	13315.630981468285	168326809.3672073	6101.124861174939	-36.68291318806132	37223724.571646914	1345.6361199628432	7418.535700079066	7943.606751546552	1.467198	41.940998	0.1427818016544791	0.0724264351663448	-0.0922770948	0.0378178218	0.109624754	-0.0792937562	-0.0835491548	-0.1416097977	-0.0716233926	0.0854098812	0.006707324	-0.0236028279	-0.0331005512	-0.0828422467	0.1389319116	-0.027095118	-0.090276832	0.0032752334	-0.0639389326	0.0035201386	0.0347295419	0.0168749228	0.026861588	-0.0043348528	0.0142870533	-0.1336643559	-0.0577821774	-0.1036854299	-0.0624012346	-0.0610295418	0.036708348	0.0638051199	0.0323113122	-0.0178022878	0.0912280797	0.049520841	-0.1302145923	-0.0932819009	0.0640057721	0.012088269	-0.0839816005	-0.015449171	-0.0955059784	-0.0283839304	0.0855468363	0.0363934206	0.1217421374	-0.0081505891	-0.1310486907	0.0372387175	0.010219703	0.0001863704	0.0118108587	-0.1030040116	-0.079016713	0.0606232961	-0.0035370905	0.0158073832	-0.0235587567	0.0215797243	0.002631101	0.1129105604	0.0169229063	0.0225734595	0.0488132689	-0.1216477263	-0.0184721841	0.0324390451	0.0708826824	-0.0182833173	0.0332513088	0.1170244858	-0.0047580024	-0.00888357	0.0593051814	0.0521017469	-0.1611088092	-0.014348922	0.0966105976	0.0085743823	-0.0594170446	-0.0523001875	0.0120099685	-0.0422773601	-0.0700442014	-0.0947562804	0.1130715403	-0.0141512806	0.008096173	-0.0076662658	-0.0387056173	0.0206749853	-0.0228933359	-0.0510889973	-0.0222175729	-0.0046421377	-0.0131186362	-0.0062042115	-0.0645354468	0.0170535768	0.1569286587	0.1191403755	0.0587955956	0.043187728	-0.0617965918	0.0100765351	0.0116681614	0.0404589252	-0.1224315858	0.0017143677	0.0590687656	0.0481315465	-0.0858036758	-0.0683871111	0.0372372961	-0.0607074161	-0.0616216015	0.0599570753	-0.0062812615	0.0051801475	0.0001891794	-0.0219592963	0.0211788202	0.0374484164	0.0759941881	-0.0717520914	0.0795811987	0.0356336251	-0.0314818644	0.0681566767	0.0502802765	0.0438952342	0.0184609682	-0.006028716	0.0085601372	0.0698323187	-0.0868615033	0.1119548283	-0.0040709291	-0.1257777874	0.0258236959	-0.0964403318	0.0917375432	0.0672170381	-0.0170588081	0.0305930998	0.0638922524	0.0391619542	-0.0281035712	0.0138681475	-0.0889145408	-0.0403721968	0.0768802134	0.0632889993	-0.0580147416	-0.0805822964	0.0339944055	0.0907155029	-0.0227808159087743	0.0253694298158251	0.0005189655734694	0.00064360796918	0.0275914250316589	-0.0289649031000607	0.0008389656115959	0.0007612867352776	0.1088076532611808	0.0509155888504865	0.0025923971879917	0.0118391054082053	-0.003818073489298	-0.0002800333301093	7.841866597210419e-08	1.4577685169680205e-05	0.0043309886380134	-0.0002364147202206	1.8757462582601164e-05	5.589191993703177e-08	2.2268190624436792e-05	0.0002341895474321	4.958723136862545e-10	5.484474412646906e-08	0.0	0.0	0.0	0.0	0.0	0.0	0.0	0.0	0.0	0.0	0.0	0.0	0.0	0.0	0.0	0.0	0.0	0.0	0.0	0.0	0.0	0.0	0.0	0.0	0.0	0.0	0.0	0.0	0.0	0.0	0.0	0.0	0.0	0.0	0.0	0.0	0.0	0.0	0.0	0.0	0.0	0.0	0.0	0.0	0.0
6245.184034395838	16.351030640305908	267.3562030002226	39002323.62347268	12929.864306832862	-44.217909925566346	1955.2235581854989	167181390.99311045	6106.743187997856	5.61832682291697	37292312.36415821	31.56559628910829	7401.978968223216	7756.441658216907	1.182179	33.793507	0.100412244112915	0.049895568819839	-0.033915601	0.0715107413	0.0117476225	0.0612118439	0.0133470761	-0.0434673882	0.0381221998	-0.0469408893	0.0615314084	-0.013929435	-0.0424676323	-0.0892607687	0.08257382	0.0106814878	0.0145041883	-0.0649106323	-0.1352553528	-0.0755336891	0.0035282373	0.0145755741	0.0028829186	-0.0283960542	0.0323487234	-0.0475785193	0.0008996897	0.0107896977	-0.001891627	0.0380831172	0.0087120983	-0.0173048319	0.1357521528	0.1376963678	-0.0349098869	0.000275938	-0.0406425213	0.0255385696	-0.1351555151	0.034963256	0.0786437585	-0.1628797358	-0.0943490679	-0.0854559699	0.1094241267	0.0942024702	-0.1038494713	-0.1103902058	0.0438149713	0.0458181203	-0.1200679713	0.0289185654	0.0938035216	-0.0627526786	0.0464049532	0.0277138876	0.0610954284	-0.0455179883	0.0138237194	-0.0098880805	0.088277702	-0.0217853652	0.0333000737	-0.0839049511	0.0293692627	0.1182890155	0.0943980831	-0.0286372276	-0.057273423	-0.0534287129	-0.0933046694	0.0937865519	-0.0426380763	0.0629969851	0.0526495599	0.0966729116	-0.0313157394	-0.0396695357	-0.0759725221	0.029919251	-0.1283958007	-0.0254235621	0.024791041	-0.00086199	-0.0080128639	-0.0795754506	0.0476850194	-0.011330081	-0.0150016557	-0.0559520713	-0.1237432845	-0.0199371888	0.0573968418	-0.0128254171	0.0038879137	0.0168248639	-0.0834099843	0.0437718527	0.0750110253	-0.0377450413	0.0686484067	0.100395855	-0.0328261902	-0.0068438291	0.086005499	-0.0507213987	0.0499481165	0.1674809978	0.042975537	-0.0414179256	-0.0431040832	0.0081148501	0.103726114	-0.0936634011	0.0667616463	-0.0247323312	-0.0750757654	0.0516489538	-0.0822491514	0.005931347	0.0388080758	-0.1542003487	0.0394618448	0.0097747162	-0.2541460815	-0.0463136762	0.0703829563	0.035292423	-0.0430615948	0.0998671236	0.017250244	-0.0205339448	0.0120814667	-0.0215494218	0.0622834888	0.0648570963	-0.0336216938	0.033017674	-9.64756e-05	-0.1312942011	0.00726076	-0.0240113225	0.0443124761	0.0408430685	-0.0266328128	0.0177767054	-0.0499628531	0.0468875482	-0.0385619945	0.0126155821	-0.0896275589	-0.0369191397	0.0796165037	0.058508083	-0.0637513548	-0.0757950062	0.0431986551	0.0875088252	-0.0234336653886941	-0.0006528494799198	0.0005491366735492	4.262124434315563e-07	0.0554300414367361	0.0278386164050771	0.000774988563349	0.0030724894936782	0.140416678041312	0.0316090247801311	0.0009991304475509	0.0197168434721574	-0.0041851134988513	-0.0003670400095533	1.347183686128868e-07	1.7515174998267373e-05	0.0041159515335171	-0.0002150371044963	1.6941057026261767e-05	4.6240956310152664e-08	-0.0002018897642817	-0.0002241579549061	4.07594769217204e-08	5.0246788747701663e-08	0.0	0.0	0.0	0.0	0.0	0.0	0.0	0.0	0.0	0.0	0.0	0.0	0.0	0.0	0.0	0.0	0.0	0.0	0.0	0.0	0.0	0.0	0.0	0.0	0.0	0.0	0.0	0.0	0.0	0.0	0.0	0.0	0.0	0.0	0.0	0.0	0.0	0.0	0.0	0.0	0.0	0.0	0.0	0.0	0.0
6282.164851325386	36.98081692954747	1367.580820776705	39465595.2192281	13003.000842477391	73.13653564452943	5348.952846083524	169078030.90946776	6134.783169416041	28.03998141818556	37635564.53575033	786.2405579321916	7425.08167074099	7860.200143297257	1.155446	33.029335	0.0673771574081207	0.0287953676105539	-0.0377327062	-0.0094969498	-0.0746328016	0.1323425667	-0.0616121807	0.002670129	-0.0031862192	-0.0892124317	0.0588422408	-0.035529916	-0.0648981742	0.0167886461	-0.0041513683	-0.0764740658	-0.0551855706	-0.0011736379	-0.124338743	-0.0509672883	0.0188350692	-0.009194744	-0.1299633755	0.0091725773	-0.0223570907	0.0415286163	-0.0009743904	0.0137864948	-0.0222947751	0.0369905794	-0.0600930756	0.030944259	-0.0511253937	-0.023851455	-0.0194066363	-0.0131534523	-0.0890805751	-0.0750770564	-0.0525631118	-0.011708274	0.0482373635	0.0358761416	0.0052463288	0.0262525511	0.1208785444	-0.0366289553	0.0565261701	-0.0327481931	-0.0269664349	0.085118505	-0.0112346764	0.0857263375	0.0777483997	-0.0058360399	-0.0855161119	-0.0887961603	0.0339284604	-0.1231037918	-0.0929187906	0.037338995	-0.0072442891	-0.0430554064	0.0503856386	0.0033693144	-0.0510712411	0.0468115626	0.0073882508	-0.0613690978	0.0699886182	0.062581586	-0.0972325967	-0.0697264448	0.0676098573	-0.0036179091	-0.0054386586	0.0389188481	0.0027877061	0.0581900091	-0.017706098	-0.0009328542	-0.1321554617	-0.074306026	-0.0412741425	0.0958377695	0.0592729871	-0.0136515919	-0.0066961428	0.006404955	-0.0577958761	-0.0168987314	-0.0055823362	-0.0509330148	0.0725956591	-0.0234261179	0.075504548	0.0274989695	0.048991094	0.0112523034	0.0822749031	0.0710745835	0.0314421691	0.0473241863	0.0174642559	0.1137140695	0.0263832363	0.0024825954	0.007686808	-0.0862504401	0.0060712134	-0.0323629814	0.1045124738	-0.0385301959	0.0092448747	-0.0897499348	-0.0404842621	-0.0815225864	-0.0392011003	0.0345435184	-0.0738384378	-0.0876240428	-0.1014979431	0.0543809507	0.0162825117	-0.0053818384	-0.0941248062	-0.0527724237	0.0769131553	0.0395022798	-0.0710766782	0.0690738479	0.0129215219	0.0471625611	-0.0395511619	0.0301181477	0.1042810958	0.0448048883	0.0294258557	0.0540675899	0.0717222816	-0.0963873975	-0.0284036907	-0.0359887569	0.0374054845	0.0222626109	-0.0326214285	-0.0362895808	-0.0392527505	0.010711885	-0.1062196501	0.0113606834	-0.0902742713	-0.0334046344	0.0821172393	0.0534567308	-0.0690637132	-0.0703213046	0.0518920499	0.0829927534	-0.0355783467692418	-0.0121446813805476	0.0012658187588324	0.000147493285835	0.0410364600815995	-0.0143935813551365	0.0002071751842269	0.0016839910560287	0.1402120421848423	-0.0002046358564697	4.1875833753091455e-08	0.0196594167736439	-0.0038444174220945	0.0003406960767568	1.1607381671747554e-07	1.477954531530372e-05	0.003789135482326	-0.0003268160511911	1.4357547703421889e-05	1.0680873131614382e-07	-5.671671591026537e-05	0.0001451730483714	3.216785863645749e-09	2.10752139734549e-08	0.0	0.0	0.0	0.0	0.0	0.0	0.0	0.0	0.0	0.0	0.0	0.0	0.0	0.0	0.0	0.0	0.0	0.0	0.0	0.0	0.0	0.0	0.0	0.0	0.0	0.0	0.0	0.0	0.0	0.0	0.0	0.0	0.0	0.0	0.0	0.0	0.0	0.0	0.0	0.0	0.0	0.0	0.0	0.0	0.0
6291.086754246125	8.92190292073883	79.60035172708807	39577772.54945104	13050.138344111405	47.13750163401346	2221.944060296621	170306110.80044675	6143.075940100976	8.292770684935022	37737382.00584749	68.77004563291767	7442.204538649018	8007.352958777643	1.179275	33.710503	0.1027464724550493	0.0557731702968481	-0.0195283377	-0.0274956851	0.0930790546	0.1280933467	-0.0673705714	-0.0048422408	-0.0618563943	0.0380378386	0.0699562346	-0.048012825	-0.0795893947	-0.0234180888	-0.0383374287	-0.0599507997	-0.1042903009	0.0510755067	-0.0029427497	-0.0105354317	0.0387571462	0.0182215985	-0.0520648851	0.0399310942	-0.0128364574	0.0995435985	-0.0274108693	-0.0818275238	-0.0889003238	-0.0702017281	0.1351640696	-0.0360610968	0.0978223763	-0.0777579226	0.0531825654	0.0403097286	0.0096127011	-0.0680965532	-0.1568916124	0.0194720226	-0.0007149556	0.1660007845	0.010908172	-0.0078431424	0.0040458529	0.0632319974	0.082058463	0.044627895	0.0316832933	-0.0384509256	-0.1152455032	-0.059019371	0.0519974835	-0.0164804147	0.1872396572	-0.0605764205	0.0143178211	0.0159592301	-0.0107839636	0.0418787304	-0.0041996847	-0.0344563887	-0.0276676504	-0.0850980105	0.0283502933	-0.0633002183	-0.0203109913	-0.0306605752	-0.0127773159	-0.0931124835	-0.0137104378	-0.0671109683	-0.004214575	0.0438834729	0.0655379039	0.0465157148	-0.0120592424	0.0523463123	0.1047387818	-0.0216062645	-0.0532471496	-0.0578261351	0.0414452088	0.0019311874	0.0964823243	0.0585637564	-0.0171543393	0.0540951102	-0.0596376637	-0.0598387462	-0.0163954734	0.0531941263	0.0720886651	-0.0657459436	-0.019260277	0.1167301134	0.0408778351	-0.0045756445	-0.0511424987	-0.0678303997	0.1460654036	0.1164498531	0.0085775207	-0.0444049971	0.0644788152	0.0201792683	-0.1143654601	-0.067752474	0.0242095551	0.0713674257	0.0688239721	-0.0790608988	0.0424621159	0.042070157	0.0087047635	0.1128467994	-0.0310780903	-0.1385132865	0.090904353	0.021852452	-0.0190043123	-0.0126439775	-0.007184092	0.0677894583	-0.0118040461	-0.0447392569	0.0717411536	0.0495261023	-0.0746436332	0.0837642876	-0.0058978909	0.1016960587	0.0257789898	0.0527211296	-0.0080780034	0.1107970779	0.1076194297	0.0284641315	0.0165485049	-0.0833771527	-0.0469151483	-0.0214007647	0.0087886193	0.0138093297	-0.0613220661	-0.0094348599	-0.0656814714	0.037941421	-0.0283412149	0.0101036834	-0.0908541996	-0.0298345303	0.0843750214	0.0481582911	-0.073916464	-0.0642107624	0.0599717842	0.0772348614	0.0159219800978291	0.0515003268670709	0.0002535094502356	0.0026522836674151	0.0542485331980344	0.0132120731164349	0.000174558876034	0.0029429033541382	0.1404039566546941	0.0001919144698518	3.6831163738501904e-08	0.0197132710442932	-0.0042911314172497	-0.0004467139951552	1.995533934675201e-07	1.841380884010742e-05	0.003953962658002	0.000164827175676	1.563382070087424e-05	2.7167997841327103e-08	-0.0002020187051129	-0.0001453019892026	4.0811557215492854e-08	2.1112668066242548e-08	0.0	0.0	0.0	0.0	0.0	0.0	0.0	0.0	0.0	0.0	0.0	0.0	0.0	0.0	0.0	0.0	0.0	0.0	0.0	0.0	0.0	0.0	0.0	0.0	0.0	0.0	0.0	0.0	0.0	0.0	0.0	0.0	0.0	0.0	0.0	0.0	0.0	0.0	0.0	0.0	0.0	0.0	0.0	0.0	0.0
6266.944472245792	-24.14228200033267	582.8497801835869	39274593.01821209	12984.429264579232	-65.70907953217284	4317.683132965415	168595403.3268616	6118.324376324423	-24.751563776553667	37433893.17392564	612.6399093848036	7419.048701885536	7955.901903103244	1.079686	30.863668	0.0435703937028508	0.0258136968856039	-0.0225129597	0.0039619253	0.0975540632	0.0231907046	-0.0447628796	-0.0432763025	-0.0373078868	0.0259267421	0.0316026692	-0.0336178752	-0.0528514075	-0.0287974256	0.0544142516	-0.0381605096	-0.0787409501	-0.0071821616	-0.0409998689	-0.1262660939	0.0440969079	-0.0334329089	0.0134111626	0.0333848611	0.0090479756	-0.0320154926	0.0538066815	-0.0006661908	0.0034998267	0.0256316581	0.0266132308	-0.0270596189	0.0668830528	0.0745875535	-0.0073225531	0.0327194492	-0.0079536767	-0.0644397717	-0.1367031006	0.0881384404	0.0110523866	-0.0531398114	-0.0086961557	0.0302595342	0.0020899842	0.0718646776	-0.0147628032	0.1810787607	-0.0250968399	-0.0234736388	-0.0496042671	-0.0298429982	0.0186036795	-0.018451097	-0.0044788083	-0.0643563549	-0.1421379584	0.0678115886	0.0697464809	0.0152423819	-0.0749416249	0.0728676496	-0.0693839058	0.0190012793	-0.0927817886	-0.0347288481	0.0405555756	-0.0957158469	0.0357718351	-0.0691999303	-0.0700779302	-0.0290201138	0.0753342443	-0.106891064	0.0441930338	0.103986577	-0.051843574	0.0100869322	0.0547437869	0.0026208505	-0.0764714963	-0.0293705164	0.0025129179	-0.039157197	0.0452671217	-0.0255499902	0.0403450804	0.0624530457	-0.0854654384	0.0627490463	-0.0863615262	0.021633875	0.0244410403	-0.0290274758	0.0370657126	0.0519979579	-0.0536917469	-0.0334239221	0.0279381032	-0.0585329907	0.0754521277	0.119284952	0.0298632114	-0.0393910949	-0.0225013759	-0.0118402248	0.0181584156	0.0697835429	0.0038466396	-0.0390530546	-0.0302076561	-0.0072174096	0.0951461284	-0.081419809	-0.0324737026	-0.0445918399	0.0233228645	-0.0816436741	-0.0206525701	-0.0183834702	-0.0430552132	0.0192153486	-0.0670857243	-0.0671724247	0.085780701	-0.0367887583	0.0711600336	0.042904228	-0.0415953407	0.0764884868	0.0031710948	0.0581016691	0.0218626267	0.0063256658	-0.0201771718	0.1147924752	0.0383531043	0.07661421	0.0587622884	-0.0944322137	-0.013103217	-0.0224431152	0.0098418383	0.0185766729	-0.0489629676	-0.0255240223	0.013342521	0.0405699238	0.0062178866	0.0088448147	-0.0913669149	-0.0262147696	0.0863831703	0.0426372543	-0.0782773129	-0.0575187176	0.0673423095	0.0703213046	0.0205536864451261	0.0046317063472969	0.0004224540264845	2.1452703687591315e-05	0.0560793448399437	0.0018308116419092	3.35187126815062e-06	0.0031448929176773	0.1401371768550845	-0.0002667797996095	7.117146147973594e-08	0.0196384283369132	-0.0040248314884603	0.0002662999287893	7.09156520732394e-08	1.6199268510501558e-05	0.0038456990769979	-0.0001082635810041	1.47894013908225e-05	1.1721002971831374e-08	0.0001602397033743	0.0003622584084871	2.567676253748365e-08	1.3123115451967906e-07	0.0	0.0	0.0	0.0	0.0	0.0	0.0	0.0	0.0	0.0	0.0	0.0	0.0	0.0	0.0	0.0	0.0	0.0	0.0	0.0	0.0	0.0	0.0	0.0	0.0	0.0	0.0	0.0	0.0	0.0	0.0	0.0	0.0	0.0	0.0	0.0	0.0	0.0	0.0	0.0	0.0	0.0	0.0	0.0	0.0
6260.1685273228095	-6.7759449229824895	45.91342959929218	39189709.99048303	12980.798510453831	-3.630754125400927	13.182375519115848	168501129.9690004	6108.906286102494	-9.41809022192865	37318736.01238257	88.70042342838806	7405.800826681492	7920.403799241589	0.871989	24.926474	0.0867860684929861	0.0403550640152795	-0.0223013047	0.0298736159	0.126754645	0.0116137741	-0.0112030172	-0.0523004777	-0.0315497133	0.0391953332	0.0528198669	-0.0326764976	-0.0041804431	-0.0546705134	0.0748768471	-0.0021532757	-0.0094632472	-0.0314157776	-0.0770475623	-0.0804397012	0.0245337916	-0.1139310029	0.0325738701	0.1321510095	-0.0143533782	0.0707273212	-0.0220072155	-0.0763153467	0.057333358	0.0098987064	-0.0097612095	0.026037629	-0.0525060703	0.0426623386	0.0372958343	0.0659718851	-0.0084107516	0.089441122	-0.1284554281	0.0188938821	0.0091102101	0.1030734943	0.0017605477	0.0178039152	0.0058383186	0.0399261911	0.0052561039	-0.0161990322	0.0395806488	-0.0052471815	-0.0354962413	0.0851576941	-0.1371744184	0.0878252039	-0.112322254	-0.0979184125	-0.0657198197	-0.0105860783	0.013934499	-0.0013124206	0.0548851842	0.1621512683	-0.0160832982	0.1223252336	0.0573442108	-0.0123731024	0.0473518074	-0.0127615096	-0.0560973633	0.0525247899	-0.0498460101	-0.0858426807	-0.0069525553	0.0480483122	0.0584766071	-0.1147143628	-0.0500950325	-0.0214637493	0.0150322466	0.0186204228	-0.1013493897	0.0383103226	0.0538395156	-0.1105834531	0.0170320086	0.0060152651	0.076669418	-0.0131521762	-0.0008380275	0.0312324425	-0.140716973	-0.0488720019	0.0773508456	0.0140587919	-0.0175458254	0.0577591057	-0.0514506219	-0.1765168988	0.1547442038	-0.0078308655	0.0282678708	-0.0175466062	-0.0203760967	0.0052417478	-0.025011234	-0.0934311156	0.0385011725	-0.0199282211	0.0975208451	0.0367774023	0.0789837861	-0.0027610061	0.0898575073	0.0555669636	-0.075004058	0.039742356	-0.0299534718	-0.0640854068	0.0260234079	-0.065298868	0.0044677533	0.0317218096	-0.0585300717	0.0405226563	0.0548474626	-0.0322411115	0.0677184311	0.0407453764	-0.0466986933	0.11459493	-0.0074683548	0.026730403	0.0445082389	-0.0090270708	-0.0609490672	0.1221876743	0.020332238	0.0498446544	0.0017875733	-0.0997857757	-0.0045977461	-0.0133787703	-0.0162568795	0.0257758458	-0.0916192273	-0.023597707	-0.0632509256	0.0400280869	0.0325533927	0.0075843101	-0.0918120377	-0.022551377	0.0881357445	0.0369191397	-0.0821172393	-0.0503057744	0.073916464	0.0623555305	0.0019595474231834	-0.0185941390219427	3.839826103704703e-06	0.0003457420059673	0.0736602466072611	0.0175809017673174	0.000309088106952	0.0054258319302425	0.1575766487434506	0.017439471888366	0.0003041351797451	0.0248304002292168	-0.0041221221533463	-9.729066488599945e-05	9.465473473959844e-09	1.6991891047108335e-05	0.0040489422857608	0.0002032432087629	1.6393933633421893e-05	4.1307801908239873e-08	-0.000202657539284	-0.0003628972426582	4.1070078228646e-08	1.3169440872899704e-07	0.0	0.0	0.0	0.0	0.0	0.0	0.0	0.0	0.0	0.0	0.0	0.0	0.0	0.0	0.0	0.0	0.0	0.0	0.0	0.0	0.0	0.0	0.0	0.0	0.0	0.0	0.0	0.0	0.0	0.0	0.0	0.0	0.0	0.0	0.0	0.0	0.0	0.0	0.0	0.0	0.0	0.0	0.0	0.0	0.0
6245.82853323614	-14.33999408666932	205.6354304057111	39010374.06658671	12965.558105949342	-15.24040450448956	232.2699294604657	168105696.9987487	6100.49038217582	-8.415903926674218	37215982.90301968	70.82743890301053	7402.793057467098	7919.945651972678	1.016451	29.056044	0.1032946227158443	0.0569829572184378	-0.0072481799	0.0468647051	0.0129727471	0.0083242412	-0.0330521567	-0.0292517619	0.0063354328	-0.0100135764	0.0057833637	-0.0231502771	-0.0458013186	-0.0329145976	0.091976586	0.0456110199	-0.0540008008	-0.0692236726	-0.0923884861	-0.1287132656	0.0505036122	-0.0577159455	-0.0217596527	-0.0016504945	-0.0196226624	-0.0049829642	0.0012909498	-0.1029802954	0.0482054601	0.0740729644	0.0034468832	-0.0053962151	0.0115029438	-0.1306054845	0.0276208506	0.0937210541	-0.0006931664	-0.0463682792	-0.0647729071	0.0107327341	0.055464489	0.0354254611	-0.0217470682	0.0172023653	0.0660289287	0.0232406648	-0.0862753045	-0.040005622	-0.0698060649	-0.0125164397	-0.0009380938	0.0722996886	-0.0739126915	0.0063173835	0.0998001885	0.011090992	0.1411960343	-0.0147864435	0.0172148407	-0.0622386324	-0.0753991466	-0.1451857888	-0.0361663601	-2.64107e-05	-0.0271954351	-0.0589597977	0.021143875	0.0474990971	-0.022501969	-0.0025158988	0.0093706262	-0.0199846956	0.0111111455	-0.1442045931	0.0219373139	0.0119921889	-0.0393975845	-0.0456296272	-0.0158265305	0.0524351357	-0.1119482489	-0.0440037335	-0.0344791856	-0.0757406109	-0.0090742466	-0.0755197328	0.0492709009	-0.0233365696	-0.0219759148	0.0618392718	-0.1267087244	-0.0152331964	0.077699514	-0.0750054182	0.0306307943	0.0302788824	0.0147782625	0.0395746412	0.0601033676	0.0479198205	0.0524609088	0.0211209926	0.0777371422	0.0968785766	0.1316770966	-0.0364627578	0.0216065293	-0.0787753977	0.0206073627	-0.0069886406	-0.0195141644	-0.08291319	0.0612282493	-0.1011406403	0.0747548742	-0.019995157	-0.0123241079	-0.0490810805	0.0928006932	0.1010686273	0.0872917918	0.007947934	0.0215089543	-0.0076890908	0.024253496	-0.0105937143	0.0599152703	0.0624707903	-0.0117400826	0.1009847454	-0.013048892	-0.014829543	0.0090749835	-0.0730613927	0.0468343502	0.0865391412	-0.0066237487	0.0678082603	0.0577242028	-0.1343898793	0.0103160502	-0.0086383062	0.0114983454	0.0281667042	-0.0676910464	-0.0218121504	-0.0395172599	0.0346706918	-0.0105872965	0.0063224028	-0.0921892388	-0.0188504498	0.0896275589	0.0310303776	-0.0854106889	-0.0426372543	0.0796165037	0.0534567308	0.0245603436327286	0.0226007962095452	0.0006032104793577	0.0005107959893053	0.094045305433994	0.0203850588267329	0.0004155506233693	0.0088445194741732	0.2024027882778369	0.0448261395343863	0.0020093827855562	0.0409668887026428	-0.0043721143235207	-0.0002499921701743	6.24960851485061e-08	1.9115383657934865e-05	0.0041069689590291	5.80266732682997e-05	1.6867194030428568e-05	3.3670948105860073e-09	-0.0002010238198231	1.633719460899998e-06	4.041057613627017e-08	2.66903927692338e-12	0.0	0.0	0.0	0.0	0.0	0.0	0.0	0.0	0.0	0.0	0.0	0.0	0.0	0.0	0.0	0.0	0.0	0.0	0.0	0.0	0.0	0.0	0.0	0.0	0.0	0.0	0.0	0.0	0.0	0.0	0.0	0.0	0.0	0.0	0.0	0.0	0.0	0.0	0.0	0.0	0.0	0.0	0.0	0.0	0.0
6286.596854985424	40.76832174928404	1662.056058253146	39521300.01711263	13020.485207384963	54.92710143562181	3016.986472119087	169533035.03573066	6137.859688553156	37.369306377336216	37673321.55636585	1396.4650591232212	7434.695345178793	7824.650545993928	1.175575	33.604729	0.0622502589728798	0.0284063535067445	0.0033304914	0.0109537852	-0.0502458205	0.1355932595	0.0085842488	0.0432814323	0.0257403299	-0.1246956159	0.034405728	-0.049537347	-0.0094925693	0.0001842613	-0.0344975605	-0.0259506705	-0.0110447775	-0.0179209622	-0.0812369468	-0.124495204	0.0188009199	0.0296315085	-0.030808643	0.0327696313	-0.0121438123	-0.0563099192	0.0632811423	-0.0793113967	0.0023680286	0.0240126286	-0.0316136166	-0.0265695061	0.0702028009	-0.087630727	-0.0742656867	0.0839501937	0.101651425	-0.0548867507	-0.0383941719	-0.0899606661	0.0017249941	6.26303e-05	0.00571107	0.0547005104	0.0566681702	-0.0270946976	0.0198217865	0.0128152789	0.0218827144	-0.1156881175	-0.0037462211	0.0126577239	-0.0300428498	-0.0189610011	0.0796760216	-0.0522592093	0.1795542708	0.0476445797	0.0290955957	0.0130246514	-0.1083803071	-0.0099970906	-0.0047012378	-0.0192467525	0.0616329832	0.056544834	-0.0905949604	-0.0100897216	-0.0777723146	-0.0189946112	0.1189334633	-0.0098226717	0.0651350692	0.104552028	-0.0312398669	-0.0629805045	0.0503815671	0.0201142731	-0.0689962979	-0.0505920103	-0.0804531711	-0.0233729413	-0.0361091838	0.021828287	0.0846546995	0.0065195497	-0.0337032109	0.0566702573	-0.0582902104	-0.0311155258	-0.1335006655	-0.0454766163	0.0181831635	-0.0955605727	0.0463860456	0.0406467991	-0.0050043217	-0.0301638919	-0.0074921261	0.0654563031	-0.0633374871	-0.0455655099	-0.0515466957	-0.0691161041	0.1453841019	0.1219106711	-0.0307092845	-0.1038615487	-0.0212491631	0.0530750029	-0.0436645528	-0.1037973352	-0.033535331	-0.0207040832	0.0819624788	0.018402476	-0.0022986774	0.0156588427	-0.0294693947	-0.0102604162	0.0415189512	-0.0614493766	0.0259240349	0.062933379	0.0580464791	-0.0134510089	0.0532037603	0.058534446	-0.05803626	0.113701491	-0.0466361076	0.0107477291	-0.0137792495	-0.0018772069	0.0443061722	0.0668656157	0.0732260145	-0.0157398722	0.0341493486	-0.0770525084	-0.020804919	0.0188230956	-0.0519788993	-0.017990902	-0.0792262212	-0.1157936702	-0.1243453773	0.0173590892	-0.0367441475	0.005059326	-0.0924982391	-0.0151181479	0.0908541996	0.024998187	-0.0881357445	-0.0345826047	0.0843750214	0.0437580584	0.0102939672027702	-0.0142663764299584	0.0001059657607717	0.0002035294964412	0.0736728719288777	-0.0203724335051163	0.0004150360469203	0.0054276920582488	0.1891204267610717	-0.0132823615167651	0.000176421127462	0.0357665358182898	-0.0043378051528916	3.430917062909999e-05	1.177119189256697e-09	1.8816553544452917e-05	0.0039427703458525	-0.0001641986131765	1.5545438000133844e-05	2.6961184569118623e-08	-0.000112949853208	8.80739666151e-05	1.2757669339708749e-08	7.757023595317748e-09	0.0	0.0	0.0	0.0	0.0	0.0	0.0	0.0	0.0	0.0	0.0	0.0	0.0	0.0	0.0	0.0	0.0	0.0	0.0	0.0	0.0	0.0	0.0	0.0	0.0	0.0	0.0	0.0	0.0	0.0	0.0	0.0	0.0	0.0	0.0	0.0	0.0	0.0	0.0	0.0	0.0	0.0	0.0	0.0	0.0
6295.086705455192	8.489850469767589	72.07756099901295	39628116.6291987	13125.370510311575	104.88530292661198	11000.92677000716	172275351.03295675	6141.195499395233	3.3358108420770805	37714282.16179226	11.127633974119	7447.282787068174	8097.751984356296	1.217854	34.813293	0.0925458570334879	0.0518663631244264	0.0292796844	-0.031687228	0.0331488199	0.0727116072	-0.1308835773	0.0212335459	-0.0831236907	0.0469247966	-0.0019678743	-0.0547721145	-0.0978275711	0.0558917563	-0.0512830244	-0.0581794535	-0.1361356387	0.0420689056	0.0242166541	-0.0772769363	0.0251166075	-0.024872076	-0.0218455119	-0.0048734847	-0.0296063259	0.0859842787	0.006886906	-0.083939691	-0.0486229213	-0.0450664897	-0.1509732801	-0.0630097925	-0.0378327871	-0.0166001123	-0.0566264761	-0.0533503127	-0.0259433771	-0.0612333562	0.0824582404	-0.0396400677	-0.0274026616	-0.0906426614	0.0762571184	0.0208423045	-0.0015335483	-0.0204845645	-0.0212206727	0.0962233	0.0130435175	0.0829440758	0.0304166337	0.1115807079	-0.0300390398	0.0045001941	-0.0132175835	-0.1065791504	0.0364433302	-0.0374440936	0.0255554019	0.0818169087	-0.0605785647	-0.0985690887	-0.0994798079	0.0597634718	-0.1172381572	0.0943121154	-0.0187196684	-0.0449832341	0.1239142811	0.0069726259	-0.0488005144	0.0263454568	-0.0041319751	-0.0752815466	0.0973109238	-0.0498213992	0.0096449489	0.0562410109	0.1300291626	-0.0136585615	-0.0394645547	-0.0913737658	-0.0419116225	-0.0240182424	0.1118943895	0.0139342467	-0.0156651879	-0.0276009805	-0.0371407031	0.0666474987	0.0018424149	0.0534287511	0.0394916476	0.0896706515	-0.0220545423	0.0041143845	0.1357089285	0.0087287241	-0.0564894455	0.183655501	-0.0520859287	0.1487083793	-0.0431451769	-0.015591819	-0.0169711859	0.0541616458	-0.0090420243	-0.071055858	0.0673042876	-0.0539274118	0.0738627106	-0.0422697332	0.0465334142	-0.061117275	0.0351764317	-0.0087538298	0.1392965976	0.055228309	0.033667689	0.0202011487	-0.0439380157	0.0666114374	-0.0311967483	-0.118936453	0.0648066915	0.0107578913	0.0695571241	0.1017074885	-0.0275540747	0.0433662446	-0.014093262	0.104588735	-0.0353335512	-0.0035774467	0.04208651	0.0912013995	0.1757034458	0.0596208634	0.1220568973	-0.0530198774	-0.0355607052	-0.0220117723	-0.0207579591	-0.0539348995	-0.0360714062	-0.0735420218	-0.0423757607	0.0137605061	0.0022632212	0.0037953135	-0.0927388101	-0.0113606834	0.0918120377	0.0188504498	-0.0902742713	-0.0262147696	0.0881357445	0.0334046344	0.0467114181217738	0.0364174509190036	0.0021819565829471	0.001326230731438	0.0708243171829252	-0.0028485547459524	8.114264140688498e-06	0.0050160839044275	0.2165201322179797	0.0273997054569079	0.0007507438591253	0.0468809676556914	-0.0042579633399782	7.984181291339956e-05	6.374715089298296e-09	1.813025180459831e-05	0.0035850914802713	-0.0003576788655812	1.2852880921913862e-05	1.279341708834543e-07	-3.286761347012172e-05	8.008223973787827e-05	1.080280015221327e-09	6.413165121435009e-09	0.0	0.0	0.0	0.0	0.0	0.0	0.0	0.0	0.0	0.0	0.0	0.0	0.0	0.0	0.0	0.0	0.0	0.0	0.0	0.0	0.0	0.0	0.0	0.0	0.0	0.0	0.0	0.0	0.0	0.0	0.0	0.0	0.0	0.0	0.0	0.0	0.0	0.0	0.0	0.0	0.0	0.0	0.0	0.0	0.0
6278.110036783537	-16.976668671654807	288.2072791871458	39414665.63396218	13041.878971610482	-83.4915387010933	6970.837034676161	170090607.11013567	6127.457446927338	-13.738052467894704	37545734.763905294	188.73408561062777	7455.346013113699	7996.952806829637	1.931916	55.225315	0.4819561347220947	0.2985219008186682	-0.0009911356	-0.0151494645	-0.0604914559	-0.0511523594	0.128428642	0.0241451403	0.0218269682	-0.0840814967	-0.0434818971	-0.0919480138	0.0305623028	-0.1755277823	-0.0394695758	0.077617516	0.1794975676	0.039729773	0.0044972282	-0.0432568595	0.117951793	0.0401508699	-0.0631652642	-0.0429596555	-0.0720515737	-0.023376779	-0.0320521113	-0.1535030647	0.0037107008	-0.1110576076	0.020283629	-0.0130392029	0.05373794	0.016044793	-0.0490337288	0.0430871999	-0.0288586271	0.0520772845	0.0104813074	0.0852671744	0.1159031068	-0.0179018916	-0.03780609	0.0482304569	-0.0383299554	0.0603233524	-0.035554689	-0.082699048	0.0708185586	-0.0131654884	0.0984025961	-0.0235252722	0.0268408513	0.0159177397	-0.0143088615	0.0051365345	-0.1408750371	0.0964324676	0.0314745959	-0.0310456054	-0.0997547672	-0.0687616327	0.1628386388	-0.0043251088	-0.0805297994	0.0198633609	-0.1221801498	-0.0318248161	-0.028848732	0.1715380811	0.0673404751	-0.0865459107	-0.0860746535	0.0278638608	0.0127406126	-0.044468457	0.0457529335	-0.0421584927	-0.1149500956	-0.1778520369	0.0687755503	-0.0935977828	0.1164574071	-0.0374824361	-0.016458729	0.0563578359	-0.0084733414	-0.0308541965	0.0120011274	0.0451374696	-0.0304555992	0.0094752307	-0.1103762662	-0.1425565215	0.0091825598	0.1354842643	-0.1071956865	-0.0850764629	-0.1375982735	-0.0019530146	-0.0676044849	0.0018853246	-0.0004377736	-0.000832407	0.0174061785	0.0681842791	0.0503003147	-0.0428861934	0.0621363091	0.1861232826	-0.2463895117	0.0927710003	0.0481879994	0.0812999599	0.0753155835	-0.0787413614	-0.0805786729	-0.0145685735	0.0319605229	-0.0237345026	-0.0209901233	0.0781129362	0.0601605618	-0.0935450559	-0.0943941534	0.0255787583	-0.0984442492	-0.0697372349	-0.1184738618	0.1134531222	-0.1708970252	0.0196393169	-0.1062519986	0.1321500474	-0.0824569397	0.0581474666	-0.0197148107	-0.2074615308	-0.0414965532	-0.0421564095	0.0427754577	-0.0026408779	-0.052085247	-0.166466818	-0.166212044	-0.0555314603	0.0560121039	-0.1011985857	-0.1597033796	0.0025305991	-0.0929107737	-0.0075843101	0.0924982391	0.0126155821	-0.0918120377	-0.0176095295	0.0908541996	0.022551377	0.0883325244619328	0.0416211063401589	0.0078026348778179	0.0017323164929788	0.1907235312662578	0.1198992140833326	0.0143758215378008	0.0363754653786712	0.2089526872754277	-0.0075674449425519	5.726622295855565e-05	0.0436612255196226	0.0003990111123727	0.0046569744523509	2.1687411049848965e-05	1.5920986779689945e-07	0.0024215838103645	-0.0011635076699068	5.864068150619451e-06	1.353750097931951e-06	0.0004040176513932	0.0004368852648633	1.632302626372773e-07	1.908687346546948e-07	0.0	0.0	0.0	0.0	0.0	0.0	0.0	0.0	0.0	0.0	0.0	0.0	0.0	0.0	0.0	0.0	0.0	1.0	0.0	0.0	0.0	0.0	0.0	0.0	0.0	0.0	0.0	0.0	0.0	0.0	0.0	0.0	0.0	0.0	0.0	0.0	0.0	0.0	0.0	0.0	0.0	0.0	0.0	0.0	0.0
6338.256201743602	60.14616496006511	3617.561159403364	40173491.67894124	13134.899527962752	93.02055635227045	8652.823904085919	172525585.60967615	6151.726114310471	24.2686673831322	37843734.1854894	588.9682165531045	7478.201583149564	8166.988168956387	1.811229	51.775391	0.4771461601964885	0.2418236936290673	-0.0029125297	-0.1137507086	-0.1013187769	-0.054590257	0.1564149449	0.0531838686	-0.0403116017	-0.0112171934	-0.0624949938	0.0371309923	0.1712589257	0.0330220249	-0.0824840281	0.007420727	0.1823170326	0.0604744457	0.0239133765	0.2467084438	-0.1147635726	0.075805634	0.0240231628	-0.0597247645	-0.0653419869	-0.0814399712	-0.0814393439	-0.0832224746	-0.125422776	-0.169003934	-0.165719692	-0.1042293567	-0.0688718282	-0.0162807169	0.1937451402	0.0310491963	-0.0587332542	0.1068697301	0.0037739219	0.0222144691	-0.017346217	-0.0144967167	-0.0179845959	-0.040237288	-0.0387519715	-0.0146028052	0.1265855495	0.0301148395	-0.0490459424	-0.1155623406	-0.004272948	0.1241381	-0.0213994436	0.0973326648	-0.0693125478	0.0227410852	0.0608836241	0.089636567	0.0279488935	-0.1102149593	0.0789378551	-0.0835927828	-0.0364524117	-0.1166084224	-0.0665037397	-0.0445751635	0.0551335338	-0.093683001	-0.0132029957	-0.0569539478	-0.1006932279	0.0708349382	-0.0509853801	0.0130765551	-0.0548146729	0.0735163412	0.0615718818	0.0388895423	-0.0463822119	-0.081474412	0.1440868443	0.0970346569	0.0572067374	0.1464022303	-0.1674607556	0.0943301815	0.0260147452	-0.0218797484	0.2476414497	0.0132434425	0.0582638155	-0.0106678727	-0.1970525597	-0.1095728172	0.0070329835	-0.126708612	0.0735843414	-0.1925698937	-0.165299697	-0.0411162239	0.169696238	0.0540045511	-0.1081733957	0.0586221281	-0.0114970022	-0.040015766	-0.0049771803	-0.094206766	-0.0287272478	0.0194283383	0.112075591	-0.154856813	0.1128128643	0.0575431845	-0.0580632306	-0.0241077634	-0.0556116223	0.1897074802	0.0417272941	0.1178457557	0.0213633497	-0.0705099497	0.0058690287	0.0437335587	-0.0259294376	0.0077575591	-0.1979518868	-0.244968266	-0.0528201067	-0.1850550244	-0.037500002	0.0489596429	-0.0636774606	0.1338722047	-0.0354682823	-0.0715914968	-0.0325479997	-0.0067226705	-0.2812730517	-0.010072264	-0.1610092266	-0.3244402799	-0.0695470364	0.111432366	-0.1514838645	-0.2703794127	0.088657922	-0.0401634418	0.1384970038	0.0012654166	-0.0930140029	-0.0037953135	0.0929107737	0.0063224028	-0.0927388101	-0.0088448147	0.0924982391	0.0113606834	0.1136748624527825	0.0253423379908497	0.012921974353659	0.0006422340948424	0.0186315273964936	-0.1720920038697642	0.0296156577959109	0.0003471338131262	0.2252690876872023	0.0163164004117745	0.0002662249223973	0.0507461618674244	0.0034317797828473	0.0030327686704746	9.197685808612272e-06	1.177711247795946e-05	0.0045099755805908	0.0020883917702262	2.033987973752532e-05	4.361380185948938e-06	0.0005507655691743	0.000146747917781	3.033427121878906e-07	2.153495137308847e-08	0.0	0.0	0.0	0.0	0.0	0.0	0.0	0.0	0.0	0.0	0.0	0.0	0.0	0.0	0.0	0.0	0.0	0.0	1.0	0.0	0.0	0.0	0.0	0.0	0.0	0.0	0.0	0.0	0.0	0.0	0.0	0.0	0.0	0.0	0.0	0.0	0.0	0.0	0.0	0.0	0.0	0.0	0.0	0.0	0.0
6279.375864350303	-58.88033739329876	3466.8941315486964	39430561.24578512	13043.926328163448	-90.97319979930398	8276.123081724083	170144014.0545556	6122.769018036088	-28.95709627438282	37488300.4482226	838.5134246438754	7441.019485266708	8174.675937849475	1.799447	51.438587	0.4197832873456162	0.2466037616830895	0.0232505591	-0.0524184053	-0.0880476939	-0.1251229715	-0.0416910545	0.0056229156	-0.0048333232	0.0736566698	-0.0663707703	0.0308321717	-0.02030163	0.1294238576	-0.0095709765	-0.0045729175	-0.0375619581	-0.0185225065	0.0321217149	0.2199852021	-0.0724529475	0.0198583858	0.0259623304	-0.0587540736	-0.0429335509	-0.0195175072	-0.0977754194	0.0966486142	0.0580028962	0.0402744109	-0.0145092116	0.0004179917	0.0416978987	-0.0028018661	-0.0301346247	0.0355886813	-0.0117565599	-0.0779218509	-0.0026815009	-0.1785294333	0.0209206543	0.0487808932	-0.0706640149	0.0837407454	0.0500858946	0.0479743496	-0.0289353611	0.1521834042	0.0149924813	0.042169671	-0.0905204236	0.0057213575	0.219457166	0.0735213341	-0.0485174776	0.0236587785	0.0731890017	0.0677144661	-0.0362940199	-0.0221378641	0.0472734505	-0.1446018133	-0.0760383367	-0.1151426316	0.0547442392	0.0277664843	-0.1119777872	0.0332747991	0.0945070092	-0.0158450615	0.0147806751	0.0184049746	0.0161335109	-0.0295084649	-0.07933434	-0.0435092972	0.0112478396	0.0222118295	0.0514865038	0.0461293241	0.056060362	-0.0125316747	-0.0745505617	0.0908705243	-0.1176200677	0.0337760379	0.0239131394	-0.0222292489	0.1031688432	-0.0321613494	0.2043893101	-0.0726283799	-0.0342264001	0.0345455248	0.0659121253	0.0582261023	0.0327184173	0.0553385035	-0.0527893497	-0.0447187938	0.1296872849	-0.135769869	-0.0503650356	0.0118069075	-0.0529354537	0.1252907615	-0.0619814225	-0.0172735836	-0.0082347256	-0.2325027506	-0.0520307046	-0.0316907653	0.0471569895	-0.088460831	-0.0022835942	-0.0670236298	-0.0297544066	0.1387185072	0.0231641112	0.1253486399	-0.0353762575	-0.0471000055	0.0789667059	-0.1026509405	-0.0316644686	0.0407794416	-0.061616223	-0.0874438137	0.1513132986	-0.2211461737	0.130868213	0.1181335977	-0.0487038096	0.0344260141	0.0753647779	0.0074417523	-0.0496616829	0.0634461569	0.0057093009	0.0948422142	0.0091231439	-0.1267948631	0.0344384701	0.0930270714	-0.0136681432	-0.010942458	0.107640561	-0.0876951307	-0.0699477624	0.0	-0.093048421	-0.0	0.093048421	0.0	-0.093048421	-0.0	0.093048421	0.0	0.1320282863674862	0.0183534239147037	0.0174314684011349	0.0003368481693928	-0.110221657171607	-0.1288531845681006	0.016603143173341	0.0121488137096552	0.2408585022746692	0.0155894145874669	0.0002430298471799	0.0580128181179968	0.0001058989795271	-0.0033258808033201	1.1061483117893816e-05	1.1214593864881145e-08	0.0042906304587915	-0.0002193451217992	1.8409509733909354e-05	4.8112282457149735e-08	0.0021452849295617	0.0015945193603874	4.602247429004548e-06	2.5424919906502432e-06	0.0	0.0	0.0	0.0	0.0	0.0	0.0	0.0	0.0	0.0	0.0	0.0	0.0	0.0	0.0	0.0	0.0	0.0	0.0	1.0	0.0	0.0	0.0	0.0	0.0	0.0	0.0	0.0	0.0	0.0	0.0	0.0	0.0	0.0	0.0	0.0	0.0	0.0	0.0	0.0	0.0	0.0	0.0	0.0	0.0
6221.822715198712	-57.55314915159124	3312.3649772653075	38711077.89936268	12943.212824303337	-100.7135038601118	10143.209859780758	167526758.21521035	6094.451305115145	-28.31771292094254	37142336.7104197	801.892865072916	7408.703751476371	8016.764215358611	1.518162	43.397854	0.345439725947419	0.1856436975598498	-0.0183500831	0.0352829479	0.0130999955	-0.1766144794	-0.0123500559	-0.0783209325	0.0286773523	0.0873502304	-0.0579240558	-0.0196366995	0.0082164954	0.0579779991	0.0854624123	0.1356983968	0.0081774352	0.0572951328	0.1063847739	0.045052137	-0.0174249713	-0.071227569	0.0050428823	-0.1314531945	-0.0070848776	0.0470779578	-0.1668672643	0.0721925482	0.1595246196	0.0306811004	-0.0902565846	0.0161969309	0.0217605318	0.0312364293	-0.0606403334	0.0024039471	0.1233217118	0.0448829862	0.0575108811	0.0616963155	0.0334054087	0.1081645102	0.0443343465	-0.081369948	-0.0577324777	-0.0191623773	0.0879132331	0.0282180545	-0.00539573	0.0323158948	0.0063699711	-0.0358657862	-0.112993048	0.0399281092	0.0130189234	-0.1007979444	-0.0018446459	0.0207425734	-0.0052246375	0.0569105677	-0.0999405293	-0.0704909795	-0.0272361635	-0.0035383036	0.1310162206	0.0915360947	0.0063505653	0.104780057	0.0263076234	-0.066758479	0.0739286329	0.002954202	-0.0283096391	-0.0308003416	0.0751839744	0.0002618959	-0.0588736998	-0.0942829632	0.0121660433	-0.0191239883	0.092751754	0.0149997365	-0.0273045265	-0.0381766937	-0.1117356668	0.0821109533	-0.1048234646	-0.1575574265	0.0442879625	0.0021563101	0.0576561768	-0.2083322705	0.0501750317	0.0211551686	0.0691874479	0.0416904477	-0.0127068145	0.0484682996	0.0050929153	-0.0791756978	-0.1030052265	-0.0632488882	-0.0409709103	0.0506318066	0.0385441817	0.021238923	0.0602866946	0.0265084174	0.0324690478	0.0384794947	0.0782197584	0.0164959728	-0.0013881042	0.0795484299	-0.0917480995	0.0373892664	0.1240148689	-0.0455861571	0.1166136647	-0.0399250046	-0.0767856476	-0.0504237214	-0.028981517	-0.0078127671	-0.0107622656	0.0415428883	-0.0565040563	-0.1058060244	0.2826607871	-0.0117386211	0.0605221916	0.1063177299	0.0432498564	0.1196796922	-0.0100690472	0.1133925448	-0.1567498512	-0.0366983845	0.0115365014	0.0734123933	0.0040105105	0.0696527438	-0.0153335226	0.0508130297	0.0753582726	0.0897997142	-0.0461624882	-0.010155823	-0.0666915529	-0.0012654166	-0.0930140029	0.0037953135	0.0929107737	-0.0063224028	-0.0927388101	0.0088448147	0.0924982391	-0.0113606834	0.1775218016699113	0.0454935153024251	0.0315139900681313	0.0020696599345719	0.0544569830963439	0.1646786402679509	0.0271190545605011	0.0029655630079554	0.2212940865266262	-0.019564415748043	0.0003827663635622	0.0489710727316539	-0.0011423735448851	-0.0012482725244122	1.5581842952024064e-06	1.3050173160533497e-06	0.0043277123088734	3.708185008190028e-05	1.8729093828374334e-05	1.3750636054965274e-09	0.0031739936476476	0.0010287087180859	1.0074235675307315e-05	1.0582416266659355e-06	0.0	0.0	0.0	0.0	0.0	0.0	0.0	0.0	0.0	0.0	0.0	0.0	0.0	0.0	0.0	0.0	0.0	0.0	0.0	0.0	1.0	0.0	0.0	0.0	0.0	0.0	0.0	0.0	0.0	0.0	0.0	0.0	0.0	0.0	0.0	0.0	0.0	0.0	0.0	0.0	0.0	0.0	0.0	0.0	0.0
6144.17678956732	-77.64592563139195	6028.889767155649	37750908.42145778	12771.99429441437	-171.21852988896717	29315.784977339143	163123838.2565532	6083.748223398246	-10.70308171689885	37011992.44570132	114.55595823861444	7388.024487574456	7750.339874667506	1.253509	35.83252	0.1345974717057645	0.0793447099568542	-0.0210072652	0.1500026	0.0172122153	-0.1304532905	-0.0149749704	-0.1517241792	0.1376051023	0.0884850747	-0.0451007809	0.0592932845	0.0111232386	0.04104929	0.1134645121	0.1762934805	-0.0400467537	0.0963577056	0.1151031978	0.0124551292	-0.0752560898	-0.0837339188	-0.0774550738	-0.0647619021	0.0719427597	0.0846129302	-0.115715878	0.0734856075	0.0761242771	-0.0479316949	0.0272002997	0.0096723426	0.0857235831	-0.033194246	0.0603894507	-0.0245678695	0.036689856	-0.0627509301	0.0124652831	0.021210708	-0.0219956834	0.1045972201	0.0480027816	-0.0271728627	-0.0038218067	-0.0656484929	-0.2218175091	0.0720591696	0.0798823443	-0.0809241632	0.0423135474	-0.0436231602	0.1105511818	-0.069820076	-0.0243116922	0.1508077375	-0.092525583	-0.0612174597	-0.0269985115	-0.0269693695	0.0539305763	0.0482963085	0.0186151969	-0.0881897772	0.0574932596	-0.0075729918	-0.0834383384	0.004044233	0.0481575091	0.0731120888	-0.1611059634	-0.0551759106	0.054651565	0.0397241079	0.0030757237	0.1035495286	-0.0982031129	-0.1778044838	0.0189832	0.0588663776	0.0678416076	0.05057138	0.0042746197	3.4476e-05	-0.0238355931	0.0077968324	-0.1332670888	-0.1499510656	-0.0297762447	-0.0698653645	0.1125608025	-0.094329566	0.0675730522	0.0422803025	0.1329950899	0.0644517799	0.0216957457	0.0917324833	0.0285900484	-0.1131858294	-0.0269130316	0.0643970978	0.0331452222	0.1047599208	-0.0668758199	0.0476017235	-0.0250124343	-0.0158032874	-0.0216749969	-0.0037795924	0.0078011026	-0.0747983593	-0.0265622188	0.0743084489	0.0232515668	0.0761330211	-0.0587385952	-0.1004361135	-0.0327047185	0.0821204401	0.0387544045	0.0656804463	0.0716505813	-0.0829454152	-0.0533738159	0.0418154664	-0.0157232062	-0.0757176558	0.295093341	0.0579606011	0.1060661862	0.034478388	0.0643337169	0.0795948797	0.0081655207	0.0755426236	-0.0913174212	-0.0118764584	-0.0001521529	0.0506934925	0.0099350962	0.0063463001	-0.0006056931	0.0297253182	0.1038050466	0.1234836244	-0.0656791405	0.0028267146	0.0048862178	-0.0025305991	-0.0929107737	0.0075843101	0.0924982391	-0.0126155821	-0.0918120377	0.0176095295	0.0908541996	-0.022551377	0.1777029580881333	0.000181156418222	0.0315783413132728	3.281764786302434e-08	0.0760126650794319	0.021555681983088	0.000464647425756	0.0057779252524778	0.2377757356869807	0.0164816491603545	0.000271644759045	0.0565373004814849	-0.0024820018461096	-0.0013396283012245	1.7946039854416397e-06	6.160333164091463e-06	0.0048346967372687	0.0005069844283953	2.3374292541356614e-05	2.5703321063530946e-07	0.0030930266943854	-8.09669532622001e-05	9.566814132180672e-06	6.555647520563296e-09	0.0	0.0	0.0	0.0	0.0	0.0	0.0	0.0	0.0	0.0	0.0	0.0	0.0	0.0	0.0	0.0	0.0	0.0	0.0	0.0	0.0	0.0	0.0	0.0	0.0	0.0	0.0	0.0	0.0	0.0	0.0	0.0	0.0	0.0	0.0	0.0	0.0	0.0	0.0	0.0	0.0	0.0	0.0	0.0	0.0
6145.785683255558	1.608893688237913	2.5885389000517947	37770681.66450898	12694.37923545537	-77.61505895899973	6024.097377209004	161147264.17356047	6102.870107014974	19.12188361672725	37245023.54309696	365.64643305166186	7393.689329644533	7478.916089002548	1.174346	33.569599	0.1068920214610011	0.0505952294223796	-0.0386244136	0.2056311096	-0.0479318988	-0.0134044244	0.0376019353	-0.1172709153	0.1949990019	0.0078649939	0.0238145204	0.0668143392	0.0494326777	0.0853791728	0.0534157049	0.1433227686	-0.0105372805	0.1054475561	0.1385576097	-0.0259460905	-0.1149851144	-0.1178240433	-0.0733099954	-0.074254821	0.1822140593	0.1365432574	0.0464049451	0.0021705618	0.0780376326	0.0070401965	-0.0278814851	0.1065360455	-0.029766216	-0.0075842938	-0.020322591	0.0469280053	-0.0254507125	0.0027591042	0.0072338599	0.1667152886	-0.0411800512	-0.0275424263	-0.0003803985	-0.0569159995	-0.0905143095	-0.0779574456	-0.0446275795	-0.0250605799	-0.1111246088	0.0245770033	-0.08471022	-0.0080159615	0.1101094925	0.0441950954	0.0397617898	0.0807521882	-0.0848852658	0.0116066729	-0.0217025853	-0.0577956442	-0.0433721536	-0.0483435905	0.0822473823	-0.0303911275	0.0558318353	0.0332071467	0.1263111278	-0.008325866	0.0502733374	-0.0695616786	0.0084297119	0.0218803196	-0.0023611679	0.023697446	0.0473544729	-0.0733069039	-0.0687233304	-0.1565386325	-0.0210662074	0.0325791509	0.0833789931	0.1118763144	0.0062172229	0.0037265714	0.0227286337	0.0091650527	-0.2420126556	-0.1168100502	-0.0637165073	-0.1029659306	0.1624919941	-0.0669955588	-0.0054441467	0.066755239	0.090684309	0.1660516861	-0.0145631013	-0.079861004	0.027633562	-0.0258853259	-0.0637063466	0.0317801505	0.0886206889	0.0462425729	-0.0452593527	-0.1030961646	0.1148568	-0.0060485447	-0.0551267284	0.1004082286	-0.0436401038	-0.0539015921	-0.0309801565	-0.0192223145	-0.060244901	-0.0881830231	0.0679123498	-0.060113135	0.0640447351	0.0985207813	-0.0256644394	-0.0386313541	0.0478122315	0.0651761057	-0.0241241646	0.0298729964	-0.0198548278	-0.0953924211	0.3600176603	0.1014625125	0.0860898501	0.0381389703	0.0734093631	0.1121163405	0.0228349676	0.0364399569	-0.1069924263	-0.0521367073	0.0311677231	0.0796621465	-0.0273272324	0.0222658471	0.0027625757	0.0546970446	0.0917597571	0.0258202719	-0.1075263061	-0.0476595872	-0.0904649727	-0.0037953135	-0.0927388101	0.0113606834	0.0918120377	-0.0188504498	-0.0902742713	0.0262147696	0.0881357445	-0.0334046344	0.1968270569748824	0.019124098886749	0.0387408903573936	0.0003657311582301	0.0975507701240161	0.0215381050445842	0.0004638899689115	0.0095161527517886	0.2037353699904329	-0.0340403656965478	0.0011587464967547	0.0415081009851385	-0.0025821201549035	-0.0001001183087938	1.0023675755750696e-08	6.667344494358875e-06	0.0046680582929259	-0.0001666384443428	2.1790768226154267e-05	2.7768371132988656e-08	0.0034700589779111	0.0003770322835257	1.2041309310181428e-05	1.4215334282060394e-07	0.0	0.0	0.0	0.0	0.0	0.0	0.0	0.0	0.0	0.0	0.0	0.0	0.0	0.0	0.0	0.0	0.0	0.0	0.0	0.0	0.0	0.0	0.0	0.0	0.0	0.0	0.0	0.0	0.0	0.0	0.0	0.0	0.0	0.0	0.0	0.0	0.0	0.0	0.0	0.0	0.0	0.0	0.0	0.0	0.0
6164.253873894097	18.468190638538545	341.0740654614027	37998025.82181837	12737.104075033834	42.724839578464525	1825.4119170055287	162233820.2182435	6095.957745720359	-6.912361294615039	37160700.83760804	47.7807386672921	7390.003125882879	7594.678704378682	1.138652	32.549263	0.1850455237802599	0.1195685779543116	-0.0220005845	0.1867039947	0.0187050951	-0.027856184	0.0075422606	-0.1218973442	0.1396325776	0.036691972	0.0243662171	0.0420109495	0.0235242357	0.0198330092	0.0674988486	0.1305058226	0.000473585	0.0765450394	0.02811698	-0.0574444517	-0.0630963939	-0.0859777063	-0.0303043766	-0.0360336313	0.1196920454	0.0432509427	0.0487012374	0.0074974988	-0.018030495	0.0081923862	-0.0118228383	0.1106722551	0.0031570386	0.1225542334	-0.0779097489	0.0875779705	-0.0041945292	-0.0039702531	0.0729854773	-0.0011103419	-0.1190431773	-0.150705588	0.0578264731	0.030183677	0.0578899575	0.0189555755	0.0598244772	0.0310188067	-0.000664104	0.0677750417	0.080425522	-0.087312951	-0.0359738724	-0.0244174648	0.088062748	0.0456368841	0.1314463374	0.0126413251	-0.0318522276	-0.0571515288	0.0700364888	-0.0369583628	-0.0001955397	0.0750272526	-0.0425678622	-0.2055821557	-0.0118510057	0.0946297407	0.0986680991	0.0299654212	0.0464767279	0.022045871	0.0047270029	0.0439019536	-0.1513287329	0.0782903412	-0.076556658	-0.1533519921	-0.0214468308	0.000696983	0.0277041672	0.0915624369	0.0172363283	-0.0067891509	0.0442473482	-0.0408450512	-0.1370026849	-0.0154353709	-0.0603345665	-0.0564968677	0.0449659187	-0.0201351521	0.0367687789	0.0399805622	-0.0303199043	0.0161550548	-0.0778572958	0.0165863767	0.0810004759	0.0453259161	0.0061969591	0.122882284	0.1128759296	-0.1007906805	0.018460081	-0.0200921399	0.0806695908	0.0630793622	0.0109404317	-0.0418101977	0.058553933	-0.0245026814	-0.1308462683	0.0817288396	-0.0230103859	0.0218560901	0.015573806	0.0782056104	-0.0027901411	0.0304899333	0.1692080069	0.0409394657	-0.0943494026	0.050281816	0.0610002089	0.0259573421	0.0469865139	-0.0542190985	0.1933596303	0.1129448129	0.0621974748	-0.0740859149	0.0645826069	0.0002550061	-0.0042155213	-0.0100630714	-0.0174619952	-0.0122820134	-0.0003013761	0.0085714704	-0.0301449099	0.059582697	-0.0190659362	0.0232248249	0.0885498229	0.0853675683	-0.1309615241	0.0076360456	0.0189620908	-0.005059326	-0.0924982391	0.0151181479	0.0908541996	-0.024998187	-0.0881357445	0.0345826047	0.0843750214	-0.0437580584	0.1162861523807379	-0.0805409045941445	0.0135224692355161	0.006486837312843	0.1023419590404728	0.0047911889164567	2.2955491233177565e-05	0.0104738765802418	0.1800180520117891	-0.0237173179786437	0.0005625111721001	0.0324064990501192	-0.0025762124336753	5.907721228199866e-06	3.490117011012334e-11	6.636870503423213e-06	0.0048512758383358	0.0001832175454098	2.3534877259620715e-05	3.35686689460287e-08	0.0021392619987289	-0.0013307969791822	4.576441899205568e-06	1.7710205998004692e-06	0.0	0.0	0.0	0.0	0.0	0.0	0.0	0.0	0.0	0.0	0.0	0.0	0.0	0.0	0.0	0.0	0.0	0.0	0.0	0.0	0.0	0.0	0.0	0.0	0.0	0.0	0.0	0.0	0.0	0.0	0.0	0.0	0.0	0.0	0.0	0.0	0.0	0.0	0.0	0.0	0.0	0.0	0.0	0.0	0.0
6214.238327082154	49.98445318805716	2498.445560509077	38616757.9857768	12814.711202786664	77.60712775282991	6022.866278044063	164216823.21082604	6109.864581139259	13.9068354189003	37330445.199860014	193.40007136837988	7407.871580805029	7481.059181188768	1.377967	39.390244	0.1958852893796342	0.0854384704354788	0.0162118398	0.1482759568	-0.005388888	0.1291443677	0.0264522238	-0.0188833344	0.1183033321	-0.0363191018	0.0871333634	0.0174871208	0.0315397127	-0.0371072935	0.0051461602	0.1232490391	0.0375432372	0.0543920021	-0.0655781928	-0.041321149	-0.0882509229	-0.0916227521	0.054205379	-0.0697587938	0.1344655103	0.0587008904	0.0048098905	-0.0018888754	-0.0677813376	-0.0076781736	0.1202782878	-0.0425257454	-0.0740772057	-0.0059714016	0.0206025594	0.0329115071	-0.1481536695	0.1060679904	0.0749774138	-0.0819185758	0.0465428642	0.0264032003	0.0275122245	0.0551391243	0.0156616946	0.1079150732	0.0681159987	0.0385176509	0.0213501062	-0.0455311638	-0.0531046625	0.0040083456	0.0415780308	-0.0181218924	0.019700448	0.0377694502	0.0061524742	0.0788148257	-0.0535066353	-0.0579120084	-0.1132153544	0.0669831906	-0.096009238	0.1935090475	-0.0188476803	0.0007274281	0.1393621795	-0.0012525416	-0.0575251217	0.0233829953	0.1862153679	-0.0358768044	0.0524580905	0.0767020368	-0.0672838404	0.0733358639	-0.0059457644	-0.1106386419	-0.0358540452	-0.0040641788	-0.0563273629	0.1127948645	-0.0003135983	0.0010314148	0.0859980638	-0.0293114657	-0.1055921027	-0.1104993964	-0.0009943875	-0.0136009282	0.0256431205	0.049734885	0.0563463426	-0.0149785381	-0.1640749505	0.0076607449	0.0039707829	-0.0126979785	-0.1110313667	0.0657386509	0.1365777908	-0.115747028	0.0940162088	-0.0596231067	-0.1361001121	0.0179402378	-0.0151598438	0.0208565141	0.0189976879	-0.0434051378	-0.0203829566	-0.0448577571	0.0129768158	0.0418806359	0.0307695093	-0.120577031	-0.0773398459	-0.0433996471	0.0011233877	-0.0130369917	0.0516163905	-0.0109115069	-0.0705364549	0.0313124314	0.1240363332	0.0480532199	0.0448681263	-0.0736765563	0.1521471127	0.1449102811	0.012536535	0.0228261649	0.0307957637	-0.0300192821	0.0045375916	-0.1510439238	0.0761486407	-0.0280741481	-0.037159909	-0.0708045933	-0.0902241294	0.0137199072	-0.0361668302	-0.0542216923	-0.0763429008	-0.1092782034	-0.0870845915	-0.0181863179	0.1107310748	-0.0063224028	-0.0921892388	0.0188504498	0.0896275589	-0.0310303776	-0.0854106889	0.0426372543	0.0796165037	-0.0534567308	0.0842567678098191	-0.0320293845709188	0.0070992029217577	0.0010258814759918	0.160362138168324	0.0580201791278512	0.0033663411860279	0.0257160153579166	0.1928907485878284	0.0128726965760392	0.0001657063171387	0.0372068408907728	-0.0033429655781603	-0.0007667531444849	5.879103845776349e-07	1.1175418856764628e-05	0.0042928451055335	-0.0005584307328022	1.842851910010293e-05	3.1184488333811294e-07	0.0016051852939197	-0.0005340767048091	2.576619827816074e-06	2.852379266198531e-07	0.0	0.0	0.0	0.0	0.0	0.0	0.0	0.0	0.0	0.0	0.0	0.0	0.0	0.0	0.0	0.0	0.0	0.0	0.0	0.0	0.0	0.0	0.0	0.0	0.0	0.0	0.0	0.0	0.0	0.0	0.0	0.0	0.0	0.0	0.0	0.0	0.0	0.0	0.0	0.0	0.0	0.0	0.0	0.0	0.0
6300.384759078849	86.14643199669536	7421.207745761258	39694848.112433046	12975.363013079786	160.65181029312225	25809.004150457346	168360045.32119894	6143.355612960516	33.49103182125691	37740818.18729348	1121.649212452443	7446.290773201084	7834.655937490155	1.675477	47.894798	0.1095622253546328	0.0545343539619816	0.0909133419	0.028728958	-0.0149557774	0.1445264569	0.0602430195	0.0867063962	0.0653734203	-0.1180551482	0.0061639425	-0.0048137843	-0.2043679951	-0.2080784286	-0.1238818909	0.0260329612	0.0973100733	0.0376157543	-0.0897864535	-0.1144327356	-0.0149869624	-0.0647442398	-0.1588284268	0.0215598581	-0.0216755639	-0.0280582218	0.071404845	-0.0076511128	-0.0254064181	0.1620924333	0.0538326576	0.1479981303	0.0253932948	0.1146349375	-0.1014105649	-0.1710695526	-0.1040170953	0.1161986703	0.039429309	-0.0805962167	-0.1559771343	0.0934812928	0.0663824831	0.0682242576	-0.0022239065	-0.1712835238	0.0446990406	0.0253897548	-0.0243016878	0.0367329871	-0.0378022764	-0.0172003154	0.018343634	0.1001915316	-0.0585322627	0.0004642385	0.1670686638	-0.0524677831	0.0193065329	0.0327786044	0.1548235517	0.0624084012	0.0397158462	-0.0658180512	0.0496193677	0.0041065132	-0.0045785032	-0.0712063265	-0.0666555773	-0.0911083802	-0.0216445431	0.0756470883	0.0644133255	0.04048468	0.0650703884	-0.0097025243	0.1189223846	-0.0153375224	-0.0777631333	-0.0664530619	-0.059412622	-0.1317073618	0.1484828946	0.0237769027	0.1451797837	-0.1823769725	-0.0904889932	-0.03534681	-0.0484695923	-0.1448531544	0.0569698124	0.1066115848	0.1426922019	0.0714192961	0.016004045	-0.1277679968	-0.0922188051	0.0784044607	0.0536492857	0.0675959389	-0.0968223989	-0.1086416476	0.0181370231	0.0235018835	-0.043606054	-0.0789967371	-0.1810570086	0.0908574474	-0.0203832221	-0.1140763796	0.043730471	-0.1206196991	0.0413881775	0.0429581554	-0.1371124652	0.0687360296	-0.0882629408	0.0990761114	-0.0475418662	0.0889554036	-0.1449866118	-0.0881199364	0.0008722471	0.0058222172	-0.0063292358	0.0625984049	0.0367404102	-0.0250241915	-0.0056478617	0.1108262519	-0.0060733148	0.0042254088	0.0753313176	-0.0566541292	0.0854174492	-0.2504720288	0.0800727674	-0.1114515791	-0.1264626999	-0.1636937709	0.0172728705	0.0835560181	0.0282965825	-0.0549349423	0.2025925845	0.1667024108	0.0630639338	-0.1812238169	0.1598356641	-0.0075843101	-0.0918120377	0.022551377	0.0881357445	-0.0369191397	-0.0821172393	0.0503057744	0.073916464	-0.0623555305	0.0474762556672061	-0.036780512142613	0.0022539948521779	0.0013528060734729	0.1736318250635236	0.0132696868951995	0.0001760845902966	0.03014801067489	0.2024639092600537	0.0095731606722253	9.164540525624116e-05	0.0409916345528632	-0.0028259108775028	0.0005170547006574	2.673455634720167e-07	7.985772287588645e-06	0.0044636988382973	0.0001708537327637	1.9924607319016665e-05	2.9190997999323852e-08	0.0012943164144491	-0.0003108688794706	1.6752549807123744e-06	9.663946022330644e-08	0.0	0.0	0.0	0.0	0.0	0.0	0.0	0.0	0.0	0.0	0.0	0.0	0.0	0.0	0.0	0.0	0.0	0.0	0.0	0.0	0.0	1.0	0.0	0.0	0.0	0.0	0.0	0.0	0.0	0.0	0.0	0.0	0.0	0.0	0.0	0.0	0.0	0.0	0.0	0.0	0.0	0.0	0.0	0.0	0.0
6347.926171019274	47.54141194042495	2260.18584928918	40296166.67271143	13105.475376399483	130.11236331969667	16929.227088636748	171753484.84141317	6157.403777876711	14.048164916194764	37913621.28381039	197.35093751260544	7464.435365026407	8112.600393529092	1.527387	43.661552	0.3865065891203244	0.1988639862751026	0.0949451701	-0.0663679439	0.0519180193	0.0429406626	0.043782233	0.1273943384	-0.0143355642	0.0183506153	0.0560850964	0.0321947667	0.0757195235	-0.047582463	-0.1766420038	-0.0486585293	-0.0326112462	0.0269529733	0.0072574151	-0.0623303295	0.0286918385	-0.0319246924	-0.0566492623	0.2220373704	0.0303724896	-0.0429449076	0.0981262668	0.1229629678	0.0944636247	0.0065752726	-0.0196206913	0.0513731838	-0.0227859451	0.0019061736	0.0608540968	-0.0705862368	0.1024681574	0.0677456436	0.0468933037	-0.0491013376	-0.0058693592	0.1222304224	0.020577354	0.0154129441	0.1486233987	0.0484297949	-0.0493610739	0.0581768949	0.043311544	0.0265395102	0.1566196104	-0.018627056	0.0197822906	-0.0936669111	-0.0278155984	-0.0425345442	-0.0611861938	-0.029309991	-0.0387292875	-0.0200255633	0.0418884171	-0.0530680528	-0.0155864719	0.0202352147	-0.0345569951	0.0342558798	-0.0388237788	-0.099465361	-0.0538090956	0.0524478171	-0.067885696	-0.0465646522	0.0106033135	0.0516672016	-0.003274117	0.066592252	0.1203767032	0.0445864832	0.0578248209	-0.0308942362	0.0127099451	0.0841297154	0.0661362352	0.0935777377	0.0903595063	-0.0979926333	0.0318146146	0.1453518698	-0.0950726239	0.0036310508	-0.0480137342	0.031163154	-0.0441730712	0.0507450034	0.0245148545	-0.0414078618	-0.1037222086	0.0170711543	0.1534158309	0.0593379095	-0.0868129667	-0.0717271589	0.014563671	0.0730751524	-0.0725633351	0.0453670139	-0.1239949498	-0.0723376235	0.0374547533	-0.0786183408	-0.0501018681	-0.0469176058	-0.0747629876	0.1506176499	0.0223596211	0.0833765618	0.0215426087	-0.0392397541	0.0508921307	-0.129440368	-0.1075152734	0.0556063162	-0.0486293315	-0.1191298955	-0.1408794828	0.0391937371	0.0460010583	0.0198052235	-0.1801415829	-0.078635144	0.0302100578	-0.0914157889	0.0927693588	0.0272881112	-0.0426250689	-0.0825990134	-0.0588856323	-0.1637701849	-0.0485895817	-0.0107354827	0.0005356958	0.133876579	-0.038831268	0.0210877551	0.1037850434	0.0495731923	0.0373571526	0.0759385034	0.097822375	-0.0088448147	-0.0913669149	0.0262147696	0.0863831703	-0.0426372543	-0.0782773129	0.0575187176	0.0673423095	-0.0703213046	0.0176289011289441	-0.0298473545382619	0.000310778155014	0.0008908645729327	0.0520422844752204	-0.1215895405883032	0.0147840163804746	0.0027083993733997	0.1601510432144195	-0.0423128660456341	0.0017903786329957	0.0256483566426668	0.0001190540530535	0.0029449649305563	8.672818442206473e-06	1.4173867548465592e-08	0.0038320676057241	-0.0006316312325732	1.4684742134840036e-05	3.989580139619398e-07	0.0010157760186161	-0.000278540395833	1.0318009199955753e-06	7.75847521108044e-08	0.0	0.0	0.0	0.0	0.0	0.0	0.0	0.0	0.0	0.0	0.0	0.0	0.0	0.0	0.0	0.0	0.0	0.0	0.0	0.0	0.0	0.0	1.0	0.0	0.0	0.0	0.0	0.0	0.0	0.0	0.0	0.0	0.0	0.0	0.0	0.0	0.0	0.0	0.0	0.0	0.0	0.0	0.0	0.0	0.0
6310.795429481454	-37.13074153781963	1378.691967148364	39826138.95276401	13148.64856437623	43.1731879767467	1863.924160075506	172886959.0694731	6133.520192663654	-23.883585213056904	37620069.95381279	570.4256426293504	7462.353812861	8236.655791842553	1.36504	39.020733	0.1753914232977189	0.111201101691926	0.0639783449	-0.0746663369	0.0399322886	-0.0320986034	-0.1072226203	0.058868348	-0.0848080628	0.1487721083	-0.0388710749	-0.0391568709	-0.0394357675	0.0014995519	-0.0836967501	-0.0240323337	-0.1210440746	0.0157398358	0.0086223509	0.1056377812	-0.0545791731	0.0365370749	-0.0718638424	0.0706571394	-0.0864397837	0.104192797	-0.1077531432	0.0343795623	-0.025992676	0.1042590913	-0.0443017938	0.0510777034	-0.0570337711	-0.0530298723	-0.0018191482	0.1047362376	-0.0140154123	-0.0455615544	0.0151505013	-0.0195769253	-0.0584532948	-0.0180082135	0.0946759762	-0.0292375476	0.0001912699	0.078971493	0.0339746528	-0.1471292976	0.0291745199	-0.0926124124	0.1302463403	-0.0642837703	-0.1056904867	0.0425135879	-0.0591455	-0.0903214806	-0.0814288883	-0.032757831	-0.0291520474	-0.0578464691	0.0229037012	-0.0136553995	0.0925451306	0.0513109639	-0.0766118459	-0.0447493318	0.0200073093	0.0238089322	0.0420340464	0.0052000987	0.0018640272	0.00354561	-0.1018884746	-0.0112074848	-0.0535860948	0.0430478074	0.045161441	0.0324866918	0.1683054412	-0.0261689179	0.0266421562	-0.0765031046	-0.0200331462	0.0847088333	0.0378810815	0.0320556616	0.1019456865	-0.0265963435	0.0860554114	-0.0196089713	0.1062289755	-0.0533994725	-0.0233587826	0.1007544408	0.0127686694	-0.0975274919	-0.0305885593	-0.0514198484	0.0974652328	-0.0097579613	-0.0170463793	-0.0198318941	0.0073057935	-0.0826955087	0.0922304667	0.0108253821	-0.0075499927	-0.173536279	-0.0608131279	0.1172350259	-0.0842200364	0.0217704736	0.0427091318	0.0285159408	0.0316296352	0.0150661822	-0.0097947533	-0.0316900891	-0.0444759839	-0.1163192813	0.0227034305	0.0838528265	-0.1477465223	-0.0334978938	-0.022695376	0.0565051384	0.0614266669	0.0624582466	-0.1092424272	-0.1467521206	0.1372504402	0.0620291658	-0.0289329269	0.0206025677	-0.0123058807	-0.0821359129	0.0541141953	-0.1672119798	0.0057156049	0.0427750658	-0.0195948052	-0.0736466453	-0.0047076795	-0.0708050961	0.0328227801	0.0392651806	0.0924079834	0.013839863	-0.0410925435	-0.0101036834	-0.0908541996	0.0298345303	0.0843750214	-0.0481582911	-0.073916464	0.0642107624	0.0599717842	-0.0772348614	0.0102801554932909	-0.0073487456356532	0.0001056815969662	5.400406241753196e-05	-0.0549959125182937	-0.1070381969935141	0.0114571756156223	0.0030245503937198	0.1882788072759211	0.0281277640615016	0.0007911711110995	0.0354489092692434	0.0002437293472533	0.0001246752941997	1.5543928983806676e-08	5.940399471251969e-08	0.0039916833282971	0.0001596157225729	1.5933535793405013e-05	2.5477178892500843e-08	0.0013890193339843	0.0003732433153682	1.9293747101821884e-06	1.3931057246704574e-07	0.0	0.0	0.0	0.0	0.0	0.0	0.0	0.0	0.0	0.0	0.0	0.0	0.0	0.0	0.0	0.0	0.0	0.0	0.0	0.0	0.0	0.0	0.0	0.0	0.0	0.0	0.0	0.0	0.0	0.0	0.0	0.0	0.0	0.0	0.0	0.0	0.0	0.0	0.0	0.0	0.0	0.0	0.0	0.0	0.0
6263.70023567688	-47.09519380457459	2217.957279490441	39233940.6424186	13022.647480161171	-126.00108421505864	15876.273223370305	169589347.3925481	6102.82381364411	-30.69637901954411	37244458.50038163	942.267684911508	7428.196716891049	8008.267071299399	1.407246	40.227234	0.0784982450573742	0.0389380950786028	0.0513237806	0.0080506201	-0.0721558142	-0.1050536554	-0.0600493435	0.0223467466	0.0274682903	0.0478838018	-0.0676196204	-0.0278880538	0.0848602558	0.0564040578	-0.0034516136	0.0518996283	-0.0864657644	-0.080887456	-0.0430052014	0.0965312972	-0.024991656	0.0403816269	0.0222958589	0.1029247124	-0.1053766375	-0.0913766526	-0.082799413	0.0951138446	0.0587368641	-0.1055264159	0.0904342407	-0.0285637934	-0.0016532507	0.0368170166	0.0459974039	-0.1553470695	0.0091290676	0.0892809072	0.0429963197	-0.0130998775	0.0580727834	0.0839210813	0.0348541619	0.034004478	0.0372119671	-0.0092138947	-0.0466652476	-0.094723463	-0.0496203881	-0.059795478	-0.0570246958	-0.0280165512	-0.0201767255	0.0142514963	-0.016999069	0.0439673029	-0.0515359145	-0.023262583	-0.0912622929	-0.0866015095	-0.0159392149	0.1147631765	0.0723016964	-0.0396146813	-0.0578164028	-0.0337946915	0.0098533037	0.0071837437	0.0754849873	0.0898710822	-0.0765262693	0.0253274376	0.0455909934	-0.0675164165	-0.0182064137	-0.1074624906	0.0180901411	-0.0642508169	0.0438928162	-0.005278179	0.012641941	-0.0030657748	-0.1094116145	0.1082564678	-0.010537168	-0.0135452932	0.1818799425	0.1335302421	0.1275173076	0.0369346968	-0.0639528436	-0.1167684949	-0.0485867385	0.0418792931	0.0144248158	-0.0208644002	-0.0711847033	0.0320669755	-0.0766621363	0.0097863962	-0.0047795159	-0.0763243248	0.0261479151	0.1155850156	-0.0859783265	0.0789640148	-0.0687219088	0.0279896448	0.0235485214	-0.0017389119	-0.0720735641	0.0209715931	0.0046461029	0.0466732847	-0.05468526	0.0355000709	-0.0882892042	-0.0700591567	0.0229211787	-0.1197423508	0.0205502915	0.0314133904	0.0478486007	0.0798042232	-0.0181878448	0.057342806	0.0675227815	0.0717472473	-0.1006550268	-0.132892495	0.1053662897	-0.1042260682	-0.0440745088	-0.0484240338	-0.0204840621	-0.0538368533	-0.1060688323	-0.1390885099	0.0211818793	-0.0013712543	0.0582906064	-0.0172720825	-0.0286851039	-0.0186899447	0.0007419628	-0.0707587501	0.0600269225	0.0442875193	-0.0262856082	-0.0113606834	-0.0902742713	0.0334046344	0.0821172393	-0.0534567308	-0.0690637132	0.0703213046	0.0518920499	-0.0829927534	0.0100110639547068	-0.0002690915385841	0.0001002214015052	7.241025613755819e-08	-0.0874353385655553	-0.0324394260472616	0.0010523163622757	0.0076449384300732	0.2035233712296147	0.0152445639536935	0.0002323967301382	0.0414217626366675	0.0004283590390796	0.0001846296918263	3.4088123103874526e-08	1.834914663611983e-07	0.0038377463629386	-0.0001539369653584	1.4728297146248454e-05	2.369658930378392e-08	0.0011166827208124	-0.0002723366131719	1.2469802989609845e-06	7.416723087394119e-08	0.0	0.0	0.0	0.0	0.0	0.0	0.0	0.0	0.0	0.0	0.0	0.0	0.0	0.0	0.0	0.0	0.0	0.0	0.0	0.0	0.0	0.0	0.0	0.0	0.0	0.0	0.0	0.0	0.0	0.0	0.0	0.0	0.0	0.0	0.0	0.0	0.0	0.0	0.0	0.0	0.0	0.0	0.0	0.0	0.0
6255.594546861407	-8.105688815472604	65.70219117327767	39132463.13472217	12948.207993394746	-74.43948676642503	5541.237190048768	167656090.2402116	6111.906509898067	9.082696253957693	37355401.18573438	82.4953712416571	7420.384229275882	7842.876388974343	1.366897	39.073799	0.3046269322539635	0.1777505841552411	0.1004642458	0.0607282578	0.0364866961	-0.0091921253	-0.0048060038	0.0397707835	0.0383088929	0.0619052071	0.0097738906	0.0741567664	0.0638245263	0.0753331293	-0.0289387794	0.0438966459	-0.0739507447	-0.078926136	-0.0608050901	0.0304898523	-0.1244698634	0.1043347361	0.0818566638	0.1112978536	-0.0482203536	-0.0530176268	-0.1896266059	0.0081610245	0.1025039828	-0.0426284246	0.1113325945	-0.0418890324	-0.0593551749	0.0345806759	0.1556898625	-0.0833669874	-0.0654733466	-0.0284583142	0.1196104887	-0.0487519998	0.0434863341	-0.096504021	0.015637331	-0.0983692473	-0.0244041277	0.0456366595	0.0207331262	0.0065717826	0.0049917249	-0.058049447	0.0075439527	-0.0261491796	-0.0433410615	-0.0458562083	0.1702071752	-0.021392757	-0.0321989859	-0.1103574374	-0.0104117241	0.0498212989	-0.0823575472	0.0967485072	0.0487434389	-0.0429701458	-0.013419266	-0.0128800314	0.0247860502	-0.0367694025	-0.0943341645	-0.042573473	0.096493103	-0.1018229076	0.0156886425	0.0423902318	-0.0047498685	-0.2052472193	0.0561447489	-0.0452636558	0.0656073125	0.0582267408	-0.0272566227	0.046550159	-0.1093391101	0.0008963201	0.0771356789	-0.0713310032	0.1557482968	-0.1503178593	0.1650332685	0.000445869	-0.0655885206	0.0816993011	0.1126594473	0.1432475937	-0.1198859575	-0.0836944086	-0.0182900746	0.008238646	-0.1311191846	-0.1011537022	0.006239608	-0.1234861484	-0.15002829	0.1324870316	-0.1008505798	0.0589326384	-0.0277912988	0.0327330056	-0.0661360659	0.2130387785	0.0026794506	0.0481597083	-0.0526142923	-0.0377664657	0.1083913851	0.0467162802	0.0287559423	-0.0424297043	-0.0800570029	-0.0075103878	0.1211388461	0.0387497359	-0.0033134557	0.0401125716	0.0142572478	0.0950944084	0.0562597629	0.090169321	-0.0461843747	-0.0340261354	0.1195414122	0.019822835	-0.0366995775	-0.047631333	-0.0322381705	-0.1351716125	0.0306495002	-0.2091519415	0.0152193326	-0.0579738876	0.0623821506	-0.0295124076	0.0797540892	-0.0417374536	-0.009164904	-0.0654090612	-0.0558103248	0.0609844603	0.0318579535	-0.0126155821	-0.0896275589	0.0369191397	0.0796165037	-0.058508083	-0.0637513548	0.0757950062	0.0431986551	-0.0875088252	0.0119631950995682	0.0019521311448614	0.0001431180369903	3.81081600673788e-06	0.0621372359484553	0.1495725745140106	0.0223719550467492	0.003861036091314	0.2722063781951362	0.0686830069655215	0.0047173554458258	0.0740963123301135	-0.0009252250698167	-0.0013535841088963	1.8321899398565907e-06	8.560414298173173e-07	0.0036149392939308	-0.0002228070690078	1.3067786098804912e-05	4.9642989999846614e-08	0.0012286759354997	0.0001119932146873	1.5096445544760632e-06	1.2542480135995709e-08	0.0	0.0	0.0	0.0	0.0	0.0	0.0	0.0	0.0	0.0	0.0	0.0	0.0	0.0	0.0	0.0	0.0	0.0	0.0	0.0	0.0	0.0	0.0	0.0	0.0	0.0	0.0	0.0	0.0	0.0	0.0	0.0	0.0	0.0	0.0	0.0	0.0	0.0	0.0	0.0	0.0	0.0	0.0	0.0	0.0
6282.761421702856	27.16687484144859	738.0390886509323	39473091.08203769	12933.40591791108	-14.802075483665249	219.1014386241238	167272988.63745737	6136.896836025263	24.990326127195654	37661502.77601688	624.5163999435979	7435.512382319559	7858.560802164386	1.575959	45.050007	0.4190489282088437	0.2407770645432557	0.0407374224	0.0108368651	0.0504126237	0.1062527732	-0.0001264033	0.0753203647	0.0571054631	-0.0747672209	-0.015525886	-0.0463409733	-0.0814002819	-0.0904479267	-0.1112078474	-0.0460590689	-0.0816585193	0.0212170495	-0.0981456398	0.0006187237	-0.0570686305	-0.0125027292	-0.1590290606	-0.0133073238	-0.0425001055	-0.2202465764	0.0472699456	0.0716887403	-0.1030599304	-0.0286247862	0.0404484352	-0.002327635	0.0808611328	-0.0038611754	-0.0126098532	0.025930389	-0.0728013808	0.0769465778	-0.0583216558	0.0883578394	-0.019667268	-0.1065355414	0.0143866079	0.0520355959	-0.1745264717	0.0115427045	0.0249934795	-0.1889196224	0.0340788422	-0.0026630838	0.0610764934	-0.1385018966	0.0834792433	0.1306811061	0.0272791973	0.0175561196	-0.009097655	-0.0635228762	0.0164855667	0.1296772394	0.1076932174	0.0103235085	-0.0940196642	-0.036669281	-0.0166838608	0.0098101724	-0.0102234425	0.0777568575	-0.0290733882	-0.025219439	0.0594022443	-0.0014168587	-0.0461258616	-0.0721403274	-0.0160504576	-0.1383002823	0.0877234038	0.0335395321	0.0370923751	-0.0567243817	-0.0762758976	-0.1257186282	0.0491903851	0.065291455	0.1339340293	-0.1263982529	0.0034611408	0.2093298512	0.0871390264	-0.1702989205	0.0362185608	0.0116692568	-0.039372694	-0.0103909509	0.1337422203	-0.0290239307	0.0119639901	0.0350645664	-0.1481026481	-0.1058824252	-0.04654971	-0.1144412234	0.0684005533	-0.0443864137	-0.039012167	-0.1075286932	0.1020765829	0.0349331731	0.0259423887	0.037186556	-0.0285659664	0.1195061962	0.0386021587	0.0213876628	0.1366723887	-0.0805613214	0.1103102038	0.0764818588	-0.1989410979	-0.0348819663	0.0069178122	-0.0676203084	-0.0184305898	0.0864429531	-0.0061493083	0.006870909	0.1053272176	0.0787205265	-0.0874493616	-0.109288351	0.1108361243	-0.0607015759	0.0495074165	-0.0700729095	-0.0309004999	-0.1539020435	0.0560836847	-0.1586884208	-0.01101406	-0.0516581446	-0.0407339818	-0.0284665024	0.1078411262	0.0408622985	0.0682860364	0.1251544521	0.1149761464	-0.1673156989	-0.1362257169	-0.0138681475	-0.0889145408	0.0403721968	0.0768802134	-0.0632889993	-0.0580147416	0.0805822964	0.0339944055	-0.0907155029	0.0284013112541572	0.016438116154589	0.0008066344809555	0.0002702116627117	-0.0743927202189098	-0.1365299561673651	0.0186404289310626	0.0055342768215689	0.0870684811107693	-0.1851378970843669	0.0342760409368216	0.0075809204029363	-7.643717991194412e-05	0.0008487878899047	7.204408820489679e-07	5.842642472890914e-09	0.0038939859270821	0.0002790466331512	1.516312640031344e-05	7.786702347307613e-08	0.0007376512825053	-0.0004910246529944	5.441294145817139e-07	2.41105209848271e-07	0.0	0.0	0.0	0.0	0.0	0.0	0.0	0.0	0.0	0.0	0.0	0.0	0.0	0.0	0.0	0.0	0.0	0.0	0.0	0.0	0.0	0.0	0.0	1.0	0.0	0.0	0.0	0.0	0.0	0.0	0.0	0.0	0.0	0.0	0.0	0.0	0.0	0.0	0.0	0.0	0.0	0.0	0.0	0.0	0.0
6287.849461982591	5.0880402797347415	25.888153888203185	39537050.856554754	13054.202653539462	120.7967356283807	14591.8513384729	170412206.91967672	6137.019839218239	0.1230031929762844	37663012.50695826	0.015129785482361	7452.913116470406	8058.134102089174	1.626027	46.481255	0.1192567265351441	0.0588303146160138	-0.0140145784	-0.051312668	0.0547429535	-0.0419452162	-0.0912194572	-0.0107549916	-0.1008926405	0.1184001824	-0.0299665911	-0.0309337383	0.1056053481	0.0986015845	-0.080844192	-0.0980168849	-0.1151541056	0.1479632975	0.0582029255	0.013022061	-0.0752821793	0.0609511273	0.1239881387	0.0304567752	0.0782369248	-0.1263331979	0.0374724915	0.0233929245	0.0235341496	-0.026750734	-0.0610751992	0.1388989673	0.0327235948	0.025953589	-0.0024502075	-0.0343361858	0.0678200043	-0.1469376017	-0.111887006	0.0287531275	0.0573620658	-0.0574887379	-0.156897198	-0.0093752244	-0.0398982191	-0.0230141823	0.0149164119	-0.0498645232	0.0375347827	-0.0614896846	-0.1151104901	-0.055899539	-0.1061821367	-0.0595896654	-0.0713167965	0.0720891729	-0.1947836152	-0.0461762687	-0.055209395	-0.0085294238	-0.0589652295	0.0075588489	-0.1061556355	0.0926679992	-0.0867478795	0.0041227854	0.0827372121	0.0128176038	-0.0173283814	-0.0741724244	0.139611489	0.1261644287	-0.0463611116	-0.0386633101	0.1152861978	0.0456293881	-0.0344736252	0.0639817422	0.183944378	-0.0679157057	0.093256563	0.1197972102	-0.0801045132	0.0770806416	0.0200260285	-0.0407299424	-0.0307949308	0.1178989277	-0.0420253072	0.022157277	0.0024098263	-0.0634925584	-0.0383601446	-0.0336098617	-0.0304106134	0.0310532206	-0.0522234066	-0.1926999264	0.0929752563	0.0126746957	0.0844130452	0.065560656	-0.0045584726	-0.0433608756	0.0316122105	0.0820477057	0.0779318385	0.1825221095	-0.0881101239	-0.0117466321	0.0254814343	0.1339559594	-0.1080261515	-0.1155942536	-0.0217721151	0.0083269733	0.0539411931	-0.0470301487	-0.0338994956	-0.0543598694	-0.0781846176	-0.0722310723	0.0628394263	0.2089713873	0.0321985818	-0.004851082	0.0904220515	0.0492542071	-0.0112945497	-0.1113162719	0.092260145	0.0576676146	-0.0236217897	-0.0956340802	-0.0796753906	-0.0501575161	-0.0317348389	-0.0147537751	0.0507348783	0.0643973958	-0.006432811	0.0073309152	-0.0387399189	-0.0115967316	-0.0654853195	-0.0827357183	-0.0164300673	0.0807377164	-0.0758463287	-0.0151181479	-0.0881357445	0.0437580584	0.073916464	-0.0677773814	-0.0518920499	0.0846398209	0.0243881477	-0.0925648049	0.0263194714030561	-0.0020818398511011	0.0006927145749362	4.334057165632656e-06	-0.1055861883441622	-0.0311934681252523	0.0009730324536811	0.0111484431690488	0.0491423871405274	-0.0379260939702419	0.0014383886038396	0.0024149742138694	9.407557710833204e-05	0.0001705127570202	2.9074600306655737e-08	8.850214208265727e-09	0.0036825723303559	-0.0002114135967261	1.3561338968302884e-05	4.4695708880708256e-08	0.0013168314205298	0.0005791801380245	1.7340449900945312e-06	3.354496322820789e-07	0.0	0.0	0.0	0.0	0.0	0.0	0.0	0.0	0.0	0.0	0.0	0.0	0.0	0.0	0.0	0.0	0.0	0.0	0.0	0.0	0.0	0.0	0.0	0.0	1.0	0.0	0.0	0.0	0.0	0.0	0.0	0.0	0.0	0.0	0.0	0.0	0.0	0.0	0.0	0.0	0.0	0.0	0.0	0.0	0.0
6230.783567137919	-57.06589484467168	3256.516354423125	38822663.86051593	12987.510259673352	-66.69239386610934	4447.875399592259	168675422.74512058	6103.2813253963695	-33.738513821869674	37250042.93693207	1138.287314908491	7420.438122797706	8011.378669341918	1.397712	39.954697	0.3296533043882854	0.2080543584744537	0.0481415693	0.0480669896	0.0750094395	-0.1307142169	-0.0672132649	-0.0002076255	-0.0154777881	0.1566023969	-0.0232751663	-0.0247661318	0.0246090646	0.0678745985	-0.005472832	0.0489395385	-0.0936305055	0.0645081117	0.0168796568	-0.0178084174	-0.0140522391	-0.028678585	0.0913777142	-0.0589839461	0.0357180437	-0.0805413639	-0.0147147056	0.0039691652	0.1059710597	0.0230078257	0.0313722098	-0.0699496814	-0.0870084442	-0.0582415944	-0.0093205239	-0.0877334218	0.0808277436	-0.0273025004	-0.0566084177	-0.0078204329	-0.0679441421	-0.0163123652	0.0690926557	0.0613941786	0.0745722354	0.0151340492	-0.0403424896	0.0108744015	-0.1691243575	-0.0243810502	0.0540078529	0.0082390677	-0.1191304555	-0.0492655344	-0.0037187733	-0.1034263356	0.0533132722	0.0493719579	0.029609676	0.0176205489	0.0800759964	0.0194828657	0.0144144722	0.11108281	0.0392410026	0.1139103805	-0.0717322978	0.0025716438	-0.0777355797	0.0751031279	0.0288190883	0.028663164	-0.0936355318	0.043770948	-0.0062506452	0.0094272205	-0.0194816836	-0.0504828155	0.1395676431	-0.0139119189	0.0219622801	0.0626998061	-0.0749518183	-0.0179977034	-0.0444426425	-0.054252383	-0.0353392044	0.0098286973	-0.0152779189	0.083923128	-0.0616956935	0.015022249	0.0837187689	0.0348627694	-0.0635879106	-0.0473266634	-0.0126087912	0.021181359	-0.0718336587	-0.0705565127	-0.1173192076	0.0573880952	0.1035387813	-0.0120465864	0.1262004317	0.0135214973	-0.1226858231	-0.0568068793	-0.0362378787	-0.0607774367	0.0064925396	0.0968644499	0.0234494841	-0.0184302796	-0.0120120429	0.047376347	0.0715484481	-0.049434294	-0.0119645387	-0.1373993286	0.0955315221	0.0343525076	0.032445026	-0.0618949302	0.0765739838	0.049551455	0.091892431	0.0364620491	0.0086719516	-0.0445209781	0.0221535914	-0.050066224	0.0148019168	-0.1144743886	-0.0397856744	-0.0700362999	-0.0585121468	-0.0197336324	0.0517371882	-0.035301822	0.0408276932	0.0331975607	0.0093246539	-0.0060011951	0.0268652129	-0.0072779257	0.0314522148	0.1535545109	0.1353688672	-0.0163653521	-0.0872917462	0.047071089	0.0707340242	-0.071952483	-0.0454240252	0.0879308341	0.0144934828	-0.0930290603	0.0445428080301582	0.0182233366271021	0.0019840617472115	0.0003320899978246	0.0834013093923289	0.1889874977364911	0.0357162743007002	0.0069557784083549	0.130186127671223	0.0810437405306956	0.0065680878792067	0.0169484278380279	-0.0006037368643979	-0.0006978124415062	4.869422035208886e-07	3.644982014330084e-07	0.0036421375013508	-4.0434829005100027e-05	1.3265165578745848e-05	1.6349753966716782e-09	0.0012271041011612	-8.972731936860009e-05	1.5057844750866366e-06	8.050991841074758e-09	0.0	0.0	0.0	0.0	0.0	0.0	0.0	0.0	0.0	0.0	0.0	0.0	0.0	0.0	0.0	0.0	0.0	0.0	0.0	0.0	0.0	0.0	0.0	0.0	0.0	0.0	0.0	0.0	0.0	0.0	0.0	0.0	0.0	0.0	0.0	0.0	0.0	0.0	0.0	0.0	0.0	0.0	0.0	0.0	0.0
6229.463991606986	-1.319575530932525	1.7412795818358553	38806221.62272805	12897.903570220227	-89.606689453125	8029.358794748783	166355916.50669968	6100.189809761795	-3.0915156345745345	37212315.71512164	9.557468918818786	7402.953298878155	7801.724899784212	1.382464	39.518799	0.2636675357638084	0.1276749710081323	0.0030541274	0.0498275718	0.0410372725	0.0409989755	-0.0223965611	-0.0070010035	0.0223081038	0.0200221981	0.0246556659	-0.0113655053	-0.0407169427	0.0117877883	0.0404048356	0.0337529609	0.0061797031	-0.0473119326	0.0072046097	0.0452672523	-0.018386971	-0.1043805396	0.0517200264	-0.0421727616	-0.0474490262	0.0605187015	-0.0775552263	0.0020993913	-0.1689956626	0.0039421519	0.0307911796	0.0317791633	-0.1603973526	-0.0836659013	-0.0652403734	0.0154728854	0.0649663119	-0.1207731627	-0.1141547132	-0.0611630601	-0.071113738	-0.0852180829	0.0387926078	0.0213520063	0.0226090977	-0.0687419198	0.0515170574	0.0456847689	0.119241403	-0.0566525748	0.1311581421	-0.0217453702	-0.0235793787	-0.0626432664	0.0154590627	0.0463378445	0.0239381706	0.1831671375	0.0919358038	0.1624675962	0.1317883899	-0.0174217171	0.0066967186	-0.1096861804	-0.0344048628	0.1133449178	-0.0050507608	-0.0231162275	-0.0394583183	0.030850676	-0.1169676774	-0.0045107352	-0.0886178356	0.0124628102	0.0359336071	-0.0014727949	-0.0179925513	-0.0411341256	0.0028173043	0.0482865695	-0.003252286	-0.0011798958	0.0236590727	-0.0921022236	0.0093513963	0.0242138755	-0.0066003323	-0.0324503613	0.0823584383	-0.013021622	0.1475954647	-0.0844838396	-0.0655331558	0.0663996522	-0.0899877018	-0.0870430702	-0.0236787997	0.0139542408	-0.0970538047	0.0369466184	0.0872549546	0.0078418862	0.0301402577	-0.1488839104	0.0924368199	-0.0826314911	-0.0896341646	-0.140265354	-0.0583994309	-0.0338222081	0.0124597858	0.0603867804	-0.0275618652	-0.083660332	0.0730818174	0.1760425312	0.0284951199	0.0854582077	-0.0401146901	-0.0600963501	-0.0312679122	0.0431807993	-0.0378074313	-0.0838821041	0.0351140643	0.0002959832	0.0262239752	0.0564491952	0.0229765325	-0.0244884452	-0.0335710767	-0.0200853471	0.0372487424	0.0321770579	-0.0128265422	0.0182599362	-0.0247624062	0.0583825955	-0.073195359	0.1701043712	0.0964009448	-0.0460915576	0.0721014635	-0.0347379033	-0.1115918415	-0.1287226099	0.0854301967	0.0725318069	0.0254841194	-0.0176095295	-0.0863831703	0.0503057744	0.0673423095	-0.0757950062	-0.038653711	0.090425532	0.0044274221	-0.0921013223	0.0970193984648375	0.0524765904346792	0.0094127636784789	0.002753792543649	-0.0064051784299294	-0.0898064878222583	0.0080652052549694	4.102631071923286e-05	0.1226696829440072	-0.0075164447272158	5.649694133729039e-05	0.0150478511135832	0.0007006803842754	0.0013044172486733	1.701504358636422e-06	4.909530009083221e-07	0.0029930481871374	-0.0006490893142133	8.958337450526477e-06	4.213169378260218e-07	0.0015509577938676	0.0003238536927064	2.405470078358653e-06	1.0488121427957141e-07	0.0	0.0	0.0	0.0	0.0	0.0	0.0	0.0	0.0	0.0	0.0	0.0	0.0	0.0	0.0	0.0	0.0	0.0	0.0	0.0	0.0	0.0	0.0	0.0	0.0	0.0	0.0	0.0	0.0	0.0	0.0	0.0	0.0	0.0	0.0	0.0	0.0	0.0	0.0	0.0	0.0	0.0	0.0	0.0	0.0
6221.769887366932	-7.694104240054003	59.19924005681698	38710420.53134593	12899.425374669352	1.5218044491248293	2.315888781376125	166395174.99666354	6095.423538108277	-4.766271653517833	37154188.108924426	22.717345475127622	7387.982329663172	7953.3833815559265	1.274291	36.426601	0.2052241616958109	0.1354070582194356	0.0700493266	0.0507368525	0.0099212004	-0.0040650391	-0.1220732985	0.0115783879	0.042764904	0.0526053077	-0.0041773577	-0.0753393624	-0.0595996509	0.1198646043	-0.0020745887	0.0603022229	-0.0512886874	-0.0811181608	0.0240244474	-0.0788360055	0.1232217111	0.0578240064	-0.0164752825	-0.0741145616	-0.0387844152	0.0238127559	0.0127094837	0.0027993626	0.0799415218	0.0500435891	-0.0189513594	-0.1098568128	-0.0383143564	-0.0738174135	-0.0325189715	-0.0641203561	0.0064351948	0.0937685761	0.0149839071	-0.0148890224	-0.0475887625	0.1476131708	0.0642049439	-0.1008212026	-0.0926893973	0.0025180219	0.0876671869	0.0165490013	0.054476447	0.1089809802	-0.1354715137	0.0365748003	-0.0207871054	-0.0859524078	-0.0710190165	0.1692137119	0.0036615595	0.0487490296	0.0934817462	0.1017034303	-0.0707633265	0.0733148789	-0.1086148581	0.0253696581	0.0642185547	0.0080262466	-0.0475710102	0.0909627423	0.0139907531	-0.0562604202	-0.0150157143	-0.0479388189	-0.0187837376	0.067634624	0.0534606329	-0.0794850816	0.027979511	-0.0626505192	0.0374497893	0.0149242879	-0.0590208481	-0.089825607	-0.0459919971	-0.0713646721	-0.0122450948	0.1091341019	-0.0294313	-0.0033979249	-0.0800677943	0.1810087476	-0.0631226159	0.0076024398	0.0437184182	0.0459554958	-0.0685635032	-0.0544307786	0.109707658	0.0462931941	-0.0447072542	-0.0755351618	-0.1154000428	-0.0421150945	0.013207273	0.0354233399	0.0151014041	-0.0369296985	0.0531730237	0.0906944697	-0.0197769917	-0.0415485858	0.2071602875	0.023627962	-0.0183183618	0.1803976823	-0.0783918392	-0.0686345689	0.0018185066	-0.0523787609	0.0440147704	-0.0678001239	-0.1261976379	-0.092311824	0.1477343832	-0.0187803181	0.1842459976	0.0558309318	0.0578902953	0.0588888512	0.0100494786	-0.0281811115	-0.1032064701	-0.0622095096	0.0456438395	0.0976444961	0.0411572814	0.0187677147	0.023166394	0.0572495888	0.1170099317	0.0882333276	0.0757268511	-0.0003947534	-0.0237958123	-0.0752866087	-0.049370193	-0.074387861	0.1360555212	0.1237757982	0.2988101765	-0.0188504498	-0.0854106889	0.0534567308	0.0637513548	-0.0792871898	-0.0316261628	0.0921013223	-0.005690996	-0.0897954726	0.0948062305362924	-0.002213167928545	0.0089882213485006	4.898112279940565e-06	0.1237824551712662	0.1301876336011956	0.0169488199426791	0.0153220962082265	0.1438510465198774	0.0211813635758702	0.0004486501629332	0.0206931235848639	-0.0001445619163983	-0.0008452423006737	7.144345468481694e-07	2.089814767274908e-08	0.0030029092972228	9.861110085399897e-06	9.01746424734713e-06	9.724149211637551e-11	0.0013732212728227	-0.0001777365210449	1.885736664132796e-06	3.159027091314422e-08	0.0	0.0	0.0	0.0	0.0	0.0	0.0	0.0	0.0	0.0	0.0	0.0	0.0	0.0	0.0	0.0	0.0	0.0	0.0	0.0	0.0	0.0	0.0	0.0	0.0	0.0	0.0	0.0	0.0	0.0	0.0	0.0	0.0	0.0	0.0	0.0	0.0	0.0	0.0	0.0	0.0	0.0	0.0	0.0	0.0
6191.79212244174	-29.977764925192787	898.6663899101189	38338289.68753158	12831.68840927965	-67.73696538970216	4588.296480205709	164652227.43284172	6060.932535408369	-34.49100269990777	36734903.19877172	1189.629267245045	7382.350843566557	7813.984107528195	2.46767	70.54026	0.6937996593226498	0.4860038787587623	-0.1466500538	-0.0003444838	-0.025173178	-0.0054297539	0.1020368646	-0.0879625517	-0.0232470533	-0.2126521565	-0.1173317185	0.0054591703	-0.0357900564	-0.0103653977	0.2060025103	-0.0943249196	0.1560319884	-0.0696674001	0.085896623	-0.0660304309	0.1726544999	0.0566257982	0.1664238482	0.0082081374	0.0934347183	0.1239771203	-0.1491561574	-0.0764480407	-0.0869860229	0.0793308243	-0.030119825	0.076296612	-0.1007115272	-0.0770080698	0.0214682941	-0.0401722836	0.0707193771	0.0217145213	-0.0593880864	0.051731619	0.1196083285	0.0400015532	-0.1148245124	0.1033474744	-0.0190538252	-0.0162643113	-0.0169673844	0.0156133136	0.1309730525	0.0690946592	-0.1036083073	-0.0882024455	-0.0426041753	-0.0099992441	-0.0090846267	0.1165833923	0.0274276633	-0.0619453013	-0.1504992508	-0.070312996	0.1091656681	-0.0411193786	0.1609252778	0.0818075701	-0.0992274575	0.0121107672	-0.0182876113	0.0069825723	0.0562674722	-0.009124504	-0.0312529303	0.0930549366	0.1204950274	0.0123474198	-0.0789006951	-0.0203833668	-0.1244951404	0.0960531555	-0.2195216339	0.0150024199	0.0625122578	-0.058994597	-0.0467548742	-0.3370274885	0.0162050704	0.1381742647	0.1247114557	-0.1391798753	-0.2155006274	-0.0719577253	0.1164510778	-0.0156377195	-0.1824681748	-0.0545567395	0.0111200727	-0.0728456262	0.0867509799	-0.1928936566	0.0520816642	0.0102001645	0.0793501956	-0.087545884	0.1704726423	0.0115095069	-0.0048116724	0.0954047039	0.0468380516	0.0772203911	0.1956726653	-0.1057123115	-0.0569930444	0.0031328819	-0.0156271874	-0.0832423396	-0.0086449183	0.100681142	-0.022921563	-0.0720753231	-0.0794527562	-0.1188639021	-0.0356497223	0.0586454672	0.0893905596	0.0687830133	-0.1559146485	-0.1098338881	-0.1157567565	0.0360438933	-0.0118709302	0.2471121159	-0.1678251834	0.0628724104	-0.0282748322	-0.1126122646	-0.0269601987	-0.0689473296	-0.0381098647	0.0600399664	0.0184421701	0.4561100391	0.3011829991	-0.134496738	0.1554817414	-0.0482944533	-0.1515249492	0.1623965156	0.1131394383	0.0103971007	-0.1950265896	-0.0200878836	-0.0843750214	0.0565187138	0.0599717842	-0.0824128925	-0.0243881477	0.0929430287	-0.015742114	-0.0861460138	0.1541239417119726	0.0593177111756802	0.0237541894088355	0.0035185908591214	0.154046351792374	0.0302638966211078	0.0009159034386931	0.0237302785005398	-0.2379240203557344	-0.3817750668756118	0.1457522016878778	0.0566078394622359	0.004102235422658	0.0042467973390563	1.8035287639015663e-05	1.6828335462910057e-05	0.0031030475473674	0.0001001382501445	9.628904081222836e-06	1.0027669142022477e-08	0.0014751453766268	0.0001019241038041	2.176053882183424e-06	1.0388522936268965e-08	0.0	0.0	0.0	0.0	0.0	0.0	0.0	0.0	0.0	0.0	0.0	0.0	0.0	0.0	0.0	0.0	0.0	0.0	0.0	0.0	0.0	0.0	0.0	0.0	0.0	1.0	0.0	0.0	0.0	0.0	0.0	0.0	0.0	0.0	0.0	0.0	0.0	0.0	0.0	0.0	0.0	0.0	0.0	0.0	0.0
6278.637763952332	86.84564151059203	7542.165449386266	39421292.17092834	12912.233586829478	80.54517754982771	6487.52562653327	166725776.20084724	6092.486773522071	31.554238113702013	37118395.08554138	995.6699429362048	7410.438172582284	8050.346745964788	2.286458	65.360184	0.359718860452044	0.1787997235374252	-0.1700933669	-0.0963456744	0.1165780411	0.126573447	0.2009154214	-0.0695812222	-0.1138207645	-0.075740297	0.1213060935	0.2733189609	-0.0169642987	-0.2256447425	0.1203152049	-0.1685068968	0.163607306	-0.0922228196	0.0684925635	0.0528297925	0.0305023378	-0.0959208214	-0.1281348494	0.0118615963	0.1166515381	0.1282475139	-0.0225226407	-0.0829861773	-0.1035273475	-0.014767985	-0.0016173013	-0.1838042816	0.1237678868	0.020519119	-0.0304052036	0.0474177322	-0.0323881747	-0.0154758325	0.0749032088	-0.1300962013	0.0598131273	0.0181166424	-0.2074059469	-0.0138530144	-0.0643510571	0.0277983002	0.0011327382	0.0385364012	0.0917440051	0.0659551797	-0.0068565052	-0.0528622121	0.0521528283	0.0607099889	0.0618631819	-0.0503643925	0.0556219027	0.0019663207	0.0473627909	-0.0115688495	-0.0869045979	0.1080921854	-0.0552745113	0.0464612693	-0.0082774377	0.0085192035	0.0760208741	0.0411732196	-0.0677334307	-0.1010593517	-0.0208636111	0.0528546515	-0.1173932837	-0.0804212102	-0.0566663849	0.0518798065	-0.1273476013	0.1185747888	-0.1519912462	0.1751696036	0.0365372065	0.0148830211	0.288414755	0.0685557958	0.0347364449	0.055817004	-0.0372919405	-0.1462855657	-0.072493028	-0.0865282002	-0.1754389086	-0.024796234	0.0417894535	-0.0754611809	-0.0699884323	-0.027344048	0.1211121754	-0.0626863836	-0.1210048635	0.116704159	0.0412082126	-0.1186498546	-0.1103624806	-0.2376866227	0.0497454601	0.0091593107	0.0473006831	0.1141244805	-0.0035715795	0.0077279619	-0.0131684511	0.0601332435	-0.131579345	-0.0094695865	0.0484924623	-0.1213615039	0.0028674728	-0.0574126588	0.0521038152	0.0685485144	-0.0623521093	0.0071625097	0.0431113544	0.0005118925	0.0073610372	-0.1931493023	-0.2109567798	0.0641411302	-0.0264277217	0.2556447244	0.0914175622	-0.0640890856	0.1634942259	-0.0809597853	0.0320199136	0.0421002838	0.2307702182	0.1513922734	-0.2299375288	0.2192931993	-0.1038854426	0.2492660169	-0.0156774704	-0.0739221497	-0.0885329498	-0.0253556969	0.0305423205	-0.0071666727	-0.075974952	-0.0213216021	-0.0832769341	0.0594866269	0.0560147802	-0.0851576666	-0.0169878336	0.0929430287	-0.0256070703	-0.0812075526	0.140729122177774	-0.0133948195341986	0.0198046858289268	0.0001794211903537	0.0688605740183163	-0.0851857777740577	0.0072566167349711	0.004741778654132	-0.3355193537143321	-0.0975953333585977	0.0095248490933758	0.1125732367168831	0.0060990353570198	0.0019967999343618	3.9872099778672895e-06	3.719823228617764e-05	0.0036353080061573	0.0005322604587898	1.3215464299631362e-05	2.833011959912347e-07	0.0022169435791789	0.0007417982025521	4.914838833262552e-06	5.502645733095264e-07	0.0	0.0	0.0	0.0	0.0	0.0	0.0	0.0	0.0	0.0	0.0	0.0	0.0	0.0	0.0	0.0	0.0	0.0	0.0	0.0	0.0	0.0	0.0	0.0	0.0	0.0	1.0	0.0	0.0	0.0	0.0	0.0	0.0	0.0	0.0	0.0	0.0	0.0	0.0	0.0	0.0	0.0	0.0	0.0	0.0
6300.169347366378	21.53158341404651	463.6090843160427	39692133.8054949	13048.896847221797	136.663260392319	18676.846741058784	170273708.92943496	6132.459708020578	39.97293449850622	37607062.07049583	1597.8354924218686	7445.191751186001	8026.005961338166	2.275958	65.060028	0.4934616594067912	0.2932733109956676	-0.021435847	-0.0505444589	0.0018688347	0.0051272203	0.0044665852	0.045191587	-0.0452206505	0.025448596	0.0349151504	-0.0264256537	0.1746441673	-0.025825435	-0.0822606662	-0.0921194974	0.0447644863	0.0360449589	0.0623636013	-0.1363560721	0.1119080415	-0.0021392803	-0.037781414	0.0731236075	0.0912226525	-0.0357802061	0.0426546047	0.1765003869	-0.1067876395	-0.0137553927	0.0294813081	-0.051392869	-0.1886119212	-0.0491291086	0.0438062494	0.0356818301	-0.0350584434	-0.0217113977	0.0543022735	-0.2139185056	0.0192624605	-0.0382980833	-0.0353265161	-0.1902026272	-0.0535483065	0.0195174373	-0.021720141	-0.0496374241	0.0084838194	0.0187798299	0.0164630286	0.0717259296	-0.0045385621	0.0410902009	-0.0684820839	-0.0648589498	0.014672949	-0.0040999969	0.1599428371	-0.02943639	0.0136417275	0.0242419887	0.0682434966	-0.0881357744	-0.0852443991	-0.1732830935	-0.0361147504	0.1318087641	0.0377652611	0.1054355769	0.0786132573	-0.0123439093	-0.0467327961	-0.0521499458	0.0282902931	0.0013023269	0.0293728363	0.0757658512	0.0329090057	-0.048727769	0.0384892219	0.136605898	0.0412833915	0.0289861531	0.0083584174	-0.0171591826	-0.0200767526	0.1099115533	-0.1289527437	0.0977242675	-0.1262516661	-0.0133307047	-0.2001479967	0.1176383054	-0.1826713824	-0.1345608926	0.2335498893	0.0762640266	0.0758692506	-0.0253601127	0.0643702619	-0.0361546999	0.0161504137	0.0128734794	0.0534839526	-0.1551203013	0.0859629568	-0.0165330048	-0.0774272816	0.00716185	0.0492916026	0.0488492166	0.102005989	-0.0249373964	0.0389738419	0.0059953761	-0.166658888	0.1132305553	-0.0275802307	0.0813594794	-0.02424492	0.0203213588	0.0178160623	-0.0723044701	0.0713844394	-0.0582437141	-0.035928286	-0.0320345567	-0.0979964963	-0.0054964379	-0.0611480132	-0.1020909474	0.0430896039	0.0480817918	-0.0310403671	0.0036605228	-0.0249730396	0.1688037975	0.1585665314	0.0352992292	-0.0574582914	0.1989849975	-0.1389841766	0.1030398542	-0.0747145763	-0.0327224861	0.1258082461	-0.0065086189	0.1812857964	-0.022551377	-0.0821172393	0.0623555305	0.0518920499	-0.0875088252	-0.0094744681	0.0921013223	-0.0351692048	-0.0750539832	0.0597949482408353	-0.0809341739369387	0.0035754358351241	0.0065503405108546	0.0953590435213413	0.0264984695030249	0.0007021688860027	0.009093347181305	-0.0965067909115546	0.2390125628027775	0.0571270051775516	0.0093135606920465	0.004164741131347	-0.0019342942256728	3.7414941514711385e-06	1.7345068691133488e-05	0.0029784107050465	-0.0006568973011108	8.870930327935589e-06	4.31514064206653e-07	0.0018678060426815	-0.0003491375364974	3.488699413077525e-06	1.2189701939147341e-07	0.0	0.0	0.0	0.0	0.0	0.0	0.0	0.0	0.0	0.0	0.0	0.0	0.0	0.0	0.0	0.0	0.0	0.0	0.0	0.0	0.0	0.0	0.0	0.0	0.0	0.0	0.0	1.0	0.0	0.0	0.0	0.0	0.0	0.0	0.0	0.0	0.0	0.0	0.0	0.0	0.0	0.0	0.0	0.0	0.0
6306.092358571749	5.92301120537104	35.0820617389509	39766800.834837005	13028.481835072434	-20.415012149362155	416.7727210586044	169741338.92681238	6119.905634063522	-12.554073957056062	37453244.969842434	157.60477291923326	7434.762622045788	8098.472763553743	1.173593	33.548054	0.1755647185855082	0.1205063926141474	-0.008041251	-0.0926938942	-0.0716390549	0.0162302529	0.01702544	0.0551551473	-0.0598750339	-0.0144582454	0.013572587	0.0209770546	0.0710131884	-0.000642428	-0.0290464286	-0.0683307359	0.0452992299	-0.0322357376	-0.0413789378	-0.0756726178	0.023992172	0.0582945355	0.0671981182	0.0027166964	0.1114483424	0.087457432	-0.003738916	0.1001170013	-0.0270441068	0.0978167271	-0.1008060317	-0.0522306286	0.0833300303	0.0227456335	0.0678188142	0.0025469158	0.0431740245	0.1155369802	-0.1314547341	0.0956182728	0.06357642	-0.0933535015	0.0099304417	0.0141637408	0.0321700213	-0.0636978391	-0.0427255363	-0.046336388	0.0134075155	0.0905826454	0.1125910403	0.2246034516	0.0822611076	0.0542653249	0.1121799547	0.0213589323	0.0100103439	-0.0257106044	0.0813668109	0.0243854247	-0.0374539319	-0.0392089614	-0.0041030938	-0.0012482047	0.0494515077	0.066036885	0.0007795037	0.0226353386	0.0239666155	0.0456337815	0.0863916757	0.0016079333	0.0054713881	-0.0693177072	0.0032690874	0.0084103438	0.0256703555	0.0784045522	-0.0350423899	0.0055880616	-0.0099429521	0.0654931305	-0.0388631327	0.0257715181	-0.0629250984	0.0103875808	0.0095973147	-0.0777508654	-0.1256782361	0.0159313832	-0.0748250349	0.00898923	0.005233621	-0.0596083753	0.0363078717	-0.1066667097	-0.0480906951	0.0257239088	0.1059621177	-0.053961792	-0.0182866	0.0551140498	-0.073069394	0.0467246204	0.0845268632	-0.17931542	0.0144402497	-0.0373502297	0.169475248	-0.0170212945	-0.0920743822	0.1098493766	0.1087033017	0.0017449908	0.0469074334	-0.047621195	0.0309694555	0.0411125933	0.0087061004	0.1238249663	0.0662912939	0.0210274365	-0.0216389281	-0.0323743582	-0.0489840842	-0.0308415442	-0.0445735121	-0.0086227948	-0.0765358145	0.0013434992	-0.0498779105	0.0109789906	-0.0371532803	0.0338140423	0.0481244118	0.0639250693	-0.0221780274	0.0490819222	0.0295894243	0.1164788637	-0.0410447922	0.1061609745	-0.0586522149	0.0583073304	0.0189439956	-0.0078949024	-0.0211068277	0.0190974882	-0.0115962084	-0.0237769808	-0.0808967948	0.0651206494	0.0476157909	-0.0894555007	-0.0018980517	0.090425532	-0.0443154383	-0.0677773814	0.0658159532809605	0.0060210050401252	0.0043317397062815	3.625250169321312e-05	0.08727381258511	-0.0080852309362313	6.537095929219165e-05	0.0076167183631409	0.0075544451479672	0.1040612360595218	0.0108287408502355	5.706964149364517e-05	0.0034408187167439	-0.000723922414603	5.240636623647824e-07	1.1839233441495138e-05	0.0026909655743005	-0.0002874451307459	7.24129572207042e-06	8.262470318958496e-08	0.002004383428325	0.0001365773856434	4.01755292774388e-06	1.8653382269213297e-08	0.0	0.0	0.0	0.0	0.0	0.0	0.0	0.0	0.0	0.0	0.0	0.0	0.0	0.0	0.0	0.0	0.0	0.0	0.0	0.0	0.0	0.0	0.0	0.0	0.0	0.0	0.0	0.0	0.0	0.0	0.0	0.0	0.0	0.0	0.0	0.0	0.0	0.0	0.0	0.0	0.0	0.0	0.0	0.0	0.0
6311.0113724250505	4.919013853301294	24.196697288970046	39828864.54287832	13049.451364111712	20.969529039277404	439.7211481290983	170288180.90431702	6110.698308009727	-9.207326053794532	37340633.81151294	84.77485306088359	7419.935844049688	8127.203912624236	0.937843	26.80896	0.1053139865907312	0.0635061879706566	0.0371490925	-0.0840079748	-0.0428608979	0.0204829923	-0.0277538219	0.0875711671	-0.0308953631	-0.0343323262	-0.0105399167	-0.0329545266	0.0352850054	0.0610298094	-0.0240037514	-0.0244720462	0.0046297347	-0.0869132625	-0.0570959263	-0.0059924718	-0.0642701987	0.002727449	0.0829548526	-0.023423541	-0.0400122048	0.0929146221	0.0297277419	-0.0249252469	0.0284559236	-0.0142846398	0.0323000878	-0.0797855673	0.054477086	-0.0238442642	0.07064331	0.0285242323	-0.0202903833	0.0713110156	-0.0728071267	-0.0304128404	0.0091898415	-0.0092492587	0.0203432321	-0.1508246352	-0.0476878603	-0.0754399117	-0.0918962715	-0.0851266929	-0.1039778825	0.0147159563	-0.0608231531	-0.0628856303	-0.1138237921	0.013974188	0.1431832832	-0.1179307707	0.0578771509	0.0307367037	-0.0268867396	-0.0464807998	0.1449866123	-0.0089545319	-0.1035283592	-0.040224797	0.0934254936	-0.0269342335	-0.0840063099	-0.0869677001	0.0484380418	-0.0941740787	-0.0462124105	-0.0504219484	0.1458882493	0.0213021298	-0.0289528368	0.0653599491	0.068447914	0.0663920776	-0.0370640603	0.0288604094	-0.0447623643	0.0149557655	-0.0849302634	-0.0149619987	-0.0414091404	0.027703518	0.0429246065	0.0092617499	0.076885536	0.0269798804	-0.0963231694	0.0208791541	0.0087827146	0.0020127299	0.0237530196	0.0070891398	0.0570384172	0.0618617604	0.0525634479	-0.0035650304	-0.0343593356	-0.0081553629	0.051775589	0.0067240364	0.035874572	-0.0988881874	0.0284718262	-0.0735604477	0.0350847782	-0.0207643068	0.0987593759	0.0561072554	0.0609628039	-0.006630641	-0.0518722602	0.0191363653	-0.0341225168	-0.0949706295	0.0001342033	0.1662520565	0.2051014459	-0.0485193387	-0.0254475895	0.0175662209	-0.0797432633	0.0021970604	-0.0077759796	0.006162549	-0.0788978173	-0.0842279502	-0.0571271994	0.0090229634	-0.0691008366	0.0086496327	0.0317389282	0.0582621916	-0.0294818098	0.0618688126	0.0578766212	-0.0003378476	-0.032078786	0.0651226061	-0.0724127591	0.1006215477	-0.010196269	0.0029674722	0.0251712975	-0.0733268349	0.0108235103	-0.024998187	-0.0796165037	0.0677773814	0.0431986551	-0.0909886953	0.005690996	0.0879308341	-0.0529376103	-0.0594866269	0.0547826752298306	-0.0110332780511299	0.003001141505337	0.0001217332245535	0.0308650769458722	-0.0564087356392377	0.0031819454564174	0.0009526529748746	0.0354421338758257	0.0278876887278584	0.0007777231825819	0.0012561448536719	0.0035349466945162	9.412797777230004e-05	8.860076199502609e-09	1.2495848133071008e-05	0.0026978825778245	6.91700352400005e-06	7.27857040372897e-06	4.784493775102911e-11	0.0019057427261712	-9.864070215379984e-05	3.6318553383544366e-06	9.72998812139465e-09	0.0	0.0	0.0	0.0	0.0	0.0	0.0	0.0	0.0	0.0	0.0	0.0	0.0	0.0	0.0	0.0	0.0	0.0	0.0	0.0	0.0	0.0	0.0	0.0	0.0	0.0	0.0	0.0	0.0	0.0	0.0	0.0	0.0	0.0	0.0	0.0	0.0	0.0	0.0	0.0	0.0	0.0	0.0	0.0	0.0
6303.680893264905	-7.330479160145842	53.73592471733249	39736392.80411302	13004.043097548598	-45.40826656311401	2061.910672266818	169105136.88290134	6110.13510909735	-0.5631989123767198	37333751.051424086	0.3171930149023201	7419.838739783126	8179.893657093663	0.881453	25.197027	0.0483995746554851	0.0262854667881229	0.0123537539	-0.0997589467	-0.0676425149	-0.002891265	-0.0138706815	0.0634156372	-0.043734837	-0.0305971737	0.0047483856	0.0247879359	-0.0079370552	0.0190691719	0.0044961068	-0.0663159593	0.0491089027	-0.0864433788	-0.039765894	0.0508905058	-0.0449240068	0.0131233645	0.0479977329	0.0210168161	-0.0384987333	0.071770299	0.0469361747	0.021442965	-0.0649016283	0.0127982966	-0.0098711296	0.1123836696	0.0200366998	-0.0098835118	-0.0413623689	0.0510746935	0.0402393704	0.026663586	0.059811368	-0.0520614137	-0.0902219029	0.0520661055	-0.0838063331	0.0941397828	-0.053070561	0.0036095413	0.0220233885	0.0413673946	-0.0601479735	0.1364353435	0.0289833595	0.0719657846	-0.0079262414	-0.0160604852	-0.0455894659	0.0243473333	0.0051886842	-0.1124323383	0.1098634639	-0.0285442221	-0.1992019093	0.021143854	-0.0481975638	-0.0243750041	-0.0155158771	0.0204736474	0.0442479479	-0.1470256321	-0.0162822956	0.032894161	-0.0648198753	0.071602688	0.068620474	-0.0565041138	-0.0289745879	0.0284468857	0.0374437962	0.0762856298	-0.061867067	0.0619084529	-0.0426276568	-0.0320984793	-0.043237634	0.0202073327	-0.0593820319	0.0147377852	0.0589091221	-0.0350836647	0.0217924278	-0.000503534	-0.0130594891	-0.0300894662	0.0054433551	-0.0793353336	0.0225580258	0.0433131982	0.0008904591	0.0172558624	0.1206567105	0.0883202336	0.0721553949	0.0124704013	-0.0588957776	-0.0096448394	-0.0352895234	-0.1045640006	-0.1151406774	-0.0181216297	0.0663116631	-0.0439717255	-0.0768260005	0.0342765455	-0.0904127427	-0.0025562935	-0.0302513666	-0.0552195412	0.0309689472	-0.0016696029	0.0297483563	0.0680131235	-0.0527239982	0.0080496515	-0.0330832327	-0.078503769	0.0916786034	-0.004025277	-0.031089765	0.0209027927	-0.0659805712	-0.0598685507	-0.0437646259	0.0326094854	-0.0930215964	-0.0035641866	0.0479373612	0.0940596856	-0.0153348182	0.0296200811	-0.0408365372	0.0135364138	-0.0154522	0.006224392	-0.0478602349	0.0363073027	0.0197510329	0.012648278	-0.0239040736	-0.0276960332	-0.0704769104	-0.0262147696	-0.0782773129	0.0703213046	0.038653711	-0.0921013223	0.013242171	0.0846398209	-0.0609337573	-0.0503057744	0.0555945204634298	0.0008118452335992	0.0030907507055587	6.590926833177413e-07	0.013809968092886	-0.0170551088529862	0.0002908767379872	0.0001907152187265	0.0474488124104155	0.0120066785345898	0.0001441603294329	0.0022513897991588	0.0033660983941631	-0.0001688483003531	2.8509748532130712e-08	1.13306183991874e-05	0.0025132471781481	-0.0001846353996763	6.316411378469388e-06	3.4090230813663935e-08	0.0019227778668279	1.7035140656699926e-05	3.697074725163249e-06	2.9019601719355076e-10	0.0	0.0	0.0	0.0	0.0	0.0	0.0	0.0	0.0	0.0	0.0	0.0	0.0	0.0	0.0	0.0	0.0	0.0	0.0	0.0	0.0	0.0	0.0	0.0	0.0	0.0	0.0	0.0	0.0	0.0	0.0	0.0	0.0	0.0	0.0	0.0	0.0	0.0	0.0	0.0	0.0	0.0	0.0	0.0	0.0
6290.44250827874	-13.23838498616442	175.25483704190353	39569666.94996013	13015.323618490866	11.280520942267684	127.25015272893982	169398648.89404616	6120.114376691432	9.979267594081648	37455799.98378515	99.58578171428812	7423.759172501845	8045.279737386396	0.789567	22.570383	0.052612855789092	0.0303613547923563	0.0373226914	-0.0589058252	-0.0625181098	0.0201927609	-0.0146672873	0.0739971809	-0.0146069679	-0.0362881189	0.0030933891	-0.0045239445	-0.0101140352	0.0227057392	-0.053085512	-0.0546100197	-0.0192645795	-0.0353975164	-0.0443132903	0.013328349	0.0571235036	0.0969570357	0.0378398997	-0.0549620671	-0.0413732637	0.0032417276	0.1408292529	-0.0293819703	-0.0193277164	-0.0633573609	0.019745779	-0.0123471624	0.0249366087	-0.026606078	0.0578424981	0.0621830679	0.0292428284	-0.0017852656	0.0472280508	-0.0122239674	0.0897777192	-0.0074054338	-0.0795763444	0.0295397554	0.0269388926	-0.0223078907	-0.0582899417	-0.124822163	-0.092174361	-0.0089128389	0.0012849595	-0.0154853273	0.0323027301	-0.0913674011	-0.149977818	-0.1444515231	0.0084656547	-0.0403982526	0.0438212849	0.101212646	-0.0539976965	-0.0649855984	-0.0182650775	0.0050392047	0.0254919099	0.0586774285	-0.0558833013	0.137264827	0.0258228008	0.013144001	-0.0586400981	-0.1308644763	0.0541006047	0.0249203629	-0.0435263746	0.0236609746	0.0722006973	0.0715894199	-0.004821549	0.0304284579	-0.0475625179	-0.0334188255	-0.0635996944	0.0083041138	-0.0346927141	0.0210060464	0.0183960611	0.0496015014	0.0289434416	-0.017131262	-0.0323414607	0.0642367274	-0.0291024197	-0.0932099912	0.0317448825	0.0934217768	0.0467915575	0.0941799773	0.043650289	0.0504512581	-0.0277727819	0.031505873	-0.0273038878	-0.0164823869	-0.0412729682	0.0193268225	-0.0015333196	-0.0929961924	-0.0512301154	0.0430677994	0.0273061097	0.0481452951	-0.0722372285	-0.0755264509	0.0190228932	-0.0195171957	-0.0715324359	-0.0448796792	-0.0663991309	0.0342030835	-0.0067505822	-0.087703434	0.0882846753	0.0212094769	-0.009290837	0.0148338098	-0.0157392354	0.0146606989	-0.0467462717	-0.0791625319	-0.0546018912	0.0034567547	-0.0944542528	0.0023494059	0.0322883006	0.0828423203	-0.018525256	0.0609471509	0.0174295121	-0.0773177741	0.0104779542	0.0037307336	-0.0378156206	0.0363614173	0.0026405719	-0.00068562	-0.0097230916	-0.0639915006	-0.0446076218	-0.0274265036	-0.0768802134	0.072748185	0.0339944055	-0.0927882388	0.0207052216	0.0805822964	-0.0682093192	-0.0403721968	0.0569243611105036	0.0013298406470737	0.003240382887839	1.7684761466096528e-06	0.0208679012334869	0.0070579331406009	4.9814420217192505e-05	0.0004354693018905	0.0583991400399028	0.0109503276294872	0.0001199096751931	0.0034104595574001	0.0034149938815273	4.889548736419997e-05	2.390768684582638e-09	1.1662183210868891e-05	0.0019989646196223	-0.0005142825585258	3.995859550501726e-06	2.644865500038432e-07	0.0020250949083765	0.0001023170415486	4.101009387932425e-06	1.0468776991257994e-08	0.0	0.0	0.0	0.0	0.0	0.0	0.0	0.0	0.0	0.0	0.0	0.0	0.0	0.0	0.0	0.0	0.0	0.0	0.0	0.0	0.0	0.0	0.0	0.0	0.0	0.0	0.0	0.0	0.0	0.0	0.0	0.0	0.0	0.0	0.0	0.0	0.0	0.0	0.0	0.0	0.0	0.0	0.0	0.0	0.0
6288.170311031766	-2.2721972469744287	5.162880329158173	39541085.860541336	12967.477638545	-47.84597994586511	2289.2377969801264	168155476.30616462	6117.480156991996	-2.634219699435562	37423563.47119082	6.939113424894382	7421.733150250346	8129.416927805254	0.81545	23.31027	0.0588267158640989	0.0345670329561247	0.023078619	-0.0751236635	-0.0642180233	0.0095455442	-0.0066153507	0.0529377903	-0.0183081844	-0.0276730277	-0.0216987931	-0.0131882134	-0.0597098676	0.0155294051	-0.0481134152	-0.0465282558	0.0036156158	-0.0429903784	0.0099296476	0.0658827794	0.0318261144	0.0662726709	-0.0485383245	-0.0603169406	-0.0534158172	0.0454176359	0.1010583281	-0.0311993537	-0.0342220976	-0.0393216199	-0.0489103231	0.0257336785	0.1453583177	0.142750885	-0.0147068847	0.0469805207	0.088646882	-0.0315151178	0.1010343259	0.0804938507	0.0663731822	0.0098003778	0.0216460387	0.0999415482	0.0544753443	0.0877495224	-0.0351622916	-0.1305925737	-0.0833575878	0.0329402285	-0.0398980622	-0.0459429392	-0.0850623362	0.0375431268	0.0115426955	0.0654602191	0.0529186269	-0.0086096532	0.0443216697	-0.0184509728	0.0419829959	-0.005081801	0.0668421916	-0.0040511594	0.0283581876	0.0441677635	0.0772301031	-0.0021335807	-0.0292196713	0.0881578046	0.0958740746	-0.1558341503	0.078730754	0.0864013649	-0.036266178	0.0995321107	0.0521881622	0.0551902613	-0.014851093	0.0214322783	-0.0015124339	-0.1021110196	-0.0086498551	0.0210912263	-0.0781463917	-0.0023867152	-0.0176542198	0.0266587623	0.0256976439	-0.0556869029	0.006714811	0.0624061375	-0.0105824376	-0.0856597092	0.0871727726	0.1018709714	0.0015773877	0.0623371545	0.0453823326	0.0172123111	-0.0355073458	0.0723027709	-0.1320092287	-0.0075283767	-0.0188363977	-0.0169707325	0.0714852371	-0.0243741108	0.0285649856	-0.0399273363	-0.0672129091	0.0570560723	-0.1201769554	0.0378627766	-0.0253476649	0.0198711501	0.0179868509	-0.0574650943	0.0285224326	0.0284293777	0.0677422736	-0.0620119411	-0.1386077491	0.1619042626	-0.1629023916	0.0077471164	-0.039368806	0.0101924119	-0.0521904501	-0.0518197784	-0.0562983452	0.0090564468	-0.0704010683	0.0124543753	0.0459401774	0.0742977841	-0.0103684189	0.0313598448	-0.0391435294	-0.0659242978	0.0254488919	0.0028011547	0.0038622293	0.0418289383	0.0179373981	0.0235341841	-0.0379728672	-0.0511623523	-0.0955326972	-0.0286331649	-0.0754262385	0.0750539832	0.0292345235	-0.0930462698	0.0280304823	0.0757950062	-0.0746782574	-0.0298345303	0.0492598570430544	-0.0076645040674492	0.0024265335159021	5.874462259994535e-05	0.0474116795358128	0.0265437783023259	0.000704572166563	0.0022478673564066	0.0599131710778166	0.0015140310379138	2.292289983766348e-06	0.0035895880685997	0.0037468596447444	0.0003318657632171	1.1013488479566855e-07	1.4038957197414132e-05	0.0020080327002569	9.068080634600222e-06	4.032195325301018e-06	8.223008639561157e-11	0.002146249113653	0.0001211542052764	4.606385257856288e-06	1.4678341456180265e-08	0.0	0.0	0.0	0.0	0.0	0.0	0.0	0.0	0.0	0.0	0.0	0.0	0.0	0.0	0.0	0.0	0.0	0.0	0.0	0.0	0.0	0.0	0.0	0.0	0.0	0.0	0.0	0.0	0.0	0.0	0.0	0.0	0.0	0.0	0.0	0.0	0.0	0.0	0.0	0.0	0.0	0.0	0.0	0.0	0.0
6275.774230631772	-12.39608039999348	153.66280928310252	39385342.19386181	12931.139708992065	-36.33792955293575	1320.4451241941213	167214374.1734714	6105.497181412441	-11.982975579555388	37277095.83223526	143.59170374022074	7409.757221951909	8087.34794249996	0.78352	22.397539	0.0797652476908287	0.0443113242751741	0.0398624304	-0.0431429615	-0.0622011684	-0.0146524825	-0.0142263578	0.0323775881	-0.0025156764	0.0063248687	-0.0258820825	-0.0212566214	-0.0546716746	0.0431863551	-0.0203987301	-0.0086726628	-0.0191761433	-0.063390014	0.0110056236	0.0286324228	0.0386905438	0.0714990325	0.0103112675	-0.0611199492	-0.0388531136	-0.1546554203	0.0893509474	-0.0051811733	0.0590773184	-0.0108966292	0.006655987	-0.0193018775	-0.0210384223	-0.0416934253	0.0250768051	0.084841968	0.0182225997	-0.0441887502	0.0410090116	0.1455321537	-0.0311034924	-0.0150955778	-0.0434910784	-0.0382985083	-0.0041060488	-0.0670317161	0.084376325	0.109979466	-0.0279935837	-0.0560120313	-0.0382137247	-0.0654406358	0.0583133103	0.0238680596	-0.005237542	-0.0518660064	-0.007871745	0.0441613091	-0.0143747569	-0.0202418922	0.1260197959	-0.0397331567	0.0194230956	0.0938804219	0.0674077201	0.0279185691	-0.0272243666	-0.177012246	0.0091129748	0.0502027506	-0.1078643767	0.02930296	-0.0109498653	-0.0333554112	0.0291015087	0.005301795	0.041130568	0.0126663625	-0.0029261394	0.0267874247	0.0141469078	-0.0624906632	-0.0468897684	-0.0118679322	-0.0905592072	-0.0384041921	-0.0062992842	0.132058667	0.006415555	0.0363559441	-0.0125573259	0.0609972239	-0.0566016366	-0.0445959232	0.0112422774	0.0695373848	-0.0051608814	0.0123541912	-0.0275292417	-0.0809840707	0.0782557533	-0.0021177151	0.0474316271	0.0130888258	-0.0118547378	0.0796685462	0.0075217695	0.0314338113	-0.1119360141	0.0056381746	0.0903786322	-0.0879359767	-0.0140527037	-0.0438010001	-0.0996362062	-0.0463508079	0.1491221841	0.0091528452	0.0559739731	0.0090688019	0.0659631743	0.0529689629	-0.0347678975	-0.0144309984	-0.0870744985	0.030854034	-0.0226572235	0.0049171656	-0.0175762156	-0.0693600112	-0.0719510703	-0.0099059687	-0.0510122687	-0.001572536	0.0425539884	0.0518916573	-0.0326434223	0.0567091847	-0.0114233508	-0.1053260487	0.0061326589	-0.0126383548	0.00452382	0.0194242537	-0.02021602	-0.0210429364	-0.0062201713	-0.0327883609	-0.0458251933	-0.0298345303	-0.073916464	0.0772348614	0.0243881477	-0.0928742226	0.0351692048	0.0703213046	-0.0802640719	-0.0188504498	0.052222225117589	0.0029623680745346	0.0027271607962321	8.775624609021837e-06	0.0519642425081343	0.0045525629723214	2.0725829616952744e-05	0.0027002824994441	0.0887254035451192	0.0288122324673025	0.0008301447397498	0.0078721972342442	0.0032539481085412	-0.0004929115362032	2.4296178252219883e-07	1.0588178293078852e-05	0.0022312523594938	0.0002232196592369	4.978487091746651e-06	4.9827016269837796e-08	0.0022988796017463	0.0001526304880933	5.284847423325227e-06	2.3296065895599024e-08	0.0	0.0	0.0	0.0	0.0	0.0	0.0	0.0	0.0	0.0	0.0	0.0	0.0	0.0	0.0	0.0	0.0	0.0	0.0	0.0	0.0	0.0	0.0	0.0	0.0	0.0	0.0	0.0	0.0	0.0	0.0	0.0	0.0	0.0	0.0	0.0	0.0	0.0	0.0	0.0	0.0	0.0	0.0	0.0	0.0
6280.401389415454	4.627158783681807	21.4105984094037	39443441.61217157	12911.985587052472	-19.154121939593097	366.8803872768016	166719371.80025077	6097.063287273732	-8.433894138708638	37174180.72902117	71.13057034294391	7392.987827916052	8112.600192383797	0.862488	24.654898	0.0572067257970349	0.0358207999396099	0.0344632968	-0.0591994128	-0.0648710578	0.0253885971	-0.0140459672	0.0474157432	-0.0114040227	-0.0544601212	0.0219392751	-0.0073768348	-0.1513250365	-0.0186898904	0.0110581361	0.007589352	0.0272379341	-0.0757520469	-0.0653130733	0.0949712485	-0.0256391534	0.0381238765	-0.0251015197	-0.092844517	-0.0422135999	0.0085544301	0.0060239603	-0.0994466492	0.1124860065	0.002718934	0.0785340467	-0.0361530613	-0.0739308793	-0.030191523	-0.1310306451	0.0264768479	0.0631398144	-0.0408517857	0.0610205117	0.1126147758	0.0287257071	-0.0075644566	0.0588612793	-0.0015256302	-0.0410287983	0.0050132591	-0.0296280272	-0.0320485581	-0.0535081549	0.0036743331	0.0655192263	0.0371018605	0.1605071267	-0.0301346918	0.0242949473	0.0136569802	0.0178274324	0.0239501251	-0.0995073451	0.0054184826	-0.0592120273	0.0207659244	0.0125973875	0.0123268781	0.0537644263	0.1152215021	0.0809726412	-0.0495232147	0.0474841428	-0.0203979662	-0.0401474068	0.0783400535	-0.0329493976	0.0634849879	0.0047419681	0.0113488692	0.0411105356	0.0092692699	-0.0747174211	0.0476832877	-0.0591745052	-0.1063122265	4.91535e-05	-0.0072272946	-0.0773916801	0.0398256252	-0.0034974726	-0.0507589095	0.03958855	0.0267103458	0.0716774842	0.0643258979	0.1179117789	-0.0775377601	0.0160201696	0.0746357884	-0.0772463458	0.0409324816	-0.0143691615	-0.049677557	-0.0512505974	-0.0409346901	0.0016631514	-0.0094178989	-0.0107106655	0.0082735595	0.0337333142	0.0271237431	-0.033659702	-0.0023335038	-0.0039104406	-0.0819425401	-0.0393317542	-0.0378341136	0.0388118444	0.0229297288	0.0593267716	0.1215106187	0.0888061766	-0.03963185	0.0041903445	0.0112321075	-0.0477467687	-0.0875602716	-0.0548145833	0.0215594423	-0.0402598925	0.0059674671	-0.0270588451	-0.0259992134	-0.0796789128	0.0243877517	-0.0439145176	0.0399634423	0.0721379384	0.0517577748	0.0261681584	0.0365152836	-0.0555180692	-0.0697218983	0.0011381613	-0.0317230174	0.0071654623	-0.0142362933	0.0607974515	0.0362649009	-0.0657160051	-0.0323141187	-0.0499107548	-0.0310303776	-0.0723520068	0.0792871898	0.0194696168	-0.0922728925	0.042073882	0.0642107624	-0.0849007066	-0.0075843101	0.0529229370147277	0.0007007118971387	0.0028008372622648	4.909971627917208e-07	0.0845327664752915	0.0325685239671572	0.0010607087533992	0.0071457886079661	0.0913288933290132	0.002603489783894	6.778159054840457e-06	0.0083409667567022	0.0032016491002646	-5.22990082765999e-05	2.7351862667158647e-09	1.0250556961225124e-05	0.0019628588070852	-0.0002683935524086	3.852814696551934e-06	7.203509897450804e-08	0.002404867044038	0.0001059874422916	5.783385499500068e-06	1.1233337923536414e-08	0.0	0.0	0.0	0.0	0.0	0.0	0.0	0.0	0.0	0.0	0.0	0.0	0.0	0.0	0.0	0.0	0.0	0.0	0.0	0.0	0.0	0.0	0.0	0.0	0.0	0.0	0.0	0.0	0.0	0.0	0.0	0.0	0.0	0.0	0.0	0.0	0.0	0.0	0.0	0.0	0.0	0.0	0.0	0.0	0.0
6272.04668785464	-8.354701560813737	69.8010381702635	39338569.654628366	12908.240523691253	-3.745063361218854	14.02549957954386	166622673.41746503	6100.710503871145	3.647216597412808	37218668.65204372	13.302188908443457	7396.831123723749	8124.9693044600945	0.8134	23.251669	0.06766002761892	0.0308149737119832	0.0261948857	-0.0433986895	-0.047558158	-0.0252360572	-0.0188852894	0.0282940048	0.0050648696	-0.0250816537	-0.0235832438	-0.0261832899	-0.0974021595	-0.0076966334	-0.0031012997	0.0531968155	0.0488759628	-0.0460893365	0.0265463256	0.040286187	0.0537775012	0.0466996407	-0.0114236507	-0.0690802063	-0.0808496064	-0.0242932388	0.0866424757	0.0142415628	-0.0821775387	-0.0617163809	-0.0133611832	-0.0223236942	0.0228813813	0.0171336972	-0.0826899237	0.0292856429	-0.0650585211	-0.0383250035	0.0415833918	-0.06295905	0.081970083	-0.0395848339	-0.0319326941	0.0729270455	0.0474775254	0.0843940645	0.080651092	0.0478446499	-0.0540987264	0.0388575411	-0.1119455006	-0.0061900343	-0.0506509659	0.0976207642	0.0225106206	0.0298480642	-0.0709922094	0.0564604318	-0.0380153055	-0.0122352254	0.0189793526	0.0311593605	0.0009726078	0.0043185649	-0.0187499307	-0.0228580733	-0.0503048899	0.0671365441	-0.0323786716	-0.0011140615	-0.126098152	-0.0358993063	-0.1212474014	0.0691336245	0.1237305212	-0.0768424443	0.0360814693	-0.0266068625	-0.0503911371	0.0007832442	-0.0055287142	-0.0887301075	0.0178813241	-0.0365268785	-0.0725373442	0.0489569409	-0.0230382263	0.0951474141	0.0281491374	0.0614333503	0.0423329781	0.0632421846	0.0177885896	-0.00744236	-0.0097988258	0.0386775659	0.0112866899	0.0283313749	-0.0296542734	0.0425170291	0.0369677607	0.0216807385	-0.0749441082	-0.0884539951	-0.0428707372	0.0473879417	0.0284853654	0.0514831912	0.040808813	0.0131874862	0.0357284544	0.019366651	0.0450685049	-0.0499227227	0.0298123091	-0.0543355128	-0.0644770781	0.0533966669	0.1347635848	-0.0421029746	-0.0663979096	0.045263599	-0.0314155988	0.1337854266	0.011533177	0.0207560762	-0.0334729604	-0.0206653987	2.0718e-05	-0.0343155742	-0.0823384045	-0.0260748009	-0.0183900679	0.0053786435	0.052445131	0.0446983467	-0.0007684561	0.0434784453	0.0122888808	-0.0904377485	-0.0431150212	0.001508758	-0.0025070746	-0.0507428183	0.0264172218	0.0371435221	-0.0201667608	-0.0019943663	-0.0428637052	-0.0322204857	-0.0707340242	0.0812075526	0.0144934828	-0.0912450589	0.0486985645	0.0575187176	-0.08853333	0.0037953135	0.0580688124351524	0.0051458754204246	0.0033719869776289	2.6480033842531043e-05	0.1054249959522763	0.0208922294769848	0.0004364852525189	0.0111144297715374	0.0805437640818027	-0.0107851292472105	0.000116319012879	0.006487297932465	0.0028980291948348	-0.0003036199054297	9.218504697320064e-08	8.398573214114839e-06	0.0016509914516966	-0.0003118673553886	2.7257727735752464e-06	9.726124735707937e-08	0.0024061156527056	1.2486086675999632e-06	5.789392534194896e-06	1.5590236048057554e-12	0.0	0.0	0.0	0.0	0.0	0.0	0.0	0.0	0.0	0.0	0.0	0.0	0.0	0.0	0.0	0.0	0.0	0.0	0.0	0.0	0.0	0.0	0.0	0.0	0.0	0.0	0.0	0.0	0.0	0.0	0.0	0.0	0.0	0.0	0.0	0.0	0.0	0.0	0.0	0.0	0.0	0.0	0.0	0.0	0.0
6268.9860390373215	-3.0606488173189064	9.36757118295562	39300185.95764484	12921.47984830601	13.239324614756695	175.27971625490255	166964641.4701783	6106.449593138851	5.739089267705822	37288726.63354564	32.93714562269615	7410.495797924154	8105.453814623433	1.009779	28.865314	0.0395075905894162	0.0252574917371907	0.0242531371	-0.024702247	0.0645975956	-0.0215027549	0.0494700712	0.0178704944	-0.0021022838	-0.0031648227	-0.0017060862	0.0071866382	-0.0080824402	-0.0312231672	-0.0102376958	-0.0039150127	0.020147705	-0.0525936415	0.0323608609	0.032812461	0.1173273054	-0.0198588873	0.0333290129	-0.033900039	-0.0068490682	-0.0048689374	0.0558401309	-0.0167834871	-0.0172700106	0.0216432699	0.0284529186	-0.0506456293	0.0102685501	0.0788842414	0.0280281343	-0.0314686961	-0.1408563277	-0.0446925315	-0.030654699	0.116437929	-0.0159323881	0.0904135031	-0.0030030795	0.1077673032	0.0463946943	-0.0608143515	-0.0078641467	-0.0489299874	0.0610999095	-0.0072762869	0.0016311537	0.0029215084	0.1034303648	0.0257192039	-0.1154217149	-0.0648176066	0.0094208854	-0.0300601761	0.00361627	-0.0553276235	-0.0292076467	0.0686100162	0.0453854995	-0.0323687027	0.0039209588	-0.0686346477	-0.0369624236	0.0787379328	-0.0608331693	0.0937705885	0.1207531797	0.0689344714	-0.0404141226	-0.0395662918	0.0556066741	0.0875007386	0.0189896574	0.0019806848	-0.0103935169	0.037204806	0.0257489856	0.0057976939	0.059495446	-0.0722947127	-0.0786111358	0.0230472573	-0.0087976357	0.0610920396	-0.0380978595	-0.0230536551	-0.0201367701	0.0700635603	-0.0250939076	-0.0300937279	0.0276166296	0.039479435	-0.0555583418	0.0530332863	-0.0355859168	0.0138611808	0.021902647	0.0661624331	0.0231619792	0.0256232172	-0.0791938423	0.05050645	0.0265597755	-0.0327571719	-0.0039740911	0.0059097053	0.0204259021	-0.0178683886	0.0702292427	-0.0157438762	-0.1189391466	-0.0763424454	-0.0648679498	0.0503434102	-0.0342134108	-0.0817436656	-0.0250807831	0.0257611869	0.1360369055	-0.0954043849	-0.0386198395	0.0149580018	-0.0474699103	-0.0198716068	0.0022802919	-0.0127452877	-0.0673287352	-0.0378084895	0.0475087635	-0.0005832914	-0.0367514625	0.087358719	-0.0092646836	0.0607546846	-0.0550006334	-0.0952223479	0.0027750072	0.0172583799	0.0226719628	-0.0133455098	0.0423118146	0.0372717979	-0.048887841	0.017340684	-0.0328683752	-0.0334046344	-0.0690637132	0.0829927534	0.0094744681	-0.0897954726	0.0549991661	0.0503057744	-0.0911189838	0.0151181479	0.0554739539127524	-0.0025948585223999	0.0030773595627141	6.733290751271895e-06	0.1077963748176387	0.0023713788653623	5.623437723087399e-06	0.0116200584238248	0.0751474921100339	-0.0053962719717687	2.911975119329752e-05	0.0056471455704276	0.0033028124587478	0.000404783263913	1.6384949074406149e-07	1.090857013765969e-05	0.0018279832882079	0.0001769918365113	3.3415229019673668e-06	3.13261101916428e-08	0.0024049891285322	-1.1265241734001626e-06	5.78397270835807e-06	1.2690567132549196e-12	0.0	0.0	0.0	0.0	0.0	0.0	0.0	0.0	0.0	0.0	0.0	0.0	0.0	0.0	0.0	0.0	0.0	0.0	0.0	0.0	0.0	0.0	0.0	0.0	0.0	0.0	0.0	0.0	0.0	0.0	0.0	0.0	0.0	0.0	0.0	0.0	0.0	0.0	0.0	0.0	0.0	0.0	0.0	0.0	0.0
6247.399956264316	-21.586082773005728	465.95896948305466	39030006.213531375	12922.15926571343	0.6794174074202601	0.4616080135056677	166982200.08846346	6094.8567040138	-11.592889125051444	37147278.24246196	134.395078265736	7405.183304239194	8059.672383856005	0.976657	27.918512	0.0471107568854294	0.02524040613065	0.0150707571	0.0041304929	0.0634861675	-0.0261859718	-0.0150407961	-0.0229565576	-0.0182274552	0.0520755541	-0.0064743444	-0.0209142323	-0.0559104357	-0.0357502269	0.0088391884	0.0379371233	-0.0025695146	-0.0255483553	0.0603653569	0.0431496981	0.1388271738	-0.021282931	-0.0085670933	0.0465408905	-0.0622584445	0.000111977	0.0443765988	-0.0729958065	0.0189270587	0.0438855598	-0.0221432723	0.0839579075	0.0052768338	0.0828448924	-0.0688763663	0.0025699972	0.024289334	-0.0247857286	-0.0377887031	0.0212203452	-0.0766423233	-0.1254321964	-0.034784245	-0.0661509146	0.0261854514	-0.0362991754	-0.0408163417	0.025530768	0.0383504571	-0.0489869315	0.0234462962	0.1033326756	-0.0061291622	-0.1202611002	-0.058450459	0.0303453448	-0.0365448702	-0.0027847633	-0.0612284285	-0.0200351788	-0.1357748614	-0.0407986968	-0.0187994771	0.0333937753	-0.0079730656	0.0376758568	-0.0031473798	-0.0743456199	0.0166393254	-0.0971577577	-0.0355536504	-0.0013048724	0.0699600366	0.0898216591	-0.1013642954	-0.0538975799	-0.0128647667	-0.0390270186	0.0294337706	-0.0029389753	0.0398437768	-0.05903767	0.0672934394	-0.0475168791	-0.0096032511	0.1184941577	0.0347529547	0.0258321877	-0.0172273944	0.0588306075	-0.0089136565	0.0107940731	0.0496981196	0.0224024325	-0.0412495281	0.0272880485	-0.0710077971	0.0161306575	0.0685474873	0.0935312268	-0.0507058689	0.1148760896	-0.0438685021	0.0044906826	-0.0083956904	0.0104812848	0.029575694	0.0507222951	-0.0495366804	0.0413102434	-0.0996419622	-0.0584209724	-0.0087865395	-0.0787957947	-0.019458587	0.0045797294	0.0594379419	0.0396040504	-0.0534690943	0.0170706574	-0.0036772971	-0.0224591211	0.0081504468	-0.0473163719	0.0562012398	0.0251501611	-0.0380180675	-0.0328462398	0.0009465434	-0.019065085	-0.0512330863	-0.0229233092	0.0342325556	0.0749548253	-0.0634546712	0.0781480692	0.0767519197	0.0617908899	0.0160642727	-0.0535688173	-0.038770695	-0.0470008859	0.0009435424	-0.0642457102	0.060338555	0.0693361379	-0.0346032013	0.0278209987	0.0213199733	-0.0345826047	-0.0673423095	0.0846398209	0.0044274221	-0.0879308341	0.0609337573	0.0426372543	-0.0926270906	0.0262147696	0.0546210453889557	-0.0008529085237966	0.0029834585993823	7.274529499650658e-07	0.1160967793748142	0.0083004045571755	6.889671581278e-05	0.0134784621812042	0.0881606426002861	0.0130131504902522	0.0001693420856819	0.0077722989036953	0.0033251446244757	2.2332165727899627e-05	4.987256260983746e-10	1.1056586773679643e-05	0.0017126040747019	-0.000115379213506	2.933012716685551e-06	1.3312362909263153e-08	0.0027661636155824	0.0003611744870502	7.651661148171895e-06	1.3044701009597525e-07	0.0	0.0	0.0	0.0	0.0	0.0	0.0	0.0	0.0	0.0	0.0	0.0	0.0	0.0	0.0	0.0	0.0	0.0	0.0	0.0	0.0	0.0	0.0	0.0	0.0	0.0	0.0	0.0	0.0	0.0	0.0	0.0	0.0	0.0	0.0	0.0	0.0	0.0	0.0	0.0	0.0	0.0	0.0	0.0	0.0
6251.24954171011	3.8495854457942182	14.819308104470672	39078120.83273086	12878.295273187592	-43.8639925258376	1924.049840306737	165850489.14340588	6093.304201013902	-1.5525029998980244	37128356.086093664	2.410265564692365	7401.341492404296	7974.998662764026	1.103142	31.534182	0.0513852578482546	0.0254602408111553	0.0111045083	0.0028375815	-0.1086494839	0.0182325734	0.0044842768	0.008868588	0.0349005902	-0.0849241542	-0.0068814495	0.0116991382	-0.0502655438	0.03351555	0.02308479	0.0192872075	0.0867547378	-0.1139001419	0.0134476439	0.0154381668	0.0570999019	0.0744261848	0.0431905837	-0.0173069231	-0.0707103292	-0.0074543577	0.0364827302	-0.0027992434	0.0338128104	-0.044071817	0.0458648065	0.0347407612	0.0642506126	0.0357753932	-0.085652464	0.0797070145	0.0406305497	0.0147862885	-0.0449981281	-0.0333908558	-0.1298381772	0.0040524501	0.0710146193	-0.0847643662	0.0791252779	-0.0516575523	-0.096488237	0.0637512413	0.0177823488	-0.0154365528	-0.016302443	-0.03363253	0.0104494591	-0.0496905063	0.0905050759	0.0410326846	-0.0399118319	0.0300590093	0.0261784542	-0.049809718	0.0456124337	0.0579416428	-0.0828870722	0.083766274	-0.0176230434	-0.0911076746	-0.0571642942	-0.0025450927	0.0485654538	-0.0672122566	-0.0048911784	0.0014178328	0.0843762624	-0.0125971497	0.0052444505	-0.0435715282	0.0277218536	-0.0107963346	-0.1084672676	0.0366338997	-0.0023991834	-0.0587978119	-0.0133899169	0.0131693369	-0.0605520668	0.0943929817	0.0358985181	0.0253585653	-0.0243059945	0.072720228	0.0036835156	-0.021945248	0.0188784611	-0.0363850685	0.0169689365	0.0320555969	-0.0682447676	0.0711533607	0.0344367151	0.0087905326	-0.0364695717	0.0553212108	-0.0144936582	-0.0458714554	-0.0717879524	0.0190506608	-0.0178716417	0.025476412	-0.0662640698	0.0048915873	-0.0793215106	-0.0570784897	-0.0558829801	0.0124940823	-0.0147724489	0.0568863532	-0.0640902377	-0.0746777709	-0.0447915254	0.0258783253	0.0219027636	-0.0980251649	-0.0192859662	-0.1056248818	0.0322896569	0.0178847231	-0.0582400712	-0.0276532784	0.0145730672	-0.0051438168	-0.0644927481	-0.0493180608	-0.0251383425	0.056020892	0.0672374434	0.0438944616	0.0287105629	0.0278559121	0.0042200747	-0.0303258391	-0.0180922141	-0.0568623214	0.0004018406	-0.0615477139	0.1065130802	0.0292056392	-0.1131986852	0.0214890396	-0.0432904356	-0.0357541787	-0.0655710866	0.0861460138	-0.0006327229	-0.0856597619	0.0664628444	0.0345826047	-0.0930398161	0.0369191397	0.0460752199123533	-0.0085458254766024	0.0021229258899717	7.303113307654669e-05	0.1225969655340861	0.0065001861592718	4.2252420105189874e-05	0.0150300159581658	0.0975788507168715	0.0094182081165854	8.870264412731521e-05	0.0095216321072254	0.0029633489290249	-0.0003617956954507	1.3089612524672777e-07	8.781436875153024e-06	0.0016030092113177	-0.0001095948633842	2.5696385315693942e-06	1.201103408020147e-08	0.0026991334125015	-6.703020308090023e-05	7.285321178481991e-06	4.493048125066726e-09	0.0	0.0	0.0	0.0	0.0	0.0	0.0	0.0	0.0	0.0	0.0	0.0	0.0	0.0	0.0	0.0	0.0	0.0	0.0	0.0	0.0	0.0	0.0	0.0	0.0	0.0	0.0	0.0	0.0	0.0	0.0	0.0	0.0	0.0	0.0	0.0	0.0	0.0	0.0	0.0	0.0	0.0	0.0	0.0	0.0
6268.642138378791	17.392596668681108	302.5024188794172	39295874.25905822	12928.381978192669	50.08670500507651	2508.678018265556	167143060.57405698	6104.277530445772	10.973329431870296	37262204.16870513	120.4139588203509	7409.942047931512	7984.775785704582	0.929721	26.576799	0.0429228097051309	0.0302754836516321	0.0161112365	-0.0042168968	-0.047789497	-0.0088625465	0.0229499502	0.0173771183	0.0214634376	-0.0123682805	-0.0100100851	-0.0163968403	0.0015826369	0.022785649	-0.0035848474	0.0353529657	0.0408157449	-0.0340708968	0.0093917623	-0.0204077979	0.0427715051	0.0325153711	0.0010582047	-0.0065003804	-0.0230608818	-0.0141893118	0.1371639096	0.0143219495	0.0464809781	0.0065652493	0.015709977	-0.0256025497	-0.0099944807	-0.1309820423	0.0683781121	-0.0476852046	0.0178605185	-0.0094600962	0.0062364163	-0.0021047689	-0.0924974202	0.0294997677	-0.0185883529	-0.0127338218	0.0267508385	0.0568797928	0.041176252	0.0782257136	0.0551670899	-0.0953876755	-0.0928674904	0.0387207383	-0.000272905	-0.0289961325	0.0250518104	0.0066408156	-0.0966928775	-0.0748746953	-0.0607722201	0.1060662524	-0.1827183152	-0.0487804645	0.0340991842	-0.1225276683	0.0214850917	-0.0446806477	0.1120665753	0.0033008127	0.0176282274	0.1323042275	-0.0362505795	-0.0119563072	0.0236165397	-0.0907908878	-0.0302644403	0.0511993556	0.0262999697	-0.0246436718	-0.0405536353	0.0098773543	0.0135391523	0.0293807771	-0.002282394	-0.0018495544	-0.0439031032	0.0324832189	-0.0010413016	0.0616945337	-0.0430820087	0.0773627033	-0.0073849591	0.0333314333	-0.0488480006	-0.0623009289	-0.0260021723	0.0235973953	-0.0336962289	0.0280793548	0.0514729746	-0.0226406516	-0.0035464955	-0.0018139362	-0.0297476085	0.084739018	-0.029357525	-0.0027026378	-0.0522522299	-0.0288346115	-0.0429383216	0.0398331472	-0.0242220683	-0.1669589211	-0.0151273053	-0.053433904	0.0091068474	-0.0537421303	-0.0287914622	-0.0565156318	0.0516662118	-0.0468403976	-0.0493119834	0.0610053791	-0.0462151308	0.1082106857	0.1290185588	0.0272443181	-0.0451413265	-0.0345524928	0.0216647881	-0.0343502603	-0.0604382788	-0.0522082012	0.0103912908	0.0088140881	-0.0034262309	0.0420358307	-0.0253381079	0.022708334	0.0293484596	-0.081543143	-0.0341930355	-0.0169854421	-0.0075429235	-0.0508666923	0.0456854044	0.0042334305	-0.1098489205	0.0262818367	-0.0427809971	-0.0369191397	-0.0637513548	0.0875088252	-0.005690996	-0.0829927534	0.0715496322	0.0262147696	-0.0923522795	0.047071089	0.0458753351287697	-0.0001998847835835	0.0021045463731769	3.995392670826188e-08	0.0941841166139028	-0.0284128489201832	0.0008072899837611	0.0088706478223412	0.1082613771120506	0.010682526395179	0.0001141163701836	0.0117205257741976	0.0029858935608833	2.2544631858400013e-05	5.082604256307849e-10	8.915560356924355e-06	0.0015620501166355	-4.095909468219993e-05	2.440000566880979e-06	1.6776474371854186e-09	0.0027081806780846	9.047265583100091e-06	7.334242585150763e-06	8.185301453114742e-11	0.0	0.0	0.0	0.0	0.0	0.0	0.0	0.0	0.0	0.0	0.0	0.0	0.0	0.0	0.0	0.0	0.0	0.0	0.0	0.0	0.0	0.0	0.0	0.0	0.0	0.0	0.0	0.0	0.0	0.0	0.0	0.0	0.0	0.0	0.0	0.0	0.0	0.0	0.0	0.0	0.0	0.0	0.0	0.0	0.0
6269.243905638796	0.6017672600046353	0.3621238352134863	39303419.14838918	12937.864723986528	9.482745793859069	89.92246779095183	167388343.616175	6106.08179548675	1.8042650409779528	37284234.89317469	3.255372338095173	7415.55126254179	8060.907349297308	0.978973	27.984699	0.0334227723848393	0.0202882951167574	0.0319997942	0.0096907376	0.0394069427	-0.0376069344	0.0699565186	0.0172411418	0.0198462919	0.0484880003	-0.0114837112	0.0551773431	0.016032945	-0.0230605972	-0.0032878081	0.0204853729	-0.0088827002	-0.0595883324	0.0615820353	0.0333579772	0.0941652241	-0.050160318	0.0331317453	-0.0021864353	0.0211809805	-0.0469063112	0.0759286649	-0.0189171266	0.0093644676	0.0832649646	-0.0524158883	0.0235500623	0.0286108649	0.0522558163	0.0520234161	-0.1237897522	0.0023263995	0.000394048	-0.0759169202	0.0237725164	-0.0145683306	-0.0178867727	-0.0097546986	0.0200957161	0.0894919554	0.1048570656	0.1013630272	-0.0007603073	0.0469864835	0.0117514835	0.0252606826	0.0720457656	0.0863496797	0.0466051368	0.0052612629	0.0238005755	-0.055230334	0.0169636758	-0.1307580735	0.0369085199	-0.0545004083	0.0095283259	-0.0008796834	-0.0546515884	-0.0516875292	-0.0300720407	0.0852166967	-0.0576111583	-0.067900796	-0.1705314147	0.0011394018	-0.0636448094	0.0038601886	-0.07264233	-0.0573097615	0.0028174125	0.0269597108	-0.0182332153	0.0140547833	0.0652713076	0.0407843403	0.0364163838	0.0394633249	-0.0564616199	-0.0735599732	0.0101235123	0.0120097928	0.0379354163	-0.0327546109	-0.0312788297	0.0336626764	0.0571116636	-0.0200461063	0.0483638113	-0.072457051	0.028880426	-0.1168916018	0.0333924715	0.0250755828	0.028479885	-0.0477673	0.0430880155	-0.0846673679	0.0681353684	0.0260916851	0.0059904671	-0.0411490957	0.0015082955	0.04410518	-0.0182609632	-0.0514039289	-0.1228476926	0.069202837	-0.036141033	0.0152549933	-0.0987094357	0.0328177314	0.005654407	-0.0072278531	-0.0353006707	-0.1265945142	0.0487877987	-0.0145431442	0.0534794643	-0.07375496	0.0246861125	-0.0645729566	-0.0248882085	0.0193613063	-0.0441896664	-0.0475104553	-0.0506012904	0.0531232671	-0.010188246	-0.0411312558	0.0516878803	-0.0510187213	0.0299523488	-0.03470219	-0.0877321366	0.0122074313	-0.0024005998	0.0240088073	-0.0070993544	0.0446940161	0.0103318264	-0.1219588435	0.0473606753	-0.0194235638	-0.0380772724	-0.0618844603	0.0887259867	-0.0107324316	-0.079942136	0.0761602691	0.0176095295	-0.0905726114	0.0565187138	0.0518947855336335	0.0060194504048637	0.0026930687655818	3.623378317661494e-05	0.0936447021959736	-0.0005394144179292	2.909679142699053e-07	0.0087693302493725	0.1077902878921293	-0.0004710892199212	2.219250531260565e-07	0.0116187461638681	0.0032971364992706	0.0003112429383872	9.687216669596057e-08	1.0871109094822389e-05	0.0013710100097814	-0.000191040106854	1.8796684469207948e-06	3.649632242682593e-08	0.0027337539996857	2.557332160110001e-05	7.473410930797562e-06	6.539947777132882e-10	0.0	0.0	0.0	0.0	0.0	0.0	0.0	0.0	0.0	0.0	0.0	0.0	0.0	0.0	0.0	0.0	0.0	0.0	0.0	0.0	0.0	0.0	0.0	0.0	0.0	0.0	0.0	0.0	0.0	0.0	0.0	0.0	0.0	0.0	0.0	0.0	0.0	0.0	0.0	0.0	0.0	0.0	0.0	0.0	0.0
6272.959794647551	3.715889008754857	13.807831125385157	39350024.58526464	12939.709514467737	1.844790481209202	3.4032519195600788	167436082.3188069	6113.449674319598	7.367878832847964	37374266.9204384	54.28563849552908	7421.282536122022	8029.0742943548385	0.989612	28.288828	0.0747288126741048	0.0391192740683365	0.018722969	0.0123571751	0.1306389393	-0.0176087979	0.0714566471	-0.0114112871	-0.0023089963	0.0803113989	0.0145620855	0.048739634	0.0316164372	-0.0819701861	-0.0210180068	0.0221694217	0.0034824726	-0.0081995002	0.0422878486	0.0681476052	-0.0184176401	-0.0857986052	0.0171948484	0.0618857317	-0.0202226265	-0.0488672831	-0.0186882599	-0.0352324599	-0.0126621242	0.0355030497	0.0616647512	0.083230259	-0.0276888742	0.0470979498	0.0998696967	-0.0023005763	-0.0811752548	-0.088255929	0.0156180826	0.1140971069	0.0639500736	0.0198281552	0.1052159852	-0.0401225902	-0.0360007625	0.0788401293	0.0317216398	0.102166347	-0.010039978	-0.0204552867	0.0281560137	0.0016544236	-0.0703998464	-2.46123e-05	-0.0682629924	-0.0884232556	-0.0784921795	-0.0024516224	-0.0330193187	-0.0968747524	0.0147800791	0.0158215615	0.012356436	-0.0380199053	-0.0174275593	-0.0139506433	-0.091675928	-0.0213288879	-0.0934454072	-0.0081163029	-0.0453749989	-0.0022960644	-0.0043930505	-0.0390530716	0.0841180482	0.1213536843	0.0030537164	-0.0334329496	0.0441656403	0.027062482	0.0475435404	0.0659185199	0.0971502982	-0.0600272294	0.0220763775	0.0268873865	0.0508002923	0.0339815932	0.0600209134	0.05737356	0.0684205786	0.0222177813	-0.0189502292	-0.0188549787	-0.0434751604	0.023682488	-0.1420505559	-0.0428786484	0.031530252	-0.0259570734	0.0597278088	0.0878250194	0.0118201305	0.0382295833	-0.0197750425	0.0873812649	0.0120995412	0.0273069084	-0.0651479639	0.0938312838	0.0543873951	-0.004989021	0.0406251942	0.0388083746	0.0259645276	0.0343512345	0.0824543391	-0.0835652466	-0.0070155887	-0.0315517269	-0.0394692116	0.0730842714	-0.067877296	-0.0444992162	0.0604754105	0.0268391869	-0.0419416951	-0.0291883947	0.009981932	-0.0445023346	-0.0359450981	-0.0190694255	0.0828934816	0.0121901255	-0.1447264334	0.0527614796	0.0147489993	0.0690493962	-0.0269738524	-0.0971505773	-0.0373886457	-0.0840395829	0.0438884809	-0.0406387199	0.0489424593	0.0458176765	-0.1128446641	-0.0310785016	-0.0056680934	-0.0392283624	-0.0599717842	0.0897954726	-0.015742114	-0.0765220104	0.0802640719	0.0088448147	-0.0877218577	0.0651206494	0.0418045698724114	-0.010090215661222	0.0017476220622173	0.0001018124520899	0.0663483444895831	-0.0272963577063904	0.0007450911440352	0.0044021028165083	0.1178084186917516	0.0100181307996222	0.0001003629447183	0.013878823514651	0.0032961657530644	-9.707462062000065e-07	9.423481968517054e-13	1.0864708671674604e-05	0.0017988179974559	0.0004278079876745	3.2357461879712547e-06	1.8301967431810517e-07	0.002616050563429	-0.0001177034362566	6.843720550417189e-06	1.3854098906635006e-08	0.0	0.0	0.0	0.0	0.0	0.0	0.0	0.0	0.0	0.0	0.0	0.0	0.0	0.0	0.0	0.0	0.0	0.0	0.0	0.0	0.0	0.0	0.0	0.0	0.0	0.0	0.0	0.0	0.0	0.0	0.0	0.0	0.0	0.0	0.0	0.0	0.0	0.0	0.0	0.0	0.0	0.0	0.0	0.0	0.0
6278.17701656701	5.217221919459007	27.219404556883525	39415506.65135024	12904.876112569977	-34.83340189776027	1213.3658877708883	166535827.4807792	6103.519132726333	-9.930541593264934	37252945.803556405	98.61565633556484	7406.006138278994	8059.314883324408	1.019937	29.155693	0.0426211682258002	0.0218109292218906	0.0546427245	0.0069192868	0.0591459076	-0.0137499409	0.0737588312	0.031689061	0.0423833368	0.0480343275	0.051803731	0.1100864908	-0.0299397019	-0.0577968349	0.0071610384	0.0062724467	-0.001498303	-0.1467878407	0.0531015388	0.1095377731	0.0284888035	-0.0538902053	0.0259053064	0.0195491654	-0.0117666604	-0.0368216912	-0.0069155151	0.0172612452	0.1196749934	0.0390148932	0.0039268049	0.0455308827	0.0810532544	-0.049555942	0.0290640582	0.062538722	-0.0370440553	-0.1018670013	-0.0956375795	0.0150010898	-0.052113271	-0.1114027497	0.1329537859	-0.0209772415	0.0173806945	-0.0095134426	0.072811665	0.1165630132	-0.0138643498	-0.0761280424	-0.0398522384	0.0984451876	0.0752050679	0.0368357678	-0.0424612645	0.013833066	0.0096361404	-0.0043859913	-0.0178769906	0.0047126354	0.0205566389	-0.009342744	0.1127748087	-0.0404261656	0.0482461916	-0.0079315777	-0.0015936002	-0.0085683479	0.0039900687	0.0240506246	0.0390541862	0.0252109442	0.0412928289	0.0293676969	0.0657008924	0.0080115494	0.0452976923	-0.0169964033	0.003354712	0.1539929191	0.0217742108	0.0221499805	0.0725099017	-0.0214878446	-0.0893479816	0.0317942546	0.067809213	-0.0009759744	0.0418883448	-0.0287965023	0.0147571682	0.0255336292	-0.032616275	0.0679843507	0.0846577	0.1051499	-0.0763086039	0.0724503436	0.0331496949	-0.1183538195	-0.0186273152	0.0629465397	-0.0265466305	0.0002872357	0.0217298161	0.0942346236	-0.0361188698	-0.0134860777	-0.0520645589	0.0112901037	0.0160705684	-0.1226167269	0.1526732877	-0.0915028528	0.0163633336	-0.0165060265	0.0309701861	0.0311227803	-0.070644615	0.0232418706	-0.0325722101	0.0615055521	0.0062798178	-0.0159463	0.073853486	0.0280905909	-0.068379611	-0.0082407461	0.0121039567	-0.0765039314	-0.0213364269	-0.0277186461	0.0637694372	0.0258078353	-0.0311219232	0.0735141987	-0.0400905341	0.0469997471	-0.0927796795	-0.1039329938	0.0258866339	-0.0495679192	0.0732322696	0.0152044589	0.0754714176	0.0411588182	-0.0973698908	0.0069678914	0.0052898174	-0.0403721968	-0.0580147416	0.0907155029	-0.0207052216	-0.072748185	0.0838337306	0.0	-0.0838337306	0.072748185	0.0369332848701589	-0.0048712850022525	0.0013640675313003	2.3729417573170136e-05	0.0660831825088905	-0.0002651619806925	7.03108760048209e-08	0.0043669870105033	0.1282324520120568	0.0104240333203051	0.0001086604706628	0.0164435617490244	0.0031477690375315	-0.0001483967155329	2.2021585180952493e-08	9.908449913641986e-06	0.0018746250781256	7.580708066969987e-05	3.514219183537412e-06	5.746713479662384e-09	0.0029330605256774	0.0003170099622483	8.602844047286985e-06	1.0049531616473194e-07	0.0	0.0	0.0	0.0	0.0	0.0	0.0	0.0	0.0	0.0	0.0	0.0	0.0	0.0	0.0	0.0	0.0	0.0	0.0	0.0	0.0	0.0	0.0	0.0	0.0	0.0	0.0	0.0	0.0	0.0	0.0	0.0	0.0	0.0	0.0	0.0	0.0	0.0	0.0	0.0	0.0	0.0	0.0	0.0	0.0
6271.922454973403	-6.2545615936069225	39.119540728222766	39337011.2811996	13039.853926050382	134.97781348040553	18219.010131951145	170037790.41273156	6108.506022933262	4.986890206929274	37313845.83221194	24.8690739359671	7440.791398573856	8067.420000174738	1.992515	56.957581	0.34966009753307	0.2101631409492083	-0.0971172065	-0.0233793781	0.0098145832	-0.0984221057	0.0633479554	-0.03111215	-0.0815680887	-0.1851298101	-0.140857026	-0.1917224963	0.0741224152	0.0087086986	0.0019524026	0.0259848823	0.0864420765	0.246763838	0.0021389875	-0.0049269061	-0.0716977626	-0.0707630398	0.1240134156	-0.0093078633	-0.3091995239	-0.1063860023	-0.0121076249	-0.0877338209	-0.102027741	-0.0796878084	-0.0343780687	0.0337037049	0.0317194499	0.0336894682	-0.0579918879	-0.0591874588	-0.0390771642	0.0536740317	-0.0645145147	-0.0080128169	-0.0058802508	0.0169153926	0.004343411	-0.1344704705	-0.0101806336	-0.0490427513	-0.0004335872	0.015359598	0.0255327813	0.0779382691	-0.0036657335	0.0738345065	-0.0745324342	-0.0101163673	-0.0180883966	0.0315086905	0.0775552649	-0.0658967794	-0.1820191397	-0.035350856	0.0278206305	-0.102781933	-0.0329971757	0.1859185209	0.0502625175	-0.0389721752	-0.113250963	-0.0415186949	0.0562569904	-0.036212773	0.1548601787	-0.1199966467	0.0381730155	-0.0003763492	-0.0171299861	-0.037154591	-0.0548974074	0.0491690834	-0.0632926438	-0.3137326992	0.0674925812	-0.0007099498	-0.0681001691	-0.169157199	0.1206888183	0.015754732	-0.0476084245	0.2025474694	0.2488228482	-0.0857864015	0.0311431521	-0.1396087868	0.1957065234	-0.0285685377	0.0462864404	-0.1183914632	0.0544078507	-0.0489909519	-0.055526482	0.1189483041	-0.0568034658	0.0778629859	-0.118308473	-0.0379665532	-0.0959785857	-0.0164823061	0.0088052974	0.1414288876	-0.0059362825	0.0220193765	0.0755617366	-0.0578938761	-0.0371490054	0.0124462995	-0.0261644759	-0.0463001421	0.1349316295	-0.067783998	-0.0427204192	0.1000270993	0.0831207432	0.1033702625	-0.0061639196	-0.0211740916	-0.0212468131	-0.0217777394	-0.0253679978	-0.0937939639	0.0654807299	0.0231263962	-0.0380373141	0.0504355843	-0.0483256029	-0.1436984008	-0.1731002353	-0.1162800678	0.038093204	0.0185527391	0.2355584435	-0.1403574587	-0.0749840909	-0.0379070629	-0.076383193	-0.1197002755	-0.0852902782	0.027065721	-0.0289566046	-0.0643038823	-0.0178781859	-0.0415085642	-0.0560147802	0.0914845461	-0.0256070703	-0.0686381031	0.0868454896	-0.0088448147	-0.0789542098	0.0792871898	0.0156296412788634	-0.0213036435912955	0.0002442856865059	0.0004538452302649	0.0937023607887539	0.0276191782798633	0.0007628190088548	0.0087801324173858	-0.0774182654450044	-0.2056507174570612	0.042292217590604	0.0059935878245131	0.0026647291796494	-0.000483039857882	2.3332750430275918e-07	7.1007816008749656e-06	0.0011370032247604	-0.0007376218533651	1.292776333115549e-06	5.440859985619124e-07	0.0022519910728277	-0.0006810694528496	5.071463792095656e-06	4.638555996049896e-07	0.0	0.0	0.0	0.0	0.0	0.0	0.0	0.0	0.0	0.0	0.0	0.0	0.0	0.0	0.0	0.0	0.0	0.0	0.0	0.0	0.0	0.0	0.0	0.0	0.0	0.0	0.0	0.0	1.0	0.0	0.0	0.0	0.0	0.0	0.0	0.0	0.0	0.0	0.0	0.0	0.0	0.0	0.0	0.0	0.0
6303.7332108224655	31.810755849062843	1011.924187688686	39737052.39322611	13019.877749946174	-19.976176104208207	399.047611746339	169517216.62354344	6135.336246266084	26.830223332822243	37642350.85474641	719.860884089119	7468.786123554531	8051.284682784542	1.62387	46.419598	0.2465006233717169	0.1746852249524417	-0.0770662279	-0.0141762537	0.0560127677	0.0213636334	0.0437744622	-0.0437564891	-0.1175812572	0.0447766067	0.0908337255	0.0614363469	0.1915451463	0.0103386138	-0.0269025523	-0.0526215448	-0.0268021605	0.2318563898	-0.0718293799	0.0020300535	-0.2699492511	-0.0802973869	0.0452942064	0.1003000237	0.0136136467	-0.0208230742	-0.0140058381	-0.0774345436	0.0646260004	0.0220071632	-0.1096269256	-0.1045189985	-0.0016439071	0.1173907907	-0.0556198299	-0.0955361656	0.0086789092	0.0606326497	-0.0023746084	-0.0193382077	0.1031457089	-0.0664272352	-0.082373248	0.041554789	0.131937521	-0.1406094414	-0.0118950525	-0.0686903102	-0.0076260909	-0.0952087754	0.0544021664	-0.0681327681	-0.0515247313	-0.0713405118	0.11401096	0.0640142118	0.0032355142	-0.0014867201	0.0502818748	0.0436939011	-0.032902643	0.0266541574	0.020504419	-0.0620490744	-0.1019295984	-0.0461640439	-0.0301823729	0.0546427263	-0.097952236	0.0100970859	-0.0005427093	0.1284106156	0.0568561887	-0.0843680758	0.06475894	0.0145540363	-0.07730094	0.0594017808	0.0859061751	-0.0944579254	0.0366419907	0.2032302766	-0.0007245354	0.137911853	0.1165438386	-0.1309276258	-0.0309158794	-0.1516874185	0.146645126	0.0992702229	-0.0338609434	0.0356443584	0.1248796356	-0.0741526078	0.0899757179	-0.1254205493	-0.1260952873	-0.0099367772	-0.0729176086	0.2047557542	-0.0782347997	0.0755918821	0.0580933583	0.0548858541	0.0501074498	0.0150577971	0.0717011299	0.0687937515	0.0033804857	-0.0540604994	-0.0175862046	0.0770652316	0.061095042	0.019255981	0.0196195763	0.0993350559	-0.071518119	-0.0007144633	0.0524032911	-0.0532468589	0.0376359391	-0.0263895188	0.1811516685	0.1335468626	0.0335460128	-0.0690377086	0.0487297328	-0.0199546265	0.0497830719	0.0235607936	0.056177078	0.1347889779	-0.0470384578	-0.1686852773	-0.1199940592	-0.1771658453	0.0974503109	-0.0593284716	-0.0375401391	-0.0737935954	-0.1249896973	-0.1102006445	0.0131097351	-0.097091011	0.0379812473	-0.002301054	-0.092972926	0.0805439603	-0.0251240572	-0.0426372543	-0.0539733795	0.0921013223	-0.0304331576	-0.0642107624	0.0892793062	-0.0176095295	-0.0731409993	0.0846398209	0.0143495538706019	-0.0012800874082615	0.0002059096962853	1.6386237727896449e-06	0.0497679907061439	-0.0439343700826099	0.0019302288745557	0.0024768528989268	-0.064689043845469	0.0127292215995353	0.00016203308253	0.004184672393641	-0.0003750467152408	-0.0030397758948902	9.240237491155518e-06	1.4066003861291372e-07	0.0016700427300881	0.0005330395053277	2.7890427203201148e-06	2.8413111423999906e-07	0.002450314558236	0.0001983234854082	6.004041434303283e-06	3.933220486449608e-08	0.0	0.0	0.0	0.0	0.0	0.0	0.0	0.0	0.0	0.0	0.0	0.0	0.0	0.0	0.0	0.0	0.0	0.0	0.0	0.0	0.0	0.0	0.0	0.0	0.0	0.0	0.0	0.0	0.0	1.0	0.0	0.0	0.0	0.0	0.0	0.0	0.0	0.0	0.0	0.0	0.0	0.0	0.0	0.0	0.0
6291.7611966424265	-11.972014180038968	143.32912352705412	39586258.95557534	13037.687713382751	17.809963436577164	317.19479761221544	169981300.91169155	6123.212555928947	-12.123690337137305	37493732.00508591	146.98386739079646	7440.237065083893	8215.12150069206	1.56706	44.795631	0.3508796892481875	0.1770092514799602	-0.0495783481	-0.0724612247	-0.0115958462	-0.0262874623	-0.0486526792	-0.0174549733	-0.0944671326	0.0470025358	0.0001552868	0.0116257791	0.0410699315	0.1293961783	-0.0120283888	-0.112532742	-0.0948893689	0.0629135881	0.0237483074	0.0643468124	-0.066481576	4.62439e-05	-0.0042515359	0.018609555	0.0119689598	0.0479079312	-0.0524543494	0.0041064305	0.1187601644	-0.1549739853	0.0759338602	-0.0425129229	-0.0599179139	-0.0720901391	-0.0955848401	-0.0359597522	0.0212780655	0.0055330985	0.0473758968	0.0488326035	-0.0483150372	-0.0066534004	-0.0564098181	0.036137054	-0.0190910608	-0.0452394011	0.0111150913	0.0365919831	-0.0255809559	0.0548809052	0.0789360427	0.0193646068	0.0240403777	-0.0688466902	0.0511492714	-0.0473997965	0.1552332497	-0.1103577688	0.1228446487	0.082136538	0.0575692284	-0.0678843234	0.030459979	-0.0887570727	0.0461979605	-0.0413695588	0.0247793989	0.0445534205	-0.0225304347	-0.0701316519	-0.0378830574	-0.0137672785	-0.0576927434	0.0932503506	-0.1500328218	-0.0565751698	-0.0376022265	0.1051689355	0.0975040081	-0.0002887885	0.0154050781	0.0122884418	-0.0635526795	0.1230881875	0.0026900115	0.0673464793	0.01795748	-0.0658009589	0.0128248656	0.0349019407	-0.0333544447	-0.0012369627	0.0206369265	0.0072238661	0.0510610862	0.141567424	0.0822472896	0.0117199865	-0.0462748817	-0.0283084381	-0.0239419492	-0.0930081357	0.0673849189	0.0369556983	0.0723764256	-0.0860003843	-0.1287179789	0.0828600311	0.1133040668	-0.1065648394	0.0976552889	0.0530561536	-0.076991738	0.0007631322	0.069681499	0.07757465	-0.0962196187	0.146818351	0.0063116024	0.0073451244	0.1101935442	-0.0024668689	-0.0563718107	-0.1058023041	0.0175213187	-0.0742637471	0.0068898702	0.0118277156	0.0102962252	-0.1051400234	0.113906588	0.1043239753	-0.1010941844	-0.0481270532	-0.0177076849	0.0302790182	0.0218762804	0.0473860772	0.0136415222	0.0020172497	0.0796875699	-0.0631768655	-0.0161292219	0.0094665785	0.0608199888	0.0161181591	0.0090769638	0.0165910623	0.029370574	-0.0437580584	-0.0518920499	0.0925648049	-0.0351692048	-0.0594866269	0.0911189838	-0.0262147696	-0.0664628444	0.0887259867	-0.006854032102268	-0.0212035859728699	4.69777560589203e-05	0.0004495920581088	-0.0697963060915611	-0.119564296797705	0.0142956210687296	0.0048715243440268	-0.0654644998545066	-0.0007754560090375	6.01332021952519e-07	0.0042856007412006	0.0021529897487421	0.0025280364639829	6.390968363227166e-06	4.635364858188572e-06	0.0006578354471384	-0.0010122072829497	4.3274747551177874e-07	1.024563583656414e-06	0.0030967978206749	0.0006464832624389	9.59015674213681e-06	4.1794060861364406e-07	0.0	0.0	0.0	0.0	0.0	0.0	0.0	0.0	0.0	0.0	0.0	0.0	0.0	0.0	0.0	0.0	0.0	0.0	0.0	0.0	0.0	0.0	0.0	0.0	0.0	0.0	0.0	0.0	0.0	0.0	1.0	0.0	0.0	0.0	0.0	0.0	0.0	0.0	0.0	0.0	0.0	0.0	0.0	0.0	0.0
6195.846583669215	-95.91461297321166	9199.612981800983	38388514.88836548	12902.667642908773	-135.0200704739782	18230.41943079804	166478832.30336502	6087.360189998851	-35.85236593009631	37055954.08278284	1285.3921427855307	7423.847167233017	8077.213940429688	1.758032	50.254719	0.3576399281976519	0.2046634115620191	-0.1232764539	0.0337584143	0.0149597248	-0.1747648606	-0.0848421365	-0.1905050178	-0.0692880126	0.0865658702	-0.16728871	-0.0805090906	-0.0201090128	-0.0284138389	0.1045895415	0.073334094	-0.0218829323	0.1927532288	0.108445549	-0.0640690834	-0.0182753657	0.0533942337	-0.1040589477	-0.0241426983	-0.0149612858	-0.0142647263	-0.0307080931	-0.0230873333	-0.0691710034	-0.0534449206	-0.0029001208	0.021418108	0.0706250003	-0.0065989229	-0.0423126295	-0.0061149974	0.0273475981	0.0837006242	0.1105940199	-0.0368446259	-0.0178615816	-0.0292778235	-0.0310565186	-0.1215584423	0.022483931	0.0637059708	-0.1124021176	0.0665781097	-0.045927464	-0.0051553782	-0.0051653664	-0.0417251854	-0.1160471538	0.096128201	0.0162656311	-0.0153764103	0.1020521578	0.0224596747	0.0920017799	0.0161250256	-0.0432326496	-0.025086294	-0.0186116875	0.0945955344	-0.0405937869	0.0241713138	-0.0511505697	0.0366211184	0.0359384452	0.0192721018	-0.108094197	0.0085959977	-0.0415389541	0.0330699066	0.074548443	-0.0155128972	-0.1803052953	-0.0690767687	0.0725567523	-0.1426669664	0.106328271	-0.0663981291	0.0108472631	0.0248241098	0.0164695502	-0.0856452323	-0.086171699	-0.0410303314	0.0101635617	0.0624996152	-0.0266589188	-0.0194541029	-0.0056569122	0.0348090033	-0.0178107549	-0.0720732638	0.1542190281	-0.0868241814	-0.0012777444	0.0236778084	-0.0140787152	0.0130366764	0.0119364642	-0.0412801729	-0.0562163729	0.0387602337	-0.0362270203	0.0618571201	-0.0232901511	0.0056098396	-0.1143789753	0.027856296	-0.0391977854	0.0373041318	0.0661538638	0.0480198663	-0.0391248016	-0.0772649006	0.1168140513	-0.0394031833	0.0681155548	-0.1289097393	-0.1425859871	-0.1245119884	-0.0685294271	-0.058670447	0.0299469508	-0.0305056413	0.0837573906	0.0595198081	0.075127319	-0.0053529365	-0.0458774258	-0.0347464287	-0.0110062896	-0.0236330636	0.0064831532	-0.0322905186	0.0494883065	-0.0051661547	0.0821889272	-0.0471969675	0.0554586007	-0.0834201797	-0.0461459783	0.0091931841	0.0862691029	0.1141562906	0.1142978137	-0.0448707692	-0.049772331	0.0928742226	-0.0398011998	-0.0544875326	0.0923522795	-0.0345826047	-0.058998719	0.0914845461	-0.0161491642756601	-0.0092951321733921	0.0002607955068022	8.639948212082895e-05	0.108704895738839	0.1785012018304	0.0318626790548972	0.0118167543575918	-0.0116050123086068	0.0538594875458998	0.0029008443987069	0.0001346763106829	0.0003822019522274	-0.0017707877965147	3.135689420285387e-06	1.4607833228643576e-07	0.0001881084078014	-0.000469727039337	3.53847730855778e-08	2.206434914843036e-07	0.0031759651177824	7.916729710749984e-05	1.0086754429370571e-05	6.267460931307152e-09	0.0	0.0	0.0	0.0	0.0	0.0	0.0	0.0	0.0	0.0	0.0	0.0	0.0	0.0	0.0	0.0	0.0	0.0	0.0	0.0	0.0	0.0	0.0	0.0	0.0	0.0	0.0	0.0	0.0	0.0	0.0	1.0	0.0	0.0	0.0	0.0	0.0	0.0	0.0	0.0	0.0	0.0	0.0	0.0	0.0
6147.9044438348365	-47.9421398343784	2298.448771899092	37796729.05052413	12743.582750215304	-159.08489269346865	25308.003083292435	162398901.31158507	6077.761739493974	-9.598450504876382	36939187.76205682	92.13025209456168	7393.273428303341	7664.801736450196	1.333405	38.116432	0.0911573327047781	0.0527994973090081	-0.096406357	0.1822122919	-0.0411890679	-0.1025478378	-0.0338153409	-0.1809603927	0.1056930872	0.0382168672	-0.075154247	0.0012660595	0.0852742391	0.0241358367	0.1316396368	0.1360605946	-0.0354320812	0.0746042149	0.0263682334	-0.0138331991	-0.0938752364	0.0346354834	-0.0719434725	0.0106247922	0.0839819887	-0.0524452	-0.02815891	0.1030008016	-0.0455928061	0.0520129	0.0216002632	-0.0160712016	-0.055431099	-0.033988909	-0.0807171965	-0.0403350886	0.0701794121	0.0498771596	0.0213385816	-0.0112781541	0.0808092286	0.1113456395	0.0200584767	0.07876742	-0.0693405206	0.0647597927	0.0341017901	0.0034568981	0.017235934	0.0071557227	-0.0225516031	0.0261680446	-0.0147948664	-0.0866205378	0.0021738824	-0.1303705228	0.0488698024	0.0548836125	0.0019472649	0.0694866319	0.0950113122	0.020126906	0.0419888006	-0.0506846629	-0.0153035775	-0.1315618271	0.0686921876	-0.0811017444	0.0127758187	0.0300555959	0.0078877529	-0.011870671	-0.0627596307	-0.0934545852	-0.0894309002	0.0482590065	-0.1396819402	-0.1535193662	-0.0076264307	-0.030121548	0.037796107	0.0058335059	-0.0508965149	0.0804585312	0.0101829751	-0.0766860593	-0.0238939902	-0.0293741737	0.0436937632	-0.0202752129	-0.005999203	0.003878962	-0.0447206893	-0.0342321454	-0.0255293652	-0.0661637301	0.1414730894	0.0765937159	0.0194703243	-0.0246247473	-0.0540955039	-0.0598494441	0.073594317	0.0772156006	0.076365995	0.0292918722	-0.0628176853	-0.0414721891	0.0998757087	-0.0500089085	-0.0476471783	0.0358906713	0.0772302082	0.05720701	0.0409002544	0.1179657952	-0.0469889852	0.087794787	-0.0260726916	-0.0327492731	-0.1267709818	-0.0138296743	-0.1545412399	0.0413051017	-0.0024321606	-0.0318860904	0.0515557842	-0.0289091584	0.087199041	0.0776126243	0.0837021841	-0.0930199262	-0.0735556827	0.0372800992	0.0105178235	0.0117140873	0.0077272758	-0.060090918	0.0582985119	0.0108250469	0.1202545233	-0.0456437696	0.0673035108	-0.0272205398	-0.0680613985	-0.0527479971	0.0480867606	0.0380649835	0.1301932987	-0.0459751808	-0.0476157909	0.0930290603	-0.0443154383	-0.0492365861	0.0929709861	-0.0426372543	-0.0508368917	0.0928742226	-0.029118457048483	-0.0129692927728229	0.0008478845408843	0.0001682025550271	0.1059772056358809	-0.0027276901029581	7.440293297775599e-06	0.0112311681143897	0.0260335453136804	0.0376385576222872	0.0014166610198862	0.0006777454815994	0.0003107699129802	-7.143203924720002e-05	5.102536231013524e-09	9.657793881372109e-08	-0.0004860095234946	-0.000674117931296	2.3620525692744818e-07	4.544349852947987e-07	0.0031650792441914	-1.088587359099986e-05	1.0017726622011205e-05	1.185022438392282e-10	0.0	0.0	0.0	0.0	0.0	0.0	0.0	0.0	0.0	0.0	0.0	0.0	0.0	0.0	0.0	0.0	0.0	0.0	0.0	0.0	0.0	0.0	0.0	0.0	0.0	0.0	0.0	0.0	0.0	0.0	0.0	0.0	0.0	0.0	0.0	0.0	0.0	0.0	0.0	0.0	0.0	0.0	0.0	0.0	0.0
6140.006271968884	-7.898171865952463	62.38111882412301	37699677.01981723	12699.277127723994	-44.30562249131072	1962.9881843425376	161271639.56673378	6074.916971642987	-2.844767850987409	36904616.212356	8.092704126011524	7391.041714540383	7506.669616699219	1.131427	32.342716	0.0792142404050028	0.0438341244792748	-0.121995669	0.2091258491	-0.0381422023	0.0099764033	0.0537411471	-0.1815879882	0.1133411113	-0.0291737566	-0.0129185089	0.0072581232	0.0804372256	0.0224600131	0.1563012202	0.0943527769	0.0036763304	0.0722803019	0.0059001459	-0.1433437292	-0.0865575046	0.0654614932	-0.0123427083	0.0694542895	0.1294075745	0.0389392883	0.0026354523	-0.0142050824	-0.0103525982	-0.012429555	0.0292403828	0.0032950014	0.0477958627	-0.0002516392	0.0441478462	0.0496728792	-0.0007309482	-0.1150172598	0.0569859706	-0.0563872272	0.1455581833	0.0803175603	-0.0240124434	0.0220559581	-0.0221206902	0.0232419954	-0.0747986602	0.0118633286	-0.0795665352	0.0566203468	0.0679969573	0.0640042681	0.0361332849	0.0147952896	-0.0700084442	0.036786731	0.0157861467	0.0495410188	0.0685083702	-0.0630925965	0.0443677523	-0.1051693794	0.011380263	-0.0309558913	0.0199173399	-8.00387e-05	0.0507589664	-0.0756746972	-0.0106796685	0.001362916	0.0009268454	-0.0018143072	-0.0173164668	-0.0572141821	-0.0115348628	-0.0678741954	-0.1535447572	-0.1407647866	-0.0645481586	-0.0098725156	0.0167797811	0.0638537302	-0.0818426939	0.0435375173	0.0870721513	-0.0738141247	-0.035619599	-0.0806844926	-0.0309786785	-0.0747881888	-0.0231759715	0.0253612589	-0.0293251484	0.0029345711	-0.0367541284	0.0945000547	0.0704110394	-0.0325018954	0.0227908208	0.004507467	0.0444925399	0.0026433505	-0.0384862068	0.0552045825	0.0417549684	0.1088961885	0.006305438	-0.0904294841	-0.004384376	0.0246912519	-0.045560337	0.0843778776	-0.0343116818	0.0067166597	0.1005291388	0.0074756044	-0.0568224858	0.0641823997	0.0631067695	0.109507266	-0.0898969942	-0.0749797475	-0.0309624075	-0.034129415	-0.0368003937	-0.0557620243	0.0570450937	-0.017546655	0.1037186421	0.1288857206	0.0911060034	-0.0770173802	-0.0803484796	0.0086616922	-0.0127724432	-0.0360094295	-0.0091403019	-0.0917937487	-0.0332090771	0.0390857515	0.0653983494	-0.0743383939	0.1104607016	0.0342401897	-0.0813457964	-0.1244781641	0.0209087683	-0.016721731	0.0701881712	-0.047071089	-0.0454240252	0.0930290603	-0.0486985645	-0.0437580584	0.0929709861	-0.0503057744	-0.042073882	0.0928742226	-0.0248640996129552	0.0042543574355277	0.0006182234495629	1.809955718923066e-05	0.0942057521071291	-0.0117714535287517	0.0001385671181795	0.0088747237300698	0.0397583126852225	0.0137247673715421	0.0001883692394029	0.0015807234275759	-0.0002823555482049	-0.0005931254611851	3.517978127060376e-07	7.972465560208961e-08	-9.194737757067806e-05	0.0003940621459239	8.454320242124831e-09	1.552849748501664e-07	0.0031629936099168	-2.0856342746000504e-06	1.000452857637451e-05	4.3498703273864776e-12	0.0	0.0	0.0	0.0	0.0	0.0	0.0	0.0	0.0	0.0	0.0	0.0	0.0	0.0	0.0	0.0	0.0	0.0	0.0	0.0	0.0	0.0	0.0	0.0	0.0	0.0	0.0	0.0	0.0	0.0	0.0	0.0	0.0	0.0	0.0	0.0	0.0	0.0	0.0	0.0	0.0	0.0	0.0	0.0	0.0
6180.445850783306	40.43957881442202	1635.3595346878503	38197910.914464585	12730.866622804657	31.58949508066325	997.896199451248	162074964.96764165	6092.649784063202	17.73281242021494	37120381.39124538	314.4526363305293	7376.826047536178	7443.334753073415	1.325884	37.901417	0.1177374187636002	0.08654473610407	-0.045876452	0.2007297164	-0.0694850427	0.0715250784	0.0314092611	-0.0706272826	0.1697320716	-0.0783659266	0.0516195596	0.0282604977	0.1012594811	0.0463625334	0.0823250433	0.0837142065	0.0267986148	0.071358524	-0.025251109	-0.0795002285	-0.0819148199	0.031541434	-0.0076241923	-0.009990427	0.0881125207	-0.0066733422	0.0097484042	0.0657930418	0.0388287056	0.0183896111	0.0959151431	-0.045302365	0.1573464062	-0.0210479738	0.0574313166	-0.0080194503	0.0097089111	-0.0864685174	0.0310823028	-0.0416646856	0.1447903701	0.0523274307	0.1321959465	0.0285934991	-0.051821821	-0.0324692133	0.0297526517	0.0792181857	-0.0211783635	0.0184998316	0.001232762	-0.0294516883	-0.0701966544	0.1038875272	-0.0898327717	0.024092436	-0.1051988748	0.0098053873	0.0753978282	0.0187601991	0.0914380335	-0.0023785603	-0.0038930624	-0.0064801294	0.0863628336	0.0621019062	0.0485688317	0.0358145393	0.0130644234	0.0060950676	0.0019466051	0.0518066434	0.037147969	0.1166014036	0.0130072643	0.0426108791	-0.0351870066	-0.1052317871	-0.0954430382	-0.0102278356	-0.064904244	0.1260490314	-0.0737543063	0.0298336804	0.07396995	-0.0832974864	-0.0665324977	0.0288169922	0.0034984041	-0.0606572812	0.0291870741	0.0461690293	-0.0428145223	0.0790494572	0.0141938347	0.0717201311	0.1387075993	0.0261533696	0.0761650271	-0.2426468411	-0.0360465928	0.0073940445	-0.0151335928	-0.0384543078	-0.0207766879	0.1308726585	0.0617364312	-0.0445590366	0.0719217241	0.03109645	0.1381267473	0.0677682337	0.0966752739	0.0832087228	-0.0607109232	0.0125362969	-0.058343943	0.0052650251	0.0558346857	0.0495712178	0.0018381735	-0.0043930648	-0.0103277793	0.0257702972	0.0133525246	-0.0402608594	0.0716103457	-0.0254236847	0.1029052915	0.0976170011	0.0571560376	-0.08911429	-0.0484017538	0.0202301143	-0.0039754644	-0.0252167616	0.0008195056	-0.1209416851	0.1136273493	0.0072151828	0.0228963387	0.0314900266	0.0092624343	0.0913458949	-0.0918875709	-0.0926857273	0.0169498217	-0.0657503016	0.0575620686	-0.0481582911	-0.0431986551	0.0928742226	-0.0529376103	-0.0380772724	0.0923522795	-0.0575187176	-0.0328133187	0.0914845461	-0.0186808284019264	0.0061832712110288	0.0003489733497822	3.82328428691376e-05	0.0959237869554527	0.0017180348483235	2.951643740054292e-06	0.009201372903875	-0.0416098884494218	-0.0813682011346443	0.0066207841558879	0.0017313828167733	8.946405211249448e-06	0.0002913019534161	8.485682806406453e-08	8.003816620387128e-11	-0.0002739866562617	-0.000182039278691	7.506868780946694e-08	3.3138298986347544e-08	0.0032590106092017	9.601699928490004e-05	1.0621150150889235e-05	9.219264151676494e-09	0.0	0.0	0.0	0.0	0.0	0.0	0.0	0.0	0.0	0.0	0.0	0.0	0.0	0.0	0.0	0.0	0.0	0.0	0.0	0.0	0.0	0.0	0.0	0.0	0.0	0.0	0.0	0.0	0.0	0.0	0.0	0.0	0.0	0.0	0.0	0.0	0.0	0.0	0.0	0.0	0.0	0.0	0.0	0.0	0.0
6230.72148067628	50.27562989297439	2527.63896113534	38821890.16976082	12816.655968373216	85.78934556855893	7359.811813081622	164266670.21163678	6102.880198759191	10.230414695989566	37245146.72040703	104.66138485191928	7410.471196311135	7825.615625590663	1.686977	48.223549	0.277143410800539	0.1446669764819186	-0.1388427467	0.0406697332	-0.0492243944	0.1076514244	-0.0188758549	-0.0930953939	-0.0259117779	-0.1687317156	0.0518370572	-0.0077411471	-0.0012640919	0.0806705134	0.0819286588	-0.0668969596	-0.0137958998	0.1035703511	-0.0363211633	-0.1536955451	-0.0384849975	0.116340805	0.0743795055	-0.007891445	-0.0224550705	0.1316145735	-0.0453763211	0.0186658627	-0.0111115829	0.0861767271	0.0221999574	0.02745349	-0.0699766351	0.0424368693	0.0912498437	-0.0262962299	-0.0952132289	-0.0987983581	-0.0168195087	0.1017512604	-0.0449188033	0.0999134774	0.0825555286	0.0164757317	-0.0989912859	0.0379922327	-0.007797252	-0.1211783501	0.0598349696	-0.0944715582	-0.0002500514	-0.045846822	-0.0472858988	0.028259599	-0.0253572171	-0.0024256283	0.0145039881	0.0155152157	0.0221314012	-0.0086386705	0.1029392837	-0.0109604231	-0.0837029186	-0.0645088576	-0.1203487334	0.1295052278	0.0424065302	0.0770490455	-0.0126927589	-0.0638401958	0.0931060946	-4.25973e-05	0.0197600157	-0.0292565432	0.0482001783	-0.0134552785	-0.1091858523	0.0762197809	-0.0609408404	-0.0579079985	-0.0624143079	0.0256464434	-0.135233912	-0.0147279579	0.1643422036	0.0672137294	-0.0446428215	-0.1120091547	-0.0504030539	-0.0691847793	0.0178891926	0.1239119688	0.0029759774	0.0625127069	0.0357726697	-0.0427624847	-0.057317631	-0.0182365515	-0.0281708963	-0.0563589949	0.1420544906	-0.0560737793	-0.0199628984	0.0757448149	0.0947994824	-0.0149315414	0.0392346298	-0.109690847	-0.1014128225	0.178768498	0.0128560142	-0.0528107596	-0.0415077984	0.0631446662	-0.1704577281	0.037605043	0.0500864153	-0.0191562732	-0.1339983368	-0.0143928374	-0.0798613181	-0.0380880114	0.0961116861	0.0220459195	-0.0379605632	-0.1253735072	0.0253763066	-0.002422903	0.0421824513	0.1328154334	0.0014259891	0.1130845197	-0.130766883	0.0065085381	0.0039496568	-0.122169576	0.065870886	-0.0831873606	0.0002909763	0.0909588631	-0.0137787538	0.0090390236	-0.0253977763	0.2053222135	-0.0411097969	-0.0027781016	0.023742515	-0.1044675128	0.0793036522	-0.0492365861	-0.0409413271	0.0925648049	-0.057020034	-0.0322204857	0.0911189838	-0.0642107624	-0.0231647145	0.0887259867	0.0183539058000405	0.0370347342019669	0.0003368658581167	0.0013715715374103	0.0790777225697354	-0.0168460643857173	0.0002837898852877	0.006253286206816	-0.1491489518849391	-0.1075390634355173	0.0115646501645882	0.0222454098483758	0.0006036324740955	0.0005946860688842	3.536515205250037e-07	3.643721637826546e-07	0.0012289244924115	0.0015029111486732	1.5102554080488628e-06	2.2587419208061976e-06	0.0030421368512124	-0.0002168737579893	9.254596621504496e-06	4.703422690440149e-08	0.0	0.0	0.0	0.0	0.0	0.0	0.0	0.0	0.0	0.0	0.0	0.0	0.0	0.0	0.0	0.0	0.0	0.0	0.0	0.0	0.0	0.0	0.0	0.0	0.0	0.0	0.0	0.0	0.0	0.0	0.0	0.0	1.0	0.0	0.0	0.0	0.0	0.0	0.0	0.0	0.0	0.0	0.0	0.0	0.0
6256.992276268515	26.270795592234208	690.1547010489523	39149952.34528385	12877.372516301672	60.71654792845584	3686.499192348475	165826722.92360166	6114.441876779195	11.561678020003455	37386399.46451108	133.67239863823102	7418.840678500027	7873.527196404241	1.361872	38.930183	0.0610903892310811	0.0274880668622575	-0.1016419094	0.0249490972	0.0559810701	0.1115071476	0.0552335957	-0.0715143392	-0.0260288407	-0.041809296	0.1054690091	0.1370887902	0.0058102793	-0.1401440992	0.0423764954	-0.0837717493	0.0304531208	0.0457195166	-0.0549093665	-0.0380528843	-0.0455921783	-0.0754149246	-0.0973771411	0.0727983728	0.0100658964	0.0133445406	0.0815307721	-0.0112580775	0.091640048	0.1186194522	0.0120181314	0.0398431724	0.0753128619	-0.0115819602	0.0932133936	-0.0369952981	-0.1146547057	0.0773726038	-0.0645408043	0.0137867461	-0.0561677562	-0.038507157	-0.0233260913	-0.0447925657	-0.1808556324	0.0225026443	-0.0144997447	0.1239852041	-0.0058413213	-0.1417276023	0.0514666524	-0.036397487	0.0576460986	-0.0119199851	0.0498936785	0.0603963632	0.1344259753	-0.0218799725	0.1204960297	0.0402014187	0.0195654408	-0.0027328836	0.1028742945	0.0968172045	0.0163823331	-0.0334241252	0.0032395405	-0.0358726729	-0.1011725786	0.072244293	0.0656298993	-0.0413817234	-0.0860933253	0.0642097633	0.0808088725	-0.0011896333	-0.0775090726	0.0453692436	-0.0200061198	0.0597373194	-0.0633347551	0.0273375855	0.1488851423	0.0684550166	0.0577794551	-0.1518027835	-0.0599651698	-0.0284159726	0.0087219879	-0.0401266457	-0.0521184914	0.1969279024	-0.055629266	0.0731619795	0.1173084024	0.008881345	0.005651997	-0.1136022285	-0.0465779073	-0.0477026683	0.0300492957	-0.1478703807	0.0333941406	-0.0240679582	0.0102936873	-0.0150404616	-0.0244491719	0.1159385212	-0.1342926152	-0.0369897504	-0.1006042757	-0.0454170965	0.1214070944	0.065528994	-0.0459066206	-0.0430773732	0.0474088559	-0.1020105745	-0.1202244241	0.08107178	0.1428126603	0.1076733004	-0.0478418742	-0.0639325257	0.080436458	-0.1331045408	0.0101837989	-0.0157394367	0.005875669	0.0984904449	0.0431503292	0.0392626972	-0.0244031283	-0.0112338356	0.0213009869	-0.0953124784	0.044848874	-0.0399000799	-0.1509477349	-0.0602223357	-0.0802672684	0.1097192648	-0.0119947283	0.2587643778	-0.004853828	0.0727322238	0.1395494996	-0.0460389166	0.0435483463	-0.0503057744	-0.038653711	0.0921013223	-0.0609337573	-0.0262147696	0.0892793062	-0.0703213046	-0.013242171	0.0846398209	0.0008212316961788	-0.0175326741038617	6.744214988087088e-07	0.0003073946612322	0.092423704508306	0.0133459819385706	0.0001781152339046	0.0085421411550386	-0.158965821083008	-0.0098168691980689	9.637092085199394e-05	0.0252701322725949	0.0007418767009656	0.00013824422687	1.9111466262911653e-08	5.503810394356023e-07	0.0013206973419268	9.177284951530008e-05	1.744241468972515e-06	8.422255908157911e-09	0.0032200170546386	0.0001778802034261	1.0368509832163443e-05	3.164136677094629e-08	0.0	0.0	0.0	0.0	0.0	0.0	0.0	0.0	0.0	0.0	0.0	0.0	0.0	0.0	0.0	0.0	0.0	0.0	0.0	0.0	0.0	0.0	0.0	0.0	0.0	0.0	0.0	0.0	0.0	0.0	0.0	0.0	0.0	0.0	0.0	0.0	0.0	0.0	0.0	0.0	0.0	0.0	0.0	0.0	0.0
6308.798635270227	51.806359001712735	2683.898833014342	39800940.22038748	13001.566865695742	124.19434939407074	15424.23642141652	169040740.96315742	6136.042129017948	21.600252238753452	37651013.00908312	466.57089677777367	7439.440499091615	8036.120679080102	1.508371	43.11797	0.3150061007368858	0.2109206828041407	0.0050919745	-0.0287143374	-0.0273627583	0.1009873282	-0.038225549	0.0421344792	-0.0157698882	-0.0642554199	0.0459730696	-0.0717966866	-0.0476959297	-0.0579169193	-0.0461314649	-0.0684070273	0.0340115352	0.0757763497	-0.0402589491	-0.0749054811	-0.0489537744	0.0280392854	-0.0680549644	0.0447887304	0.0848651189	0.0221976963	-0.036262616	-0.0571264469	0.0477712373	-0.0716199747	-0.1174588736	-0.0032092965	-0.0969262791	-0.109268453	0.0437075796	0.0309638143	-0.0058956679	0.057782086	-0.0145696219	0.050581774	0.0066945112	0.0479179325	0.0093681053	-0.019517526	0.1140239968	0.1108114895	0.0857543441	-0.0649716173	0.038515968	0.1388491534	0.0126113717	-0.1241687128	0.1358569065	0.1162181341	0.0003196734	0.0012542931	-0.017441086	-0.0054313114	0.012248773	-0.1478712746	-0.0262683136	-0.0131876843	-0.0665134457	-0.047966951	0.0318624702	0.0998752072	-0.0674799134	-0.0217973197	0.0132549763	0.0630807007	0.0484012357	0.0935322118	-0.1134879221	0.0997349876	0.1115815588	-0.0765586078	0.0379294951	0.0466115476	-0.0286382727	-0.0799901545	-0.0638855413	-0.0414440374	0.0234913366	0.0520767175	0.0661715667	-0.0682589377	-0.018321383	-0.0039219702	-0.041769382	-0.0140271832	0.0194762262	0.0160889374	-0.0538090625	0.0111736697	-0.0077152832	0.0495500601	0.0199901656	-0.195993215	0.0389020122	-0.0102830198	0.0882064589	-0.0313080701	0.0746592	0.0402398023	0.0908135743	-0.0942004118	0.0270921973	-0.0707741618	0.0422059195	-0.037171389	0.1282878361	-0.007509602	0.0610693373	0.0909346473	0.0636996543	-0.1479359584	0.1128119432	0.0705623371	0.1626642957	-0.1299561698	0.052111167	-0.0020067258	0.0837421961	-0.0967537958	-0.0983713406	-0.0165868994	0.0357457662	-0.0022531478	-0.0286982933	0.0685416589	-0.0187804229	0.069270073	0.0088319058	0.0740941811	0.0543776837	-0.0771364576	0.0097862902	-0.0719899948	0.0241191878	0.0098049661	-0.0451990907	0.085759413	-0.0345132443	0.1204469617	-0.0524215788	-0.0751115653	0.1057176192	-0.0617440233	0.0625832583	-0.0513656584	-0.0363374993	0.0914845461	-0.064667201	-0.0200878836	0.0868454896	-0.0757950062	-0.0031630294	0.0792871898	-0.0171342066912671	-0.0179554383874459	0.000293581038939	0.0003223977676853	0.1310751846157671	0.038651480107461	0.0014939369144974	0.0171807040220574	0.036107935755524	0.195073756838532	0.0380537706070987	0.001303783024525	1.5022832139263914e-05	-0.0007268538688263	5.283165466278125e-07	2.2568548548450077e-10	0.0008880248524372	-0.0004326724894896	7.885881385461109e-07	1.872054831611281e-07	0.0033269992043916	0.000106982149753	1.106892370602234e-05	1.1445180365773358e-08	0.0	0.0	0.0	0.0	0.0	0.0	0.0	0.0	0.0	0.0	0.0	0.0	0.0	0.0	0.0	0.0	0.0	0.0	0.0	0.0	0.0	0.0	0.0	0.0	0.0	0.0	0.0	0.0	0.0	0.0	0.0	0.0	0.0	1.0	0.0	0.0	0.0	0.0	0.0	0.0	0.0	0.0	0.0	0.0	0.0
6298.91220122328	-9.886434046947215	97.74157816463708	39676294.91871951	13014.652425450602	13.085559754859789	171.23187409800613	169381177.75528723	6122.808129803028	-13.233999214920004	37488779.39438206	175.1387352205033	7438.329693704679	8201.61656735328	0.976277	27.907648	0.0980290977069605	0.0561174312486655	0.0098001299	-0.0438009166	0.0132050556	0.0317910339	-0.088324358	0.011034365	-0.0464021593	0.016779939	0.0128017239	-0.0243456672	-0.0833499588	-0.007190296	-0.0036383842	-0.0545689078	-0.0111259465	0.0796574108	-0.054389951	-0.0160072083	-0.0329437703	0.0531724775	-0.1318350774	-0.031377578	0.0187219357	0.1256824539	-0.0025039085	-0.0020287334	-0.0429956974	-0.042560314	-0.0388588458	0.1011116042	-0.0757907518	0.0268219623	0.0351326954	0.0584079935	-0.0780352657	-0.055440284	0.0600668143	-0.1317934418	0.0530476152	-0.1092771448	0.074531063	0.1033528698	0.0836104374	0.0211308955	-0.025287138	0.0239620425	-0.0011419898	-0.096763158	-0.0364156543	0.0511593358	0.0493010388	-0.014181213	0.0540432989	0.0388351861	-0.0784242664	-0.0503357323	-0.123315754	0.0808322017	-0.0180176074	0.0310827823	-0.0557694871	-0.0692354597	-0.0338491316	0.0198196647	-0.0102965475	0.0647817889	0.1157439514	-0.0121128229	-0.0010626635	0.0473015288	-0.1121310118	0.0054049326	-0.0439856141	-0.0003488942	-0.0095975999	0.0317655564	0.0437049172	-0.0361243174	-0.0490178128	-0.1049487674	0.0363510733	0.0531289394	0.0272144428	-0.0540165793	-0.0435763559	-0.0915942137	-0.0116333238	-0.0468152284	0.0836056703	0.0424521331	-0.0224113635	0.1140374122	-0.0352042709	0.0457514226	0.0198318653	-0.0447264879	0.0702278063	0.0351824218	0.0817440101	0.0006369127	-0.0359478727	-0.0296856265	-0.0759774859	0.0013855898	0.0407635571	-0.0914226602	-0.0302322283	-0.0147205163	-0.0028363669	0.0009402223	0.0124540492	-0.0623581331	0.0688601519	0.0446031139	-0.1130117626	0.0908533397	0.0358025298	-0.0590925489	0.0270584989	-0.0098883644	0.0343768476	0.0774940883	0.0277563365	-0.0117781568	0.0456275235	0.0281573017	-0.0343520328	0.0080445361	0.041248077	0.0751667147	-0.0078911625	0.0500363057	0.0923901526	-0.0205922403	0.0106661346	-0.0925091027	-0.0266146784	0.0247496711	-0.088622915	0.0351014833	-0.0297903884	0.0833500744	-0.0116877762	0.0174095974	0.1231581095	-0.036213092	0.0246455684	-0.0524160419	-0.0339944055	0.0907155029	-0.0682093192	-0.0138681475	0.0838337306	-0.0805822964	0.0069535172	0.072748185	-0.0155820485241235	0.0015521581671436	0.0002428002362081	2.409194975830587e-06	0.0846543020716836	-0.0464208825440834	0.0021548983361715	0.0071663508592438	0.0599707702854743	0.0238628345299503	0.0005694348718037	0.0035964932886331	-0.000135147529072	-0.0001501703612112	2.2551137386321482e-08	1.8264854614267087e-08	0.001055794354281	0.0001677695018438	1.114701718531634e-06	2.8146605748916823e-08	0.003121074618131	-0.0002059245862606	9.741106771941568e-06	4.2404935226599323e-08	0.0	0.0	0.0	0.0	0.0	0.0	0.0	0.0	0.0	0.0	0.0	0.0	0.0	0.0	0.0	0.0	0.0	0.0	0.0	0.0	0.0	0.0	0.0	0.0	0.0	0.0	0.0	0.0	0.0	0.0	0.0	0.0	0.0	0.0	0.0	0.0	0.0	0.0	0.0	0.0	0.0	0.0	0.0	0.0	0.0
6287.104666313336	-11.80753490994448	139.4178806495576	39527685.08517892	12994.008207546443	-20.64421790415872	426.18373287438754	168844249.29778433	6123.459842258029	0.6517124550009612	37496760.43974673	0.4247291240033798	7431.096175404064	8024.172055939705	1.051296	30.052105	0.1566551978521541	0.0993247198038859	0.0236479476	-0.010844647	-0.1049456476	0.0345058869	-0.0524714264	0.0441044595	0.03442468	-0.0607551841	-0.014971306	-0.0450730476	-0.0346481809	0.0239339439	-0.0271904296	0.0133499732	-0.0083575632	-0.0132839531	-0.090343727	-0.0610064044	-0.0705944106	0.0147203556	-0.0457328395	-0.0556268529	0.048146513	-0.0706058103	-0.1199333273	-0.0697412897	-0.0172106869	-0.0584378544	-0.0258683258	0.0507892272	-0.0909617184	-0.014619665	0.1060072919	0.1007893515	0.0182879382	0.0779576032	-0.0599927922	-0.0077397536	-0.2215766885	0.0113492814	-0.1064263189	0.0527209595	-0.0219884318	-0.0867308621	-0.0077794679	0.0183251201	0.0919841125	0.0710407324	-0.0292147995	-0.0551101018	0.0972749091	-0.0823489447	0.0586674603	-0.0883017809	-0.0470108928	0.0040047466	-0.08331482	-0.0489962823	-0.079078647	0.1002326569	-0.0409088785	-0.1008208852	0.0173107619	-0.0562205754	-0.079155729	0.113467124	0.0722785777	-0.0411628665	0.0540857409	-0.0879800788	-0.0042005848	0.0161684967	-0.0934291054	-0.0904969961	0.0414762901	-0.0057048262	-0.0436590397	-0.0320546989	-0.05652831	-0.0430170479	-0.0740913132	0.0640106531	0.0165354586	-0.0504209517	-0.006677707	-0.037904344	-0.0457066776	-0.0237123943	-0.0354526074	-0.1085652462	0.0665819775	-0.0686827541	-0.0313947805	-0.0496678778	-0.1248925963	-0.0968370291	-0.0719161408	-0.014493242	0.0135288014	-0.0464397023	0.0530008888	-0.0871224397	-0.0148534603	-0.1556991539	0.0041949692	-0.0524675908	0.0633699618	0.0240939467	0.0492662361	-0.083755114	-0.1332739017	-0.0174655364	0.0171461021	0.0013576189	0.004251847	0.041275555	-0.0992472536	0.0888259868	0.0386058388	0.0507193095	0.1406541758	-0.0920504669	0.0636428033	0.0162139404	0.0509157663	0.0374163563	-0.0120756783	-0.0020740439	0.0451203118	0.0080685755	0.0130045036	0.0076190743	0.1104340512	-0.0410476495	-0.0254667855	-0.0898939805	0.0405783296	0.111111458	-0.0794557047	-0.018206621	-0.0370254191	0.003888409	-0.0119574915	-0.0215447205	0.0013243048	-0.0190855333	-0.0187913906	-0.0534567308	-0.0316261628	0.0897954726	-0.0715496322	-0.0075843101	0.0802640719	-0.0846398209	0.0169878336	0.0651206494	-0.0163759398020602	-0.0007938912779366	0.0002681714044006	6.302633611839657e-07	0.0651957800503595	-0.0194585220213241	0.0003786340792543	0.0042504897363748	0.1177051886129376	0.0577344183274633	0.0033332630596105	0.0138545114264072	-0.0013629373387029	-0.0012277898096309	1.507467816633482e-06	1.8575981892305436e-06	0.0010210897126472	-3.470464163380011e-05	1.0426242012739412e-06	1.204412150930492e-09	0.0028102017448871	-0.0003108728732439	7.8972338469665e-06	9.664194331891803e-08	0.0	0.0	0.0	0.0	0.0	0.0	0.0	0.0	0.0	0.0	0.0	0.0	0.0	0.0	0.0	0.0	0.0	0.0	0.0	0.0	0.0	0.0	0.0	0.0	0.0	0.0	0.0	0.0	0.0	0.0	0.0	0.0	0.0	0.0	0.0	0.0	0.0	0.0	0.0	0.0	0.0	0.0	0.0	0.0	0.0
6314.992520386812	27.88785407347677	777.7324048235351	39879130.53254139	13016.532823938083	22.52461639163994	507.3583435905346	169430126.75665754	6142.424657086141	18.96481482811214	37729380.6679798	359.66420146458205	7443.53181148665	8019.501136804396	1.227033	35.075691	0.1076245129230866	0.0529751886770202	0.0517396015	-0.0258388224	0.0668766014	0.1145554863	0.0112656991	0.0900813329	0.0079242253	0.02535269	0.1196549214	0.0376662984	0.0439570148	0.0138880806	-0.1062738552	-0.0398246509	-0.047923762	-0.0502026477	-0.0372262744	0.0249635516	-0.0286787964	-0.0892069219	0.0044433949	-0.0223537886	0.0757545024	0.047254708	-0.0588863399	0.0141263062	-0.0788841579	-0.035368657	0.0544723674	-0.0153365823	-0.0548183908	-0.0523232132	-0.0070574569	-0.1215464104	0.0413310899	0.0578560272	0.0645895136	0.0732091057	-0.0016160392	0.0423508755	-0.0780987561	0.1241663495	-0.0192465653	-0.0055222803	0.0151551512	-0.0450727628	0.1070658558	0.057904469	-0.1387950498	0.1340696178	-0.2404014245	0.0551394082	0.0950282965	0.0504592792	0.0037769323	0.0529106202	-0.076998343	-0.0551390878	0.12187639	0.0103636105	-0.0376328031	0.0423751452	0.1177851345	-0.0134540271	0.0764280077	0.1255732701	0.0521878216	0.155986829	-0.0588013009	0.0330028096	0.1090580653	-0.0762444619	0.0312147348	0.0906417987	0.0910015862	0.0512992867	0.0445191124	0.0458799166	-0.0531731504	0.0603167747	0.0301014724	0.0111766688	0.0942399407	0.026324438	-0.015476648	-0.0254167591	0.0340134405	-0.0417840239	0.0343851409	-0.0533308962	-0.0401930129	-0.0043291988	-0.0671295124	-0.0368733774	0.0852694839	0.0215457792	-0.0757093734	0.0253912974	0.0057031008	0.0204940951	0.0749754085	0.1109990272	-0.0335390366	0.004904573	-0.0107076418	0.0474526897	0.2028710599	-0.0044563869	0.037876541	0.0071509601	-0.1423207932	-0.0483097435	-0.1053649816	0.0670721959	-0.0146427125	-0.0315660074	0.0734560427	-0.0437181506	0.0107447133	0.018961875	-0.0056109315	0.1363023108	0.0177086329	0.0189215395	0.0544566022	0.0466977922	-0.044315096	-0.0341017986	0.0562297507	0.0590158288	0.0855554637	0.0383678233	-0.0327665824	0.0002552371	0.0240109144	-0.0748202318	-0.0048372856	0.100506637	-0.0570289022	0.0414679444	-0.0211406894	0.0455733965	-0.0210980176	-0.036739009	0.0005385867	-0.0180799585	-0.0541386995	-0.0544875326	-0.0292345235	0.0887259867	-0.0746782574	-0.0012654166	0.0761602691	-0.0879308341	0.0268212567	0.0565187138	-0.017187731990873	-0.0008117921888128	0.00029541813099	6.590065578174782e-07	0.0380808970382133	-0.0271148830121462	0.0007352168807623	0.001450154719235	0.1013577429609	-0.0163474456520376	0.0002672389793463	0.0102733920581278	-0.0006463569501404	0.0007165803885625	5.134874532723834e-07	4.1777730699479953e-07	0.0006501508401044	-0.0003709388725427	4.22696114888457e-07	1.375956471633236e-07	0.0026307131645906	-0.0001794885802964	6.920651754350289e-06	3.221615045685308e-08	0.0	0.0	0.0	0.0	0.0	0.0	0.0	0.0	0.0	0.0	0.0	0.0	0.0	0.0	0.0	0.0	0.0	0.0	0.0	0.0	0.0	0.0	0.0	0.0	0.0	0.0	0.0	0.0	0.0	0.0	0.0	0.0	0.0	0.0	0.0	0.0	0.0	0.0	0.0	0.0	0.0	0.0	0.0	0.0	0.0
6309.885780244935	-5.106740141877708	26.078794876665157	39814658.55973723	13072.03617606576	55.50335212767641	3080.622097408841	170878129.78837192	6144.91833695555	2.4936798694088798	37760021.36785257	6.218439291095085	7449.957977095661	8146.642460460048	1.000596	28.602814	0.0696070173569352	0.0346839490316316	0.0438911479	-0.0476917745	0.0951488598	0.0351828892	-0.0416909115	0.0545973974	-0.0418255468	0.0918164797	0.0462077755	0.0085299139	0.0182227992	0.0435560838	-0.1083102897	-0.0592835816	-0.1021510884	0.0576676251	0.0350438856	0.0195925428	0.0900613468	-0.1229445829	0.0149249879	0.0087370213	-0.0979446665	0.0300357919	-0.0505291357	-0.0058897549	-0.135088234	-0.0095269061	0.0424821939	-0.1207805179	0.0405652518	0.1129233255	-0.031815672	0.0233691661	0.0177477833	-0.0402799345	-0.0855226318	0.0181152287	-0.0240122937	0.0832686617	-0.0561730499	0.0384446375	-0.0531253717	0.0126243124	0.0369658755	0.0178951109	-0.0960554909	-0.0016216728	0.1121821764	-0.1738368389	0.0838974587	-0.0765754316	0.0089410852	-0.0615027743	0.0321192563	0.1336708984	0.0255801628	-0.0379257471	-0.0292019414	0.0963425998	0.0743976935	-0.0102217795	0.0887908995	0.0301055257	0.0343010795	-0.0236822135	0.0998694875	0.0418766107	-0.0005550746	-0.0376055084	0.0554394898	-0.0237357057	-0.0418450989	-0.1086588127	0.0435739388	0.0553113146	0.1462784796	-0.0195639509	0.0128600051	0.0123393086	0.0558168314	-0.0112825335	0.0938547689	0.0957317985	-0.0449382225	0.0718326669	-0.0349622994	0.0106719708	0.0133463824	-0.0619523368	-0.0262696317	-0.0624137326	0.0625338912	-0.0036406024	-0.0697934186	0.031411674	-0.1555790479	-0.0097624185	0.0409712123	0.0489947729	-0.0276308607	-0.0980545229	0.0949086836	0.0295059788	-0.0631926667	-0.0393105123	-0.0096323738	-0.0152367418	-0.1043890268	0.0946207019	-0.0204446277	0.0527559769	-0.0987496729	0.0362700343	-0.0136132845	-0.0720231118	-0.0573522044	-0.0242337793	-0.0676770709	-0.0074325151	0.0306503176	-0.0861150112	-0.0618684349	0.023212169	0.0455521671	0.0434910517	-0.0336961826	-0.0455402737	0.0455769253	0.0655679866	0.0856513241	0.0270031191	-0.0709074371	0.0184373002	0.0105493461	-0.0421956224	0.0455612091	0.1124130142	-0.0381307445	0.0012184474	-0.0302595581	-0.0168908951	-0.0054654953	-0.0359601056	-0.002235684	-0.0019458413	-0.0199602535	-0.0555082565	-0.0268212567	0.0875088252	-0.0775859381	0.005059326	0.0715496322	-0.090425532	0.0363374993	0.047071089	-0.0149698400549596	0.0022178919359134	0.000224096111271	4.91904463938969e-06	0.0528474112702497	0.0147665142320363	0.0002180499425649	0.0027928488779669	0.0842947955212096	-0.0170629474396904	0.0002911441753296	0.0071056125519625	-0.0004379368559021	0.0002084200942383	4.3438935682301866e-08	1.917886897574167e-07	0.0010509018796431	0.0004007510395387	1.1043947606374008e-06	1.6060139569134877e-07	0.0027327353057995	0.0001020221412088	7.467842251563086e-06	1.0408517296848696e-08	0.0	0.0	0.0	0.0	0.0	0.0	0.0	0.0	0.0	0.0	0.0	0.0	0.0	0.0	0.0	0.0	0.0	0.0	0.0	0.0	0.0	0.0	0.0	0.0	0.0	0.0	0.0	0.0	0.0	0.0	0.0	0.0	0.0	0.0	0.0	0.0	0.0	0.0	0.0	0.0	0.0	0.0	0.0	0.0	0.0
6293.012180761588	-16.87359948334688	284.7183595244041	39602002.30721372	13035.435326283372	-36.60084978238774	1339.6222047929127	169922574.1457165	6123.492646260978	-21.42569069457204	37497162.18881228	459.0602217394709	7434.244541599306	8110.062286376953	0.9299710000000002	26.583944	0.128151221366929	0.0594401653201269	0.0509712479	-0.017034861	0.1000034424	-0.0027267701	-0.0077579134	0.0330502963	-0.0186401072	0.0905569083	0.0215281124	0.0064925156	0.0582920223	0.0171155443	-0.0427445976	-0.0306244294	-0.1030754651	-0.0177959375	0.0213932336	0.0303368869	0.0443314938	-0.0884271717	0.0333490141	0.1081857796	0.0138611629	0.0306555644	-0.0541455003	-0.0317904445	-0.0337246557	0.0463943025	-0.0787907219	-0.0434848307	-0.0144526243	-0.0011348385	-0.0897383224	-0.020630576	0.0069785139	0.1158501648	-0.0139743082	-0.1070528738	0.0156015094	0.0205374326	0.0914935863	-0.0001080356	-0.0402135964	-0.0555796439	0.0225385066	-0.0709033086	-0.0721516374	-0.0724153057	-0.0569253606	-0.0841116683	0.0201285295	-0.0449242575	-0.0702480043	0.0479668192	-0.1001751802	0.1035726823	-0.0006256648	-0.103720692	0.023132471	-0.0989494772	-0.0162887482	0.0648939521	-0.0212867262	0.0382045883	-0.0095966022	0.0262496865	0.1642316161	0.0115375927	-0.1192343284	0.0810264591	0.112928987	-0.0639491472	0.0033908653	-0.1144178818	0.0258407973	0.0039823665	0.1132829799	0.0394591484	0.0252913703	0.0605337577	0.0270589162	-0.0383206633	0.0202920878	0.0157485746	0.0748147972	0.0557580517	-0.0488265176	0.0265456628	0.0728825603	-0.0773666747	-0.0138918329	0.0489406735	0.0307915309	-0.0281288406	-0.0243096409	-0.0381442715	-0.0426808466	0.067306873	-0.0626374816	0.0238480368	0.1055118999	-0.09383963	-0.030288458	0.0469419722	0.0216044519	-0.1026298969	0.0319709899	-0.068770941	0.0002350071	0.0216176648	0.1457741883	0.0694136242	-0.1121122577	0.0089994576	0.0179720713	0.0089594109	0.0184762171	0.0571759288	0.0320429396	-0.0627770579	0.0385214241	0.0751539022	-0.036096844	0.0336899498	0.0404984937	0.0529597566	-0.0223260563	-0.0474791438	0.0397579869	0.0191940928	0.1074697281	-0.0165182844	-0.0529516872	0.0261881663	-0.0457737929	-0.0437788816	-0.0143058541	0.0800468673	-0.0329051564	0.0134040216	-0.0122165687	-0.00103893	-0.0239008759	-0.0352332079	-0.0318226922	0.0124544469	-0.0109518119	-0.0565187138	-0.0243881477	0.0861460138	-0.0802640719	0.0113606834	0.0664628444	-0.0921013223	0.0454240252	0.0369191397	0.0079139891655586	0.0228838292205182	6.26312245125789e-05	0.0005236696397938	0.0465910224740753	-0.0062563887961743	3.914240076889654e-05	0.0021707233751797	0.122037168974046	0.0377423734528364	0.0014244867538533	0.0148930706111998	-0.0009473580532706	-0.0005094211973684	2.5950995632835616e-07	8.97487281096661e-07	0.0015033345207098	0.0004524326410666	2.260014681157764e-06	2.0469529470258935e-07	0.0024692165462867	-0.0002635187595127	6.097030352456019e-06	6.944213661516481e-08	0.0	0.0	0.0	0.0	0.0	0.0	0.0	0.0	0.0	0.0	0.0	0.0	0.0	0.0	0.0	0.0	0.0	0.0	0.0	0.0	0.0	0.0	0.0	0.0	0.0	0.0	0.0	0.0	0.0	0.0	0.0	0.0	0.0	0.0	0.0	0.0	0.0	0.0	0.0	0.0	0.0	0.0	0.0	0.0	0.0
6289.065407895656	-3.946772865931962	15.577016055256792	39552343.70478975	13011.367804099256	-24.06752218411566	579.2456240828994	169295692.1335507	6112.312463498583	-11.180182762394908	37360363.65144012	124.9964866005522	7424.802332542339	8122.899357309649	1.066298	30.480953	0.08672699283731	0.0486508480051417	0.0460853157	-0.024821707	-0.0377895615	-0.0705527174	-0.0205903198	0.0499069371	0.0145912667	0.0076363346	-0.0332083319	-0.0216087019	0.0234523635	0.0794391046	-0.0081686529	0.0160195616	-0.0033468502	-0.1231111457	-0.0359911989	0.0067996404	-0.0614988709	-0.0382380368	0.0360034852	-0.0047343018	0.0798232434	-0.044723535	-0.063113646	0.0871312953	0.0726946877	0.0605713665	-0.0061316975	0.0281941722	0.0157264036	-0.0150102159	-0.0742700243	0.1271302192	0.0700474713	0.0148045795	0.0196314643	-0.1608633702	0.028909968	-0.0356925816	0.0045865024	-0.0956065372	-0.0135447934	0.0164618507	-0.0539516499	-0.0844004462	-0.0221784565	-0.0082452409	0.1996753225	0.097961907	-0.0467466095	-0.0361016243	-0.0407267892	-0.013426764	-0.1075324139	0.0831786032	-0.0090116008	-0.0250186177	0.0408295279	0.0374910276	-0.065449747	-0.0505749102	0.0180397602	0.0687369505	0.0703790289	-0.053541021	0.0955857869	-0.0650140299	0.0561742337	-0.1135658583	-0.0520671384	-0.0559489287	-0.0949805433	0.1017643361	0.0437457932	-0.0065410285	-0.0182573876	0.0391107261	-0.0106147757	0.0339256584	-0.084416224	-0.0141992762	-0.0858179833	-0.0240756326	0.0214809572	0.0077141942	0.0047133336	-0.0178028323	-0.0331888208	-0.1680831915	0.0553840968	0.0464466204	-0.0156966565	-0.0533692711	-0.0705719134	-0.0296022174	0.0179577118	-0.0015510589	-0.0553118002	-0.0369155521	0.0487569673	-0.0128649275	0.0091982029	-0.0051651656	0.0966818861	-0.1006591925	-0.0652100132	-0.0029596075	-0.0859085018	0.118212793	-0.0543944078	0.0402310155	0.0760977543	0.0121120168	-0.0046033225	0.007247114	0.0042975775	0.0432816558	-0.1262428695	-0.1126609232	-0.1641753155	0.0437692076	0.0304564359	0.0422442847	0.0202604299	0.0420976822	0.0052213222	-0.0360003658	-0.0044180419	-0.0199357753	0.0605584365	-0.0678143178	0.0627675646	0.0112696424	-0.1067100865	-0.0337705847	0.0187291804	0.0668433251	-0.0059195133	0.0144177734	-0.0143252831	-0.0285999285	-0.0274205712	-0.0505319339	-0.0167910698	0.0333370348	-0.0422312622	-0.0575187176	-0.0219369967	0.0846398209	-0.0827047351	0.0176095295	0.0609337573	-0.0929430287	0.0539733795	0.0262147696	0.0148866395644233	0.0069726503988647	0.000221612037521	4.861785358478806e-05	0.0924888431284074	0.045897820654332	0.0021066099408172	0.0085541861032311	0.1293490032988842	0.0073118343248382	5.346292119388232e-05	0.0167311646544147	-0.0012794211204402	-0.0003320630671695	1.1026588057808224e-07	1.6369184034284565e-06	0.0016109823466019	0.000107647825892	2.595264121062964e-06	1.158805441929586e-08	0.0023780336901629	-9.11828561238003e-05	5.655044231549779e-06	8.314313250893667e-09	0.0	0.0	0.0	0.0	0.0	0.0	0.0	0.0	0.0	0.0	0.0	0.0	0.0	0.0	0.0	0.0	0.0	0.0	0.0	0.0	0.0	0.0	0.0	0.0	0.0	0.0	0.0	0.0	0.0	0.0	0.0	0.0	0.0	0.0	0.0	0.0	0.0	0.0	0.0	0.0	0.0	0.0	0.0	0.0	0.0
6282.84458769548	-6.220820200175695	38.69860396291397	39474136.11313439	12993.15416951818	-18.21363458107589	331.73648465296367	168822055.27286768	6116.433630251417	4.121166752833233	37410760.35327052	16.984015404658013	7423.052624505588	8098.146718646634	1.009548	28.858709	0.0776565917492896	0.0356638503423875	0.049949353	-0.0243309227	-0.0724936217	0.0079760301	-0.0620780495	0.042602095	0.0079246839	-0.0152624575	-0.0016844085	-0.056667105	-0.0836507532	0.0403315322	-0.0163127183	0.0303932818	-0.0026541794	-0.0869561796	-0.025806977	0.0063920753	-0.0121417039	0.0252140565	0.017039747	-0.0067627272	-0.1025352171	0.0041116738	-0.0799053557	0.0816559995	0.0371341474	0.0309028052	-0.0775037084	-0.0335650684	-0.0762914785	-0.038825323	-0.046937179	0.007844844	-0.0111971334	0.0974652822	-0.093325442	-0.040821079	-0.0583146249	-0.073801629	0.0974228357	-0.057352403	0.0588720151	-0.1335205335	-0.0628771822	-0.1284556783	-0.0566114016	0.005263267	-0.044938613	-0.0572683481	0.1031003284	0.0259542944	0.0269343963	-0.0489748007	-0.0574399203	0.0357930016	-0.0065738744	0.0022686871	-0.1091274109	0.0737128052	-0.0601425902	0.1661428215	0.017758058	-0.1078811773	-0.0050263896	-0.087050966	0.0101702446	0.0055372381	-0.0128239696	0.1651768364	-0.0653791645	0.0170028486	-0.037182205	0.1496818667	0.0491345094	-0.0089206744	-0.0187026195	0.010908673	-0.0432891171	-0.0585390687	-0.0566799326	0.0190614525	-0.064127007	0.0140761774	0.0337950162	-0.0105770237	0.0122174671	0.100479337	-0.0089125139	-0.138463688	0.0748842704	0.0528737464	0.0167769155	-0.075308868	-0.0206472809	0.0047516059	-0.0012171278	0.017078155	-0.0248082017	-0.0362045773	-0.0073420798	-0.0356336949	0.009460801	-0.0778019494	0.0171452371	-0.0393856265	0.0105812155	-0.0306646796	0.0356779991	0.0050110886	0.0771544038	-0.0665348708	-0.0335676078	-0.0687903379	0.0443015804	-0.0869877356	-0.0654186568	0.0079492873	-0.0182963925	-0.0615276505	0.0932285979	-0.0494866765	-0.0005760403	0.0463225141	0.0257150471	0.0347015804	-0.0361589567	-0.0261180275	0.008660109	-0.0308891292	0.0555744636	0.0348860528	0.0920389045	0.0073806855	-0.03992562	-0.0291669949	0.0272530108	0.0728840579	-0.0207732916	0.0202441973	-0.0326501954	-0.0432883528	0.005362402	0.005471175	-0.0239393907	0.0358627741	-0.0381436343	-0.058508083	-0.0194696168	0.0829927534	-0.0849007066	0.0237769808	0.0549991661	-0.0929430287	0.0618844603	0.0151181479	-0.0076372410606921	-0.0225238806251154	5.83274510191214e-05	0.0005073251984144	0.0941883700676839	0.0016995269392764	2.8883918173265367e-06	0.0088714490560069	0.1292264797801365	-0.0001225235187477	1.501201264632405e-08	0.016699483076366	-0.0010081459928697	0.0002712751275704	7.359019483839096e-08	1.0163583429392331e-06	0.0011931161410814	-0.0004178662055204	1.4235261261089711e-06	1.746121657161007e-07	0.0027551055703949	0.000377071880232	7.590606704021008e-06	1.4218320286169592e-07	0.0	0.0	0.0	0.0	0.0	0.0	0.0	0.0	0.0	0.0	0.0	0.0	0.0	0.0	0.0	0.0	0.0	0.0	0.0	0.0	0.0	0.0	0.0	0.0	0.0	0.0	0.0	0.0	0.0	0.0	0.0	0.0	0.0	0.0	0.0	0.0	0.0	0.0	0.0	0.0	0.0	0.0	0.0	0.0	0.0
6293.642540370513	10.79795267503323	116.59578197225729	39609936.42596141	12992.839674101102	-0.3144954170784331	0.0989073673633375	168813882.79689562	6125.268539528442	8.834909277024963	37518914.68133689	78.05562193326175	7422.590522831256	8143.974324060256	0.988621	28.260498	0.0604305125836443	0.0357465140836125	0.0682594213	-0.0225255409	0.0390077128	0.0575776605	-0.0481763345	0.0417848008	0.0152388641	0.0440953654	0.0401318757	-0.0116812457	-0.1349896755	-0.0202407133	-0.0398828209	0.024515998	-0.0249825381	-0.0767476233	-0.089538627	-0.0358562931	-0.0458785709	-0.0165813938	-0.128612544	0.0161873148	-0.0274696623	0.0481083647	-0.0333142436	0.0214682019	0.0246586019	0.0457870564	-0.0746538266	-0.0187001509	0.0391986585	-0.0414089804	0.047588556	0.0135148371	0.0280437563	-0.1375119712	0.0024977815	-0.0213452197	-0.0337586254	-0.1107902264	0.0200726012	0.1524297188	-0.1191949609	0.0260920491	-0.1217405025	-0.0290831025	0.1301841935	0.0525840791	-0.0336903517	0.0783392278	-0.1085014495	0.0006699877	-0.0160000057	0.0786678184	0.0030871287	0.0652307841	-0.0446693456	0.0043389101	-0.0401849224	-0.0739606628	-0.0137294372	0.0371212261	-0.058704263	-0.0887871182	-0.0441106859	0.0115441276	-0.0715253883	-0.063099198	-0.0017170182	-0.1824353795	-0.070682054	-0.0475481338	0.0127258397	0.0210238907	0.053235115	-0.0188018851	0.0332949265	0.0369531856	-0.0743200773	-0.086619696	0.0506724801	0.0251075135	0.052160845	0.0567088386	0.0081443612	-0.0523713795	0.0018139011	0.0486131314	0.0272261145	-0.0677865762	0.0776486923	0.056513693	0.0069469678	-0.0592816872	0.0551252787	-0.0437506245	0.0102294883	-0.0646038947	-0.0335401052	0.0450112583	0.0170390468	-0.0058820859	0.0629689319	0.0417090219	0.0173383154	-0.0523141308	0.0578451597	0.0638766439	-0.1441355943	-0.035622268	-0.1194263074	-0.0967289246	0.0687305213	-0.0253888542	0.0691966742	-0.0019862065	-0.0702780092	0.0395938511	-0.0126126934	0.042137725	0.0301796418	0.1081573447	0.1216826304	0.0561120553	0.0318172669	0.028666322	-0.0540193623	0.0022569257	0.0173613202	0.0111805201	0.1012285571	0.0871115385	0.0243460627	0.0095477594	0.036561765	-0.0115861174	-0.0040267072	0.0653711629	-0.0148662277	1.64217e-05	0.0277382311	-0.0870278492	0.037601613	0.0379775925	-0.0132014656	0.0362394315	-0.0367439456	-0.0594866269	-0.0169878336	0.0812075526	-0.0868454896	0.0298345303	0.0486985645	-0.0921013223	0.0690637132	0.0037953135	-0.0214697375072887	-0.0138324964465966	0.0004609496286318	0.0001913379579451	0.127036495068836	0.0328481250011521	0.0010789993160913	0.0161382710793743	0.1292257877480409	-6.920320956005366e-07	4.789084213412702e-13	0.0166993042191017	-0.0011369490555817	-0.0001288030627119	1.659022896399138e-08	1.2926531549881194e-06	0.001051941257145	-0.0001411748839363	1.106580408483803e-06	1.9930347854456005e-08	0.0027500995349673	-5.006035427600197e-06	7.563047452227359e-06	2.5060390702388288e-11	0.0	0.0	0.0	0.0	0.0	0.0	0.0	0.0	0.0	0.0	0.0	0.0	0.0	0.0	0.0	0.0	0.0	0.0	0.0	0.0	0.0	0.0	0.0	0.0	0.0	0.0	0.0	0.0	0.0	0.0	0.0	0.0	0.0	0.0	0.0	0.0	0.0	0.0	0.0	0.0	0.0	0.0	0.0	0.0	0.0
6283.869159699233	-9.773380671280393	95.51896974575718	39487011.61621915	12999.119747131828	6.280073030726271	39.439317271255455	168977114.20027265	6120.706958247166	-4.561581281275721	37463053.66873527	20.80802378568505	7423.604424316161	8111.111224955897	0.990377	28.310682	0.0389102283403785	0.0181428795751088	0.090247305	0.0100236797	0.0913035697	-0.0168400396	-0.0068646187	0.0349121545	0.027888058	0.0660446406	-0.0043692652	0.0085511605	-0.0490301801	-0.0951791753	-0.0498310981	0.0362679468	-0.0046093075	-0.058541284	0.0691708637	-0.0272451046	0.087255687	-0.0574917171	-0.0106600755	0.0511028829	-0.0100959241	-0.0828014553	0.0512806015	0.0085524565	0.099256315	0.0479226096	0.0146095066	-0.0080573935	0.014806832	0.0402571736	0.0957748844	0.10872001	0.0127922913	0.1475764896	0.0002100186	-0.0256406048	6.07151e-05	0.025958782	-0.0028435509	0.0531207965	0.0521029027	0.0494258191	-0.0645696816	0.0349452805	0.0461752815	-0.1268916244	-0.0318296725	-0.0814785471	0.0436402991	0.0247520963	-0.0571635904	0.0217390499	0.0753191364	-0.0127560395	0.0157628755	0.1610582262	-0.0575682022	-0.0155180777	-0.0578115276	-0.0238268691	-0.0503871261	-0.0708694622	0.0382816844	0.0468695107	-0.0567508923	-0.1371074557	-0.1454187261	0.0700440851	-0.0022336196	0.070263903	0.0531431322	-0.0834102794	0.0551795261	-0.0559324501	0.0577066406	0.0408612821	0.0255403713	-0.0102458117	0.1220344495	-0.0567399543	-0.0383378333	-0.0163862485	0.022944782	0.0618387685	-0.0569305344	0.0298140496	-0.0538836968	-0.0380932005	-0.0470176098	-0.0160060944	0.0374034457	0.0115030633	-0.0607721191	0.0016406317	0.0850629661	-0.0609785004	0.020432961	-0.1108371761	-0.0270193323	0.001098743	-0.0549617656	0.0631435704	0.0269751294	-0.0593724919	0.0500733342	-0.0021355686	-0.0397736901	-0.1226088269	0.0245227701	0.0556950619	0.0312324151	0.0049425946	-0.0181353991	-0.0033676774	0.0164427615	-0.0399805746	0.0475443482	-0.1960877007	0.1046663635	0.0738185367	0.1266738627	0.066276606	0.0253940775	0.0290388025	-0.0475440989	0.0125141995	-0.0128571631	-0.0530911611	0.1206050841	0.0244370149	0.0023591261	0.055760671	-0.0663143295	0.0155082418	-0.0669493787	0.0032545744	0.0364842669	0.0392670974	0.0433507418	-0.0309981622	-0.0130845596	0.0332240276	0.0327318471	0.006551869	0.0073047373	-0.0604541685	-0.0144934828	0.0792871898	-0.08853333	0.0357541787	0.042073882	-0.090425532	0.0754262385	-0.0075843101	-0.0132902050589791	0.0081795324483096	0.0001766295505097	6.690475107294962e-05	0.1335025451515861	0.0064660500827501	4.180980367263275e-05	0.0178229295619512	0.1292665387099347	4.075096189382066e-05	1.6606408952716235e-09	0.016709838030047	-0.0009509029140428	0.0001860461415389	3.4613166781512415e-08	9.042163519350888e-07	0.0011143105172619	6.236926011690008e-05	1.2416879288804833e-06	3.8899246075295434e-09	0.0025140370396746	-0.0002360624952926	6.320382236855827e-06	5.572550168381585e-08	0.0	0.0	0.0	0.0	0.0	0.0	0.0	0.0	0.0	0.0	0.0	0.0	0.0	0.0	0.0	0.0	0.0	0.0	0.0	0.0	0.0	0.0	0.0	0.0	0.0	0.0	0.0	0.0	0.0	0.0	0.0	0.0	0.0	0.0	0.0	0.0	0.0	0.0	0.0	0.0	0.0	0.0	0.0	0.0	0.0
6279.601917233216	-4.267242466016796	18.20935826377711	39433400.23891909	12988.087331216166	-11.032415915662568	121.71420093616474	168690412.52329788	6116.229051577499	-4.477906669666481	37408257.8113606	20.05164814224356	7426.240263681685	8093.628194648989	1.13294	32.385979	0.0570640863925569	0.0277134964489031	0.0658002832	0.0010229437	-0.057079437	-0.0446902239	-0.0341692861	0.0496646127	0.0494910403	-0.0199146911	-0.0471142514	-0.0516069587	-0.0708131419	-0.0296852066	-0.0281536554	0.0341474263	0.0083284876	-0.088135136	-0.0311174983	0.0082666583	0.0878671897	-0.0287855114	-0.0989497387	-0.0816913976	0.0085793693	-0.0760110325	-0.0478884917	0.0135057733	0.0824939005	-0.0908677211	-0.0075080285	-0.0308431969	-0.0648034568	-0.046702635	-0.0422651424	-0.1236551025	-0.0903420926	-0.0550452606	0.1063565084	0.0004428714	-0.1116870921	-0.0375193491	-0.0532463764	0.0631062486	0.1253178605	-0.0781868089	-0.0747397703	0.0678094218	-0.0438519931	0.0562599539	-0.0168882138	-0.104364077	-0.0637933149	0.0840900509	-0.08164161	-0.0452143723	-0.0834012152	0.0030235734	-0.0894596461	0.0159882893	-0.0093840981	-0.0412839647	0.0411312051	0.0159886734	-0.0453272316	0.1310050213	0.0407812268	-0.0009054941	-0.1630244186	0.0468675115	0.0403240431	-0.0368894411	-0.0261007167	-0.0727628474	0.0072558984	-0.0422164268	0.0623201804	-0.0386317688	-0.0249417247	0.0064309901	-0.0250670711	-0.0694490026	-0.0003041858	-0.0391121954	-0.1040555454	-0.0749567599	-0.0261925834	0.0097557149	-0.072494039	-0.0373429749	-0.0146173343	-0.0760762285	0.0072864363	0.1093386841	-0.0181887197	-0.0273014754	-0.0023672822	-0.0127202272	-0.0812132082	0.0219153993	-0.115462464	-0.0333896844	0.0346809808	0.035000693	-0.1285063345	0.0093788983	-0.0065731825	-0.0182746195	0.0227718109	-0.0284000531	0.044414314	-0.0372168327	-0.1180935508	-0.1300711456	0.0182653493	-0.067370672	-0.0344136198	-0.0245413394	0.0681540211	-0.1045367279	0.1147986085	0.0921748571	-0.0337154804	-0.0613061686	-0.058782036	0.0618815506	0.0124516634	0.0183545381	-0.0377632638	0.0206381122	-0.0405092272	-0.042640514	0.037275875	0.0241993845	0.1268103861	0.0016104849	-0.0775436087	-0.0008717809	-0.0092739639	0.0102699762	0.0548913644	0.0249554024	0.0214486799	-0.0564163009	0.0140904107	0.0090941262	0.0144639406	0.0151468563	-0.0285646106	-0.0614105286	-0.0119884099	0.0772348614	-0.0899592343	0.0415085642	0.0351692048	-0.0879308341	0.0808967948	-0.0188504498	-0.0041080382035403	0.0091821668554388	1.6875977881746613e-05	8.431218816111889e-05	0.1512196905787846	0.0177171454271984	0.0003138972420885	0.0228673948187433	0.122036768130215	-0.0072297705797197	5.226958263538072e-05	0.0148929727756678	-0.0008636951020152	8.720781202759995e-05	7.605202478641207e-09	7.459692292450469e-07	0.0012168060394237	0.0001024955221617	1.480616937577991e-06	1.0505332063220012e-08	0.0027830337760892	0.0002689967364145	7.745276998853313e-06	7.235924420170576e-08	0.0	0.0	0.0	0.0	0.0	0.0	0.0	0.0	0.0	0.0	0.0	0.0	0.0	0.0	0.0	0.0	0.0	0.0	0.0	0.0	0.0	0.0	0.0	0.0	0.0	0.0	0.0	0.0	0.0	0.0	0.0	0.0	0.0	0.0	0.0	0.0	0.0	0.0	0.0	0.0	0.0	0.0	0.0	0.0	0.0
6294.679683083715	15.077765850498508	227.33902304245905	39622992.3126269	13005.298724797767	17.211393581601442	296.2320690207913	169137794.92122644	6123.062373541539	6.833321964039897	37491892.83028015	46.69428906423007	7431.618768589512	8072.790427324849	1.068295	30.538042	0.1425158800766107	0.0733369221479217	0.0882368331	-0.008285015	-0.0042396484	0.0500451907	-0.0259979403	0.0640332044	0.0401642227	0.0265622367	0.021797882	-0.0180889049	-0.0995566592	-0.0510374107	-0.0402905064	0.0089979781	0.0196517293	-0.0893838579	-0.0718386814	0.0037079591	0.0751577229	0.0224097908	-0.0484485427	-0.0436679313	0.116244234	0.004583256	-0.0186930879	-0.0818845771	-0.0041645165	-0.0997528863	0.0479705471	0.1100010858	-0.0475114026	0.0081196214	-0.0236084752	-0.035305529	0.0280368603	-0.0982888619	-0.0986611459	0.0072938101	0.0424496272	0.1226549728	0.1361717074	-0.0309361182	0.1438115134	0.0413087498	0.1437553889	-0.0845283602	0.0801537543	0.174614786	0.0400263092	0.0591952486	0.0901782711	-0.0290037926	0.0678644086	0.1163755401	0.0512482551	0.0260419256	0.022058933	-0.0807173083	0.0738049431	0.0085577779	0.0073753743	0.0478332664	-0.0230544161	-0.0125256272	-0.0607287497	-0.0389905597	0.0187622054	-0.0288592758	0.0038262026	-0.0197961143	0.0637049953	0.0402067186	0.0291677509	-0.0097044639	0.0731644757	-0.0160777804	-0.0050947444	0.0266081379	-0.0561417549	-0.1024695206	0.0607006968	0.0096160265	-0.0027161415	0.0258110826	0.0311701478	-0.0065506074	-0.0331769896	-0.0252806319	-4.98153e-05	-0.0644318459	0.031753385	-0.0348697934	-0.13448341	0.0852758812	-0.0332185078	0.0334833234	-0.0230668642	0.04684227	0.0253357543	0.0766855835	0.0772242848	0.0980164271	0.0390570716	-0.0291925012	-0.0634703752	0.0100736737	-0.0411995718	0.0043662455	0.0976417285	0.0169269235	-0.0821944012	0.1191372496	0.0859324193	0.0120861076	-0.0284683819	0.0204636596	-0.0513593384	0.0120538588	-0.1344676898	0.0683809139	0.0595943584	0.043790197	-0.1247556844	0.0690942859	0.0282462077	0.0458012387	-0.0814966761	0.0151321414	-0.0210109658	-0.0098896879	0.0644260552	0.0777687532	0.0800147787	0.0321043118	-0.0031621681	0.0120617492	-0.071896737	0.020460788	0.0305043297	-0.0089025893	0.0227470879	-0.0875741806	0.0705946468	-0.0040995031	-0.0057481744	-0.0201883835	-0.0321523612	-0.0623555305	-0.0094744681	0.0750539832	-0.0911189838	0.047071089	0.0280304823	-0.0846398209	0.0854106889	-0.0298345303	0.0039902267931779	0.0080982649967181	1.5921909860994783e-05	6.55818959570712e-05	0.1019163697367986	-0.0493033208419859	0.0024308174460478	0.0103869464203278	0.1412114822753665	0.0191747141451515	0.0003676696625482	0.0199406827264061	-0.0015618835246043	-0.000698188422589	4.874670734374555e-07	2.439480144430351e-06	0.0015240742180819	0.0003072681786582	2.322802222221955e-06	9.441373361592756e-08	0.0024696987754814	-0.0003133350006078	6.099412041614325e-06	9.817882260589025e-08	0.0	0.0	0.0	0.0	0.0	0.0	0.0	0.0	0.0	0.0	0.0	0.0	0.0	0.0	0.0	0.0	0.0	0.0	0.0	0.0	0.0	0.0	0.0	0.0	0.0	0.0	0.0	0.0	0.0	0.0	0.0	0.0	0.0	0.0	0.0	0.0	0.0	0.0	0.0	0.0	0.0	0.0	0.0	0.0	0.0
6297.775274352659	3.0955912689441902	9.5826853043635	39661973.406247705	13032.887431948204	27.58870715043668	761.1367622325557	169856154.81383345	6119.127777498532	-3.934596043007332	37443724.757354125	15.481046021648954	7426.890082519776	8138.678319229618	1.003741	28.692722	0.1195926999085306	0.0651063972097095	0.0868762422	-0.0181152863	0.0883350571	-0.0063954237	-0.0157439643	0.0479053215	-0.0002961372	0.0899030398	0.0287337811	0.0009358876	-0.088800354	-0.0658258071	-0.0321711175	0.0005522155	-0.0321339717	-0.0773039723	0.0081842191	0.02322252	0.1376125553	-0.0883770908	0.0528460692	-0.0437293259	0.076512072	-0.1586619987	-0.0978656808	0.0518840908	-0.0906878414	-0.0757454217	0.1002373877	0.0100203003	0.0448337651	-0.0350509834	-0.0658265061	-0.0616173195	0.0693202104	0.0590691572	0.0640264788	-0.057384365	0.0795567655	-0.0180690695	0.0801902163	-0.0632451535	-0.0588429152	0.0609976923	0.1064875538	0.0555466354	0.0365485064	-0.0261419976	-0.0053251406	0.0716501748	-0.0412029442	-0.0301339423	0.0478837927	0.0234887864	-0.0518531341	-0.0528321657	0.037607509	-0.0487972672	-0.1210846075	0.0018676785	0.0709551731	-0.0323214212	-0.101912339	0.0327572097	-0.0266438754	-0.0805013094	-0.0226540268	-0.0108415964	-0.0476396051	0.0319723814	0.0689308192	0.1228193645	0.0456591608	0.0230981032	0.0500189356	-0.0199990527	0.0801661182	0.0456775912	-0.0288775985	-0.0199643252	0.0709419341	-0.1079680334	-0.0913632861	-0.0419839234	0.0440021232	0.0087290874	-0.0672329927	-0.011779005	-0.0033443631	-0.0703139013	-0.0613895354	-0.027634385	-0.0888479441	-0.025637022	0.0107241096	0.0405155153	-0.0446213755	-0.0551861911	0.0470738163	-0.0111739253	-0.0132450757	0.0076230233	-0.0381314392	0.057581571	-0.0913309134	0.1285544754	0.0494835783	0.0852401101	0.077861686	0.0292070145	0.0414880407	0.0821160489	0.0937410313	0.0317934121	0.0266337223	0.0590792457	0.0558427642	0.0241441854	-0.0415342161	0.0556694256	-0.1087384989	0.0876333259	-0.004296603	0.0668448391	0.0262084357	0.0228577888	-0.0535010507	0.0021577252	-0.0170950446	0.009714641	0.0807734853	0.0085904108	0.0026937087	0.0520910259	-0.0585668367	0.0471621276	-0.0973089269	-0.0178740871	0.0797203353	0.0364773786	0.0511905225	-0.0032057566	0.0010582553	0.0176577495	0.0265204113	0.0049375093	-0.0143662774	-0.0632889993	-0.0069535172	0.072748185	-0.0920091471	0.0524160419	0.0207052216	-0.0805822964	0.0889145408	-0.0403721968	-0.0121025932787546	-0.0160928200719325	0.0001464727640709	0.0002589788578675	0.1123071958404153	0.0103908261036167	0.0001079692671156	0.0126129062375373	0.1031160783073801	-0.0380954039679864	0.001451259803484	0.0106329256054937	-0.0008079689269826	0.0007539145976216	5.683872205070897e-07	6.52813786969414e-07	0.0011850007543803	-0.0003390734637015	1.4042267878818802e-06	1.1497081378660024e-07	0.002476983709458	7.284933976600249e-06	6.135448296920314e-06	5.307026304342472e-11	0.0	0.0	0.0	0.0	0.0	0.0	0.0	0.0	0.0	0.0	0.0	0.0	0.0	0.0	0.0	0.0	0.0	0.0	0.0	0.0	0.0	0.0	0.0	0.0	0.0	0.0	0.0	0.0	0.0	0.0	0.0	0.0	0.0	0.0	0.0	0.0	0.0	0.0	0.0	0.0	0.0	0.0	0.0	0.0	0.0
6277.936086535819	-19.839187816839512	393.5933732318333	39412481.50662868	13016.330151655542	-16.557280292661744	274.143530689765	169424850.6168972	6111.628261790556	-7.499515707975661	37352000.01031706	56.24273585417368	7425.8108385930045	8120.6588976952335	0.800937	22.895412	0.0343401205065422	0.0189118063549416	0.0780141129	0.0050809692	0.0536610701	-0.0589854874	-0.0193018466	0.037777423	0.0194440899	0.074343221	-0.0222230539	-0.0410856024	-0.0543587727	-0.0594043447	0.0002656429	0.0357047428	-0.048335298	-0.0884028795	-0.0061131154	0.0611764499	0.1057712751	-0.008346531	-0.0282074074	0.0194221301	0.0547521041	-0.0627061618	0.0096040221	0.0097653837	-0.0483610937	-0.0354315066	-0.1194910293	0.1352285559	-0.0105119269	0.08012207	0.0860978773	-0.0492789551	-0.0181194846	-0.0078502251	-0.0189927955	-0.0337970293	-0.0156525589	0.0044818265	-0.098717125	-0.2239034882	-0.0215833746	0.0053423039	-0.0360803589	-0.0290885988	0.1085610684	0.0274475843	-0.0744784428	-0.0660632189	-0.0701486685	-5.7977e-06	0.0290238054	-0.027098071	-0.0135996908	0.0832617713	0.0002707665	0.0322092174	-0.0465630552	0.0232157968	0.0713259475	-0.1052334229	0.0450455834	-0.022066544	0.005863845	-0.0462671454	-0.0274443112	0.0350375559	0.0896104381	0.1005729815	-0.0900502399	0.1051005692	-0.0100157123	0.0360208372	0.0312884113	-0.0590552411	0.0480791114	0.0426808438	-0.0015760646	-0.0446342851	0.0498276779	-0.0503981841	-0.1209744658	-0.0238428809	0.0610219825	0.0626761369	-0.0152072578	-0.0949370602	-0.0405587751	-0.0187196732	-0.0699833827	0.0660095853	-0.0510665625	-0.0410187407	-0.0045660975	-0.0177545591	0.0808568552	0.072148797	0.0050081243	0.0526210646	-0.0115641361	0.0548148886	0.0363194052	-0.0837117579	0.0640472209	0.1201170952	-0.0615948096	0.0401868757	0.0328441417	0.0128185843	-0.0509407514	0.0800601738	0.0439443497	0.005609694	-0.0241538766	0.0146351524	-0.0079236718	0.0062528139	0.0337140628	0.0145583275	0.0763207936	-0.025023608	-0.0419670409	0.0681300618	0.026997934	0.0325027016	-0.0629659848	0.0055786915	-0.0230349737	-0.0344519853	0.0669726587	0.0112647766	0.0284942801	0.0610272696	-0.1161150506	0.0328073203	-0.0770969216	-0.024143637	0.098801669	0.0498028621	0.0335180402	-0.0048400434	0.0351071032	-0.0035736864	0.021644283	0.0179497734	-0.0080932525	-0.0642107624	-0.0044274221	0.0703213046	-0.0926270906	0.0575187176	0.013242171	-0.0757950062	0.0913669149	-0.0503057744	-0.0028073019126821	0.0092952913660725	7.880944028948577e-06	8.640244158018196e-05	0.0979352682748526	-0.0143719275655627	0.0002065523019497	0.0095913167720673	0.103106520924328	-9.5573830520973e-06	9.134357080451671e-11	0.0106309546571188	-0.0008351916445523	-2.722271756969998e-05	7.41076351879652e-10	6.975450831299754e-07	0.0013579616725478	0.0001729609181674	1.8440599041088184e-06	2.9915479213344614e-08	0.0024900669575579	1.3083248099900104e-05	6.200433453121657e-06	1.711713808435397e-10	0.0	0.0	0.0	0.0	0.0	0.0	0.0	0.0	0.0	0.0	0.0	0.0	0.0	0.0	0.0	0.0	0.0	0.0	0.0	0.0	0.0	0.0	0.0	0.0	0.0	0.0	0.0	0.0	0.0	0.0	0.0	0.0	0.0	0.0	0.0	0.0	0.0	0.0	0.0	0.0	0.0	0.0	0.0	0.0	0.0
6280.973436255544	3.0373497197242614	9.225493319909049	39450627.306947775	13005.734550896592	-10.59560075895024	112.26675544306693	169149131.20838538	6115.267256992315	3.6389952017589167	37396493.62444232	13.24228607842442	7429.441547020185	8060.291680243708	1.007489	28.79985	0.0220669656697341	0.011712264795737	0.0697581547	0.0011366298	-0.0716260347	-0.0298257567	-0.0480952557	0.0688540488	0.0487434545	-0.0097675736	-0.0211651581	-0.0445507959	-0.0005811875	0.0540839376	-0.0046944468	0.0349860519	-0.0171262706	-0.0958803781	-0.0440217747	0.0239972634	0.1061730181	0.0080747177	0.0739624813	-0.0683860499	0.1305360027	0.0106511219	-0.0197254466	0.0313252375	0.017825116	-0.1661230547	-0.1143183849	0.0570212783	-0.0836614282	0.1131107838	0.00731362	0.0145996007	0.0477772369	0.0259026344	0.0528565265	-0.0525874255	-0.0042640933	0.0160693359	-0.0033318299	0.046808174	-0.0530433846	-0.05058383	0.0118196711	-0.0125730186	0.0856330546	-0.0389577414	-0.0143874799	-0.0489750706	0.0334652457	0.1471115824	0.0246627029	-0.0354477117	0.1422565088	-0.0865003582	0.0196810931	0.0451464873	-0.0844412005	-0.1399705646	-0.029691628	0.0552160648	0.0555150057	-0.0095411131	0.0374115468	0.0335189333	-0.0477236485	0.0628340304	-0.017432956	-0.0555990648	0.0573855424	-0.052906923	0.0073139778	0.0250442574	0.0576671483	-0.021759754	-0.0136947109	0.0295487415	-0.0333989934	-0.0271898458	-0.0818500427	-0.0322064099	-0.127368949	-0.0129095884	0.039993601	-0.0086153348	-0.0746132381	-0.1301465327	-0.0586376724	-0.0612613743	-0.0708913479	0.0126386967	-0.0669018219	0.1161855358	0.0402479852	0.0128335463	-0.0877578399	0.1485212293	-0.0181101693	-0.0358569749	-0.0464262925	0.0482639057	-0.0879388557	-0.063834175	0.0917773513	-0.0061115488	0.0019334196	-0.1015923369	0.0149776679	-0.021820284	-0.0049219913	0.0402291862	0.022975012	0.0211444651	-0.0334751759	0.0213160801	-0.0649186899	0.0375892668	0.1432887494	0.0548325677	-0.0306947925	0.0014520518	0.0467434236	0.0724320068	0.0204222726	0.0182414581	-0.0397518278	-0.0094263189	-0.0174276853	-0.000182094	-0.0037315001	-0.0116580149	0.1356072376	0.0022943052	-0.0802801531	0.0325645179	-0.018148708	-0.0040438852	0.0941115522	0.0043198807	0.0201328687	-0.0140573563	0.0416026972	-0.0498850808	0.0054212234	0.0027139246	-0.0648078868	-0.0651206494	-0.0018980517	0.0677773814	-0.0929709861	0.0623555305	0.005690996	-0.0703213046	0.0927388101	-0.0594866269	0.0060872629254618	0.0088945648381438	3.705476992370175e-05	7.911328365994579e-05	0.0953241442892363	-0.0026111239856163	6.817968468260771e-06	0.0090866924844751	0.1031543896647519	4.7868740423909206e-05	2.291416309771599e-09	0.0106408281071074	-0.0008328726650421	2.3189795102000147e-06	5.377665968727499e-12	6.936768761743301e-07	0.0015269797996724	0.0001690181271246	2.331667308607563e-06	2.8567127296707473e-08	0.0024511359020817	-3.893105547620032e-05	6.008067210473869e-06	1.5156270804909866e-09	0.0	0.0	0.0	0.0	0.0	0.0	0.0	0.0	0.0	0.0	0.0	0.0	0.0	0.0	0.0	0.0	0.0	0.0	0.0	0.0	0.0	0.0	0.0	0.0	0.0	0.0	0.0	0.0	0.0	0.0	0.0	0.0	0.0	0.0	0.0	0.0	0.0	0.0	0.0	0.0	0.0	0.0	0.0	0.0	0.0
6290.777245678868	9.80380942332431	96.11467920886254	39573878.354751006	13014.047534852516	8.31298395592421	69.10570225145332	169365433.23940086	6125.53870825674	10.271451264425195	37522224.46635166	105.50271107746194	7434.106295223035	8059.687801213418	1.026027	29.329782	0.06819867807863	0.0350340113555684	0.0944396238	-0.0117278133	-0.0194177444	0.0294892602	-0.0251421004	0.0762393245	0.0634903453	0.0409806787	0.0301591238	-0.0356427766	-0.0324043044	-0.0261945281	-0.0627498322	0.0024919149	-0.0376260088	-0.088369077	-0.0517345153	-0.0815048372	0.1181619596	0.074694617	-0.0555370549	0.0052702564	-0.0310607481	0.0807423554	-0.0355457669	0.1157302012	-0.0187083328	-0.1676005126	0.1735657263	-0.0287341531	0.0869461546	0.0734204308	0.0555321318	0.0847765983	0.0355789858	0.0027874279	-0.0172081461	0.1290805841	0.0070057541	0.0512154081	-0.0344003867	-0.0616556824	0.0618674202	0.0574359595	0.0511233141	-0.0305250224	-0.0846395679	-0.0214911746	-0.0040561695	0.0562822129	-0.0470047798	0.0310622948	-0.0522941881	0.0778327052	0.0985162557	-0.0333725633	-0.0292982528	0.0670276025	0.066765978	0.0278162947	-0.0264564809	0.0542287556	-0.1369112966	-0.0115256971	0.0052566569	-0.004968077	0.0027245882	-0.0901992992	-0.00172463	0.0227799207	0.0274550623	-0.0194715101	-0.0275223843	0.0515363026	0.0841859486	-0.0166512721	0.0154598596	0.0136731848	-0.0634479193	-0.0782767945	0.0101732227	0.0630133601	0.0472547946	0.1017371453	0.0599431235	0.0183752462	-0.0935885924	-0.0141232725	-0.1415156073	-0.0809176236	-0.054235153	-0.0428915657	-0.004069775	0.0344974955	-0.0218071516	0.0795790246	-0.0295767515	-0.0789676587	0.0444859199	0.015109599	-0.04079451	0.0383910627	-0.126754798	-0.0564421573	-0.0201655469	0.0636138112	-0.0881705998	0.0741055878	-0.0438385383	0.0218473607	-0.0320682233	0.0117378559	0.0265432757	0.0572901749	-0.0441162681	-0.0217356014	0.0251765613	-0.0212138513	-0.0628706393	0.0038753951	0.0173016421	-0.0299685672	-0.0098888531	0.0769190293	0.0386009563	0.04184794	-0.1304307819	0.0037689192	-0.0147479565	-0.0212448032	0.0197401651	0.0991403787	0.0556326906	0.088355021	-0.0387648432	0.0097704073	-0.0254911885	0.0307039433	0.081114581	0.0135242972	-0.021695695	-0.0545448811	0.0927598681	-0.0045536313	-0.0460752199	-0.0142307941	-0.0857671468	-0.0660184918	0.0006327229	0.0651206494	-0.0930398161	0.0669041238	-0.0018980517	-0.0642107624	0.0930140029	-0.0677773814	-0.0147174031809669	-0.0208046661064287	0.0002166019563911	0.0004328341317999	0.069186840014197	-0.0261373042750392	0.0006831586747659	0.00478681883115	0.1030876357345249	-6.675393022700926e-05	4.456087200752421e-09	0.010627060641334	-0.0006580686501148	0.0001748040149272	3.0556443634703696e-08	4.330543482639151e-07	0.0012791973065331	-0.0002477824931393	1.636345749041538e-06	6.139616390632725e-08	0.0024499233348096	-1.2125672720999549e-06	6.002124346444591e-06	1.470319389367926e-12	0.0	0.0	0.0	0.0	0.0	0.0	0.0	0.0	0.0	0.0	0.0	0.0	0.0	0.0	0.0	0.0	0.0	0.0	0.0	0.0	0.0	0.0	0.0	0.0	0.0	0.0	0.0	0.0	0.0	0.0	0.0	0.0	0.0	0.0	0.0	0.0	0.0	0.0	0.0	0.0	0.0	0.0	0.0	0.0	0.0
6294.209271241043	3.432025562175113	11.7787994594234	39617070.3501767	13018.753706804411	4.706171951895158	22.14805444080468	169487948.0784336	6131.141402300666	5.6026940439260215	37590894.89500538	31.39018054984412	7443.076077088107	8100.971234869188	1.26762	36.235897	0.1058034408581068	0.0537259820458037	0.0839925218	-0.0246160705	0.0492378026	-0.0466972486	0.0095060276	0.0576528615	0.023388332	0.1479094427	0.0315772445	0.0215082455	0.0468865661	0.0978057169	-0.0823980099	0.042810461	-0.0649637197	0.0260111177	0.0723051521	0.1149077111	0.0065749908	-0.0158382947	0.0836911095	-0.0936255698	0.1031669709	0.0364644753	0.0299344373	-0.000252579	-0.0470225531	0.0469114837	-0.089623471	-0.0167881939	0.0502523426	-0.001960767	-0.1072768948	0.0679887451	-0.0251536446	-0.0425604374	0.0157394618	0.0737026368	0.0215620219	0.0252976498	-0.0331131248	-0.0085905375	-0.0383338873	0.1254909593	-0.0497177409	-0.0128593277	-0.1593218496	0.058845176	0.0347075534	-0.0271986251	-0.0422665887	-0.0731096421	0.0118124114	0.0738574636	0.0729735438	-0.2451067753	-0.0905480239	-0.0589985442	0.0183966488	0.0593654694	0.1240114013	0.0373000632	-0.002115607	-0.0331834295	-0.0499202475	-0.0494140378	-0.0932938009	-0.0377572686	-0.0272506128	0.0078408608	-0.0466609021	-0.057139977	-0.0122504872	-0.1030277733	0.0632178497	-0.0079352641	0.1227110885	0.0599267629	0.0441250266	0.1413791219	-0.0492982492	-0.0349920076	-0.103934302	0.0338349315	-0.0309502905	-0.0565566581	-0.0465170039	-0.0402101127	0.1318830915	-0.012511542	0.0199460482	-0.085865003	-0.0358809574	0.0295968358	0.0792635943	0.0572577632	0.0228378621	0.0342362753	0.0287123703	0.030744625	-0.0966223021	-0.0284070915	0.0975419307	-0.0119407695	-0.0640868601	0.0644021952	-0.0561566667	0.00791259	-0.1191422115	-0.0907889409	0.0623087438	0.0060813825	0.0692322868	-0.0509952814	0.0765801882	-0.0216672785	0.0544267905	0.0058258163	0.0120369587	-0.0257766618	-0.0287776422	0.0778881392	-0.028235434	0.1038855093	-0.0262579862	-0.1023079223	0.093673609	-0.0906028954	0.0592392594	0.1001480198	0.0410712701	-0.1095153663	-0.0158541636	-0.0643822519	-0.0086010281	0.2405539134	-0.0027990437	0.0041970526	0.016597966	-0.0949805642	0.034051722	0.0041738704	-0.110262874	-0.2008870752	0.0984628209	0.0973922818	-0.0583305778	-0.0669041238	0.0031630294	0.0623555305	-0.092833377	0.071143473	-0.0094744681	-0.0575187176	0.0921892388	-0.0750539832	0.0250562937503531	0.03977369693132	0.0006278178565039	0.0015819469675844	0.0459671500967147	-0.0232196899174823	0.000539153999864	0.0021129788880138	0.1029661833505954	-0.0001214523839294	1.4750681562157073e-08	0.0106020349137884	-0.0005709192050671	8.714944504769999e-05	7.59502577212208e-09	3.259487387144494e-07	0.0017827302892305	0.0005035329826973	3.178127284139862e-06	2.535454646641401e-07	0.002713012939572	0.0002630896047624	7.360439210285104e-06	6.921614013403589e-08	0.0	0.0	0.0	0.0	0.0	0.0	0.0	0.0	0.0	0.0	0.0	0.0	0.0	0.0	0.0	0.0	0.0	0.0	0.0	0.0	0.0	0.0	0.0	0.0	0.0	0.0	0.0	0.0	0.0	0.0	0.0	0.0	0.0	0.0	0.0	0.0	0.0	0.0	0.0	0.0	0.0	0.0	0.0	0.0	0.0
6265.518496529042	-28.690774712001257	823.1605535748108	39256722.03034755	12989.603859248124	-29.14984755628757	849.7136125548043	168729808.42019376	6123.406647526361	-7.734754774305657	37496108.97097003	59.82643141864415	7433.584618821807	8133.929116525957	1.336645	38.209042	0.1040817786231752	0.0588161178683438	0.0734835633	-0.010741249	-0.1198848861	-0.1274724691	-0.0809762835	0.0340431456	0.0465119516	0.0371275635	-0.0649496534	-0.0769761174	0.01704377	0.1229036574	-0.075015433	0.116886991	-0.0203560555	0.1084942241	-0.0156833742	0.0934938224	0.0080181869	0.130253324	0.0464600583	-0.1690135272	0.0252896031	0.0621383853	-0.0386008252	-0.0070869445	-0.1512134436	0.1538288717	-0.1517913631	-0.1170691267	-0.0153598195	0.0671122964	-0.0615889332	-0.0541237688	-0.1438816924	-0.0317470047	-0.0647317856	0.0031293572	0.0497629088	-0.0054055278	-0.1293444904	-0.111623956	0.0400780252	0.0464786175	0.0488389396	0.0536463648	-0.055272293	-0.0625046571	0.0092674191	0.0738705762	-0.0513729387	-0.1303907552	-0.0192128711	0.0076757627	-0.1179154326	-0.128110895	0.1576834785	0.0120194092	0.0131114905	-0.057009201	0.0171857081	-0.0173492338	0.0834074201	0.0191137063	0.1403007796	-0.0155471839	0.0407240451	0.0106537587	0.0729709972	-0.0474419611	0.1618260568	-0.0015923988	-0.0776802432	-0.0591040119	0.0604886948	-0.0538527477	0.0304025496	-0.0661446212	0.0426619451	0.0333917795	-0.1331759851	0.0469222473	-0.1858868063	0.0644718985	-0.081973718	-0.0986224955	-0.0836833289	-0.0232079655	0.1043877827	0.0666681149	0.0988525043	-0.0979875942	0.0366057093	-0.1553794733	0.0350940085	-0.0210910755	-0.0845334838	0.0940496772	0.0123977939	0.0860264808	-0.1139663081	-0.0658221679	0.002389717	-0.0738232386	0.1288742433	0.0365976228	-0.0841022087	-0.0574365823	0.0772864948	0.0756467034	0.1069891572	-0.0537905363	-0.0837567952	-0.0954161875	-0.1151151916	-0.0937588899	-0.1293793309	-0.0344191466	0.0131128767	0.0164317255	-0.1893045136	0.0153407694	-0.1096435417	0.1512478576	-0.0437573443	-0.1969359275	0.1664915179	-0.0632080519	0.0399191126	0.1029631614	-0.068576855	-0.1201829648	0.1129509852	-0.1617016141	0.1398432799	0.2720978942	0.023787837	-0.0584229769	0.0544005209	-0.0384218422	-0.1026334684	-0.0835550208	0.0325017052	-0.0566108846	0.1172769611	-0.0156455977	0.0272228001	-0.0677773814	0.005690996	0.0594866269	-0.0923522795	0.0750539832	-0.0169878336	-0.0503057744	0.0902742713	-0.0812075526	0.0265819403196019	0.0015256465692487	0.0007065995511548	2.327597454260632e-06	0.0980081719285124	0.0520410218317977	0.0027082679532976	0.0096056017647688	0.1264500305340092	0.0234838471834137	0.0005514910785339	0.0159896102220518	-0.0007950793868817	-0.0002241601818146	5.024778711115452e-08	6.3215123144418e-07	0.0019839760030417	0.0002012457138111	3.936160780645319e-06	4.0499837327379375e-08	0.0025977935744235	-0.0001152193651485	6.748531455316024e-06	1.3275502105223412e-08	0.0	0.0	0.0	0.0	0.0	0.0	0.0	0.0	0.0	0.0	0.0	0.0	0.0	0.0	0.0	0.0	0.0	0.0	0.0	0.0	0.0	0.0	0.0	0.0	0.0	0.0	0.0	0.0	0.0	0.0	0.0	0.0	0.0	0.0	0.0	0.0	0.0	0.0	0.0	0.0	0.0	0.0	0.0	0.0	0.0
6256.539371076156	-8.979125452885455	80.62469389865544	39144284.90182602	12960.524312657632	-29.0795465904921	845.6200299086007	167975190.45898956	6107.609176536012	-15.797470990349211	37302889.8533069	249.56008969092488	7406.156646743843	7978.83661823888	1.221004	34.903351	0.113525294641963	0.0740316807191289	0.0941736317	0.0278546883	-0.0208372867	0.0216415219	-0.0275708634	0.0431901627	0.0746075976	0.1034688234	0.0461973638	-0.0181641445	-0.0539030793	0.0633529411	-0.0279690172	0.1070059432	-0.0078603369	-0.0626585887	-0.0530472413	0.1028010335	0.111475613	0.0756631323	0.005216791	-0.0340995679	0.064120816	0.1089695535	-5.90086e-05	0.0387976041	0.1008163519	0.1115465384	-0.0236882377	-0.0827052052	-0.0181310558	-0.0260642125	-0.0410932551	-0.118322252	0.1193804255	0.1019240087	-0.0608589647	-0.0577612191	-0.039975408	-0.0664625614	-0.083188536	0.0467167645	-0.1399240295	0.0124881932	0.0891369688	0.0988160413	-0.1314812919	0.0201752137	0.0309012787	-0.0180722243	0.0510641782	-0.0708130003	-0.0046544798	-0.0361239524	0.0647259244	-0.004581677	0.0457519635	0.0413362838	0.1013329993	0.0692851399	0.0238765921	0.0412385989	-0.110115001	0.0231808682	-0.0882170667	0.0257303403	-0.0562793834	0.0212055004	0.10401866	0.0007068849	-0.0192244463	-0.0037140982	0.0136146621	0.0454370084	0.062586436	-0.0705229296	0.0301028748	0.0633079454	-0.0664486253	-0.025216504	-8.26803e-05	0.0013818137	-0.0761963611	0.1842125811	0.0115948912	-0.1005354164	-0.0906042357	0.0058782234	-0.0314121641	0.0739663945	0.0628581839	-0.0888831027	-0.0372229168	-0.0829805478	-0.0054458818	-0.0140554116	-0.0579993001	-0.0303689568	-0.0783877293	-0.093229236	0.0334948909	-0.0269573653	0.0350495648	-0.0633456418	-0.1369004755	0.0919933555	-0.0872012435	-0.1170118079	-0.0612162936	0.0710017095	0.0534898889	0.0168509819	-0.077241361	0.0256907843	0.1639544269	0.0199820222	0.0194307579	0.0106705568	-0.0124365754	0.0361329916	0.009954875	0.0428688228	0.0180742001	0.1367914837	-0.0151465326	-0.1145866984	0.039045858	0.0197414897	0.0037218893	0.0080377925	-0.0205207105	0.0146493559	0.0602997925	-0.0272336016	0.1565063344	0.1692413723	-0.028479441	-0.0016989311	0.0593909811	0.0471799371	-0.055863614	-0.1305292497	0.0754807134	0.0325100346	-0.0099474191	-0.0507498034	0.0377421601	-0.0686381031	0.0082147524	0.0565187138	-0.0915979471	0.078617579	-0.0243881477	-0.0426372543	0.0872917462	-0.0861460138	0.0130885462595955	-0.0134933940600063	0.0001713100431895	0.0001820716832586	0.164754611445133	0.0667464395166206	0.0044550871881458	0.0271440819924367	0.1284793967957753	0.0020293662617661	4.1183274243945695e-06	0.0165069554010062	-0.000434809991757	0.0003602693951247	1.2979403706351726e-07	1.8905972893172242e-07	0.0019549881859355	-2.8987817106199822e-05	3.821978807147377e-06	8.402935405824911e-10	0.002361928890583	-0.0002358646838404	5.57870808417064e-06	5.5632149083179015e-08	0.0	0.0	0.0	0.0	0.0	0.0	0.0	0.0	0.0	0.0	0.0	0.0	0.0	0.0	0.0	0.0	0.0	0.0	0.0	0.0	0.0	0.0	0.0	0.0	0.0	0.0	0.0	0.0	0.0	0.0	0.0	0.0	0.0	0.0	0.0	0.0	0.0	0.0	0.0	0.0	0.0	0.0	0.0	0.0	0.0
6262.538190573995	5.998819497838667	35.98583536764936	39219384.58839781	13029.113201471764	68.58888881413259	4704.435668757443	169757790.81676582	6108.422852759268	0.8136762232561523	37312829.74811167	0.6620689962923958	7422.100211326948	7966.616437136742	1.556222	44.485825	0.3863047488698216	0.2347239608193077	0.0574137672	0.030262216	0.0042012957	-0.0909139274	0.1016192375	0.0207157028	0.0484461151	-0.0559582235	-0.0612340668	-0.2073999276	0.0172648464	-0.2446810811	-0.0410309681	0.1836702006	0.2674914456	0.1070660428	-0.0777787713	0.0790771424	0.0713019288	-0.0410133231	-0.001092582	-0.0413854421	-0.0945426768	-0.027215991	-0.0508029516	-0.0659987667	-0.0986119835	0.2123207725	0.0592398083	0.0035293531	0.0734038025	-0.0630334013	-0.0324294312	0.0850645171	0.0133232041	-0.0226871832	0.0041028868	-0.1007249471	-0.0595018482	0.01946256	-0.0051095804	-0.0210429024	0.0634727541	-0.1235858224	-0.0977520561	-0.0375735229	-0.0302127149	-0.1492306577	-0.0183957796	0.0630095897	0.0149663909	-0.018596634	-0.017801106	0.0318621159	-0.0040294228	0.0008229262	-0.0665202588	0.0533608466	0.0805315842	0.0373272436	-0.1260637634	0.0799348796	-0.1060907028	0.0306748156	-0.0835739011	-0.0219976061	0.0524209545	0.0559661999	0.0114665285	-0.0140237399	-0.0885303607	-0.1099465546	0.0640820803	-0.0535677274	0.0748236595	-0.1206684013	-0.1378345509	-0.255323734	0.0084733953	-0.0418037665	0.1834786258	-0.1218538945	-0.038402786	0.0075686072	0.0437885312	0.0319993227	0.1124812141	0.0180103168	0.0779718684	-0.0401295169	0.1383514306	-0.0247317671	-0.0061227105	-0.1625281107	0.1007951867	0.0669200038	0.176908944	-0.0633583563	0.0231998737	-0.0201066046	0.0784032658	-0.138065432	-0.0503363821	0.1045145168	-0.0287096102	-0.0788536587	-0.1437786866	-0.0658058676	-0.0807985611	0.0520131403	0.113857048	-0.0832434374	-0.046614101	-0.0141337832	0.0130363187	0.0425343644	0.0831730449	0.0129966802	0.0539092422	0.0738941243	0.1306639572	-0.0431565268	0.0704647666	0.1084400722	-0.055674205	-0.2338203242	-0.0059661836	0.1066899006	-0.0766690565	-0.0220332207	0.0220535524	-0.0131911502	-0.1098709283	-0.1132820651	0.0275935712	0.0647798081	0.1582561325	-0.1388926341	0.000720418	0.1012674629	-0.0974958267	-0.1512193689	-0.0255349714	0.1908129092	0.1586588874	-0.0631461323	-0.0475626968	-0.0694861298	0.0107324316	0.0534567308	-0.0905726114	0.0818177889	-0.0316261628	-0.0345826047	0.0832769341	-0.0897954726	0.0171741242858445	0.0040855780262489	0.0002949505449856	1.6691947808568667e-05	0.2704245652208215	0.1056699537756884	0.0111661391309561	0.0731294454748703	-0.0501679416040588	-0.1786473383998341	0.0319148715173448	0.0025168223647882	0.000883996426493	0.00131880641825	1.739250368817394e-06	7.81449682052394e-07	0.0015471490329497	-0.0004078391529857	2.3936701301571923e-06	1.6633277470817475e-07	0.0025933208927082	0.0002313920021252	6.725313252556856e-06	5.354225864750863e-08	0.0	0.0	0.0	0.0	0.0	0.0	0.0	0.0	0.0	0.0	0.0	0.0	0.0	0.0	0.0	0.0	0.0	0.0	0.0	0.0	0.0	0.0	0.0	0.0	0.0	0.0	0.0	0.0	0.0	0.0	0.0	0.0	0.0	0.0	1.0	0.0	0.0	0.0	0.0	0.0	0.0	0.0	0.0	0.0	0.0
6297.96947073507	35.43128016107494	1255.3756138525823	39664419.454310976	13084.068322850024	54.95512137825972	3020.0653656992586	171192843.87700742	6127.864486993528	19.441634234260164	37550723.170956455	377.9771416987568	7463.5988052805	7880.376890533201	2.195898	62.771442	0.542051601076539	0.3387777673384949	-0.1153499866	-0.0520187011	-0.0319026831	0.036223404	0.2371214611	0.006616516	-0.0736136295	-0.2144004365	-0.0454076827	0.0245528291	0.2544986479	-0.0616323501	0.0028877224	-0.0978349413	0.2041707294	0.0874635909	-0.0714008661	-0.1330960364	-0.1048930941	0.0573738697	0.212864196	0.1661358666	-0.054152112	0.1084288708	-0.0426192557	0.0486508377	-0.032478962	0.0172842309	-0.0584820565	0.0112360285	0.1038106991	-0.1946088652	-0.0213690646	-0.0565248848	-0.001761668	0.0227626784	0.0608905675	0.0702181807	-0.0571316634	-0.0433830843	-0.0189087476	-0.0918691677	0.0177783738	-0.0160793716	0.0872080362	0.0545144996	0.009284563	-0.0070074608	0.0266672406	-0.0484631524	0.1203252941	0.0335244169	-0.1468076633	-0.0367915437	0.0179186176	-0.0561220053	-0.0480008331	0.0943148103	-0.1129452525	0.077818537	0.0635774493	0.018591047	0.0476829427	0.0899429936	0.0375769475	0.0608026659	0.0031624377	0.078397194	-0.0340218867	-0.0976382308	0.0326234442	0.141578009	-0.0187174823	0.0252343683	-0.0170383419	0.1452072234	-0.1746713751	-0.1263930877	0.0282845161	0.2143185389	-0.0957963751	-0.066358208	0.1568495966	-0.0005179538	0.1884163683	-0.1329320494	-0.0324339552	0.0508323295	0.0224663712	0.0370464422	-0.1111543759	-0.0471380258	0.2318949805	-0.0884313942	0.0453478278	-0.0356505937	0.0679146421	0.0125731766	-0.0670683044	0.0433973114	0.023226285	-0.0571569919	-0.0905845303	0.0620003849	-0.1328184229	0.0620019062	-0.0619110341	0.0037272221	0.0172871771	-0.0839843711	0.0227170965	-0.0617153524	0.0583586326	-0.1147429436	-0.0776236301	-0.0267620045	-0.0444115553	-0.0896040307	-0.106497759	0.0372600688	-0.0741440231	-0.1156218728	0.0369236822	-0.1072238978	-0.1116481149	-0.025582873	-0.1484569591	0.1193993128	0.0067732548	0.064044975	-0.0916484621	-0.0837654169	-0.197544809	-0.1879808846	-0.1051300754	-0.0714570674	0.0465735141	0.0636269796	0.0382093041	-0.1000028251	-0.2530952027	0.0510577271	0.1033841277	0.0059854823	-0.3105613749	0.261998251	-0.1140198105	-0.0703213046	0.013242171	0.0503057744	-0.0892793062	0.0846398209	-0.038653711	-0.0262147696	0.0782773129	-0.0921013223	0.0085582479081551	-0.0086158763776894	7.324360725744114e-05	7.423332575562623e-05	0.0849183929705361	-0.1855061722502853	0.0344125399429525	0.0072111334646983	-0.3263360915183781	-0.2761681499143193	0.0762688470270979	0.1064952446274912	0.0007636874286633	-0.0001203089978297	1.4474254958786765e-08	5.83218488698363e-07	0.0017610732068165	0.0002139241738667	3.101378839766951e-06	4.576355216459286e-08	0.0014923260137198	-0.0011009948789884	2.2270369312248286e-06	1.2121897235586814e-06	0.0	0.0	0.0	0.0	0.0	0.0	0.0	0.0	0.0	0.0	0.0	0.0	0.0	0.0	0.0	0.0	0.0	0.0	0.0	0.0	0.0	0.0	0.0	0.0	0.0	0.0	0.0	0.0	0.0	0.0	0.0	0.0	0.0	0.0	0.0	1.0	0.0	0.0	0.0	0.0	0.0	0.0	0.0	0.0	0.0
6340.338995186858	42.36952445178758	1795.1766022706258	40199898.57388709	13199.563695712352	115.49537286232771	13339.181152608106	174228481.75716752	6143.419524348639	15.55503735511138	37741603.45214806	241.95918711891045	7474.388244414317	8216.364146029564	2.028498	57.986202	0.4679098278015941	0.2699284301836845	-0.1224490977	-0.1748984585	0.0646087924	0.0186696237	0.0634164901	-0.0157748087	-0.2288194654	-0.0050889221	-0.0400974649	0.1879472064	0.0109431926	-0.0299656845	-0.0197022219	-0.2567102052	-0.0812593605	0.0619696828	0.1351021307	0.0937110792	-0.0915528009	-0.0182291405	0.0192874884	0.0712080636	-0.0117957769	-0.0068541485	-0.0402224089	-0.0750008076	-0.0324749666	0.0959143701	-0.0425471502	0.0659850096	0.0145752829	-0.1230249852	0.0064547938	0.0497747032	0.0101166138	0.0146385254	-0.0538128551	0.09700728	-0.0091218753	0.0381500678	0.0104460044	0.121535897	0.0326569124	0.0035311166	-0.0675106382	-0.0190500095	-0.0795134125	0.0404134366	-0.1292595866	0.0483339148	-0.0716199354	0.1067303085	0.0578670431	-0.102092577	-0.0555807155	-0.0258820802	0.125573063	0.0475440411	0.0269740857	0.1488871557	0.012543333	-0.0032888802	0.0385202281	0.0898690721	-0.0252638359	-0.0823645329	-0.1426958212	-0.0963047047	-0.0230276678	0.0268188755	0.0630384451	0.0453739328	-0.1028289819	0.0357007454	-0.071479991	0.243680383	0.1011332774	0.0886060461	0.120633488	0.0182064292	-0.0019758579	0.048287255	0.0116408082	-0.1261526608	0.0380897965	-0.0504203166	0.0274964782	-0.1251253833	0.1074807027	0.0330728544	0.0105041644	0.0170384412	0.0694031573	0.0862440996	0.024449413	-0.0506172245	0.0761074775	0.0151012795	-0.0136234937	-0.0602431717	-0.1241825012	-0.0651799978	0.0748336543	-0.0868668899	-0.0553673086	-0.0336483205	0.115650172	0.0794733208	0.1420408513	0.0073879225	-0.0164101123	-0.0984713677	-0.080344888	-0.0336389863	0.0414813528	-0.1433109389	-0.0120977071	-0.0539746808	-0.010989504	-0.044577428	0.0198909704	0.0043314014	0.0536612667	-0.1884790053	-0.1190133628	0.1241895694	0.031190698	-0.1060635005	0.1351367615	0.0962219549	-0.0754869406	-0.1093030619	-0.0752999254	-0.0004006656	-0.0457358602	0.0077439537	-0.1000617304	-0.0828406988	-0.0254102376	0.0484749689	-0.0172004756	0.0711125956	-0.0992915112	0.1349944502	-0.0447455164	-0.0236633098	-0.065174424	-0.071143473	0.015742114	0.047071089	-0.0877218577	0.087070631	-0.0454240252	-0.0176095295	0.0723520068	-0.0930290603	0.0813833484396298	0.0728251005314747	0.0066232494032461	0.0053034952674193	-0.1384301725942549	-0.223348565564791	0.0498845817398497	0.0191629126844752	-0.4562765898242915	-0.1299404983059133	0.016884533099989	0.2081883264216847	0.0009040544104739	0.0001403669818106	1.970288958261731e-08	8.173143770973109e-07	0.0020418671793895	0.0002807939725729	4.1692215782680325e-06	7.884525503332663e-08	0.0019070783273245	0.0004147523136046	3.636947746550813e-06	1.720194816404514e-07	0.0	0.0	0.0	0.0	0.0	0.0	0.0	0.0	0.0	0.0	0.0	0.0	0.0	0.0	0.0	0.0	0.0	0.0	0.0	0.0	0.0	0.0	0.0	0.0	0.0	0.0	0.0	0.0	0.0	0.0	0.0	0.0	0.0	0.0	0.0	0.0	1.0	0.0	0.0	0.0	0.0	0.0	0.0	0.0	0.0
6221.724223130777	-118.61477205608026	14069.464149915875	38709852.30869228	13106.31454491803	-93.2491507943214	8695.40412386209	171775480.9503299	6095.991179023693	-47.42834532494635	37161108.45473468	2249.44794026236	7443.91188240147	8209.238541781519	1.940707	55.476627	0.2500219399906812	0.1250349918436048	-0.1392003242	-0.0571294264	0.1330051046	-0.2226018551	-0.0447091793	-0.172442703	-0.17128769	0.1603558694	-0.200914559	0.0789519186	-0.0003812742	-0.0422836127	0.1057689705	-0.0243923054	-0.1025020179	0.142207158	0.2406934609	0.0420523229	0.1028773832	0.0100580905	-0.0042034623	0.0553000643	-0.0702614935	-0.0378768624	0.1055047671	-0.0220071787	-0.0286901973	-0.0142737334	0.0488382258	-0.0284449955	-0.0520874201	0.0100569808	0.0516405983	0.1152249916	0.0402509426	-0.0250133171	0.1495424926	0.0410902064	-0.0528753485	0.010596339	-0.0535274931	0.0332642652	0.0139425817	-0.0628228364	-0.0127890411	-0.1135165967	0.006701584	0.0485480216	-0.0633007614	-0.0064678899	0.0712901034	-0.0852030478	0.0731357219	0.0024833364	0.0104506371	-0.0174958178	-0.0190835656	-0.087179506	0.0224448189	-0.02363434	-0.0769010472	-0.0242327842	0.0056920234	0.037851217	-0.1406620732	-0.0407798633	-0.0586714018	-0.0362981551	0.0566982798	-0.080387103	0.0656833279	0.0072790836	0.1093294224	0.0256176554	-0.2042243574	-0.0074645605	0.1443942271	-0.0230650265	0.2509493758	-0.0711275579	0.047076015	0.0172988212	0.0415203609	0.0001126431	0.0130437448	0.1249620222	-0.0036706971	0.1101129502	-0.0272388432	0.0289776168	-0.0002552615	-0.1106452261	0.0007808561	0.0275700771	0.0445697818	0.1478993871	0.0924366335	0.096779299	0.0791795061	-0.0261069683	0.0171827966	-0.0003075	0.015248974	-0.0651159269	0.0201142842	-0.0769384936	-0.0276171802	0.0382246185	0.001623844	0.0263077408	-0.1284572506	-0.0316445587	-0.0675629013	0.0134304675	0.0753225922	0.0807583586	-0.019953129	0.0507156217	0.0616735332	-0.0302030553	0.0926951121	-0.0693673491	-0.1231307562	-0.13443857	-0.0533365992	0.0441739007	0.0279766391	-0.0755903886	0.0637888021	-0.0670852647	-0.0497678907	0.0004893564	-0.1394600506	0.1442339117	0.0065580692	0.0114656286	0.0495758962	-0.0669355953	-0.0216136504	-0.0303073258	-0.0502897765	-0.0655939057	-0.0629058266	0.1814850779	0.123405977	-0.0135545848	0.0331246263	-0.071952483	0.0182304111	0.0437580584	-0.0859048739	0.0890989834	-0.0518920499	-0.0088448147	0.0655710866	-0.0925648049	0.0937963136795616	0.0124129652399317	0.0087977484598747	0.0001540817060477	-0.0700088689492162	0.0684213036450387	0.0046814747924865	0.0049012417315485	-0.3681455152387158	0.0881310745855756	0.0077670863076083	0.1355311203903795	0.0002333780180798	-0.0006706763923941	4.49806823314765e-07	5.4465299322855446e-08	0.0015551729988714	-0.0004866941805181	2.4185630564186632e-06	2.368712253501849e-07	0.001443316969834	-0.0004637613574904	2.0831638754108e-06	2.150745967014313e-07	0.0	0.0	0.0	0.0	0.0	0.0	0.0	0.0	0.0	0.0	0.0	0.0	0.0	0.0	0.0	0.0	0.0	0.0	0.0	0.0	0.0	0.0	0.0	0.0	0.0	0.0	0.0	0.0	0.0	0.0	0.0	0.0	0.0	0.0	0.0	0.0	0.0	1.0	0.0	0.0	0.0	0.0	0.0	0.0	0.0
6119.734379938992	-101.98984319178544	10401.928114284983	37451148.88100728	12777.659615584244	-328.65492933378664	108014.0625753963	163268585.25173247	6064.78316004136	-31.20801898233276	36781594.77832127	973.940448801642	7397.066073147032	7558.247223269554	1.719902	49.164734	0.1047405645665807	0.0638561324030308	-0.1686316201	0.1441397293	0.0797279557	-0.0465135044	0.0355976947	-0.2271885412	0.0316064582	0.06134252	-0.0848661681	0.1190863178	0.0198111475	-0.0432223284	0.2028021597	0.0369312353	-0.1003900367	0.0084627334	0.1182550185	0.0707014386	-0.021539044	-0.0412613916	-0.0094268584	0.0893224461	-0.076016552	0.0229347929	0.1064486235	-0.0107952106	-0.0185511242	0.0355514875	0.0978184608	-0.0700244065	-0.0437589992	-0.0602932861	0.0286181849	0.0810059944	-0.0220167963	0.0362144338	0.0069772044	0.0888589059	0.028469564	-0.083467907	-0.0261959015	0.0676442137	0.0207634379	-0.0352692673	0.1122742431	-0.1291487089	-0.0363292981	0.0733710505	0.0021843351	-0.0110612088	0.0188560307	0.0555905766	0.0683692948	-0.0306777336	0.0076841915	0.0053904831	-0.0139092683	0.0754183956	-0.0723141011	-0.0811672994	0.0006827648	-0.1051522771	-0.0685233243	-0.1471786671	-0.0094925788	-0.0295219953	-0.0813914176	0.0900327629	-0.0219077758	0.1380016185	0.0444290538	0.0241228516	-0.0327267549	0.1088368489	-0.2200741415	-0.0845498421	0.0116580735	0.089236489	0.1280906565	-0.0722895575	0.0300001174	0.0222895591	0.1276489629	0.0716935923	0.0634658269	0.0893645924	0.1093042546	-0.0156881851	0.0024305496	0.0974887084	-0.0103581315	-0.139973712	0.0136856292	0.0787704614	-0.0401173325	0.215859845	-0.0600093259	0.0554464369	0.0512962264	-0.0800986026	0.0828005599	0.0540148909	0.0869592583	-0.0960116484	0.0251185332	-0.0864672877	0.1154224344	0.029056325	0.0083309778	0.0248993488	0.0470412031	-0.0552542746	0.0166322448	-0.070008526	0.0441145989	-0.0018102936	0.0308207697	0.0211400834	0.0367456565	0.0579292126	0.0028621702	0.0492860594	0.0450154678	-0.12136799	-0.0366168452	0.0444985491	0.077179457	-0.018418432	0.055325878	-0.1160693416	-0.0975362697	0.0467670802	-0.1224449742	0.1435648955	0.0629585115	-0.0242133763	-0.0452722282	-0.0235034905	-0.0235200477	-0.1450753026	0.0378817267	0.0075166075	0.0054662117	0.0660266806	0.0428771081	-0.0680662649	-0.0279391153	-0.072748185	0.0207052216	0.0403721968	-0.0838337306	0.0907155029	-0.0580147416	-0.0	0.0580147416	-0.0907155029	0.1042538143069862	0.0104575006274246	0.0108688577975555	0.0001093593193725	-0.0601169801860947	0.0098918887631214	9.784946330196922e-05	0.0036140513066953	-0.3251859866232962	0.0429595286154196	0.001845521098859	0.1057459258961665	-0.0004996918198345	-0.0007330698379143	5.373913872596981e-07	2.496919148095145e-07	0.001649140201505	9.396720263360014e-05	2.719663404219952e-06	8.829835170784069e-09	0.0014449128604984	1.5958906643999404e-06	2.0877731744336686e-06	2.5468670127188837e-12	0.0	0.0	0.0	0.0	0.0	0.0	0.0	0.0	0.0	0.0	0.0	0.0	0.0	0.0	0.0	0.0	0.0	0.0	0.0	0.0	0.0	0.0	0.0	0.0	0.0	0.0	0.0	0.0	0.0	0.0	0.0	0.0	0.0	0.0	0.0	0.0	0.0	0.0	1.0	0.0	0.0	0.0	0.0	0.0	0.0
6156.887996691719	37.15361675272743	1380.3912378085483	37907269.80380657	12706.435775156096	-71.22384042814701	5072.835445334149	161453510.10816672	6073.755345163781	8.972185122421251	36890503.9929056	80.50010587099725	7378.121075540616	7434.911919618422	1.393799	39.842831	0.1853526392282695	0.0983016925333232	-0.1229265458	0.1687591263	-0.0556517562	0.0184837381	0.1096107498	-0.1523532688	0.090399863	-0.0913290195	0.0268218965	0.0996102124	0.0005908873	-0.0331933266	0.1724700384	0.0359191469	0.048480002	-0.0673375589	0.0527828366	0.015758935	-0.0613292224	-0.0125995061	-0.0114970109	0.0202947037	-0.1407549847	-0.1150487552	-0.0232734496	0.0855770206	-0.0441586352	0.060407341	0.1020790316	0.022074364	0.0264331124	-0.00661156	0.0095035608	-0.0044258428	0.0203898726	-0.1001431219	0.0424385274	0.0505363464	0.0686109538	0.0400865812	0.0497793901	0.0061230885	-0.0233168091	-0.0354403133	-0.0425977995	-0.1071937829	-0.0009946616	-0.0118367915	0.0738500582	0.0043008179	-0.0017946007	0.0689444351	-0.0078337186	-0.0450075433	-0.037480118	-0.0944772183	0.0917815351	0.0032394229	-0.0311637117	-0.0765472591	0.0936073815	-0.0058621779	0.0338711807	0.0344372544	0.0146113204	0.1916395669	0.013774016	-0.0687534278	0.0067646381	-0.0677789542	-0.0087371631	-0.0924675936	0.1946695939	0.0690178509	-0.1320842721	-0.0897902758	-0.1450900167	0.0740291519	0.0167963369	0.0104885172	0.0099118517	0.0093884816	0.0440367748	-0.0371153599	0.0268796667	0.1257656026	0.1217896706	0.0139623044	0.0085244052	-0.0184984882	0.0140585424	0.0438107173	0.0040877267	-0.0465232965	-0.0563816125	0.1083148459	0.0085717415	-0.131056773	0.0541056176	0.0197322585	-0.0873509797	0.0056681351	0.1117496671	0.0192610318	-0.0077611521	0.0353847902	-0.0124845562	0.0991562415	0.0766117761	0.0935560286	-0.0221006007	-0.0257045937	-0.0546279971	0.0056780912	-0.0315717697	-0.0387817657	0.0400925184	-0.0231780688	-0.0827634879	-0.0446025952	0.0928839491	-0.0385533593	-0.0093027948	-0.0978512833	-0.0145048207	0.0181890363	0.0680510286	0.0290948864	-0.0022034037	-0.2066133261	-0.0415070721	0.0218434429	-0.0742663053	0.0569161287	-0.0261243425	-0.0730885331	-0.0217864481	-0.0861145065	-0.0409479254	-0.0856868005	0.0726447139	0.0230446617	-0.0093455844	-0.0305895722	-0.0129356511	-0.0636391025	-0.0252206636	-0.0735304317	0.0231647145	0.0369191397	-0.0815145553	0.0919127174	-0.0637513548	0.0088448147	0.049772331	-0.0875088252	0.0828284368769658	-0.0214253774300204	0.0068605499554815	0.0004590467980188	0.015144538049725	0.0752615182358197	0.0056642961271606	0.0002293570327395	-0.3086228857091768	0.0165631009141193	0.0002743363118913	0.0952480855834596	-0.0017215398388423	-0.0012218480190078	1.4929125815532857e-06	2.9636994167211724e-06	0.0014302580894995	-0.0002188821120055	2.04563820257876e-06	4.790937895598826e-08	0.0014462355824513	1.3227219529000217e-06	2.091597359948251e-06	1.7495933646836473e-12	0.0	0.0	0.0	0.0	0.0	0.0	0.0	0.0	0.0	0.0	0.0	0.0	0.0	0.0	0.0	0.0	0.0	0.0	0.0	0.0	0.0	0.0	0.0	0.0	0.0	0.0	0.0	0.0	0.0	0.0	0.0	0.0	0.0	0.0	0.0	0.0	0.0	0.0	0.0	0.0	0.0	0.0	0.0	0.0	0.0
6205.544152557508	48.656155865788605	2367.421503635915	38508778.22934068	12806.24745863066	99.81168347456332	9962.372158026415	163999973.97168425	6092.638985827079	18.88364066329723	37120249.81162001	356.5918847005326	7393.394380056936	7631.769291551652	1.222621	34.949558	0.0716001574472702	0.0373103403303746	-0.0965144477	0.0712664479	-0.1226407134	0.0818935328	0.0297567091	-0.0702046338	0.071441345	-0.1674351308	0.0125441126	0.0437260912	0.0102293174	0.1050518783	0.1073196057	-0.0472398819	0.0319259783	-0.0567274964	0.0091363375	-0.0509015563	-0.0682040648	0.0430810051	0.0268647603	-0.0432132084	-0.0469928259	-0.1398184725	0.0835374803	0.0437743683	-0.0481536427	0.044631311	0.0393953797	-0.0281594775	0.0037793477	0.0257670345	-0.0014616009	0.0196794099	0.0149917165	0.0240603089	0.0418808316	0.0242083684	-0.006118316	-0.1553373628	-0.0080373637	0.0343716987	-0.0694713371	-0.1648091585	0.0323122076	0.1488908796	-0.0066637009	0.0394595171	0.0146058053	-0.0088392109	-0.0124590903	0.0959258667	0.0192408315	-0.0770807387	-0.0751143816	-0.0753133696	0.0327645781	-0.1715415298	0.0530772889	0.0167141019	-0.0183094805	-0.0092300477	0.0423715639	-0.0119698083	0.0678001033	-0.0214369234	0.0108276469	0.0842721338	-0.0826046843	0.021585743	-0.0078456365	0.0781445927	0.0731434968	0.0287875021	-0.0685774492	0.0114729204	-0.1438441412	0.0477594243	-0.0323262875	0.0038356344	-0.0858904473	0.0221916952	0.0184165685	-0.0378568892	-0.0559786545	0.0903330276	0.021700212	0.0721427571	-0.0079058212	0.1030696923	-0.0413562627	-0.0236113141	0.0274249046	-0.0648150191	-0.0857447366	0.0170059946	-0.0384485467	-0.1498103151	0.0167428486	0.0412235849	0.0173697841	-0.0683626663	-0.0282096182	0.0585583595	0.0625234111	0.1033821899	0.1080345833	-0.0251709594	0.0707761392	-0.0073059783	-0.0224002353	-0.048191482	-0.1105446471	-0.012761774	0.0233878399	0.0278026393	0.0226237232	0.06460965	-0.0561222831	0.0101913088	-0.1001257761	0.0169291352	-0.0173097709	-0.0964188455	-0.0194779285	0.0308063243	0.0505569045	-0.0090736704	-0.0443223457	-0.1446860618	-0.0838505675	0.0103214988	0.0273832164	0.0124526438	0.0055863644	-0.0604742495	0.0437615115	-0.00784153	-0.0820626598	-0.0481022938	0.0406358973	0.0236491573	-0.0006933511	-0.0155330351	-0.0312331547	-0.0390352821	0.0259501052	-0.0742990785	0.0256070703	0.0334046344	-0.0789542098	0.0926850932	-0.0690637132	0.0176095295	0.0409413271	-0.0829927534	0.077224607574422	-0.0056038293025438	0.0059636400150234	3.140290285204854e-05	0.0398231604599743	0.0246786224102492	0.0006090344040676	0.0015858841090208	-0.3139443124700989	-0.0053214267609221	2.8317582771858094e-05	0.0985610313323231	-0.0017727962861196	-5.125644727729979e-05	2.627223387490613e-09	3.1428066720794465e-06	0.0016286369385174	0.0001983788490178	2.652458277503329e-06	3.9354167737666746e-08	0.0009759452992754	-0.0004702902831759	9.5246922717775e-07	2.2117295044966821e-07	0.0	0.0	0.0	0.0	0.0	0.0	0.0	0.0	0.0	0.0	0.0	0.0	0.0	0.0	0.0	0.0	0.0	0.0	0.0	0.0	0.0	0.0	0.0	0.0	0.0	0.0	0.0	0.0	0.0	0.0	0.0	0.0	0.0	0.0	0.0	0.0	0.0	0.0	0.0	0.0	0.0	0.0	0.0	0.0	0.0
6237.380098982266	31.83594642475782	1013.5274847600504	38904910.49918002	12931.7541811485	125.5067225178409	15751.937397170312	167230266.20165172	6101.976534974341	9.337549147262507	37234117.63337747	87.18982407754278	7411.2100044070385	7860.7251911040275	1.095501	31.315742	0.0389947833757557	0.0221524706691308	-0.0798346837	0.0203391918	-0.0632766067	0.0307384672	-0.016458168	-0.0575561241	-0.0125203151	-0.0795669445	0.0206161083	0.0203723485	0.0076101334	0.07118802	0.0665206567	-0.0310384194	0.0372467793	0.01739186	-0.0078262163	-0.0447981044	-0.0704498579	0.0574570676	-0.0582856107	0.0833188396	-0.0846180149	0.0070039606	0.1248132292	0.0398587343	0.122502821	-0.0022810831	0.0543156158	0.0175410165	-0.0724734691	-0.038746806	-0.0430347059	0.03630857	0.0796349127	-0.0434542991	-0.092052404	-0.1093314715	0.0134718954	-0.074399264	-0.02944325	0.0245344742	-0.0025577147	0.0358572137	0.0136736878	-0.0777058897	0.1001623305	-0.0453525201	0.0083997279	0.0773033611	0.00704564	0.0549488759	0.0231666259	-0.0685097285	-0.0838158582	0.0174220581	-0.0306902755	-0.10574002	0.106263672	-0.0008774434	0.0070034576	-0.0155779599	0.0826910549	-0.0981674788	-0.0203867012	0.0449103355	0.0644565111	-0.0324830802	0.0144476412	0.0617387997	0.019741116	0.041231346	0.0046765526	-0.0073638224	-0.0627036741	0.0107156775	-0.0821144869	-0.0143357516	-0.0231851564	0.0041520606	-0.0423306018	0.0885492258	0.0963577056	0.0820101124	-0.0321685939	0.0471654581	0.0298567485	0.1465656651	-0.0177259078	0.0523293651	0.0265411318	0.0803528427	-0.0430936638	0.0600116425	-0.0582362073	-0.0482876312	0.1200334719	-0.0242640331	-0.0068816837	-0.0876421946	-0.0002362811	-0.0979296356	0.1022716108	0.0266533804	0.0324717931	0.0208315916	0.0476150394	-0.019332849	0.0206211124	0.0016976223	-0.008880716	-0.0459965247	0.0303252518	0.1126716597	0.016185537	0.1392685018	-0.0009815764	-0.0408990388	0.0142105302	0.0331392809	-0.0553769176	0.0217198299	-0.0386931147	-0.0869279448	-0.013983954	0.030659226	0.0124616721	-0.0125003979	-0.0495630942	-0.0783804086	-0.0553904241	0.067295854	-0.035100006	0.0117239796	0.0776055317	-0.0499849074	0.0941114524	0.0385113139	-0.1170129368	-0.0298493522	0.00888289	-0.0034149162	0.0327078595	0.0110554642	-0.0866104782	-0.0104385545	0.0368458541	-0.0750539832	0.0280304823	0.0298345303	-0.0761602691	0.0930290603	-0.073916464	0.0262147696	0.0316261628	-0.0772348614	0.0780272876418592	0.0008026800674372	0.0060882576167454	6.442952906610018e-07	0.0242949903027209	-0.0155281701572533	0.0002411240684326	0.0005902465538093	-0.3102811979725288	0.0036631144975701	1.3418407822308389e-05	0.0962744218152676	-0.0017479919191399	2.48043669796999e-05	6.152566212636267e-10	3.0554757493783906e-06	0.0019331030716498	0.0003044661331324	3.736887485621892e-06	9.269962622459637e-08	0.0010266911722332	5.074587295780006e-05	1.0540947631415826e-06	2.575143622249183e-09	0.0	0.0	0.0	0.0	0.0	0.0	0.0	0.0	0.0	0.0	0.0	0.0	0.0	0.0	0.0	0.0	0.0	0.0	0.0	0.0	0.0	0.0	0.0	0.0	0.0	0.0	0.0	0.0	0.0	0.0	0.0	0.0	0.0	0.0	0.0	0.0	0.0	0.0	0.0	0.0	0.0	0.0	0.0	0.0	0.0
6255.291797512433	17.911698530167087	320.82894423558974	39128675.472026326	12966.506077563668	34.75189641516772	1207.6943044505472	168130279.85949555	6103.360952539381	1.3844175650401669	37251014.91698243	1.916611994391744	7406.065723735324	7798.65088409916	1.168156	33.392643	0.1449396079909747	0.079088345782529	-0.0377655449	0.0211799937	0.0479885059	0.0950249922	0.0644090542	0.0074421004	0.0110579321	-0.0452452973	0.1079275004	0.0438128238	0.0638801707	0.0070181955	0.0261936511	-0.0087786455	0.054301517	-0.0369794277	-0.0165253379	-0.009647902	-0.0078007381	-0.1099781032	0.0382476653	0.0899504023	-0.0763519573	0.0362985201	0.1151086292	-0.179344152	0.1993401692	0.002133587	0.0645708655	-0.0637555892	-0.018870511	0.11770505	-0.1274831922	-0.0740734956	0.0441422156	-0.0182705378	0.0013173328	0.0326994872	0.0439466161	-0.0320266795	-0.0042338675	-0.0337284165	-0.0792000165	-0.050483593	-0.0755082626	-0.0580376913	-0.0455810804	0.0268078778	-0.0018828401	0.0479680065	-0.0348719323	-0.0554534764	-0.149355781	0.0735963652	0.061899198	0.0349735277	-0.0199817153	-0.0016115744	0.0776507511	0.0773841279	-0.0517324687	-0.1421575402	0.0632063806	-0.0139960081	0.0473728992	-0.0133134072	0.0440126709	0.1033389529	0.0076649232	0.0394660114	-0.0135461211	-0.0737138059	-0.1208255939	-0.0367532845	-0.0094038696	0.0150505549	-0.0610597774	0.0553483497	-0.0474196452	0.073980344	0.0615654029	-0.0648991896	0.0508142562	0.0154777558	-0.0043337013	0.0128815649	0.0910253384	0.057570056	-0.0355001189	0.1183893635	0.0313597158	0.0291783468	0.0341168224	0.1621097191	-0.0077764928	-0.0662018589	-0.0389551083	-0.0177464597	-0.1741888483	-0.0348247522	0.0663059383	0.1029104015	-0.0061620123	0.0301722892	0.0551830969	-0.0104509164	-0.030505087	-0.1204274793	-0.0807831052	0.0556555225	0.0223559518	-0.0854183597	-0.1534668406	0.1194633487	-0.0080342667	0.0741059824	-0.0641524036	-0.0135984316	0.0504179098	-0.1282173164	-0.0720332031	-0.0581182104	-0.0490494341	-0.0578808759	-0.002567013	0.0213111488	0.0124620182	0.0131960531	-0.0778497113	-0.0316257982	-0.0042737755	0.005991638	-0.0745146711	0.0286959626	0.0402004999	-0.0440014136	-0.0302553406	-0.0056470946	-0.0898956594	0.0158380009	0.0525248269	0.0925429087	-0.0067148927	-0.0242107604	-0.012495277	0.0212911569	0.0643459543	-0.0757950062	0.0304331576	0.0262147696	-0.0731409993	0.0929430287	-0.0782773129	0.0345826047	0.0219369967	-0.0703213046	0.0654666504804879	-0.0125606371613713	0.0042858823251343	0.0001577696058996	0.0800003523635695	0.0557053620608486	0.0031030873623302	0.0064000563782952	-0.267026467990874	0.0432547299816548	0.0018709716657858	0.0713031346076812	-0.002379979000052	-0.0006319870809121	3.994076704397973e-07	5.664300040688518e-06	0.0018977816442424	-3.5321427407400104e-05	3.601575169223387e-06	1.247603234096235e-09	0.0010277602396557	1.0690674224999011e-06	1.056291110217142e-06	1.1429051538505826e-12	0.0	0.0	0.0	0.0	0.0	0.0	0.0	0.0	0.0	0.0	0.0	0.0	0.0	0.0	0.0	0.0	0.0	0.0	0.0	0.0	0.0	0.0	0.0	0.0	0.0	0.0	0.0	0.0	0.0	0.0	0.0	0.0	0.0	0.0	0.0	0.0	0.0	0.0	0.0	0.0	0.0	0.0	0.0	0.0	0.0
6298.72763027045	43.43583275801757	1886.671567382472	39673969.760332406	13040.544404758242	74.03832719457387	5481.673893770776	170055798.3724715	6128.233518912122	24.87256637274095	37555246.06231805	618.6445579664038	7438.636926717102	7936.030135788456	1.190495	34.031227	0.1147837642039669	0.0687301131914739	-0.0284212731	-0.0485073278	-0.0455531031	0.0597175191	0.0148043252	0.0578099093	-0.035803753	-0.1134360851	0.0129857048	0.0212914176	0.0479389963	0.0424096406	-0.0304011923	-0.0857441719	0.0483938524	-0.0413795535	-0.0064421023	-0.0636723505	-0.1282869308	0.0446143811	0.0699445602	-0.0936847066	0.0171607464	-0.0512427494	0.0582842515	0.0041379521	0.0489480547	0.0053061516	0.069403011	0.0003774296	-0.1014900916	0.0091176864	0.0442550788	-0.057787599	-0.0530984272	-0.0247210852	0.0090000417	0.093953405	0.1210567285	0.0008218179	0.091511228	-0.0523841043	0.1004365808	0.0310464158	-0.0127721477	0.1007419862	0.0057628824	0.0362296427	0.0004719897	-0.0330645901	0.0133983462	-0.0276507574	0.0121712605	-0.018319364	0.0429848252	0.0564173988	0.0857142786	-0.0020103586	-0.0149327147	0.07755921	0.1133770101	0.0282221105	-0.0612393018	0.051980939	-0.0693731558	-0.028910729	0.1080957516	-0.1680067629	-0.0049643684	-0.0272744248	-0.1319800072	0.0101797486	-0.0092991963	-0.0676342531	0.0345698771	0.0925838337	-0.0708864544	0.0165412732	-0.0117967477	0.0563844316	-0.0540062394	-0.0258430189	0.0148003023	-0.0880738086	-0.0773773532	0.0126397948	0.065195838	-0.0119837295	0.0239193745	0.0882962704	-0.0491939027	0.0627193813	-0.1350320998	0.0016228652	-0.0575357493	0.0384224086	-0.0207825205	-0.0235046854	0.0089846141	0.0043691451	-0.0456818196	0.0292792425	-0.0219415181	0.049147934	0.0761917227	0.0911427352	0.0031449339	0.0737890393	0.0608516854	-0.048219001	0.0103774479	-0.018497711	0.0969189899	0.0473730916	0.033501524	-0.01514487	0.0137262599	-0.0738450642	-0.0239370649	-0.0295521648	0.0630238616	-0.0928675677	-0.0123617318	-0.0628053693	-0.0076345529	0.0388286362	0.0015391671	-0.036325191	-0.0856890275	-0.0140548233	-0.032067419	-0.0179017908	0.0099113799	-0.0215245489	-0.0138319731	-0.0499934509	0.0244376322	-0.0240548293	-0.07717216	0.0472324143	0.039487992	0.0675404401	-0.0602880168	0.0209951657	-0.0405421762	-0.0229237228	0.0398754038	-0.0765220104	0.0328133187	0.022551377	-0.0699053334	0.0924273962	-0.0821172393	0.0426372543	0.0119884099	-0.0623555305	0.0673506460053801	0.0018839955248921	0.004536109517342	3.5494391378138308e-06	0.0215666625139476	-0.0584336898496219	0.0034144961094418	0.0004651209319905	-0.2918286000342718	-0.0248021320433978	0.0006151457538981	0.0851639317979629	-0.0022957463363821	8.423266366989991e-05	7.095141628926476e-09	5.270451241011835e-06	0.0024058232830479	0.0005080416388054	5.787985669255375e-06	2.5810630676017805e-07	0.0010287648729014	1.0046332456999964e-06	1.0583571637158335e-06	1.0092879583657094e-12	0.0	0.0	0.0	0.0	0.0	0.0	0.0	0.0	0.0	0.0	0.0	0.0	0.0	0.0	0.0	0.0	0.0	0.0	0.0	0.0	0.0	0.0	0.0	0.0	0.0	0.0	0.0	0.0	0.0	0.0	0.0	0.0	0.0	0.0	0.0	0.0	0.0	0.0	0.0	0.0	0.0	0.0	0.0	0.0	0.0
6305.932719483624	7.205089213173778	51.91331056979313	39764787.462654136	13078.773368294784	38.22896353654141	1461.453653078213	171054312.81921688	6136.452926735473	8.219407823350593	37656054.52204035	67.55866496655693	7449.5991295546755	8086.298735144831	1.083639	30.976673	0.0576739200764363	0.0281592053899768	-0.0143409399	-0.0826590408	0.0063594043	0.0841324895	-0.0333816867	0.0473915112	-0.0671547155	-0.0275347845	0.0649913111	-0.0190633357	-0.0306941231	0.0506363648	-0.0698880771	-0.0783501012	-0.0065606912	0.0378954617	-0.0144997216	-0.0359878317	-0.0698447278	0.0083176997	-0.0283086133	0.0324110475	-0.115674763	0.0726397537	0.0361970312	-0.054456382	0.002685765	0.0241371268	0.1556470358	-0.0387618957	-0.0735620365	0.0297449993	0.0665791409	-0.0409469007	-0.0663322658	-0.0140697613	-0.0266120213	0.0454625072	0.0796467935	0.0305642414	0.0749161527	-0.0409318349	0.0851492635	0.0347913624	-0.0639430496	0.143617499	0.0836227739	0.0585175032	0.0502911613	-0.0334219613	-0.0136931848	0.0865331304	-0.0009224855	0.0699663514	0.0925718379	-0.0102237959	-0.0104621436	-0.0772995737	-0.0971173612	-0.0339527342	-0.0226114697	-0.0272975366	0.1005886813	0.0762707217	0.0801957935	0.034218674	0.0309696091	0.0385602023	-0.0767631093	-0.06552413	-0.0303306226	-0.0697076518	-0.1164418009	-0.0590773858	0.0399355282	0.100759736	0.0162612622	-0.0222858351	-0.0391786265	-0.0027094069	0.0037197037	0.0241369163	0.0952879207	0.0317178575	-0.0771429322	-0.0103533324	0.0647057904	0.0619287652	0.0249412811	0.074913775	0.0068758165	0.0616302525	-0.0330884753	0.0410501428	-0.0174567352	-0.0083055456	-0.0136607369	-0.0080753726	0.0214001954	-0.0093459252	-0.0191470354	0.0652752995	-0.0120498847	0.0705993199	0.0345489097	-0.0055215258	0.0800466846	0.0219883206	-0.0177500146	-0.1117094096	-0.0192917089	0.0088885556	0.0183396758	-0.0472760123	-0.0905274587	-0.1472901095	-0.0125729455	0.0190273805	0.0097377275	0.0176596279	-0.1132820842	-0.1458711454	-0.0517987942	-0.0463189946	-0.0016198367	0.0295634136	-0.0233780881	-0.0433190255	-0.0688200976	0.0669760828	-0.0337305184	0.0429103208	-0.0373033352	0.0198031237	0.1058481661	-0.0264316177	0.0424834825	0.0237101526	-0.0758469999	0.0308779514	0.016046098	0.0365820984	-0.0020123984	0.0182713073	-0.027680462	0.0047937866	0.0313571631	-0.0772348614	0.0351692048	0.0188504498	-0.0664628444	0.0914845461	-0.0854106889	0.0503057744	0.0018980517	-0.0534567308	0.0520416687986369	-0.0153089772067432	0.002708335291347	0.0002343647831165	0.0247086031884151	0.0031419406744674	9.87179120187328e-06	0.0006105150715225	-0.2862713700557862	0.0055572299784856	3.088280503377932e-05	0.0819512973136168	-0.0020370264495421	0.00025871988684	6.693597984650241e-08	4.149476756134094e-06	0.0019929597771302	-0.0004128635059176	3.971888673258856e-06	1.704562745186547e-07	0.0010270328213243	-1.7320515770999616e-06	1.0547964160773516e-06	3.0000026657344645e-12	0.0	0.0	0.0	0.0	0.0	0.0	0.0	0.0	0.0	0.0	0.0	0.0	0.0	0.0	0.0	0.0	0.0	0.0	0.0	0.0	0.0	0.0	0.0	0.0	0.0	0.0	0.0	0.0	0.0	0.0	0.0	0.0	0.0	0.0	0.0	0.0	0.0	0.0	0.0	0.0	0.0	0.0	0.0	0.0	0.0
6293.428822834832	-12.503896648791851	156.34743140366808	39607246.34808822	13111.61114742249	32.83777912770711	1078.3197380400766	171914346.88121372	6113.524553286484	-22.92837344898908	37375182.463636704	525.7103090163073	7426.776019553812	8033.72478342364	1.009882	28.868259	0.0315242375918438	0.0195465780665769	-0.0042902064	-0.0461700002	0.0913243039	0.0201161142	0.0181799684	0.0250620339	-0.0895859612	0.0171191552	0.0296836763	0.0504084799	0.0527198049	-0.0368630414	-0.0078545212	-0.0493031874	0.0066890933	0.0182741827	0.0112364799	-0.0198999129	-0.0007629099	-0.048653581	-0.0055556996	0.0699279625	-0.0590001011	-0.0145211166	0.0768870467	-0.116349496	0.0862617666	-0.0813699041	0.0544555916	-0.0443373727	-0.0310583287	0.0144043612	0.0056412456	-0.0679640111	-0.0873744097	-0.0364270333	-0.0365112503	-0.0747191007	0.0156174765	0.0974871311	-0.0954791651	-0.0263579372	-0.0297601838	0.0656189533	-0.0181466968	0.0417228935	0.0343442426	-0.0600285218	-0.0711133637	-0.0981204175	0.0606502534	-0.0506805528	0.0023334082	-0.004726587	-0.0559413418	-0.0247566411	0.0094529351	0.1064696122	0.1186521439	-0.1022902792	0.107054741	0.0245368258	0.0485009752	0.0165394276	-0.0155082909	0.0709396638	0.1398266381	-0.0844543604	-0.017336985	0.0068592344	0.0101602989	0.0116882737	-0.090950276	0.0217082394	-0.0042045848	0.046404309	0.0263203476	0.0242747152	0.0108254527	0.0509409676	0.0579961914	-0.0515152339	0.0096620369	-0.0285808216	0.0045031349	0.0462940334	0.0567966191	0.0565578403	-0.0274866994	0.0861448652	0.0245455748	0.0244316347	0.0254737726	0.1052680333	-0.0336257719	-0.0981583965	-0.042236066	0.0242698763	-0.0269464041	-0.0190570559	-0.0180241416	-0.0023715991	-0.0214554089	0.0797716374	-0.0346224834	-0.0024755719	-0.0256714554	0.0269392681	0.0676575668	-0.039605072	0.0223224621	-0.0529437771	-0.0592718259	0.0908622714	-0.1934174606	-0.003702698	-0.0059754705	-0.0194640209	0.0148879217	-0.0128739952	-0.0052763973	0.0358864725	-0.0860567974	-0.0385967108	-0.0059217926	0.0206270721	-0.009838918	-0.0263801404	-0.0583495638	0.0223694764	0.0084418772	-0.0231716011	-0.086898926	0.0566984616	0.0129804481	-0.0355631698	-0.0237042472	-0.0231467628	-0.0374071017	0.0341521696	0.0389667988	0.0738256103	-0.0370585453	0.0116162033	-0.0137313442	0.0100811688	0.0762347374	-0.0779334273	0.037499073	0.0151181479	-0.0628237173	0.0901188363	-0.0881357445	0.0575187176	-0.0082147524	-0.0437580584	0.0574774068638248	0.0054357380651878	0.0033036522997896	2.9547248313332685e-05	0.0217861497610272	-0.0029224534273878	8.54073403525127e-06	0.0004746363214099	-0.2717921971001331	0.014479172955653	0.0002096464494797	0.0738709984045176	-0.0022000263156835	-0.0001629998661413	2.6568956362114308e-08	4.840115789699915e-06	0.0019828724634136	-1.0087313716599777e-05	3.931783206163919e-06	1.01753898017102e-10	0.0010276831043386	6.502830142999724e-07	1.0561325629430218e-06	4.2286799868705813e-13	0.0	0.0	0.0	0.0	0.0	0.0	0.0	0.0	0.0	0.0	0.0	0.0	0.0	0.0	0.0	0.0	0.0	0.0	0.0	0.0	0.0	0.0	0.0	0.0	0.0	0.0	0.0	0.0	0.0	0.0	0.0	0.0	0.0	0.0	0.0	0.0	0.0	0.0	0.0	0.0	0.0	0.0	0.0	0.0	0.0
6284.313920631927	-9.114902202904888	83.08144216852035	39492601.45304823	13059.913624200297	-51.69752322219392	2672.63390730928	170561343.87157252	6109.001779793135	-4.522773493348723	37319902.74551569	20.45548007213781	7427.415890121269	8085.693662803404	1.110099	31.733036	0.0715501775081204	0.0402016563718026	0.0010792949	-0.0396911531	-0.0299393125	-0.051660361	-0.0158315864	0.0253907799	-0.0405288155	-0.0127040781	-0.0247159001	0.0167215984	0.014071656	0.0262997267	0.0141378336	-0.0030390536	0.023243079	-0.0169384397	0.0066315354	-0.055438089	-0.0696374138	-0.0174779177	0.0767016596	0.0294662245	0.0178851004	-0.0498311061	0.0613590923	0.0305395924	0.0526457404	-0.0957556312	0.0016200884	0.0363356949	0.0747043276	0.0445271959	-0.0145012557	-0.0341171111	-0.0089135217	0.0453074469	0.0161003681	0.0495980291	0.0162245153	-0.0507051192	-0.0903582663	0.0703621001	0.0803239633	-0.0106936835	0.0060260407	0.1404324449	0.0023193213	-0.0191171996	-0.0709144991	0.069120253	-0.0589885115	-0.0653792878	-0.0037842397	0.0374634832	-0.0207956582	0.1723083795	0.0841987411	0.0873856878	-0.0542873173	-0.0983761249	-0.0693933073	0.0897704011	-0.0454912764	0.021311941	-0.0363020394	0.0219882632	0.0331000397	0.0243534813	0.0141918417	0.0171270649	-0.0733375782	-0.0372424724	-0.1515423699	0.0441436919	0.006304948	0.0244837658	-0.02222273	0.0223213503	0.0010865183	0.04305031	-0.0471288188	-0.0283456139	-0.0683846532	-0.1025705613	-0.0309597267	0.0210113139	0.0445647615	0.0450530995	-0.0776302417	0.0053649021	-0.0453643682	0.0021211375	0.0367014386	0.0760870024	0.025314157	0.0056474839	0.03921752	0.0407730973	-0.0170801329	0.0463624629	0.0154941504	0.0095675165	-0.1065073581	0.033184242	-0.0355637742	0.0426209432	0.1022136434	-0.005347936	-0.085941526	0.0241381055	-0.0567565182	-0.0648972493	-0.0052465512	-0.0338258201	-0.0370869238	-0.0434503935	0.0516204066	0.0482013988	0.0385936299	-0.003363665	-0.0354320972	-0.0463798362	0.0721924051	-0.015213721	-0.0074104873	0.0163139791	0.0091513556	-0.038786126	-0.0651501742	-0.0013894907	-0.0436984505	-0.0699255683	0.0322736333	0.0398208985	-0.0427271372	-0.0143949415	0.0166777125	-0.0166710361	-0.0012131418	0.0464438177	0.0396788755	0.093125027	-0.0444818058	-0.0141422547	0.0038210451	0.0147380367	0.0548521544	-0.078617579	0.0398011998	0.0113606834	-0.058998719	0.0883365796	-0.0902742713	0.0642107624	-0.0182304111	-0.0334046344	0.0586377610790691	0.0011603542152443	0.0034383870243659	1.3464219048352242e-06	0.0297194676693521	0.0079333179083249	6.293753303454857e-05	0.0008832467585496	-0.2422032462094918	0.0295889508906412	0.0008755060148087	0.0586624124744157	-0.0024332460132627	-0.0002332196975791	5.439142733893347e-08	5.920686161058824e-06	0.0024057567503967	0.000422884286983	5.787665542079289e-06	1.7883112017720465e-07	0.0010289302096545	1.2471053159001082e-06	1.0586973763396536e-06	1.5552716689463088e-12	0.0	0.0	0.0	0.0	0.0	0.0	0.0	0.0	0.0	0.0	0.0	0.0	0.0	0.0	0.0	0.0	0.0	0.0	0.0	0.0	0.0	0.0	0.0	0.0	0.0	0.0	0.0	0.0	0.0	0.0	0.0	0.0	0.0	0.0	0.0	0.0	0.0	0.0	0.0	0.0	0.0	0.0	0.0	0.0	0.0
6275.023407915797	-9.290512716130252	86.3136265285779	39375918.76989119	13021.750393124075	-38.16323107622157	1456.4322061770831	169565983.300827	6108.514868443308	-0.4869113498270963	37313953.89799296	0.2370826625904449	7420.345070333591	7988.334982988911	1.064785	30.437698	0.0513647283062741	0.0249163575169679	-0.0082287315	-0.0301800787	-0.0666831351	0.0359413818	-0.041383916	0.0179165368	-0.0121038467	-0.0815776527	0.006167491	-0.0206915502	-0.0482774563	0.0034311534	0.0165366171	-0.0127737617	0.061540795	-0.0263524377	-0.0420588199	0.0092280252	-0.0842472756	0.0126660851	-0.0830370614	-0.078025979	-0.0272915441	0.0525271739	0.0565978496	-0.0286669144	0.0281776996	-0.0601510814	-0.0374629644	-0.0032842961	0.1042549333	0.0424517518	-0.0540832998	-0.0151553805	-0.0307274065	-0.050097688	0.0376633653	0.0301970093	-0.0266738558	0.0336764372	0.0475889629	-0.0014589176	-0.0372774252	0.0481113758	0.1475235998	0.0426038083	0.0164091931	-0.0094475499	-0.0477288947	0.0765732257	-0.0669247566	-0.0304280442	0.0760519235	-0.0103242262	-0.0399092275	-0.0237861472	-0.0641435907	0.0895178778	-0.0128505384	0.0172944488	-0.0825400103	-0.0555871331	0.0523582722	-0.1331592328	0.0192559178	-0.1221657078	0.1704488424	0.1433402588	0.041210701	-0.0518883712	-0.0577364962	0.0895759099	0.1121262487	-0.0010487725	0.012254023	0.0219255021	-0.0753225237	-0.0215020509	-0.046269069	-0.0866336239	-0.0054033211	0.0500755467	-0.0212302997	0.0276067635	-0.0508831925	-0.0295436401	0.1031609322	0.0470226331	-0.0695162392	-0.0015362685	-0.0093620243	-0.0099964669	0.0818261058	0.0624485272	0.0556167584	-0.0363384353	0.054695032	-0.0316433511	0.0070427813	0.1075499045	0.0317285593	0.0262515561	-0.0330926904	0.0371134757	-0.0213871125	-0.0112997366	-0.0153725599	-0.0264029453	-0.0208188178	0.0152809756	-0.0090614871	0.0814905841	-0.0046980074	-0.0467316481	0.0836286346	0.056716103	0.0503598139	0.0157956132	0.0141145041	0.0729986808	-0.1724062653	0.1200260711	0.0733571292	-0.0148817332	-0.0068405153	0.0113750807	0.0040675168	-0.022220957	-0.0600777404	0.0108272612	-0.0379977262	0.027455379	0.0350892827	0.0391799944	0.0485276794	-0.0532407343	0.0168234828	0.0117856235	-0.0282605502	0.009706677	0.0367398627	0.0213293701	0.0031784981	-0.0097235878	-0.0183573295	-0.0399633353	0.0424404015	-0.0792871898	0.042073882	0.0075843101	-0.0549991661	0.0861460138	-0.0918120377	0.0703213046	-0.0280304823	-0.022551377	0.0598678902108815	0.0012301291318123	0.0035841642783021	1.5132176809335234e-06	0.0199850847437801	-0.009734382925572	9.47582109416677e-05	0.000399403612216	-0.2458972965891916	-0.0036940503796998	1.3646008207760265e-05	0.0604654804698728	-0.0026504256108632	-0.0002171795976004	4.716697761391509e-08	7.024755918719567e-06	0.0021707664813575	-0.0002349902690391	4.712227116585222e-06	5.522042654311551e-08	0.0013108836603986	0.000281953450744	1.7184159711000322e-06	7.949774838650562e-08	0.0	0.0	0.0	0.0	0.0	0.0	0.0	0.0	0.0	0.0	0.0	0.0	0.0	0.0	0.0	0.0	0.0	0.0	0.0	0.0	0.0	0.0	0.0	0.0	0.0	0.0	0.0	0.0	0.0	0.0	0.0	0.0	0.0	0.0	0.0	0.0	0.0	0.0	0.0	0.0	0.0	0.0	0.0	0.0	0.0
6288.125930488343	13.10252257254615	171.67609776408136	39540527.717679895	13034.705997016486	12.95560389241109	167.8476722170574	169903560.42865756	6118.834993050768	10.320124607460455	37440141.6721826	106.50497191351084	7426.778906691439	7987.147073758033	1.030186	29.448669	0.0405057224887894	0.0226371496858649	0.0126800117	-0.0219727542	0.0398966351	0.0467835074	0.0237625737	0.0266559012	-0.0237768363	-0.001611457	0.0504780113	0.0327741872	0.0239818459	0.0064837046	-0.0173376273	0.0017036515	0.0227714452	-0.0017833961	0.0100078225	0.0499812548	-0.0842854636	-0.0532289792	-0.0077793125	0.0034359791	0.0041413291	0.0425006479	0.1362516361	0.0630022678	-0.04969213	-0.0529474038	-0.0426657507	0.0993955334	-0.1094361529	0.0054523481	0.0472650038	-0.0646607392	0.0814742654	-0.0363527809	0.0570184242	0.023307522	-0.0106170962	0.0251956273	-0.0068994257	0.0188080976	-0.0783835647	0.0693530938	-0.0155229747	-0.0728701266	0.0417303357	0.0046945195	-0.0380943907	0.0754089139	0.0809758857	-0.0786838488	-0.0688165419	-0.0696529233	0.0766981539	0.04084733	0.0419890887	0.0522951699	-0.141787338	0.0582861493	-0.1400539433	-0.0418766194	0.1179512954	-0.0439042625	0.0910341302	0.1127394652	0.0281129533	0.0233936509	-0.0420237523	-0.0088317966	-0.0301455881	-0.0371533547	0.0697034601	-0.0683013589	0.0309970217	0.0198980047	-0.0036798648	0.0308420755	-0.0166106506	0.0640125116	0.0250935116	-0.0144452919	-0.0088647009	-0.0086471466	-0.0627553664	0.0009134183	0.0938646429	0.0066937548	0.027931228	0.0252288282	-0.0317153831	0.0645015388	-0.0548696008	0.058510714	0.044934965	-0.0462500404	0.0952493103	0.0592056983	-0.0233780413	0.0098364622	-0.078260659	0.0464312666	0.0519387084	-0.079769612	-0.0505701644	0.0015017595	0.0217071707	-0.0270795897	-0.019921687	-0.0286139823	-0.0832761748	-0.0340948942	0.0478146979	0.0014388179	-0.0439687714	0.0614704653	-0.0673741099	-0.0075406847	-0.059763801	-0.0547194233	0.0462694871	0.009766741	0.1342550557	-0.0077979538	-0.0027438569	0.0118215761	0.0198580309	-0.033246049	-0.0452697793	0.0392354046	0.0169429444	-0.0242384291	-0.0480426516	0.0454997089	-0.003244238	-0.0318529065	-0.0121909361	-0.0242027997	0.0237844127	0.0516082935	0.0518715121	0.0789841498	-0.0334639836	-0.0421505281	-0.0230089524	-0.0253197875	0.0309350872	-0.079942136	0.0443154383	0.0037953135	-0.0508368917	0.0835572642	-0.0927388101	0.0757950062	-0.037499073	-0.0113606834	0.0535483602245392	-0.0063195299863422	0.002867426882737	3.993645924827947e-05	0.0014214705764601	-0.01856361416732	0.0003446077709531	2.0205785997418087e-06	-0.2498469275791137	-0.003949630989922	1.5599584956553015e-05	0.0624234872207228	-0.0026502760053351	1.4960552809995325e-07	2.2381814038065896e-14	7.023962904454975e-06	0.0019392701971869	-0.0002314962841706	3.760768897697318e-06	5.359052958479525e-08	0.0013090706031932	-1.8130572053999536e-06	1.7136658441446088e-06	3.2871764300526907e-12	0.0	0.0	0.0	0.0	0.0	0.0	0.0	0.0	0.0	0.0	0.0	0.0	0.0	0.0	0.0	0.0	0.0	0.0	0.0	0.0	0.0	0.0	0.0	0.0	0.0	0.0	0.0	0.0	0.0	0.0	0.0	0.0	0.0	0.0	0.0	0.0	0.0	0.0	0.0	0.0	0.0	0.0	0.0	0.0	0.0
6288.287318825499	0.1613883371555857	0.026046195369845	39542557.40410158	13055.152804156927	20.4468071404408	418.0719222383808	170437014.7398865	6121.119257309858	2.2842642590894684	37468100.96220958	5.217863205353558	7439.1526252903695	8129.947478878883	1.189313	33.997444	0.085567412544934	0.0449243408800784	0.0012596931	-0.0480954405	-0.0848835098	-0.0636132298	-0.0377783468	0.014318945	-0.0287633886	-0.0315363726	-0.0433292066	-0.0186995037	0.021244389	0.0936762221	-0.0242181913	-0.0257672765	-0.0154771023	0.0208604232	0.0273977314	-0.0797770069	-0.0200673625	0.030104156	0.0422968297	-0.1249284079	0.0942652079	0.0220012759	0.0039221352	0.0756449426	-0.0318175274	-0.1209912391	0.041836269	0.0331268366	0.1436547353	-0.0061720816	0.046500885	0.0151742369	-0.0365273169	0.1319897693	-0.0071823963	0.0542349507	0.0328660453	-0.0081407111	0.0045365563	0.0103914103	0.082011661	0.0285307863	-0.0065995857	0.0615605836	0.036160926	-0.0591883699	0.0029684622	-0.0610446972	-0.0200083964	-0.1145961491	-0.030641889	0.0291316849	0.0091159632	0.1048710023	-0.0318608061	-0.0440766735	0.0502440745	0.0099651237	-0.0561941911	-0.0318611114	0.0692878578	-0.0539083654	-0.0292024556	-0.0589521353	-0.1303513672	-0.0148223335	0.0427352595	-0.0145825709	0.0247017346	-0.2022144008	0.0038393076	-0.0090153311	0.0126654052	0.031563013	-0.0022968469	-0.0258177712	0.0414801878	0.0175373979	-0.0894068146	0.0212295139	-0.0725279984	-0.0515826688	-0.0880792025	0.0123523649	-0.0530283894	-0.0142957011	-0.0755668429	0.0151574756	-0.0285433176	0.0023133163	0.0271314562	-0.0062620345	-0.0053143576	0.0699815684	-0.0426376232	-0.006155938	0.0567471083	0.0709822105	0.0584720269	-0.0085196217	-0.1589644913	-0.0014420084	-0.0758181741	0.0145598761	0.0066801906	0.0486173198	-0.0641456169	0.0033104125	0.1041151915	0.0963522592	0.1419925102	0.0368507246	0.0151922149	-0.0210518189	0.0500682485	-0.0109294698	0.0718780835	-0.0438679141	0.0515234616	0.034385513	-0.0147379384	-0.0012170175	-0.0116779432	-0.0038169817	0.0173365411	-0.0299719364	-0.0554871345	0.0110630373	-0.0539150637	-0.0310408303	0.0919172925	0.0453693712	-0.0292327472	-0.0424434871	0.0314868996	0.0192961079	0.0160505411	0.0572745261	0.0207907648	0.000601455	0.008546517	-0.0363431269	-0.0269632015	0.0104633302	0.0401590626	-0.0805822964	0.0465242105	0.0	-0.0465242105	0.0805822964	-0.093048421	0.0805822964	-0.0465242105	-0.0	0.0598453724796144	0.0062970122550751	0.0035814686072237	3.965236334056719e-05	0.0297878730740848	0.0283664024976247	0.0008046527906572	0.0008873173822777	-0.2193426794409845	0.0305042481381291	0.0009305091544725	0.0481112110243504	-0.002819378028555	-0.0001691020232198	2.8595494257063572e-08	7.948892467898678e-06	0.0018619343322943	-7.733586489260002e-05	3.4667994577762206e-06	5.980835998686484e-09	0.0014706277081628	0.0001615571049695	2.16274585601617e-06	2.6100698166158343e-08	0.0	0.0	0.0	0.0	0.0	0.0	0.0	0.0	0.0	0.0	0.0	0.0	0.0	0.0	0.0	0.0	0.0	0.0	0.0	0.0	0.0	0.0	0.0	0.0	0.0	0.0	0.0	0.0	0.0	0.0	0.0	0.0	0.0	0.0	0.0	0.0	0.0	0.0	0.0	0.0	0.0	0.0	0.0	0.0	0.0
6268.080121297314	-20.207197528185134	408.33083194309137	39288828.40700255	13014.81053341843	-40.34227073849797	1627.4988083382698	169385293.2207793	6117.724644480188	-3.3946128296702227	37426554.82568024	11.523396263361676	7433.640144198699	8002.048807119554	1.138733	32.551575	0.0796326900434543	0.0476644858780962	0.0119400178	-0.0111844402	-0.0228517451	0.0420863448	-0.0569898885	0.0138840484	-0.0053255481	0.0014375008	0.02954836	-0.0363059152	-0.0492169899	0.0272130251	-6.7898e-05	-0.0152210774	-0.0106347	0.0184837769	0.0331119542	0.0010294492	0.0303345355	0.0178034476	-0.0946197056	0.0093972597	-0.0097179808	0.0845688797	-0.0173745484	-0.058378428	0.090191152	-0.0942010553	-0.0889282039	-0.0256760405	0.1407567285	-0.0884264353	0.0256671747	-0.0047234026	-0.1013445128	-0.0365955479	-0.0033801189	-0.0209137727	0.0820505606	0.0168684037	0.1374907097	-0.0141575378	-0.0644315477	-0.044086782	0.005194372	0.0303028893	0.0073365526	-0.0021185552	0.0254397417	0.1003675558	-0.0481277678	-0.016042041	-0.0278818642	0.0587506207	0.0292293712	0.0918518356	0.0324848166	-0.0697070889	-0.0124288681	-0.0717940892	0.0356989507	-0.0285995403	-0.0534937653	0.0392708116	-0.0065402571	-0.112666333	-0.1488347224	-0.0828487453	0.0216487948	-0.0686927681	0.051828515	0.0022518833	0.0590335461	-0.0533059777	0.0035454703	0.0046194336	0.0187330254	-0.0370278526	-0.020772105	-0.0758785449	0.0115459082	0.0509442348	0.0297600398	0.1211279288	-0.0394922939	-0.0532669284	0.003959181	0.0503185969	-0.0430817039	-0.0035872874	-0.0238063442	0.0849715902	0.0671982133	0.0790698745	0.0117416587	-0.0583525825	-0.0170883539	0.0174381951	-0.0649373071	0.0576990254	0.0134301049	0.0568896919	0.0327423729	0.1019501626	0.0146209483	-0.043079613	-0.035940874	0.0195826892	0.0321830283	-0.004050588	0.0609377405	0.1108922764	0.1183577549	-0.0629899666	-0.018007602	0.000383087	0.0279436966	0.1104292747	-0.0953743503	-0.0021726608	0.0291768093	0.0328282208	-0.0008290242	0.0155853442	0.0101645607	0.000996371	0.0114972302	-0.0032282387	-0.0425372646	0.049642988	-0.0133902659	0.0445168718	0.0205185694	0.0476970745	0.1026901547	-0.01629072	0.0310534217	0.0413410537	-0.01646708	0.0086873077	0.0115635115	-0.0164386945	0.0392282501	-0.0281656367	-0.0519313428	-0.0159497666	0.0334889744	-0.0812075526	0.0486985645	-0.0037953135	-0.042073882	0.0772348614	-0.0927388101	0.0846398209	-0.0549991661	0.0113606834	0.0334360387861067	-0.0264093336935076	0.001117968689706	0.000697452906135	0.0266944985554431	-0.0030933745186417	9.56896591258178e-06	0.0007125962531265	-0.2187197450861546	0.0006229343548299	3.880472104273526e-07	0.0478383268905524	-0.0030621945134109	-0.0002428164848559	5.8959845317775554e-08	9.37703523796382e-06	0.0024889446804594	0.0006270103481651	6.194845622387145e-06	3.9314197670612013e-07	0.0013503135916543	-0.0001203141165085	1.8233467958063356e-06	1.4475486631220953e-08	0.0	0.0	0.0	0.0	0.0	0.0	0.0	0.0	0.0	0.0	0.0	0.0	0.0	0.0	0.0	0.0	0.0	0.0	0.0	0.0	0.0	0.0	0.0	0.0	0.0	0.0	0.0	0.0	0.0	0.0	0.0	0.0	0.0	0.0	0.0	0.0	0.0	0.0	0.0	0.0	0.0	0.0	0.0	0.0	0.0
6284.964977958639	16.884856661325102	285.09838447349466	39500784.77416664	13022.047168160989	7.236634742559545	52.36888239721985	169573712.44980964	6115.8970508450775	-1.8275936351101336	37404196.73653552	3.3400984950950723	7424.515309431995	7938.746227338237	1.012431	28.941126	0.1079289047086481	0.0630620392642046	0.039776969	-0.0027224161	0.0051684198	0.0404950156	0.0288456336	0.0498913153	0.0113708462	0.0068480509	0.0838451795	0.0087997496	0.0524919768	0.0316320836	-0.0326426741	0.0120782639	0.027237016	-0.0148995834	0.0035441818	-0.0539381732	0.0016092666	-0.0407611593	0.0547771703	0.028998663	-0.0725316286	0.0153069418	-0.0002887857	0.0604025084	-0.0019408632	-0.0291919211	-0.0286358914	0.0533809418	0.1168003853	0.0991239929	0.0145378256	0.1033051519	-0.0267306029	-0.0128687235	0.0254140962	-0.0480965511	0.0152699508	0.017440682	0.0490587758	0.0040075921	-0.1468603755	0.1471811513	-0.0617335808	0.0785914396	0.0766232713	-0.0413307203	0.1260444553	0.0019308453	0.0680820224	-0.0616660743	0.0722980724	-0.1625702821	-0.0438351896	-0.0021835795	-0.1479595964	0.036864127	0.0198013423	-0.0032538282	-0.0018813224	0.0100904369	-0.0310608308	0.0515037609	0.0099316497	0.0274829977	0.0360928208	-0.0416953393	-2.0093e-06	0.1132281106	0.0693719585	-0.0085343808	0.0079162026	0.0183141983	0.0409514655	0.0007255174	-0.0130718626	0.0108453882	-0.0209768051	0.0774036745	0.0036423258	-0.025788772	0.0161609684	0.0145953202	-0.0451070401	-0.0116240398	0.0010128469	0.050444158	-0.0629056894	-0.0347410963	-0.0125948094	0.0166990634	0.0729219588	0.0258691027	-0.0112279867	-0.0107481247	0.0223412875	0.0357211417	0.07666037	-0.0152903484	-0.1558374612	-0.0278064579	0.0118361567	0.0516262058	0.0264430346	0.0414442349	-0.0190957677	0.0435212834	-0.0877821748	0.0138325907	-0.0317216147	0.1574605276	0.0054643201	0.0798453792	0.0306741562	0.0577306343	-0.089150573	0.0236271064	-0.0278886473	-0.0781281878	-0.0405626088	-0.012250941	0.0400247088	0.0267188225	0.0115282632	0.0156890217	0.0091506506	0.0143594289	-0.0453439239	0.0318933733	0.0491438755	-0.0486562606	-0.01586462	-0.0228517778	-0.0180260343	0.007165942	0.0113341104	0.0054783729	0.0307037601	-0.0190773311	0.045175887	0.0287424672	0.0132928887	-0.0485761923	-0.0511773628	-0.0028762432	0.0271590623	-0.0818177889	0.0508368917	-0.0075843101	-0.037499073	0.0735304317	-0.0918120377	0.0879308341	-0.0628237173	0.022551377	0.0159020394498554	-0.0175339993362513	0.0002528748586647	0.0003074411327236	0.0247080346146049	-0.0019864639408382	3.946038988250431e-06	0.0006104869745165	-0.205913383905866	0.0128063611802886	0.00016400288668	0.0424003216715645	-0.0039111404915734	-0.0008489459781624	7.207092738382832e-07	1.5297019944825013e-05	0.0031478899163088	0.0006589452358494	9.909210925198624e-06	4.342088238486215e-07	0.0013461632006408	-4.150391013499864e-06	1.8121553627594828e-06	1.722574556494043e-11	0.0	0.0	0.0	0.0	0.0	0.0	0.0	0.0	0.0	0.0	0.0	0.0	0.0	0.0	0.0	0.0	0.0	0.0	0.0	0.0	0.0	0.0	0.0	0.0	0.0	0.0	0.0	0.0	0.0	0.0	0.0	0.0	0.0	0.0	0.0	0.0	0.0	0.0	0.0	0.0	0.0	0.0	0.0	0.0	0.0
6282.580010968056	-2.3849669905830524	5.688067546170782	39470811.59421538	13067.71214090182	45.66497274083122	2085.289735420858	170765100.59747282	6122.35082309698	6.453772251902592	37483179.60107627	41.65117627942785	7436.168219389597	8112.299439264113	0.934981	26.727154	0.0626764435200556	0.0343523813473355	0.0320484269	-0.035022706	-0.0229834804	-0.0483540556	-0.0380731013	0.0382397521	-0.0112788141	0.0049668566	-0.0278648149	-0.0523609226	0.0328422048	0.0742351141	-0.0420604466	0.0137255748	-0.0465725655	0.0347930483	0.0368780854	-0.0103874329	-0.0211266304	-0.0118632253	0.0859796723	-0.0895163887	0.0394798291	-0.0650256849	0.020173425	0.0282786287	-0.0268586123	-0.0792579646	-0.0773748857	-0.0219510987	-0.0215556495	0.04721567	0.1112887385	-0.0846760961	-0.0691658692	-0.1143661262	0.0828619265	-0.0055880121	-0.0970680505	0.1128499172	-0.0463560926	0.027496849	0.0046831108	-0.1077384845	0.0290700397	-0.041410055	0.0377633735	0.0184141157	0.124869105	0.0302080949	0.030466051	0.0727191848	0.0274747936	0.0173783678	0.0348936259	0.1737579888	-0.0556812837	-0.0384275898	-0.036410424	0.0481899613	0.0443005473	0.0761834517	-0.0874049525	0.004326075	-0.0290809742	-0.0414738932	-0.0574081224	0.0273288197	-0.0385041345	0.1112535501	-0.0603448688	-0.0271267586	0.0485920189	0.0752428132	0.0333376333	0.0080377311	0.0436191533	-0.0162635006	0.0279247357	0.0314435772	-0.0671903551	-0.0337385348	-0.0650776294	-0.0471830911	-0.0916405368	0.0175814902	0.0015755651	-0.0441855577	-0.0448971863	0.0108141413	-0.045028394	0.0056393937	-0.0088905392	-0.0578447471	0.0291521817	-0.0153730071	-0.0956950104	0.0740574234	0.0412708261	0.0560407695	0.0225657483	0.0660256148	-0.039703889	0.0277011612	0.0562024939	-0.035647693	0.020524366	-0.0108377354	-0.0627062143	-0.0050226424	-0.0971082315	0.0784459955	-0.0354436328	-0.0582807467	0.0144725521	0.0658912147	0.0314876824	-0.0519172857	-0.0664714778	0.1805282026	0.159826456	-0.0337147054	0.0137972842	0.0287529465	0.0056441072	0.0041149478	0.0236211573	-0.0145383782	-0.0548514438	0.0058078894	0.0185117752	-0.0856163205	0.0601389928	0.0005917815	-0.0412992947	0.0116034701	0.0369915826	-0.0111868525	0.0295477706	0.0526447447	0.0128400738	0.0347942763	-0.0046127257	-0.0414976146	0.0045721899	0.0167286164	0.0580444561	-0.0824128925	0.0529376103	-0.0113606834	-0.0328133187	0.0694861298	-0.0902742713	0.090425532	-0.0699053334	0.0334046344	0.0383494653387117	0.0224474258888562	0.001470681491765	0.0005038869290356	0.040607322531315	0.0158992879167101	0.0002527873562584	0.0016489546431622	-0.2070135849196503	-0.0011002010137843	1.2104422707320062e-06	0.0428546243412852	-0.0035544962769554	0.0003566442146179	1.2719509582048984e-07	1.2634443782889798e-05	0.0031597953125901	1.1905396281299864e-05	9.984306417466368e-06	1.4173846061478864e-10	0.001250122237526	-9.604096311480008e-05	1.5628056087570127e-06	9.223866596018389e-09	0.0	0.0	0.0	0.0	0.0	0.0	0.0	0.0	0.0	0.0	0.0	0.0	0.0	0.0	0.0	0.0	0.0	0.0	0.0	0.0	0.0	0.0	0.0	0.0	0.0	0.0	0.0	0.0	0.0	0.0	0.0	0.0	0.0	0.0	0.0	0.0	0.0	0.0	0.0	0.0	0.0	0.0	0.0	0.0	0.0
6248.425154230958	-34.15485673709827	1166.554238731707	39042816.908026166	13000.291985459216	-67.42015544260357	4545.4773599048285	169007591.70719513	6107.046259861367	-15.304563235613386	37296014.02008671	234.22965583288888	7425.338659281709	8003.3805454869425	0.960106	27.445381	0.0528648538812346	0.0256521039593054	0.0090245216	0.0139229545	-0.0449738416	-0.0772663832	-0.0519856601	-0.01985522	0.0025067757	0.0339643562	-0.0558632792	-0.0253169039	-0.0381672833	3.1611e-05	-0.0007986173	0.0129687899	-0.0213182066	0.0308228748	0.0413073152	-0.0225181217	-0.0100237678	0.0679686951	0.0007212877	-0.0802595801	0.0574464877	-0.1140350164	0.021553889	-0.0100724108	-0.0515260813	0.0510511295	-0.0947211667	-0.0049520213	0.0462614811	0.008211007	-0.028889326	0.1930670907	-0.0223095049	0.0451793251	-0.0861899023	-0.013299828	0.0377831007	0.0136628674	0.0694244981	-0.0690055567	0.0516461267	0.044461495	0.05667894	-0.0112155551	0.1214696067	-0.0560845419	0.0266860884	-0.1308617269	-0.0670195223	-0.0050831475	0.0397472344	0.0150630806	3.22993e-05	0.003298583	-0.1225584176	0.0824330683	0.0879764128	-0.0533225115	0.0360859072	-0.008559964	0.0878251359	0.0109142447	0.1062266859	-0.0569548194	0.0102923197	0.0614642166	-0.0862381895	-0.0096320297	-0.0229773847	0.0619861763	-0.1490611591	0.0246483256	-0.0200530818	-0.0188287856	0.0259929068	-0.0296013104	0.0523517788	-0.0403041745	-0.0322886948	-0.0013732244	-0.0717224716	-0.048382048	-0.0603858519	0.0121886655	-0.050276351	-0.0144106615	-0.0137720767	0.0236471353	0.0199228882	-0.0750857017	0.0264596654	-0.065216857	-0.0401888738	-0.0273747988	0.0146382362	-0.0173064132	0.0820094423	-0.0217805937	0.0122133682	-0.0742040299	0.0359443022	0.0337451215	0.1189114224	-0.0729760407	-0.0422936859	-0.0087697507	-0.0035520852	-0.0732965697	0.0698062135	0.0908667477	0.1597976708	0.0402871394	0.0357131092	0.0204569103	0.00821535	-0.0785667438	0.0378529474	0.0374808772	-0.0672378212	0.0925082338	-0.0494509917	0.0283206962	0.0046375069	-0.0006755741	0.0148062267	0.0166139219	-0.0442289402	-0.0126844045	-0.00547655	-0.0466251305	0.0624721296	-0.0046463541	-0.0137776992	0.002912835	0.0109259331	0.0130442411	0.0466613643	-0.0313401126	0.0302592418	-0.0285962945	0.0346815991	-0.0260711743	-0.0215158625	0.0009038904	0.0441451375	-0.0829927534	0.0549991661	-0.0151181479	-0.0280304823	0.0651206494	-0.0881357445	0.0921013223	-0.0761602691	0.0437580584	0.0295835601921368	-0.0087659051465748	0.0008751870336417	7.684109303874825e-05	0.0287998809822198	-0.0118074415490952	0.0001394156759352	0.00082943314459	-0.1908439803550408	0.0161696045646095	0.0002614561117758	0.0364214248377552	-0.0036858398650274	-0.000131343588072	1.72511381276273e-08	1.3585415510625204e-05	0.0030047779655104	-0.0001550173470796	9.028690622016818e-06	2.403037789562816e-08	0.0012140451202586	-3.607711726740003e-05	1.4739055540237184e-06	1.301558390325733e-09	0.0	0.0	0.0	0.0	0.0	0.0	0.0	0.0	0.0	0.0	0.0	0.0	0.0	0.0	0.0	0.0	0.0	0.0	0.0	0.0	0.0	0.0	0.0	0.0	0.0	0.0	0.0	0.0	0.0	0.0	0.0	0.0	0.0	0.0	0.0	0.0	0.0	0.0	0.0	0.0	0.0	0.0	0.0	0.0	0.0
6258.870709657007	10.445555426049395	109.10962815866996	39173462.560202405	13003.402341827632	3.1103563684155238	9.674316738543002	169088472.46344835	6111.296824536293	4.250564674925954	37347948.87758737	18.06730005572838	7424.306764044156	7991.447669244581	1.041553	29.773615	0.0285437708491421	0.0170909802512825	0.0216769745	0.0188186735	-0.0676803854	0.0287508622	-0.0751891983	0.0146726441	0.0225145958	-0.0239406854	0.0152833845	-0.0784985228	-0.0501045578	0.0612893625	-0.0154780756	0.0193630452	0.0060179544	-0.0140182891	-0.0642062986	-0.0208877105	-0.0445760935	0.0840103081	-0.0787872084	-0.0372723726	-0.071409064	0.0764481957	-0.0204247343	0.0321012666	0.0797587299	0.0878983819	-0.122254617	0.078893348	0.0380538946	0.0193386117	0.0636031128	-0.1650006272	-0.0901597941	-0.1072752775	-0.0084671316	-0.1682680868	-0.0821037701	-0.0084490085	-0.0323722426	0.0135668884	0.0336411781	0.036334051	-0.0434006761	-0.0648573576	-0.0565988567	0.0756598007	-0.0094243982	-0.1356658187	0.011696295	-0.0264631019	-0.07501006	0.0704026278	0.0485519909	-0.0337214238	-0.0103395411	-0.1752104963	-0.0634290574	-0.0766086779	-0.0645349616	0.0475533504	-0.1756467342	-0.0187724294	0.0569820611	0.0054539019	-0.0699778784	-0.0281248286	-0.0913126641	0.0135388048	0.034077715	0.0649106717	-0.0188250484	0.0172247905	0.023462307	-0.0039657993	-0.019009577	-0.0411287326	-0.0649150083	-0.0900531829	-0.0565086266	0.0760466671	0.0078372299	0.0551112886	-0.0394385817	-0.0614164622	0.0342010537	0.0570984115	0.0106424522	0.0408543148	-0.020103817	0.1452701764	0.0125840823	-0.0671499632	-0.0218939789	-0.0357138887	0.0404866278	0.0868335772	0.0414161019	0.0892861412	0.0784578449	0.0630697128	0.0885679902	0.0643305498	-0.0459706502	0.0142079893	-0.1015924308	-0.2038086435	-0.0548123506	-0.0425418289	-0.06973861	0.05283039	0.0308396268	-0.1149531329	-0.0337341113	-0.0793715484	-0.0386485917	0.0761499278	0.021392143	-0.0178549774	0.0664092545	0.0520029624	-0.0604786408	0.0400648163	0.0242257941	0.0010903102	0.0079902408	0.0184596636	-0.0446280512	0.0265883111	-0.0194014324	0.010416772	0.0651735311	-0.0042652169	0.1155013587	-0.0011046963	0.0644636471	0.0501148827	-0.005406579	-0.0507720456	0.0086998571	-0.0284938491	0.0626885265	-0.0465243522	-0.0486890386	-0.0104370534	0.0547588175	-0.0835572642	0.057020034	-0.0188504498	-0.0231647145	0.0604541685	-0.0854106889	0.0929430287	-0.0815145553	0.0534567308	0.0234136771429547	-0.0061698830491821	0.0005482002773545	3.8067456840584615e-05	0.0296535449532342	0.0008536639710144	7.287421754080775e-07	0.0008793327282934	-0.1903532461778851	0.0004907341771556	2.408200326286814e-07	0.0362343583304585	-0.003910082789858	-0.0002242429248305	5.028488933658195e-08	1.5288747423543718e-05	0.0030219942081257	1.721624261529983e-05	9.132448993945276e-06	2.96399009788866e-10	0.0010349144946687	-0.0001791306255898	1.0710480112753706e-06	3.208778102422893e-08	0.0	0.0	0.0	0.0	0.0	0.0	0.0	0.0	0.0	0.0	0.0	0.0	0.0	0.0	0.0	0.0	0.0	0.0	0.0	0.0	0.0	0.0	0.0	0.0	0.0	0.0	0.0	0.0	0.0	0.0	0.0	0.0	0.0	0.0	0.0	0.0	0.0	0.0	0.0	0.0	0.0	0.0	0.0	0.0	0.0
6256.810698782467	-2.0600108745402395	4.243644803224043	39147680.12039874	12979.471484567235	-23.93085726039681	572.6859292174865	168466680.01869398	6109.587854522506	-1.7089700137867112	37327063.752128914	2.920578508022152	7418.134599962526	7892.841490714781	1.093472	31.257744	0.1055537703189777	0.0475824127566722	0.0412727521	0.0333345814	0.083808369	0.0386227145	0.0143614121	0.0040942135	0.0185114957	0.0621183016	0.0607802976	-0.0164326693	-0.0604194789	-0.0587052828	-0.015396851	0.0235101103	0.0092864745	-0.0370715792	0.0281337506	-0.0421252169	0.0919517772	0.0398640286	0.0281114231	0.0084162058	-0.0617839707	0.1034238327	-0.0005692748	-0.0458048167	-0.0041089363	-0.0411931849	-0.0810210663	0.0227942444	-0.0194760713	0.0745803169	0.1346749874	0.072203331	0.0955317149	0.0135475136	-0.0941899035	0.021074502	-0.0211230857	-0.0071896197	0.0379764074	0.0211847066	-0.014542784	0.0454502659	-0.0156962649	-0.0587113864	-0.0696439353	0.0524889046	0.0484087002	0.0113916748	-0.0972476363	0.0483737401	0.0521244721	0.1271726468	-0.0630858471	0.0081855859	0.0564071097	-0.0369913207	-0.0147407031	-0.0026715764	0.0052995504	-0.0114009337	-0.0866701068	0.0229238373	0.0481818094	-0.0305579291	0.0501581064	0.000628517	0.0894778189	0.0539320596	-0.0357774938	0.0332704575	0.0821547371	-0.1427794024	0.0112997118	-0.0356117076	0.0318142562	-0.0008460661	-0.023260954	-0.0458450843	0.0722118238	-0.0518540875	0.0225060309	0.0847600012	0.018665044	-0.0239867765	-0.005593788	0.0165110351	-0.0747685618	0.0401566079	-0.0505997572	-0.0055969383	0.0047149089	-0.0034824733	-0.0043964234	-0.089204124	-0.0274169271	-0.0085368316	0.0662851319	0.0170542822	-0.0835816219	0.0686557611	0.0192305495	-0.1425576089	0.0556406788	-0.092476723	-0.0074155251	-0.0493295099	-0.0569791435	0.0808804636	-0.0433244378	0.0255125532	0.0161890095	0.0529626301	0.1118416519	-0.0887633403	0.0197556738	0.0585651801	0.0044126506	-0.0768356647	0.0258063041	0.0251813096	0.0367239745	0.050252668	0.0166088281	-0.0019891117	-0.0176546637	0.0651024066	-0.0250764459	0.0286612888	0.0663869929	-0.0106178652	-0.0331362758	0.0086947334	0.0939062591	0.0160235431	-0.0678179305	0.0179718049	0.0348117096	-0.0628363607	0.0235238799	-0.0109939656	0.0507748922	-0.0111511414	0.0042206089	-0.0131227374	0.048410779	-0.0841063205	0.058998719	-0.022551377	-0.0182304111	0.0555082565	-0.0821172393	0.0929430287	-0.0859048739	0.0623555305	-0.0012842814866331	-0.0246979586295878	1.6493789369085255e-06	0.0006099891604688	0.0569283945340117	0.0272748495807775	0.000743917419654	0.00324084210422	-0.1669154198152327	0.0234378263626524	0.0005493317046058	0.0278607573720953	-0.0040500148681205	-0.0001399320782625	1.958098652686253e-08	1.6402620431997112e-05	0.0033240996194632	0.0003021054113375	1.104963828011539e-05	9.126767955940013e-08	0.0011957397199879	0.0001608252253192	1.4297934779567413e-06	2.5864753098971453e-08	0.0	0.0	0.0	0.0	0.0	0.0	0.0	0.0	0.0	0.0	0.0	0.0	0.0	0.0	0.0	0.0	0.0	0.0	0.0	0.0	0.0	0.0	0.0	0.0	0.0	0.0	0.0	0.0	0.0	0.0	0.0	0.0	0.0	0.0	0.0	0.0	0.0	0.0	0.0	0.0	0.0	0.0	0.0	0.0	0.0
6258.272028363663	1.4613295811959688	2.1354841448783857	39165968.78099904	13003.727616918368	24.25613235113269	588.359956635666	169096931.93500546	6122.556034861047	12.96818033854106	37485692.400013424	168.17370129292294	7430.916866009346	7979.67088342482	1.085945	31.042595	0.0896671348285313	0.061151547656563	0.0646417247	0.0450954296	0.009899855	-0.0299377265	-0.0173767722	0.018485464	0.0584718224	0.0319701612	-0.0053045623	-0.050313971	0.0121798885	-0.0217376849	-0.0642086054	0.0349063238	-0.0285228314	0.0135196155	0.0122167902	0.0077383294	0.0037423928	-0.0545176494	0.0635691268	-0.0681575891	0.0006707982	-0.1237495539	0.0140993277	-0.0621217502	-0.0108567733	0.0263636609	-0.0834611166	0.0075885165	-0.0729695019	-0.059220102	0.0922583326	-0.0450807467	0.0344738662	0.0080522241	-0.1320257345	-0.1256187078	-0.0769851818	-0.0123571747	0.0647765825	0.0790951371	0.0269404099	0.0235671667	-0.049224279	-0.0292305047	-0.099219847	-0.0333355235	0.0317435881	0.0557578985	0.0638576614	-0.0543996293	0.1425458125	0.0446282893	0.0818973562	0.0688377766	-0.0245723861	-0.0298215622	-0.0207402093	0.0533395573	0.0436903272	0.0148743947	0.0524525597	-0.0939589045	0.0528229057	0.156699794	-0.077401209	0.0255871544	0.0543953824	-0.0886820082	-0.0348906705	0.0133367283	0.0485853263	0.0904733446	0.0522220409	-0.0462291138	0.0408430382	-0.0203413125	-0.004297664	0.0219654785	0.0063618028	-0.0361461592	-0.050365358	-0.058772203	-0.0395665953	0.0495379371	0.0062604692	-0.0029216494	0.0138802866	0.027773934	-0.0125162531	0.0196852692	-0.0276914725	-0.0371742146	-0.0614328316	-0.0496732509	-0.0363573208	-0.0070537434	-0.0748659941	0.0240326434	-0.0226352565	-0.014972821	0.1100834451	-0.0363165679	-0.0405768973	-0.0709456838	0.0564514265	-0.0602200241	-0.0083258087	-0.0632328296	0.0222444319	-0.0134248949	0.0666238898	0.0154353487	-0.0450693406	-0.0186971147	-0.0488925915	0.0498677419	0.0446031444	0.0359232999	0.1614866666	0.0267519458	0.1357569211	0.0648178964	0.0406700441	0.0060144964	0.0123292563	0.0020261591	-0.0005232336	-0.022716483	0.0528401801	-0.0990365672	0.0147271022	-0.0002109381	0.0018523568	0.0393396612	0.0458145056	-0.0272322138	0.0341586187	-0.0401530896	0.0322429771	0.0172191316	0.0172364959	-0.0190193664	0.0186356639	-0.0370279636	0.0219474733	-0.0846398209	0.0609337573	-0.0262147696	-0.013242171	0.0503057744	-0.0782773129	0.0921013223	-0.0892793062	0.0703213046	-0.01843833529459	-0.0171540538079569	0.0003399722084357	0.0002942615620462	0.0005115243336746	-0.0564168702003371	0.0031828632432016	2.616571439412435e-07	-0.1666079970807104	0.0003074227345223	9.450873770117206e-08	0.027758224691246	-0.0041042970673726	-5.428219925210018e-05	2.946557155644705e-09	1.6845254417243328e-05	0.0034268930255167	0.0001027934060535	1.1743595808335004e-05	1.0566484328079768e-08	0.0010370395635792	-0.0001587001564086	1.0754510564285375e-06	2.5185739644145816e-08	0.0	0.0	0.0	0.0	0.0	0.0	0.0	0.0	0.0	0.0	0.0	0.0	0.0	0.0	0.0	0.0	0.0	0.0	0.0	0.0	0.0	0.0	0.0	0.0	0.0	0.0	0.0	0.0	0.0	0.0	0.0	0.0	0.0	0.0	0.0	0.0	0.0	0.0	0.0	0.0	0.0	0.0	0.0	0.0	0.0
6234.124668810159	-24.14735955350352	583.0949734061777	38864310.38626738	13016.616382989358	12.888766070989732	166.1202908326961	169432302.06190693	6101.085883047066	-21.47015181398092	37223248.9523162	460.9674189153882	7431.507367381733	7856.48323083693	1.542153	44.083649	0.3193251829019295	0.2234866167569971	-0.0664752853	0.0033865896	-0.0614015993	-0.0150160469	0.0555606931	-0.0325785826	-0.0049418329	-0.1306689552	-0.1343317041	-0.0004479357	0.0833483239	0.0237460229	0.0556484807	-0.0541227732	0.0429057958	0.0187600282	0.0345613688	0.0230578044	0.0706368125	0.1731333561	0.048446462	0.0363668102	0.0708925921	0.0302864578	-0.1127481718	-0.0131686077	-0.1675136675	0.1794604422	0.0875144545	0.1194780202	-0.0399693758	0.0600443771	-0.0646694628	-0.0504326718	0.0661587329	0.006556096	0.0516929867	0.0184988827	-0.0758169863	0.094050124	0.0224006477	0.0436950929	-0.0326128504	-0.0465030118	-0.0598495737	-0.0320185217	0.0717533084	-0.0157988325	0.0871063875	-0.0474392848	0.0047066547	-0.013119799	-0.0010158633	0.0610793874	-0.0097193718	-0.0365665526	-0.0127561287	0.0331512529	-0.0052799263	0.0812885958	-0.0298575321	-0.0672977956	-0.0012318268	-0.0396949911	-0.0874008182	-0.0938367607	0.0156221368	0.0893433031	-0.0016505159	-0.0585068843	0.0196154853	0.1123897859	0.0317752083	0.0311901148	-0.0500782498	0.0573241928	-0.0636398892	-0.0538575408	0.0830997106	-0.0607357261	-0.0905287483	-0.0803523307	0.0669997453	0.0658998506	0.0987243337	-0.0088733782	-0.044815437	-0.2773114529	0.023120472	0.0165730995	-0.0398682026	-0.0613270131	-0.1083617328	-0.1464703669	0.032827488	0.0489454297	0.0788126714	-0.0476331808	0.041693448	0.0482721258	0.0365854747	0.0751019993	-0.0205952195	-0.0237113604	-0.0363117306	-0.0192360946	-0.0325988611	-0.0125764045	-0.0240274262	0.0336469718	-0.0768468018	0.1287476508	-0.146295168	0.0459692346	0.081809621	0.0300806791	-0.0666505563	-0.0100758429	0.089920847	0.0084743908	-0.0092723498	-0.0336373106	0.065812809	-0.0332427967	-0.0604423132	-0.0079168725	-0.0199319147	0.0526950237	-0.0226789687	0.0347466287	-0.111205551	-0.021394881	0.0031375452	-0.1184093355	-0.0509239281	0.0033314983	-0.0755387592	0.0207722024	0.1753165665	-0.0602476768	-0.0021884376	0.0012270439	0.0508485569	0.0216320997	-0.0802829569	0.0013823895	-0.0430636932	-0.0851576666	0.0628237173	-0.0298345303	-0.0082147524	0.0448707692	-0.073916464	0.090425532	-0.0915979471	0.0772348614	-0.0048696505581062	0.0135686847364837	2.3713496558064023e-05	0.000184109205478	-0.006369458290635	-0.0068809826243096	4.734792187605064e-05	4.056999891613894e-05	-0.3564743241401515	-0.1898663270594411	0.0360492221510426	0.1270739437711778	-0.0025119365485239	0.0015923605188487	2.535612021988102e-06	6.309825223810164e-06	0.0032811589306214	-0.0001457340948953	1.076600392799657e-05	2.123842641495236e-08	0.0014791287194691	0.0004420891558899	2.1878217687583e-06	1.954428217554444e-07	0.0	0.0	0.0	0.0	0.0	0.0	0.0	0.0	0.0	0.0	0.0	0.0	0.0	0.0	0.0	0.0	0.0	0.0	0.0	0.0	0.0	0.0	0.0	0.0	0.0	0.0	0.0	0.0	0.0	0.0	0.0	0.0	0.0	0.0	0.0	0.0	0.0	0.0	0.0	1.0	0.0	0.0	0.0	0.0	0.0
6273.794393707907	39.66972489774798	1573.6870734630063	39360496.09452076	12943.277286078986	-73.33909691037115	5378.623135628812	167528426.90432823	6101.743850009893	0.6579669628272313	37231278.01113356	0.4329205241720912	7409.060827127837	7886.107644481043	1.507166	43.083519	0.2446158185368186	0.1183011424579807	-0.0837951593	-0.0554690226	-0.0533264063	0.0805052118	0.1356046674	-0.0235291786	-0.030101909	-0.0836356924	0.0283911603	0.1778470707	-0.0836006794	-0.1122035545	0.0675755366	-0.1084036522	0.0352211391	-0.0491915564	-0.0400177679	0.0971654482	-0.0559100694	0.0447888863	-0.1648609095	0.0250553709	0.1506431175	-0.0017515595	-0.0650537917	-0.0771643603	-0.1043796686	0.065548314	0.0366480009	0.0094668755	0.0389553983	-0.049317781	-0.0308694333	-0.1227138144	0.0979450197	0.1506462655	-0.002340023	-0.0176545698	-0.0038140743	-0.0080531402	0.00045	-0.0698907423	0.1143946839	0.0834319698	-0.0512777092	0.0338414466	-0.0683186963	-0.0679477677	-0.025199973	0.0336123257	-0.0213709466	0.0470821905	-0.0060252101	-0.0101118407	-0.1069930531	-0.0876843438	0.0074274873	0.067628925	0.0102440664	-0.0462291711	0.0331978776	0.0195444323	0.0145332267	0.0160982929	-0.207870702	0.0642843058	0.0386601216	-0.0328163095	0.1030710738	0.0109644579	-0.0729084887	-0.0394556325	-0.0385838764	0.0329975833	-0.0466026069	0.0783859333	-0.0885177462	0.1147888217	-0.0039898608	-0.0589120333	0.0773052523	0.1496395381	0.0234836543	-0.0607326571	0.0942194412	-0.0771869986	-0.044117496	-0.1559853068	0.1374383018	-0.0685829256	0.0726118186	-0.1134546415	-0.1547377777	-0.078053801	0.0021059304	0.0011510694	0.0754569127	-0.0442323432	-0.1550639004	0.0505716102	-0.0911860674	-0.0400394577	-0.0306190958	-0.0829091555	-0.0659185247	0.0294103636	0.0056941438	0.0845624737	0.0356765492	0.0470817772	0.1482670311	-0.0039885408	0.0729321221	0.0205989423	-0.0140471963	-0.0724183041	0.1905034892	-0.0867757476	0.1077283016	0.0266401698	-0.0113525759	-0.0472224229	-0.0229737871	-0.1082918343	-0.1184036983	-0.0008175869	-0.0277801622	-0.0225011491	0.1215315231	0.0058903614	-0.0193698263	0.1729835637	0.0550518104	-0.2011097727	-0.0033899757	0.051389774	-0.2176759608	-0.0902792364	0.0682973059	0.1070183026	0.0485536509	-0.1221004405	0.0609893405	-0.0345774193	-0.0741181326	0.0656911212	-0.0787408843	-0.0856597619	0.064667201	-0.0334046344	-0.0031630294	0.0392283624	-0.0690637132	0.0879308341	-0.092833377	0.0829927534	-0.0240371257920344	-0.0191674752339282	0.000577783416342	0.0003673921068432	-0.058337784605797	-0.051968326315162	0.0027007069399991	0.0034032971127123	-0.4259686484048899	-0.0694943242647384	0.0048294611050126	0.1814492894238887	-0.0022580668607501	0.0002538696877738	6.444981837036673e-08	5.098865947617812e-06	0.0030060949504098	-0.0002750639802116	9.036606850879296e-06	7.566019320984754e-08	0.0030299089059435	0.0015507801864743	9.180347978315737e-06	2.404919186761574e-06	0.0	0.0	0.0	0.0	0.0	0.0	0.0	0.0	0.0	0.0	0.0	0.0	0.0	0.0	0.0	0.0	0.0	0.0	0.0	0.0	0.0	0.0	0.0	0.0	0.0	0.0	0.0	0.0	0.0	0.0	0.0	0.0	0.0	0.0	0.0	0.0	0.0	0.0	0.0	0.0	1.0	0.0	0.0	0.0	0.0
6286.2583849397615	12.46399123185438	155.35107742774284	39517044.482225455	13012.37080251138	69.09351643239279	4773.914012993332	169321793.90205064	6132.861326130387	31.117476120493848	37611988.04554577	968.2973201095048	7432.67503521707	8034.496484793386	1.788994	51.13979	0.4875775184496274	0.2628157886716746	0.0543628957	-0.0181269432	0.0478765386	-0.0221334153	-0.0347334025	0.0288989705	0.0113893435	0.0453656081	0.0043978656	-0.0729969491	-0.0336863173	-0.010244336	-0.0991508822	0.0015565192	-0.0127297096	0.052943788	-0.0214002782	-0.1021564275	0.0839253377	0.0510564078	-0.0977943223	0.0328006928	0.0670557147	-0.0410548604	0.0159897862	-0.086262262	-0.0357285452	-0.0291210943	0.1055623983	-0.1089746098	-0.0836621695	-0.0130071649	0.069095514	0.0276458266	0.0980644192	0.0305615461	-0.0349519712	-0.0496707299	-0.0243598178	-0.0116052477	-0.0387944278	-0.0586948631	-0.1720932765	-0.1869487511	-0.0292193465	0.0405668268	-0.0487914272	0.0605452998	0.0619934324	0.0289340081	0.0465303437	0.0864026046	0.0400945701	0.0520744427	-0.0058004928	-0.0159417985	-0.0573878165	-0.0886394624	-0.082820033	-0.0442813398	-0.0219635071	0.0843629939	0.0050898505	0.0622328698	0.0419985258	0.0091585432	0.0045579395	-0.0949704651	0.04406259	0.0386718745	0.0599366292	-0.1478276373	-0.0226615461	0.0873807608	0.059814425	0.0016714469	0.0546834886	-0.078745957	-0.0289391909	-0.0221619652	0.048318638	0.0248578693	0.0615309493	-0.035125993	-0.0542798102	0.0740010926	-0.1111283436	0.0352269872	-0.013266018	-0.023834626	-0.01850153	-0.0765915059	-0.1218127196	0.0077371574	0.0277012434	-0.1297170336	-0.0623926697	-0.1113067004	-0.1001914857	-0.0856949913	0.0610614703	-0.0204992351	-0.0445185472	0.0210498506	0.0905984321	-0.061557138	-0.0043233123	0.0168247241	-0.0398994256	-0.0263004725	-0.0828886924	-0.091205396	-0.0745495326	-0.0040223894	-0.0079676667	-0.043424061	0.0310171242	0.235888287	-0.0830906356	0.0213707129	0.0062993454	-0.0734224354	-0.0700988234	0.0321297329	0.0412963972	-0.01421811	-0.0309837749	0.0079556279	0.0458941973	0.0355673916	0.0725258165	0.0688403894	0.0161429566	-0.0526044543	0.0359017949	0.0064585596	0.0687946511	-0.0180438717	0.0506887715	0.1032042308	0.0419844233	-0.0692414809	-0.0176756025	0.0354206005	0.0895099258	0.0424536219	0.0585607086	-0.0861460138	0.0664628444	-0.0369191397	0.0018980517	0.0334046344	-0.0637513548	0.0846398209	-0.0929709861	0.0875088252	-0.0732927581578763	-0.0492556323658418	0.0053718283983889	0.0024261173197589	0.028052319797851	0.086390104403648	0.0074632501388732	0.0007869326460409	-0.2227597536638725	0.2032088947410174	0.0412938549018658	0.0496219078523891	-0.0042206808732756	-0.0019626140125255	3.851853762161445e-06	1.7814147034034483e-05	0.0025407797483374	-0.0004653152020724	6.455561729561461e-06	2.165182372796785e-07	0.002483380381759	-0.0005465285241844	6.167178120505477e-06	2.9869342774728733e-07	0.0	0.0	0.0	0.0	0.0	0.0	0.0	0.0	0.0	0.0	0.0	0.0	0.0	0.0	0.0	0.0	0.0	0.0	0.0	0.0	0.0	0.0	0.0	0.0	0.0	0.0	0.0	0.0	0.0	0.0	0.0	0.0	0.0	0.0	0.0	0.0	0.0	0.0	0.0	0.0	0.0	1.0	0.0	0.0	0.0
6261.221994048361	-25.036390891400515	626.8208688670027	39202900.85875493	13010.565804549087	-1.804997962291964	3.2580176438781407	169274822.55450204	6111.942522435406	-20.91880369498085	37355841.39755408	437.59634802914456	7433.982394530269	7975.36376564272	1.341853	38.357918	0.2678676035934689	0.1357972215761155	-0.0354690578	-0.0318683697	0.008253687	-0.0267956961	-0.0096538957	-0.029309382	-0.0447096582	0.03027221	-0.0600662331	0.0043308586	-0.0154831365	-0.0222404283	-0.0098740525	-0.0479036503	-0.0656849785	0.0595977437	0.0311832564	0.023453936	0.0959930399	0.026117944	0.0060615174	0.0208732381	0.1380914469	0.0236064132	-0.1039358046	0.0021283985	0.0888184188	0.0107953274	0.0108445003	0.0113539206	-0.0717441268	0.16308847	-0.0596236403	0.034487043	0.0776557785	0.0636699887	-0.0333819097	0.0380314981	0.0055535409	0.0811217705	-0.0450465377	0.0545611593	0.1193674775	-0.0615015975	0.0743127633	-0.0218399487	0.0116171364	-0.0468532558	0.0315687054	0.1333340608	0.0285795331	0.0839393622	0.0750165742	-0.0381590875	-0.0922139955	0.0016553339	0.0041608288	0.0560968372	0.0806954826	-0.074656559	0.0311517502	0.0313125451	-0.0185626917	-0.0920703089	-0.0004314381	0.0904283549	0.0280050211	-0.0387301947	-0.0057732774	-0.1015188295	0.0283392811	0.0739578806	0.0125818328	-0.1026866016	-0.0260943927	0.0263435428	0.063386769	-0.0207755643	0.0640185573	0.0184593198	-0.019045672	0.036707055	-0.010726062	0.0182283158	0.0549032107	-0.030206957	-0.1210027134	-0.0784333829	0.0001390594	-0.0239924009	0.0892108579	-0.0110948075	-0.081639832	0.0344914689	-0.1302469076	-0.0277559003	0.0212739802	-0.0001344716	-0.0356430322	-0.0651611357	-0.029972522	0.0621394995	-0.0440962748	-0.0685014662	0.0683177995	-0.0363555712	0.0732952696	0.0799286325	0.0636206067	0.0886531322	0.0466038958	0.0496101361	-0.1226457221	0.0446914762	0.0152803139	0.1352805624	0.0903210297	-0.0490674614	-0.0208372445	0.0454948822	-0.0011213363	0.0102364066	0.0242353234	-0.019827073	-0.0253241776	-0.0349551152	-0.0421170834	-0.0150888275	0.1026467333	0.0253509398	-0.0196127174	0.0621605959	-0.0066431934	-0.056042905	-0.0239210523	0.0395868701	-0.0023642905	0.0224267261	0.0096377426	0.0737456889	-0.0123847524	0.000650144	-0.0020984568	0.0041107683	-0.0119527889	0.0050868618	0.004568625	-0.0866163325	0.0682093192	-0.0403721968	0.0069535172	0.0274265036	-0.0580147416	0.0805822964	-0.0920091471	0.0907155029	-0.056009905475264	0.0172828526826122	0.003137109511348	0.0002986969968488	-0.0425822629698728	-0.0706345827677238	0.0049892442827704	0.0018132491196354	-0.2691135749563003	-0.0463538212924277	0.0021486767484103	0.0724221162257602	-0.002260124279156	0.0019605565941196	3.843782158745848e-06	5.108161757230429e-06	0.0028707764354474	0.00032999668711	8.241357342320081e-06	1.0889781350357548e-07	0.0028647540375435	0.0003813736557845	8.206815695621786e-06	1.454458653264343e-07	0.0	0.0	0.0	0.0	0.0	0.0	0.0	0.0	0.0	0.0	0.0	0.0	0.0	0.0	0.0	0.0	0.0	0.0	0.0	0.0	0.0	0.0	0.0	0.0	0.0	0.0	0.0	0.0	0.0	0.0	0.0	0.0	0.0	0.0	0.0	0.0	0.0	0.0	0.0	0.0	0.0	0.0	0.0	0.0	0.0
6259.555004410267	-1.6669896380935825	2.7788544535113733	39182028.85323762	12974.230461060532	-36.335343488555736	1320.2571864313295	168330656.05671096	6112.568108053769	0.6255856183624928	37363488.87559603	0.3913573659019825	7423.021017859175	7982.243827819824	1.048854	29.982315	0.1086839358302977	0.0553819291526708	-0.0118702165	-0.0121448504	0.0716833504	-0.037258291	0.0052880495	-0.0278906111	-0.0224231688	0.0451230623	-0.0044469548	-0.014584655	-0.0343617867	-0.0042184155	-0.0129538184	-0.0215459367	-0.0205215135	0.0513216345	-0.0205451617	0.0758408754	0.0097481272	0.0019667825	-0.0503845888	-0.0294731263	0.0141343901	0.0158075317	-0.0311482889	-0.0993419897	-0.0242766677	0.0492955402	0.0521077293	0.0575110193	-0.0596470498	-0.086306514	-0.0430423278	0.0255904943	0.0383889611	0.0044974025	0.0178482227	0.0049431135	-0.0080500918	-0.1298427605	0.0333535302	-0.0337832705	0.1155543511	0.1311556819	-0.0144615778	-0.0476837725	-0.0779773387	0.0002988351	-0.0894868422	-0.0315618596	0.0700027012	-0.0818097846	-0.0743523362	-0.161824579	-0.0296029508	0.0255820592	-0.0076031367	0.0554586348	0.0119748271	-0.0339261391	0.0296525883	0.0484053373	0.0487980698	0.0051224073	0.0107505884	0.0669526878	-0.0580681087	0.0655601917	0.0521082839	0.0665059247	0.047163557	0.1278246922	0.0376513415	0.0005692184	-0.0197131672	0.0184972062	0.0667847404	-0.0196265065	0.000504187	-0.0302787778	0.0237902057	-0.0039878444	-0.0141823095	0.0447728445	0.0808206678	-0.0505158722	-0.0278496188	0.0115313005	0.0929046573	0.0024629122	0.0929292857	-0.0980289864	-0.0438093674	0.020279153	-0.0492748051	-0.0151137708	0.0533351195	-0.0190569214	-0.0794734632	0.0717839429	0.0300315266	0.0063789583	-0.0211962411	-0.0442479475	-0.010060169	-0.0225113417	-0.0530902288	0.0407514145	0.0984165352	-0.0415828681	0.0332508832	-0.1597802469	0.0465041073	0.0040525143	-0.0404506462	0.0098619656	-0.0017632771	-0.0993472916	0.0097734482	-0.0909083463	-0.0179917349	0.0722698134	0.0304896725	0.0049251354	0.0115066027	-0.0266316788	-0.0363445922	0.0067549047	0.0790844129	0.0608862089	-0.0088558309	0.0645718873	-0.0570865606	-0.0173941283	-0.0184132375	0.0122166185	-0.0134018718	-0.0064957733	0.0163461197	-0.0407299739	-0.0159507079	0.0258918063	-0.024818047	0.0598061323	0.0701544624	0.0275168786	0.0082086536	-0.087070631	0.0699053334	-0.0437580584	0.0119884099	0.0213216021	-0.0518920499	0.0757950062	-0.0899592343	0.0925648049	-0.0575733404876928	-0.0015634350124288	0.0033146895349118	2.4443290380882512e-06	-0.0198359098348817	0.0227463531349911	0.0005173965809417	0.0003934633189775	-0.2587904853600875	0.0103230895962128	0.0001065661788114	0.0669725153129096	-0.0031024209710726	-0.0008422966919166	7.09463717213648e-07	9.625015881751055e-06	0.0033068892770744	0.0004361128416269	1.0935516690829646e-05	1.901944106319765e-07	0.0026621424093538	-0.0002026116281897	7.087002207680056e-06	4.105147187768124e-08	0.0	0.0	0.0	0.0	0.0	0.0	0.0	0.0	0.0	0.0	0.0	0.0	0.0	0.0	0.0	0.0	0.0	0.0	0.0	0.0	0.0	0.0	0.0	0.0	0.0	0.0	0.0	0.0	0.0	0.0	0.0	0.0	0.0	0.0	0.0	0.0	0.0	0.0	0.0	0.0	0.0	0.0	0.0	0.0	0.0
6227.2684039982405	-32.28660041202693	1042.4245661658974	38778871.77543479	12963.737488754152	-10.49297230637967	110.10246782245068	168058489.6773298	6097.59122242647	-14.976885627298543	37180618.71581233	224.30710309318167	7414.76299782125	7992.809593594458	1.031888	29.497316	0.1669329044857405	0.1014079514811547	-0.0056033221	0.0419140927	0.0968064621	-0.1100641444	0.0011865319	-0.0652723514	0.0091099538	0.0755233956	-0.0728350978	-0.003031786	-0.0241426758	-0.129943236	0.0326187114	0.0530777252	-0.0125819013	0.0327244181	-0.0285631858	0.0058507549	0.0617970691	-0.0784640982	-0.0161120419	0.0631148895	0.102161324	-0.0741112583	-0.0750293705	-0.1642468116	-0.0692332402	-0.0962875786	-0.0372112345	-0.0085155332	-0.0123474536	-0.0106254495	0.0002915143	0.0688468059	-0.0187749675	-0.0435016389	0.0035017371	-0.0298505753	0.0041762255	0.0597462952	-0.0221903894	-0.0014988827	-0.1464490106	0.0013209646	-0.0608834963	-0.0638956136	-0.0267646879	-0.0657427242	-0.0109982086	-0.0524396525	-0.0241633935	0.0525362984	-0.1061396631	-0.1366909831	0.0651484244	-0.018458901	0.0091311956	0.0697290804	-0.0003419737	0.0662473788	0.0735926094	0.0614755809	-0.0183941935	0.0248776185	0.0595437393	-0.001407592	-0.0088347526	0.030670963	-0.0377341049	0.0622441418	0.1595239006	-0.0681018991	0.0046312166	-0.0414907697	-0.0553421874	-0.0792594167	0.055303644	-0.0179608408	0.0319357097	-0.0347729111	0.0914559924	-0.0228775015	-0.0255769933	-0.074373176	0.0948252236	0.0045677522	-0.027721573	-0.0825566589	-0.0418672707	-0.063295128	-0.0059543551	-0.1237107563	-0.0119271448	0.0218853156	0.06570748	-0.1266135454	-0.1025243797	0.0056332279	-0.0009392172	-0.0081781654	0.0759540739	-0.045609147	-0.0103177146	0.0316976897	0.0212617947	-0.1095315745	-0.084527936	-0.0245938582	0.0447060495	-0.0013252689	0.0292078813	-0.0579808995	-0.0286964836	0.0698202109	-0.0305198796	-0.0303897455	-0.0678946552	0.0086593612	0.0096768074	-0.0320644912	-0.0077364705	-0.0236586268	0.0354948377	0.017889148	0.0171272112	-0.0186507424	-0.0083608234	0.0349861594	0.114118974	-0.0124645156	0.0544388373	0.0367016151	-0.0140873518	0.0200756878	-0.0723229621	0.0202137065	-0.100460158	-0.027567428	0.012120508	-0.035726963	0.0135455961	-0.0230221374	-0.0300285164	0.0102614055	0.0947347161	0.0254138403	-0.0262769628	-0.0875088252	0.0715496322	-0.047071089	0.0169878336	0.0151181479	-0.0454240252	0.0703213046	-0.0868454896	0.0930290603	-0.0586181910055216	-0.0010448505178287	0.0034360923167598	1.0917126046070982e-06	-0.0097914177273423	0.0100444921075394	0.0001008918216984	9.587186111131304e-05	-0.1913731391441402	0.0674173462159472	0.0045450985708009	0.0366236783858824	-0.0042818825150731	-0.0011794615440005	1.3911295337760435e-06	1.8334517872888735e-05	0.0035200275929767	0.0002131383159023	1.239059425531734e-05	4.5427941705668746e-08	0.0030380668623395	0.0003759244529856	9.229850260045374e-06	1.413191943525977e-07	0.0	0.0	0.0	0.0	0.0	0.0	0.0	0.0	0.0	0.0	0.0	0.0	0.0	0.0	0.0	0.0	0.0	0.0	0.0	0.0	0.0	0.0	0.0	0.0	0.0	0.0	0.0	0.0	0.0	0.0	0.0	0.0	0.0	0.0	0.0	0.0	0.0	0.0	0.0	0.0	0.0	0.0	0.0	0.0	0.0
6232.859998097891	5.591594099650138	31.265924575242234	38848543.75588884	12958.299281803642	-5.4382069505099935	29.574094836575203	167917520.2767928	6105.220640294692	7.629417868221935	37273719.066680335	58.20801700794414	7424.037235062665	7751.241058841829	1.291169	36.909069	0.0883364108550188	0.0380232429934393	0.0062441873	0.0701671238	-0.0826856373	0.0070672016	0.0007456175	-0.0042022847	0.0857960694	-0.0172236715	-0.0294649428	-0.0185691458	0.0786154599	-0.0093299118	-0.0041508066	0.0659807772	0.0097018974	-0.0152298873	-0.0440853013	0.0189935838	-0.0287047725	0.0056970311	-0.0361915685	-0.0047716215	0.0658066977	0.0326892624	-0.1379940514	0.0585317223	-0.0255440642	-0.0113666024	-0.0028512915	-0.0585456994	-0.0243401344	-0.0082842936	-0.0890517949	0.1499682247	0.0416843251	0.0236650841	-0.0396966499	0.0619452337	0.0379869419	-0.1284827422	-0.0928306988	-0.0262924526	0.0735716251	-0.0741513496	0.0203999071	0.0582963372	-0.0935756275	0.0456962836	-0.0144399026	-0.0399353618	-0.0388029901	0.0973220395	-0.1613886432	0.0012890752	0.0513828223	-0.0430120006	-0.0611779868	0.0602006893	-0.0166115467	0.0355577843	-0.0852079728	-0.0552047952	-0.0347154663	-0.0278056847	-0.0813582195	0.0412293139	-0.0144078038	0.0240661042	-0.0370270544	-0.0027395623	0.0164855025	0.0654931527	0.0548342213	-0.1054221461	0.0142097315	-0.06392415	-0.0323643838	-0.025149295	-0.0030762408	0.0337409195	-0.0239982781	0.082740296	0.0031322054	-0.0208585464	0.0619420657	-0.0513379514	-0.0422334217	-0.0522558635	0.0323573559	-0.1130419432	-0.017184918	0.0236828178	0.0309883175	-0.0181565428	-0.0491044295	0.0658898981	-0.0693615796	0.0007284402	0.0186807781	-0.0167469161	0.0239371958	-0.121745769	-0.0310476879	-0.0318091924	0.0695618045	-0.0133485921	0.0031459247	-0.0182432842	0.0463559288	-0.0565489391	0.0425982732	-0.1706047449	0.0306812968	0.0260704753	0.050807411	0.0195831753	0.0703058842	0.0203508146	-0.019331073	-0.0255861898	-0.0300066767	-0.048126291	0.0244759952	0.0338138135	0.023368105	-0.0314624314	0.0096815805	0.0258017383	0.1054422573	-0.0225066536	0.0203448863	0.0692651623	0.0862633303	-0.0013148198	-0.0649086386	-0.0453225838	0.0528389483	0.0387087394	-0.0043007416	-0.0141004291	-0.0669777266	-0.0325488769	-0.0469941115	-0.0220260666	0.0020831031	0.0339463906	-0.0920288852	-0.0879308341	0.0731409993	-0.0503057744	0.0219369967	0.0088448147	-0.038653711	0.0642107624	-0.0827047351	0.0921013223	-0.0465384902488352	0.0120797007566864	0.0021658310746409	0.000145919170371	-0.0208330657923028	-0.0110416480649605	0.0001219179919904	0.0004340166303064	-0.1712169610097333	0.0201561781344069	0.0004062715169859	0.0293152477374085	-0.0040226299692895	0.0002592525457836	6.72118824952778e-08	1.6181551869826045e-05	0.003266136437197	-0.0002538911557796	1.0667647226385914e-05	6.446071898315185e-08	0.0034261008387555	0.000388033976416	1.173816695732114e-05	1.5057036685321288e-07	0.0	0.0	0.0	0.0	0.0	0.0	0.0	0.0	0.0	0.0	0.0	0.0	0.0	0.0	0.0	0.0	0.0	0.0	0.0	0.0	0.0	0.0	0.0	0.0	0.0	0.0	0.0	0.0	0.0	0.0	0.0	0.0	0.0	0.0	0.0	0.0	0.0	0.0	0.0	0.0	0.0	0.0	0.0	0.0	0.0
6264.208615976086	31.348617878195	982.7358428730872	39240309.58446903	13009.72162297767	51.42234117402768	2644.2571718181025	169252856.70737273	6123.731335209865	18.51069491517319	37500085.4658312	342.64582624261857	7433.643724825681	7914.899466286936	1.021095	29.188787	0.0818695463028976	0.0417886070181226	0.0288530029	0.0149451831	-0.0435287908	0.0663301047	-0.0302038221	0.0262774862	0.0422812835	0.0217805992	0.0228763198	-0.0432077095	0.0117454734	0.0213007569	-0.0570470008	0.0150652039	-0.035583296	0.0474048975	-0.0315736488	-0.0117372788	-0.0200280212	-0.0052723493	-0.098899757	-0.0099494065	0.0046226144	0.10516932	-0.0431869499	0.1761912205	0.0841817268	-0.0527443894	0.0410335903	-0.0370643066	0.0473151889	-0.1082294683	-0.0565669646	-0.1165235333	-0.0379028091	0.0364175124	-0.0520299826	0.1001972882	-0.0675594549	-0.0454877384	-0.0221235817	-0.0551838073	-0.0671533252	0.0218105864	0.0129733109	0.0746750164	0.0159755352	0.1609182167	-0.0119051611	-0.0101372575	0.0023052907	0.0096049785	-0.0827299598	-0.0110643711	-0.0424564763	0.0223478757	-0.0167424193	-0.0776836227	-0.0007171331	-0.0187087061	-0.0428624527	-0.0325722151	0.0771026192	-0.0256181628	-0.1376848177	-0.0577903734	-0.147327982	0.0057789511	-0.0165779226	0.0384338835	0.0254574698	-0.0469622412	-0.0376793116	-0.0033634677	0.0443198233	-0.0160357772	0.0370502361	-0.0465944869	-0.0294324204	-0.0022881935	0.0091274917	0.1198855628	0.0532830336	0.0817488359	-0.0322715744	-0.0714735871	-0.0673981779	-0.0059160633	0.0135768337	-0.0730130383	-0.0310428761	0.1093432955	0.0846266728	0.0129375627	0.0810799123	0.0883706508	-0.0378310107	-0.0183256161	-0.0226826023	0.0252059574	0.0628854123	0.0393915603	0.0199683615	-0.0636500843	-0.092817485	0.1587551084	0.022097174	0.0492869893	0.0536850822	-0.0480366264	0.0017712757	-0.0132924204	-0.0196363265	-0.1176931119	0.0468861562	-0.0043436022	-0.0033373743	0.0197408305	-0.038928677	-0.0106584899	-0.0435737654	-0.0498419473	0.0174890492	0.0296627402	0.0247052028	-0.0285462741	-0.0274601288	0.0162028737	0.0932758077	0.0228336617	0.0266707711	0.1054183708	0.0605424844	0.001493558	0.0321837042	-0.0253000411	0.045874301	0.0730846611	-0.0247281462	0.0149927586	-0.0747215177	-0.0543558156	0.0120826275	-0.021899559	0.018976598	0.0229386172	-0.0934228013	-0.0883365796	0.0746782574	-0.0534567308	0.0268212567	0.0025305991	-0.0316261628	0.0575187176	-0.0775859381	0.0897954726	-0.0539867169220826	-0.0074482266732474	0.002914565604025	5.54760805760741e-05	-0.0043168956062089	0.0165161701860939	0.000272783877616	1.8635587674905708e-05	-0.1786825276479646	-0.0074655666382313	5.573468522987231e-05	0.0319274456866656	-0.0035138148033998	0.0005088151658897	2.5889287303936305e-07	1.2346894472591574e-05	0.0031581931870214	-0.0001079432501755	9.97418420654839e-06	1.165174525847216e-08	0.0030340675987143	-0.0003920332400412	9.20556619356796e-06	1.5369006129720113e-07	0.0	0.0	0.0	0.0	0.0	0.0	0.0	0.0	0.0	0.0	0.0	0.0	0.0	0.0	0.0	0.0	0.0	0.0	0.0	0.0	0.0	0.0	0.0	0.0	0.0	0.0	0.0	0.0	0.0	0.0	0.0	0.0	0.0	0.0	0.0	0.0	0.0	0.0	0.0	0.0	0.0	0.0	0.0	0.0	0.0
6251.211769135123	-12.996846840962462	168.91802780743592	39077648.58257347	13021.928742656555	12.207119678885649	149.01377085463722	169570628.17882493	6106.835025961882	-16.89630924798348	37293434.034314856	285.48526620349213	7415.880854102249	7967.246755366172	0.969522	27.714544	0.039976871880821	0.0242815686279607	0.0377110007	0.0193011298	0.0501265729	0.042799469	-0.0293125455	0.0070777833	0.0185261754	0.1005433003	0.0406558987	-0.0482264932	-0.0176260294	-0.0316763681	-0.0308314643	0.0364219897	-0.0408773916	0.0381763665	-0.0098368401	0.0071593428	0.1252152718	-0.066334082	-0.0759088924	0.060544074	-0.0681176764	0.0894205777	-0.0206971626	0.1338493855	0.0048545264	-0.0024421233	0.1581362817	-0.0671572755	-0.0855554473	-0.0811001786	-0.1413808823	-0.0054090895	-0.0723370007	-0.0529060333	0.0003994902	-0.0212815554	0.0588762947	-0.0112670771	0.0149900132	0.0885995252	-0.0132152166	0.0187253281	0.1064938608	0.0111583392	0.0276142389	-0.0594003927	-0.1045540379	-0.0514853289	-0.0420134533	-0.0424456828	0.0753866669	-0.0061151898	-0.0577741628	0.0019062871	0.0472083483	-0.071427669	0.0413679376	-0.0186725195	0.1045137603	0.0272981214	-0.0361045869	-0.0017527711	0.0147433129	-0.0805124853	0.051370134	0.0605677835	0.0154062806	0.0377382473	0.0080265431	-0.112766831	-0.0118377871	-0.1356582702	0.0116685713	-0.0545432585	0.072040602	-0.0469191313	-0.0129728625	-0.0209444406	0.0727368973	0.0242816114	0.074903695	0.1196713348	0.0064943524	0.0395353151	-0.0730296194	0.0842685626	0.0471322297	-0.059918362	-0.0190977438	0.0618418401	-0.0055587333	0.0708654271	0.0561323569	0.0885596451	-0.0597549211	-0.0072425389	0.0839701271	-0.0910313049	0.1058198471	-0.0431981713	0.0378874816	0.0561111319	-0.1140551671	0.0393816187	0.0179079635	0.0688246956	0.0022283784	0.0768332498	0.0716041692	-0.0449487514	-0.1398463904	0.0274132108	-0.0465201787	0.0053193477	-0.0210376746	-0.0974695776	0.0218817574	0.0756711824	-0.0747974702	0.100747835	-0.0225602575	0.0404289102	0.0380650655	-0.0314597423	-0.0287368512	0.033724755	0.0658090016	0.0120937492	0.0733931615	0.0764498633	-0.031621461	0.0356627849	0.0240057411	-0.0130819083	0.0644017998	0.0583264535	-0.0270741432	-0.0085064319	-0.0793247667	-0.0171968049	-0.0229875973	-0.0024680152	0.0569611542	0.0300676217	-0.0522916719	-0.0887259867	0.0761602691	-0.0565187138	0.0316261628	-0.0037953135	-0.0243881477	0.0503057744	-0.0715496322	0.0861460138	-0.0534640659436149	0.0005226509784677	0.0028584063472232	2.731640452932465e-07	0.0186371843791306	0.0229540799853395	0.0005268897879733	0.0003473446415817	-0.1780461870074958	0.0006363406404688	4.049294107122453e-07	0.0317004447079081	-0.0035832797472921	-6.946494389230024e-05	4.8253784299604214e-09	1.2839893747353735e-05	0.0032748249802818	0.0001166317932603	1.0724478651477692e-05	1.3602975199136671e-08	0.0029028883303361	-0.0001311792683782	8.42676065840151e-06	1.7208000452239885e-08	0.0	0.0	0.0	0.0	0.0	0.0	0.0	0.0	0.0	0.0	0.0	0.0	0.0	0.0	0.0	0.0	0.0	0.0	0.0	0.0	0.0	0.0	0.0	0.0	0.0	0.0	0.0	0.0	0.0	0.0	0.0	0.0	0.0	0.0	0.0	0.0	0.0	0.0	0.0	0.0	0.0	0.0	0.0	0.0	0.0
6254.954603194136	3.742834059013149	14.00880679330884	39124457.08801951	12996.74722698542	-25.181515671134548	634.1087314955948	168915438.4821532	6103.705947177862	-3.129078784019839	37255226.2896144	9.791134036603074	7412.157140236533	7993.823155089348	1.014171	28.990873	0.1341621001833205	0.0748713555547605	0.0278869778	0.0155867397	0.0374935619	-0.0070696895	0.0151109391	0.0014885715	0.0191951519	0.0368576669	0.0139590577	0.0351562587	-0.0105606773	-0.0420527673	0.0177266095	0.0322013301	0.0093441403	-0.0298550021	-0.0510652638	0.0467515327	-0.0046197176	-0.0359303852	-0.0195401763	0.0141498277	0.0368016089	0.0005946175	-0.1099245667	0.0280814977	-0.020534007	-0.0473819706	0.0388878162	-0.1093946239	0.0135875052	0.0319835134	-0.0280642695	-0.0116625786	0.030861808	-0.0628006341	0.0458643996	0.0448245956	-0.0880320636	-0.0023472445	0.0549317069	-0.0755437248	-0.0385227346	-0.0781209026	-0.0448255329	0.0412510074	-0.0182541541	-0.0761010308	-0.1400418113	0.0131236452	-0.0519114657	-0.0383354203	0.0760256918	-0.0057246042	0.0008218222	-0.1300875309	-0.0621745406	-0.0379694613	0.0146590321	0.0807015275	0.0339438328	-0.0502340007	-0.0758164724	0.0462636609	0.048330002	0.0177718507	0.0660672452	0.0116026549	-0.0722268044	-0.1422710626	-0.0513957822	0.0473908083	0.1006376318	0.0680537876	-0.0001481279	-0.0415537476	0.0011145045	0.0337652241	-0.0290453415	0.0148235843	0.0635895021	0.0042487398	-0.0249660288	-0.0301301555	0.0784579747	-0.0638067244	-0.0154532966	-0.0062769811	0.0278613702	-0.0851971408	0.0731610607	0.0010833171	0.0078904589	-0.0278250058	-0.0081246959	0.0420151893	-0.0767459347	-0.03832093	-0.0146028586	0.0363009824	0.0452616934	-0.074441406	-0.0482661198	0.0235333562	-0.0553217684	0.028421055	-0.0169591963	-0.0090139778	0.0148135668	-0.054521185	-0.0399372982	-0.0343415686	-0.0110783328	0.1029026395	-0.0506386875	-0.0476238623	-0.0842536551	0.0073727601	-0.0485516513	0.0759425555	-0.0776085498	0.0228862761	-0.1105138195	0.0245866786	0.0269169387	-0.0065725847	-0.0066365186	0.030154031	0.0701760684	-0.0031166327	0.0526895541	0.0022108593	0.0234856917	-0.0069839806	-0.0680284662	0.0014796973	-0.0349443731	-0.0026972667	-0.0468510463	-0.0244671935	-0.0281200116	-0.0137000489	-0.0259396352	0.0225263569	0.0428032366	0.0037682213	-0.0521705023	-0.0890989834	0.0775859381	-0.0594866269	0.0363374993	-0.0101036834	-0.0169878336	0.0426372543	-0.064667201	0.0812075526	-0.0377537478764224	0.0157103180671925	0.0014253454787164	0.0002468140937723	0.0011361003447376	-0.017501084034393	0.0003062879423788	1.2907239933128934e-06	-0.1774894328907308	0.000556754116765	3.099751465347831e-07	0.0315024987878732	-0.0045408681590869	-0.0009575884117947	9.16975566403687e-07	2.061948363820925e-05	0.0042583025254696	0.0009834775451878	1.813314039842078e-05	9.672280818886218e-07	0.0029697012526529	6.681292231680005e-05	8.819125530008202e-06	4.4639665885107595e-09	0.0	0.0	0.0	0.0	0.0	0.0	0.0	0.0	0.0	0.0	0.0	0.0	0.0	0.0	0.0	0.0	0.0	0.0	0.0	0.0	0.0	0.0	0.0	0.0	0.0	0.0	0.0	0.0	0.0	0.0	0.0	0.0	0.0	0.0	0.0	0.0	0.0	0.0	0.0	0.0	0.0	0.0	0.0	0.0	0.0
6254.021070339873	-0.9335328542629212	0.8714835899882767	39112779.54825509	12979.8706434355	-16.876583549919815	284.8190723174241	168477041.92031872	6093.536810183057	-10.16913699480483	37131190.85705591	103.41134721910822	7407.122739583987	7984.970259857178	1.023279	29.251223	0.0941397458671386	0.057937219075849	0.0167104622	0.0066787451	-0.057762051	-0.0352042155	-0.0221560697	0.0148814879	0.0390079524	-0.0328512706	-0.0294387788	-0.0648639731	0.0550332297	0.0580664332	0.0147333686	0.0623497914	0.0049388211	-0.0394220065	-0.0421293714	-0.043052571	-0.0514642496	-0.0168809076	0.0378567655	-0.0124310793	0.0694997419	-0.1101442811	-0.0078450285	0.0046595739	0.0269748565	-0.0147461105	0.0063328572	-0.01739012	0.0234757554	-0.0315407817	0.0180407521	-0.0029462813	-0.1070691534	0.0220402455	0.1285140392	-0.0572440908	-0.0362107569	0.0290017222	0.0111570716	0.067804905	0.0473675804	-0.0752909455	-0.0295592135	-0.1154677022	0.0529567864	-0.0085911127	-0.0418369562	-0.011238323	-0.1814644714	-0.0282795165	-0.0297729757	0.0923893359	0.0676477809	-0.0661585721	-0.0483172855	0.0737597549	-0.0527018865	-0.0560694036	0.0124693992	-0.0956413391	-0.0152300631	0.0709247516	0.0021690337	-0.0212444296	-0.0006235734	-0.0747262071	-0.0108461122	-0.0243392578	0.0572613838	0.0298146032	-0.0100604556	-0.0560076843	0.020820477	-0.0395527783	-0.0438353206	-0.0045588163	-0.0164665054	0.0385929434	-0.0766887475	-0.0173262139	-0.0585208668	-0.0918761944	0.0208298952	0.0106814395	0.0125280686	-0.0079223944	-0.0474461164	-0.0627833265	0.040003793	0.0544196076	-0.0234151266	-0.0609241271	0.081441163	0.0537646368	-0.0106940317	0.03405805	-0.02417902	-0.0605396851	0.100849421	0.0368989314	-0.0822921785	0.0704030616	-0.0106128574	-0.0414896437	0.0886213631	0.0520592406	-0.0167581265	-0.0318071665	-0.0775340227	0.0123976572	-0.0015129391	-0.0860241882	-0.0448675575	0.056422525	-0.0437481102	0.0019684513	0.0393986042	-0.0497342121	0.0776777097	0.1127200506	-0.0627682676	0.0256022539	0.0278586962	-0.0150717097	0.0026618567	0.0171995017	0.0310331627	-0.0224051872	0.0009736412	-0.0234509113	0.0716155436	-0.0209200407	-0.0982728479	-0.0069580868	0.0660512515	-0.0091661349	-0.0274491693	0.0146323367	-0.0594691717	0.0453961679	-0.0876577087	0.0084293831	0.0378900826	0.0059015075	-0.0468151725	-0.0894555007	0.0789542098	-0.0623555305	0.0409413271	-0.0163653521	-0.0094744681	0.0345826047	-0.057020034	0.0750539832	-0.0276228282281323	0.01013091964829	0.0007630206393209	0.0001026355329201	0.0114821260997786	0.010346025755041	0.0001070402489239	0.0001318392197712	-0.2047332916996183	-0.0272438588088874	0.0007422278427985	0.0419157207301609	-0.0037271218861016	0.0008137462729852	6.621829967974662e-07	1.3891437553857548e-05	0.0042612042357843	2.901710314699886e-06	1.8157861539066063e-05	8.419922750435712e-12	0.0028579704028545	-0.0001117308497984	8.167994823592312e-06	1.2483782796672633e-08	0.0	0.0	0.0	0.0	0.0	0.0	0.0	0.0	0.0	0.0	0.0	0.0	0.0	0.0	0.0	0.0	0.0	0.0	0.0	0.0	0.0	0.0	0.0	0.0	0.0	0.0	0.0	0.0	0.0	0.0	0.0	0.0	0.0	0.0	0.0	0.0	0.0	0.0	0.0	0.0	0.0	0.0	0.0	0.0	0.0
6242.791539696397	-11.22953064347621	126.1023584727712	38972446.20810492	12979.712414839136	-0.1582285963650065	0.0250362887076401	168472934.3719292	6096.66358040205	3.126770218992533	37169306.81260074	9.776692002378612	7414.201276778217	7966.339439367479	0.780001	22.296936	0.0472397796051621	0.0220992190839432	0.007670794	0.0184290464	-0.0845351073	-0.0510200785	-0.0396151014	-0.0125205974	0.0330987524	0.0209103472	-0.0401569557	0.001670954	-0.008422506	0.0133609691	0.0256041111	0.0695414464	0.0012469123	-0.025946621	-0.0142627808	0.0265733065	-0.0254822948	-0.0178672482	0.0220865142	0.011367624	0.1060376723	-0.0727508865	-0.0387881803	0.0271386342	0.0167863939	0.0797475826	-0.075331037	0.0040183586	0.0783378923	-0.0146825807	-0.0208910804	-0.0179075111	-0.0497238149	-0.0103211404	0.0053565071	0.0347984779	0.0354193433	-0.0705723598	0.055941825	0.0282739128	0.0027886688	-0.0564030184	0.0532321379	-0.023787626	0.0267876926	0.0601703209	0.0417218703	0.0410383912	0.0003688757	0.0035764791	-0.0530964204	-0.0361161996	0.0125075403	-0.0380104742	0.018250338	-0.036998448	-0.009410465	0.1565692214	-0.074452832	-0.0063546504	-0.0328181491	0.0461956542	0.0054577762	-0.074633273	-0.0294124629	-0.0525953932	-0.0854703934	0.0347762833	-0.0448426142	-0.0320061521	-0.0704035555	-0.0651442283	-0.0099630575	-0.0454157985	-0.0139429173	0.000788417	-0.0037393309	0.0112946221	-0.041764677	0.0128304638	-0.0634725711	-0.0655177929	0.027553727	-0.0396897476	-0.0049938095	-0.0194634465	-0.0036877856	-0.0686151348	0.0392052706	0.0204047207	0.0263003757	-0.0238908563	0.0412950973	0.0167326429	0.003625778	0.0080847633	-0.0054523395	0.0175580341	0.0574121372	0.0050568435	-0.0016013576	0.062922117	-0.0309245695	0.0195804828	0.0256946195	-0.0124128428	-0.0093119931	0.0457786791	0.0310957703	0.0406535154	-0.0104471924	-0.1622386907	0.1050804237	0.0114004604	-0.0816334569	-0.0388849099	-0.0536269731	0.0104224313	0.0079712751	-0.0118554521	-0.0023138983	0.0253060408	0.0204988436	-0.0148465808	0.0022317196	0.02331127	0.0240474034	-0.0224115654	-0.0258738163	-0.0237989582	0.0858282384	0.0023559243	-0.0873039805	0.0009201072	0.0249161991	-0.0075185351	-0.0290054721	-0.0001152914	-0.0522821919	0.0367307511	-0.0371416499	0.0125065742	0.0579731353	-0.007662913	-0.0425638042	-0.0897954726	0.0802640719	-0.0651206494	0.0454240252	-0.022551377	-0.0018980517	0.0262147696	-0.0486985645	0.0677773814	-0.0200834203453723	0.0075394078827599	0.0004033437727689	5.68426712226236e-05	0.0169759402268852	0.0054938141271065	3.0181993663196045e-05	0.0002881825465867	-0.1878328818451677	0.0169004098544506	0.0002856238532484	0.0352811915022607	-0.0035673319852989	0.0001597899008026	2.5532812398536652e-08	1.2725857493336592e-05	0.0041079906823737	-0.0001532135534106	1.6875587446469135e-05	2.347439294870292e-08	0.0028248509022509	-3.311950060359966e-05	7.979782619947724e-06	1.0969013202318383e-09	0.0	0.0	0.0	0.0	0.0	0.0	0.0	0.0	0.0	0.0	0.0	0.0	0.0	0.0	0.0	0.0	0.0	0.0	0.0	0.0	0.0	0.0	0.0	0.0	0.0	0.0	0.0	0.0	0.0	0.0	0.0	0.0	0.0	0.0	0.0	0.0	0.0	0.0	0.0	0.0	0.0	0.0	0.0	0.0	0.0
6236.22832272209	-6.563216974307579	43.07581705183914	38890543.693121165	12977.56810273899	-2.144312100146635	4.598074382835273	168417273.86122844	6097.384478201274	0.7208977992240762	37178097.47500982	0.5196936369261164	7406.0610906427555	7917.69732752154	1.108986	31.701214	0.065721365566681	0.0361513090075862	0.0351369116	0.0563122829	0.0651726666	-0.0113689331	0.0036707583	0.0003151074	0.0494198913	0.0465267407	0.0107715578	-0.0053103546	0.0364526703	-0.0731129234	0.0148173994	0.0746981699	0.0172594317	0.0167596394	-0.0120146993	-0.0208606032	0.0202656394	-0.081127838	0.029374938	-0.0008500452	0.0125162038	-0.0128201803	0.0016599088	0.016480164	0.1303643807	-0.032975904	-0.1006965657	-0.0067959327	-0.0203339982	0.0468118356	-0.0918333118	0.0064719154	0.0208312896	-0.0435968444	0.0023532391	-0.0402979914	-0.036860366	0.0376349611	-0.0545705048	-0.0635569634	0.0451495377	-0.0183972816	0.1209142297	-0.0933235297	-0.0923306562	-0.095333299	-0.1192377486	-0.0318574714	0.151869048	-0.018457239	-0.0202040238	0.0511885872	0.0241471955	0.0314743956	0.1782450488	-0.0167059744	-0.0049417919	0.0245227019	0.0047483343	0.0188857609	-0.0645117165	0.0070701191	0.0912046738	0.0191908917	-0.0357760875	0.0152658503	-0.0708587368	-0.0324803532	-0.0730531667	0.0551376354	-0.1452167562	0.0165931946	0.0047010525	-0.075903626	0.0116481508	0.0030268253	-0.0179412394	0.0553240446	0.0542887763	-0.0445874032	-0.0293242439	-0.0531789793	0.0136532093	-0.0225896127	-0.010758692	0.0305442992	-0.0264277275	-0.0549736134	0.034185347	0.0383950207	0.0527960995	0.0837636557	-0.0537979152	0.0193909661	0.0039626941	0.0590285338	-0.0453057677	-0.0518139964	0.0125577413	-0.0522079077	0.0278360853	-0.0206228347	0.0273281983	0.035469546	-0.1457125483	-0.1237284372	0.007999658	0.008262739	0.0399305956	-0.0068381967	0.010829828	-0.0050281205	-0.0291381482	0.0881154432	-0.0210024058	-0.0313547565	-0.0462904462	-0.0164758065	0.0394597655	0.0386137086	-0.0189389211	0.0337221755	0.0372015339	-0.0105084972	0.0075613414	0.0312401689	0.0202403088	-0.0368654542	0.0539755562	-0.0392385325	-0.0092118468	0.0376532922	-0.0566152723	-0.0174853261	0.0009254325	0.0048196807	-0.0368286917	-0.004407843	-0.0222014622	0.0329137473	-0.0508132296	0.0156260567	0.0422533187	-0.0156181791	-0.0461163133	-0.0901188363	0.0815145553	-0.0677773814	0.049772331	-0.0286331649	0.005690996	0.0176095295	-0.0398011998	0.0594866269	-0.0228775166986423	-0.0027940963532699	0.0005233807702966	7.80697443135671e-06	0.0149207360844059	-0.0020552041424793	4.2238640672640775e-06	0.0002226283653004	-0.1681623690366009	0.0196705128085667	0.0003869290741519	0.0282785823600019	-0.0039536641775452	-0.0003863321922462	1.4925256276583186e-07	1.5631460428804163e-05	0.0037751527340819	-0.0003328379482918	1.4251778165646044e-05	1.1078109982309496e-07	0.0027199899975417	-0.0001048609047091	7.398345586726898e-06	1.0995809336431911e-08	0.0	0.0	0.0	0.0	0.0	0.0	0.0	0.0	0.0	0.0	0.0	0.0	0.0	0.0	0.0	0.0	0.0	0.0	0.0	0.0	0.0	0.0	0.0	0.0	0.0	0.0	0.0	0.0	0.0	0.0	0.0	0.0	0.0	0.0	0.0	0.0	0.0	0.0	0.0	0.0	0.0	0.0	0.0	0.0	0.0
6257.088381128697	20.86005840660709	435.14203672705935	39151155.00925574	12971.816680187316	-5.751422551673386	33.078861367897204	168268027.98438588	6103.995033014833	6.610554813559247	37258755.36306975	43.69943494307133	7407.557028049563	7884.957367657077	0.929287	26.564377	0.0567434759533129	0.0306980525804242	0.0300887475	0.0253778902	-0.0079500274	0.0500688566	0.0315519551	0.034912824	0.0420265299	0.0067170117	0.07004849	0.0188181423	0.0513844596	0.0312509614	-0.0054175431	0.0310871342	0.0072626155	-0.0679964086	-0.0427639341	-0.0086971582	-0.0490550149	-0.049651595	0.0464188818	0.0025314021	-0.0181660495	0.011070967	-0.0121604813	0.0399924378	-0.0100956128	0.0423520308	-0.0741377597	-0.0571776008	0.0120711424	0.0575521156	-0.0726058179	0.0888025121	0.0675498054	0.0057751367	0.0400779864	-0.0368808071	-0.0447946886	0.024682339	-0.0275542311	-0.0233318782	0.0262063289	0.0419861675	-0.0680116562	-0.069514998	0.1000319333	0.0236346205	-0.0732995365	0.0332174857	0.0801219454	0.1040535808	-0.0253585008	-0.059350537	-0.1127774747	0.0139244962	0.1027328177	-0.0113785954	0.0397837901	-0.0271247631	0.0993631274	0.0098484743	0.0419816329	0.041985423	-0.0823778375	-0.0753730331	0.019269116	-0.0731294481	0.0783531263	-0.059596543	-0.0117098512	0.0189652197	0.0686485374	0.1567464847	0.0385095927	-0.0142210114	-0.0239674647	0.0463365686	-0.0611826552	0.0544433418	-0.0380108004	0.0073149512	-0.0083940491	-0.0490626587	0.0045959418	-0.0189702452	0.0515469816	0.0162804444	0.0266052998	-0.0873849214	0.0174777486	-0.0406407075	0.0187111077	0.0380930701	0.0331502772	0.0924606548	0.0123034486	-0.0184389087	0.0487229449	0.0323606199	-0.0642760775	-0.104048892	0.0704893122	-0.0572812751	0.0335419858	0.0239729917	-0.020036086	0.0232079189	-0.0738662004	0.0011457434	0.0256676182	0.0520169273	-0.1042497172	-0.0464970147	0.026840865	0.0042464212	0.0111105592	-0.0863115015	-0.0300090318	-0.0913989353	0.1261886	-0.0993159376	-0.084457697	0.0217991852	0.0317644316	0.0040525411	0.0064653686	0.0005542346	0.0048275619	-0.013888831	0.0104835561	-0.0466329364	0.0270992402	0.000605209	-0.060967359	-0.0280962616	-0.0245731366	0.0072202589	-0.0325754379	0.008127793	-0.0196029865	0.0419000392	-0.007141971	-0.0367277396	-0.0135289526	-0.0265675846	-0.0490354265	-0.090425532	0.0827047351	-0.0703213046	0.0539733795	-0.0345826047	0.013242171	0.0088448147	-0.0304331576	0.0503057744	-0.0205999649176646	0.0022775517809777	0.000424358554609	5.187242115034702e-06	-0.0077914265840774	-0.0227121626684832	0.0005158423330796	6.070632821506802e-05	-0.1782503078214929	-0.010087938784892	0.0001017665089277	0.0317731722384569	-0.0039519198683213	1.744309223899662e-06	3.0426146685814415e-12	1.5617670645632642e-05	0.003671296257294	-0.0001038564767878	1.3478416208820932e-05	1.0786167770795568e-08	0.0023922743291743	-0.0003277156683674	5.722976466026347e-06	1.0739755929349183e-07	0.0	0.0	0.0	0.0	0.0	0.0	0.0	0.0	0.0	0.0	0.0	0.0	0.0	0.0	0.0	0.0	0.0	0.0	0.0	0.0	0.0	0.0	0.0	0.0	0.0	0.0	0.0	0.0	0.0	0.0	0.0	0.0	0.0	0.0	0.0	0.0	0.0	0.0	0.0	0.0	0.0	0.0	0.0	0.0	0.0
6273.764306887909	16.675925759212078	278.0864999267529	39360118.57838073	13045.114224651668	73.29754446435254	5372.530024503738	170175005.1342093	6118.418077456406	14.423044441572529	37435039.77054534	208.02421096357625	7417.777292371335	8053.402923534762	0.899823	25.722126	0.0672761410589042	0.0373684580860785	0.0552852691	-0.01122955	0.0493926768	0.0136898354	-0.0171007006	0.0413567478	-0.0070558695	0.0511923965	0.0254289127	-0.0162282027	0.0067891845	0.0007565392	-0.0485373981	0.0226317235	-0.011749441	-0.0075647688	-0.0592703994	0.0070317411	0.032295156	-0.1003925914	0.0830581403	0.0108780641	-0.0454945678	-0.0506523614	-0.0242836808	0.1317931788	-0.0813896832	0.0690419702	-0.0503704502	0.0340273025	-0.0026294923	0.0078241862	0.0443943725	-0.0185467538	-0.0418139716	-0.0299394182	-0.0288012136	-0.0537347334	0.1742520042	0.0173004746	-0.0114850726	0.038037894	-0.0694839655	-0.0464672399	0.018080289	-0.04191813	0.0067352438	0.1079942072	-0.0540291265	-0.1056587387	0.0860125392	-0.0726751319	0.0866255015	-0.0386991062	0.1306014835	0.0406840846	-0.0025102483	-0.0368536551	0.0303779694	0.0484158723	0.0477008935	-0.0256647472	0.0289730491	-0.0695769911	0.128721906	0.0375876775	0.0679200574	-0.0516161741	0.0096479729	-0.0122626367	-0.0614160014	0.0406308858	-0.0304131984	-0.0090650394	0.0483718886	-0.0016635431	0.0462305502	0.0143982222	-0.0472529245	0.0678872857	0.003655696	-0.0764688379	-0.0230495456	-0.0519434286	-0.0245416767	0.0330748248	0.0065112577	0.0095386262	0.0223909374	-0.0143848893	0.0230383807	0.0425817275	0.0068243916	-0.0807813653	0.0644150664	0.1012705707	0.0191663186	0.0595103143	0.1257451431	-0.0664150684	-0.0403725913	0.0359346887	0.0936301087	0.0531080119	0.0020704958	0.0820725095	0.100242439	-0.0092927878	0.0352984663	0.0696929117	0.0544845885	-0.0277231824	0.0158430348	0.0696868202	0.0443906731	-0.0360451907	-0.0866813054	0.0896237307	-0.0058843639	0.043733953	0.0797982024	0.0413222031	-0.1004894346	0.0375838279	0.0442534085	0.0036997551	0.0002140549	0.0095835955	-0.0178519476	0.0112935658	0.0396894768	-0.0748741782	-0.0086467079	0.0324065505	-0.0545242588	-0.0291271981	0.0171960593	-0.0036741986	-0.0077326982	0.0389437577	-0.0530104268	0.0396389559	-0.0416702768	0.0140912717	0.0300175488	-0.0171928834	-0.0197886519	-0.0907155029	0.0838337306	-0.072748185	0.0580147416	-0.0403721968	0.0207052216	-0.0	-0.0207052216	0.0403721968	-0.0208778064272507	-0.000277841509586	0.0004358828012137	7.719590444908286e-08	0.0231474790429189	0.0309389056269962	0.0009572158813961	0.0005358057860423	-0.1662507358812561	0.0119995719402367	0.0001439897267489	0.0276393071810591	-0.003887066402682	6.485346563930025e-05	4.205972005427899e-09	1.5109285218859183e-05	0.0034739508438381	-0.0001973454134558	1.2068334465403448e-05	3.8945212212080106e-08	0.0026112718897208	0.0002189975605465	6.818740882046038e-06	4.7959931525318e-08	0.0	0.0	0.0	0.0	0.0	0.0	0.0	0.0	0.0	0.0	0.0	0.0	0.0	0.0	0.0	0.0	0.0	0.0	0.0	0.0	0.0	0.0	0.0	0.0	0.0	0.0	0.0	0.0	0.0	0.0	0.0	0.0	0.0	0.0	0.0	0.0	0.0	0.0	0.0	0.0	0.0	0.0	0.0	0.0	0.0
6247.454693343689	-26.30961354422016	692.1957648462127	39030690.14538208	12941.238198588211	-103.87602606345718	10790.228790736037	167475646.11259866	6104.885231566585	-13.532845889820235	37269623.6905998	183.1379178776245	7404.996212693449	7933.434845709032	0.993537	28.401031	0.0528202894731792	0.0353479811703912	0.0335154164	0.0174802072	0.0741687692	0.0147918602	-0.0133943099	0.0024971716	0.0120182672	0.0435876581	0.0505771258	-0.0164757756	-0.0944653173	-0.0346336048	-0.0006059648	0.0298164547	-0.0388028215	-0.035261328	-0.049449646	0.0489477695	0.0270138555	-0.0525195399	-0.0659189235	0.0142425328	-0.1287519775	0.0344801847	-0.0173086789	0.0047928906	-0.0385336098	-0.000862613	0.0190570217	-0.0051595908	0.0053888819	-0.1619094665	0.0324911899	-0.0204135205	-0.0595626812	0.0336580772	0.0061303961	-0.0147733225	-0.0037580891	-0.0039482908	0.0120119365	-0.0009939434	-0.0001107995	-0.0073955327	0.1329241244	2.15449e-05	-0.0290151564	-0.0293107542	0.0942179875	-0.0856505562	-0.0428447725	0.0782782675	0.0696725929	0.0905692209	0.010928698	-0.0647240887	0.0207104206	-0.0009815136	-0.0464880945	-0.0546425475	0.0175961952	0.0457411308	-0.0068381117	0.1050689978	0.1143058642	0.0657354698	0.0784381788	0.023775963	0.0945416788	0.0845832425	-0.029923986	-0.0844661517	0.0104882133	0.1366178211	0.0109917958	-0.0288486629	0.0333022075	0.0150744923	-0.056573523	-0.0642846898	0.0609863864	-0.0451761485	0.0349298531	0.0458407157	0.0088301802	0.0347652281	0.0377717813	0.0090679134	0.0516645116	0.0208332713	-0.013397994	-0.000352645	0.083131405	-0.0200661081	0.0250036852	-0.0127514877	-0.0681930142	-0.017319733	0.0310858949	-0.1136561727	0.010191052	-0.0258018337	0.0422053231	-0.051774438	-0.0596356204	0.0206690965	-0.0237285672	0.0334095643	0.0525210142	0.0076582943	-0.0858918217	0.0350144213	0.0580226912	-0.0865100832	-0.043925342	-0.0736253406	0.0798752867	-0.0295737117	0.0286389918	0.0903985259	-0.0829817506	0.0392757437	-0.0572375383	0.0294195768	0.045331202	0.0105300516	-0.0125733522	0.0095526089	0.011987043	0.0216373659	0.0476527275	-0.0089359305	-0.0570783723	0.0547682553	0.0292989134	-0.0114617029	-0.0560238639	0.0278963324	-0.0419796096	-0.0428481655	-0.0374384946	-0.0363153217	0.0321556404	0.0249487911	0.0643685586	-0.0759333324	-0.0176961813	-0.0909886953	0.0849007066	-0.0750539832	0.0618844603	-0.0459751808	0.0280304823	-0.0088448147	-0.0107324316	0.0298345303	-0.0209154144596652	-3.760803241449964e-05	0.0004374545620195	1.4143641020900556e-09	-0.0086953833386331	-0.031842862381552	0.0010139678846504	7.560969140577812e-05	-0.1524071419788484	0.0138435939024077	0.0001916450921347	0.0232279369261608	-0.0038693895728872	1.7676829794800036e-05	3.124703115943303e-10	1.4972175666768189e-05	0.0034876926349058	1.37417910676999e-05	1.216399991557616e-05	1.8883682174831678e-10	0.0025007660074472	-0.0001105058822735	6.25383062400341e-06	1.221155001706674e-08	0.0	0.0	0.0	0.0	0.0	0.0	0.0	0.0	0.0	0.0	0.0	0.0	0.0	0.0	0.0	0.0	0.0	0.0	0.0	0.0	0.0	0.0	0.0	0.0	0.0	0.0	0.0	0.0	0.0	0.0	0.0	0.0	0.0	0.0	0.0	0.0	0.0	0.0	0.0	0.0	0.0	0.0	0.0	0.0	0.0
6261.337736347936	13.883043004247156	192.7388830577759	39204350.24861469	12961.81572092612	20.577522337909613	423.4344255671691	168008666.78324753	6102.198429082733	-2.686802483852261	37236825.66789977	7.218907587234682	7398.8327164623615	7903.784872424218	0.899045	25.699886	0.0338484447569362	0.0158280440756277	0.0499143403	0.0269877457	0.0405597623	0.0359051241	-0.0117285517	0.0336076432	0.0212904918	0.0390100866	0.0745576442	-0.0073315244	0.0025989143	0.0344664147	0.0107956457	0.0148793713	-0.0425127647	-0.0474830658	-0.0277335736	0.0190166718	0.0152246198	-0.0867169119	0.0993919619	0.0459095542	-0.0587123374	0.0059240328	-0.0330087936	0.1064279464	0.0459339893	0.0583727404	-0.0189660304	0.0852608971	-0.0578265366	-0.050358226	0.0437123162	-0.0015489127	-0.0053022125	0.1150360746	0.0223800775	0.0426176275	0.0123909423	-4.0045e-05	0.0116415334	0.0928575582	0.0127567167	0.0459485662	0.0109370626	-0.0475129987	0.0285892959	0.002015085	0.1043746104	0.1146515053	0.0100835709	-0.0561862308	0.0223499763	-0.1005780356	-0.0342639796	0.0040789693	0.0405467282	-0.0477637037	0.0251858417	-0.1028177345	0.0264710079	0.0634912758	0.0208986576	-0.0576128633	0.1023236309	-0.0280459387	0.0660436379	-0.0958153862	-0.0327565892	0.0443880597	0.053660118	-0.0191726699	-0.0049253578	-0.0247364327	0.0318580322	-0.0212295216	0.0153907454	0.0555748772	-0.0657156493	0.069479715	-0.0120999386	-0.0761152972	-0.0060103187	0.019111184	0.0084111614	0.0095702878	0.0245453177	0.0376484774	0.0524319242	-0.0436570779	-0.0371241375	0.1006475857	0.0254459621	-0.0073666217	-0.0301134552	0.0266098583	0.1114970467	0.0143699778	0.0563833894	-0.0737389425	-0.0732260986	-0.0010003026	0.0548818194	-0.0167502396	-0.030573011	-0.0127797209	0.1569953433	0.0810373459	0.0048237171	-0.0045870013	0.033772574	0.0465583096	0.0039689524	-0.0415013078	-0.0113485552	0.0765153938	-0.0235052364	0.0089331259	0.0275169726	-0.0232020528	-0.0142595931	-0.0284636472	-0.0149090594	0.0395938604	0.0541628825	0.0136811448	0.002888502	-0.0026520313	-0.0183726144	0.0088561558	0.0394772195	-0.0824804196	-0.0329701484	0.0256129494	-0.019549347	-0.0126990382	0.0079140154	0.0145017803	-0.0144674444	-0.0220508574	-0.0177023429	0.0326160018	-0.0136002518	-0.0007924378	0.0063261188	-0.0519313321	-0.0444809882	-0.0912450589	0.0859048739	-0.0772348614	0.0655710866	-0.0513656584	0.0351692048	-0.0176095295	-0.0006327229	0.0188504498	-0.0259299927454463	-0.0050145782857811	0.0006723645237788	2.5145995384227337e-05	-0.0048261280302739	0.0038692553083591	1.4971136641265844e-05	2.329151176459544e-05	-0.1469508360077824	0.005456305971066	2.9771274849890487e-05	0.0215945482033861	-0.0039517850533967	-8.239548050949968e-05	6.7890152083913415e-09	1.5616605108249556e-05	0.0036359002247343	0.0001482075898284	1.3219770444222932e-05	2.1965489682772863e-08	0.0023412029739506	-0.0001595630334966	5.481231365235134e-06	2.5460361658637153e-08	0.0	0.0	0.0	0.0	0.0	0.0	0.0	0.0	0.0	0.0	0.0	0.0	0.0	0.0	0.0	0.0	0.0	0.0	0.0	0.0	0.0	0.0	0.0	0.0	0.0	0.0	0.0	0.0	0.0	0.0	0.0	0.0	0.0	0.0	0.0	0.0	0.0	0.0	0.0	0.0	0.0	0.0	0.0	0.0	0.0
6263.026712216985	1.6889758690495	2.852639486231514	39225503.5979435	12951.870901513288	-9.944819412832658	98.89943315385328	167750959.84946662	6108.13772922092	5.939300138186809	37309346.51913209	35.27528613146585	7408.918012464783	8048.680274938768	0.8624389999999998	24.653494	0.0319487920378854	0.0160883583324826	0.037648299	-0.0090216804	0.0759562369	-0.0220802672	-0.0375974448	0.0093379963	-0.0056281934	0.0522427565	0.0406544128	-0.0113194413	-0.0826238019	-0.0006329959	-0.0071250205	0.0012363783	-0.0596774291	-0.0430831909	-0.032616073	-0.0617840579	0.023130218	-0.0108659116	0.0445627677	0.0327956928	-0.0510983727	-0.0378742382	-0.0472527547	0.0505977454	0.0213769348	-0.0139463571	0.0130064973	0.1042849541	-0.041311969	0.0176090283	0.0235964861	0.1232392006	-0.1454126318	0.0037221741	0.0362100291	0.0910007573	-0.0711401332	-0.0556108876	-0.1089855793	-0.064517495	-0.0194411702	0.1562928415	-0.0009176299	-0.0114288051	0.0443507625	0.0173436887	0.0988767094	0.1215635937	-0.0032312201	-0.0179975298	0.0129060375	0.0924975154	0.077538174	0.0052168411	0.0546294699	0.1503773412	-0.0196622579	0.0197643098	-0.0922165306	0.0239695569	0.0180442489	0.0263178758	-0.1064515116	-0.0629930909	0.0530120781	0.0320811817	-0.0191142791	0.0764034484	0.0747308728	-0.0153039057	0.0807734873	0.009947283	0.0141659172	-0.0106141578	0.0548509275	0.0384770088	-0.048488194	-0.0154326687	-0.0012920133	-0.0811592418	0.0014961257	-0.0229183565	0.0262342461	0.0313398027	-0.0209051937	0.0036443974	-0.0058235644	-0.0064036052	0.0229121277	0.0512564928	0.082153511	-0.0312508859	-0.011042307	-0.0354793373	0.0154820412	0.0093517741	0.1546138506	-0.0642536718	-0.0461410516	0.0960866737	0.0053197596	-0.1157778951	0.059374914	0.0381610775	-0.0812153981	0.1069191692	-0.0574764359	0.0197882724	-0.0667583903	0.0257223013	0.106841674	-0.0522177632	0.0360428174	0.0895894244	-0.0319758322	-0.0590277378	-0.0090897812	-0.0207883364	-0.095204497	-0.1032687122	0.104392784	0.0295228151	0.049591923	0.0170864109	-0.0077828087	-0.0101716787	-0.0099162126	0.010076489	0.0426277352	-0.066339606	-0.0307481588	0.0365551721	-0.0038881371	0.0103236496	-0.0352020982	0.0105851747	-0.0263596616	-0.0167526393	-0.0370800422	-0.0183062069	0.0449170672	0.0113043352	0.0472697178	-0.02739491	-0.0248452287	-0.0914845461	0.0868454896	-0.0792871898	0.0690637132	-0.0565187138	0.042073882	-0.0262147696	0.0094744681	0.0075843101	-0.0205182234653733	0.005411769280073	0.0004209974941749	2.9287246740741838e-05	0.0081252042761832	0.0129513323064571	0.0001677370085122	6.601894452970575e-05	-0.1512596749868677	-0.0043088389790853	1.856609334768504e-05	0.0228794892771328	-0.0040120140644923	-6.022901109560032e-05	3.627533777553945e-09	1.6096256853684023e-05	0.0036410884353725	5.188210638200179e-06	1.325752499420336e-05	2.6917529626333503e-11	0.0024613227816622	0.0001201198077115	6.05810983552935e-06	1.4428768204671756e-08	0.0	0.0	0.0	0.0	0.0	0.0	0.0	0.0	0.0	0.0	0.0	0.0	0.0	0.0	0.0	0.0	0.0	0.0	0.0	0.0	0.0	0.0	0.0	0.0	0.0	0.0	0.0	0.0	0.0	0.0	0.0	0.0	0.0	0.0	0.0	0.0	0.0	0.0	0.0	0.0	0.0	0.0	0.0	0.0	0.0
6241.470937112311	-21.555775104674467	464.6514403633036	38955959.45881763	12915.959191029466	-35.91171048382239	1289.650949873879	166822001.82433853	6102.011509714563	-6.126219506357302	37234544.464688994	37.5305654400727	7409.593994937669	7890.345119894704	0.8550379999999999	24.441935	0.0855943454978762	0.0593097833526995	0.0326884159	0.0278938674	0.0913556498	0.0159776744	-0.0117075676	-0.0009434719	0.0290599606	0.0415522142	0.0681895277	-0.0300627313	-0.0262604158	-0.0137956187	0.0065542353	0.0261819228	-0.0438573013	-0.0362908417	-0.0401578431	0.0318413087	0.12549289	-0.0855671112	0.0449523693	-0.007152158	-0.1301842775	0.0284709339	-0.0834385861	0.0053138403	-0.0001926473	-0.0341087641	-0.0429486313	0.078608568	0.0136817841	-0.079029352	0.0443661066	0.0032225083	0.0036476464	0.0213801257	0.0261617817	0.0393213601	0.0792669545	0.0153953724	-5.67644e-05	-0.0743911288	0.027744337	0.0319038739	-0.0912704285	0.0544925285	-0.0081206348	0.0362244154	-0.1550372313	-0.059462946	0.0173175614	0.0382621736	-0.0249046672	0.0153791789	-0.0159513076	-0.0717053213	0.1627642421	-0.0679403458	0.0681179633	-0.1020380538	-0.1367794386	0.0208123138	-0.0869937345	0.096553729	-0.0947870059	0.0467856333	-0.0384144265	-0.035470228	0.1601513128	0.0687067755	-0.0916454651	-0.0283911056	-0.126313083	0.0484761165	0.009509697	-0.0242305785	0.0551072685	0.0324459925	-0.0631823778	0.0047662261	0.0197802675	-0.0883080377	-0.0079412897	0.0728414224	0.0188446034	0.0088166544	0.007096842	0.0160139775	0.0204705831	-0.0438861404	-0.0421843283	0.0006793006	0.1420386874	0.0094048036	0.0341542854	-0.0560252265	-0.0345926862	0.007160801	0.0545930245	-0.090749148	-0.0850784843	0.0629913848	-0.0262343344	-0.0223630605	0.0114592745	0.094464685	-0.0291958198	0.0274817032	0.0440967779	0.065927968	0.0268538281	-0.0559060217	0.0244561049	0.0435372065	-0.0385374218	-0.1298061017	-0.0227107235	-0.0091731715	-0.0143740405	-0.0917369053	-0.0308156855	-0.1121228291	-0.0364578086	0.0433133983	0.065466975	0.0253970458	0.0024591217	0.0088636027	-0.0113976047	0.0186457529	0.0642420602	-0.0441417529	-0.0733372933	0.0422733088	0.0392499466	-0.0032207559	-0.009553598	0.046013502	-0.0306507955	-0.0958042488	-0.0388581968	-0.0515640472	0.0393314379	-0.0138405087	0.0229895304	-0.0312646998	-0.0214300855	-0.0917071126	0.0877218577	-0.0812075526	0.0723520068	-0.0614105286	0.0486985645	-0.0345826047	0.0194696168	-0.0037953135	-0.0261680396218508	-0.0056498161564775	0.0006847662976507	3.192042260199418e-05	0.0017050004035468	-0.0064202038726364	4.121901776621543e-05	2.907026376094751e-06	-0.1262245192616404	0.0250351557252272	0.0006267590221863	0.0159326292628322	-0.0049204137948056	-0.0009083997303133	8.251900700332764e-07	2.4210471912113245e-05	0.0036411338841144	4.544874190014203e-08	1.3257855962046016e-05	2.065588140305726e-15	0.0023999845658467	-6.133821581549978e-05	5.759925916302374e-06	3.762376719428827e-09	0.0	0.0	0.0	0.0	0.0	0.0	0.0	0.0	0.0	0.0	0.0	0.0	0.0	0.0	0.0	0.0	0.0	0.0	0.0	0.0	0.0	0.0	0.0	0.0	0.0	0.0	0.0	0.0	0.0	0.0	0.0	0.0	0.0	0.0	0.0	0.0	0.0	0.0	0.0	0.0	0.0	0.0	0.0	0.0	0.0
6252.14253103206	10.671593919749284	113.8829167880299	39089286.22833998	12912.296877883551	-3.6623131459145952	13.41253757873886	166727410.6626013	6105.273486567478	3.2619768529157227	37274364.345783815	10.640492988957964	7404.507455179166	7958.234566374748	0.7860939999999998	22.471115	0.0900387833800951	0.0611433449618778	0.0231076757	0.013710389	0.0560917667	0.0066469225	-0.0281709428	-0.0036579137	0.0157107786	0.0290423263	0.0615957549	-0.006890083	-0.0831505493	-0.0188365684	0.0015562312	0.0210228389	-0.064522076	-0.0280766769	-0.0254986838	0.0330909618	0.0313138243	-0.0127135376	0.0113383946	-0.0068204882	-0.0926673294	0.0310959845	0.0341122858	0.0584190481	-0.0270511676	0.0385890951	-0.0190357312	-0.0388264417	0.0810884431	0.0369984307	0.001284075	-0.0046390937	-0.0615514087	0.0278044148	0.0991345724	-0.0528030171	0.0600135503	0.0171979058	0.0473634136	-0.0076383458	-0.0072353684	0.0535412249	-0.0718782902	0.0096648504	0.0075596168	-0.0034207406	-0.005128823	-0.0177332185	0.0413805816	0.0283461688	0.0381062978	0.1249727965	-0.0309469603	-0.0479633686	0.0864968428	0.085407302	0.0990852909	0.1109995299	-0.0184630905	-0.0849730298	0.1041317384	-0.0940038654	-0.0603188537	-0.0258211441	0.0443064925	0.0744818655	0.0486332435	-0.0933553154	0.0141777512	0.0095990819	0.1068066504	0.0905525898	0.0048292625	-0.0163269965	0.0485907654	0.0426212739	-0.0552399967	-0.0113925406	-0.0038701729	-0.0494723644	-0.0045974031	0.0069841202	0.0118085958	0.0214719288	0.0073928403	0.0013411695	0.0648256187	0.0428831932	0.0096063229	-0.0122160406	0.1169884159	-0.0558952871	0.0332252894	0.0338075182	-0.0428216221	-0.0151133463	0.0147747379	-0.0415898697	-0.0897162012	0.0050853204	-0.06344038	-0.0346458953	0.0293969857	0.0345924278	-0.0412236679	-0.0449319785	-0.0396124475	0.0381449311	0.0007177842	0.0556144532	-0.0063925042	-0.0339438966	-0.0665138219	-0.0876226101	0.0377351746	-0.0276035175	0.0047826171	-0.0281966544	-0.0517337863	0.0318532562	0.0157513571	0.0218984306	0.0556528595	0.0185880591	-0.0032944391	-0.0043506917	-0.0132354854	0.0021299317	0.0330751704	-0.054042063	-0.046039394	0.0222792649	0.0184057018	0.0181604786	-0.0526675354	0.0120235835	-0.0265570718	-0.056918385	-0.0189216035	-0.0280622922	0.0514627608	0.0010661265	0.0447205815	-0.0522738378	-0.0257736335	-0.0919127174	0.08853333	-0.0829927534	0.0754262385	-0.0660184918	0.0549991661	-0.0426372543	0.0292345235	-0.0151181479	-0.0244468339016208	0.00172120572023	0.0005976476878134	2.962549131352475e-06	0.0041975450908466	0.0024925446872997	6.2127790181864565e-06	1.761938478969039e-05	-0.1544901604084358	-0.0282656411467953	0.0007989464694394	0.0238672096630242	-0.0039999984885256	0.00092041530628	8.47164336034507e-07	1.599998790820708e-05	0.0035369713489052	-0.0001041625352091	1.2510166322976271e-05	1.0849833741207825e-08	0.0025265945608729	0.0001266099950261	6.383680075032521e-06	1.6030090840534296e-08	0.0	0.0	0.0	0.0	0.0	0.0	0.0	0.0	0.0	0.0	0.0	0.0	0.0	0.0	0.0	0.0	0.0	0.0	0.0	0.0	0.0	0.0	0.0	0.0	0.0	0.0	0.0	0.0	0.0	0.0	0.0	0.0	0.0	0.0	0.0	0.0	0.0	0.0	0.0	0.0	0.0	0.0	0.0	0.0	0.0
6238.934419329989	-13.20811170207071	174.45421473437722	38924302.68870043	12912.871785802165	0.5749079186134622	0.3305191148844633	166742257.75656557	6108.753783980226	3.480297412747859	37316872.79329273	12.112470081179442	7415.060975316659	7937.236384237966	0.759699	21.7166	0.0759956433897885	0.0467228941386176	0.0184295651	0.0313598377	0.0931617868	-0.0124463329	-0.0409972217	-0.0214707727	0.0004082248	0.0440139529	0.0121450168	-0.0421947075	-0.0528871902	-0.0107456054	-0.0209820527	0.0258283491	-0.0690523445	0.0207923327	0.0301178769	0.0193072326	0.0248521074	-0.0140537201	0.101804486	0.0323417865	-0.0865604035	0.0537664672	0.0479153058	-0.0555547127	-0.0398267714	-0.0204968977	-0.0752685451	-0.0895256184	-0.0606038605	-0.1240336993	-0.0248871539	0.0302401101	0.0225993415	-0.0222379123	0.0444196727	-0.0039000205	0.0151231134	-0.066392765	0.0148358567	0.1811813693	0.0012506051	0.0131080293	-0.1105739879	0.1218612484	0.0388207575	0.034962499	-0.0048554052	0.001595633	0.0613061406	-0.0022979718	-0.0868232256	0.100671337	0.0741547719	-0.0779391368	-0.0341105032	-0.0315646762	0.0071689225	0.0908735216	-0.0393172056	-0.0882964965	0.0741642855	-0.0430557473	-0.0402123133	0.0783362184	-0.0071941319	-0.0879583856	0.0617888147	-0.0299118537	-0.026798226	0.0695004982	0.0167909339	0.0302038226	-0.0062015416	-0.0306162505	0.0808597624	0.0115023488	-0.0037314763	0.0067522557	-0.0020006229	-0.0985559945	0.0068762236	0.0284855367	-0.0089540247	0.0333105916	-0.0106019512	0.066985838	0.0779681712	0.0747941003	-0.0180024495	-0.0374825496	0.0902890566	-0.0156958605	0.0409408428	-0.0621965954	-0.0536482465	0.0305340211	-0.0076454106	-0.033881746	-0.0562449794	-0.070081664	-0.022447316	0.0270009093	-0.036592828	-0.0688544342	0.0865560078	-0.0989028842	0.0409385568	-0.0917502366	-0.101006079	-0.0925682797	0.0580422818	0.0185578918	-0.0293782635	0.0238211456	-0.0492409297	0.0218926625	-0.0243104713	-0.1408268648	0.0400313657	-0.0261303884	0.0581978186	0.0292313244	0.0694649955	0.0301369993	0.0200130297	0.0036406045	-0.0339233259	-0.000187087	0.0561758989	-0.0608166268	-0.0829337433	0.0345357453	0.021586895	0.0110171535	0.0092261988	0.0179997165	-0.0360049056	-0.110025048	-0.000804235	-0.0615354811	0.0262285951	0.0151473978	0.0336899515	-0.0300395113	-0.009927682	-0.0921013223	0.0892793062	-0.0846398209	0.0782773129	-0.0703213046	0.0609337573	-0.0503057744	0.038653711	-0.0262147696	-0.0200891012539869	0.0043577326476339	0.0004035719891929	1.898983382825437e-05	0.0100633838851962	0.0058658387943496	3.440806476129677e-05	0.0001012716952208	-0.1509273396221857	0.00356282078625	1.2693691954935687e-05	0.0227790618454305	-0.0048327135371241	-0.0008327150485985	6.934143521624032e-07	2.3355120131902533e-05	0.0038481723629366	0.0003112010140313	1.4808430534869055e-05	9.684607113417153e-08	0.0024263256002717	-0.0001002689606011	5.887055918533825e-06	1.0053864460044971e-08	0.0	0.0	0.0	0.0	0.0	0.0	0.0	0.0	0.0	0.0	0.0	0.0	0.0	0.0	0.0	0.0	0.0	0.0	0.0	0.0	0.0	0.0	0.0	0.0	0.0	0.0	0.0	0.0	0.0	0.0	0.0	0.0	0.0	0.0	0.0	0.0	0.0	0.0	0.0	0.0	0.0	0.0	0.0	0.0	0.0
6233.581484408183	-5.3529349218060815	28.65391227709108	38857538.12275653	12916.36457067775	3.49278487558513	12.199546187116232	166832473.7226594	6098.483490987541	-10.270292992685429	37191500.889847584	105.47891815560338	7405.436736125554	7944.215895031344	0.7913249999999998	22.620634	0.0435907529011168	0.0247904713345896	-0.0001598499	0.0288047019	0.0527060156	-0.0032438895	-0.0321010613	-0.0360809301	-0.0118615737	0.0253681218	0.0382874622	0.0079950392	-0.0601117839	-0.0130162368	0.0372855428	0.0043130885	-0.0658228408	-0.0187632738	-0.0392234949	-0.0019318844	-0.0162723711	-0.0233289494	0.0212896872	0.0115035619	-0.0404943708	-0.0272754531	0.0461602183	-0.1064473244	0.0118611048	0.008122472	-0.0478182492	-0.0171687686	-0.0465838761	-0.0147666468	-0.0066488465	0.0769859178	0.0941728524	0.0128471961	0.0357307765	-0.0225650674	0.0118452035	0.0646552148	-0.1025273724	0.0235771057	0.0350074012	-0.07605808	-0.034954686	0.110474015	0.080584923	-0.0959195326	0.0501793907	-0.0457514273	-0.0285468865	-0.0031223024	0.0970899679	0.0092237385	-0.0020515199	0.0078564376	0.0188669267	-0.0370191445	-0.014373926	0.0427046674	-0.1177723555	-0.0350938901	0.0384993864	0.0927777211	0.0239333147	-0.0099857143	-0.028043102	0.0787365618	-0.1078181895	-0.0684211776	-0.0771118349	-4.60278e-05	0.0483561457	0.0036557273	-0.0375783018	-0.0317381927	0.0342553741	0.0444381062	-0.031876651	-0.0230499178	-0.007901928	-0.0268726224	-0.0086901723	-0.0287816104	0.0179517194	0.0182752406	0.0012082682	0.0416988198	0.0200131327	0.0403024794	0.0338276759	-0.0807427078	0.0807842507	-0.0449547199	-0.0803425736	-0.0881296521	-0.0314854574	0.061608004	-0.0273149336	-0.0397322743	-0.0219519678	-0.0321446837	-0.0036759134	0.0358379208	-0.0151490534	-0.0906153142	-0.0041251779	-0.0798702557	0.0551360948	-0.0358120416	-0.0984717023	0.0208775337	-0.0389255926	0.0681381461	-0.0531372693	-0.0097846414	0.0587407523	0.0074515659	0.0909759047	0.0140930064	-0.0089296403	-0.034106751	0.0669678894	0.0062071735	0.0542449998	0.0403811197	0.0174368993	0.0037393073	-0.0102542524	-0.0128129325	0.0247808053	-0.0482533962	-0.0409925829	0.0056717795	0.0103638454	0.0300471592	-0.0994995094	0.0110015392	-0.0457297663	-0.1082704885	-0.0088476351	-0.0481304221	0.0696589513	-0.0089834757	-0.0028041602	-0.003367885	0.0214442569	-0.0922728925	0.0899592343	-0.0861460138	0.0808967948	-0.0742990785	0.0664628444	-0.0575187176	0.0476157909	-0.0369191397	-0.0195091600765806	0.0005799411774062	0.0003806073268936	3.363317692514038e-07	-0.005195991932922	-0.0152593758181182	0.0002328485503585	2.69983321669905e-05	-0.1528285743999831	-0.0019012347777973	3.614693680306267e-06	0.0233565731531311	-0.0050310327497316	-0.0001983192126074	3.933051008925876e-08	2.5311290528871904e-05	0.0041459906389209	0.0002978182759843	1.7189238378019734e-05	8.869572551026077e-08	0.0024054590663076	-2.086653396409996e-05	5.786233319681431e-06	4.354122396749372e-10	0.0	0.0	0.0	0.0	0.0	0.0	0.0	0.0	0.0	0.0	0.0	0.0	0.0	0.0	0.0	0.0	0.0	0.0	0.0	0.0	0.0	0.0	0.0	0.0	0.0	0.0	0.0	0.0	0.0	0.0	0.0	0.0	0.0	0.0	0.0	0.0	0.0	0.0	0.0	0.0	0.0	0.0	0.0	0.0	0.0
6230.230327935639	-3.351156472544062	11.23024970347396	38815769.93912903	12952.088809997078	35.72423931932826	1276.2212749446394	167756604.54205152	6091.194319182751	-7.289171804789476	37102648.234044224	53.13202559973786	7400.845413614194	7913.511680332307	0.898266	25.677624	0.0533593671498811	0.0261754405447248	0.0264807469	0.0514231673	0.0693213735	-0.0071604529	-0.0422117029	-0.0120086522	0.0142637383	0.0396085558	0.0240155706	-0.0313818821	0.0407506465	0.0156413171	0.041330368	0.0265169689	-0.0346885848	-0.0530258422	-0.0187457655	-0.0277065528	0.0084512931	-0.1267486976	0.1085885566	0.0862179389	-0.0697649881	0.0167255674	0.0332511641	0.010947201	-0.0068727913	0.0324101908	-0.0730583316	-0.0073506357	0.039241991	-0.0226605258	0.0564766731	0.004821466	-0.0213451378	0.1516432428	-0.0148959723	0.0428918071	0.0952326794	0.0104849531	-0.0739956371	0.095001759	-0.0211180892	0.0275165399	0.0299372447	0.0213591894	-0.0520946838	0.0191136532	0.0998089093	-0.0405906765	-0.1445904411	0.0156141715	-0.0298822852	0.034321866	0.0131831582	0.0050466442	-0.0598243844	-0.0682016529	-0.0404567644	0.0103090044	-0.0142850771	-0.0868965077	0.0234202339	-0.0761182678	-0.0175404959	-0.1134612131	0.0353807755	0.0034942098	-0.0667186147	-0.0556872155	-0.1230844957	0.0637085496	-0.0700240009	-0.0181734832	-0.0175757493	-0.0589467736	0.0199211699	0.0362945812	-0.0364887908	0.0740919861	-0.0139957936	-0.1135382515	0.0225561184	0.0022121593	0.0282212338	0.0432382092	0.0377686698	0.0736048251	-0.0219649971	-0.0193358883	-0.0573703444	0.0275270868	0.0754477137	-0.056018515	-0.0789681984	-0.0524721059	0.010618442	0.0989971578	0.0086870268	-0.0986191873	-0.0333827437	-0.072227757	0.0483989536	0.039223719	-0.046126806	-0.0394625423	0.1508559205	0.0194750072	0.0063010564	0.0048322829	0.0306563206	0.0447141027	-0.0071163016	-0.034080217	0.0440115897	-0.0109611715	0.0786506317	0.0841889362	0.0710136043	-0.0556418119	-0.0575578962	0.0369030271	0.0174955492	0.0372871189	0.0778820227	0.0297932764	0.0355448989	-0.0077689727	-0.0480588447	-0.0321836514	0.0576431082	-0.1033833121	-0.0752201637	0.0319038553	-0.0161476649	0.0215138226	0.0472201811	0.0168039522	-0.0310485896	-0.1014533349	-0.015424605	-0.0179752029	0.0004913143	0.000163357	-0.031079461	-0.0045683493	-0.0134137724	-0.0924273962	0.0905726114	-0.0875088252	0.0832769341	-0.0779334273	0.0715496322	-0.0642107624	0.0560147802	-0.047071089	-0.014051252598378	0.0054579074782026	0.0001974376995834	2.978875404061987e-05	0.0067086318729963	0.0119046238059183	0.0001417200679604	4.500574160738184e-05	-0.1374752038671829	0.0153533705328001	0.0002357259867174	0.0188994316783235	-0.0046879085243758	0.0003431242253558	1.1773423402601797e-07	2.197648633291529e-05	0.0041230130013767	-2.297763754420014e-05	1.6999236209521304e-05	5.279718271126358e-10	0.0023586916225484	-4.676744375920004e-05	5.563426170280004e-06	2.1871937957699383e-09	0.0	0.0	0.0	0.0	0.0	0.0	0.0	0.0	0.0	0.0	0.0	0.0	0.0	0.0	0.0	0.0	0.0	0.0	0.0	0.0	0.0	0.0	0.0	0.0	0.0	0.0	0.0	0.0	0.0	0.0	0.0	0.0	0.0	0.0	0.0	0.0	0.0	0.0	0.0	0.0	0.0	0.0	0.0	0.0	0.0
6241.765322491965	11.534994556325728	133.05609941446417	38959634.34106322	12899.003570316345	-53.08523968073314	2818.042671960884	166384293.10703382	6097.570558635238	6.376239452486516	37180366.71753525	40.65642955544554	7404.092474484791	7955.774773283928	1.210964	34.616337	0.1783309104976499	0.1117448853697985	0.0011954903	0.0212661382	-0.0174882279	0.0229905136	-0.0025485511	-0.0181304924	0.0358494261	-0.0024799855	0.0261740433	0.0757092524	-0.0663394172	-0.0116045737	0.0330467133	0.0106291175	-0.0150938861	-0.0369288688	0.010521792	-0.0167087569	-0.0173853387	-0.00177422	-0.0747416449	0.0016116786	0.043852748	-0.0601600823	0.0854203216	0.0050686026	-0.0310160194	0.0306342279	-0.1076083396	-0.0537000513	0.0416263998	0.0683771027	0.0265068903	-0.044868195	-0.0412967656	-0.1479068743	0.0144900856	0.0390026167	0.0713043598	0.1324721072	0.0567474737	-0.1120327948	-0.0030183269	-0.0767843362	0.1290851178	-0.0133953611	0.043701601	0.0305710048	0.083797448	-0.1019178768	0.0202498597	-0.0950178093	0.0596836252	-0.0521659629	-0.0864215538	-0.0499274949	-0.0547347361	0.1473597133	-0.042582852	0.0005730405	-0.0153972546	0.1628662942	0.0659735287	0.1310402657	-0.0759601191	0.0951442427	-0.0569701371	0.0172886433	-0.0313810556	-0.0604619795	0.0049503333	-0.0092560476	-0.0861195739	0.0376159859	-0.0092019519	-0.0283553255	-0.022323933	0.0785699492	-0.0247569904	-0.0051926671	0.0241034138	0.0485151257	-0.0530742633	-0.1030452862	-0.0305401081	0.0224856177	-0.0038779463	-0.0101459517	-0.018394055	0.0497231709	-0.0021770423	0.023344364	0.0345857567	0.0106301226	0.0712644321	0.0418143948	0.035289097	0.0265408365	-0.0546750802	0.0285860009	-0.0930806631	0.0026645486	0.0753691469	0.1053817955	0.0622855231	-0.077246622	-0.0763897143	-0.0262036519	0.0587938066	0.0671476199	-0.0388650907	0.1310853923	-0.0251900661	0.0137065038	-0.0600709868	-0.0870304053	-0.0222375951	-0.1169460656	-0.058548512	0.1750732502	0.0495807103	-0.0242867709	-0.0798370008	-0.0345551286	0.009381638	0.0282473447	0.0026825935	0.0042252081	-0.0258055933	-0.0427559555	-0.0413333242	-0.0348929424	0.0297996671	-0.065889665	-0.0518331348	0.067304002	-0.1806318445	-0.0228157121	-0.0091234561	0.0215761809	0.0286479281	-0.00535382	0.0750349238	-0.0135307539	-0.02163716	0.0374375131	0.0121685577	-0.0925648049	0.0911189838	-0.0887259867	0.0854106889	-0.0812075526	0.0761602691	-0.0703213046	0.0637513548	-0.0565187138	-0.0195918985279632	-0.0055406459295852	0.00038384248793	3.069875731702905e-05	0.0128316310984359	0.0061229992254396	3.7491119514733936e-05	0.0001646507566463	-0.224739014338688	-0.0872638104715051	0.0076149726180067	0.050507624565925	-0.0037719398112963	0.0009159687130795	8.389986833405154e-07	1.4227529940041966e-05	0.0045676633691331	0.0004446503677564	2.0863548653720343e-05	1.9771394954590214e-07	0.0025861416391349	0.0002274500165865	6.688128577667348e-06	5.1733510045199175e-08	0.0	0.0	0.0	0.0	0.0	0.0	0.0	0.0	0.0	0.0	0.0	0.0	0.0	0.0	0.0	0.0	0.0	0.0	0.0	0.0	0.0	0.0	0.0	0.0	0.0	0.0	0.0	0.0	0.0	0.0	0.0	0.0	0.0	0.0	0.0	0.0	0.0	0.0	0.0	0.0	0.0	0.0	0.0	0.0	0.0
6266.376011926207	24.610689434241976	605.6860344287096	39267468.32284419	12936.45555535264	37.45198503629581	1402.6511831589253	167351882.3356142	6106.554124620226	8.983565984987763	37290003.27691629	80.70445780662915	7415.856182104137	7858.889006583921	1.611118	46.055058	0.7300545618036525	0.3892727699483793	-0.0975131283	-0.0627716017	-0.0454240506	0.0958866238	0.0698165545	-0.0060680379	-0.012267945	-0.0809656244	0.0422700484	0.1828994381	0.0128068282	0.0517424007	0.0323732155	-0.1076098014	0.0283346659	-0.0475764449	0.088716054	0.0716146512	-0.1401050945	-0.040575872	-0.1818184099	0.0070877144	0.0672013544	-0.0676835733	0.161322114	-0.0159879694	-0.0204932952	-0.0153516727	0.0173948419	0.0312533331	-0.0437301526	0.0433959987	0.0261852075	0.0506860675	0.1028052353	-0.0084379758	-0.1406387374	-0.062525411	0.0382821279	0.131679439	-0.036455139	-0.114108766	0.0487515222	-0.0237376562	-0.0188893149	-0.0299391042	-0.0061990328	-0.0925472716	-0.0375341753	-0.01680742	-0.002096709	0.0234633622	-0.1215659086	0.1648624434	0.0145865499	-0.0016135957	-0.0171994707	0.0235450539	-0.0387195369	0.0745901284	0.0353962704	0.0989002614	-0.0744273901	0.0042625555	-0.0566750658	-0.0879066806	-0.0178169263	0.0815196864	0.0102108483	0.0540609858	0.0031961323	-0.0034851764	-0.0176587983	-0.0327607493	-0.0362951666	0.0924206961	-0.0731281138	0.1174137751	0.077045984	-0.0119802441	0.063978481	0.1723871792	0.0490082269	-0.0110975409	-0.0619379725	0.1719561103	0.0846935016	-0.0519481588	-0.0386180867	-0.1438763299	-0.045908927	-0.149576084	-0.0919779062	0.0640640016	0.0875187536	-0.0336112465	0.1371270758	0.0028955033	-0.0844015796	-0.0222060471	0.0673632535	0.0245616484	0.005236936	-0.0178265155	0.1426683193	0.0271840216	-0.13149685	-0.0603190732	-0.0812737411	-0.0415595195	0.0847069337	0.0591169667	-0.0026047689	-0.0202307973	-0.085883097	-0.1390704499	-0.025695219	-0.0980935373	0.0218822651	0.1436541168	0.0853371028	0.0671128196	0.0948144054	-0.1595627698	-0.126743126	0.0851452658	0.0615024418	-0.115843476	0.0965122441	-0.1242538095	0.0371973742	0.1528310066	0.0199486907	-0.142134736	0.0761117108	0.1567090118	-0.0284501821	-0.1341074965	0.0239079838	0.2493049786	0.0226648959	-0.0810555838	-0.1989561809	-0.1381128305	-0.100509044	-0.1095039844	-0.1682431137	-0.0926850932	0.0915979471	-0.0897954726	0.0872917462	-0.0841063205	0.0802640719	-0.0757950062	0.0707340242	-0.0651206494	0.0328115657496113	0.0524034642775745	0.001076598846941	0.002746123068291	-0.1272010526664928	-0.1400326837649287	0.0196091525224085	0.0161801077994638	-0.5158178731129723	-0.2910788587742843	0.0847269020253397	0.2660680782227904	-0.0006260175974932	0.0031459222138031	9.896826575299798e-06	3.918980323711582e-07	0.0038448789705933	-0.0007227843985398	1.4783094298510597e-05	5.224172867725408e-07	0.0036482261265293	0.0010620844873944	1.330955387029098e-05	1.1280234583638254e-06	0.0	0.0	0.0	0.0	0.0	0.0	0.0	0.0	0.0	0.0	0.0	0.0	0.0	0.0	0.0	0.0	0.0	0.0	0.0	0.0	0.0	0.0	0.0	0.0	0.0	0.0	0.0	0.0	0.0	0.0	0.0	0.0	0.0	0.0	0.0	0.0	0.0	0.0	0.0	0.0	0.0	0.0	1.0	0.0	0.0
6276.948299124859	10.572287198651791	111.77325661077656	39400079.949886456	13047.82906359575	111.37350824310852	12404.05833837776	170245843.27281392	6118.010289210899	11.456164590673325	37430049.89889043	131.2437071285973	7442.962134046569	8091.309757700274	1.409779	40.299633	0.430916193597067	0.2380400554328662	-0.0832962224	-0.0897519876	-0.0437476843	-0.0018542748	-0.0528150534	-0.0103146677	-0.1208163159	-0.0733656435	-0.0748305111	0.0174319636	-0.0173465221	0.0916486095	-0.0065127271	-0.118668959	-0.0169024899	0.0549235821	0.0904340459	-0.0254997369	-0.0056506067	0.1123311999	0.0204929588	-0.0670056466	0.0737642996	-0.0238790511	0.0722405599	-0.0731595229	0.0755123772	0.0653158348	0.0831205601	0.0701584934	-0.0981462525	0.1096897395	-0.0948286808	-0.0055600438	0.0331502736	0.1012774294	-0.0948330676	0.0414709482	-0.1321540908	-0.0059351073	0.0566177522	-0.0392306008	-0.0454482463	0.0785928647	0.0757283952	0.0792567733	-0.0563795813	0.0158388126	-0.018022793	-0.0118027494	-0.0018047891	0.0582515838	-0.1160386293	0.0682446635	0.0248669731	-0.0241421238	-0.0351465831	-0.0371225185	0.0500552533	-0.0885489587	0.0425554228	-0.0177199211	-0.0233877752	0.029767961	0.1407157592	-0.0057009866	0.0694382199	-0.0358287998	-0.0394278057	-0.0670092396	-0.0422364512	-0.094144453	0.0579996034	0.0266171537	-0.0461249221	0.1335202824	0.0117951773	-0.0346939587	0.0809231508	-0.0324304024	-0.0743163749	-0.0171624427	0.0427278762	0.0155211073	-0.0457504381	0.0364292454	-0.0226403883	-0.0044941613	0.0530076829	0.0575047037	0.0005333094	-0.0247694921	-0.2259663141	0.0705290182	-0.0595381481	-0.0475846373	-0.0020393308	-0.0697018336	-0.0715489878	0.013930422	0.0493795099	0.0167981825	-0.0524490212	-0.0654683393	-0.0149565593	0.0907916387	-0.0471909824	0.0012683137	-0.0270758604	-0.1681226361	0.0676474285	0.0428124829	-0.0889159588	0.0033386066	0.0862941774	0.0451915713	0.0113612918	0.0167175574	-0.0643303981	-0.1180878944	-0.0785310552	0.0045106795	-0.0211735106	-0.1082942306	-0.0261718102	0.0511855479	0.0426036104	-0.0908736494	-0.0751411274	0.0083917463	-0.0860899715	0.0909326281	0.0165303702	-0.1306116695	-0.0355748396	0.0501722889	0.0013603461	-0.026939204	-0.020787442	0.090640658	0.0628011463	-0.0453932775	-0.0647629765	0.0301823008	-0.0676750391	0.0616422405	0.1445973809	-0.0927882388	0.0920091471	-0.0907155029	0.0889145408	-0.0866163325	0.0838337306	-0.0805822964	0.0768802134	-0.072748185	0.0326516119254449	-0.0001599538241663	0.0010661277613298	2.558522586545535e-08	-0.020625074369974	0.1065759782965187	0.01135843914986	0.0004253936927669	-0.3870664143672755	0.1287514587456968	0.0165769381291448	0.1498204091311394	-0.0036513564456951	-0.0030253388482019	9.1526751464396e-06	1.3332403893519152e-05	0.0044049676298592	0.0005600886592658	1.940373982010737e-05	3.136993062382729e-07	0.0033250775793834	-0.0003231485471459	1.1056140908918167e-05	1.0442498352250617e-07	0.0	0.0	0.0	0.0	0.0	0.0	0.0	0.0	0.0	0.0	0.0	0.0	0.0	0.0	0.0	0.0	0.0	0.0	0.0	0.0	0.0	0.0	0.0	0.0	0.0	0.0	0.0	0.0	0.0	0.0	0.0	0.0	0.0	0.0	0.0	0.0	0.0	0.0	0.0	0.0	0.0	0.0	0.0	0.0	0.0
6249.736331663959	-27.21196746089936	740.4911730930455	39059204.21532048	13028.226417361282	-19.6026462344671	384.26373939366727	169734683.5820304	6099.411186467589	-18.59910274331014	37202816.82160596	345.9266228562068	7429.11644667851	8074.233084807857	0.966088	27.616379	0.1117826747071216	0.0481148627946134	-0.0916127615	-0.0617031725	-0.059530835	-0.039457422	-0.1003897091	-0.0493776351	-0.1051894208	-0.0119504789	-0.1110579885	0.0385870524	-0.0816840764	0.0748287896	0.0604062155	-0.0920063594	-0.0244738622	0.0184588282	0.1162825441	-0.0191791	-0.0242209019	0.1267776971	-0.0836793101	-0.0713839065	-0.0292944574	-0.052658616	-0.0079198161	-0.0441651197	-0.0921362507	-0.0068272072	0.0410116735	0.0144371024	-0.1392752684	0.0475376717	0.025781793	-0.0313643912	0.0465784003	-0.0226336273	-0.0059352827	-0.0498217789	0.0362076811	0.008914672	0.0069238101	-0.0814234088	0.0044163947	-0.0050930683	-0.1167173867	0.0761220647	-0.0608547858	0.0824694475	-0.0436191962	0.0509966487	-0.1396625181	-0.0542751786	-0.0046045191	-0.0811685545	-0.0253129116	0.135852825	-0.0027928288	0.0341742855	0.038851373	-0.0134013539	-0.109150311	-0.0811515652	-0.0163473972	-0.1100976234	0.0315921682	-0.0385204792	-0.0907381237	0.0489970167	0.0441921555	0.0347881199	0.0575768398	0.0992628146	0.0018046826	-0.0879095332	-0.0826017304	0.0821330193	0.0118244142	0.0023025484	0.0953538447	-0.1221687193	-0.0717602048	0.0610633301	-0.0023944682	-0.0188967191	-0.0281278832	-0.0170868495	-0.0148786899	0.086664144	0.062539146	0.0385684345	-0.0956206451	-0.0342461042	-0.1815842841	-0.0390685125	-0.0140009105	-0.0379499375	0.0069670163	-0.0604589242	-0.0112881583	0.1078495691	0.0401239827	0.0644421262	-0.0124043817	0.0022141273	0.0200525015	-0.0388460121	0.0349222507	-0.0257107513	0.0024987245	0.009967636	0.0011543974	-0.0401074401	-0.0171744163	0.122654617	-0.0573483289	-0.0267655468	-0.0066570627	0.0956126782	-0.0002171203	0.0239970666	-0.0334161811	-0.0490992861	0.0478966347	-0.1041264461	-0.0186953906	0.0585611961	0.0357178956	-0.0799754324	-0.0671077234	0.0013802852	-0.0981009223	0.1207888389	0.0544628665	-0.0774840632	-0.0015995341	0.0673857554	0.0582095887	0.0482838592	0.0116855068	0.0080363656	0.1217898634	-0.0414115672	-0.1005463259	0.095026738	-0.0083346881	0.0974162419	0.132806613	-0.0928742226	0.0923522795	-0.0914845461	0.0902742713	-0.0887259867	0.0868454896	-0.0846398209	0.0821172393	-0.0792871898	0.0265759194331565	-0.0060756924922883	0.0007062794937176	3.691403926084961e-05	-0.032175581106685	-0.011550506736711	0.0001334142058748	0.0010352680195528	-0.3597465691953232	0.0273198451719522	0.0007463739402194	0.1294175940478054	-0.0030910023823635	0.0005603540633315	3.139966762922346e-07	9.554295727776831e-06	0.003838711328026	-0.0005662563018331	1.4735704659915136e-05	3.206461993658118e-07	0.0031149553384248	-0.0002101222409585	9.70294676038116e-06	4.4151356145463936e-08	0.0	0.0	0.0	0.0	0.0	0.0	0.0	0.0	0.0	0.0	0.0	0.0	0.0	0.0	0.0	0.0	0.0	0.0	0.0	0.0	0.0	0.0	0.0	0.0	0.0	0.0	0.0	0.0	0.0	0.0	0.0	0.0	0.0	0.0	0.0	0.0	0.0	0.0	0.0	0.0	0.0	0.0	0.0	0.0	0.0
6218.492425956605	-31.243905707354315	976.1816438500476	38669648.05167966	12935.336917907234	-92.88949945404784	8628.459108823554	167322941.17977384	6089.144697401259	-10.266489066329996	37077683.14588987	105.40079774907336	7412.407766528971	7919.436858146421	0.962337	27.509153	0.1064490721479641	0.0526039912523836	-0.0995214739	-0.0094878124	-0.1133979852	-0.0421950965	-0.0711942174	-0.063749916	-0.0512956802	-0.0807122238	-0.0644432982	0.0126019675	-0.0297677491	0.0979034254	0.1075665992	-0.052216858	0.0120857892	0.0005911168	0.0041012773	-0.0454787872	-0.1835858736	0.1217234104	0.0354061748	-0.1128373432	-0.0031672489	-0.0172384453	0.0384311654	-0.0377851111	-0.0442477011	-0.1224618932	0.0498177476	-0.0111699152	0.0048924668	0.0085978088	-0.0335483813	-0.0646828209	0.0465214203	0.0735310295	-0.0709502555	-0.0724602185	-0.174632774	-0.0186953956	0.0207034269	0.0719450714	0.0175410422	0.111264969	0.1350092865	-0.001675843	0.0806118557	-0.0139112636	0.0768266721	0.0667195266	0.0428915051	-0.0717143948	0.0300407466	-0.0582819663	-0.015893946	-0.0126232424	-0.0344747868	-0.1084143775	0.0552176317	-0.0483629224	0.110346071	0.0434844254	0.0293871108	0.1049868046	-0.0033499311	0.1403168473	-0.1172460481	0.0533346189	-0.0063159766	0.0169667356	0.0966233486	-0.0520527779	0.0283201264	-0.0041508498	-0.0884459899	0.0548523175	-0.0660771909	0.0078186139	0.0046876452	-0.0536202888	-0.1627701954	0.0381938653	0.0009952934	0.0058010686	-0.0436871847	-0.0308257072	0.0975123307	0.0219656519	-0.0604007365	0.040025197	0.0119275896	-0.0527283674	-0.101951216	-0.0377029907	-0.0939009379	-0.0642351407	0.0082650656	-0.1067979304	-0.0192679043	0.1154106101	0.0866660898	-0.0721085018	-0.0585891645	-0.125026114	-0.1168103944	0.0373336739	-0.0004376986	-0.0677291577	0.0171789569	-0.1266411692	-0.0534237156	0.0723802255	0.0585163359	-0.0260479055	-0.0384567408	0.1703292436	0.0009009458	-0.0348767149	0.0397630706	0.0188637094	0.0001188099	0.0759796433	-0.0621579886	-0.0843498562	0.0024413783	0.0328989863	0.0619671871	-0.0592182898	-0.0721130791	-0.0379862842	-0.1466706897	0.0554801637	0.0396011075	-0.0027869105	-0.029399366	-0.0062916886	0.005161962	0.0267631466	-0.059772773	-0.0269361921	-0.002313707	-0.0130722381	0.0101594796	0.0761914003	-0.0689453626	0.0282447444	0.1178022293	-0.0929430287	0.0926270906	-0.0921013223	0.0913669149	-0.090425532	0.0892793062	-0.0879308341	0.0863831703	-0.0846398209	0.0396904718447643	0.0131145524116077	0.00157533355526	0.0001719914849568	-0.0182815262968745	0.0138940548098105	0.000193044759058	0.0003342142037433	-0.3160203381989674	0.0437262309963558	0.0019119832771466	0.0998688541553897	-0.0032723577318869	-0.0001813553495234	3.28897628007546e-08	1.0708325125439978e-05	0.0042411492270642	0.0004024378990382	1.7987346766227263e-05	1.6195626258228088e-07	0.0029844639083826	-0.0001304914300421	8.907024820438346e-06	1.70280133144583e-08	0.0	0.0	0.0	0.0	0.0	0.0	0.0	0.0	0.0	0.0	0.0	0.0	0.0	0.0	0.0	0.0	0.0	0.0	0.0	0.0	0.0	0.0	0.0	0.0	0.0	0.0	0.0	0.0	0.0	0.0	0.0	0.0	0.0	0.0	0.0	0.0	0.0	0.0	0.0	0.0	0.0	0.0	0.0	0.0	0.0
6234.505277412352	16.012851455747295	256.4114117438283	38869056.05408248	12944.019653320312	8.682735413078262	75.38989425352334	167547644.7855425	6095.610290926266	6.465593525007535	37156464.8188462	41.80389963061936	7402.546783953082	7779.5189290200515	1.221407	34.914879	0.1219541421508735	0.0657310170511859	-0.044898919	0.0266556264	-0.0566040372	0.1039321795	-0.069262592	-0.0174221535	-0.0144642376	-0.0502026502	0.051571667	-0.0079654871	0.0211676028	0.0520236717	0.0558899514	-0.0198936677	0.0227616621	-0.074798776	-0.023778763	-0.0511215367	-0.1124930523	0.0509737408	-0.0432028732	-0.0722672512	-0.0286064689	0.0132927816	-0.025801523	-0.0607213475	0.0376203753	-0.0377205957	-0.0214889044	0.0141840979	0.0721808103	-0.0027587484	-0.0140033752	-0.1168411843	0.063046182	-0.0149579561	0.0105634674	-0.043699125	0.1067977114	-0.0875500843	-0.0424459171	-0.081916282	-0.1462929309	0.0612393338	-0.0710812379	-0.064693654	-0.0028490553	0.0186175408	-0.0397775316	0.0506457784	0.12766395	-0.0435914132	0.0123637186	-0.0682970801	0.0039456172	0.1319432642	-0.168518961	-0.0497110844	-0.0463922215	-0.0410999148	0.083531819	0.0090076023	-0.0649206256	-0.086618929	-0.0529687142	0.0101705543	-0.0114712639	-0.0326411702	-0.0066824509	0.0179708079	0.094766626	-0.0496486164	0.1571072738	-0.0800085593	-0.0203624759	0.0325628599	-0.0676824244	0.0548576914	-0.0656260862	-0.0550073635	-0.0446405273	0.029134812	0.0476903022	0.0133245101	-0.0425182104	-0.057406948	0.1290630023	0.0970029111	0.0059769662	-0.0364787623	-0.0878895293	0.0244017288	-0.0898732095	0.0396356562	0.0503585403	-0.0556721431	0.0479376436	0.0335666803	-0.094322202	0.0825836731	0.0088939304	0.0273132357	0.0641894507	0.1254159034	0.0438766294	0.1255990761	-0.0320423481	0.0108506872	-0.1129891615	0.0302556396	0.10114032	-0.0618464987	0.0740813464	0.0221291663	0.116168671	0.0456676661	0.0528744806	0.1434635415	-0.0806336698	-0.0108600174	0.1240347313	0.0218806873	-0.0557213302	-0.0493743014	0.0458468644	0.0580239191	0.0529817776	-0.040868079	-0.0823028973	-0.018596711	-0.0628167011	0.0723502245	0.0032945191	-0.0109477233	0.0542691909	-0.0011892194	0.1172266138	0.0353087617	-0.0591461911	-0.0557359591	0.0783605787	-0.0473413135	-0.0504577375	0.0353895049	-0.0603830898	0.0213849612	0.0037159103	-0.0929946445	0.092833377	-0.0925648049	0.0921892388	-0.0917071126	0.0911189838	-0.090425532	0.0896275589	-0.0887259867	0.0259688425118156	-0.0137216293329486	0.0006743807814034	0.0001882831115508	-0.0170665256068076	0.0012150006900669	1.4762266768630435e-06	0.0002912662962878	-0.2650213384255195	0.0509989997734479	0.0026008979778921	0.0702363098208537	-0.0035854699201453	-0.0003131121882584	9.803924243596381e-08	1.2855594548266744e-05	0.003851925783554	-0.0003892234435102	1.4837332242008096e-05	1.5149488897793825e-07	0.002566429293063	-0.0004180346153196	6.586559316291849e-06	1.7475293960540618e-07	0.0	0.0	0.0	0.0	0.0	0.0	0.0	0.0	0.0	0.0	0.0	0.0	0.0	0.0	0.0	0.0	0.0	0.0	0.0	0.0	0.0	0.0	0.0	0.0	0.0	0.0	0.0	0.0	0.0	0.0	0.0	0.0	0.0	0.0	0.0	0.0	0.0	0.0	0.0	0.0	0.0	0.0	0.0	0.0	0.0
6263.152609088763	28.64733167641043	820.6696121782685	39227080.604735374	13063.229332150437	119.20967883012418	14210.947526781356	170647960.58435553	6130.171589371425	34.56129844515908	37579003.71513659	1194.4833502153556	7458.046533803973	7838.163800737935	1.901908	54.367508	0.5792507492029324	0.2855807294638977	0.0629525124	0.020775291	-0.0353390342	0.0145786376	0.1016006241	0.075687838	0.0153418211	-0.0774894509	-0.062560943	-0.0982941749	0.1254555695	-0.0923384307	-0.0883394105	-0.0057380724	0.0670529961	0.0473539387	-0.0293140265	-0.0875064143	0.1087711687	0.0605805526	0.0968841989	-0.04690292	0.0239408206	0.1676954157	-0.0325090155	-0.0073836403	0.0252357578	-0.0525086123	0.1849743031	0.1752033781	0.1151295837	-0.0057427396	0.0513851121	-0.0643275299	0.0068422594	-0.1256205031	0.0400845612	0.0838995425	-0.0302043023	-0.0779900116	0.0318645035	0.0075921736	0.0302845957	-0.2237178239	-0.0914703335	-0.0339912209	-0.0935005812	-0.1637606681	0.0106813899	-0.0060652121	-0.0118659581	0.0659902349	0.0191152479	-0.1009725215	0.0884107627	0.0664043224	-0.032568149	0.096945735	-0.0569792975	-0.0474077693	0.1234732087	-0.0074797098	0.0117701096	-0.061552811	0.0660816834	-0.0285692837	-0.0050377944	-0.0001637736	-0.0016452293	0.1178994758	-0.08993665	0.0252976003	-0.0729610688	0.0137192798	0.078075857	0.0298915146	-0.04012973	-0.1703535586	0.0064644164	-0.0103276781	-0.0228859788	-0.0955475605	0.0383677197	0.0515984655	-0.0343255989	-0.083532942	-0.035751117	-0.282828547	-0.1751869377	0.0705452364	-0.0642966302	0.1159292974	0.0416335521	0.0382278465	-0.0799209024	0.1508704599	0.0033052585	0.0619449659	0.0363834501	0.0740177215	0.0258861262	0.0719815136	-0.05295908	0.0620826012	-0.0342878007	-0.0363070556	-0.0851035303	0.119775988	-0.0608295607	0.0779877212	0.0338731926	-0.1748451363	-0.0106179155	0.1757584824	0.0797922055	-0.0185896862	0.1310567577	0.0748793571	0.0983102047	0.0027860982	-0.0014154813	-0.0283169853	0.0481383982	0.0750250665	-0.0501157803	-0.0550046905	-0.0669648178	0.1912561591	-0.1500227417	0.1825306471	-0.140507226	0.0472360974	-0.0748715353	0.0959636894	-0.0748271027	-0.1397434181	-0.0981446101	-0.0700329115	0.2993634955	0.0901173042	-0.3182801375	0.095566042	0.1216996324	-0.0216705266	-0.0171240942	-0.180882595	0.1299481441	-0.0930290603	0.0929709861	-0.0928742226	0.0927388101	-0.0925648049	0.0923522795	-0.0921013223	0.0918120377	-0.0914845461	0.0172396665688268	-0.0087291759429888	0.0002972061034043	7.61985126436544e-05	0.1466167092484198	0.1636832348552274	0.0267922013726715	0.0214964594308356	-0.0803818242489384	0.1846395141765811	0.0340917501953638	0.0064612376695872	-0.0012367166493154	0.0023487532708299	5.516641927234156e-06	1.52946807069391e-06	0.003412916365107	-0.0004390094184469	1.1647998115215175e-05	1.9272926948517306e-07	0.0042226430883488	0.0016562137952858	1.7830714651579895e-05	2.743044135694995e-06	0.0	0.0	0.0	0.0	0.0	0.0	0.0	0.0	0.0	0.0	0.0	0.0	0.0	0.0	0.0	0.0	0.0	0.0	0.0	0.0	0.0	0.0	0.0	0.0	0.0	0.0	0.0	0.0	0.0	0.0	0.0	0.0	0.0	0.0	0.0	0.0	0.0	0.0	0.0	0.0	0.0	0.0	0.0	1.0	0.0
6316.113578205992	52.96096911722907	2804.8642498360914	39893290.7327981	13115.782575472133	52.553243321695845	2761.843383629369	172023752.5670584	6156.098114412594	25.926525041169043	37897543.9942743	672.1847007103654	7479.573493317585	8141.8999896141795	2.536366	72.50399	0.6695519778283489	0.6018215761617985	0.0287228474	-0.1199307964	-0.1130376408	-0.1556595613	0.3524018009	0.0842157124	0.0271552346	-0.0501450092	-0.1155618295	0.0054041093	0.2584813011	-0.1387761636	-0.1878124437	0.0522285894	0.3204095014	0.2171082766	0.1083474694	0.1202975858	0.1016501991	0.0870625031	-0.0503757001	0.1382826744	0.1534459894	0.0053650704	0.0298428748	0.0150564324	0.0846380249	0.0387096292	0.0586871339	-0.20476871	0.1139365475	0.0501882119	0.0630637475	0.0507227734	-0.1269234072	-0.1137562528	0.0080242738	0.0500918519	-0.0717143935	-0.0448110323	0.0890990513	0.1208466341	0.0770110811	0.0070470683	0.0534275165	-0.071774483	0.0224140527	0.1027898904	-0.0109354718	0.0706799542	-0.026283652	0.0184692895	0.0824049219	-0.1039679277	-0.1081377395	-0.0090431995	0.0468479659	-0.0138523041	-0.0497294091	0.0296594332	-0.0690519163	-0.0185453381	-0.0203546241	-0.0550005316	-0.0145791028	0.0153926765	0.0801895987	-0.0417275481	-0.012641062	-0.0355883792	0.0890675976	-0.0076377962	-0.0817285489	-0.0405901903	0.1184528563	-0.0151955605	-0.1388299003	-0.221985432	0.2365412358	0.1561861402	0.2129363925	0.1996474709	-0.0970039704	0.0876079215	0.0532550102	-0.0717615006	-0.1324349556	0.0320308313	-0.1029735008	0.227912266	0.2191595322	0.0140947272	0.0492990065	0.0922580821	0.0027088147	0.0957791063	-0.0361761988	-0.0826965965	0.0390120667	0.111789206	-0.021680653	0.0186032787	-0.0405642779	-0.0062997289	0.018281512	-0.1484997367	0.1346943443	0.0218864756	0.075077556	0.1225519383	-0.0895587881	-0.0152414481	-0.0107085727	-0.1625887507	0.0247625806	0.0486021083	-0.1251474319	-0.067736291	-0.0399512782	0.0212207009	-0.045464696	0.0183208395	0.0533710583	0.0931551649	-0.3950465886	-0.3129417309	-0.180625235	0.0373011484	0.1894064576	-0.0119144576	0.0617378744	-0.1615893937	0.0944150909	0.1660345039	0.2628765338	-0.1744291225	0.2393416162	-0.0479550679	0.0503778254	0.0684654002	0.3369063356	0.28627009	0.1376044511	-0.0728743027	0.0125496173	0.2281918299	-0.0439295859	-0.0930462698	0.0930398161	-0.0930290603	0.0930140029	-0.0929946445	0.0929709861	-0.0929430287	0.0929107737	-0.0928742226	0.0368181228314057	0.0195784562625789	0.0013555741688284	0.0003833159496257	0.1627948013523905	0.0161780921039706	0.0002617306641245	0.0265021473473642	-0.1305833025081426	-0.0502014782592041	0.0025201884194093	0.017051998893933	0.0100167013242249	0.0112534179735403	0.0001266394160871	0.0001003343054187	0.0030640973350894	-0.0003488190300176	9.38869247890196e-06	1.2167471570241944e-07	0.0042922851088428	6.96420204939997e-05	1.8423711455593646e-05	4.850011018486673e-09	0.0	0.0	0.0	0.0	0.0	0.0	0.0	0.0	0.0	0.0	0.0	0.0	0.0	0.0	0.0	0.0	0.0	0.0	0.0	0.0	0.0	0.0	0.0	0.0	0.0	0.0	0.0	0.0	0.0	0.0	0.0	0.0	0.0	0.0	0.0	0.0	0.0	0.0	0.0	0.0	0.0	0.0	0.0	0.0	1.0
