global_signal	global_signal_derivative1	global_signal_power2	global_signal_derivative1_power2	csf	csf_derivative1	csf_derivative1_power2	csf_power2	white_matter	white_matter_derivative1	white_matter_power2	white_matter_derivative1_power2	csf_wm	tcompcor	std_dvars	dvars	framewise_displacement	rmsd	t_comp_cor_00	t_comp_cor_01	t_comp_cor_02	t_comp_cor_03	t_comp_cor_04	c_comp_cor_00	c_comp_cor_01	c_comp_cor_02	c_comp_cor_03	c_comp_cor_04	c_comp_cor_05	c_comp_cor_06	c_comp_cor_07	c_comp_cor_08	c_comp_cor_09	w_comp_cor_00	w_comp_cor_01	w_comp_cor_02	w_comp_cor_03	w_comp_cor_04	w_comp_cor_05	w_comp_cor_06	w_comp_cor_07	w_comp_cor_08	w_comp_cor_09	w_comp_cor_10	w_comp_cor_11	w_comp_cor_12	w_comp_cor_13	w_comp_cor_14	w_comp_cor_15	w_comp_cor_16	w_comp_cor_17	w_comp_cor_18	w_comp_cor_19	w_comp_cor_20	w_comp_cor_21	w_comp_cor_22	w_comp_cor_23	w_comp_cor_24	w_comp_cor_25	w_comp_cor_26	w_comp_cor_27	w_comp_cor_28	w_comp_cor_29	w_comp_cor_30	w_comp_cor_31	w_comp_cor_32	w_comp_cor_33	w_comp_cor_34	w_comp_cor_35	w_comp_cor_36	w_comp_cor_37	w_comp_cor_38	w_comp_cor_39	w_comp_cor_40	w_comp_cor_41	w_comp_cor_42	w_comp_cor_43	w_comp_cor_44	w_comp_cor_45	w_comp_cor_46	w_comp_cor_47	w_comp_cor_48	w_comp_cor_49	w_comp_cor_50	w_comp_cor_51	w_comp_cor_52	w_comp_cor_53	w_comp_cor_54	w_comp_cor_55	w_comp_cor_56	w_comp_cor_57	w_comp_cor_58	w_comp_cor_59	w_comp_cor_60	w_comp_cor_61	w_comp_cor_62	w_comp_cor_63	w_comp_cor_64	w_comp_cor_65	w_comp_cor_66	w_comp_cor_67	w_comp_cor_68	w_comp_cor_69	a_comp_cor_00	a_comp_cor_01	a_comp_cor_02	a_comp_cor_03	a_comp_cor_04	a_comp_cor_05	a_comp_cor_06	a_comp_cor_07	a_comp_cor_08	a_comp_cor_09	a_comp_cor_10	a_comp_cor_11	a_comp_cor_12	a_comp_cor_13	a_comp_cor_14	a_comp_cor_15	a_comp_cor_16	a_comp_cor_17	a_comp_cor_18	a_comp_cor_19	a_comp_cor_20	a_comp_cor_21	a_comp_cor_22	a_comp_cor_23	a_comp_cor_24	a_comp_cor_25	a_comp_cor_26	a_comp_cor_27	a_comp_cor_28	a_comp_cor_29	a_comp_cor_30	a_comp_cor_31	a_comp_cor_32	a_comp_cor_33	a_comp_cor_34	a_comp_cor_35	a_comp_cor_36	a_comp_cor_37	a_comp_cor_38	a_comp_cor_39	a_comp_cor_40	a_comp_cor_41	a_comp_cor_42	a_comp_cor_43	a_comp_cor_44	a_comp_cor_45	a_comp_cor_46	a_comp_cor_47	a_comp_cor_48	a_comp_cor_49	a_comp_cor_50	a_comp_cor_51	a_comp_cor_52	a_comp_cor_53	a_comp_cor_54	a_comp_cor_55	a_comp_cor_56	a_comp_cor_57	a_comp_cor_58	a_comp_cor_59	a_comp_cor_60	edge_comp_00	edge_comp_01	edge_comp_02	edge_comp_03	edge_comp_04	edge_comp_05	edge_comp_06	edge_comp_07	edge_comp_08	edge_comp_09	edge_comp_10	edge_comp_11	edge_comp_12	edge_comp_13	edge_comp_14	edge_comp_15	edge_comp_16	edge_comp_17	edge_comp_18	edge_comp_19	edge_comp_20	edge_comp_21	edge_comp_22	edge_comp_23	cosine00	cosine01	cosine02	cosine03	cosine04	cosine05	cosine06	cosine07	cosine08	non_steady_state_outlier00	trans_x	trans_x_derivative1	trans_x_power2	trans_x_derivative1_power2	trans_y	trans_y_derivative1	trans_y_derivative1_power2	trans_y_power2	trans_z	trans_z_derivative1	trans_z_power2	trans_z_derivative1_power2	rot_x	rot_x_derivative1	rot_x_power2	rot_x_derivative1_power2	rot_y	rot_y_derivative1	rot_y_derivative1_power2	rot_y_power2	rot_z	rot_z_derivative1	rot_z_power2	rot_z_derivative1_power2	motion_outlier00	motion_outlier01	motion_outlier02	motion_outlier03	motion_outlier04	motion_outlier05	motion_outlier06	motion_outlier07	motion_outlier08	motion_outlier09	motion_outlier10
6271.119274480291	n/a	39326936.95475821	n/a	16071.766392446269	n/a	n/a	258301674.9733653	6275.474336608477	n/a	39381578.1494316	n/a	7436.835346231242	9537.680080417598	n/a	n/a	n/a	n/a	0.0	0.0	0.0	0.0	0.0	0.0	0.0	0.0	0.0	0.0	0.0	0.0	0.0	0.0	0.0	0.0	0.0	0.0	0.0	0.0	0.0	0.0	0.0	0.0	0.0	0.0	0.0	0.0	0.0	0.0	0.0	0.0	0.0	0.0	0.0	0.0	0.0	0.0	0.0	0.0	0.0	0.0	0.0	0.0	0.0	0.0	0.0	0.0	0.0	0.0	0.0	0.0	0.0	0.0	0.0	0.0	0.0	0.0	0.0	0.0	0.0	0.0	0.0	0.0	0.0	0.0	0.0	0.0	0.0	0.0	0.0	0.0	0.0	0.0	0.0	0.0	0.0	0.0	0.0	0.0	0.0	0.0	0.0	0.0	0.0	0.0	0.0	0.0	0.0	0.0	0.0	0.0	0.0	0.0	0.0	0.0	0.0	0.0	0.0	0.0	0.0	0.0	0.0	0.0	0.0	0.0	0.0	0.0	0.0	0.0	0.0	0.0	0.0	0.0	0.0	0.0	0.0	0.0	0.0	0.0	0.0	0.0	0.0	0.0	0.0	0.0	0.0	0.0	0.0	0.0	0.0	0.0	0.0	0.0	0.0	0.0	0.0	0.0	0.0	0.0	0.0	0.0	0.0	0.0	0.0	0.0	0.0	0.0	0.0	0.0	0.0	0.0	0.0	0.0	0.0	0.0	0.0	0.0	0.0	0.0	0.0	0.0	0.0	0.0	0.0	0.0	0.0	0.0	0.0	0.0	0.0	0.0	0.0	0.0	0.0	0.0	0.0	0.0	0.0	1.0	0.0535544225724038	n/a	0.0028680761770635	n/a	-0.0458330360288243	n/a	n/a	0.0021006671916195	0.0399823685059104	n/a	0.0015985897913424	n/a	0.0026006314131698	n/a	6.763283747165551e-06	n/a	-0.0021179005528286	n/a	n/a	4.4855027516716895e-06	0.0020057598453214	n/a	4.023072557103726e-06	n/a	0.0	0.0	0.0	0.0	0.0	0.0	0.0	0.0	0.0	0.0	0.0
6248.038039336355	-23.081235143936283	39037979.34099408	532.7434157696794	15747.505228935916	-324.2611635103531	105145.30216108794	247983920.935364	6281.229594292616	5.755257684138996	39453845.21621738	33.12299101084096	7407.208668942211	9380.772076095414	1.369253	26.507021	0.0699564283388213	0.0290094917718145	0.0253140027	-0.0809657489	0.0182771029	-0.0338138206	0.0384667029	0.0623634411	-0.0707853164	0.1695736937	-0.0854662654	0.2100867944	-0.174656034	0.0798098055	-0.0240020848	0.0647276036	-0.1590829048	0.0856711985	-0.0559560936	-0.0399260937	0.0091084151	-0.0030479829	0.0776377235	0.0603211821	-0.0214666048	0.0018278383	-0.0391155959	0.0115941253	-0.0016302357	0.010680588	-0.0562694248	0.0663722087	-0.0777370813	0.0594740286	-0.0186470511	0.0012639568	-0.0179772439	0.0558204594	-0.0376122903	0.0190598692	-0.1372520465	0.1831589203	-0.0714514475	0.0490119189	-0.0451962298	0.0865688585	-0.0867339389	0.0355196625	-0.0258657804	0.0899591096	-0.0053062936	0.0228054334	-0.0595793187	0.0153232742	-0.1170663894	0.064317211	0.0227534797	-0.0657501417	-0.0489223857	0.0872800675	-0.0717265958	0.0561933109	0.1099582594	0.003856882	-0.0009228233	-0.0715380065	0.0055824405	0.0041440245	0.0643999307	-0.0403830247	0.0840301013	0.0528628396	-0.0701512321	-0.0259603936	-0.04788864	0.0718692221	-0.0644519429	-0.0982657213	0.0462662023	0.0023588053	0.011885128	0.0211010588	-0.0756471241	-0.018731348	0.0526372767	0.0593661521	-0.0683767461	-0.0696538368	0.0257551495	-0.0314019171	-0.0095054121	0.0025314352	-0.104567051	0.0882152593	-0.0929579036	0.0856723555	-0.040115786	0.002730647	-0.2090652155	0.0143407584	-0.0138443016	0.1599740885	-0.1129903688	0.2199760852	-0.0710742754	0.1117891646	-0.0644902679	0.0319842534	0.0845733796	-0.0754847743	0.0479503216	-0.0096791039	0.036977838	-0.0964603383	0.1460227663	-0.0914037426	0.0729048744	-0.015243626	0.0195355455	-0.0953037153	0.1299172867	-0.0940383417	0.0071222223	-0.0934040278	0.0498591769	-0.0426018599	0.0253523174	0.0203400502	-0.0715707448	0.0658770354	-0.0221647664	-0.0003424299	0.0812727611	-0.0318731349	-0.0752656933	0.0098277419	0.0584549951	-0.0244145291	-0.0736725348	0.0509894213	-0.0748275011	-0.0027279422	-0.0163156235	0.105987687	0.0193033269	-0.103583439	0.0045759017	0.0222645351	0.1385996033	-0.0573545838	0.0881689034	0.0337691951	-0.0013302396	0.1002283721	-0.1868973219	0.1240876842	-0.2767437628	0.0472955279	-0.0056884713	0.1246724422	-0.0777346287	-0.0264703657	0.0608238977	-0.0438873274	0.0425604687	-0.0042673567	0.1353246021	-0.3733021278	0.0735005388	-0.0431263201	0.0206527518	-0.0868746254	0.0932483061	0.093241782	0.0932309089	0.0932156873	0.0931961179	0.0931722015	0.0931439394	0.0931113328	0.0930743832	0.0	0.0676738342248342	0.0141194116524303	0.0045797478386903	0.0001993577854107	-0.0531185095616422	-0.0072854735328179	5.307812459739016e-05	0.0028215760580502	0.0318881227739424	-0.008094245731968	0.001016852374046	6.551681396948219e-05	0.0024929637033128	-0.000107667709857	6.21486802603507e-06	1.1592335745851156e-08	-0.0017809593408366	0.000336941211992	1.135293803386379e-07	3.1718161737131365e-06	0.0016412228187383	-0.000364537026583	2.6936123407472904e-06	1.328872437500477e-07	0.0	0.0	0.0	0.0	0.0	0.0	0.0	0.0	0.0	0.0	0.0
6254.540830314135	6.502790977780023	39119280.99806663	42.28629050069727	15670.558519580696	-76.94670935521935	5920.796080596601	245566404.31560317	6287.141471378477	5.911877085861306	39528147.88112712	34.95029067833197	7395.85582470393	9335.722081013311	1.354228	26.216154	0.1568016878539149	0.0687663064802959	-0.0222795139	0.0559913601	0.1366098152	0.0041295198	0.0084611566	-0.0558775843	-0.0247128793	0.1013153378	0.0395428695	-0.0255076062	-0.1776605436	0.0338329326	0.0537840285	0.1009396352	-0.088090943	0.07895577	0.0444514895	-0.0849069324	0.0430605963	0.1448365086	-0.0202429619	0.0023980435	-0.0063063571	-0.0778272243	-0.0304155017	-0.0328341	-0.052597374	-0.1006083318	-0.0642692643	0.1388581034	0.0141625021	0.0428064476	0.0342069238	0.0122818209	-0.0556566003	-0.0013326177	-0.037451194	-0.1097220816	-0.011894989	0.0339790375	-0.0166340093	0.0570737868	0.046335029	-0.1358108414	-0.0435872029	-0.0403256884	-0.0610966026	-0.0292097043	0.1362375588	-0.0076371524	0.0428887659	-0.0557716569	-0.0135121814	-0.0162964898	-0.099190423	-0.0917016747	0.0539129492	-0.0202393847	-0.1367850934	0.1039907697	0.0608777326	-0.0776110387	0.0313467793	-0.0123274052	-0.0763965532	-0.0065539032	-0.0277838897	0.0687996124	0.0582797513	-0.0546382005	-0.1260271661	0.1279453323	0.0048627048	-0.0668227103	0.0542317113	-0.0742173206	0.0733716472	0.0233121113	0.1865890636	0.0095511194	0.0428236066	-0.0191107073	0.0016566212	0.0177935101	-0.0457216817	0.0558149368	0.0279643296	-0.0829493638	0.0551009653	-0.1189483193	-0.0110596762	0.1380846849	-0.0322183339	-0.0118126243	-0.0941217774	-0.0003178078	-0.0447116021	-0.0425315648	-0.0589600933	0.0252002574	-0.0739890082	0.0445005324	0.0554149503	0.1539193438	-0.0715499165	0.1369112433	0.0474810439	-0.0872860987	0.0009366205	-0.0378909406	-0.0937836385	-0.0584277041	0.1230091306	0.0472886564	0.0705310952	-0.0068761454	-0.0857695871	-0.0247074101	-0.0646968167	-0.0568587598	0.0118478203	-0.0184274211	0.0664353918	0.1674454511	-0.0563695555	0.0417340011	0.0667698277	0.027020621	0.0702450154	-0.0439170017	0.0123329864	0.0504781887	-0.0029953723	0.2112659524	0.107565371	-0.063701846	-0.0121420672	-0.0123945165	0.0208465932	0.0881027439	-0.150483736	-0.1163156734	0.0152317889	-0.0602711533	-0.039927087	0.0848705987	0.061779308	-0.0197626008	-0.0301537165	0.1004297379	-0.0513325116	0.1202444894	-0.2095475185	0.0415019013	-0.1550202089	0.0991957658	0.1322782753	-0.1060725548	-0.0451540255	-0.0470042213	0.0339496753	0.1263964239	0.0402653642	-0.0162502351	0.0953030576	-0.1361050751	-0.0085640899	-0.0100606855	0.026125556	-0.0701755484	0.0932309089	0.0931722015	0.0930743832	0.0929374951	0.0927615946	0.0925467555	0.0922930681	0.0920006388	0.0916695905	0.0	0.0563023914421592	-0.0113714427826749	0.0031699592821061	0.0001293097109596	-0.0282650375905291	0.024853471971113	0.0006176950690189	0.000798912349994	0.0136973140869756	-0.0181908086869668	0.0001876164131972	0.0003309055206858	0.0015711423299665	-0.0009218213733462	2.4684882210125625e-06	8.497546443580583e-07	-0.0013302380981581	0.0004507212426784	2.031496386016513e-07	1.769533397791279e-06	0.0009660461464999	-0.0006751766722383	9.332451571673064e-07	4.558635387349197e-07	0.0	0.0	0.0	0.0	0.0	0.0	0.0	0.0	0.0	0.0	0.0
6266.601629427509	12.060799113373832	39270295.9819435	145.462875253159	15596.7209956817	-73.83752389899564	5451.979935534752	243257705.8171384	6295.445431379528	8.303960001050655	39632633.17947736	68.95575169904919	7405.931087581484	9463.540765888982	1.35244	26.181543	0.0433301548102759	0.0268287582159503	-0.0157886922	-0.0306630138	0.0279704048	-0.1410584644	-0.1364507632	-0.0086972152	-0.03360471	0.1652663619	-0.0325152445	-0.0901359252	0.0185088299	0.01336157	-0.0670761213	-0.0767738058	-0.2072338333	0.0450011809	0.005442554	-0.1572390148	-0.0052091869	0.1278673511	-0.05676363	-0.04564185	-0.078483697	0.050221712	0.1525331998	-0.0981088958	0.0015219842	0.100807257	-0.0304784128	-0.087539309	-0.0775412053	-0.0096955457	0.0095129582	0.1461022067	0.0727678548	0.086240666	0.1187473464	-0.095538339	0.0365774066	0.0233377034	-0.0627035272	0.0396265646	0.0239695029	-0.0286139105	0.0198839904	0.074082194	0.0125359383	-0.0830310205	0.0487131946	0.0077957005	-0.0072839302	0.0138959884	-0.1329293931	-0.0470031244	0.0217526665	-0.070270969	0.1270475682	-0.068288678	0.0333562976	0.0463821193	-0.1058076452	-0.0077780127	0.0605545753	-0.1048774579	-0.0906656142	0.0916621924	-0.1231779007	-0.0622003887	0.0069757775	0.0404717551	-0.0478816537	-0.093875827	0.0598897039	-0.0574939129	0.0987252772	0.0774792353	-0.0068481591	-0.0105180744	-0.0100175996	-0.0669241611	-0.0533815755	0.0606871823	-0.0009259621	0.0393542567	0.0326053688	-0.0049083752	0.0164700709	-0.0867107921	-0.0209677024	-0.0698026153	0.1075042715	0.0362692967	-0.2306601259	0.1463220268	0.0727425623	0.0641134968	0.0314589932	0.0292021284	0.0307493162	-0.0052454672	0.0460430398	-0.0223211902	-0.1033752416	0.1237072059	-0.0376742802	0.1489008357	-0.0484081181	0.0260854149	0.1325346756	0.0361704313	-0.0257792385	-0.0330640022	0.0430817382	0.0537747085	-0.0493582464	-0.0437940737	0.0353599934	-0.0164737838	-0.0791003456	-0.133721412	-0.0279991069	-0.0381958136	-0.0474067367	0.1031159304	-0.0481608587	0.0602324411	-0.1093033666	-0.1225421925	0.1068036578	0.0663338095	-0.038987422	0.0566687583	-0.0670600552	-0.0582600194	-0.0127370131	0.1299583439	-0.0030308361	-0.0310155228	0.0283733346	-0.0553299485	0.1486539245	0.0397791174	0.1234923904	0.1089571021	-0.0439967757	0.0628257306	0.0376262766	-0.03927927	0.0048017228	0.0719168766	-0.045377533	0.0399181548	-0.1671095611	0.1381180341	-0.0732983086	0.0323725132	-0.1500623154	-0.1107325144	0.0372160125	-0.0491712465	-0.0250319979	-0.0434416717	-0.0492671489	0.0043406728	0.091138398	0.0140468853	0.0106053798	-0.0304534044	0.0406870141	-0.0380736148	0.0931961179	0.0930330924	0.0927615946	0.0923819408	0.0918945739	0.0913000619	0.0905990982	0.0897925	0.0888812078	0.0	0.0626434158497346	0.0063410244075753	0.0039241975493227	4.020859053746692e-05	-0.0256882703473593	0.0025767672431698	6.639729425472896e-06	0.000659887233439	-0.0108900204390351	-0.0245873345260107	0.0001185925451626	0.0006045370190939	0.0015940270945508	2.288476458429988e-05	2.540922378162065e-06	5.23712450078826e-10	-0.001330371153652	-1.3305549390009094e-07	1.7703764456997138e-14	1.7698874064693537e-06	0.0007925633939077	-0.0001734827525922	6.28156733362492e-07	3.0096265446966484e-08	0.0	0.0	0.0	0.0	0.0	0.0	0.0	0.0	0.0	0.0	0.0
6235.260076138136	-31.341553289372317	38878468.21708216	982.2929625905643	15581.206842736352	-15.514152945348542	240.68894161166685	242774006.6761341	6280.631378834776	-14.814052544751576	39446330.516804025	219.45615279866064	7397.955841138995	9384.458709535324	1.436127	27.801617	0.0416484836956171	0.0244526438492431	-0.0112048908	0.1039023778	0.0500504228	0.0293768649	-0.0278180256	-0.0801759681	0.1236060384	-0.0315941004	0.0825811793	0.0787479168	-0.0380694579	-0.0838978505	0.0202742409	-0.0244598184	-0.125013975	-0.0669998364	0.1251536596	-0.1098144501	0.059913898	-0.1185770944	0.0555540427	0.0028432402	0.0870080335	-0.0021776149	0.0045526549	-0.0824249406	-0.0732691121	-0.05023478	-0.0030071771	0.047853998	-0.0419832234	-0.0356258538	-0.0885056796	0.0533659274	0.0312502471	0.0661600329	-0.0850585403	0.0638961008	0.023497886	-0.0590111958	0.0675557727	-0.0343653406	-0.0269464598	0.0580382618	-0.1211768442	0.0002049531	0.100193018	0.0606181734	0.0042725545	-0.0476346379	-0.0286787432	-0.0746983001	-0.0471531762	0.0739226634	0.0029239538	-0.0385461078	-0.0907307579	-0.0544716363	0.01058038	-0.019212152	-0.0782235622	0.0053081948	0.0589124005	0.0676832716	0.1122482211	-0.0357821862	-0.0311058274	0.0470811567	-0.0813466266	0.0136823008	0.0058871383	-0.1434715138	-0.1276311963	-0.0334280091	-0.0265987362	-0.0184625925	0.0255319213	-0.027911498	-0.0167956878	0.057383417	-0.0542913183	-0.1034619628	0.0580497859	-0.0613716718	-0.0757635946	0.1160930805	-0.0457624481	0.0880971668	-0.1158106021	-0.0829736175	-0.1402882283	0.0176864859	-0.0313696743	-0.0058959232	0.0141444715	0.03481106	0.0601619177	0.0623706122	0.0539853576	-0.0105994329	-0.1112397193	-0.0250259586	-0.0031823219	0.0447230223	-0.0033110851	0.0174047568	-0.0479846775	-0.0552541047	-0.0845115517	-0.047852918	-0.1004761936	-0.0012418923	-0.0348651476	-0.1532238784	-0.090405866	-0.0263892492	0.0046270311	-0.0559370299	0.0226467631	0.0828230609	0.0457467349	0.0175137753	-0.0239478827	-0.0057514185	0.0349483716	-0.0181227241	-0.0260822007	-0.0402078333	0.0240453117	0.0547196012	0.0067260145	-0.124917348	0.0185890512	0.0106600777	0.0648961859	0.0697952305	0.0013328593	-0.0156885954	-0.0490345962	-0.0111027025	0.0415806241	0.0921673095	-0.0311585566	-0.1077697258	0.0308621725	-0.1488209614	0.0258568267	0.028485793	-0.0739879258	0.0632522136	0.0380032427	0.0202820736	-0.0824010271	0.0680819169	-0.0839203385	0.0630022046	-0.0767093375	0.1143998241	-0.0004956365	0.0421572158	0.0355713987	0.125864307	-0.1077431748	-0.0379409455	0.0516805704	0.0797347157	0.0192537465	-0.0640310395	-0.0296339675	-0.0644422551	0.0931439394	0.0928245585	0.0922930681	0.0915506825	0.0905990982	0.0894404896	0.0880775042	0.0865132565	0.0847513209	0.0	0.0537193477206443	-0.0089240681290902	0.0028857683195314	7.963899197264515e-05	-0.0259442988886888	-0.0002560285413295	6.555061397531173e-08	0.0006731066448256	-0.0046347343586177	0.0062552860804174	2.1480762574951425e-05	3.912860394786368e-05	0.0012409546708636	-0.0003530724236871	1.5399684951381858e-06	1.2466013636835366e-07	-0.0011720173310629	0.0001583538225891	2.5075933128580188e-08	1.3736246243118032e-06	0.0007797276212884	-1.283577261930002e-05	6.079751634000665e-07	1.6475705873437214e-10	0.0	0.0	0.0	0.0	0.0	0.0	0.0	0.0	0.0	0.0	0.0
6216.23424264485	-19.025833493285973	38641568.1594304	361.98234011424233	15525.50079113924	-55.70605159711158	3103.1641845400577	241041174.8156652	6265.962012521005	-14.669366313771206	39262279.94235628	215.19030804760544	7382.285235264736	9368.587031081835	1.415988	27.411764	0.0478496873155477	0.028412972535636	0.1380656785	-0.0140964092	-0.131844417	0.0452460647	-0.0778456673	0.1233684163	0.0622751362	-0.1678501517	-0.0030375074	-0.1178777478	0.0034131292	0.0565363526	0.0160286177	-0.0048862734	-0.0465288229	-0.0980816723	-0.0761009729	0.0319646942	0.088902351	0.0205286952	0.0290349328	0.0046317095	-0.059228478	-0.0483277652	0.0596619584	0.0529595413	-0.0169233078	-0.0424954442	-0.0165044878	-0.0043510075	0.1033647782	0.17783647	0.0320464555	0.0388599906	0.1089136584	-0.0076608367	0.1109909389	0.0003622593	-0.0424070592	-0.0986946085	0.0706914802	-0.0507534659	-0.0262660064	-0.0707740767	0.0309997755	0.0563658439	-0.0641012865	-0.012386787	-0.0470915934	-0.0339481352	-0.010258601	0.0988314532	0.1078869365	0.019518631	0.0206245851	0.0029945718	0.0283667657	-0.0145399568	0.1496338247	0.0509735887	-0.0500286068	0.0886942379	0.0863954143	0.051573353	-0.053565692	-0.0580141069	-0.0444960386	0.0461464324	-0.0451869931	-0.023813122	-0.0182432204	0.040727562	0.1554571995	0.0809353308	-0.0004401378	-0.0749398888	-0.0944600124	-0.0074512862	0.0562257561	-0.0890247832	0.0045512781	0.0415215163	0.0837215388	-0.0353626056	-0.0900079663	-0.0408279712	-0.0838545847	0.1782625951	0.0674490683	0.0008367784	0.0074952997	0.0402638732	-0.0574038814	0.0435624133	-0.0440415027	-0.0462411801	0.0985002977	0.0206001695	-0.1146135056	-0.0518038363	0.0030182346	-0.0607288695	0.1135293188	0.0143271318	-0.1328674394	-0.0074022303	-0.0399294557	-0.0122602369	0.0470453428	-0.0255915911	0.0657363637	0.1284827089	-0.1337228303	-0.047418831	-0.0038002382	0.0010189881	-0.0241785359	0.1085668163	-0.0368961892	-0.0184920518	0.0160364913	-0.0190190627	-0.0955888926	0.0055397578	-0.0325940538	-0.0550737435	0.1020340645	0.0889206669	-0.0254462999	-0.0361143053	0.059573641	-0.0082173109	-0.0369824021	-0.0328013927	-0.0863817774	0.0984156063	0.0401614382	-0.0322301622	0.0709443738	0.1307020648	0.0011214211	-0.0814708114	0.0192014573	0.0325003155	0.0004701912	-0.0111303222	0.0343112723	0.0914277622	0.053598123	-0.0871736086	0.0097729069	0.1091264105	-0.0104282071	0.0485498652	-0.0638269544	0.034392928	-0.0405822083	-0.0883805181	-0.1050102116	0.0006249399	-0.0010129385	0.0570291842	-0.0859469436	-0.0358358182	-0.0045499562	0.1504476872	-0.0464903079	0.0699662032	-0.0696416452	0.0465537204	0.0930743832	0.0925467555	0.0916695905	0.090446201	0.0888812078	0.0869805215	0.0847513209	0.0822020253	0.0793422632	0.0	0.0554814658351148	0.0017621181144704	0.003078193051213	3.105060249345055e-06	-0.0386956447421908	-0.012751345853502	0.0001625968210756	0.0014973529220138	0.0033104467654325	0.0079451811240502	1.09590577867625e-05	6.31259030939636e-05	0.0008559771562408	-0.0003849775146228	7.326968920060869e-07	1.4820768676514818e-07	-0.0012671768014407	-9.51594703777999e-05	9.055324802583378e-09	1.6057370461094829e-06	0.0007520437618185	-2.7683859469900007e-05	5.655698196901208e-07	7.663960751491723e-10	0.0	0.0	0.0	0.0	0.0	0.0	0.0	0.0	0.0	0.0	0.0
6212.727000087959	-3.5072425568914696	38597976.77762193	12.300750352870612	15533.621207064214	8.120415924973713	65.94115479456669	241293387.8045551	6271.608196597565	5.64618407656053	39333069.37162977	31.879394626405688	7374.538620852352	9201.949634049171	1.463241	28.326523	0.0794057884845093	0.0385607219397245	-0.0620374804	-0.0967889369	-0.0740658808	-0.0069841888	0.1021732456	0.0066793793	-0.1211374221	-0.1332210592	-0.001698771	0.0697541126	-0.0310335845	0.0238840064	0.1150723189	-0.0299281367	0.010944521	0.1026658954	-0.0142008196	0.1040993523	0.0181015534	0.0094299071	0.0818765967	-0.0257399109	0.0500743221	0.0124718944	-0.0166001552	0.0142668039	0.0063596899	-0.0111989538	0.0077881312	-0.0998786184	-0.0015550166	-0.0010040994	0.1508248576	0.0078394593	0.0370977155	-0.0544341952	-0.0834867038	0.0170874585	0.1301995944	0.0156476755	-0.0906525076	0.0190173778	0.0736790929	0.0836358117	0.0121907889	0.0310557338	0.0725860732	0.0438788842	0.0308455631	0.0646934547	0.0090012832	-0.0478981833	0.1347176062	-0.0481409633	0.0172529276	-0.0749104656	0.1299268416	-0.0927540016	0.0048406515	-0.0831502785	-0.0484837068	-0.0361349205	-0.1376067653	-0.0131554635	0.0170025948	-0.0568230656	0.0890516575	-0.0689927816	0.0107138408	0.0003441976	0.0387709714	0.0228209618	-0.0535265379	-0.0197187525	-0.0095785883	0.0929324984	-0.1153932151	0.0705006825	-0.0773390344	-0.0894265224	-0.0192479204	-0.0156452008	-0.0400811079	0.0284367256	-0.046222883	-0.0500571672	0.1348921563	0.0614552326	0.0243244215	0.072116511	-0.0340752682	0.0399407361	0.0931219447	0.0001555689	0.035065485	-0.0892149455	0.0511317896	-0.0561528772	0.0363549754	0.0195631572	0.1210432417	-0.0439139433	0.0045841206	-0.0726700553	-0.0364286916	0.0799047365	0.0562865323	0.1391681517	0.0850331684	0.0106365047	-0.0495807102	-0.082513682	0.0357703209	0.0829111234	-0.0278751823	-0.018257607	-0.0794994747	0.0122315024	0.0341723282	0.0154652968	0.0576725624	-0.0299441214	-0.0045746224	0.0975438525	0.0008733121	-0.0669767969	-0.0285634281	-0.1037057948	-0.0425168523	0.0059420745	-0.0653765239	0.0959470483	0.0598612688	-0.0272775997	-0.0523907045	0.0012188193	0.034307474	-0.0765199696	-0.0552370123	0.0023607652	-0.036364113	0.1044339037	-0.0539462776	0.0121085424	-0.0090284616	-0.076670871	0.0286998551	-0.1050275647	0.0365814071	-0.0559276083	0.0071897359	0.1069383047	0.0336637406	-0.0273147616	0.0314392854	0.165191246	0.0312254373	0.0175736196	-0.0669345294	-0.0973677065	0.0244323826	-0.0402367072	-0.0990767124	0.1142285651	0.0250107801	0.023008742	-0.1520424625	-0.0106101977	-0.0379176529	0.0998578435	0.0929874623	0.0921998906	0.0908922084	0.0890717925	0.0867489121	0.0839366709	0.080650933	0.0769102337	0.0727356746	0.0	0.0720372997918445	0.0165558339567297	0.0051893725613	0.0002740956380028	-0.0224004471180876	0.0162951976241032	0.0002655334656085	0.0005017800310902	0.0033261865411589	1.5739775726400073e-05	1.1063516906586606e-05	2.4774053991737297e-10	0.0013587992602247	0.0005028221039839	1.846335429587192e-06	2.52830068254796e-07	-0.0009880905307215	0.0002790862707191	7.788914650395054e-08	9.763228969014956e-07	0.0006031717939626	-0.0001488719678559	3.638162130320612e-07	2.216286281328812e-08	0.0	0.0	0.0	0.0	0.0	0.0	0.0	0.0	0.0	0.0	0.0
6225.2856634339805	12.558663346021604	38754181.59135666	157.72002503870652	15511.557030013844	-22.064177050369835	486.8279089100669	240608401.4953719	6275.863329385269	4.255132787703587	39386460.52912276	18.106155040990103	7378.713285221608	9239.169181770802	1.281399	24.80629	0.0746089862026416	0.0432440470557286	-0.0393445017	0.0931053855	-0.0181887773	0.0203869991	0.0382148231	-0.06936543	0.0074511692	-0.0064501342	-0.0840623094	-0.0453231557	0.0085068705	0.0370958131	0.0435460686	0.1114413865	0.1396261213	0.0003840224	0.0672666545	0.0321305735	0.0342363105	0.0681039138	0.0234861011	-0.0079427997	-0.0061851397	-0.0240334283	0.0243423839	-0.0454319976	0.0282594416	0.0038449733	-0.0178600626	0.1203272292	-0.0116755317	-0.0822995513	0.0907208503	0.0439509884	-0.1221844478	-0.0284379983	-0.0082625157	-0.0338232178	0.0319723337	-0.0359154574	0.0793596722	0.0507478947	0.019383682	0.0420815247	-0.0034585937	0.0038675392	0.14744068	-0.0772703556	0.0751494022	-0.0210119326	0.072232977	0.0527695002	-0.1020122226	-0.0860322592	-0.0999252606	0.0813106168	0.0008173792	0.0592776819	-0.0079309103	-0.070982867	-0.079567902	-0.0251965645	-0.0392479933	-0.0059376195	0.0068111435	-0.1131987982	0.0017294299	0.1162184064	0.0482308818	-0.0980750521	0.0484242544	-0.0345521908	0.0706217904	0.0404577097	0.0228995587	0.0168281368	-0.0266316045	0.0614340288	-0.128704441	-0.0419695985	-0.0021499187	-0.060023926	0.1490811566	-0.1015782392	0.1045751703	0.0672778863	-0.0052390019	-0.0099266426	0.0223735848	0.0335610057	0.037539811	0.0500661366	0.0330142292	-0.050280292	-0.0410572359	-0.0842450629	-0.0290619288	-0.0779560454	0.0636451963	-0.0584648856	0.0720004158	0.0058851369	0.0015923152	0.0447662846	0.0290768464	0.1476801968	-0.009301209	-0.096235443	-0.064891814	-0.0358332612	-0.1070378062	0.0111099017	0.0153442771	0.0672311947	-0.0161374706	-0.060746183	0.0296606568	-0.02291334	-0.0876772431	0.1006327986	-0.0373634323	0.054293642	-0.0244937071	-0.0275159921	0.0712461266	-0.0136163074	-0.0307285502	0.0182956733	-0.0273081051	0.0919906596	-0.1230176064	-0.1207918563	0.0482017338	-0.0263376849	-0.0908895757	-0.0140884916	0.0690491202	-5.93896e-05	0.0258804119	-0.1592768731	0.0552123283	-0.1466142963	0.026980683	0.007535532	-0.0083361163	0.0249739207	0.016510344	0.0239543608	-0.050120676	0.0484310772	0.0590603263	0.0501315171	0.0327225854	0.0461910869	0.0006404677	0.0463534256	0.1063030654	-0.0222597135	-0.118300067	-0.0710771668	-0.0255235221	-0.0166488547	-0.0352666943	0.0983179618	-0.0291713873	0.1518673824	-0.0685717377	0.0804702507	0.0487285106	0.0285699615	0.092883193	0.0917842227	0.0899622271	0.0874315588	0.084212153	0.0803293705	0.0758137976	0.0707010056	0.0650312701	0.0	0.0589564427941411	-0.0130808569977034	0.0034758621469388	0.0001711088197943	-0.0294536570764876	-0.0070532099583999	4.974777071727293e-05	0.0008675179151793	-0.0026806192516843	-0.0060068057928431	7.185719572500497e-06	3.608171583293462e-05	0.0005888523741897	-0.000769946886035	3.467471185888465e-07	5.928182073149933e-07	-0.0009372793302757	5.081120044580004e-05	2.5817780907432703e-09	8.784925429620647e-07	0.0007517759765557	0.0001486041825931	5.651671189262764e-07	2.208320308416341e-08	0.0	0.0	0.0	0.0	0.0	0.0	0.0	0.0	0.0	0.0	0.0
6223.440976646729	-1.8446867872517032	38731217.58980559	3.40286934306101	15589.555282914687	77.998252900843	6083.727455583863	243034233.91905323	6269.598842492648	-6.26448689262088	39307869.64578515	39.24379602781881	7388.818420439973	9316.68803885151	1.251623	24.229858	0.0310164623168925	0.0217556288378071	0.0929264278	0.0438523742	-0.0392854392	0.0480081584	-0.0014016386	0.0552830458	0.1219041848	-0.0328841483	0.0012568217	0.0052038745	-0.0555271502	0.0233322053	0.0287977516	0.0324632175	-0.0225110787	-0.1135940063	-0.0315352764	-0.0112416383	0.0965350595	-0.0319962615	0.0570984519	-0.0313123331	0.0029291352	0.0341541434	0.0451610305	-0.0314792086	0.031882256	-0.0347464225	-0.0727820676	0.1453347073	-0.0632797288	-0.0983778147	-0.0238592623	-0.0892522473	0.0639809307	-0.0491108972	-0.0053642293	-0.0917923325	0.0063148523	0.0905356322	0.0619245891	-0.0467551443	4.55733e-05	-0.027946054	0.0909682579	0.0233698021	-0.045148853	0.1582045942	-0.0636039336	0.0353306104	0.0749425427	-0.052631192	0.0460968399	0.0213196786	-0.126483147	0.0563238493	0.0133544165	0.0626488915	-0.0091115414	-0.0162160277	-0.0216481177	0.0239404276	-0.0122151688	0.05558405	0.0012133619	-0.0028578938	-0.0003431391	-0.106561495	0.0144142831	-0.0365455678	0.1137653766	0.0444710621	0.1038445698	0.0710258081	-0.137810933	0.0794947721	0.0047519754	0.017442993	-0.0745364305	0.0651244304	0.0488968359	0.0129303954	-0.0462934597	-0.0218003446	0.1168132123	-0.0003535158	-0.1004144898	0.0808436465	-0.0009201315	-0.0013867903	-0.0226625905	0.043275127	0.0238055775	0.0679740729	0.0190962464	-0.0752101529	-0.0863868646	0.1066726769	0.0361381101	0.0256988172	0.0363402699	-0.0870147595	-0.0141406138	-0.0841445555	-0.0042063295	0.0726268335	-0.0114185254	-0.0334566668	-0.2084514333	0.1201596789	-0.0230115995	-0.0743986078	-0.0577235661	0.0643562995	-0.0517507406	-0.0193163464	-0.0745036725	0.0370289889	-0.0245605901	0.0262486166	-0.071486347	0.0471791237	0.0808139305	-0.0786495562	0.0397765374	-0.1820819387	0.0050091671	0.0874371948	0.0314392211	-0.1725561009	-0.0146507727	0.023478721	0.0490014914	-0.0521074652	0.0026489773	-0.0288844184	-0.0920054054	0.0133155358	-0.0143577675	-0.0796503848	0.0128613753	0.0504801953	-0.1163179942	0.0962899675	0.0172313493	0.0774285211	0.0026048531	0.094132241	0.0363261396	-0.0235679738	0.0167772934	0.0542480467	0.0726485583	-0.0037483162	0.057973826	0.0454981704	0.0186794497	-0.0158091628	-0.0576364848	-0.0555822206	0.0309550321	0.0025540305	-0.1489497389	0.0935341522	-0.1113515946	0.1148330499	0.0547605097	0.0646552668	0.0170662178	0.1602440294	0.0927615946	0.0913000619	0.0888812078	0.0855303949	0.0812827579	0.0761828353	0.070284102	0.0636484088	0.0563453339	0.0	0.0508604174982849	-0.0080960252958562	0.0025867820680998	6.554562559114347e-05	-0.0310570683998747	-0.0016034113233871	2.570927871965974e-06	0.0009645414975944	-0.0048240710777136	-0.0021434518260293	2.3271661762832857e-05	4.594385730508342e-06	0.0006022134453684	1.3361071178700015e-05	3.626610337824789e-07	1.7851822304228822e-10	-0.0005672736491055	0.0003700056811701	1.3690420409822368e-07	3.2179939296947e-07	0.0007516712514722	-1.0472508349998032e-07	5.650096702897833e-07	1.096734311407785e-14	0.0	0.0	0.0	0.0	0.0	0.0	0.0	0.0	0.0	0.0	0.0
6221.214150815841	-2.22682583088772	38703505.51031127	4.958753281108781	15500.712162323642	-88.84312059104559	7893.100076355069	240272077.53920805	6269.010785946835	-0.5880565458128331	39300496.23431776	0.3458105010733206	7374.8924593643615	9215.756201298906	1.280329	24.785574	0.0408458553640622	0.0243292272690588	0.0034880412	-0.1033297777	-0.0819570509	-0.0449364055	0.0926292278	0.0664554026	-0.099103982	-0.0023940997	-0.1056873587	-0.0224249702	-0.0250432883	-0.1002021722	0.011160269	-0.0649671631	0.0422655228	0.0835499808	-0.1081158283	0.0641139647	0.0032560283	0.0024492064	0.0770747162	-0.0589748204	-0.1296515513	-0.1507613305	-0.0091968292	-0.0625504511	0.0386056476	0.0515531554	-0.0125463094	0.0207177913	-0.0098631903	-0.0233766748	0.0200826311	-0.1612166462	0.005503833	-0.0368629879	-0.0808334934	0.0034926654	0.0036319753	-0.0211968946	0.0432112799	-0.0001832801	-0.0236326944	-0.0460137649	-0.0105480084	-0.0514192859	-0.1011848471	0.0079779843	0.0384436631	0.0944204842	-0.0022228696	0.0121488842	0.0613367683	0.012449801	0.0141696299	0.0581328581	-0.0465358284	0.0571517289	-0.0109428204	0.0164747576	0.1073867073	-0.0302061916	0.0062522382	0.0885307467	0.1019665969	0.1103260536	0.1285723333	-0.0068951659	0.0213406314	0.0329076673	0.0680270914	0.0655481625	-0.0648053029	-0.0494938941	0.0491574438	0.0957295116	0.0332192057	-0.1178604768	-0.1452592911	0.0097167871	-0.0690675808	0.0104589132	-0.0953312746	0.0407610353	0.0013285669	-0.1026218119	0.0562733217	0.0070244379	0.054469428	0.0804471767	-0.0294961694	0.0764197828	-0.0720958763	-0.0676594746	0.019245128	-0.0486302214	-0.0962639963	-0.0150650936	0.0029975657	-0.0268059345	0.1157952557	-0.0494623536	0.0663973196	-0.0675652782	0.0338725317	-0.0017815498	0.004749382	0.0342259828	-0.151272687	0.0506822024	0.0086475702	0.0116995511	0.0298541755	0.0009874601	0.0721152456	0.1201048946	-0.1010810649	0.0794799726	0.0701583142	0.0294205478	-0.0561340125	0.0553752665	-0.0163505546	-0.0299940056	0.0115578451	0.0105870644	0.0549439905	-0.0681087427	-0.063501982	0.0093931227	0.0008004924	0.0121403914	0.0364272322	-0.1753721361	0.0186726043	0.016052206	0.0405635245	-0.0886105481	0.0127525441	0.0827367796	0.0154497547	0.0494012644	-0.0617773589	-0.0973297247	0.176311216	-0.0422458061	-0.002577393	-0.04677799	0.0644025352	-0.0556019913	-0.0069470026	0.0182879224	0.0835701491	-0.0378111891	0.1210676067	0.0712993558	0.0111455032	-0.0162524755	-0.0931315565	0.0170315962	-0.0078176006	-0.0653840413	0.0357925328	0.1509803765	-0.0983886603	0.0665863491	0.0692747917	-0.0244468847	-0.0310977265	0.1315793602	0.0926226898	0.0907477697	0.0876509655	0.0833739747	0.0779743851	0.0715249003	0.0641123601	0.0558365714	0.0468089647	0.0	0.0507287913396083	-0.0001316261586765	0.0025734102707775	1.732544564795628e-08	-0.0252278896937809	0.0058291787060937	3.3979324387577375e-05	0.0006364464184015	-0.0222857655815005	-0.0174616945037869	0.0004966553475535	0.0003049107749435	0.0006761358259417	7.392238057330001e-05	4.571596551218649e-07	5.464518349623802e-09	-0.0005678389268481	-5.652777425999749e-07	3.195389262789235e-13	3.2244104684400184e-07	0.000477691789878	-0.0002739794615942	2.281894461168473e-07	7.506474537544773e-08	0.0	0.0	0.0	0.0	0.0	0.0	0.0	0.0	0.0	0.0	0.0
6228.112251541959	6.898100726118173	38789382.217807055	47.58379362767207	15498.620066711168	-2.092095612473713	4.3768640517317605	240207223.97226208	6276.787071632573	7.776285685738003	39398055.94261382	60.47061906621376	7372.825104758631	9224.631350166615	1.290792	24.988121	0.0641230244525651	0.0282704737348496	-0.142669742	-0.0133340848	0.02877171	0.0422304937	0.0075988191	-0.1063764702	-0.0829215235	0.0275656058	0.0278265614	0.0104172869	0.0170543932	0.0503695279	-0.0377434488	-0.0365597466	0.1509147221	0.0853596564	0.0854534123	0.0401839053	-0.0560324643	-0.0218058244	-0.0736232558	0.0513392618	-0.0335155137	-0.012263778	0.0229010093	-0.0197847434	0.129841923	-0.0013282306	0.0348831998	-0.0473994552	0.0823817738	-0.0330509902	-0.0209934705	-0.0486137148	0.043166189	0.0579477426	-0.0701148558	0.0956808679	0.0795079953	-0.1523650616	0.0273931758	-0.0015557607	-0.1398518969	-0.0129336526	0.0353082574	0.1040162402	-0.0161215063	0.053878237	0.0531869873	-0.1144616277	-0.0059824748	0.0331182651	0.0188513614	-0.0486213972	0.0251273974	0.0493853838	-0.0040005042	-0.0138997102	0.0543523648	0.0322020758	-0.0570992495	0.0849328955	-0.1014402298	-0.0905820968	0.0323063296	0.1195767323	0.0783547968	-0.0240922932	0.0343774382	-0.0229128007	0.0272429964	-0.0651544746	0.0137114666	0.0826787161	0.0562987803	0.0279898296	0.0065079798	0.0411450113	0.1406221446	0.0736994975	0.0534794972	-0.0233963822	0.0753957783	-0.0911022275	0.1071894658	0.0554365832	0.1159913267	-0.0502708888	0.0015409702	-0.0015662791	0.0345236615	-0.0980554635	0.0285419355	0.0079686625	-0.0161402169	-0.0630317914	-0.0058856632	-0.0114068844	0.0156565418	-0.0829619019	0.1244257215	-0.0972749984	-0.1295348931	-0.1020826867	-0.0057140295	-0.0875970228	0.0668455027	0.1526558674	-0.0296117763	-0.0702498448	-0.0689109708	0.1154609311	0.0143545546	-0.0871966789	-0.0723282058	-0.0145148839	0.0085578669	0.1091726253	0.0531084465	-0.0124738089	0.0029345999	0.0602951344	-0.0085809035	0.0358254052	-0.1141709421	-0.0672264999	-0.0527840654	-0.0053394598	-0.0346015165	0.047636206	0.0473406506	0.0939287785	-0.0187254445	-0.0181272597	0.0569195769	0.1324774246	0.0007664019	0.1203964871	0.0898431416	-0.0169337557	-0.05070034	0.0157333752	0.0340912059	0.0067303953	-0.0704207578	0.1130581625	-0.0312586951	-0.1072907167	-0.0513677924	0.0130010316	0.0069982345	-0.0202260514	0.0720001581	-0.1084557584	0.1248295097	-0.0037158301	-0.0425773914	-0.0594987613	-0.0394454096	0.0091313505	-0.0745336599	0.0370150476	-0.0161048331	0.0960197094	-0.0922426782	0.0046594336	-0.0097308172	-0.1754983517	0.0496910149	-0.0310966147	0.0924665046	0.090127758	0.0862735657	0.0809687338	0.0743024598	0.0663868332	0.0573549508	0.0473586783	0.0365660973	0.0	0.0407167848647134	-0.0100120064748949	0.0016578565697193	0.0001002402736533	-0.0068225642627055	0.0184053254310754	0.0003387560042237	4.654738311874625e-05	-0.0280423460970453	-0.0057565805155448	0.0007863731746264	3.313821923195006e-05	0.0005961211448004	-8.001468114130004e-05	3.553604192781394e-07	6.402349198143917e-09	-0.0003227761236859	0.0002450628031622	6.005577749371518e-08	1.0418442602169541e-07	0.0007515965461955	0.0002739047563174	5.648973682530043e-07	7.502381553334904e-08	0.0	0.0	0.0	0.0	0.0	0.0	0.0	0.0	0.0	0.0	0.0
6226.861910203437	-1.2503413385220483	38773809.2487424	1.5633534628171075	15517.985010589728	19.364943878559643	375.00105141976456	240807858.78888747	6268.9237874652845	-7.863284167288839	39299405.45304809	61.83123789553533	7367.326489842223	9274.752395372798	1.280036	24.77989	0.1086222306685792	0.0499487689599402	-0.0161102453	0.099118287	-0.0245167437	-0.0341094377	0.0207872543	-0.0693220284	0.0434182823	0.029938838	-0.0767134195	-0.0777427338	0.0561716133	0.0625565635	0.022752832	-0.0288593987	0.0840305227	-0.0686429761	0.0504000669	0.1032138338	-0.0931732794	0.1213827364	-0.0202180667	0.0395787708	0.014048298	-0.0438428116	-0.0103786123	0.053539581	0.0396681218	-0.1316099286	0.0542634027	-0.0515010826	0.0022951114	0.0636514071	0.0434653189	0.0165893527	-0.0214530333	0.0419992822	0.0267787932	-0.109573619	0.0574607651	0.0921483525	0.0512193244	-0.0517920175	0.0457591418	0.08430501	0.0352009674	-0.0948847127	0.0480522471	-0.1549525134	-0.1610668677	0.0601987385	-0.0558358526	0.0724683261	0.006943883	-0.0330507218	-0.0788055288	0.0426016174	-0.074735135	-0.0464983761	-0.0099036806	-0.0291947054	0.0329049071	-0.0346170718	0.0761466982	0.0723027467	0.0109717442	-0.0259064935	0.0279412829	0.0463631498	-0.0134088089	-0.0282079421	0.0867354287	0.1065429398	-0.0568216887	0.0621719244	-0.0103291876	0.0487571699	-0.0210200276	0.0481173738	0.0208559998	0.0179007611	0.151908723	-0.0612462755	-0.048760633	0.1310015039	-0.0680271353	0.0873246369	-0.0482350904	-0.1230925273	0.1153401282	0.0532524583	0.0661690561	-0.0179852973	0.0584120752	-0.0995158301	0.030313996	0.0318964719	0.0484747267	0.0220908048	-0.0840683513	0.0825462979	0.0710397362	0.0115343914	0.0727119272	-0.0703203726	0.0166564193	-0.0229089319	0.0642710932	0.0012031418	0.0578377831	-0.0377501994	-0.0770523496	0.0873251555	-0.1158646119	0.0847865666	-0.0074733202	0.0035301196	0.111325919	-0.0866678013	-0.0296192626	-0.0727284832	0.0108119406	-0.0276564733	-0.0106063224	-0.0446714173	0.1443319095	0.066990702	0.0597300071	-0.0090989643	-0.0225139048	-0.0275336608	-0.0264164814	-0.0591285131	-0.0853873131	0.0845967399	-0.0927168573	-0.0344737647	-0.0626522634	-0.0452043007	0.0448897582	0.0792054103	-0.0084459507	-0.0396357846	-0.0656299898	-0.0200130539	0.1287059666	-0.035239647	-0.031815919	0.0635812587	-0.1198298043	0.0190880967	-0.0034627154	-0.0350635071	0.0252938169	-0.0999778282	0.1391933526	-0.0263233486	-0.0211500611	-0.0238613146	-0.0069513847	0.1082790666	-0.0920020502	0.0006565406	0.0980397067	0.0608405998	-0.0957436394	0.0910073945	0.0479922749	-0.0131343529	0.0662271935	-0.2171709451	0.0922930681	0.0894404896	0.0847513209	0.0783218503	0.070284102	0.0608031248	0.0500736032	0.0383158593	0.0257713294	0.0	0.02112379352954	-0.0195929913351733	0.0004462146530786	0.0003838853094601	0.02389791996805	0.0307204842307555	0.000943748151372	0.0005711105787993	-0.032259861365155	-0.0042175152681096	0.001040698655299	1.7787435036738398e-05	-9.3828153780113e-05	-0.0006899492985805	8.803722441784534e-09	4.760300346117419e-07	-0.0005680284079674	-0.0002452522842815	6.014868294529372e-08	3.2265627225797906e-07	0.0006049733323667	-0.0001466232138287	3.659927328748697e-07	2.1498366833485998e-08	0.0	0.0	0.0	0.0	0.0	0.0	0.0	0.0	0.0	0.0	0.0
6244.808917121902	17.947006918464467	38997638.41136522	322.09505733141145	15541.392052759098	23.40704216937047	547.8896231186875	241534866.9375637	6275.4972243818265	6.57343691654205	39381865.41322401	43.21007289575786	7374.415312900739	9246.848932362642	1.306379	25.289865	0.0937185664909532	0.0556459921431439	0.0658613837	-0.0325761978	0.1046108277	0.1061665544	0.0334392379	0.0934428803	0.0390045292	0.0541352971	0.0058126686	-0.0856781746	-0.0638355819	-0.1055313541	-0.1366480223	0.0494383375	0.1216293798	-0.076335251	-0.0617380603	0.0635060834	-0.1765317243	0.0419586157	-0.058556328	0.1852446064	-0.0331628183	0.0609640078	-0.1150429549	-0.0383616059	-0.1318795744	0.0871521586	-0.0653830432	0.0038366883	0.0351534789	-0.0509942692	0.0231775083	-0.0404367675	-0.0083068329	0.0046759929	0.0869739622	0.1303082008	0.0017851801	-0.0299884895	0.0718521036	0.0024281956	-0.0662330448	-0.1243359524	-0.0259198289	-0.0225162705	-0.0366853562	-0.0528434487	-0.083706375	0.0158494847	-0.0126907918	0.0545344586	-0.0318696878	0.0363318389	-0.0373734418	-0.0060900448	-0.0606394155	0.0372055867	0.0638568037	-0.0824956903	0.0555128307	0.1092549523	0.1072107315	0.028860455	-0.0668143933	-0.0055628245	0.0088011172	0.0179000559	-0.0613788166	0.0771120496	-0.0587595148	0.0019370143	-0.0280083767	0.0142627067	-0.0293363686	0.0247906778	0.0437259759	0.0141978917	0.0453640996	0.0015098983	-0.0041101063	-0.1231075413	-0.0290348024	0.1006014009	-0.0643236484	-0.0487823711	-0.0944337564	-0.1019673199	0.1218470044	0.0213135979	-0.0236745778	-0.1769644255	0.0023883611	-0.0258578788	-0.0970144657	0.0392457412	-0.0657404051	-0.1510849563	-0.0747565214	-0.0306473149	-0.1413587511	-0.1265648301	-0.0024702045	-0.001402914	0.0987715328	0.0102539944	-0.0999157733	-0.0238293132	0.0591334196	0.0378911729	0.0324350309	0.0987536402	0.055221508	-0.0274800695	-0.0847241567	-0.0040363631	-0.0433552446	0.0293958819	0.0703859746	-0.0391761211	-0.0892244515	-0.0696384764	-0.0486160735	-0.1564144726	0.0682097724	0.1220620569	0.1396965706	-0.0060510433	-0.0478373055	-0.0729068468	0.0731281728	-0.0651974791	-0.033745552	0.0044319237	0.0271656382	-0.0305906794	0.0047361726	0.0447229705	-0.0072462709	0.0236136949	0.0731397297	0.0117382773	0.016214577	-0.0132729779	-0.0570241496	-0.0007417788	-0.0542379043	0.0529872376	0.0354267371	-0.0046425679	-0.0617791763	-0.1069459385	-0.0063310989	-0.1297939482	0.0113152366	-0.1394240822	-0.0557760897	-0.0189808817	0.0012294433	-0.0624012932	-0.0804420238	0.0216070613	0.1057305468	-0.0182795565	-0.1606885192	0.0917112739	0.1001900799	0.0466525804	0.1031484692	-0.1003158671	0.0921024127	0.0886864774	0.0830867868	0.0754412237	0.0659380473	0.0548112574	0.0423348324	0.0288159833	0.0145875891	0.0	0.0144950955731388	-0.0066286979564012	0.0002101077956744	4.3939636597197456e-05	-0.0250636067350171	-0.0489615267030671	0.0023972310970951	0.0006281843825675	-0.051891591666191	-0.019631730301036	0.0026927372856507	0.0003854048346126	4.41059210714658e-05	0.0001379340748515	1.945332273562371e-09	1.9025809005160945e-08	-0.0005679912931142	3.711485320001626e-08	1.3775123280587574e-15	3.226141090535411e-07	0.0003730122914625	-0.0002319610409042	1.391381695821051e-07	5.380592449735995e-08	0.0	0.0	0.0	0.0	0.0	0.0	0.0	0.0	0.0	0.0	0.0
6246.207696483913	1.3987793620117372	39015110.58761488	1.9565837035899627	15522.574001392735	-18.81805136636285	354.1190572270708	240950303.62871367	6284.657001566584	9.159777184757331	39496913.627339885	83.90151807440094	7381.706736897747	9370.335196125496	1.336559	25.874109	0.0605562357698627	0.0301461742383306	-0.08842944	-0.0440667788	0.084584584	-0.0126727037	-0.1202592099	-0.0397823076	-0.0224462356	0.0620356189	0.1669460309	-0.0257973398	0.1216236917	-0.0665238452	-0.0964760845	-0.0735102737	0.0603479771	0.0518714363	0.0005454343	-0.0608832468	-0.0208470226	-0.0821044406	-0.1536821878	0.0624606585	0.02159653	0.049464242	-0.0159460083	0.0663810317	0.102158537	0.0290323851	-0.0249262296	-0.1248291084	0.1669258792	0.0187044289	-0.0376770694	0.1137302479	-0.073102383	-0.0831747016	-0.1488499988	-0.0311306348	-0.1452029303	-0.0998855023	0.0506601148	-0.0840205164	-0.0824076957	0.0962580348	0.0457510286	-0.1124731796	-0.023485694	-0.0588312791	-0.0392740097	-0.0192296643	-0.0155809334	-0.0890358215	0.1991726123	0.0916558599	0.0606906994	-0.0483068905	-0.0303617868	-0.1218939231	0.029937919	-0.0598702137	-0.0273029582	0.0249827691	-0.0549533099	0.0825030464	-0.0278860354	0.0092744556	-0.0535672991	-0.0202531951	0.0175849211	-0.0005110059	-0.0134645572	-0.0101424599	0.0330174256	-0.0426713606	-0.0482007917	0.0017033068	-0.0106307181	-0.1070869334	-0.0994707428	0.0758011881	-0.0670258513	0.0487462452	0.0310314567	-0.0166382153	0.1332413601	-0.0105815042	0.0535192722	-0.0739390425	-0.0567925178	-0.0797832045	0.0532484806	-0.1857552943	0.0067887601	0.0186547332	0.0587115023	0.0917300888	0.0547099294	-0.0329389763	-0.0125731952	-0.0127160399	0.0714745212	0.0285051627	0.0637432501	0.0246073903	0.1896612462	-0.1083844451	0.0385256786	0.0758100177	-0.0076550713	-0.0125443789	0.1670916389	0.1678679515	-0.1193428294	-0.1308316686	0.0152612367	0.1525653366	-0.0367253985	0.0227827289	-0.070073986	0.058756622	-0.0126252755	0.030405826	0.1229016323	0.05980415	-0.1679467103	-0.1223544079	0.0378299738	-0.0671577704	-0.0752471654	-0.0102667931	-0.1182103515	-0.0326376611	0.0137715883	-0.0510859857	0.0915091953	0.0040289917	0.0342061698	0.0465388506	-0.0991054343	-0.0927651841	-0.0243904328	0.0827103696	0.0169637964	-0.0005273334	-0.0172417657	-0.0725315556	-0.079949052	-0.0693127565	0.0001355414	0.0317976117	-0.0047239534	-0.1393871295	-0.0103674132	-0.0622726102	0.0567721929	-0.1346209683	-0.1390255077	-0.0617235409	0.1842384827	0.0678376863	-0.1011702064	-0.0115857568	0.0633014662	-0.0544216309	-0.0693317789	0.0631346786	0.1004416143	-0.0219742157	-0.0432658829	-0.0352537105	0.0918945739	0.087866284	0.0812827579	0.0723354508	0.061284559	0.0484514532	0.0342093323	0.018972371	0.0031836749	0.0	-0.0068034268026337	-0.0212985223757725	4.6286616258794615e-05	0.0004536270553912	-0.0194286213364023	0.0056349853986148	3.1753060442602027e-05	0.0003774713270333	-0.0554676752485647	-0.0035760835823736	0.0030766629974802	1.2788373788122706e-05	0.0002261646896629	0.0001820587685914	5.1150466850315876e-08	3.314539522102939e-08	-0.0009579614828665	-0.0003899701897523	1.520767488954449e-07	9.176902026557835e-07	0.0003441083615442	-2.890392991830001e-05	1.1841056448463385e-07	8.354371647219986e-10	0.0	0.0	0.0	0.0	0.0	0.0	0.0	0.0	0.0	0.0	0.0
6221.858266377004	-24.34943010690949	38711520.28688385	592.8947465312705	15547.050017924248	24.47601653151287	599.0753852508913	241710764.2598384	6277.3951743298985	-7.261827236685349	39405690.1747003	52.73413481546517	7395.354163993086	9380.092914501904	1.384947	26.810837	0.0867880345785894	0.050994869130986	0.0411992523	0.0778801899	-0.0045561491	-0.0132438739	-0.0365229438	-0.0314614501	0.1129704893	-0.0693094244	0.1119710732	0.1199041776	0.1464383318	0.0361344427	-0.0300841545	-0.1063700112	-0.0137836345	-0.0805045494	0.0198894422	-0.0891480557	0.0379380303	-0.1085000803	-0.0259165672	0.0376728859	-0.0416514561	0.0683124546	0.0232896264	0.1364276577	-0.0649348204	-0.0246863166	0.0612851143	0.0173566627	-0.0122578912	-0.060281972	-0.0361258645	-0.0503337324	-0.0161722497	0.0872628137	0.1073007911	0.0868542711	-0.0203765341	-0.0726708034	-0.1232734238	0.035897781	0.0451684384	0.0103995592	-0.0356721023	0.0347479539	-0.1766262843	-0.154603346	0.0148673296	0.0260955223	0.1023479277	0.0685042123	0.0199359733	0.0400361251	-0.0199921684	0.0139087874	-0.0286345451	0.0890444205	0.0697416572	0.0092450743	-0.0232850628	-0.0396023495	0.084292062	0.0198228619	-0.0179800794	0.0682504728	-0.0197901675	-0.046106307	-0.027735492	0.0645750398	0.0548584421	0.0089941005	-0.0423897058	-0.0261207582	0.0263065503	-0.0037820149	0.0423815357	-0.0610485857	-0.0553076488	0.0750551304	0.0197353301	-0.0136131572	-0.0288871722	0.0230277023	0.168092396	0.0253718584	-0.0698314912	0.0380186789	-0.1326072233	-0.0488669213	-0.0433642875	-0.0563146008	0.0225699985	0.0573489813	0.0829947606	0.0135781408	0.0631143789	0.0421909236	-0.089443724	-0.0016510242	-0.0905133233	0.0812768203	-0.0892292252	-0.1499763059	0.0613593138	-0.155757761	0.12598619	-0.1133046729	-0.0537213509	-0.1058490741	0.038963127	0.0221431475	-0.0701901364	0.0754266221	0.0423226547	-0.1451459037	0.092661909	0.0592873975	-0.0160728981	-0.0461759034	-0.080190495	0.1001200268	-0.0232971169	-0.05826082	-0.0390141172	0.0400161308	0.0438179245	0.0747475071	0.095095993	0.0735612286	-0.008150085	0.0059416022	-0.0167387658	-0.0755171553	0.0439101214	-0.0012086838	0.0170973171	-0.0366091971	0.0087782188	0.036585606	0.0607855247	-0.0051428658	-0.0722327936	0.0797126587	-0.0179858766	-0.1069608263	-0.026278555	0.0845983299	-0.0252079794	0.0047033262	0.0415918528	-0.0791879004	0.0409856101	-0.0840555596	0.073932694	-0.0405884352	-0.0696224023	0.0394188909	0.1695802653	0.1304874042	-0.0305728047	0.041576579	-0.0541727283	-0.0177743438	-0.010454827	-0.0073787164	0.0925066414	0.0561863298	-0.055470872	-0.0077860168	0.0916695905	0.0869805215	0.0793422632	0.0690138005	0.0563453339	0.0417664042	0.0257713294	0.0089024437	-0.0082682911	0.0	-0.0067547639581704	4.8662844463300166e-05	4.562683613059785e-05	2.3680724312593435e-09	0.0168709492281351	0.0362995705645374	0.0013176588231698	0.0002846289278583	-0.031493865703041	0.0239738095455236	0.0009918635769211	0.000574743544125	-0.0002678291035621	-0.000493993793225	7.17324287148781e-08	2.44029867744824e-07	-0.000993046224315	-3.508474144849993e-05	1.230939082508089e-09	9.861408036262772e-07	0.0003438670637364	-2.412978078000132e-07	1.1824455752269337e-07	5.822463204909213e-14	0.0	0.0	0.0	0.0	0.0	0.0	0.0	0.0	0.0	0.0	0.0
6220.138886701951	-1.7193796750525507	38690127.76986179	2.956266466983815	15526.81654943796	-20.233468486288984	409.3932469856495	241082032.1599005	6272.76694744358	-4.628226886318771	39347605.17694064	21.420484111243947	7373.729322320726	9283.809212116585	1.318777	25.529879	0.1118356361257408	0.0601196710795256	-0.0134833685	-0.1173961017	-0.0519548886	-0.0358498965	-0.0008675701	0.0604444984	-0.1038025476	-0.0352241321	0.0074793778	-0.0225453518	0.0879971334	0.019660169	0.0150118448	-0.0388916109	-0.0318129629	0.04155582	-0.054864922	0.0378288616	0.012175088	0.0064602847	0.0348086673	-0.170363687	-0.0323682317	0.149230105	0.0030192321	0.1034492817	-0.0822941365	-0.0539688063	0.0516572187	-0.0318232928	0.0215448431	-0.0407748221	-0.0506397267	0.0231753288	-0.1776920186	-0.0538873899	0.0325452321	0.1112811295	0.0683237578	0.0226628976	-0.093897138	-0.0980203679	0.0058264129	-0.0576703076	-0.0323062067	-0.005554696	-0.0256640634	0.0280775608	-0.0115019613	-0.0388648846	-0.0201348778	0.0885123641	-0.0603444177	-0.037213474	0.1096249911	0.0549048394	-0.0019280454	-0.0833930161	0.1053484766	0.1018852957	0.0149930105	-0.0075092598	0.0259910462	-0.0243815663	-0.0007971631	-0.0260134396	-0.0072785342	0.1330900465	0.0148237423	-0.0212543978	0.0179468752	-0.060116726	-0.0524384184	-0.0942247344	-0.0608429507	0.0213327935	0.0782689109	-0.0341036167	0.0465578694	-0.0178154995	0.0824459665	0.0658760298	0.0325936694	-0.0832426544	-0.0120735601	-0.0764584956	0.0722400139	0.0441374445	-0.0518576851	0.0535282865	0.0692765608	0.0370030319	0.04811806	0.0268594174	0.0501675413	0.0460026343	0.0307704156	-0.0314139421	-0.0317595053	-0.0999776933	-0.1406802756	-0.0136922416	0.0882106442	-0.0227619061	0.0420683571	-0.2006490363	-0.049927627	0.0436919177	0.0805265972	0.0241408009	-0.0990587299	0.0380772161	-0.0119821459	0.162584867	0.0458802631	-0.0385883077	0.0413015283	-0.0282334934	-0.004549367	0.0270151758	0.0564786191	-0.1112859303	-0.0725446533	-0.0795818864	-0.0465836771	0.0499982529	-0.1068710332	-0.0172561992	0.1353239546	0.0968540121	0.002714804	0.0032589416	0.0928420058	0.0307503684	0.0064793046	0.0008924704	0.0999307139	0.0697341463	-0.0321967236	0.076570793	0.0040440254	-0.0913037719	0.0113901496	-0.0182018904	0.0186811276	0.0069848457	-0.0136381452	-0.0682190208	0.061131215	-0.0751911881	0.0048517966	-0.0697534906	0.0313732678	-0.0258039167	0.0555713187	-0.0544252746	-0.0116385154	-0.0165900257	0.101134931	0.0692304415	0.0740758319	-0.0917133153	0.0021131474	-0.0232433656	0.0012551219	0.0122246351	-0.0515280976	0.1011770718	0.0056616857	0.0210395502	0.0914275044	0.0860298509	0.0772685604	0.0654861859	0.0511434007	0.0348009859	0.0170979051	-0.0012736779	-0.019595462	0.0	0.015540167993592	0.0222949319517624	0.000241496821269	0.0004970639907337	-0.0304891418326178	-0.0473600910607528	0.0022429782252828	0.0009295877696894	-0.0315295076437465	-3.564194070549559e-05	0.000994109852257	1.2703479372540635e-09	0.0004181446355475	0.0006859737391096	1.748449362371516e-07	4.705599707480056e-07	-0.0008369279462576	0.0001561182780574	2.4372916743607672e-08	7.004483872269641e-07	0.0003446744700198	8.074062834000106e-07	1.1880049028343e-07	6.519049064738183e-13	0.0	0.0	0.0	0.0	0.0	0.0	0.0	0.0	0.0	0.0	0.0
6220.390986686368	0.252099984416418	38693264.027249	0.0635544021427582	15544.135328075554	17.318778637594733	299.9400934980077	241620143.0975265	6268.86838048888	-3.898566954700073	39298710.77189327	15.198824300279398	7375.725601352828	9321.360913612209	1.35687	26.267309	0.0600613998485571	0.0318531948996357	-0.0234179382	0.1068510732	-0.0292702317	-0.0235844929	0.0348903287	-0.1046090441	0.0606844558	-0.0608086516	0.016243297	0.1167914261	0.0510650942	-0.1125711542	0.0358637543	-0.0049074061	0.028849429	-0.084335276	0.0643449361	0.0618909843	-0.0519884982	-0.0972258928	-0.0236164742	0.0171160465	0.0386818278	0.001443375	-0.0383575202	0.0811690818	0.0474445005	0.0508480416	-0.0468493626	0.0351400736	0.103738653	-0.0111678404	0.1559566061	0.0431611614	-0.0114287597	-1.10022e-05	-0.0381807227	0.0404017916	-0.0028087822	-0.0415257758	-0.0303194596	-0.0044825688	0.062735428	-0.0707376347	0.082504194	-0.1232900894	0.0851768958	0.1113832533	0.0548466144	0.1045119975	-0.0060369026	-0.060579281	-0.0237811753	0.0725767947	0.1121443537	0.0383746521	0.063574932	-0.0920296776	-0.2106876001	-0.0089465638	-0.0660749044	-0.0492281678	-0.020188081	-0.0508952789	-0.0676694522	0.0657605339	-0.0720999821	-0.0561957637	0.0423069408	-0.0560981351	-0.0339132854	0.0132664273	-0.0519279625	-0.0251545122	-0.0820293584	0.0740403096	0.0679175717	0.0148532163	-0.0993022743	-0.1128553136	0.0025813847	0.0663095946	-0.1038915755	0.1055939853	-0.0246720009	0.0830350186	-0.0345696277	0.0279728487	-0.1015355358	0.087736361	-0.0589354858	-0.0654436006	0.1139145652	-0.075724445	0.0146748569	0.0197231783	0.0465630078	-0.0538412622	0.0074072191	-0.0306452019	0.0173105663	-0.0443447089	0.0820432522	0.0281829713	0.0226120206	0.0549814616	0.1092471361	-0.1110781538	0.0672454159	-0.0079826432	0.1913751013	-0.0204914263	0.0708063447	-0.0249672685	-0.0175178848	0.0313113083	-0.0679021725	0.0216443305	-0.0417904574	-0.029495319	0.0276489886	0.0375886348	0.1397604746	-0.0857934634	-0.0037876257	-0.123796144	-0.1625565067	-0.0896186955	-0.0148720106	-0.0728790843	-0.0514738251	0.0231274555	0.0188821003	0.0731992835	0.0566955597	0.0057121049	0.0244327161	0.0418060266	0.0778983699	-0.0573138623	0.041836071	-0.0028056884	-0.0658767557	-0.0475887315	-0.0534676781	0.0295377326	-0.0220510963	0.0363526974	-0.0464411182	0.0126865309	0.101578797	-0.0835859109	0.0595074798	-0.0732988534	0.0241563618	-0.047897124	-0.0050404986	0.1336837385	0.1073847082	0.0467149315	0.0855461103	0.0129809449	0.0766753808	-0.0165850718	0.0613465136	0.0329452821	0.0233362721	-0.0021979147	-0.0538801977	-0.048203259	0.091168361	0.0850149816	0.0750651311	0.0617631348	0.0457030134	0.0276019556	0.0082682911	-0.0114346062	-0.0306268741	0.0	-0.0067972179755741	-0.0223373859691661	4.620217220746767e-05	0.0004989588119354	-0.0204971444172485	0.0099919974153692	9.98400123487467e-05	0.0004201329292615	-0.0315294669568047	4.06869418018152e-08	0.0009941072865802	1.6554272331842973e-15	0.0002230481090579	-0.0001950965264896	4.975045895430485e-08	3.80626546483072e-08	-0.0006809837156154	0.0001559442306421	2.4318603070587663e-08	4.63738820933356e-07	0.00014107571161	-0.0002035987584097	1.990235640626789e-08	4.1452454426012096e-08	0.0	0.0	0.0	0.0	0.0	0.0	0.0	0.0	0.0	0.0	0.0
6206.208680067562	-14.182306618805342	38517026.18054596	201.1378210298098	15503.56511343783	-40.57021463772435	1645.942315751023	240360531.22660652	6269.455222166145	0.586841677265511	39306068.78274635	0.3443831541757981	7378.890697097219	9304.548834355546	1.525254	29.527002	0.0424719631844984	0.0246578645409979	0.1110902974	-0.1036598898	-0.0604683183	0.049052034	-0.0722248617	0.177274066	-0.0211702389	-0.1148168372	-0.0349441613	-0.0297572831	0.1004996201	-0.0112311391	-0.080972622	0.0930462653	0.0697620431	-0.012076432	-0.1549593348	0.0453141821	-0.0195830354	0.0084101586	-0.070009777	-0.108952591	0.0695760301	-0.0487650287	-0.0429765503	-0.0777777291	0.0099300035	0.0283261235	-0.0314106509	-0.0311081224	-0.0733278748	0.0719162889	-0.1144667938	-0.0568876246	0.0339871997	-0.1650302151	0.0629434901	-0.0953647	-0.0174940602	-0.0351349101	-0.1385174496	0.0698355584	0.0364080991	0.0952836859	0.0414471777	0.0194035946	-0.062823948	-0.0155979777	-0.0017539591	-0.0978719581	-0.1697521601	-0.0173021572	-0.0857676399	0.0279993705	0.0165631391	0.0581434881	-0.1329672041	0.0893253404	-0.0203561651	-0.0651469351	0.0375826999	0.0221784209	-0.0586655538	-0.0622538729	-0.020502028	-0.0171828421	-0.022908624	0.0414916427	0.014051397	-0.0931755366	-0.1028757591	0.0629933365	-0.0749127952	-0.0186541912	0.0483924475	-0.0034595343	-0.0538411148	0.0058087599	0.0821389827	0.0222607746	-0.0224382902	-0.0205371499	-0.0714501367	-0.0351912388	-0.1271774604	-0.1545329786	-0.0470269234	0.0831733473	-0.000530637	0.0504707965	0.0949474619	0.0239549062	0.0388471688	-0.0656516163	-0.1193010028	0.0181148624	0.0231929887	-0.0060405456	0.0228252801	0.0854314941	0.0399226976	0.1459606746	-0.0019691906	0.036709285	-0.0200136405	-0.1002181669	-0.2194298303	0.0628017085	-0.0115291039	0.009929717	0.0792979947	-0.0524340204	-0.0344236645	-0.0167912972	-0.0440777074	0.0958563825	0.0005472063	-0.0325344413	-0.0095044078	-0.0683301315	0.024360469	-0.0751382598	-0.074838221	0.0586702815	0.0121584887	0.0731340519	-0.0027724237	0.0474709504	-0.0498073705	0.1163334239	0.0223492789	-0.0321516726	0.0503948967	0.0857907344	0.0309060284	-0.0125652284	-0.1397794691	0.0192379009	0.0887131396	0.0946108857	-0.0321085763	0.010592109	-0.0212873687	0.0353784771	-0.0437714022	0.0600658804	0.0083298478	0.0322291733	0.1324739026	-0.103823728	0.0216676858	-0.0654422729	0.0852282282	-0.0249035662	-0.0093209407	-0.1001565583	0.0749167159	-0.0425239912	0.0139900133	0.1298215396	0.0264122931	-0.1068803851	0.0731140384	-0.0553118162	-0.0279994082	-0.0570259925	0.0338106546	-0.0371522978	0.0288814081	0.0393370603	0.0908922084	0.0839366709	0.0727356746	0.0578557582	0.0400495376	0.020217639	-0.0006368538	-0.021459135	-0.0411960279	0.0	-0.0069224956395714	-0.0001252776639972	4.7920945879885046e-05	1.5694493096620366e-08	-0.021603484106734	-0.0011063396894854	1.2239875085308676e-06	0.0004667105255499	-0.031095614334454	0.0004338526223506	0.0009669372308371	1.882280979205767e-07	0.0005490671835908	0.0003260190745329	3.014747720963333e-07	1.0628843695928863e-07	-0.000393904996381	0.0002870787192344	8.241419103726346e-08	1.551611461739156e-07	0.000344107782016	0.0002030320704059	1.1841016564397098e-07	4.122202161334693e-08	1.0	0.0	0.0	0.0	0.0	0.0	0.0	0.0	0.0	0.0	0.0
6217.85772498085	11.64904491328798	38661754.68810403	135.70024739180056	15524.966923580894	21.40181014306472	458.037477399788	241024597.9782808	6270.302708666391	0.8474865002453953	39316696.05830907	0.7182333680981884	7372.566591621552	9226.727560113275	1.597056	30.916998	0.0309330762037252	0.0177685827040681	-0.1356867777	0.0194013935	-0.0389462443	0.1103920843	0.017724206	-0.0990986186	-0.0212742128	-0.0548711656	0.0249541627	0.0903327484	0.0113616851	0.0185856116	-0.1585476979	0.0400106554	0.1305817102	0.0198166446	0.0982455833	0.0686679616	-0.0796941304	-0.2029644442	-0.0774690656	0.0354969841	0.0254664392	0.0141875736	-0.0958308035	0.108545166	-0.030569351	0.0631164302	-0.0294100117	-0.134926596	-0.1038200723	-0.0299604623	0.0110524557	-0.0274322417	0.0619455881	-0.0007914654	-0.0484824756	0.0862288328	-0.0320358302	0.0828780587	0.0521579418	0.117062796	-0.0078646397	-0.0169321777	-0.021394424	-0.0088481308	-0.0791413149	-0.0914370297	-0.025996235	0.0003637654	0.1573233776	0.0447543932	-0.0481620318	-0.0051664309	0.0130795478	-0.0039471023	-0.0477662416	0.0406165349	0.1142890159	0.0449874374	-0.0187768786	-0.0237406358	-0.0680976201	0.0019455945	-0.0211654733	-0.0524522199	0.0733127428	-0.0780963262	-0.0474642945	0.0694393706	-0.0853015861	-0.0220676118	-0.0118717844	0.0721646139	0.0618661676	-0.0179760673	-0.1101120968	-0.0387837055	0.0237144282	0.0316543416	0.0055490009	0.0284278198	-0.1087762325	0.0065127014	0.0360829642	0.0831911244	0.061919209	0.0204294262	-0.082820705	0.0966739162	0.0057808197	-0.2017881238	0.0572855418	0.0106498605	-0.0246694469	-0.0134418054	0.0068768582	-0.0654740191	-0.0136320125	-0.0029458447	0.0323675599	0.0730877282	-0.0603312911	-0.0926555433	0.0716865162	-0.0010379073	0.0531786218	0.0154891521	0.0240156253	-0.0579882558	0.0024447125	-0.0774881018	0.0794126967	-0.1017552556	0.1062219907	0.0595823003	0.1167837502	-0.0622358828	0.042967087	-0.0010991895	-0.0322715623	-0.116536105	-0.000307435	-0.0197659775	-0.0484637415	0.1219501127	0.0364626717	0.1794269711	-0.0760431731	0.0200450951	0.0615552663	0.0702470819	0.0767725821	-0.0224380388	-0.0635045615	-0.0574413006	0.0936539982	-0.0727138538	-0.024930292	0.0064070757	0.0144191489	-0.0018913471	0.0584065826	0.0762013671	-0.0378163425	-0.0755020793	-0.0273195964	-0.0650201299	-0.0515828256	-0.0058458214	0.1072501201	-0.0952052677	0.1053566547	-0.0930801297	-0.0559178316	-0.1391772509	-0.0060314841	0.0373507054	0.0234390102	-0.0430241229	-0.0084067044	-0.0624075007	0.0015541774	-0.0223229238	-0.0111908964	-0.0953423311	0.0174402877	0.0233467829	0.0014504097	-0.0244441847	0.0905990982	0.0827957235	0.070284102	0.0537757173	0.0342093323	0.0126976055	-0.0095361811	-0.0312276849	-0.0511434007	0.0	-0.0068153252326084	0.0001071704069629	4.644865802622874e-05	1.1485496128615024e-08	-0.0243142246872309	-0.0027107405804969	7.348114494752671e-06	0.0005911815221411	-0.0302620502826016	0.0008335640518523	0.0009157916873067	6.948290285405894e-07	0.0003910209494501	-0.0001580462341407	1.5289738290885765e-07	2.4978612126056972e-08	-0.0005169842659804	-0.0001230792695994	1.5148506605121787e-08	2.6727273127129294e-07	7.960126246784146e-05	-0.0002645065195481	6.336360986474185e-09	6.996369888348037e-08	0.0	1.0	0.0	0.0	0.0	0.0	0.0	0.0	0.0	0.0	0.0
6219.103255956617	1.2455309757669966	38677245.30825021	1.5513474115950865	15521.250084470596	-3.716839110298679	13.814892971845875	240909204.18467847	6275.417104320797	5.114395654406508	39380859.83320202	26.15704290981217	7387.716509201728	9328.362728152924	1.643864	31.823153	0.1023194089764517	0.0576665610253835	0.1303820801	0.0195359892	-0.0471371362	-0.0117595051	-0.0603094229	0.0947861855	0.1029958024	-0.0240316175	-0.011547428	0.0030074333	0.1669418679	0.1155839484	-0.0266126265	-0.0491547856	-0.0294975104	-0.1260942589	-0.0512915061	-0.0100011042	0.0273178003	-0.0160876703	-0.071677901	-0.0661058276	0.0365763613	0.0863774167	-0.0601423586	0.0415085117	-0.067772807	0.0248498837	0.0305514636	-0.0218854962	-0.1399614537	0.0083229358	-0.0906925097	-0.0475326474	-0.0251386637	-0.0882255947	-0.0043057074	-0.0597456753	0.0206414809	-0.1263559698	-0.0129641211	0.0425598195	0.0145775035	0.0749984748	0.1613444541	-0.0208098437	-0.0288598776	0.1099216697	-0.0065843386	0.0084200674	0.0442289956	-0.0349730171	0.0231354174	-0.0146991387	0.1395451537	0.0415419114	0.0296583398	0.0533854713	-0.0559015698	0.0109993463	0.0742911935	0.0467322957	0.0483034804	0.0245961653	0.0182866976	-0.03763484	-0.0387437382	-0.0775257702	-0.046727518	0.0148564976	0.055676166	-0.0419198162	-0.0280470256	-0.0718536094	0.1489424464	-0.1039028377	-0.0274602803	0.0383725472	0.0375362317	-0.0936975181	0.0557226103	-0.0894587409	-0.0254800877	-0.0404799224	-0.0531726066	-0.0541835074	-0.1347945747	0.0341632125	-0.0405549854	0.0081220036	0.1446735022	-0.0396876032	0.0542286824	0.0505654042	0.0797321524	0.0325865826	0.0095788418	-0.0089033225	-0.0243049409	0.1744097442	-0.007410809	0.0437782866	-0.0310988399	-0.081495777	0.0099662311	-0.1171169727	-0.165555281	0.0073423319	-0.0591007171	-0.0436420199	0.035574383	-0.1046266864	-0.0217756518	0.132335574	0.024783904	0.1060666548	-0.0028140005	0.0707920256	0.0841018774	0.0302556807	0.0749389904	0.0861619514	-0.0142447014	-0.0101043437	-0.0875584542	0.0296793919	0.0139753833	-0.0326849775	0.0680043769	0.0147041012	0.1213221331	-0.0182124689	0.0616877232	0.0453813073	-0.007085787	-0.1218394967	0.0883759655	-0.0265016332	-0.0163732164	-0.0571291358	-0.1288856268	-0.0541071684	0.0908292471	0.0139509387	-0.023376	0.0464982581	-0.0188738958	0.1312403544	0.0523436865	-0.0487859608	0.0315836457	-0.0634810838	0.0822481583	-0.02813967	0.0419006915	-0.0794886027	-0.0136299441	-0.0954451031	0.0822224284	0.0671140656	0.0418029382	-0.0281350124	-0.0288561768	-0.0121640385	0.0153177935	-0.1533556318	0.0340511836	0.0499680526	-0.0506385734	0.1541505677	0.0902890852	0.0815929909	0.0677145291	0.0495351885	0.0282096273	0.0050923356	-0.0183483952	-0.0406237301	-0.0603188546	0.0	-0.0069641019419179	-0.0001487767093094	4.849871585742466e-05	2.2134509232963404e-08	0.0220076307377183	0.0463218554249491	0.0021457142900098	0.0004843358106877	-0.0314914689487508	-0.0012294186661492	0.0009917126165501	1.511470256676081e-06	-0.0002129980255624	-0.0006040189750125	4.5368158893480817e-08	3.648389221751511e-07	-4.401008372556525e-05	0.0004729741822548	2.2370457707962962e-07	1.9368874695312636e-09	9.49952687213836e-05	1.539400625354214e-05	9.02410107944788e-09	2.3697542853409446e-10	0.0	0.0	1.0	0.0	0.0	0.0	0.0	0.0	0.0	0.0	0.0
6220.5916268942165	1.4883709375990293	38695760.18858644	2.2152480478894137	15533.550897654604	12.300813184008804	151.31000498788478	241291203.49002615	6280.637002456358	5.21989813556047	39446401.15662398	27.24733654562767	7378.784205851814	9199.379984073998	1.562783	30.253517	0.1082053582703705	0.0518203212461635	-0.0892330406	-0.094025191	-0.0040621167	0.0080478013	0.1222594884	-0.0186778006	-0.0922820081	-0.0186906355	0.0124804701	0.0908894009	-0.0029327651	0.0324187761	0.0236555386	-0.0217973581	0.0123244386	0.1086015089	-0.027012774	-0.0277688736	-0.0338109641	-0.1044629204	0.1392326747	-0.0101180548	0.0075171901	0.0093165449	-0.0279315442	0.0969573028	-0.000885605	0.0026390506	0.065723811	-0.0395905988	-0.0496085117	-0.0332671679	-0.142098585	0.0191471442	-0.0613105574	-0.0581904338	0.071170297	-0.0282524221	-0.041125755	0.0363083092	-0.0427590994	-0.0038183111	-0.040887151	0.0676874002	0.1222560392	-0.016090243	0.0792356339	0.0093137098	0.065472236	-0.0016873189	0.0068978373	0.0283352436	-0.0240928975	-0.1983395557	0.0510342357	0.00730767	-0.0552002362	0.1382239578	-0.0330135546	-0.0212237708	0.0963245992	-0.0390557201	-0.0787665561	0.0207532523	0.0183761433	0.0014939814	0.0370924175	0.0428599452	0.0434543393	0.0084233518	-0.0239100933	-0.0315953419	0.0378674479	-0.0291016807	0.0430901243	-0.0836193353	0.0151064644	0.0743835292	0.1020506396	-0.0663679369	-0.0042816218	0.1055781702	-0.0100528639	0.0990478473	0.0470634575	-0.0373875742	0.1088611239	0.0022688701	-0.0850987482	0.0483354673	-0.1083651293	-0.012297239	0.0954860834	0.046763249	0.0398323416	0.0304920366	-0.0956970373	-0.0395323035	0.0078991845	-0.0569217825	-0.0452758972	0.0711537886	0.052928892	0.0530149529	0.0420406844	-0.1163935775	-0.0532142919	0.0525761839	0.0849780408	0.0536839807	-0.0605023759	-0.0581088354	0.0156726499	0.0929513238	0.0774337371	0.0756727918	0.0906019791	0.0092917786	-0.0455145192	0.1402726576	-0.0484127628	0.0576756441	0.0107032414	0.0945635311	0.0976934636	0.0565935546	-0.0070360884	0.0227072576	-0.0453919692	0.0503793369	0.0720643099	-0.0563371458	0.0881635328	0.0375903197	-0.14569428	-0.0950272894	-0.0334277176	0.0355256095	0.0070496286	-0.0420648791	0.005093119	-0.0212306833	0.0344114665	-0.0394385353	-0.002466924	0.1589543135	-0.0011437173	-0.1085052678	0.017251014	-0.0295910589	-8.50506e-05	-0.0862587551	0.0827459647	-0.0409823749	0.0187769667	-0.0415417642	-0.0034813547	0.1104718593	0.0532282293	-0.0574147472	0.1162548418	-0.0730374366	0.0292378624	-0.0192720695	-0.0099180737	-0.1402809026	-0.1359324449	0.0181122966	-0.0415429239	-0.0736310607	0.0899622271	0.0803293705	0.0650312701	0.0451468273	0.0220783961	-0.0025471182	-0.0269929964	-0.0495351885	-0.0685839023	0.0	-0.0131652195595961	-0.0062011176176781	0.0001733230060523	3.8453859708278944e-05	-0.0190621760417428	-0.0410698067794611	0.0016867290289022	0.0003633665554463	-0.0139073578003774	0.0175841111483734	0.0001934146009877	0.0003092009648783	0.0003609955429145	0.0005739935684769	1.303177820041346e-07	3.294686166528456e-07	-4.403579386513812e-05	-2.5710139572865387e-08	6.610112768562187e-16	1.9391511413329358e-09	-0.0001979919071593	-0.0002929871758806	3.920079530057687e-08	8.584148523053863e-08	0.0	0.0	0.0	1.0	0.0	0.0	0.0	0.0	0.0	0.0	0.0
6229.5064314689125	8.914804574696063	38806750.379712544	79.47374060502186	15538.906373615506	5.355475960901458	28.6811227677934	241457611.2879886	6277.089099658969	-3.547902797388815	39401847.56505744	12.58761425971938	7381.63895096101	9358.687189682503	1.428225	27.648653	0.1029840824255669	0.0547912535237298	0.0351951027	0.0831873309	-0.016614139	-0.0947838522	-0.0347612224	-0.0170366311	0.0498406394	0.0331831641	-0.0747465631	-0.0219508886	0.126931714	0.0227968986	0.0563973184	0.0628350966	-0.0115415146	-0.0674061543	0.0318476648	-0.0409265279	-0.0193717756	0.0487854816	-0.0750870776	-0.0373754327	0.0401177228	-0.0077566195	0.0310884213	-0.0786836141	-0.0692713493	0.0445744524	0.0776883322	0.0476118172	0.0407150614	-0.0080736821	-0.1013363895	0.0879762202	0.0668397013	0.0395794551	0.0547161859	0.1016473161	-0.1268619591	0.076023144	-0.0137681044	-0.0339072301	0.0882155449	0.0148646464	-0.1033167578	0.0887857468	0.0547635823	0.0666564028	-0.0664453573	-0.1218809298	0.0448918414	-0.0141076843	0.0280435538	0.0254126664	-0.0667963876	0.0144741693	0.1172739973	-0.0472298526	-0.1522169445	-0.0707575085	0.0373567454	-0.0617909303	-0.029176434	-0.03225264	0.0861415668	0.0098573164	-0.0371310026	-0.0821279277	-0.117436931	-0.0913960233	-0.0105995733	-0.0231921936	-0.0463399482	-0.0035292948	0.0480535713	-0.0612372024	0.0410098334	-0.105900608	-0.0334983905	-0.0374072999	0.0362533669	0.1085543737	-0.0904475662	-0.0410522142	-0.0042316677	0.0232139548	-0.0792520674	-0.0556005855	-0.0507710167	0.0152952114	0.1039967308	0.0705107858	0.0137200797	-0.0652414441	-0.018730271	0.0106881119	0.0498747544	0.0746368743	0.1098198917	-0.0449251028	-0.09592669	0.0769666824	-0.0036343674	-0.0121814665	0.0227717785	0.0081914336	-0.0559502331	-0.0189548079	0.0328252686	0.0271274848	0.0880642864	-0.0429341884	-0.0447786189	-0.0705385087	0.0137729702	-0.1765809911	0.0047781281	0.0561360193	0.0288975547	0.0655835556	0.1557400285	0.039168766	0.0385928613	-0.0345227853	0.0082506473	-0.0151314988	0.0286668355	0.0597852925	-0.0576518199	-0.1134927794	0.0163650315	0.0554604429	-0.1412104863	-0.0389595893	-0.070058535	0.0008004182	-0.0585384259	-0.0594620611	0.0248603086	-0.1004974194	0.0614872487	-0.0675389032	0.0288175727	0.0386685155	-0.0121437653	-0.0532922123	0.0061132443	0.0717850684	-0.0210054632	0.0180971648	0.0265720339	-0.0661168748	0.0529102147	0.0434084749	0.0590164308	-0.0547126487	0.0837013814	0.0002419306	0.0720839849	0.0759015393	0.0582574571	-0.049591066	0.0959544677	-0.0351179739	0.101116606	0.0117705199	-0.0379738217	0.002592468	0.0298264498	0.0450918346	0.0896185849	0.0790058053	0.0622388298	0.0406237301	0.0158442251	-0.0101694736	-0.0353910162	-0.0578557582	-0.0758137976	0.0	-0.01885501858645	-0.0056897990268539	0.0003555117258953	3.237381296598761e-05	0.0204138125722153	0.039475988613958	0.0015583536770493	0.0004167237437335	-0.0139312415898587	-2.3883789481300363e-05	0.000194079492235	5.704353999870739e-10	-0.0004080091137631	-0.0007690046566776	1.664714369137503e-07	5.913681619918334e-07	-0.0002939873975933	-0.0002499516037281	6.247580420628005e-08	8.642858994368105e-08	-6.105994765958885e-05	0.0001369319594997	3.728317208191731e-09	1.8750361532430536e-08	0.0	0.0	0.0	0.0	0.0	0.0	0.0	0.0	0.0	0.0	0.0
6227.001651209241	-2.504780259671861	38775549.56416261	6.273924149241836	15559.469425764768	20.56305214926215	422.8391136932746	242097088.8113086	6273.591384443264	-3.4977152157043747	39357948.85896076	12.2340117301699	7382.044745418696	9307.137008984568	1.195156	23.136721	0.021416683976308	0.0143847208697005	0.0024800372	-0.0511650047	0.0095597571	0.0485359754	0.0454680377	0.0298716154	-0.0091764735	-0.0220439925	0.0234385518	0.0169032171	-0.0811102226	-0.1189424015	0.0085741671	-0.024267998	0.0118504597	0.0194114348	-0.0563666035	-0.0017971604	-0.0525449866	-0.0866932348	0.1005272559	-0.000721745	0.0875033449	-0.0251774309	0.0473114706	-0.0115341177	-0.0402225578	0.048285901	-0.044947982	0.0368596976	-0.0647287571	-0.0033845424	-0.0918847412	0.0263791067	-0.0001614142	0.0261512002	0.1079805203	-0.0407278533	0.0687683978	-0.0503505157	0.0462154182	-0.0962879525	-0.0004248621	0.0040567059	-0.094810521	-0.052095243	0.0410153784	-0.0351755458	-0.0154183145	-0.0672161183	0.0064413391	-0.0293012003	-0.0007489795	0.0350692663	-0.0324110766	-0.1012856164	0.0390650112	0.0440379184	0.0285348982	0.0011610153	0.1209659913	0.0114877834	-0.0539658452	-0.0797216948	0.0609519777	-0.0159178145	0.0152003485	0.0397971525	0.0483676726	0.1484360065	-0.0066241778	-0.0370960406	0.1021090258	0.0066885781	-0.0015452105	-0.0547106712	0.0760810312	0.0372131424	-0.1102368465	-0.0026340148	-0.15323526	0.0550269287	0.0262746902	-0.1752006734	-0.0344902029	-0.0414714831	0.0253377573	0.0024258859	0.0192365017	0.0155058331	-0.1233866926	-0.012625733	-0.0040512125	-0.0521150207	-0.0349974493	-0.0136448967	0.0140180304	0.1052669303	-0.0187782047	0.0619158237	-0.0149627648	-0.0307611673	-0.0917328104	0.0152173053	-0.008477194	-0.0671668043	-0.0704099369	-0.0268150411	-0.0090604906	0.0609400892	0.0102050904	0.0089916171	-0.0556938685	-0.010982812	-0.0484476176	-0.1109621727	0.1033475152	-0.1113482602	-0.0274496417	0.1402508417	0.0460133578	0.0269558929	0.0297442063	0.0312303462	-0.0200074565	-0.0309868879	0.0264586093	-0.0281808625	0.0492717433	0.0121674365	-0.0588787112	0.050259444	-0.0243539523	0.0067478857	-0.1160862147	-0.0280267153	-0.0104531365	0.0646565532	-0.1221555895	-0.0341008209	0.0620873559	0.1250255622	0.0929885831	0.0183046079	-0.0769977723	0.0544578029	0.0064332976	-0.0263314741	0.0256411794	-0.0461137648	-0.0358727997	-0.0233538685	0.0313166389	-0.0192534462	0.0171326987	-0.0455267034	0.0038801629	0.1285225823	-0.0188254391	0.0008712	0.010481515	0.0413542874	0.1328797022	-0.0491024442	0.0484725237	-0.10659254	-0.0381274022	-0.0680162935	-0.0278504126	0.0710301451	0.0892582227	0.077623283	0.0593418965	0.0359793958	0.0095361811	-0.0177235635	-0.0434657385	-0.0654861859	-0.0818994181	0.0	-0.0153249499620073	0.0035300686244427	0.000234854091338	1.2461384493274789e-05	0.0177727928742399	-0.0026410196979754	6.974985045094079e-06	0.0003158721665506	-0.0139787823559416	-4.7540766082898936e-05	0.0001954063561547	2.2601244397489132e-09	-0.0001410145987659	0.0002669945149972	1.9885117065107763e-08	7.128607103859005e-08	-0.0002939931784693	-5.7808760000081436e-09	3.341852732747016e-17	8.643198898648167e-08	-9.802074954252957e-05	-3.696080188294072e-05	9.608067340879311e-09	1.366100875829994e-09	0.0	0.0	0.0	0.0	0.0	0.0	0.0	0.0	0.0	0.0	0.0
6229.37661286727	2.374961658028951	38805132.9849377	5.640442877107625	15553.369432151569	-6.099993613199331	37.20992208107263	241907300.6929868	6273.724150813632	0.1327663703677899	39359614.72050223	0.0176269091006371	7381.303719703663	9355.008809084937	1.13826	22.035299	0.0473230389002294	0.0253164346552319	0.0220810473	0.0639566647	0.0188239422	-0.0153068772	-0.046819457	0.0052630303	0.0189916318	0.0170095233	-0.0513918077	-0.1092249111	0.0026939617	0.0152066591	0.0458336255	0.1187069129	-0.0782544037	-0.0142883377	-0.0042315689	0.0409293359	0.0493468511	0.0971545226	-0.0078921249	-0.113693432	0.0574820211	-0.0151602138	-0.0108885668	0.0226855433	0.092484503	-0.0724528242	0.0250075216	-0.048846324	0.0222579146	-0.0714613012	0.1074044586	-0.079190994	0.0689526464	-0.044341672	-0.0620595864	0.0504272737	0.023225693	0.109820015	0.1098327372	-0.0182945893	0.0191186789	-0.0259780898	-6.30048e-05	-0.0352501096	0.0357760752	0.0106138368	-0.0420029436	-0.0932207854	-0.0949984185	-0.0633147511	0.0115740953	0.0083556463	0.0701504037	0.0621882811	0.0528213696	0.0141683722	0.0246843358	-0.0874619455	-0.0609793648	-0.0736306921	-0.0826613255	-0.0325703376	-0.0159328565	-0.0496042631	-0.095524618	-0.0574571246	-0.0559902103	-0.177426301	0.0066964668	-0.0491147273	0.1462584249	-0.0659259653	0.0229235708	0.0174896999	0.0196754865	0.0978695624	0.0087200384	0.1127061868	0.0394916869	0.0370920681	0.0477734822	-0.0650029738	-0.0841127539	0.0120145777	-0.0271446767	-0.0282904898	0.0413562425	-0.0317726832	0.1086968297	0.0981581875	0.0344947642	-0.0183262436	-0.0585485925	0.0064705968	0.0364933297	0.0836084121	-0.0117909133	-0.0591043956	0.0981594524	-0.038541999	0.0217310117	-0.0952149298	-0.0394723963	0.0490444782	0.077639949	0.0322335254	0.0264046163	0.1286004862	0.0175094237	-0.093732792	0.0035456078	-0.0866066333	-0.0193248627	0.0422803654	-0.0015828272	-0.1116864749	0.0228698144	0.0451970618	0.0590461554	-0.0201704886	-0.0275080869	-0.0662095363	0.0423834015	-0.0435499393	0.0743920831	-0.0324091287	0.0066797445	0.0086753161	-0.0360659619	0.0650196934	-0.0258478265	0.024869194	-0.0494358595	-0.114839762	-0.044488838	0.0590138426	-0.0636666344	0.0030117852	-0.0806531455	-0.0918784669	0.0544404334	0.0664103099	0.0521180433	0.0109887506	0.0062205341	0.0424916843	-0.0472225651	0.0100675877	-0.0214431476	-0.0124115954	0.002417365	0.0074984218	0.0410539128	-0.0337783355	0.1467639691	-0.0853556203	-0.0116218561	0.0383928725	-0.0018504622	0.0435227973	0.1183592211	-0.0885155263	0.1182385766	-0.0354702607	-0.0835752429	-0.0868493492	0.0020056768	0.1079695115	0.0888812078	0.0761828353	0.0563453339	0.0312276849	0.0031836749	-0.0251586786	-0.0511434007	-0.0723354508	-0.0867489121	0.0	-0.0133194339597224	0.0020055160022848	0.0001774073210074	4.022094435420801e-06	0.0367005447225778	0.0189277518483379	0.0003582597900322	0.0013469299829339	-0.0139395027549085	3.927960103309973e-05	0.0001943097370541	1.5428870573194891e-09	-0.0004080015099888	-0.0002669869112229	1.664652321531409e-07	7.128201076434469e-08	-4.3982061818992335e-05	0.0002500111166503	6.250555844873373e-08	1.9344217618496635e-09	-8.80089484442669e-05	1.001180109826266e-05	7.74557500626563e-09	1.0023616123117339e-10	0.0	0.0	0.0	0.0	0.0	0.0	0.0	0.0	0.0	0.0	0.0
6238.488037372537	9.111424505267678	38918732.99244025	83.01805651519234	15535.908169130736	-17.46126302083212	304.89570628267927	241364442.6396632	6272.688282198119	-1.035868615513209	39346618.28562559	1.0730237886052525	7376.381119139671	9305.396568941054	1.219316	23.604427	0.0299665516144709	0.0160353772814216	-0.0278789968	-0.0527849987	-0.0215941111	-0.0625145443	0.1000068296	-0.0108846286	-0.068071497	0.038579566	-0.0602484496	0.0620254768	-0.0639114712	-0.0790594693	0.0056791532	-0.0750692671	0.0233963266	0.0218649579	-0.0264777723	0.0561921197	-0.1077259747	0.0199596654	0.05103518	-0.0083401475	0.0205461652	-0.0487840613	0.0509480988	0.0037074216	0.04113873	0.0643630051	0.1085564469	-0.0127290569	0.0081420133	-0.0129932693	0.0106505454	-0.0580100622	-0.0497417287	0.047962859	0.0998494077	-0.0139354613	0.0688268928	-0.0623144768	-0.0804911043	0.0674395561	0.0739602318	0.0243698068	0.0326170721	0.1245866684	0.078720596	-0.0149262054	-0.1600861685	-0.059487116	-0.0338610259	0.0044748685	-0.022501158	-0.010503379	-0.0043615007	-0.060554757	-0.0142128635	0.040419173	-0.0161590484	0.0063388917	0.120588119	-0.0341968607	0.1198503385	-0.0887192048	0.0365668627	0.0518701697	-0.0017397273	0.1096045659	0.0005624683	0.153935683	0.0732856834	0.0130322286	0.0409169383	0.0103740006	-0.1043349779	0.0087977406	-0.0210532151	0.0918884627	-0.012953145	0.1474566407	0.0448334587	0.0298553274	0.0712841303	0.0542074195	-0.0191963277	-0.0420817023	0.0412820247	-0.0792604826	0.0423741614	0.0918675153	-0.0809890879	-0.0121245908	-0.0060680568	-0.0716079561	0.0541101741	0.0169231156	-0.0025934526	0.0482587387	-0.0044142149	-0.0233542581	0.0201665046	-0.0402869581	-0.1187266906	0.0332261185	-0.0807243491	-0.0438698257	-0.0465837975	-0.0022390076	0.0172213303	-0.032836655	0.0694492842	-0.0040394594	0.0547690705	0.101055123	-0.0565537607	-0.0081301667	0.0512633094	-0.0184088056	-0.0045971671	0.0120705979	0.0788754621	0.1009935384	-0.0682515818	-0.0830362266	0.1106347809	0.1204908276	0.0018321655	0.0266405766	0.1093380946	-0.0467616053	-0.1059282153	-0.0729760572	-0.069939437	-0.0347966131	-0.0150795283	0.011973853	-0.0814580773	0.0121594464	-0.0438924761	-0.0356446245	-0.0414559578	0.0440093328	-0.0145253056	-0.0510858226	0.0521566507	0.0017123028	0.0096675698	-0.0532955999	-0.004431938	-0.0241063959	-0.0553466183	-0.0472900756	0.0079070574	0.0613108446	0.0580587429	-0.0118562256	-0.0035259608	0.1473710372	0.0252016312	-0.049804801	-0.0129168295	-0.056219419	0.0797465917	-0.0509961328	0.0740702558	-0.0349188308	-0.0463692101	0.0182945682	0.0188711446	0.0551459172	0.0884876105	0.0746855372	0.0532541728	0.0263827782	-0.0031836749	-0.0324249087	-0.0583538671	-0.0783218503	-0.0902890852	0.0	-0.018129925876579	-0.0048104919168565	0.0003286942122902	2.3140832482142664e-05	0.0245934998500132	-0.0121070448725645	0.0001465805355462	0.0006048402348725	-0.0139883927147153	-4.888995980679989e-05	0.0001956751307411	2.390228169910508e-09	-0.0002620043782878	0.000145997131701	6.86462942419766e-08	2.1315162464919144e-08	-4.397352103646668e-05	8.540782525656711e-09	7.2944966150563e-17	1.933670552344577e-09	-0.0002020057732656	-0.0001139968248213	4.080633243263299e-08	1.2995276069345704e-08	0.0	0.0	0.0	0.0	0.0	0.0	0.0	0.0	0.0	0.0	0.0
6236.481298679877	-2.006738692660292	38893698.98878384	4.027000180619939	15546.638315450293	10.730146319556296	115.13604003908756	241697962.9114271	6277.402993029138	4.714710831019147	39405788.33689118	22.228498220129257	7382.699993392579	9339.21697272158	1.162426	22.503115	0.0193071491465268	0.0119235884783577	0.025921137	0.075971153	0.05771163	-0.0194865817	-0.0089914025	-0.0363402403	0.0458720181	0.0140787336	-0.0205144674	-0.0428960877	0.0135498104	0.0318877808	0.0855601879	0.044861446	0.0409082457	-0.0555491687	0.0616164761	-0.0378327866	-0.0022534749	0.0483853053	-0.0060180268	0.0029283731	0.0453353849	-0.0355880987	-0.0399688496	0.0599261536	0.0263781141	0.0004692635	-0.0198110833	0.0031432689	0.1194466293	-0.0216078418	-0.0342454446	-0.0679316175	0.0372655733	0.1482479324	-0.0256187498	0.0385940499	-0.0752540414	0.0691442196	-0.0644558567	0.0144987561	0.0757425603	0.0415087131	-0.0369515063	0.019401008	0.101070767	0.1171996183	0.0622391813	0.1126696542	-0.1263467046	-0.0197886284	-0.0551794686	-0.0576415051	0.0148061492	0.0750065084	0.039654364	-0.0827754295	-0.0951725071	0.0604697038	0.0276786576	0.0562325563	0.0743533587	0.0719122066	-0.0189684701	-0.0516517931	-0.0153917935	-0.0510390892	-0.1108890126	0.0121092369	0.0593713258	-0.0034561096	0.1538749351	-0.0665636539	-0.0284216107	-0.0617954244	-0.0816487382	-0.1257233551	0.0610185265	-0.017512986	0.026784316	-0.0745327113	-0.1212496806	-0.0746627888	-0.0180413563	0.0490701111	-0.0381863978	-0.0258810627	-0.0003049391	-0.0329348053	0.0035057224	0.0644563943	0.0544515617	-0.0505432013	0.0018880292	0.0227144375	0.0317197998	0.0371656114	0.031609882	-0.0118429482	-0.0605416468	0.0140554321	0.0670555708	0.0396199379	0.0083970463	0.0315819755	0.0800483224	0.0925185857	-0.0067948465	-0.0280784739	0.1086820095	-0.0052734868	0.0366679426	-0.0597147207	-0.0152170432	-0.004649421	0.0086963059	-0.0183124516	-0.0532551607	-0.0459848648	0.0197374812	0.1057605318	-0.0326989121	-0.0143784221	0.1065494306	-0.0203317457	-0.1571976186	-0.0355098461	0.0193712028	-0.125520264	0.1215044459	-0.0791686117	0.0563018301	0.0468440507	0.0152957088	0.0003071885	-0.0346618281	0.0141526147	0.0753674067	0.0344804694	-0.0692377105	-0.1776573718	0.0159945792	0.1244755625	0.0378606447	-0.1041470901	-0.0008370555	0.0472124366	-0.0638308724	0.028645241	-0.0069945122	-0.0242065097	-0.0065631331	0.0761780395	0.0456664454	-0.0196821359	0.1301401703	0.0137017169	0.0149148337	-0.0077814781	-0.0166888651	0.0950824883	0.0144324764	-0.0940906708	0.0449536804	0.0444396391	-0.0844332958	-0.0565493121	-0.0155400464	-0.0084365879	0.0880775042	0.0731325059	0.0500736032	0.021459135	-0.0095361811	-0.039473477	-0.0650312701	-0.0833739747	-0.0924665046	0.0	-0.0173250160680566	0.0008049098085223	0.0003001561817584	6.478797998555632e-07	0.0249717176802732	0.0003782178302599	1.43048727126582e-07	0.0006235866839032	-0.0081643751894375	0.0058240175252777	6.665702223390262e-05	3.391918013474294e-05	-0.0004080019684388	-0.0001459975901509	1.6646560624993552e-07	2.1315296329899372e-08	-4.397917284459929e-05	-5.651808132611791e-09	3.194293516785678e-17	1.93416764409514e-09	-0.0001020089355754	9.999683769019998e-05	1.0405822937226111e-08	9.9993675480402e-09	0.0	0.0	0.0	0.0	0.0	0.0	0.0	0.0	0.0	0.0	0.0
6232.72344083086	-3.7578578490165455	38846841.48988248	14.121495613415258	15517.0488703603	-29.589445089992296	875.5352607336691	240778805.6451499	6271.757995377556	-5.644997651582344	39334948.3525823	31.865998486370174	7377.728541148251	9273.993188198305	1.096979	21.236141	0.0137392228385675	0.0076925721633626	0.0349045095	-0.0181031805	-0.0051558744	0.0471508542	0.0825326304	0.0386390274	-0.0175421065	-0.0311311478	-0.0359027745	-0.0089608395	-0.096707285	-0.1317608266	-0.0626279781	0.0083429287	0.1008407909	0.006412157	-0.0504269962	0.0071577242	-0.0584381752	-0.101459838	0.0245832912	0.0395466245	-0.0428195554	-0.0821760225	0.0511432302	-0.1212907232	0.1064337456	-0.0310323617	0.0908827108	-0.0491153788	0.0540175484	0.0523138957	0.1029914968	-0.0537148686	-0.0329533024	0.0356401158	0.0110516478	-0.1285882472	0.0638453318	0.0664774503	-0.0068859637	-0.0416687982	0.0345243679	0.0589897516	-0.0552733038	0.0217010353	-0.0583491162	0.0896273089	0.0670208537	-0.048086077	-0.0084464857	-0.047203796	0.0839656745	0.0276331459	0.0221383396	0.0734320775	-0.1105532657	0.0365955157	0.0136035127	-0.0381803793	0.1415594332	-0.1008446921	-0.0842112409	0.0518520836	-0.0840827484	-0.0332975954	0.0050930973	-0.0373850267	-0.0265337045	-0.0486692054	0.012131975	-0.0452561418	0.0033292034	0.0661292532	-0.0820238966	-0.070381179	0.0619788478	-0.0655931587	0.092119552	-0.0082117318	0.0199748677	0.0780779771	-0.0113697653	-0.0434889734	0.1002058476	-0.0228666229	-0.0341149071	-0.0188019464	0.0795825331	0.0438687522	-0.119923887	-0.0462946811	-0.0662072177	-0.0608332584	-0.089131062	0.0160598544	-0.0003348628	0.0971631632	0.1324865175	0.0281036257	0.1271137193	-0.0246394423	0.0380875156	-0.0357228711	-0.1125221503	-0.0588953053	-0.0120247064	0.0312092831	-0.0681216301	0.0141020849	0.0550059989	0.0556538628	0.0111130654	0.0036897769	0.026859387	0.0036237507	-0.0026366412	-0.139325017	-0.0060878018	-0.0696725834	0.0148694778	0.0101347043	0.0150747922	0.0803940282	0.0261755997	-0.0554960577	-0.002213108	0.0353052797	-0.0982384612	0.0267617712	-0.0373930143	0.0490110206	-0.0102646046	-0.1662777484	0.029734497	-0.14579441	0.0306434532	0.0921395731	-0.083861092	0.0023374627	-0.1137720187	-0.1150102919	-0.0798929573	-0.0133222712	-0.0182252132	0.0722461915	-0.00474922	0.0303398872	0.0070158997	-0.0282430957	-0.040306337	-0.0029291679	0.0113940419	0.0516877006	-0.0223547963	-0.0409134508	0.0102203877	0.1396310881	-0.0552643502	-0.0659517543	-0.1067826422	0.0313468954	0.0714159674	-0.103948246	0.0310879966	-0.0438099338	-0.0227524841	-0.0288624316	0.048201663	-0.0124677474	0.0876509655	0.0715249003	0.0468089647	0.0164714492	-0.0158442251	-0.0462570678	-0.0711146114	-0.0874315588	-0.0932483061	0.0	-0.0142068653442919	0.0031181507237647	0.0002018350229108	9.722863936114328e-06	0.0247250961698171	-0.000246621510456	6.082216941964822e-08	0.0006113303806067	-0.0139378114243342	-0.0057734362348966	0.0001942625873003	3.333256595841817e-05	-0.0004080038738527	-1.905413900011449e-09	1.6646716107880996e-07	3.63060213035684e-18	-4.396051095589826e-05	1.866188870103258e-08	3.482660898897275e-16	1.9325265235036512e-09	-0.0001940086556618	-9.199972008639998e-05	3.763935847169888e-08	8.463948495975949e-09	0.0	0.0	0.0	0.0	0.0	0.0	0.0	0.0	0.0	0.0	0.0
6250.80126920986	18.077828378999584	39072516.5071556	326.80787890056274	15599.017770759165	81.9689003988642	6718.900632598921	243329355.4124602	6283.263955581358	11.505960203801806	39479405.935507886	132.3871202114709	7385.546895573648	9328.951944009046	1.21964	23.610704	0.0570291222300338	0.0328147792518757	0.0249466195	0.0344633429	0.171435707	0.012260947	-0.0026585722	0.0176524121	-0.0138816204	0.0960245744	0.0703437353	-0.1038445594	-0.0352876745	0.0715494579	0.1078797928	0.1174972717	-0.0274404543	0.0270723609	0.0048469059	-0.0862478112	0.0155113445	0.0135343479	-0.0170533405	0.0097034121	0.0341086483	0.0435422406	-0.0398303705	-0.0609603442	0.0710477438	0.0744084653	0.1196021074	0.0817231684	0.0524083673	-0.0714062037	-0.0215748791	0.0264228741	0.0001757095	-0.014550409	-0.0148083953	0.003220299	0.0193709201	-0.0263996714	-0.018787512	-0.0133163745	-0.045048507	-0.1572303532	-0.0831460307	-0.120300914	0.0810511237	-0.0992885858	-0.005107213	0.1290942218	-0.05286799	0.0310311341	-0.0078554575	-0.0848253721	-0.0211747322	-0.1116441653	0.0298192695	-0.0373886344	-0.0180578031	0.0371358531	0.037286259	-0.0143970007	-0.2010696331	0.0591936594	0.1564536187	-0.0141441385	-0.0338484818	0.0515262166	-0.0491393237	0.08695544	-0.0173289862	0.0689419026	0.0250953742	0.1356763276	0.0625193665	-0.0304665773	-0.0848768942	0.0495023559	0.0844001654	-0.0053782464	-0.1103029138	-0.0418629096	0.0096935178	0.0710764323	0.050010606	-0.0059203323	0.0024928702	-0.0748925553	0.0453412232	-0.1505816323	0.0737691638	0.0609528156	0.1095849175	0.0646378928	-0.0456630835	0.0495696775	-0.089117559	0.0388434889	0.0732379822	-0.0770479136	0.0592586112	-0.135085767	0.0034483195	0.0316204912	0.0528558063	0.0483348154	-0.0383181852	-0.0480350457	-0.0435982946	-0.0502470391	0.0360322863	-0.0463035501	0.0009889841	-0.0271835599	0.062609893	-0.0525671445	0.0523429587	0.0590882767	-0.0316594505	0.0211835981	-0.0458085477	-0.0527255628	0.0284064039	-0.0269372263	0.0268912529	0.120492618	-0.0350961083	-0.0792469759	-0.1120091206	-0.0534907226	-0.0443526062	0.1642328522	-0.1042339349	0.0740361798	-0.071375911	-0.0480728769	0.0227954755	-0.0122555467	-0.0260897916	0.0721386231	-0.013653188	0.1427713901	0.0345218716	-0.0781853227	-0.0275805816	-0.0981646399	-0.0228976539	0.0179210927	-0.02309273	0.0472621656	-0.0900263948	-0.0070954349	-0.0422808585	0.0253737037	0.0289371536	0.0084024924	0.2340247751	-0.0508779692	0.0530940655	-0.0701417368	-0.04030225	0.0949011282	-0.0895850905	-0.0631392389	0.0334684284	0.0284301597	-0.0717269184	0.0445526257	-0.0090284869	0.0304889005	0.087208074	0.0698639202	0.0434657385	0.0114346062	-0.0220783961	-0.0527301444	-0.0765483197	-0.090446201	-0.0926226898	0.0	0.0155735565018346	0.0297804218461265	0.0002425356621158	0.0008868735253332	0.0274204626578722	0.0026953664880551	7.265000504930489e-06	0.0007518817723717	-0.0138815260617519	5.628536258229892e-05	0.000192696765803	3.1680420410208556e-09	-0.0006579810596388	-0.000249977185786	4.32939074843398e-07	6.248859341353835e-08	0.0001770700417502	0.000221030552706	4.885450522956328e-08	3.1353799685417575e-08	-0.000212941887835	-1.893323217320002e-05	4.534424759473372e-08	3.5846728052429637e-10	0.0	0.0	0.0	0.0	0.0	0.0	0.0	0.0	0.0	0.0	0.0
6247.433450426483	-3.367818783376606	39030424.71750776	11.342203357664282	15530.5671994495	-68.45057130966416	4685.480712619417	241198517.5366167	6283.734576110612	0.4706205292541199	39485320.22300801	0.2214836825554279	7395.028216907555	9394.30068706592	1.402333	27.147423	0.0427443947213064	0.0235187796482814	-0.0351960557	-0.0509370971	-0.0564851249	-0.1220146545	-0.0376526019	-0.0330054414	-0.0438303315	0.0375108273	-6.34041e-05	-0.022533862	0.0179041732	-0.1599886571	-0.0200078265	-0.0913068952	-0.1151708573	0.0682744539	-0.0099689452	-0.0554482031	0.0119437765	-0.0008382653	0.0305568601	-0.0159375564	0.0130005368	-0.0284836136	0.0785616016	-0.0506528065	-0.0593877975	0.0638650179	-0.0039323734	0.022127022	-0.0672761963	0.1136670381	-0.1423536023	0.0410118011	-0.0524756878	0.0570109042	-0.0464362291	-0.0102173956	0.0211887095	0.0350738436	0.0134854569	0.0645981232	0.0128878072	-0.0619700982	0.0258370483	-0.0178866791	0.0604716964	0.0847806424	0.0692673461	0.0490285626	-0.0186787688	-0.0969951595	0.1613087248	0.0355443581	0.0233754616	0.0105508344	-0.093588279	-0.154130359	-0.0139486571	0.2171237755	-0.1297163853	0.0073433667	0.0285391938	0.0165088401	0.0839303027	0.0735126152	-0.1134808301	-0.0008981461	-0.0907728946	0.0663510452	-0.0794490489	0.1698146919	-0.1128032517	0.0520913132	-0.0271878524	0.0244639354	-0.0843907322	0.0248683185	0.0237362704	0.050839297	0.002844598	0.0774026679	0.0307817426	0.1576158836	-0.0059720018	-0.0260572737	0.0388392566	-0.0240554231	-0.0312225182	-0.0004677847	-0.0355626238	0.0057197774	-0.1537511135	-0.0304796228	0.0909403783	0.0421687756	0.0440221231	0.0030828724	0.0427134222	-0.0172157138	-0.1481776091	-0.1005847636	-0.0076286439	0.1073851779	0.0435859047	-0.0156574982	-0.0265438226	-0.0581157472	-0.0225352299	0.0350357403	-0.0726236264	-0.0622778019	-0.1015127462	0.0154008845	0.0760262422	0.1283640225	0.0597914487	0.014776913	-0.0195607256	0.0373805116	0.1015938458	0.0806779514	0.03306568	0.1555560696	-0.0160307791	0.0362968361	-0.0628859167	-0.0022973446	-0.0195893583	-0.1390359298	0.0391094026	0.0699993282	-0.0409247679	0.0189530513	0.2114701435	0.0905161158	0.0195396424	-0.0384225919	0.0256702477	0.1348191159	-0.0869604632	0.1137907297	-0.0347693656	0.0722228316	0.0457250795	-0.0661006742	0.0010364379	-0.0546734634	0.0134556499	-0.0153142519	0.0038062593	0.0051926903	-0.0265986802	0.153825349	0.0597008826	0.0346003556	-0.1142435934	0.0579074777	0.0026119659	-0.0740121699	-0.0149179164	0.0544623558	-0.0135323219	-0.1372776185	0.0235003291	0.0652679176	-0.0432027938	0.0747504656	-0.0374126457	0.0942334798	0.0867489121	0.0681508051	0.0400495376	0.0063636379	-0.0282096273	-0.0588492543	-0.0812827579	-0.0923819408	-0.0905990982	0.0	0.0207603377895395	0.0051867812877048	0.0004309916251357	2.690270012648569e-05	0.0241126143437782	-0.0033078483140939	1.0941860469054517e-05	0.0005814181704917	-0.0139828689438274	-0.0001013428820755	0.0001955206239002	1.0270379747368748e-08	-0.0003070021069226	0.0003509789527161	9.425029365491553e-08	1.231862252497605e-07	-4.398432021424093e-05	-0.0002210543619644	4.8865030943506067e-08	1.9346204247088835e-09	-0.000102006757767	0.000110935130068	1.0405378630135417e-08	1.2306603083204081e-08	0.0	0.0	0.0	0.0	0.0	0.0	0.0	0.0	0.0	0.0	0.0
6220.280300964609	-27.15314946187482	38691887.02256836	737.2935256989127	15565.35433251747	34.78713306796999	1210.144627088651	242280255.4968204	6271.182541337986	-12.55203477262603	39327730.466782354	157.55357693321298	7381.303697400635	9350.444105649254	1.371673	26.553873	0.0556537949622943	0.0387146111754684	-0.0089193014	0.0544217576	0.0353714637	0.0024265665	-0.0389006135	-0.0261975906	0.0118016541	-0.0768511282	0.0116899261	0.0144448353	0.106829468	0.048429137	0.1336410047	0.1649260654	-0.076076495	-0.0194954576	0.0296306101	-0.0015618615	0.0946172329	0.0109558207	-0.0007227567	-0.0913214498	0.0849429506	0.0439287877	0.0262990736	0.0418017913	0.0744817748	-0.0063586808	0.0553637033	0.037497885	0.0630775071	0.074147289	0.1378821166	-0.0871281373	0.1357916009	-0.0312147744	0.0353938102	0.0688761187	-0.0800666864	0.0394284932	0.0694513831	-0.0968828081	-0.0981445223	0.0399825478	-0.0658370462	-0.0860362818	-0.0634399601	-0.0814043002	0.0101639575	0.103821199	-0.0647836912	-0.0274929548	0.0351532964	0.0533475711	-0.0679243097	0.0105800199	-0.0204830577	0.0306749274	0.0859774583	-0.0487875259	-0.1446080229	-0.0418485874	-0.0202599349	-0.092710238	0.0502646856	-0.0170333535	-0.0408320916	-0.0313559953	0.0243651998	0.0943533861	0.0562933467	0.0218641676	-0.0888534974	-0.013111031	-0.064403979	-0.0169759293	0.0283593978	-0.0037526231	-0.0633458138	0.0179821032	0.0423871259	-0.0184420255	0.0513572741	-0.0623514305	-0.0541393382	0.0245955622	0.0166335784	0.0569614757	-0.0677838615	-0.0598737597	0.0429398915	0.1245257195	0.1051310898	-0.0076797147	-0.0254679213	-0.0308144926	0.0304748638	0.0647035329	0.0691402836	-0.0457642995	-0.0851054159	-0.0430827636	0.071411428	-0.016353074	-0.0763507733	-0.0170062303	0.0980152463	-0.0528736195	0.054632645	0.0930653061	0.1171570166	0.0591695265	-0.0449146143	-0.1622961807	0.0957560474	0.0061986645	0.0603047767	-0.0477510173	0.0397404722	0.0200491638	-0.1930757441	-0.0790388368	-0.0825936634	-0.0170164788	0.036985555	-0.0292167692	0.0630642203	-0.0910249686	0.0498651039	0.0139934994	-0.0507211668	0.0501088809	0.0385228321	-0.0522940423	0.0417126313	-0.0543759091	-0.016738875	-0.0885783533	0.0524066575	-0.0066646175	0.0405541656	0.0360317072	-0.0568896709	0.0639740775	-0.0227989802	-0.0474229403	0.0117779574	0.0085330807	-0.0277880701	0.0190038272	0.0444441577	0.0133244081	0.0187025409	0.0319120496	0.0125602001	0.0176269454	0.1960593689	0.0028052531	0.0854649434	-0.0154280909	0.013998112	0.0952596578	-0.0582873025	-0.1679907329	0.0587001081	0.0811889141	-0.1447175053	-0.0079826517	0.0215458114	-0.0221808157	0.0862735657	0.0663868332	0.0365660973	0.0012736779	-0.0342093323	-0.064573321	-0.085274677	-0.0932156873	-0.087208074	0.0	-0.0153064882644713	-0.0360668260540108	0.0002342885829903	0.0013008159416102	0.0203857417986625	-0.0037268725451157	1.3889578967537189e-05	0.0004155784686817	-0.0081735010836538	0.0058093678601736	6.680611996448985e-05	3.374875493481799e-05	-0.0005080019948624	-0.0002009998879398	2.58066026784178e-07	4.040095495181216e-08	-4.397405591105574e-05	1.026430318518801e-08	1.0535591987746071e-16	1.9337175932686563e-09	-0.0001020111755839	-4.417816899996807e-09	1.0406279944009277e-08	1.9517106161897402e-17	0.0	0.0	0.0	0.0	0.0	0.0	0.0	0.0	0.0	0.0	0.0
6238.675588083048	18.395287118439228	38921073.09334336	338.3865881698162	15468.997992278151	-96.35634023931924	9284.544304315454	239289898.88510543	6267.159424922108	-4.023116415877666	39277287.25739001	16.185465695704362	7374.314736057388	9282.943057768172	1.38754	26.861044	0.1235727609478168	0.0732318088817308	-0.0056032929	-0.0340711077	-0.1036142494	-0.1137314719	0.0394842789	-0.0070886331	-0.0545048113	0.0332685191	-0.15750856	-0.0345879324	0.0569976167	-0.0208119731	-0.0169822659	-0.0899367137	0.09092259	-0.0414871768	-0.0185512153	0.0938388293	-0.1270579143	-0.0149033146	-0.0086578869	-0.0076615696	-0.0795276094	0.0324156732	0.0456187433	-0.054649727	-0.0625149368	0.0473035379	0.1159889191	-0.0965816769	-0.0056680661	-0.0312285531	0.0410567243	0.0025683168	-0.0204757763	0.0496665543	-0.1097173609	0.0460302536	-0.0521332206	-0.0629210439	-0.0375030725	-0.0747104874	-0.1193435048	0.0361973195	-0.0780856493	0.0725092072	-0.0126576391	-0.0081464803	-0.1179115219	-0.0679542492	-0.0319962413	0.070975129	-0.0142178115	0.0715942085	-0.0869651606	0.0074295934	0.0725479703	0.0607402803	0.023945445	-0.0622483471	-0.0943746051	0.0725853502	-0.0068704202	0.0096508504	-0.0930102421	0.004551641	-0.0039225727	-0.0377075591	0.0957100381	-0.0057540282	-0.0291056398	0.1129264227	0.0095393488	-0.0551923948	0.0042459615	-0.0661982972	-0.0129124032	-0.0049219987	0.0479160575	-0.1133702644	-0.0738379319	0.000125215	-0.0698610335	-0.0167127694	0.0028449457	-0.0221646791	0.0013636189	-0.0197913139	-0.0115726126	0.1884660252	0.0807798696	-0.078315655	-0.0677673802	0.0440525041	0.0819582261	0.0454388636	-0.0376757444	0.0120043353	0.1935891028	-0.0671992697	-0.064756014	-0.0298842859	-0.0263813594	0.1016665406	-0.0055385484	-0.084593285	0.0064807163	0.1113342008	0.0101090799	-0.034164288	-0.0057038905	0.0803490471	0.1170449884	-0.0592751782	-0.0049703433	-0.0588123181	-0.038407469	0.0657441868	0.0925726718	0.0359862811	-0.0707510637	-0.1584017364	-0.0911300347	-0.0098513497	-0.0436500562	-0.0317939737	0.1340859548	0.0326587969	-0.0300430648	0.0233364361	-0.0392231475	-0.0307774705	-0.0821789068	0.0267881712	0.0087911247	-0.0112542741	-0.0522572673	-0.0669756919	0.0599329041	-0.1179635987	-0.0623250262	-0.0515244808	-0.0200497354	0.0712220566	0.0402740588	0.0310752005	-0.0032054542	-0.0258881023	0.0133423911	-0.0403419159	0.0520845859	0.0093885416	-0.0384632923	0.2370391355	-0.0248072186	-0.0628238905	0.0072436845	0.0153443444	0.1333854231	-0.1903039744	-0.0626466316	-0.2449981077	0.0188050914	-0.1485476426	-0.0205571	0.0480034804	-0.0793154625	0.1180699168	0.0480141247	-0.0315159981	0.0857821235	0.064573321	0.033021266	-0.0038200832	-0.0400495376	-0.0698639202	-0.0884876105	-0.0929374951	-0.0825007985	0.0	-0.0099629588450369	0.0053435294194344	9.9260548947899e-05	2.8553306656360935e-05	-0.0251763145472665	-0.045562056345929	0.0020759009784696	0.0006338468141829	-0.0290368984679716	-0.0208633973843178	0.0008431414726392	0.0004352813504159	0.0005279975197219	0.0010359995145843	2.787813808324781e-07	1.0732949942189053e-06	-4.402698983296816e-05	-5.2933921912419306e-08	2.8020000890301047e-15	1.938375833752282e-09	-0.0001019880681274	2.310745649999316e-08	1.0401566040359184e-08	5.339545458990759e-16	0.0	0.0	0.0	0.0	0.0	0.0	0.0	0.0	0.0	0.0	0.0
6237.056346716834	-1.619241366213828	38900871.87212074	2.621942602058024	15553.53571045952	84.5377181813692	7146.6257953126005	241912473.09653956	6274.509684305569	7.35025938346098	39369471.77844437	54.02631300415618	7382.059287469563	9277.374811692329	1.566215	30.319962	0.16330964678918	0.0718689945691769	-0.0010708606	0.0253612632	0.1393370447	0.1399194218	0.0242350473	-0.0243162447	0.0932509903	-0.0538850124	0.1486265132	-0.0422898456	-0.0823700359	0.0407018345	0.0724034517	-0.0240314827	0.0386262752	0.0405926044	0.0865838906	0.0422301776	0.0930865316	0.043866481	0.0369646411	0.1470876486	0.0597570694	-0.053649573	0.018651625	-0.0237646378	-0.032666393	0.0459659883	0.0734887287	0.0426166932	-0.0143222397	0.0118557596	0.0207934051	0.0209326107	0.0226922426	-0.0992805668	-0.0200914285	-0.100663456	-0.0845218386	0.1409099412	5.01708e-05	-0.0089013311	-0.0638873853	0.0999929922	0.0059630142	-0.0238371391	0.0370736715	-0.0051149808	0.0258566574	0.096735443	0.0535088645	0.0994712893	-0.0250593055	-0.0556793545	0.1494014426	-0.0916035042	0.0937664415	0.0185727845	0.1059020857	-0.0647162285	0.0171286493	0.0478901886	0.0264353364	-0.0649691784	0.0437386532	-0.0656462345	0.0152445193	-0.0057799147	-0.0340911691	0.1304109253	-0.0213381112	0.0824894505	-0.0359774891	-0.0295876234	-0.0210836705	0.0807309246	0.0750258457	-0.0742500766	0.0321186919	0.0119468467	-0.0114135945	-0.0202277863	0.0436949953	-0.0303864924	0.0409304966	0.0704306589	0.0145949248	0.0311008297	0.1485413111	-0.1775429123	-0.1070811664	-0.0621929088	0.0010204034	-0.0331666994	0.0624557462	-0.0848646205	-0.0480907257	0.0848399614	0.039461595	0.0710790971	-0.0255156008	0.1063169284	0.1088719531	0.0165378302	-0.1203917696	0.1957675323	-0.0271327016	0.1731547023	0.0439743508	-0.0196651699	0.0714501555	-0.031682818	-0.085615488	0.0664071784	-0.0152778533	0.0414754326	0.0075597749	0.0155514455	0.2006112294	0.0152943701	-0.0800216807	-0.0490614198	0.0878674347	-0.0920087935	-0.0564959561	0.0271080029	-0.0167625868	-0.1086280436	0.0770303318	0.1376922201	0.0022244019	-0.0448324653	-0.0250349474	-0.0346817135	-0.1170135556	0.0372342568	0.0918780108	-0.0522683401	-0.0848959115	-0.0614976684	0.0581198841	-0.0708724528	0.0776723425	-0.0377894014	-0.1782554663	-0.0319911857	-0.0493082153	0.0099853247	-0.0370946988	0.0095243768	-0.0725779225	0.0678532272	-0.0656098624	0.0004916021	-0.0397459709	-0.0069035809	0.0801272008	0.1085808208	-0.021974443	-0.1851211635	-0.0139371311	0.1030573087	-0.240013045	-0.1404111289	-0.149480846	0.0100037666	-0.0797986129	-0.0271559641	-0.0116229113	0.135349739	0.085274677	0.0627116218	0.0294209952	-0.0089024437	-0.0457030134	-0.0746855372	-0.0908922084	-0.0915506825	-0.0765483197	0.0	0.0184355786421548	0.0283985374871916	0.000339870559871	0.0008064769314114	0.0155091961337916	0.0406855106810581	0.0016553107793784	0.0002405351647164	-0.0196069416729898	0.0094299567949818	0.000384432161768	8.892408515522347e-05	-0.0004079229530964	-0.0009359204728182	1.6640113566288774e-07	8.759471314404302e-07	0.0005220602723929	0.0005660872622258	3.204547884543788e-07	2.725469280109489e-07	-0.0002958931696022	-0.0001939051014748	8.755276781723629e-08	3.7599188377952485e-08	0.0	0.0	0.0	0.0	1.0	0.0	0.0	0.0	0.0	0.0	0.0
6241.522451755629	4.466105038794922	38956602.5157696	19.94609421754939	15573.97442395174	20.438713492219904	417.741009217052	242548679.3579029	6287.899214045871	13.38952974030235	39537676.52599869	179.27950666644114	7384.361157214636	9241.570419840817	1.184469	22.929831	0.1230505897537978	0.0682485625296444	-0.0068841556	0.0133424861	0.1378796965	0.1045605318	0.0538919937	-0.0244320063	0.0331340991	0.0692006067	0.108531927	-0.0867272241	-0.0920790304	-0.0185749036	0.0219870848	0.0214432143	0.0609551474	0.0473006891	0.0426611716	-0.1474821516	0.0733356641	0.0504269225	0.0224522176	0.1783980315	-0.0110842437	0.0033653519	-0.1211561004	-0.1437736354	-0.0048116309	-0.1514541876	-0.0469556369	-0.1287723753	-0.0639358388	0.0429022791	-0.1177380813	-0.0244494542	-0.1116915706	-0.0778185927	0.0910200375	0.0110679023	-0.0074053176	0.1199554754	0.0912483456	-0.0451849933	0.0161705964	-0.1104711959	0.0082102288	-0.0164880081	-0.0281539241	-0.0284388115	-0.0587678294	-0.0385467562	-0.0695972463	-0.185614842	-0.0266318131	-0.119049975	-0.0895052951	0.0694407934	-0.1090892132	-0.11262196	-0.0247254762	-0.0526186413	-0.0667575296	0.2182602303	0.032213124	0.0747437407	-0.1449524885	0.0053733225	0.0950405135	0.0582268907	0.1135739836	-0.061982241	0.1208591888	-0.0489404793	-0.0548115399	0.0594780714	-0.0130146104	0.0079699561	-0.0143139073	0.0352769155	-0.0872399621	0.0121587018	0.0006842972	0.1231158376	0.0484923605	-0.0733627779	0.0164237798	0.0444979347	0.0214278657	-0.0138838415	0.0636078123	-0.2287678488	-0.0901339055	-0.0042626612	-0.0112827444	-0.0595263956	-0.0417467226	0.0377994715	0.0610232863	-0.1301518609	0.0267579474	0.0189995235	0.0511835955	0.0893989895	-0.0406167806	-0.1853255263	0.0673131661	-0.0233519839	-0.1100721077	0.0471231788	-0.0093899279	0.1692160223	-0.2803425431	0.154219384	-0.1384269165	-0.0698907337	-0.0430006954	0.0389691847	-0.2260808828	-0.0494860439	-0.1071456692	-0.0598321615	-0.0699155625	-0.0589466423	0.1252274548	-0.071186193	0.1267462482	0.132175527	-0.0685883794	0.0172310945	-0.0884159564	0.0124447506	0.1199151717	0.0329521501	-0.0111892198	0.0572528055	-0.0120257138	0.1032645233	-0.059534437	0.0389967228	0.1093119868	-0.0485252015	-0.0236821677	0.0581884931	-0.0729290173	-0.0395138815	0.0540077376	0.0207833916	-0.2255772089	0.0161211829	0.0084638432	0.1970592399	-0.1944536621	0.1394271527	-0.0228774622	-0.2821328792	-0.2065415961	0.1971453365	-0.054224971	0.0963136266	-0.1896302928	0.2035288485	-0.0548631567	-0.4142944035	-0.0419238964	-0.0670605172	-0.0377413843	0.0587068028	0.0079166863	0.0579129506	-0.2969645243	-0.0615049621	0.0847513209	0.0608031248	0.0257713294	-0.0139582358	-0.0511434007	-0.0790058053	-0.0924665046	-0.0890717925	-0.0694404798	0.0	0.016047701198218	-0.0023878774439368	0.0002575287137472	5.701958687262148e-06	0.0629617651216563	0.0474525689878647	0.002251746303548	0.0039641838672346	-0.0584622606793061	-0.0388553190063163	0.0034178359237351	0.0015097358150826	-0.0004853513973157	-7.742844421930001e-05	2.355659788763025e-07	5.995163974221253e-09	0.0011050667809251	0.0005830065085322	3.398965889909063e-07	1.221172590304163e-06	-0.0002692316360401	2.6661533562099974e-05	7.248567384482888e-08	7.108373718829833e-10	0.0	0.0	0.0	0.0	0.0	0.0	0.0	0.0	0.0	0.0	0.0
6256.787747780457	15.265296024827876	39147392.920775644	233.02926272562576	15616.938302470662	42.963878518921774	1845.894857388668	243888761.9431753	6284.178829270036	-3.720384775835555	39490903.55824572	13.841262880268973	7400.821876037628	9434.841034933645	1.221605	23.648746	0.0730288864703884	0.0447025479128076	0.0388590428	0.0489900196	0.1672296986	-0.0436081106	-0.0806435452	-0.0043002484	0.0594611809	0.0973786792	0.1698587831	-0.0413925944	-0.0170403845	0.0296962462	0.0299051909	-0.0351266222	-0.0401595325	0.0011750235	0.0304833962	-0.1308944407	0.1002423912	0.0573850714	-0.0245995414	-0.0059078363	-0.0221197388	0.0562464978	-0.0666078575	-0.0286420622	0.0620422546	-0.0394409921	0.0444157835	-0.0362565653	0.0705773535	0.0010853318	0.0326143913	-0.0733338137	-0.0629998745	0.0206299702	0.0508337663	0.0490656801	-0.0637952322	-0.0597272059	0.0750371677	0.0395395788	-0.0483069343	-0.038923291	0.111696632	0.1713855647	-0.0477441408	0.0289748013	0.0470019698	0.0468063333	0.0552267984	-0.1048289232	-0.0423145213	0.0777521609	0.0137843599	-0.0183566417	0.0690700241	0.0144488335	-0.0196215644	-0.1431885872	-0.1348663814	-0.0857958303	0.0952011758	0.0492028164	-0.0708305002	0.06278895	0.0302820942	0.0299336235	-0.042631134	-0.0320938667	-0.0969253742	-0.0636638814	-0.1293002854	-0.030270977	0.0617527067	0.0295699436	-0.0180259903	0.046218875	0.0107345287	-0.1023133263	-0.0279500018	0.0707424802	0.0014334722	0.16673213	-0.0577835873	0.0147032326	-0.0242578811	0.0280167129	-0.0436882538	-0.1998527901	0.0376011337	0.0362999795	0.0090256562	0.0170187358	0.0066383387	0.0816284542	0.0364376788	-0.0605494899	0.0073902547	-0.0590438362	-0.0234045196	-0.0069030491	-0.1031334642	0.0108988946	-0.0524339245	-0.0439854513	0.0197020947	-0.0899284792	0.0531236908	-0.0064346111	0.0108048618	0.0770802887	0.136838291	0.0358064228	-0.0130735828	0.0260997751	-0.1004497176	-0.005578606	0.0309319846	0.0308901082	-0.0257828112	0.1317065204	-0.1298985774	0.0558721072	0.0135367297	-0.0942785099	0.0294275745	0.1370699563	0.092192344	-0.0342987015	-0.0069337256	-0.0935185352	0.0578844397	0.0648833068	0.1556844081	0.0005204069	-0.0058250698	-0.028588912	0.0363140438	-0.0240696441	0.1273632983	0.0277203098	0.0071888994	-0.0637190269	0.0440306393	-0.0014495203	-0.134241957	0.0455406592	0.008623294	0.1307011488	-0.1309072614	0.1040448932	-0.0264211664	-0.0168013377	-0.0354867684	0.1195511084	-0.0528921597	-0.0926298409	-0.0153404031	0.0854316748	0.0773965918	-0.0105256381	-0.028275169	-0.0237939718	-0.0361318966	0.0094407521	0.2063476664	0.0623368574	-0.0495111766	-0.1073531787	0.084212153	0.0588492543	0.0220783961	-0.018972371	-0.0563453339	-0.0827957235	-0.0931961179	-0.0855303949	-0.061284559	0.0	0.0160758927053876	2.819150716960178e-05	0.0002584343262751	7.947610764937087e-10	0.0211067417045285	-0.0418550234171277	0.0017518429852483	0.0004454945453816	-0.0423333349476351	0.0161289257316709	0.0017921112477886	0.0002601422452577	-0.0004079419051424	7.740949217330002e-05	1.6641659797121088e-07	5.9922294785281966e-09	0.0011600232328556	5.495645193050007e-05	3.0202116087893647e-09	1.3456539007647578e-06	-0.0001012626638555	0.0001679689721846	1.0254127091111984e-08	2.8213575616750938e-08	0.0	0.0	0.0	0.0	0.0	0.0	0.0	0.0	0.0	0.0	0.0
6227.012913450116	-29.77483433034104	38775689.8242745	886.5407593992552	15488.649131807091	-128.289170663571	16458.111309546843	239898251.92822856	6265.798111565884	-18.38071770415172	39260225.9749026	337.8507833197165	7374.44955424955	9356.944325472605	1.354089	26.21347	0.0439019077228998	0.0238047961193848	-0.0266888655	-0.0505605042	-0.0824190917	-0.0980706135	-0.0040448745	-0.003210646	-0.0646213924	-0.0751731261	-0.0153383806	-0.051510317	0.0119457704	-0.0596481892	0.0658167651	-0.1623951867	-0.0641460096	0.0221636946	-0.0047227416	0.0733633769	0.0829384003	0.0186717872	0.0196040218	-0.0289073565	-0.0016101998	-0.0003304671	0.0056494553	0.1618562914	-0.0628707079	0.1209024861	-0.0647697768	-0.0899024875	-0.0032385615	0.2121477775	0.0174180192	0.0978130115	0.0042713007	0.0995175152	0.0001496653	-0.0227100728	0.0073311398	0.0159714959	0.0392547394	-0.0722402974	-0.0028747634	-0.0899351828	0.0681572679	0.0653012829	-0.0386783085	0.053827122	0.0035933868	-0.0946593615	0.0940044016	0.0043792121	-0.0644291386	-0.0226661225	-0.0596717939	0.0809014624	0.0857861751	0.0547606962	0.0465967797	0.0738639236	-0.0630567251	0.0258033343	-0.0031894987	0.0186266568	0.0194678761	-0.0318144842	0.07472626	0.0290625187	0.1252073319	-0.0310944631	-0.0185372814	-0.0308832671	-0.0187066219	-0.0421500224	-0.0112385833	-0.0743501258	0.0127647751	-0.0963398595	-0.0099507563	0.104758946	0.045621647	-0.0800147284	0.1735459584	0.029869646	-0.0093953743	-0.0076963051	0.0615891843	0.0534266619	0.0406875339	0.0303661799	0.0026584362	0.0160326274	-0.102974373	-0.0720079849	0.1273119862	-0.0257641744	0.0785422804	-0.0223003113	-0.1273090409	0.0331084883	-0.0765598485	-0.0596833536	-0.0282784982	0.0767687039	-0.1016285733	0.0337794573	0.0985114867	0.0629664589	0.1231884204	0.0221592114	0.0181026088	-0.0439640121	-0.0502211392	-0.0010741065	0.0291233084	-0.0593384719	-0.0787954847	-0.0206314577	-0.0936864909	0.0724797536	0.0145558744	-0.0761272079	-0.0471890159	0.0948078395	-0.040861393	0.058602115	0.0467373421	0.0989024231	-0.0413867207	-0.0467977201	0.018701428	-0.0536967811	0.0145328568	0.0218321819	0.0602365896	0.0005156026	0.0858939943	0.0540827069	0.0689383397	-0.0140704683	0.0559733812	0.1139676383	0.0686271385	-0.0461911869	0.1436260167	0.0642106326	-0.0325804896	-0.0590342223	-0.0153257383	-0.0363397365	-0.0468445014	0.0678422137	0.0388852037	0.1373765171	0.0460344647	0.0970944329	-0.1222534481	-0.0011280686	-0.0674183041	0.0317231848	0.1042441205	0.0926672062	0.0214011051	0.0490540003	-0.1432628221	-0.0104227382	0.0417732568	0.0089494439	0.0227657135	-0.0158690192	0.0836572738	0.0568514682	0.0183483952	-0.0239298853	-0.061284559	-0.0860298509	-0.0930743832	-0.0809687338	-0.0522036565	0.0	0.0160465607651332	-2.933194025439914e-05	0.0002574921123891	8.603627190876407e-10	0.0219580456587067	0.0008513039541781	7.247184223994379e-07	0.0004821557691498	-0.0282427437446628	0.0140905912029723	0.0007976525742266	0.0001985447604492	-0.0001729230391258	0.0002350188660166	2.9902377460502964e-08	5.523386738372859e-08	0.0015030112858542	0.0003429880529985	1.1764080449977037e-07	2.259042925405096e-06	-0.0001018693573502	-6.066934947000075e-07	1.0377365966942748e-08	3.68076996511308e-13	0.0	0.0	0.0	0.0	0.0	0.0	0.0	0.0	0.0	0.0	0.0
6224.256040760657	-2.75687268945876	38741363.26094553	7.600347025883575	15567.124663147746	78.47553134065492	6158.409019198113	242335370.27798283	6267.575757437628	1.7776458717444257	39282505.87521986	3.1600248453299997	7367.758802301195	9281.846312750671	1.265418	24.496906	0.0509135626468693	0.0250850661586847	-0.0032564118	0.0392970748	0.0958107174	0.0330853163	0.044620628	-0.0392950791	0.0021949486	-0.013722482	0.0868478191	-0.0358112239	-0.0272913258	0.0545487925	0.1346498708	0.0528642621	0.0013952771	0.0137868525	0.0529056268	0.1008841302	0.0686785725	-0.0057840069	-0.0661498219	0.0018965565	0.1370735684	0.1007286008	-0.0133424841	-0.0514184427	0.0116210998	-0.1115185026	-0.0460319074	0.10601949	0.1563511062	0.0152527198	0.0011703276	0.1624576472	0.0200192495	-0.0136955884	-0.0031651683	-0.0703375998	0.0909604467	0.0304951786	-0.0150569398	0.0683102383	0.0953709986	-0.1245792335	0.0907238222	0.0207076688	0.0521130442	0.0488984019	0.0924089179	0.005509764	0.0424701772	0.0536642883	-0.0283078768	0.0044778281	0.0060085555	-0.1486094194	-0.0029582958	0.0341247229	0.0275463991	0.1090056749	-0.0028103993	0.0337788561	0.0145881431	-0.0610712111	0.016439945	0.0812164151	0.0758745376	-0.0013460141	-0.0267917892	-0.0692934178	0.0714144212	-0.1276325465	-0.0165350568	-0.0838983578	-0.0854845537	0.0322510635	0.0471974431	-0.0662312149	-0.0580383884	0.0169700914	-0.0566700101	-0.0783468798	-0.0198127326	-0.0539076711	-0.0084380184	0.0359948306	0.0407556823	0.0088122809	0.0555360942	-0.0753246391	0.0405111088	0.013900367	0.1803010953	-0.0679770715	-0.0174946557	0.004342074	0.0947977538	0.0074686276	-0.067651242	-0.0176828914	-0.0258040608	-0.1274222347	0.0471074068	0.1054741804	-0.0162355221	0.1428010808	0.0367400549	-0.0704532593	0.0576538689	-0.0061880102	-0.0839787935	-0.0928771558	-0.0032186535	0.1155894261	-0.0453912115	-0.0504649213	-0.0185266196	0.0509848733	-0.0070809257	-0.0998026144	0.075811402	0.0223135921	0.0888762329	0.0530183615	-0.0658576632	-0.1085000684	-0.0064081935	0.0627313974	0.001696924	0.0242854551	0.0079103345	-0.0386827887	0.0187758973	-0.0342281342	0.0053883214	0.1269788028	-0.0082157078	0.0674943096	-0.1149133955	-0.0630412139	0.0249067463	-0.0466195408	-0.0293646174	-0.0842181295	-0.0412359264	-0.0116569722	-0.0481680456	0.0032552674	-0.0446071652	0.0326359376	-0.0686233684	0.0870902894	0.0714991031	-0.0488803112	0.0053455737	0.1383205483	0.0627831474	-0.0965585516	-0.0497836224	-0.0018959655	0.0939076872	0.0798978129	-0.0703849656	0.1219911808	-0.0160485113	-0.037791714	0.0140792918	-0.1082967298	0.0861864055	-0.1422750102	0.0830867868	0.0548112574	0.0145875891	-0.0288159833	-0.0659380473	-0.0886864774	-0.0921024127	-0.0754412237	-0.0423348324	0.0	0.0158976701970914	-0.0001488905680417	0.0002527359176954	2.2168401251809828e-08	0.0396786794297412	0.0177206337710345	0.0003140208612471	0.0015743976012881	-0.0211583110340498	0.007084432710613	0.0004476741258135	5.0189186831203466e-05	-0.000407242001575	-0.0002343189624492	1.658460478468123e-07	5.49053761632696e-08	0.0015590717618247	5.606047597050013e-05	3.142776966039022e-09	2.4307047585191744e-06	-0.0003306820308741	-0.0002288126735238	1.0935060554301922e-07	5.235523956515484e-08	0.0	0.0	0.0	0.0	0.0	0.0	0.0	0.0	0.0	0.0	0.0
6234.263082966698	10.007042206040753	38866036.18764144	100.14089371348092	15475.415759122823	-91.70890402492296	8410.52307745253	239488492.91770703	6270.760976117614	3.185218679985155	39322443.21959952	10.145618039326374	7379.736710914123	9342.15948480279	1.358111	26.29134	0.0595673711164679	0.0260202006716082	-0.000965936	-0.0057587213	-0.1092512133	-0.1092415046	-0.0648141374	-0.0167883072	-0.030623255	0.0484572969	-0.1108181245	-0.1500785067	0.0479683977	0.0455738141	-0.0237524971	-0.1563746768	0.0313380957	-0.0278370142	-0.0240962562	0.1325900315	0.0583738102	0.1889220525	-0.1662292864	0.052818009	-0.0733843214	0.0506644105	0.0066316091	0.0017456513	-0.0656687063	-0.0345062887	0.0249792999	0.0497015712	-0.1613834622	-0.0946835291	-0.0733114798	-0.0207944105	0.1671491899	0.127427292	-0.119590053	0.0419999264	0.0416434801	-0.008166651	-0.0547649938	0.035275907	0.0687844347	-0.027903569	0.0126909118	-0.0181025575	-0.0165372892	-0.0757734686	9.50981e-05	-0.0204803496	-0.0256198198	0.0980959165	0.0675635699	-0.0203192898	-0.040702902	0.0293745941	0.0281090647	-0.0419683972	-0.0527614613	-0.0254458937	0.0223628378	0.153613657	0.0833469032	-0.0352282282	0.0423220761	0.0330922019	0.0045484636	0.1684336575	0.0587529384	-0.078686033	-0.0330676227	-0.0020201176	0.0456098509	0.0337206578	-0.1212694963	-0.0316287086	-0.0799802948	0.0377009788	-0.047629193	0.0098324406	-0.0646369376	0.0230748239	-0.0374774318	-0.0250926191	-0.0433545695	0.0118768243	-0.0068223016	-0.0235689359	0.1196233726	0.0680694218	0.2081294451	-0.0408187241	-0.1402570257	-0.0106732085	0.1234771524	-0.0445499566	0.0200585984	-0.0177305374	-0.0140424576	0.0271666104	-0.0558440784	-0.01307487	-0.1400647441	-0.0610366633	0.0259444113	0.0446471296	0.1120986221	-0.0490035071	-0.051428492	-0.0472874746	-0.0826190559	-0.175259414	-0.0369811707	0.0186051476	-0.1176600371	0.0007461615	-0.0433980893	0.0884172405	-0.0273912393	-0.1319702286	0.0388706619	-0.0161927183	0.0184609863	-0.023969708	-0.0604325292	-0.0292830309	0.0169631451	-0.0756779237	0.0299567648	0.0847482805	0.1089633944	-0.0354143121	-0.0268837108	0.0362988831	-0.0198264717	-0.0023676375	-0.1133036165	0.036701688	0.1022095647	0.0877637748	0.0188502112	-0.0693204738	0.0285909911	0.0041312438	0.0365111075	-0.0316788777	-0.049004778	0.0061445548	-0.0231783172	-0.031660247	-0.0364156988	0.0658584997	0.042261893	0.1752134243	0.0375038374	-0.0211640958	-0.1201473477	-0.1695338107	-0.062163283	0.0050331913	-0.0452207271	-0.0636670822	-0.0503156562	0.1540956776	-0.0468650299	-0.0419076769	0.0872809847	0.0347039466	0.0501870168	0.0105345655	0.0825007985	0.0527301444	0.0108022918	-0.0336160831	-0.070284102	-0.0907477697	-0.0902890852	-0.0690138005	-0.031827039	0.0	0.0260670786666139	0.0101694084695224	0.0006794925902114	0.0001034168686199	0.0268303125202606	-0.0128483669094806	0.0001650805322406	0.0007198656699348	-0.0331922529543646	-0.0120339419203148	0.0011017256561865	0.0001448157581415	-0.0001521788432215	0.0002550631583535	2.315840032423388e-08	6.505721474926261e-08	0.0014390311151968	-0.0001200406466279	1.4409756842844402e-08	2.070810550504546e-06	-0.0004458913022357	-0.0001152092713616	1.9881905340944843e-07	1.3273176207670794e-08	0.0	0.0	0.0	0.0	0.0	0.0	0.0	0.0	0.0	0.0	0.0
6227.368830545361	-6.894252421337114	38780122.55164789	47.53071644911267	15582.875832344407	107.46007322158404	11547.6673367882	242826019.2062634	6275.915952720956	5.15497660334222	39387121.04561738	26.57378378100569	7384.993325610363	9299.31060409924	1.388496	26.879545	0.0799707392201999	0.0352713336208357	0.0054988334	-0.0241692078	0.0407390483	0.1584307612	-0.0152673975	0.0214316699	0.0751699329	-0.0171310789	0.1233143582	0.0397906655	-0.0851208878	0.0368670241	-0.1020119696	-0.0133816872	0.0452699141	0.0160169348	0.0077499276	-0.0618358265	0.0523660421	-0.0216846818	0.0216296397	0.0942576239	-0.1121867266	-0.085868388	-0.0160168957	0.0256636606	0.0805076959	-0.100013215	-0.061646218	-0.1262302064	0.0490156618	-0.0335386251	0.089006824	-0.0805340274	-0.0199085099	0.0522587856	-0.0376871402	0.0276901511	0.0743304222	-0.0958258944	0.1129997532	0.0934959447	-0.0523117741	0.0269634446	-0.0757378854	-0.1205421263	0.0847677091	-0.0545046351	-0.0887146922	0.020115674	0.0690874651	0.0329509647	-0.0151217107	0.0464708552	0.1106765751	0.0198989019	0.005358657	0.0007778553	-0.0569533987	0.0909025028	-0.0195147519	0.0324366436	0.0757679813	-0.0513872414	0.0393412311	0.0545323908	0.0098334303	0.0508877907	0.139116645	-0.0237711745	0.0202619625	-0.0334685242	0.1086323498	-0.0590094134	0.0253732769	0.053579322	0.0939846167	0.0685435628	0.008736033	0.0009069981	0.1146141997	-0.1102929494	-0.0041654427	-0.0451499022	-0.077733516	0.0158280347	-0.0057108138	0.0550311992	0.0152151004	-0.0884583168	-0.1371825613	-0.0880372115	-0.068010487	0.0321465907	-0.0446211052	-0.0827094377	0.0492689121	-0.1026375395	-0.0671769634	-0.0670223336	0.1389136156	0.0282890556	0.0127610191	-0.0187130426	0.0120519352	-0.0503370735	0.1583430761	-0.0067945913	-0.1131098076	0.0003356632	-0.0156692318	0.0908389795	0.1591069478	-0.0540979513	-0.0479898116	0.0671653455	0.1237791411	0.0480328018	0.0081359718	-0.0041666534	0.0318598572	0.0987866826	0.064767071	-0.0676232203	-0.0355217774	0.0224920051	0.0356041069	-0.0180530748	0.1171859355	0.0277827503	-0.0686796323	-0.0281861164	-0.0201077888	0.1166692707	-0.0352272131	0.0632329619	-0.010567201	-0.0166388852	-0.0177517599	0.0102706176	-0.0195784617	-0.0974682485	0.0318062873	-0.0339022314	0.0481904487	0.1078262187	-0.0285464054	0.0109900108	-0.0062150651	-0.0296001701	-0.0679979146	0.0505571008	0.0532791822	-0.0661329251	-0.0687512375	-0.0074400608	-0.1156825436	0.0167057508	-0.0891723668	-0.0408059945	-0.0458299039	0.1711235436	-0.0287028205	0.134041801	0.0550788677	-0.0345138093	0.0303170776	-0.125360347	-0.0223198425	-0.1110927187	0.0818994181	0.0506096822	0.0069988586	-0.0383158593	-0.0743024598	-0.0921998906	-0.0876509655	-0.0617631348	-0.020838873	0.0	0.0162148882085091	-0.0098521904581048	0.0002629225996144	9.706565682277128e-05	0.0470585741768303	0.0202282616565697	0.0004091825696466	0.0022145094035562	-0.0292237109707542	0.0039685419836104	0.0008540252829021	1.5749325475678372e-05	-0.0003559088968648	-0.0002037300536432	1.2667114286751886e-07	4.1505934757501896e-08	0.0018090219022552	0.0003699907870584	1.368931825080944e-07	3.2725602428390228e-06	-0.0001011772404991	0.0003447140617366	1.0236833995012722e-08	1.1882778435894449e-07	0.0	0.0	0.0	0.0	0.0	0.0	0.0	0.0	0.0	0.0	0.0
6219.725655534996	-7.643175010364757	38684987.23012024	58.41812423906431	15498.360815120648	-84.51501722375906	7142.78813633229	240199187.9556672	6274.579417541368	-1.3365351795882816	39370346.867033765	1.78632628627708	7388.026985529987	9380.973063836604	1.1892	23.021416	0.0838215133417738	0.0420503215884222	-0.0314403327	-0.0166160249	-0.1114121086	0.0467078727	-0.1656527388	-0.0154288528	-0.0134375346	-0.0851437424	-0.0284407003	-0.093910855	0.0769581343	0.0415499171	-0.1085091584	-0.0427669844	-0.0804883398	0.0029903541	0.0442311632	0.0263322951	0.1573908774	0.0773460073	-0.0684744362	-0.032241438	-0.1102532258	-0.0336680166	0.0331139782	-0.0386097699	-0.0885780572	-0.0842498838	-0.0689843468	0.0507172162	-0.023803666	-0.0206487189	0.0389471376	0.0322309557	0.0037667927	0.0257329049	-0.0778525441	-0.0183211856	-0.0192477902	-0.0225384825	-0.1617912527	-0.0715370066	0.0963533185	0.0857616911	0.0420229263	-0.0054169832	-0.0648394681	-0.071563729	-0.053003575	0.052887548	0.1131714289	-0.1368428511	0.0310231175	-0.0531736793	0.0686562079	0.0487021095	-0.0200094984	0.1298094965	0.0963792167	-0.0048689507	-0.0427537686	-0.0291210427	-0.0628186846	0.000503233	-0.0440008541	-0.1826478362	-0.0082382996	0.0038667331	0.0464301457	-0.0046837749	-0.0198713927	-0.0180375593	-0.0174237993	0.1036389741	-0.0627387649	0.0148773798	-0.0002417876	0.093628573	0.0381779602	-0.0162234786	0.0237470725	-0.0096334909	-0.0074157548	-0.0368824991	-0.01674108	0.0420123571	0.0290001589	0.1027638968	0.0164756732	-0.0210230039	0.1370564648	0.0340215196	-0.1259088223	0.0252995957	-0.0488614906	-0.0938853732	0.0802671047	0.0467380777	-0.0130072129	0.0183144477	-0.0247816719	0.0768756448	0.0205219775	-0.032403123	0.0987890624	-0.0648766313	0.0611508061	-0.0153240964	0.0040522147	-0.081960034	-0.0462216087	-0.008266261	-0.0049718166	0.019381191	-0.0719681709	-0.0140276556	-0.1009739042	0.0061308525	0.0308372958	-0.0371585835	-0.0483851256	-0.0771723277	0.0670428557	0.118028996	0.0066493243	0.0161808408	-0.0053151657	0.0236087901	0.030664095	0.0176006578	-0.0837214252	0.0935421379	0.2154667554	-0.0635790157	-0.0880574515	-0.0140492404	0.0982387857	-0.0092852334	-0.018150334	0.0351186966	0.0297624605	-0.0218609732	-0.1140590711	-0.0187394661	-0.0247250141	-0.0385669203	-0.0202188246	-0.0287397662	-0.0234551845	-0.062338008	0.0209745452	0.0269528777	0.0508558732	0.0604985065	-0.038837122	-0.0371314886	-0.0441902813	-0.1709529291	-0.054389039	0.0790013965	-0.0575104787	0.0305840462	-0.031579182	0.1495889591	0.0187945967	-0.03841381	0.0719669656	-0.0571376093	-0.0318554789	0.0351626252	0.0812827579	0.0484514532	0.0031836749	-0.042901286	-0.0779743851	-0.0930330924	-0.084212153	-0.0537757173	-0.0095361811	0.0	0.0160501071857623	-0.0001647810227468	0.0002576059406744	2.715278545748149e-08	0.0204775877652707	-0.0265809864115596	0.0007065488386115	0.0004193316006843	-0.0393812678036766	-0.0101575568329224	0.0015508842538248	0.000103175960814	-0.0002651430299707	9.07658668941e-05	7.030082634204353e-08	8.238442593037476e-09	0.0013780649767889	-0.0004309569254663	1.857238716073661e-07	1.8990630802521916e-06	-0.0005178182296296	-0.0004166409891305	2.681357189367332e-07	1.7358971382364144e-07	0.0	0.0	0.0	0.0	0.0	0.0	0.0	0.0	0.0	0.0	0.0
6215.0418978294	-4.683757705595781	38626745.79177487	21.937586244727854	15550.26274887922	51.90193375857234	2693.8107278792318	241810671.55918077	6266.616775979917	-7.962641561450255	39270485.81699293	63.40366063613495	7380.605375452978	9273.928276523253	1.149837	22.259411	0.0387854663014487	0.0177862953104989	0.0148869526	0.0214856342	-0.0505902948	0.1611745701	0.0347606473	0.0020621498	0.0764058505	-0.1049989596	0.0637449127	0.0844847187	-0.0565357275	0.0403772183	-0.0620749006	-0.0423513063	0.0467469176	-0.0342390821	0.0341295183	0.0506153977	-0.0084621848	-0.0823350979	0.0057144079	0.0821933278	0.0919288451	-0.0238786466	0.016653371	-0.0548940412	-0.0081690483	0.0144889835	0.0157984787	-0.0319985256	-0.1070794206	0.0397282073	0.0187791831	-0.0463474531	-0.0229813858	-0.0621004549	0.0649606227	0.0009347328	0.0948300421	-0.1650281636	0.0001752501	0.1120827395	0.0517877712	-0.1423037244	-0.0974234206	0.0628248586	-0.0312017222	-0.0176729616	-0.0226024257	0.0562452621	0.0783412728	-0.0278003201	0.0402608252	-0.1157936583	-0.0771161342	-0.0678399952	-0.051996933	-0.0533006622	-0.0996503942	0.0839798551	0.0202881241	-0.0231762503	-0.0109907499	-0.0969637318	-0.0411746367	-0.0242516915	0.0309483914	-0.0048260159	-0.0601807854	-0.0730516898	-0.1565183375	0.1585566839	0.0327436171	0.1090723112	-0.0298802612	-0.1016899315	0.0002900132	-0.0376259989	-0.0232327829	-0.1049717524	0.0503054015	-0.0122396198	0.0305224696	0.0276867369	0.0907781543	0.0492625357	-0.0387665201	0.0790436306	0.0250964257	0.0151346256	-0.0992341454	-0.11381299	0.0348293599	0.01699822	0.0421391161	-0.1028145533	-0.0048427854	-0.081700775	-0.0294349495	0.036777772	0.0558394594	-0.025612344	-0.0466169172	0.0257179011	-0.06160626	0.036283741	-0.0891578671	-0.1014838407	-0.1033800738	0.0144688433	-0.0613598351	-0.0102620599	0.0650717312	-0.0256034963	0.0662774157	-0.0411465282	-0.0547203836	0.123305326	-0.0542105916	-0.0606469792	0.0620465708	-0.0010573167	-0.0542057259	0.0988053947	0.0095191052	0.1708474229	0.0209058425	0.0360783865	0.058090371	-0.1009469318	-0.0207439351	0.1020854057	-0.0574180276	-0.011476476	0.0419681473	0.0503678863	-0.0111703391	-0.0426144524	0.0407885771	0.0532335566	0.0091035069	-0.0036174139	-0.0299209044	-0.099103387	-0.2070478956	0.0613886499	-0.0149687292	0.035646906	-0.017983953	-0.06489198	0.0224956891	0.0435778893	0.0534837977	-0.09038896	-0.0642663833	0.0047767452	-0.1104336855	0.0389020752	-0.0352126171	-0.1002832987	-0.0129751714	0.1286646018	-0.0461433206	0.1638465344	0.0185332419	-0.0131618191	0.0502307394	-0.0076374193	0.0474808884	-0.0344693453	0.080650933	0.0462570678	-0.0006368538	-0.0473586783	-0.0812827579	-0.093241782	-0.0800040612	-0.0451468273	0.0019104426	0.0	0.0159641393942422	-8.596779152009876e-05	0.0002548537465987	7.390461178843163e-09	0.0298495815194144	0.0093719937541437	8.783426692770855e-05	0.0008909975168841	-0.0333394002648717	0.0060418675388049	0.0011115156100213	3.650416335646441e-05	-0.0004072080307168	-0.0001420650007461	1.658183802802543e-07	2.018246443698939e-08	0.0015590774653266	0.0001810124885377	3.276552100661098e-08	2.430722542889216e-06	-0.0003751829745738	0.0001426352550558	1.4076226441004468e-07	2.0344815984833123e-08	0.0	0.0	0.0	0.0	0.0	0.0	0.0	0.0	0.0	0.0	0.0
6218.031958525982	2.990060696582077	38663921.43725047	8.940462969244896	15529.389174578058	-20.87357430116208	435.706104106134	241161928.1355022	6268.693924235087	2.077148255169959	39296523.5157419	4.314544873955605	7376.9965793179135	9365.886027764282	1.243728	24.077019	0.0258998473174897	0.012185558733886	-0.0288767381	-0.0247443786	-0.0552321955	0.0465004825	-0.1755103951	0.0108720998	-0.0562155275	-0.0431589035	-0.0333277397	-0.0809316996	0.095586056	0.0529343503	-0.055585267	0.1436548497	-0.0389711456	0.0097206626	-0.0192315366	0.0944176107	0.0738441734	0.0339912918	-0.17380183	-0.1194145552	-0.0741964721	0.0597368502	0.0036662153	-0.0279452429	-0.0622082052	-0.1209347887	0.0079726253	0.0007520951	-0.0080707597	0.0588749693	-0.0271512691	0.0583503901	-0.0280810799	-0.1487691535	-0.0303066988	0.0338887021	0.0054134631	-0.028470752	0.0974582624	-0.0594237849	0.0252077104	0.0884023178	-0.0347287631	-0.0329932332	-0.1281809187	-0.059373769	0.0280928394	-0.0204049117	0.0181450771	0.007992139	-0.0741505782	0.1017417878	-0.0676267013	0.0494391837	-0.1012663524	0.0125760263	-0.1109306719	0.0246118522	0.0328504729	-0.0693807452	0.0350849257	-0.033275549	-0.0836344009	-0.0419151724	0.102346132	-0.0220497865	-0.0813603282	0.1143038196	0.0750697301	-0.0076098743	-0.0302615022	-0.0670793611	0.1076936467	0.1460866296	0.022987457	0.0285780296	0.063598682	0.0527789228	-0.0856828744	-0.0837423063	0.0684868684	0.0956626041	-0.0305812712	-0.0053316993	0.0104527874	0.037086491	0.0114108388	0.0314621077	0.2174928531	0.0177874163	0.0285760712	-0.0257692929	-0.1495462218	-0.0041329345	0.0460657959	0.0162515133	-0.0526633589	0.0820512009	0.034229727	0.105587444	0.015994798	-0.0661955642	0.0453214734	-0.0402399933	0.0141552751	-0.0604035028	-0.0220146852	-0.073372192	-0.0487096173	0.0331022792	-0.0702684837	0.0400667208	0.166784584	-0.0601521337	-0.0258900447	-0.1360756215	0.0080780275	-0.0331222842	0.0390847174	-0.0390622431	-0.0016718551	-0.1141532478	-0.111427113	-0.0637074083	0.0367182018	-0.0164410107	-0.0685940615	0.0424396766	0.0405221074	-0.0470398119	0.0722305599	-0.0001643011	0.1305367536	0.0295027024	-0.0653567879	-0.0925852483	-0.1009310641	-0.002161863	0.0641314049	0.05131539	0.0148881829	-0.0192583493	-0.0396129649	0.0087002623	0.0096450917	-0.0203732917	-0.0055725952	-0.043091748	0.0418838751	-0.0109053104	0.0238009933	0.037739743	-0.0658328403	-0.0453116084	0.0750432962	-0.186918074	-0.0744462345	0.1190889886	-0.0143877983	0.0230544139	0.0086950615	0.0741928688	0.041704846	0.0333876112	0.0459788038	0.0269749671	0.0613312854	-0.0916746771	0.0800040612	0.0440281638	-0.0044563133	-0.0516747337	-0.084212153	-0.0928245585	-0.0750651311	-0.0359793958	0.0133282315	0.0	0.0161437369672796	0.0001795975730373	0.0002606202432687	3.2255288240923824e-08	0.0258257643296815	-0.0040238171897329	1.619110477638999e-05	0.0006669701032122	-0.0236358215603473	0.0097035787045243	0.0005586520608325	9.41594396748994e-05	-0.0002752921349166	0.0001319158958002	7.578575954693948e-08	1.7401803564769222e-08	0.0015590324698138	-4.499551280005842e-08	2.024596172140221e-15	2.430582241933717e-06	-0.0002672867888829	0.0001078961856909	7.144222751133198e-08	1.1641586886645176e-08	0.0	0.0	0.0	0.0	0.0	0.0	0.0	0.0	0.0	0.0	0.0
6225.32774391334	7.295785387357682	38754705.51913715	53.22848441838189	15477.999865053072	-51.38930952498595	2640.861133454812	239568479.82258293	6267.170462120461	-1.5234621146264544	39277425.60127519	2.320936814702108	7375.41345824599	9252.021236060516	1.392039	26.948133	0.0209010053774971	0.0107105753822299	-0.0194012933	-0.0043835437	-0.1620088822	-0.0663023347	0.1392928218	-0.0238312344	-0.0320133327	0.0055765244	-0.1327075846	0.0900137413	-0.0835028362	-0.0681454712	-0.1125021422	-0.2253264568	0.081340958	-0.0065696792	0.0096796217	0.093662578	-0.1083306889	-0.0103714493	0.0955084119	0.0277842612	-0.1043229943	-0.078204824	0.0264068126	0.0396690624	0.0008775082	-0.0061138445	-0.1462510382	-0.0997879123	-0.168966866	-0.0767680541	0.009550911	0.0325992103	-0.0420660616	-0.0224923368	0.033602423	0.0073314747	-0.0241645266	0.0022385578	-0.0374818829	0.0176664456	-0.0265575756	-0.0234844612	0.0389235348	-0.0933098069	0.0515823445	-0.0131778128	0.0393005288	0.0863435233	0.1012952026	0.0644599102	-0.0087824229	0.154066255	-0.0210065989	-0.0720189699	0.0533908108	-0.0895956655	0.1000348782	0.0591652331	0.0741397518	-0.1341187448	0.050609345	0.0002110174	0.0054535868	-0.053229397	0.0774142059	-0.0810927794	-0.0352588125	-0.0857301558	0.0172901244	-0.0210942431	-0.0160952626	-0.0881285403	0.1272693872	-0.0553805057	0.0349757184	0.0835590022	-0.076851796	0.0539243366	0.0411684373	0.1245136941	-0.0777648357	-0.1165542872	0.0319642286	0.0097279149	-0.0111889458	-0.0263932386	0.0308657214	0.1942983208	-0.1072668916	-0.0635321906	-0.1282335802	-0.0496182647	0.1110658936	0.0385377356	-0.0009728831	-0.070474396	-0.0821577899	0.0152047701	0.1048892921	0.135605214	-0.0150227986	-0.0388553302	0.0647195297	0.089053129	0.0012575111	-0.0658781994	0.0214046005	0.0354608008	-0.0804920453	-0.0002157871	0.1088271066	0.0740337357	0.020341179	0.0102165614	0.0378119806	0.0615673403	0.0238490497	0.0538631736	-0.0402959206	-0.0607922995	0.0245648553	-0.0326999435	0.0197125134	-0.0857779099	-0.069782239	-0.0086277837	0.0296536988	-0.0623780189	0.0440654851	0.0240452011	-0.0302518832	0.0576383382	0.0387438497	-0.0547901897	0.0919126438	-0.0577894644	-0.1617942679	0.1025491911	0.0495331209	-0.0204847627	-0.0603838074	0.00847656	-0.021306195	-0.0410606571	0.0324312765	-0.0006110913	-0.0200719178	-0.0553062226	0.0339672751	0.0032228648	0.0121250005	0.0202842487	0.024512237	0.0279150053	-0.1502876918	0.096400247	0.0144818685	-0.0264364261	-0.0072683766	0.0232452485	0.1200676934	0.1619334062	0.0774687027	0.0439454898	0.1361910307	0.0772075533	0.064146	-0.0427714158	0.0793422632	0.0417664042	-0.0082682911	-0.0558365714	-0.0867489121	-0.0917842227	-0.0694404798	-0.0263827782	0.0245448544	0.0	0.0161164069380674	-2.733002921219765e-05	0.0002597385725933	7.46930496739577e-10	0.0197266167091498	-0.0060991476205316	3.719960169703748e-05	0.0003891394067897	-0.0281516763151756	-0.0045158547548283	0.0007925168793544	2.0392944166705367e-05	-0.0004073489992185	-0.0001320568643019	1.6593320716431353e-07	1.743901540925044e-08	0.0015590439916435	1.1521829699958493e-08	1.3275255963484558e-16	2.430618167879697e-06	-0.000194181715556	7.310507332690001e-05	3.7706538656271294e-08	5.344351746131428e-09	0.0	0.0	0.0	0.0	0.0	0.0	0.0	0.0	0.0	0.0	0.0
6227.272484949362	1.9447410360216963	38778922.60180739	3.782017697186741	15615.869333259165	137.86946820609228	19007.99026343069	243855375.033424	6277.292401154955	10.121939034494062	39404399.88959774	102.45364981801458	7395.002262982031	9339.589005832277	1.397315	27.050274	0.0355948849179635	0.0181945291221903	0.0220144771	0.0042415921	0.0765337971	0.0837267807	-0.0196896783	0.0096189028	0.0409451904	0.0080791914	0.1529948899	0.061212633	-0.0315000889	0.103812154	0.0280430485	0.0766743876	-0.0682289782	-0.004673446	0.0196459338	-0.1253890213	0.0726827982	-0.0016798998	0.0390994058	0.0150501083	0.0191453271	0.0403363002	-0.0256122431	0.01876063	0.0031761037	-0.0580318095	0.0095486667	0.123620545	-0.0085181406	0.097192505	0.065663493	0.0073519917	0.0755128978	0.0156735822	0.0310187107	-0.0731395387	-0.0271196697	-0.044911943	-0.0841403786	0.0737013	0.0395352177	-0.0452800244	0.0344874954	-0.028254101	0.0162956618	0.0590532242	0.0880952512	-0.0729606928	0.0218835951	0.0057964231	-0.0369402238	0.1104219798	-0.010039962	-0.0589848727	-0.0681328479	0.0686479208	0.0916476004	-0.1072413253	0.0802764787	-0.0449895243	-0.0455804675	0.2615307299	0.0621522798	0.0359066122	-0.0241167038	-0.0506331582	0.0777804417	0.0454365128	0.1193935409	-0.094768105	0.1021049834	-0.0124521854	0.0637716833	0.0185938397	0.0470579661	0.0946381064	0.0173422238	-0.136354587	-0.009110449	-0.1097735698	-0.0372154447	-0.0382979086	-0.0049745475	0.0004386275	0.0107950791	0.0540560521	-0.0574998108	-0.1254640548	-0.0181808881	0.0714130038	0.084170141	0.0936506151	-0.037520125	0.0187571092	-0.0132564403	-0.0102003181	-0.0215381939	0.0566860367	0.0168906098	-0.0151793562	-0.0681109484	0.0029282216	-0.1168370092	-0.0117065501	-0.0297790886	-0.1108407638	-0.0378932729	-0.0798394254	0.0584895801	-0.0674440323	-0.0417046481	0.0479757132	-0.1118793622	0.0679774366	0.0138921399	0.0493266367	-0.112459496	-0.0227945089	-0.0819598788	0.0356633409	-0.0299176805	0.0215614872	0.0203286047	-0.1063767549	0.0267387425	0.0153755563	-0.0291393914	0.0527112378	-0.0202349546	-0.0599133733	-0.0129784661	-0.0512251535	-0.0611998694	-0.0531970117	0.1194739686	0.0063004263	-0.1596847972	-0.0460660635	-0.0414808264	0.0736271296	-0.0416383105	0.1366851527	0.1638114617	0.019667962	0.0400033085	0.0087451695	0.0032023022	-0.0130610472	0.0226075165	0.0138340096	-0.0168242334	-0.1357080643	0.0063835411	0.0391165579	0.0153498921	-0.0699300721	0.0630035962	-0.0164988773	0.0831896876	0.1956535061	-0.0834063535	0.089917542	0.0310957506	-0.0786324051	0.0474269454	-0.0258057105	-0.03221841	0.0027582006	0.0786656624	0.039473477	-0.0120663873	-0.0598317709	-0.0888812078	-0.090127758	-0.0631814888	-0.0164714492	0.0353910162	0.0	0.0070695736502983	-0.0090468332877691	4.997887159699202e-05	8.184519253668707e-05	0.0316292403343965	0.0119026236252467	0.0001416724491642	0.001000408844131	-0.0181610584043028	0.0099906179108728	0.0003298240423644	9.98124462410524e-05	-0.0004074217213962	-7.272217769996054e-08	1.659924590654428e-07	5.288515129424638e-15	0.0015590196217309	-2.436991259984443e-08	5.938926401240565e-16	2.430542180941958e-06	-0.0001011826057648	9.29991097912e-05	1.0237919709354938e-08	8.648834421955673e-09	0.0	0.0	0.0	0.0	0.0	0.0	0.0	0.0	0.0	0.0	0.0
6219.886121374542	-7.38636357481937	38686983.362867646	54.55836685941839	15469.166460640825	-146.70287261833982	21521.73283447284	239295110.98701495	6266.801139164897	-10.491261990057865	39272796.51783845	110.0665781440329	7378.966509440263	9299.806230255825	1.357905	26.287334	0.1390769987800992	0.0726136657752775	-0.0159635591	-0.0329793036	-0.1928018591	-0.0678282843	-0.0348360509	0.0196749818	-0.0417246107	-0.0517921824	-0.1141326658	0.012101994	0.0729422752	0.0706771163	-0.0423267282	-0.1273734317	-0.0417353902	0.0099670699	-0.0053437973	0.0293244897	0.0271791069	-0.0508070744	0.0758750738	-0.064872621	-0.1372791682	0.0450170331	0.1559634464	0.0002669073	-0.0019938917	0.2003108074	-0.0722302225	0.0017639644	0.0114428639	-0.0641978124	-0.0149136908	0.0428072984	0.0344776525	0.0605068183	-0.0377458675	-0.1078029562	-0.1113888694	0.0254571098	-0.0468112491	-0.054184142	0.0101648357	0.0141200328	-0.0652645622	0.0214829527	0.0455588141	-0.0093640309	0.0568649282	-0.0132559648	-0.0458511732	-0.0071958498	0.1381137193	-0.0290846859	-0.0286080495	0.1209931747	-0.0275029273	0.0275988258	0.0289786417	-0.0848659693	-0.0405198264	-0.0843170841	0.0698571144	0.0366910205	0.1004753315	0.0850194153	0.0685234841	0.0169525223	-0.031441755	0.0165570056	-0.0032064427	-0.0395659406	-0.0213291024	-0.026361131	0.0511112334	0.1190525797	-0.1293783554	0.0040652061	-0.0404949584	0.0884556194	-0.0005425497	0.0426774236	0.0191721555	0.1177160623	0.1110715436	0.0094647003	0.0209344113	0.1152581639	-0.0437239552	0.1436384697	0.0245150635	0.0384911226	-0.1438630036	0.1431337709	0.0751089484	-0.0481356571	-0.0216590988	0.0178781467	0.0825912449	-0.0545135888	0.0323131946	0.071220327	0.0488136339	0.090800414	0.0621207709	0.0371550147	0.0462701687	0.0519934684	-0.1191877447	0.050673129	0.123367118	0.0391686888	-0.0334094311	0.0604268054	-0.0329943716	-0.1120152245	-0.0217321624	0.0200113432	-0.0942816703	0.07879983	-0.0692783649	0.0626982151	0.0116814807	0.0754760677	-0.0223910807	-0.0116570321	-0.0536854014	0.0062599063	-0.1271293463	-0.0087652032	0.004941093	-0.0312268273	-0.0233769031	-0.052924714	-0.0178679768	0.0056694102	-0.0372027011	-0.0117657515	0.0658155484	0.0817073712	0.0470995538	0.0038725182	0.0360555025	-0.0280533914	0.0121036172	-0.049974612	0.0945735237	-0.0396304419	-0.006410585	-0.1007850499	0.0853901879	0.0338356644	-0.0229142662	0.0943539593	-0.016331695	0.0074757119	-0.1256842345	-0.1565867054	-0.0186130852	-0.0476724073	0.0458394108	-0.123820784	0.046586323	0.0747219657	-0.0656142075	0.0108560189	0.0015128449	0.0991383462	0.0500112053	-0.0024810811	0.0779743851	0.0371510932	-0.0158442251	-0.0636484088	-0.0905990982	-0.087866284	-0.0563453339	-0.0063636379	0.0457030134	0.0	0.0159822122816564	0.008912638631358	0.0002554311094159	7.943512737317676e-05	-0.0159037287227761	-0.0475329690571725	0.0022593831473901	0.0002529285872876	0.0050461472580707	0.0232072056623735	2.5463602150134445e-05	0.0005385743946557	0.0007790805696033	0.0011865022909995	6.069665339334024e-07	1.407787686547062e-06	0.0015589623108458	-5.731088510013693e-08	3.2845375509610976e-15	2.4303634866376764e-06	-0.0001031067124641	-1.924106699300007e-06	1.0630994155154596e-08	3.702186590291168e-12	0.0	0.0	0.0	0.0	0.0	0.0	0.0	0.0	0.0	0.0	0.0
6229.107609897472	9.221488522929576	38801781.615682594	85.03585057852189	15589.355898313885	120.18943767305971	14445.50092816631	243028017.3242939	6271.616554083621	4.8154149187239454	39333174.20145571	23.188220839469142	7380.742326983372	9234.942832258695	1.388317	26.876072	0.1255534166286265	0.062719181497855	-0.0236850205	-0.0073501057	0.0334651374	0.1414596993	0.1310604938	-0.0176159391	0.012785986	0.0342750238	0.040148337	0.1557818494	-0.1618437415	-0.0016028072	-0.0483371618	0.0096730438	0.1172577485	0.0097062294	0.0263217682	-0.0182422787	-0.1114543433	-0.1285197108	0.0803486287	0.1842131808	0.0495629662	-0.0301573206	0.0084340654	0.0165706693	0.0685155279	-0.0010515826	-0.1225025429	0.0538941158	0.0714888417	0.0192124663	-0.1230955625	0.0384738544	0.0430705746	0.041712761	-0.031691005	0.0161632629	0.1275189206	-0.0146977144	-0.002885753	0.0516904998	-0.0372712083	0.098025931	-0.0424886778	0.0003719144	-0.0264794835	-0.0034868895	0.091603104	-0.0229798564	0.0123209887	0.0218571209	-0.1043740177	0.0192953127	-0.0190005746	-0.0766365974	0.0695910288	0.0542205972	-0.0420174557	-0.0950636434	-0.0020156682	0.0242036692	-0.0448948909	0.0060996942	-0.1415804587	-0.0891041588	-0.1276961466	0.0154927537	0.0290253873	-0.0505698795	-0.0205622884	-0.05789915	0.0386710128	-0.0681139873	0.0606430035	0.1425027134	-0.0738700233	-0.0705530618	0.078473841	-0.0798784244	0.0370244655	0.0613419429	0.0702827428	0.0582738624	0.0719265789	0.0265293096	0.006247818	-0.0344883085	0.0188223273	0.0076461596	-0.2082756362	-0.1012920642	0.0657548388	0.0673632574	-0.0397532924	-0.0492576937	-0.1207143584	-0.0324933432	-0.066835057	0.0575850702	0.0800966679	-0.0051769048	-0.080620737	0.0835772465	-0.0413302225	0.0372793271	-0.0761122125	0.068830067	-0.0586076403	-0.0698184671	-0.0938171597	-0.0260313801	-0.042683964	-0.1106470488	-0.0064072403	-0.1049575373	0.0763909492	0.0222140463	-0.0204710629	-0.0746245152	-0.026573447	0.0016995947	0.0833208091	0.0165910205	0.0146846873	-0.1337698646	-0.0084339783	0.0150136626	-0.066838225	-0.0033499767	0.006718498	-0.0487773216	0.0467954999	0.055472951	-0.0974393688	0.0230589806	-0.0118457357	0.0203430059	0.0653960318	-0.040661105	0.0385299252	-0.0399463489	0.0269969447	-0.0316934477	-0.0431056663	-0.0275340857	0.0710266511	-0.0107882387	-0.0068530028	-0.0189825837	0.0216637386	-0.0078047422	-0.039387186	-0.135803862	-0.0716889289	0.013614097	-0.0388039682	0.0719539185	-0.014240988	-0.1691937891	-0.0661957814	0.0904321906	0.0312066055	0.0693436857	0.0046725947	0.0052675058	0.0309688539	0.0060669803	0.0577835308	-0.0419838908	0.0772685604	0.0348009859	-0.019595462	-0.0672750948	-0.0918945739	-0.0850149816	-0.0489944635	0.0038200832	0.0553252047	0.0	0.0159297351253684	-5.2477156287998594e-05	0.0002537564611643	2.75385193207503e-09	0.0331684320426717	0.0490721607654477	0.0024080769621899	0.0011001448841693	-0.0181715240690039	-0.0232176713270746	0.0003302042869903	0.000539060261852	-7.075293131842222e-05	-0.0008498335009217	5.005977290149371e-09	7.222169792888709e-07	0.0015590133190086	5.100816280012403e-08	2.6018326722439573e-15	2.430522528846211e-06	-0.0003174443509759	-0.0002143376385117	1.0077091596651039e-07	4.5940623282815046e-08	0.0	0.0	0.0	0.0	0.0	0.0	0.0	0.0	0.0	0.0	0.0
6234.338781455954	5.231171558481947	38866980.04196571	27.36515587427044	15539.105222549117	-50.25067576476795	2525.130414815837	241463791.11745325	6267.938147455832	-3.6784066277887177	39287048.62033205	13.530675319359966	7375.121625206094	9401.441862350175	1.312805	25.41427	0.0379466992135094	0.0157030958779973	0.0166775101	0.0566503866	-0.0086068742	-0.065339896	-0.10735154	0.002336443	0.0171620197	0.0571060724	-0.078888908	-0.0666470549	-0.0138862799	0.0488166213	0.0141681812	0.15191435	-0.0738681515	-0.0017012812	-0.0165151506	0.0071181868	-0.0608729946	0.1166212846	0.0180013456	-0.0706161414	0.0096496529	-0.0643648117	-0.0326077434	-0.1014133623	0.002465771	0.0233655974	-0.0673493543	0.1105704918	0.1015393894	0.0020551201	0.0045431959	0.0186503625	0.1416366881	-0.1229611245	0.0347062528	-0.0013637778	-0.001728664	0.0892828465	0.052645661	-0.0441641374	-0.0926209211	0.0469132704	0.0484791523	0.0317478544	-0.0195222212	-0.0557262208	0.1712024832	0.0024884518	-0.0203117148	0.0162225942	0.0147393234	0.0689003292	-0.0166266003	0.0114461715	-0.0761793485	-0.055657926	-0.0261654737	0.0635692831	0.0495691497	-0.0035322498	0.0234636915	0.0168189328	0.0041702546	0.0820160063	-0.032714264	-0.0246321461	0.0445353746	0.0347453427	-0.0384911985	0.0022640887	0.0270609609	0.0442827492	-0.0766786844	-0.0538668584	0.0719834333	0.0562257517	0.0067063107	-0.0020604085	0.0625045016	-0.0067105632	0.0045995957	-0.0142057838	0.0349492375	-0.0024577416	-0.0433839834	-0.0569830548	0.0058827708	0.0171724099	0.0940563926	0.1187334251	0.0062857664	-0.0257212485	-0.1385886999	0.016735069	-0.0025193482	-0.0041257685	-0.0507811411	0.0583093873	-0.0110115535	-0.0258331221	0.0502285399	-0.038228124	0.0361463028	0.1198252444	-0.0648395089	-0.0277804431	6.9855e-06	-0.0035550529	0.0146121778	0.003977155	-0.0178517653	-0.0581470487	0.0383632728	-0.0464462812	0.0411053505	-0.0648528802	0.0910477797	-0.0050233347	-0.1012928448	0.1098852766	0.0295576594	0.0737887894	-0.0541489207	-0.1221981516	-0.0583815606	-0.0495819395	-0.0611601927	0.043943281	0.0326017036	-0.1012380993	-0.0117344514	-0.0460317297	0.0349609045	0.0602602959	-0.0138188276	0.0067681278	0.0298796366	0.0643220847	-0.0795131419	0.0898179157	-0.023654825	-0.0060350345	-0.0133076657	0.0913788434	0.0913881571	0.0205261869	-0.0073043507	0.0239215974	0.046614486	-0.004941754	-0.0753148689	0.0431158536	-0.009152768	0.0217661951	0.1034361642	-0.0924025782	-0.0641849469	0.0967129311	-0.0489228352	0.0466072315	0.0800755009	0.032294814	-0.0008411025	0.0439677074	0.0602291126	0.0024715558	-0.0218879848	0.0549857685	0.0765483197	0.0324249087	-0.0233138	-0.0707010056	-0.0927615946	-0.0815929909	-0.0411960279	0.0139582358	0.0641123601	0.0	0.0159976444517013	6.790932633289962e-05	0.000255924628003	4.611676602988253e-09	0.0250265201254507	-0.0081419119172209	6.629072966778532e-05	0.0006263267095895	-0.0112728403404531	0.0068986837285508	0.0001270769293413	4.759183718657157e-05	8.966708441177218e-05	0.0001604200157301	8.040186026907877e-09	2.5734581446875816e-08	0.0017309909662912	0.0001719776472825	2.9576311164858356e-08	2.9963297253817422e-06	-0.0001930781291606	0.0001243662218152	3.7279163960157336e-08	1.5466957128612396e-08	0.0	0.0	0.0	0.0	0.0	0.0	0.0	0.0	0.0	0.0	0.0
6228.048964046627	-6.289817409327043	38788593.89856226	39.56180304267355	15504.380507070808	-34.72471547830901	1205.8058650495132	240385814.90803725	6267.342225534156	-0.5959219216765632	39279578.57196342	0.3551229367346879	7369.414757650773	9245.451803398322	1.282714	24.831732	0.1210106946957929	0.0602640548670394	-0.0254940226	-0.0427295677	-0.0902211692	-0.0621048116	0.1306622533	0.0049112835	-0.0509754349	-0.0020737316	-0.1311853599	0.113445756	-0.1454975362	-0.1252760948	-0.0104248559	-0.0792408285	-0.0315936383	0.017906553	-0.0394863673	-0.012559143	-0.0933548743	-0.0341091731	0.1385792327	-0.0269579697	-0.0619598532	-0.0209760204	-0.0218925563	0.0799391646	-0.0594165944	0.092721105	0.069102697	0.0350660811	-0.0215422751	-0.0504901677	0.1261937664	-0.0108638055	-0.0050995995	-0.0054619237	-0.04175209	-0.0244324822	0.0551607078	0.1347479731	0.0389238145	0.156348549	-0.0691715764	-0.0867887135	-0.0285781329	0.055970748	0.0271607307	-0.0189388	-0.0716517616	-0.0768134239	-0.0745586823	0.0391719636	0.0324988991	-0.0153159275	-0.0570806299	-0.0606129723	0.1059974107	0.062598839	0.0321949817	0.0942716619	0.0889882428	0.073797036	-0.0364894998	0.0887449124	-0.0651548601	-0.029093739	-0.0411991289	-0.0444541405	0.1060970613	-0.0615821631	-0.0508672549	-0.0853391734	-0.0829965157	0.039328305	0.0193932089	0.1432223195	-0.0614848981	-0.1360512397	0.0328618695	-0.1047550128	-0.0948371882	0.0094444843	-0.0048351029	0.0401487346	-0.1831900827	-0.0177174019	0.0276338557	-0.0035081302	-0.0287918934	0.165643307	-0.1594400332	0.0268022548	-0.0644965358	0.0420167699	0.0168022269	0.0424309969	-0.0804068322	-0.0751119653	0.0660319936	-0.1414696548	-0.012864855	-0.0410141324	0.0896578251	-0.001287489	-0.0549191537	0.1424262658	-0.0084834345	0.0618059207	0.0561749277	-0.0427266804	-0.0108000464	-0.0781091358	0.0924539243	0.0912010776	-0.0299913569	0.0819585533	-0.0228855407	-0.0523313838	-0.0097436925	0.0142842707	0.0639348584	-0.0630370703	-0.0372777982	-0.0727064275	-0.0406009655	0.0922741303	0.1696607175	-0.0294262246	-0.0441279524	0.0285754769	0.073134014	-0.026196745	0.0825846963	-0.0737408912	-0.0350959898	0.0410801308	-0.0274236317	0.1154729867	0.0693880682	0.0454233723	0.0846055139	0.1234440388	0.034108424	0.0891839963	0.1119196731	0.0078244764	0.1304192898	-0.0551289657	0.0276975138	-0.043632116	0.0681254631	-0.0264697481	-0.0668935124	0.0656576086	-0.0221277004	0.0384931754	-0.0899755235	0.1034623689	-0.031031649	-0.0589984246	0.0813717414	-0.0885536924	0.0759496324	0.0490456619	-0.0524356339	-0.0042257737	-0.0123890438	0.0021923134	0.0240737882	0.0032723439	0.0758137976	0.0300246349	-0.0269929964	-0.0739159167	-0.0931961179	-0.077623283	-0.033021266	0.0239298853	0.0719318531	0.0	0.0158122649494742	-0.000185379502227	0.0002500277228323	3.436555984596722e-08	-0.0131650396429989	-0.0381915597684495	0.001458595237547	0.0001733182688017	0.0034809762774017	0.0147538166178548	1.2117195843833397e-05	0.0002176751047932	0.0010618147502564	0.0009721476658446	1.1274505638620614e-06	9.450710842071584e-07	0.0015582892018342	-0.000172701764457	2.982589944656111e-08	2.4282652365530683e-06	-0.0004058274750042	-0.0002127493458436	1.646959394682846e-07	4.5262284156879736e-08	0.0	0.0	0.0	0.0	0.0	0.0	0.0	0.0	0.0	0.0	0.0
6235.420653056638	7.371689010011323	38880470.72056527	54.34179886032173	15559.34207294963	54.96156587882251	3020.773723852147	242093125.7430605	6275.171458374662	7.829232840505938	39377776.83199998	61.29688687085668	7381.750749357863	9350.009043728514	1.196154	23.15604	0.0506575215443373	0.028917392552209	0.0271036972	0.0615911154	0.0452143829	-0.0520775331	0.0159482963	0.001878069	0.0031363106	0.0543202806	-0.0315200318	0.0511325296	-0.0441614143	0.0452660173	0.0899923705	0.069583368	-0.107842317	-0.0452965894	0.0060265161	-0.1076640678	0.0465455047	0.0324481354	0.0203318727	-0.0682285547	0.046621716	0.0366657261	0.0224521796	0.0112395038	0.0669925664	-0.0388419905	0.0183455408	0.0956780249	-0.0182178406	-0.0700152212	0.0329786027	0.0015593033	-0.0629030215	0.0179030184	-0.0281832325	0.0566005149	0.0219040753	-0.0744790151	-0.0073251808	0.1091385832	0.0090318391	0.091107839	0.0112889814	0.1142159579	0.0054087307	-0.0572597785	-0.0842386975	0.0194410912	-0.0254447948	0.1249126777	-0.0018512628	0.1859783882	-0.0327184711	-0.0370659607	0.0232130757	-0.1080137019	-0.1596003453	0.0673908831	-0.0236475351	-0.1018266273	0.0291824962	0.0682857179	0.0305113154	0.0068911355	-0.057961214	0.0261625801	-0.0191534249	0.0255910028	0.0887558245	-0.0449694733	0.0058259315	-0.0075259123	0.0193478643	-0.1155186998	-0.1230057307	0.0488437226	-0.0494715775	0.0062535284	-0.0208828384	0.0587094074	0.0838293194	0.017202026	0.0264674329	0.0122707727	-0.0322287642	-0.0314201186	-0.0673977007	-0.0092945868	0.0137901948	0.1394260201	0.0700135494	0.1335170306	-0.0160198552	0.0588604659	-0.0622671008	0.0439223635	0.0200964476	-0.1066197202	0.034222692	0.0358292862	-0.0188288001	0.0473922314	-0.0123355253	0.0331970732	-0.0446833547	-0.0975849506	0.0031975825	-0.0835536413	0.0057310556	0.0314073305	0.0990688006	0.0057355288	-0.0472027288	0.0662824188	-0.0195177403	-0.0182349425	0.0504423048	-0.0819361668	0.1474715221	-0.0103078192	-0.0980606512	0.0065475276	-0.0574915226	-0.0612413011	-0.0275918006	-0.0143655716	0.0102550549	-0.0792508661	-0.0426748532	-0.1139173004	-0.0399950271	0.0755642142	-0.0215658289	0.031973711	-0.021866275	-0.0962354599	0.0911837543	-0.0191112488	0.0009393948	0.04834632	-0.056928026	-0.0278985761	0.0029391192	-0.0938773059	0.1119442291	0.0311038561	-0.0218045656	0.0169729508	0.0472554885	-0.0219862573	-0.1153705459	-0.029493984	0.0217444207	0.0393386102	0.0652966039	-0.0368121525	0.0562267725	0.0070376366	0.1005978137	-0.014778234	-0.027413408	0.0115454113	0.04427653	-0.0057909515	-0.0116060373	0.0004621234	-0.0278913712	-0.0184241227	0.0750651311	0.0276019556	-0.0306268741	-0.0769102337	-0.0931961179	-0.0731325059	-0.0245448544	0.0336160831	0.0786656624	0.0	0.0158527400013639	4.047505188969902e-05	0.0002513093655508	1.6382298254738283e-09	0.0130113863632601	0.026176426006259	0.0006852052784611	0.000169296175094	-0.0055441384837919	-0.0090251147611936	3.0737471527462354e-05	8.145269645271461e-05	0.0007688281917322	-0.0002929865585242	5.910967884022045e-07	8.58411234758545e-08	0.001558341028385	5.182655080007009e-08	2.685991367832246e-15	2.4284267607480194e-06	-0.0004210992044291	-1.5271729424899954e-05	1.7732453997082097e-07	2.3322571962735507e-10	0.0	0.0	0.0	0.0	0.0	0.0	0.0	0.0	0.0	0.0	0.0
6227.525555667912	-7.895097388725844	38782074.546496935	62.33256277746565	15497.081259683217	-62.26081326641361	3876.4088685952247	240159527.56922477	6270.66739313241	-4.504065242251272	39321269.55529402	20.28660370645601	7379.340210587092	9310.874553941288	1.144344	22.153065	0.071188196582859	0.0328781643163633	0.008425527	-0.0736485592	-0.0669505098	-0.0663761764	0.0756556579	0.0608183862	-0.0556531065	0.0041668121	-0.1149241544	0.0952243437	-0.0020865365	-0.0796777071	0.0402235032	-0.0130689101	-0.057036912	0.0419843785	-0.0908771373	-0.0356954566	-0.0770512597	-0.0460886383	0.0710384376	-0.0375985636	-0.0053790714	-0.0408226595	0.1094776344	0.018209308	0.0373763928	0.0117177632	-0.0392659572	-0.1129551962	-0.0571781364	0.030828375	0.0277550656	0.0220356317	0.0066516808	-0.0069372324	-0.0068899258	-0.0609600004	0.0001396995	-0.0717521151	0.0381855345	-0.0242932263	0.0434734485	0.0166310926	-0.1135292703	0.0624829857	0.0213870774	0.0321757499	0.0857372381	-0.045058537	-0.1245126462	-0.1068729134	-0.1670234122	-0.0645529903	-0.042912803	0.0370471007	0.0807054111	-0.051592759	0.1135641581	-0.0442745367	0.0224184273	-0.0588105237	0.0024957735	0.0466049652	0.074760406	0.1458328461	-0.0061945082	0.0104642997	-0.0582006931	-0.1371648485	0.0675463157	0.1620149156	-0.0382888496	0.0328354977	-0.1688376644	-0.0573650474	0.0737393774	-0.0896959761	-0.0449949001	0.1127862005	-0.0265836173	-0.2048115469	-0.0285530728	-0.0262707134	-0.0554354713	-0.0799907172	0.020228674	-0.0264561068	-0.0332713654	0.0903504612	-0.0805109482	0.0589556684	-0.063030683	0.0375019913	0.0148941303	0.0571715437	0.0190048263	0.0487391075	-0.0624080328	0.1039236995	0.0889746826	0.0246763547	-0.0389431255	0.0855475308	-0.0436874602	-0.0090254544	-0.0062281196	0.0279862849	-0.0057910417	0.0557156586	-0.0176057471	-0.0418306896	-0.0148211841	-0.0766146958	0.0444925878	-0.0396690453	-0.0078419248	-0.018103209	-0.03003853	0.0401534344	0.0308324317	-0.0013386202	-0.1393177937	-0.0570867073	0.1363557977	0.027716957	-0.0351850502	-0.0668693936	-0.0423291965	0.0321293109	-0.0419814118	0.169770716	-0.1484753295	-0.1794553898	0.0678941196	0.0198146853	0.0470192327	0.1107575677	-0.00892136	-0.073851692	-0.0508960316	-0.040736022	-0.0329535533	-0.0745521836	0.1864988062	-0.0164167112	0.1154719188	-0.0289739705	0.0428722214	-0.0282742166	0.0353331877	-0.0736528713	-0.0626410125	-0.0068881346	0.0325086017	0.0395418324	-0.0389858704	0.087728843	-0.0350689543	0.0617676462	-0.024590078	-0.0683169601	0.0008412693	0.0065671161	0.0470588384	0.0206700729	0.031329081	-0.032312803	-0.0038548651	0.064077202	0.0743024598	0.0251586786	-0.0342093323	-0.0796750203	-0.0927615946	-0.0681508051	-0.0158442251	0.042901286	0.084212153	0.0	0.0081181404779471	-0.0077345995234167	6.590420481968317e-05	5.982402978763938e-05	0.0403055597001298	0.0272941733368696	0.000744971898143	0.0016245381427407	-0.0180138849868995	-0.0124697465031076	0.0003245000523212	0.0001554945778517	0.000499906220429	-0.0002689219713032	2.499062292236079e-07	7.231902664959916e-08	0.0017093843154694	0.0001510432870843	2.2814074573260443e-08	2.921994737972789e-06	-0.0004749274904308	-5.382828600170004e-05	2.2555612116689765e-07	2.8974843738808163e-09	0.0	0.0	0.0	0.0	0.0	0.0	0.0	0.0	0.0	0.0	0.0
6231.875621179418	4.350065511505818	38836273.75785036	18.92306995439237	15576.616467439677	79.5352077564603	6325.849272863302	242630980.5737129	6273.503566021168	2.8361728887575737	39356846.99288031	8.04387665492348	7380.655398549135	9363.566924413675	1.149329	22.24958	0.0462699103484052	0.0289183523856224	-0.0053655796	0.0646697593	0.0411565898	-0.0617203327	0.0064035405	-0.0231544273	-0.0119843134	0.0544005005	-0.02438026	0.0541721688	0.0127219541	0.0606256426	0.0953836101	0.1444841158	-0.0526923638	-0.0176279333	0.0193604529	-0.0454696755	-0.1234335075	0.0479509886	0.0695782576	-0.1318399981	0.0336485937	0.0605428971	-0.0626702201	-0.0125060723	0.0996381962	-0.0387577596	-0.0345984811	0.0169541284	0.0026423361	-0.1538257013	-0.0389584083	-0.0397002247	-0.0589088483	-0.0745935957	0.00504671	0.0907947207	-0.0280104855	0.0817420339	-0.0123708178	-0.032804751	0.0473572795	-0.0237022779	0.0338093533	0.1110273448	0.0068707548	-0.0283520949	0.020566712	-0.0416756793	-0.0123521778	0.0220421291	-0.0194608586	-0.0764135619	-0.0411557231	-0.0867543778	-0.0145747102	0.051771057	0.0207439146	-0.0341398292	0.1050772949	0.1045025646	0.0070819251	-0.1318755966	0.0916792938	0.1489504912	-0.05971274	-0.0152751692	-0.1097370511	0.0542273261	-0.0377548585	0.1557298867	0.0324822931	-0.0350152164	0.1050087387	0.065202075	0.0801650278	-0.0542753346	-0.0587827182	-0.0243707298	0.1011753255	-0.0452005892	-0.0317615367	0.07604068	-0.0621528246	0.0100494408	-0.0215969225	-0.0647957631	-0.0809967711	0.0274638303	0.0406952631	0.1222218859	0.1371221353	0.0727703653	-0.0701421278	0.096226382	-0.0561654178	-0.0117524481	-0.0228020656	0.0135347208	0.0415237266	-0.0410807469	0.0096813326	-0.0135673953	0.0996343988	-0.0087413094	0.0055672503	-0.0018948955	0.0254918222	0.0879527007	-0.0361247948	-0.030498344	0.0089815094	0.0380729753	0.024615046	-0.0563319784	0.0052363393	0.0346408467	0.125675532	0.0414906745	-0.0690679295	0.1168746342	-0.0731711575	-0.0665004753	0.0683902788	0.0304317766	-0.034514456	0.0298015371	0.1118677625	-0.0417896402	-0.0487058866	0.0261503488	-0.1342025979	-0.0278035973	-0.1129674697	0.0227229062	-0.1174493837	0.0424543943	0.0015731083	0.032672679	-0.1021995899	0.0156302156	0.0382670944	0.0029154026	-0.0573193312	-0.0153241521	0.1309453701	0.0222071914	-0.0200774016	0.0437280198	0.0486094811	-0.0980428869	-0.0557984079	-0.1037820525	0.0478579647	0.0683173899	0.1123329077	-0.0270122177	0.050229182	0.0551973435	-0.0140615644	0.0069325812	-0.0276706533	-0.0565521242	0.089231846	0.0048527942	-0.0346510665	-0.0084201032	0.0266102357	-0.0290451688	0.073525926	0.0226966273	-0.0377343563	-0.0822020253	-0.0918945739	-0.0627116218	-0.0069988586	0.0516747337	0.0884876105	0.0	0.0059369198021244	-0.0021812206758227	3.524701673685682e-05	4.757723636636437e-06	0.0379774588617749	-0.0023281008383548	5.420053513548784e-06	0.0014422873815978	-0.0063555684767067	0.0116583165101928	4.039325066210792e-05	0.0001359163438518	8.189670673600333e-05	-0.0004180095136929	6.707070574202933e-09	1.7473195353785557e-07	0.0015589839088103	-0.0001504004066591	2.2620282323222658e-08	2.4304308279294414e-06	-0.0005085630165594	-3.3635526128599955e-05	2.5863634181199655e-07	1.13134861794773e-09	0.0	0.0	0.0	0.0	0.0	0.0	0.0	0.0	0.0	0.0	0.0
6232.829161885848	0.9535407064304308	38848159.36125465	0.9092398788198452	15501.008888985034	-75.60757845464286	5716.505919774975	240281276.57639304	6271.336526245391	-2.1670397757770843	39329661.825419605	4.696061389799996	7375.526887611348	9330.40700002468	1.219511	23.608213	0.1231051947548624	0.0615484767691904	-0.0058786294	-0.0782569293	-0.0837453831	-0.1171973019	0.0437586008	0.0411282251	-0.0882096202	0.0248099598	-0.1374656525	0.1142602888	0.0388691312	0.0134642271	-0.0362763936	-0.0502399308	-0.0485991861	0.0080106112	-0.0995540003	0.0172991472	-0.1404070375	-0.0028672627	0.1117939373	-0.0581006971	-0.1122850272	0.0322936357	0.0215715239	0.0075425965	0.0154359357	0.0097572382	-0.1348183898	0.0306757797	-0.0093631371	-0.0315609428	-0.0050984377	0.0791179651	-0.0179912904	-0.1500349255	-0.0556678902	0.0922483774	-0.0040041291	-0.1241540466	-0.0019791176	0.0023899472	-0.0815204926	-0.0203790922	0.0395054529	-0.0842420317	-0.1101169871	0.0262339569	-0.0354709629	0.0482733455	-0.0395916707	0.0804726058	-0.0047007028	-0.0383376119	-0.0684409728	-0.0418289957	-0.0465293413	-0.0315884992	-0.0759992465	-0.1144232323	-0.0652296362	0.0663440092	0.045633608	-0.0999190087	-0.0179270796	-0.0615777183	0.0803423925	0.0195400177	-0.0051278452	0.0771471579	0.0400286687	-0.0884865814	0.1284641949	0.10459222	0.0216501346	-0.0830654848	0.1343198671	-0.0194648031	-0.0767248712	0.0153412117	-0.0297425229	0.0268212672	-0.0287270546	-0.0315294518	0.0468453106	-0.0901116475	0.0245230641	-0.0395081887	-0.0421815411	0.1681113858	-0.0291335899	0.0453848707	-0.015998508	0.1096942081	0.0215087718	0.0355289601	-0.0406439672	-0.1016771651	-0.07161902	-0.0558728193	0.0318066647	3.92742e-05	-0.0140606973	0.0230205902	0.0580250407	-0.0006508402	-0.0380356115	0.0369525902	0.0511590119	0.0419066349	-0.0710580074	0.0813531593	-0.0882778069	-0.0383705111	0.0050656862	0.0300892826	-0.0575404103	0.0566828232	-0.0085625346	0.0064168704	-0.0626697227	-0.0436661834	-0.0356186629	-0.0935899713	-0.0457540479	-0.0658118581	-0.0126205012	-0.0984351222	0.037176434	0.0604584373	-0.056870528	-0.079999101	0.0872146405	0.060677658	0.0343661923	0.007599119	-0.0080748139	-0.0745682768	-0.0185069713	-0.0934775878	0.0491022778	-0.0476930954	0.0180370083	-0.0471951696	-0.1993396274	0.0112989456	0.1810406673	-0.0493849161	0.0482885709	-0.0371273114	0.0548468561	-0.0789282651	-0.1014172496	0.0218773888	0.0484466379	0.0283156472	-0.0955213433	-0.0076217387	0.0136971124	0.0300414233	0.0539663231	-0.1057865551	-0.0147318446	-0.0508246467	-0.0064248154	0.0211604455	-0.0898921583	0.0390549474	-0.1014794084	0.0228716346	0.0727356746	0.020217639	-0.0411960279	-0.0844837072	-0.0905990982	-0.0568514682	0.0019104426	0.0598317709	0.0914275044	0.0	0.0159874689200734	0.010050549117949	0.0002555991624703	0.0001010135375723	0.0068484572861819	-0.031129001575593	0.0009690147390932	4.690136720065795e-05	0.0020561698361589	0.0084117383128656	4.227834395129718e-06	7.075734144413101e-05	0.0011432462059009	0.0010613494991648	1.307011887306803e-06	1.1264627593775766e-06	0.0017383435480304	0.0001793596392201	3.2169880181164457e-08	3.02183829097892e-06	-0.0002789940399753	0.000229568976584	7.78376743417393e-08	5.270191500987104e-08	0.0	0.0	0.0	0.0	0.0	0.0	0.0	0.0	0.0	0.0	0.0
6236.366364743943	3.5372028580950428	38892265.43530959	12.51180405931574	15574.08183449532	73.07294551028644	5339.655365549292	242552024.9875571	6274.369958924571	3.033432679179896	39367718.38145512	9.20171381911652	7381.441288354051	9309.934740714913	1.183356	22.908289	0.1101232568742318	0.0560395974514357	0.0086474275	0.0583820216	0.0516235638	-0.0345907526	0.0939847589	-0.0364959055	0.0355445844	0.0769449861	-0.0371224875	0.1729787274	-0.0500190589	0.0620987751	0.0733718362	0.064962032	-0.0622277455	-0.040157763	0.0002108542	-0.136117938	-0.1234590119	-0.0631415789	0.0794551728	-0.0502973537	-0.0014282836	0.0401781618	-0.0291755301	0.1473444426	-0.1000981477	-0.0362566058	0.1252036369	0.0827086733	0.0583127175	0.0693230484	-0.0326412753	0.0667490087	0.01384181	-0.010564054	0.0152094346	-0.005425306	-0.0860380252	-0.0380988293	0.1301876621	0.0788195417	-0.0170450566	0.0928835384	0.1092720742	-0.1206861089	-0.0002727324	0.0175952942	-0.0639056975	-0.0340884622	-0.0698845317	0.0617274028	0.0678806933	-0.0724540926	0.0583995402	-0.0100436115	-0.0524203954	0.049501986	-0.0589592745	0.0291198562	0.0663161904	-0.0485627883	-0.004292282	-0.067692253	-0.0545335713	-0.0187892784	-0.0051476271	0.0087317036	-0.0322623659	-0.014464373	0.0177289572	-0.0921948141	0.101947438	0.0562778456	0.0049129816	0.0640531991	-0.1049399056	-0.0089536402	-0.0662843659	-0.0406652959	0.0157874121	-0.0287029307	0.0728136832	-0.0457510406	0.0081757504	0.0247012934	-0.0347313793	-0.0994459104	-0.0731682324	0.0141978162	-0.0909666475	0.0667499096	0.0658056117	0.1450520714	0.0069194972	0.1006878488	-0.0486225981	-0.0083626535	-0.0646540723	0.0162154612	-0.0531680924	-0.0320645706	0.0515384084	-0.0844306412	-0.0452718622	0.0141566054	-0.0378562113	-0.0326800804	0.0419232879	-0.1657411061	0.0726471414	0.0351854959	-0.1058959848	-0.0312889353	0.0688832471	0.1731920312	0.07035768	0.009315004	-0.0897609828	0.0426704987	0.0604772797	0.1048626027	0.0707779577	-0.0704670604	0.0056941288	0.0065571664	0.0618812789	0.0616373699	0.0079899206	0.0291744476	-0.0145243865	0.0055849545	0.029051545	-0.0303250668	-0.1195774761	0.0099634087	-0.0715921267	-0.035535097	-0.0022638671	-0.0396731633	0.027642305	0.0008168781	0.0426546727	-0.065986334	-0.0496873059	0.0450583992	0.173066489	0.0478449854	-0.0397587626	0.0436132883	0.0329665939	-0.0904119218	-0.0991970154	-0.1441892075	0.0726681411	0.0695573319	0.0155872268	0.0007154381	0.0648369562	0.0271700355	-0.0137849239	0.0026463364	-0.1053627056	-0.0456883681	0.0183143834	0.0370943793	0.0022649526	-0.0463749233	0.0033396982	-0.0145123902	0.0719318531	0.0177235635	-0.0445885354	-0.0865132565	-0.0888812078	-0.0506096822	0.0108022918	0.0672750948	0.0929874623	0.0	0.0034735265545435	-0.0125139423655299	1.2065386725118838e-05	0.0001565987535278	0.0464786542669628	0.0396301969807809	0.0015705525127354	0.0021602653024678	0.0053226785502999	0.003266508714141	2.833090694982265e-05	1.0670079179559091e-05	0.0003949415503066	-0.0007483046555943	1.5597882815858064e-07	5.599598575841039e-07	0.0018979094527606	0.0001595659047302	2.5461277952367266e-08	3.60206029087804e-06	-0.0004653756559264	-0.0001863816159511	2.1657450112892705e-07	3.4738106764543344e-08	0.0	0.0	0.0	0.0	0.0	0.0	0.0	0.0	0.0	0.0	0.0
6228.8690433067	-7.497321437243045	38798809.55866453	56.20982873334412	15531.959412908756	-42.12242158656409	1774.2984003162403	241241763.2042449	6269.22075490688	-5.149204017690863	39303128.87375519	26.514302015803725	7383.5151252690675	9345.819514748126	1.263645	24.462584	0.0691919686728236	0.0421809407523717	0.0796713941	-0.0952237143	-0.0045796215	-0.0604716253	-0.0031986979	0.1449053745	-0.0410929441	0.004644848	-0.0568613518	0.0784340322	0.0091377887	0.0032968526	-0.0009853935	0.1085869631	-0.1117169139	0.0136881735	-0.1615920909	-0.0437763565	-0.0767150614	0.0688342593	0.034641143	-0.0992498425	-0.0146819258	-0.0230524443	0.0457660673	0.0291577062	0.0610081265	0.0449888216	-0.1409667786	0.0268268683	0.0317545589	-0.0401687037	0.0530220332	-0.0836683399	-0.1238231917	0.0157649908	0.0655254075	-0.06146648	0.0477012656	-0.0108535032	-0.0246384258	-0.1200086587	0.040070053	0.0358009743	-0.0519092911	-0.066882077	0.0014142181	0.03752098	-0.0432391569	-0.0806946655	0.0090783897	0.1152527328	1.25465e-05	0.0193136416	0.1104771283	0.0720675177	0.0370667856	-0.0444807604	-0.0347587959	-0.0785566436	-0.1688186956	0.070785526	0.0330976657	0.037745878	0.0103052414	0.002802661	-0.0248364811	-0.0297760185	-0.0686758471	-0.0414642076	-0.1512055	0.1381505321	-0.1034164345	0.0269798864	0.0693013205	-0.0369387912	-0.0473193976	0.0235828076	0.0530136062	0.0095322944	0.0184469212	-0.063648993	0.0546345929	-0.148435886	0.0504023263	-0.1490961462	-0.0255389314	-0.0340859161	-0.0563166453	0.0567703439	0.0097829313	0.0856641962	-0.0331115888	0.0656854235	-0.0722725291	-0.0005914366	-0.088788483	0.045694054	-0.1472088779	0.1199142647	0.0401461492	-0.0234499394	0.0077666	-0.017402289	-0.0164350771	-0.0632770625	-0.0165073213	0.0791309309	-0.0380620523	0.1091819381	0.0598615846	0.1175969497	-0.0106747512	0.0527893068	-0.1263811406	-0.0790192116	0.0081346923	-0.0836747213	0.060342746	0.0276334193	0.0421631778	-0.0395871288	0.0676609371	-0.0337381577	-0.0221422622	0.0158040852	-0.0414807985	-0.0234029372	0.0580261931	0.0729605656	-0.1851959374	0.0075072731	-0.1106775012	0.106149748	0.121849611	-0.0008957115	0.1166948628	0.0142234461	0.0452796217	0.0927522121	-0.0597688773	-0.1129064312	0.0444219994	0.0918638718	-0.0055373827	-0.0012561102	0.1807844151	-0.0030667912	0.1316371815	-0.0195734342	0.043818557	-0.1392353051	-0.077122469	-0.0299354859	-0.0027730672	0.0055931373	0.0379050345	0.0177067267	-0.0517932829	0.1430509504	-0.0675672234	-0.0468850459	-0.0239814051	-0.0695092555	-0.0607467261	-0.0614280073	0.0148764781	-0.070278315	-0.0172648915	0.0398262117	0.0711146114	0.015216262	-0.047906183	-0.0882846163	-0.0867489121	-0.0440281638	0.019595462	0.0739159167	0.0931439394	0.0	0.0023440919282649	-0.0011294346262786	5.494766968156656e-06	1.275622575037081e-06	0.0256041142140475	-0.0208745400529153	0.0004357464224207	0.0006555706646859	0.0054529888650947	0.0001303103147947	2.973508756284678e-05	1.6980778141919716e-08	0.0011275750506299	0.0007326335003233	1.2714254948030215e-06	5.367518457959708e-07	0.0019956807678462	9.777131508559994e-05	9.559230053567664e-09	3.982741727151198e-06	-0.0005761245140942	-0.0001107488581677	3.31919455740278e-07	1.2265309585471465e-08	0.0	0.0	0.0	0.0	0.0	0.0	0.0	0.0	0.0	0.0	0.0
6230.6776666775095	1.808623370809073	38821344.1860339	3.271118497436774	15509.204330251188	-22.755082657567986	517.7937867527511	240535418.95748225	6267.069844275112	-2.150910631768056	39276164.43302248	4.626416545852859	7364.474140743075	9287.743495672734	1.399622	27.094934	0.0487068547738714	0.0310338373771525	-0.0999695821	0.0431434967	-0.0021249786	0.0211656736	0.012005538	-0.0793547207	-0.0341071757	-0.0110100318	-0.0857085446	0.0288737402	-0.0523263363	0.0264746589	-0.0721572025	0.1560871637	-0.0002257962	-0.0002556714	0.0676630684	-0.0072624584	-0.1407536574	-0.0809404753	0.0636064055	-0.0259608127	-0.0430078963	0.1276845817	-0.0099226552	0.0029824586	-0.0603055793	-0.0417969268	-0.1108375008	0.1723119569	0.1027145776	-0.0145260717	-0.0063886533	-0.0635779229	-0.0148388458	0.0199987534	-0.0130766046	-0.0050908224	0.0129314258	0.0353890257	-0.0373881493	-0.050013017	-0.0782078794	0.1347421712	-0.0552908508	-0.0316723322	-0.078267238	0.0686631756	0.022586218	-0.0125252362	0.0262844317	-0.0668162004	0.0543895906	0.0009269787	0.0892920444	0.1027786223	0.1510367716	0.0217418046	0.0096729996	0.1366735425	-0.022309127	-0.0517215131	-0.0711377686	0.0520276951	-0.047282481	-0.0630901382	-0.0003730297	0.0397761952	0.0421866861	0.0360815098	-0.0573900986	0.0193060814	0.0408791595	0.0057819468	0.0307009695	0.017064356	-0.0138104192	-0.0247500001	0.0071374668	0.1342280226	-0.0499080621	-0.0772621819	-0.1019914422	0.0868978203	-0.0445475998	0.0760709681	0.0057638279	-0.0882116761	-0.0276468381	0.1303807116	-0.0327855207	0.0047663329	0.0587109826	0.1129064692	-0.2034898308	-0.0144148708	-0.0976698004	-0.015306705	0.0344329831	-0.0541338904	-0.149142917	0.0042087697	0.0596391224	0.0798548858	0.0507947986	-0.0420296362	0.0418788731	0.0473838975	-0.0516039316	0.0249457665	0.0015376819	0.0930410251	0.0146387361	0.0450974285	0.0065173698	-0.0274251728	0.1358939466	-0.0955258654	0.0072275219	0.0267327427	-0.0173600017	-0.083122433	0.1133261912	0.0685052985	-0.0537678665	-0.1286673506	0.0221986111	-0.0246195627	0.0130202185	-0.0456015092	0.1050551638	0.0750565988	0.119902444	-0.0112377688	-0.0122142588	-0.0066691617	0.0932712958	-0.0933360059	0.0282207121	-0.0328875995	-0.0494038281	0.0021383491	0.0455423863	0.037443564	0.0831246561	0.0455994831	0.1543942059	-0.0420904751	-0.0772076879	0.0408904348	0.0954752662	-0.1015842698	-0.0861259954	-0.0733933775	-0.0146537171	-0.0741893651	0.0693437543	0.0377372372	-0.091024124	-0.0101723311	-0.0628571759	-0.0381678331	0.0262691277	-0.0648437062	-0.0721760547	-0.0163153762	-0.0626252293	0.0181091752	0.0003828323	-0.0475056943	0.070284102	0.0126976055	-0.0511434007	-0.0897925	-0.084212153	-0.0371510932	0.0282096273	0.0796750203	0.0918945739	0.0	-0.0058739289060554	-0.0082180208343203	3.4503040793393184e-05	6.753586643332252e-05	-0.0042508041531164	-0.0298549183671638	0.00089131615071	1.8069335948151634e-05	0.0055316494398169	7.866057472220075e-05	3.059914552502663e-05	6.187486015626927e-09	0.0012320752945608	0.0001045002439309	1.5180095314670822e-06	1.09203009816176e-08	0.0019121319450081	-8.354882283809987e-05	6.9804057976321994e-09	3.65624857512046e-06	-0.0005991805472785	-2.3056033184300062e-05	3.590173282369628e-07	5.315806661955459e-10	0.0	0.0	0.0	0.0	0.0	0.0	0.0	0.0	0.0	0.0	0.0
6234.247943283884	3.5702766063741365	38865847.41833933	12.74687504602242	15495.06801531184	-14.136314939349177	199.8354000644667	240097132.79914	6270.669498685761	3.5996544106492365	39321295.96174794	12.957511876106503	7374.206582505934	9308.968434964228	1.457355	28.212578	0.0992395131768545	0.058996292039528	0.1137651244	-0.0238371981	-0.0180874282	-0.0198916853	0.0288169721	0.1163346544	0.0519928135	0.0499703815	-0.1094075687	0.0308989003	-0.0290908719	-0.0619505337	-0.0890161001	0.0696812369	-0.0648425395	-0.0948174353	-0.0985144344	-0.0327006745	-0.2088358894	-0.0549182092	-0.0345950483	-0.0270653236	-0.1455143654	-0.0065379152	-0.1176042262	-0.0492700613	-0.0184456932	0.0012323775	0.0531991299	0.0178960148	0.0110940982	-0.0384899369	0.0185939566	0.0050015594	0.075304601	-0.026395839	0.0588531659	-0.0469010737	-0.059568188	-0.0294065133	-0.0758355558	-0.1731061009	0.0893977653	-0.0124486423	0.0143892849	0.0107066873	0.0262274347	-0.0009198029	-0.0579985701	0.0995313698	0.0496967188	0.0137148645	0.0012989232	-0.1166799607	0.1434398179	-0.0701988676	-0.019147457	-0.0887060213	0.0006788043	-0.0054106425	-0.0751764175	-0.0172542287	-0.0482249792	0.0042053816	-0.0327970876	-0.0056929406	-0.0615913083	-0.0964576358	-0.0484792789	-0.1009197017	-0.0048425557	-0.0369980244	-0.131598586	-0.0074747661	-0.0463545842	-0.0332996746	-0.0663126382	0.0386313443	0.1556901472	0.0011527567	-0.0001697994	0.0207895321	-0.0866736089	-0.0538443689	0.0504900406	-0.0849378983	-0.1314318809	-0.143479282	0.0238571777	0.0914633079	-0.0279236525	-0.0778818407	-0.1089556144	0.0602128204	-0.139595355	0.1310086133	-0.0329172869	0.0304348052	-0.0423054488	0.0996187419	-0.0249388611	-0.1369091698	0.1623010466	-0.1754956418	0.0250275358	-0.0303554042	-0.0494922701	-0.0244817664	0.0099064081	-0.0047405458	0.1067988728	0.0166732774	0.0029428385	-0.0174010188	0.011658062	-0.0714480135	-0.0455667797	0.0659086839	0.0071133056	-0.0125716626	0.05485918	-0.0980966762	0.0095480686	0.0660456047	0.0248250122	0.1351189227	-0.111398397	-0.0156343143	0.0459701483	0.0569808171	-0.0028750083	0.0235800402	0.0746915398	0.0444897621	0.0598739896	-0.0162750631	0.0126274682	0.0569510842	-0.0142720122	-0.0540300133	-0.0358351499	-0.1007432503	-0.0284027109	0.0194288616	-0.0619547768	-0.0957023327	0.2006054407	0.0981414797	0.0608978387	0.0077674748	-0.0004240666	-0.1408273295	-0.070006671	-0.0625329457	-0.0125418137	-0.0221360364	-0.0661519133	0.0345107926	-0.0321696164	0.0289298838	-0.2151624292	-0.0711691157	-0.020997827	-0.1350725318	-0.0590011076	0.1071179156	-0.0525451624	-0.0082183408	0.0164976632	0.0842201768	0.0694404798	0.0101694736	-0.0542947536	-0.0910324077	-0.0812827579	-0.0300246349	0.0365660973	0.0844837072	0.0892582227	0.0	-0.002932544245354	0.0029413846607013	8.599815750958862e-06	8.651743722209486e-06	0.0486215512227943	0.0528723553759107	0.0027954859629965	0.0023640552433108	0.0091441185671143	0.0036124691272973	8.361490436944447e-05	1.3049933195676834e-05	0.0006430334832743	-0.0005890418112865	4.134920606118795e-07	3.469702554436807e-07	0.0020418322708022	0.000129700325794	1.6822174511095683e-08	4.169079022089269e-06	-0.0005216566041002	7.752394317830002e-05	2.721256126013528e-07	6.00996176591229e-09	0.0	0.0	0.0	0.0	0.0	0.0	0.0	0.0	0.0	0.0	0.0
6245.276139121369	11.028195837485328	39003474.05387871	121.62110342992872	15550.66913073576	55.60111542392042	3091.4840363841213	241823310.4136181	6269.3177819341045	-1.3517167516565678	39304345.45087516	1.8271381767089836	7362.1634519099025	9214.878484115374	1.794687	34.742893	0.3825889408092252	0.1960245915187783	-0.0491878093	0.0069590148	0.2522419985	0.1118302205	0.0697691054	-0.0423538493	-0.0077487578	0.1546524224	0.2232829761	-0.1489257955	-0.0728630809	-0.0590819982	-0.0399811996	0.1214819475	0.1395388875	0.1138417926	0.0708872591	0.0266907185	0.1074930725	-0.0395240876	-0.0819775535	0.1448122725	0.0434302703	-0.0539733116	-0.1125453864	0.0905744797	0.0180940789	-0.0406629822	0.0687763679	0.0688310942	0.0271164009	-0.0182683208	-0.0691474601	-0.0678752766	-0.0943024078	0.0155030002	-0.0458614367	-0.0497721907	-0.0612359663	0.1539926945	-0.0277571577	0.0782254615	-0.0058386146	0.0737931624	0.0396650676	0.1590084372	-0.0251605128	0.0651672343	-0.0930704711	-0.0793243749	0.0546025252	-0.0211586499	0.0858143814	-0.1144159914	0.0016182354	-0.0406854027	-0.1013763495	-0.1014801387	0.1030253459	-0.0986357946	0.0471076197	-0.0625063376	0.0331602287	-0.0183248586	-0.004263903	-0.1273366813	-0.0733526717	-0.0451945191	0.126652152	-0.0458643351	-0.0673637128	0.0284605421	-0.0427815355	-0.0181289804	0.0239883477	-0.0445952102	0.0657482685	-0.0091645476	-0.0408409999	-0.0459880327	-0.0942621995	-0.0961222771	-0.0382649677	0.0166809372	0.0987507804	0.0225323052	0.0965151945	-0.0555046149	0.0909145302	-0.1969349794	-0.0072149907	-0.1002885174	0.1367893825	-0.1006228728	-0.0351421085	0.0193729732	-0.2819473771	0.0175910441	0.0744563423	-0.1345489403	-0.1529599288	0.1374202597	0.0332346689	-0.094901103	-0.0083611223	0.003940939	0.0002901222	0.1465606144	0.042089752	0.020100252	-0.0621490608	-0.0344198949	-0.0453502914	-0.0655715077	-0.0949284962	0.1388074859	-0.1295436383	-0.0076800567	0.0015275925	-0.0523610979	0.0990513147	0.0148420918	-0.016293237	0.1541091702	-0.0289479859	0.1168861853	-0.0520653333	0.0626464457	0.1122835704	-0.0307076345	-0.0453143188	-0.0974059587	-0.0390198384	-0.1235773105	0.0631878567	-0.0686466192	0.0811893761	0.0215112654	-0.1112513388	-0.0302538864	0.0125402071	0.0852458191	-0.0046448965	0.0768239925	-0.0022624593	0.0153854421	-0.2041804023	-0.0811865776	0.0161924962	0.0818145854	-0.0239322606	-0.0068220343	-0.1919828557	-0.0942084349	-0.1204603983	-0.1588634107	0.244625814	0.0151944166	0.1862791166	-0.1340583947	0.1511458297	0.0351326306	0.0593473502	0.1562452293	-0.3095982353	0.0942163621	-0.0120548028	-0.1311997448	-0.0906952092	0.279510617	0.0685839023	0.0076337529	-0.0573549508	-0.0920006388	-0.0779743851	-0.0226966273	0.0445885354	0.0882846163	0.085274677	0.0	0.032206509067123	0.035139053312477	0.0010372592262906	0.0012347530676971	-0.049025951838459	-0.0976475030612533	0.0095350348540974	0.0024035439536669	-0.1247504631458156	-0.1338945817129299	0.0155626780550954	0.0179277590120804	0.0021007399516341	0.0014577064683598	4.413108344391641e-06	2.1249081478980004e-06	0.0023929222852503	0.000351090014448	1.23264198245167e-07	5.726077063247518e-06	-0.0010310161757436	-0.0005093595716434	1.062994354644958e-06	2.59447173224748e-07	0.0	0.0	0.0	0.0	0.0	1.0	0.0	0.0	0.0	0.0	0.0
6259.172906983256	13.896767861887383	39177245.47951323	193.12015700718604	15521.386530236352	-29.28260049940764	857.4706920079083	240913439.82100245	6275.234826085815	5.9170441517107975	39378572.12252028	35.01141149329495	7392.95718546291	9443.40019112654	1.631341	31.580713	0.1926458302424013	0.1235302010455708	0.0639853739	0.0193598447	0.1918245222	-0.0831431422	-0.1003022923	0.0212895828	0.0885214214	0.1537621146	0.1353638209	-0.0683629539	0.0913893033	-0.151238025	-0.0332973215	-0.1086808746	-0.0360212012	-0.0106377634	0.01629096	-0.2067740878	0.1174256538	0.0702597901	-0.0879111509	0.1031027361	0.0892465847	-0.2024293671	0.0045519287	0.034203242	0.0082963802	0.0259343668	0.0591602295	-0.0751675495	-0.0252536541	-0.0761631139	-0.0065018028	0.065238123	-0.0540270957	0.1236921526	-0.0200535954	-0.0443771932	-0.0645132756	-0.0605464181	-0.0463251935	-0.1578810063	-0.073943329	-0.0931742193	0.0821483484	0.0431317445	0.0712461118	-0.0188840196	-0.0577376053	0.0241194456	0.0409257229	0.0819870513	-0.0661290345	-0.0906673815	-0.0472409501	0.1028742809	-0.0420367169	0.0081008557	0.0244698735	0.0764970911	-0.0099001091	-0.0004753212	0.0013496942	0.099111903	-0.0072480619	0.0273732644	-0.0626655407	-0.0858018042	-0.0987794337	0.1603586771	0.0188909287	0.0051395901	-0.0433201095	-0.0584964197	-0.0699017626	0.0586505066	0.0530585506	-0.0173062808	-0.0634018598	0.0158950824	-0.0049681686	-0.037993929	0.0463476666	-0.0270972372	0.0354746451	-0.0452589721	-0.0901522056	-0.1139707318	-0.0468822811	-0.2766412277	-0.0128808897	-0.0453284332	-0.178639255	-0.1970122853	0.1820946338	-0.0855810701	-0.0300953525	0.1441802809	-0.0015871782	0.1077308207	0.0738283093	-0.106299922	0.0854403745	0.0059851862	0.1546095735	-0.0325023958	-0.0038036388	-0.0204046185	0.0674784858	-0.117982623	0.000662773	0.0169295711	0.0556063684	0.0659133741	0.055374698	-0.0142326863	0.0886807403	0.0386526592	-0.0635122755	0.1077695767	-0.0407170932	0.0322546412	-0.1001953474	-0.0615452412	-0.0295623468	0.046400682	-0.0665066077	0.0271756965	0.0690819468	-0.0714267921	-0.0356594197	-0.0226607068	-0.0088220688	-0.1022246115	-0.0009364637	0.0633888844	0.0694350174	-0.0096966711	0.0490806158	-0.0380368589	-0.0408841599	0.0150074418	-0.0071823571	0.1015207251	-0.0507326353	0.0369639257	-0.2862308365	0.0870212349	0.1379814195	0.2806843815	-0.079754263	0.0773363306	-0.055078	-0.0408744729	0.1136333198	-0.0089210461	-0.1573370251	0.1249238842	0.0116051874	0.1467936364	-0.1895975979	-0.0211929104	-0.0223245313	0.1060688136	0.1867572319	0.0689841623	-0.2314733417	-0.0254920093	0.1694679004	0.2691391794	0.0677145291	0.0050923356	-0.0603188546	-0.0926943039	-0.0743024598	-0.015216262	0.0522036565	0.0910324077	0.0800040612	0.0	0.0431947138201991	0.010988204753076	0.0018657833020088	0.0001207406436955	0.0642630851121168	0.1132890369505758	0.0128344058931889	0.0041297441081271	-0.1249653215939901	-0.0002148584481744	0.0156163316010893	4.6164152751952524e-08	0.0008468210624452	-0.0012539188891889	7.171059118008174e-07	1.5723125806647246e-06	0.0024610483202169	6.812603496659988e-05	4.641156640270389e-09	6.0567588344424245e-06	-0.0010720458533996	-4.102967765600004e-05	1.1492823117912768e-06	1.6834344485552691e-09	0.0	0.0	0.0	0.0	0.0	0.0	1.0	0.0	0.0	0.0	0.0
6232.722884875232	-26.450022108024317	38846834.55964743	699.603669514975	15509.264141613923	-12.122388622428844	146.95230591319228	240537274.21435145	6268.509670448446	-6.725155637369426	39294213.48850568	45.22771834684177	7385.3196379825085	9393.309424408835	1.496466	28.969709	0.1891317785902311	0.1200652679894448	-0.0183362143	-0.0413388964	0.2233661408	0.0278642138	-0.1670434881	0.0296248037	0.0290557156	0.0502408069	0.2448478848	0.0923996298	0.2501367073	-0.1089867862	-0.0632884783	0.1406769454	0.0356643051	0.0711956559	-0.0588146923	-0.1514394465	0.0822582238	-0.2250867782	-0.3076777197	-0.0676660779	0.1452449125	-0.0408057531	0.0363977444	-0.034918533	-0.0860789592	-0.1069619987	-0.0329596391	0.064367111	0.0068649074	0.0271027213	0.0591316759	-0.0477567663	0.009400865	0.0769720306	0.1361164728	0.01141877	-0.0044179655	0.0427020383	0.04081985	-0.0366294272	-0.0675983334	0.0089673461	0.0412197818	-0.055374479	-0.0541059229	0.0152350593	0.0342339428	0.000785936	0.041897615	0.1169054212	0.01633734	0.0607661041	-0.0713449834	0.0180818002	-0.0085349289	0.1015138489	0.0126844698	-0.0440783319	0.0345544027	0.0118292219	-0.0627693069	-0.122369006	-0.0287535478	0.0015119377	0.0013114845	0.0197970244	0.0022708783	-0.0041298182	-0.0507902555	0.0407487709	-0.021730092	-0.0038759276	-0.0283324377	0.0152810389	-0.118211501	0.008874408	-0.0194882916	0.13204078	0.0421445915	0.0805292469	-0.0348563016	0.0123790639	-0.0194767572	-0.1273714195	0.0192078904	0.0156047583	-0.3121081247	-0.1994800407	0.0739646144	-0.1796944596	0.024955729	-0.1335262117	-0.0829448619	-0.1218009888	0.0060877712	0.1579359272	-0.0236861397	0.0523667188	-0.0715638466	-0.0269156815	0.0606481077	-0.0049671405	-0.0391393587	-0.0283276014	0.019067565	-0.0597076347	0.045594766	0.0564504278	-0.0404398146	0.0003364233	0.0983450388	-0.004301275	0.0302740157	0.0077126851	0.0162319296	0.0986838493	-0.0058974438	-0.0738613241	-0.0267998664	-0.0973466228	0.0363795307	0.0783881715	-0.0051334906	-0.0330526852	0.0970343352	0.0800508788	-0.1413629639	0.0870988894	0.0114518181	-0.0137769151	-0.012439133	0.0320750611	0.0271826435	-0.0845004132	-0.1630334583	0.0492597855	0.0782527992	0.0086736801	0.0786982607	0.0346540648	0.0273343112	0.0284419053	0.0376523285	-0.0287393075	-0.2418170332	-0.0612099151	0.1884264973	0.2085737755	0.0634317635	-0.0210377675	0.0429122579	0.0343373555	-0.1699356357	-0.0777526091	0.0224038879	0.0500466343	0.1019021725	0.0253685924	0.1298817047	0.1054984135	-0.0638617248	-0.11909867	0.0108969192	0.0928044638	0.1133214443	0.1882812645	0.1155885561	-0.078475634	0.0668325226	0.0025471182	-0.0631814888	-0.0931113328	-0.070284102	-0.0076337529	0.0593418965	0.0926943039	0.073525926	0.0	0.0575296101442859	0.0143348963240867	0.0033096560433535	0.0002054892526223	-0.0517565838638205	-0.1160196689759373	0.013460563589286	0.0026787439732526	-0.124806321592743	0.000159000001247	0.0155766179095111	2.5281000396575297e-08	0.0017101131509104	0.0008632920884651	2.9244869889166963e-06	7.452732300066065e-07	0.0025632682889933	0.0001022199687764	1.0448922016648187e-08	6.570344321358639e-06	-0.000865193644862	0.0002068522085376	7.485600431095925e-07	4.2787836176882826e-08	0.0	0.0	0.0	0.0	0.0	0.0	0.0	0.0	0.0	0.0	0.0
6227.887294885703	-4.835589989528671	38786580.15779877	23.382930546829893	15438.637027788764	-70.62711382515954	4988.189207272042	238351513.27581027	6259.755350125735	-8.754320322710555	39184537.043427765	76.63812431262303	7370.603731081785	9456.472087213611	1.585397	30.691313	0.077211409626104	0.043800252294048	0.0394547567	0.0451057334	-0.0693403332	-0.1026855415	-0.210355253	0.0100293064	0.0750932992	-0.081791974	-0.0405150807	-0.1589160915	0.2235343877	-0.0672428332	0.004673403	-0.0029189178	0.0764301786	-0.0998651689	0.0219133975	0.0736366903	0.0820835375	0.0566432692	-0.1615413895	-0.0950553916	0.0340654075	-0.0770284297	-0.0796827965	-0.0949656915	0.0100547161	0.0990770854	0.0113884599	-0.1073946962	0.0338115753	0.0642276935	-0.0287368568	0.0233068195	-0.1124235988	0.0455626213	-0.0362053781	-0.0050512958	0.1491366513	-0.0236884432	0.0426665091	-0.0888087951	-0.045769268	0.0090948241	-0.1060672032	-0.0858240442	-0.0349103698	0.1410885172	-0.0744116378	-0.0779547071	-0.1223758327	-0.077991411	0.012914292	0.0352170909	-0.0824681698	0.0922444981	0.0882337018	-0.0928125601	0.095232918	0.0893156501	-0.0008190734	-0.0754684271	0.0010459251	-0.0160873327	0.0190190651	0.0236156489	-0.0547569476	0.0327100762	-0.0645551302	0.0653626832	-0.0122398939	-0.093979619	-0.0008103409	0.0806021115	-0.0189487465	0.053105266	0.0722437835	0.0388998683	0.0586270079	-0.094835209	0.0589137682	0.1382267178	-0.089894247	0.1272150628	0.0875678828	0.0113486603	-0.0862272845	0.1176697024	-0.0497069146	0.0060175855	0.1719914241	-0.0116687094	-0.0397702041	-0.2413313766	0.0833542131	-0.0198777538	0.0472140542	-0.128845554	0.1088644853	-0.1110980242	-0.0315817791	-0.0310352082	0.0534032065	0.1113217083	0.0546673721	-0.0391896165	-0.0519659663	0.0287933383	-0.0467423768	-0.015142028	-0.0217656423	0.0975287981	0.0248637326	-0.0528516678	0.0623803943	0.0207837804	0.0956679068	-0.1607595831	-0.0428904712	-0.0603981879	0.0967046362	-0.1572859391	-0.0030907361	-0.0538417636	0.0246466033	-0.1386274631	0.0171164034	-0.0443479187	0.0738484005	-0.0846255178	0.0060864073	0.1163620663	-0.0652033446	-0.0589909385	0.0004142209	-0.0280282696	0.0108885111	0.076827645	0.0347427571	0.0025863994	-0.0011897483	0.0199884628	-0.0589390912	-0.1100588439	-0.0079406746	0.0451433371	-0.2075584239	0.0592946384	0.0684228961	0.0647852645	0.1210046014	0.0783309622	0.0759389715	0.2494126452	0.0459439868	-0.0973065241	0.0194078314	-0.0424288747	0.0357676612	0.0229637705	0.0611752967	-0.0233195394	0.0285627714	-0.0118207811	0.0391427261	0.0419007731	-0.0161404387	-0.0813209239	0.0669934806	-0.0741213445	0.0659380473	0.0	-0.0659380473	-0.0932504808	-0.0659380473	-0.0	0.0659380473	0.0932504808	0.0659380473	0.0	0.0730033924671857	0.0154737823228997	0.0053294953117179	0.0002394379393764	-0.0166711097637346	0.0350854741000859	0.0012309904928277	0.0002779259007544	-0.1249046231205213	-9.830152777828838e-05	0.0156011648768794	9.663190363545601e-09	0.0018493663540225	0.0001392532031121	3.4201559113904747e-06	1.9391454576979793e-08	0.0027239184132061	0.0001606501242128	2.5808462409588145e-08	7.419731521803238e-06	-0.0006340199386801	0.0002311737061818	4.019812826439178e-07	5.3441282429875414e-08	0.0	0.0	0.0	0.0	0.0	0.0	0.0	1.0	0.0	0.0	0.0
6211.078249358076	-16.80904552762695	38577493.01964898	282.54401154983555	15468.060396476134	29.423368687370385	865.734624912928	239260892.42903343	6249.902388056327	-9.852962069408022	39061279.86023218	97.08086154119322	7363.911470786851	9331.34390050096	1.313636	25.430353	0.0813376716879903	0.0373131002816515	-0.01027303	-0.068950151	-0.0201575125	0.0053378222	0.0012159058	0.0339778067	-0.0515280821	-0.1137701256	0.0909885172	0.0718809175	0.0497154124	-0.1396655623	0.0465613836	-0.0249008128	0.1324451199	0.0681730396	-0.0399508158	0.1511224666	0.0434564546	-0.0654846027	0.0539492659	0.0050899823	0.1487500581	-0.1237538662	-0.0057699103	-0.0424137588	-0.1400687265	0.0586408241	0.0265345891	-0.0243389361	-0.0315070576	0.0223921017	0.1070985637	-0.0760023804	-0.0764171864	0.0461136751	0.009654082	0.1229560996	-0.0613634583	-0.0540115611	-0.0745949926	-0.0778745598	-0.0532964609	-0.0936236429	0.0136020736	-0.0328083246	0.0838216891	0.0344183354	-0.0174613921	0.1176011618	0.0171140293	-0.0963075327	0.0744633733	0.003118675	0.0693743142	-0.0330287679	0.0151065282	-0.0004245588	-0.0577454397	0.0227998438	0.0765960465	-0.0085350684	-0.0227768794	0.0217907159	0.0117442238	0.0205808301	-0.0493912294	0.0877057955	0.1265900692	-0.0168101358	0.0303318436	-0.0720847319	-0.0421628162	-0.0581514026	-0.003074222	-0.0463295976	0.0796686479	-0.0287351795	0.0104325414	0.005800596	0.0772353377	-0.1254710209	0.087013291	0.049241679	-0.0956031229	-0.0770335963	0.0592978721	0.0551246049	-0.0215374841	0.0303776884	-0.0670439873	-0.0599893146	0.0435864906	-0.24517467	0.0596168204	-0.1244758844	0.0913405772	0.0611256862	0.0460705499	0.0497484721	-0.0845882025	-0.0381724705	-0.0229009735	-0.0432961584	-0.0033337012	0.056189472	0.0386859702	-0.012378476	0.0636170237	-0.0188082045	0.0984405249	0.0620097327	0.1120223662	0.0493705861	0.0033144139	0.0218676798	-0.1165859375	0.0783729894	0.037850754	0.1447051943	-0.0086715107	0.0210316648	-0.0339768754	-0.033323148	-0.0204359973	0.0248963474	-0.0927951217	-0.0786517131	-0.0239873277	0.0010795264	-0.0282933755	0.0273840601	0.059134802	0.0806750015	-0.0069083652	-0.0560955163	-0.0432917483	-0.0097146214	-0.0724545799	0.0793289076	-0.0646458461	0.0781020258	0.0149723723	-0.1614554819	0.1034764914	-0.0154563108	-0.1243782132	-0.0553145932	0.1148393786	-0.0070710272	0.0564159823	0.0674625433	0.1628324604	0.0845727501	-0.015540166	-0.0146351745	0.0049687405	0.1423588541	-0.0258368349	-0.012714082	0.0845111466	0.0221164667	0.0229195677	8.2057e-06	0.0263361594	-0.0584400489	0.0362721518	-0.102371794	0.015469228	-0.0444377753	0.0650312701	-0.0025471182	-0.0685839023	-0.0931113328	-0.061284559	0.0076337529	0.0719318531	0.0926943039	0.0573549508	0.0	0.0729618256705748	-4.156679661089513e-05	0.0053234280051833	1.7277985804915226e-09	-0.0227790019263522	-0.0061078921626176	3.730634667016551e-05	0.0005188829287607	-0.0942142213007244	0.0306904018197968	0.0088763194953018	0.0009419007638605	0.0022727123227709	0.0004233459687483	5.1652213020747e-06	1.7922180925552126e-07	0.0030286052882546	0.0003046868750485	9.283409182682025e-08	9.172449992043729e-06	-0.0007959433130625	-0.0001619233743824	6.335257576089089e-07	2.6219179171382872e-08	0.0	0.0	0.0	0.0	0.0	0.0	0.0	0.0	0.0	0.0	0.0
6208.231683790456	-2.8465655676200186	38542140.639619686	8.10293553075988	15411.195384609046	-56.86501186708847	3233.6295746441124	237504943.18259516	6256.381905587776	6.479517531448437	39142314.548566125	41.98414744034764	7363.376577849731	9273.7323506774	1.203428	23.296869	0.0995728694637119	0.0458287501261461	-0.0438506737	0.070805698	-0.1073037638	0.0096245526	-0.0391699824	-0.0620502788	-0.0087161496	-0.0883483358	-0.0877795973	-0.1424818292	0.0863929306	0.0066607343	-0.0276042463	0.0253655083	0.0625317066	-0.0225714206	0.076351575	0.1450661187	0.0198790885	0.2125511279	-0.1071601613	0.0134236736	0.0321072173	0.0179295303	-0.0903647356	-0.0707098405	-0.0175759171	0.0160971257	0.0310973345	0.0320721338	-0.0971876143	-0.0732226299	0.0372436146	0.0621980935	0.0262474558	0.0483272316	0.0843211624	0.0882980108	-0.097226926	0.0389367736	-0.0530512156	0.2079218115	-0.0201637759	0.0226258652	-0.0398306453	-0.0463524463	0.0011690412	-0.0283391426	-0.019902018	-0.0097833683	-0.0846512644	-0.0754320168	-0.0731008657	0.080363024	0.0678627531	-0.0104866428	-0.0614065801	0.0571488039	0.04677583	0.1296374899	-0.0875699855	0.0398418717	-0.018707221	0.0011836414	0.0464807622	0.0784602354	0.1218507176	-0.1071822209	0.0171311723	-0.0005667168	0.0760391877	-0.0113953579	-0.0191262807	0.0824890806	-0.0408629332	-0.0608147685	0.0550380882	-0.0862711226	0.0013634111	-0.0811828583	-0.0211094108	0.0652328371	0.0219237295	-0.0518312678	0.1197898924	0.0803980681	-0.0014543644	0.0326310703	0.0787176985	0.0563037158	0.1608769947	0.0200544854	0.0014666184	-0.119663166	0.0094646384	-0.0893723299	0.0305932123	-0.0783708116	0.1218104927	0.0073109718	-0.1005772771	0.0581023374	-0.0788991078	0.0698444472	-0.0002524526	0.0192450158	0.0303984157	-0.0992537269	0.0247167463	-0.0464651706	0.0393838996	-0.0442462185	0.0455930474	-0.082850879	-0.1678341096	0.067267627	0.0889518011	-0.0070559115	0.0771392159	-0.0444102118	-0.0274836317	0.0744635864	0.0259601149	-0.1556545769	0.0124889483	0.1602647538	0.0608442658	0.0023292321	-0.0193418265	0.0707987858	-0.003846294	0.0533856087	0.052560416	0.0016088589	0.0190581603	0.0623457124	-0.0484607089	-0.1363057652	-0.0401121945	0.0392931473	-0.0095482151	0.0473232444	-0.0526350238	0.0173546808	-0.0351298733	0.0498905013	-0.09994095	0.0071402225	-0.058515262	-0.0222278572	0.0588969222	0.0877142258	0.1473414376	0.0923018633	0.0489968407	-0.1047655112	0.0752580821	-0.0149141653	-0.0685254446	-0.0126620528	0.0164878056	-0.0908421135	0.0920556836	0.0110980911	-0.031131902	-0.0914165831	-0.0375629638	-0.081734766	-0.0105493809	0.0647017494	0.0641123601	-0.0050923356	-0.0711146114	-0.0926943039	-0.0563453339	0.015216262	0.0772685604	0.0910324077	0.047906183	0.0	0.0549951042277996	-0.0179667214427751	0.0030244614890265	0.0003228030794022	-0.0093436247193494	0.0134353772070028	0.0001805093606944	8.730332289603714e-05	-0.0823879986636555	0.0118262226370689	0.0067877823238025	0.0001398595418615	0.0018013541501809	-0.0004713581725899	3.2448767743739526e-06	2.221785268673841e-07	0.0033890256211135	0.0003604203328588	1.2990281633812024e-07	1.1485494660563744e-05	-0.0010910557711509	-0.0002951124580883	1.1904026957616848e-06	8.709136291897762e-08	0.0	0.0	0.0	0.0	0.0	0.0	0.0	0.0	0.0	0.0	0.0
6217.537964208267	9.30628041781074	38657778.33637108	86.60685521492763	15504.31272147778	93.11733686873411	8670.838425525311	240383712.9653777	6260.485499979579	4.103594391803199	39193678.69545456	16.839486932438668	7370.742116953259	9296.445288485176	1.156721	22.392675	0.0254982437237736	0.0170454250831786	0.0444977413	-0.0221168308	0.0035967166	0.0929988247	0.0396344819	0.0205170839	0.0139299728	-0.0401887863	0.0358799314	0.0029062527	-0.093106032	-0.0261588317	-0.0115885046	-0.0491199414	0.1301368143	-0.0293993901	0.0085347928	0.0479734898	-0.0135283513	-0.0213912738	-0.0805886926	0.1815688696	0.0850398133	-0.0549120999	0.1043895037	0.0246684062	0.0111307911	0.043168659	0.0106918468	0.0997035969	-0.0139304639	0.1284702373	0.0501316277	0.0208483304	0.0641134133	0.0111763827	-0.0369350911	-0.0203562746	0.1252616096	-0.0368626598	0.0157503873	-0.0250511757	0.0502106948	-0.0568714203	-0.0071283474	0.0486003261	0.0051977834	0.0043152806	-0.0074328913	0.0124827188	-0.1430557611	0.0263341925	-0.0485701798	-0.0736791023	0.0371480429	0.1342001068	-0.0661377144	0.0338986554	0.019851193	-0.0051663021	-0.0423007276	0.038847178	0.017049326	-0.017859286	0.0358174952	-0.1164346536	-0.0084871348	-0.0984115032	0.1037352827	0.0548084444	0.0281816165	0.039595634	-0.0470212544	0.0430406881	-0.0177254977	-0.0332685929	-0.0536005113	0.0344902439	0.0546898596	0.1266744148	-0.0309113075	-0.0034575289	-0.165892688	-0.0714593743	-0.0970935493	-0.0064428736	-0.0136875164	0.0140103187	0.0907324421	-0.0309035789	-0.0676090743	-0.1144589481	0.0226497127	-0.0677931236	0.0112090257	-0.1140725505	0.0325976091	0.0162354183	-0.0141079888	0.0209779925	0.0178174103	-0.0924056286	-0.0855249514	0.1010043229	-0.1180546441	-0.0200082939	-0.0081061969	-0.0366929694	0.0031799492	-0.1184399995	-0.0077612189	-0.0168782532	-0.1640441137	-0.0295453795	-0.0286872957	-0.0312812492	0.0056122408	-0.1125228108	0.0258331861	-0.0431738889	-0.0413683166	-0.0058929159	-0.099130764	-0.0205041276	0.0239983406	0.0388213672	-0.0110412662	-0.0469624453	-0.0735860598	-0.0069138144	0.0670648734	0.0339985985	0.0160810669	0.0057539397	0.0470641899	-0.0255707978	0.0109487165	0.0199751536	0.1062004402	0.0315821107	-0.0970269	-0.0588628794	0.05331105	0.1690461242	-0.0562894772	-0.0105173074	-0.0733104179	0.024346918	0.0346104624	-0.0459487316	-0.0535021256	0.0719391965	0.1106426933	-0.0095327887	0.0122287789	-0.0760223148	-0.0058648944	0.0745020987	-0.0345090392	-0.0682111613	-0.0045600487	-0.0486100829	0.0910769039	-0.0454512676	0.0080321041	-0.0623887252	-0.0290478968	-0.1182034526	0.0062336378	-0.0174779484	0.0631814888	-0.0076337529	-0.073525926	-0.0920006388	-0.0511434007	0.0226966273	0.0818994181	0.0882846163	0.0377343563	0.0	0.0541429830644375	-0.000852121163362	0.0029314626151159	7.26110477049577e-07	0.0059046724333171	0.0152482971526664	0.000232510566056	3.486515654477488e-05	-0.0835748392249655	-0.00118684056131	0.0069847537514788	1.4085905179706525e-06	0.0018012474486542	-1.0670152670016336e-07	3.2444923712832647e-06	1.1385215800145675e-14	0.0032430453537179	-0.0001459802673956	2.131023846889088e-08	1.051734316627126e-05	-0.0010729230431445	1.813272800639987e-05	1.1511638565104547e-06	3.287958249540782e-10	0.0	0.0	0.0	0.0	0.0	0.0	0.0	0.0	0.0	0.0	0.0
6214.197490159781	-3.340474048485703	38616250.44670813	11.158766868606463	15467.770952828325	-36.54176864945475	1335.3008560302742	239251938.2491597	6268.552922357811	8.06742237823255	39294755.74040066	65.08330382880733	7375.795678925619	9344.654141897723	1.159733	22.450977	0.0439397236105631	0.0277998185860498	-0.07834936	0.0302074554	-0.0583864405	0.0395940821	-0.0915805159	-0.0892299043	-0.0076302737	-0.0792844326	0.011050238	-0.1128860267	0.0075503033	-0.0156173395	-0.0642834062	-0.016317447	-0.0361479909	0.0435824848	0.1123958078	0.0033428843	0.0991144822	0.0390933706	-0.0490662786	0.0257196507	-0.0926755845	0.014446976	0.0379171254	0.0415447016	-0.0851424215	0.0692847881	0.0381282193	-0.124205721	0.0377655093	0.023700853	0.0273575368	-0.0632949259	0.0970049467	-2.0017e-05	-0.0267190071	-0.0025293766	0.0040571818	0.0796770934	-0.0883111762	0.0183253779	-0.0011190028	0.111647613	0.0563713428	-0.0653888957	-0.0151774143	-0.0740430829	0.0501965106	-0.0632967339	0.0293397114	-0.0565070018	-0.1622002576	-0.0522281605	-0.0528725669	0.0449569727	0.0021508453	-0.0429659941	-0.0592099784	-0.04353719	0.0752953033	0.0489411272	-0.1030187329	-0.0802606169	0.1014227794	0.0154150354	0.032588969	0.0915849556	-0.1254787774	-0.1200946398	0.081845783	-0.101203059	0.0023009342	0.0370063837	0.1008243183	0.0010028276	0.0489283862	0.0311540527	0.0154204062	-0.0381853867	0.0746235634	0.0347450011	0.0048487167	0.090465914	-0.0792798688	0.0982860441	0.0567415897	0.0615969842	0.0370726888	-0.0515581646	0.0711381625	-0.0014495319	-0.0664502103	-0.007470279	-0.0171403113	-0.0486039423	0.0405798862	0.0092050691	0.0092205731	-0.0428109782	0.0049871511	0.1186397767	-0.0931369585	-0.0454179221	0.0578638355	-0.0213935779	0.0300622176	0.0847884542	0.0461123879	-0.0387620805	0.0957487156	-0.1167130116	0.0112881004	0.0171060194	0.0768836909	0.0260796536	0.0114541549	-0.0946259703	-0.0764810853	-0.0710388878	-0.0854631441	0.0227098699	0.0074808419	-0.0044372173	0.0622524107	0.0694492555	0.0039735255	0.0107996101	0.0291006657	0.003262267	-0.0030478093	-0.0280620378	-0.0133058645	0.0578176306	-0.1064922747	-0.0706023061	0.0035493509	0.0815032793	0.0844912341	-0.0723998765	-0.0233165116	-0.0280219324	0.0687432408	-0.0899566888	0.1225087144	-0.0544810881	-0.0820118638	-0.0323256462	-0.0843908612	-0.0380642745	0.0190734491	0.0846293404	0.0660690659	0.020970609	0.010490756	-0.1111896795	0.0411174164	-0.0109186314	0.0149002849	0.0600908608	-0.0479505901	0.0090346612	0.0118306791	-0.0237408422	0.0319259426	-0.1054034363	0.0564540854	0.0437658082	-0.0767903639	-0.0580242639	0.0622388298	-0.0101694736	-0.0758137976	-0.0910324077	-0.0457030134	0.0300246349	0.0857821235	0.0844837072	0.0269929964	0.0	0.0597995847957975	0.0056566017313599	0.0035759903417497	3.199714314722492e-05	0.005914590939966	9.91850664890017e-06	9.837677414427688e-11	3.498238598712789e-05	-0.0943746935820897	-0.0107998543571242	0.0089065827887133	0.000116636854135	0.0017999971961524	-1.2502525017998e-06	3.239989906156502e-06	1.5631313182566588e-12	0.0031329304361737	-0.0001101149175442	1.2125295065765971e-08	9.815253117903527e-06	-0.0006348212328819	0.0004381018102626	4.029979977176955e-07	1.9193319615536726e-07	0.0	0.0	0.0	0.0	0.0	0.0	0.0	0.0	0.0	0.0	0.0
6208.429987626003	-5.767502533778497	38544602.91125381	33.264085477141386	15504.333471370648	36.56251854232323	1336.8177621577302	240384356.3914642	6257.94498284634	-10.60793951147116	39161875.408331685	112.52838067903096	7373.350280165381	9321.614148566225	1.182275	22.88736	0.0333000166554482	0.0184623281839182	0.0647250596	0.0033213113	-0.0670929952	0.116692618	-0.0146394754	0.0375678828	0.0839999722	-0.0960440004	0.0489766214	-0.0150247685	-0.0118515007	0.0696017559	-0.0662616063	-0.0850425528	0.0252521223	-0.0843849466	-0.0296492724	0.0400578103	0.1100690117	-0.0762098151	-0.0409668546	0.1162238163	-0.0663805633	-0.0605452258	0.0149960391	0.0173127094	0.018336317	-0.0626001707	0.0669041393	-0.0729701087	0.0571451408	0.0491051581	-0.0596367234	-0.0727793492	-0.0313329277	-0.0585323973	0.084239553	0.0766618646	0.0210158076	-0.0142394328	0.0633844136	-0.0285864937	0.1691995678	0.0220954538	-0.1298614969	-0.042773549	0.0453771437	0.12694486	0.042866107	0.1004652999	-0.0603821996	0.018843042	0.0551890108	0.0264506573	0.0643130105	-0.0593766573	-0.0176750061	0.1100032149	0.071714059	-0.0982391085	-0.0042343621	0.0614077758	-0.0567211343	-0.1064062475	-0.0099742598	-0.0079539793	0.0754327665	-0.0446539764	-0.0463657537	-0.0553830909	-0.0785970031	0.0966019391	0.0199026635	0.0051277038	0.0915516208	0.064296399	0.0876912964	-0.067854179	-0.1236800675	-0.1013609177	-0.0128816176	0.1066497103	0.0328246351	-0.1056799338	0.0282188038	0.0144266859	-0.0543144386	0.1494082493	0.0513606635	-0.0431665024	-0.0360704827	-0.0788560876	0.008111233	0.0186411499	0.0279757739	-0.0659511636	0.038014122	-0.0188828985	-0.0357228258	-0.0463512503	-0.0292314036	0.0450523832	0.0957597863	-0.0195748796	-0.067596442	-0.1610281621	0.0076363332	-0.0060212158	-0.0519624827	0.0341520654	-0.008473525	0.0078386441	-0.0569205889	-0.0819266508	0.0400161365	-0.0641163326	-0.0740264904	0.1150955718	0.0981071485	-0.0908994604	0.0566450664	0.0472228373	0.0302969306	-0.0183157974	0.2004352302	-0.0070916351	0.0304338626	-0.0516363248	-0.0417711278	0.0117789175	-0.0465284205	0.0590941736	0.0002984771	-0.0360472742	-0.0829878901	0.0887269168	0.0039904655	0.0016058993	-0.1014153215	0.0778705703	0.1220097149	-0.0792367296	0.0722079474	0.0075027996	-0.0602597165	0.0713018859	-0.0692488268	0.0503791183	0.0155373571	-0.1046119144	0.0022073754	0.0930894588	0.0425764262	-0.0521252392	-0.0453102034	-0.0846493303	-0.0795089948	0.0496105047	0.0499502445	-0.0307016266	0.0441544953	0.0278107389	0.0140379482	-0.0689537836	0.041066791	0.0034646554	-0.015521597	-0.031962432	-0.0077799416	-0.0757916576	0.061284559	-0.0126976055	-0.0779743851	-0.0897925	-0.0400495376	0.0371510932	0.0888812078	0.0796750203	0.0158442251	0.0	0.0647154169466972	0.0049158321508997	0.0041880851905848	2.4165405735819213e-05	-0.0040481308036532	-0.0099627217436192	9.92558245407828e-05	1.6387363003485904e-05	-0.0942335894197654	0.0001411041623243	0.0088799693749329	1.9910384625245163e-08	0.0018009149238832	9.177277307999016e-07	3.243294563065232e-06	8.422241878791367e-13	0.0030551779757723	-7.77524604014001e-05	6.045445098471292e-09	9.334112463644128e-06	-0.0009217582167218	-0.0002869369838398	8.496382100941528e-07	8.233283269513901e-08	0.0	0.0	0.0	0.0	0.0	0.0	0.0	0.0	0.0	0.0	0.0
6211.335352682482	2.9053650564792406	38580686.86348321	8.441146111410621	15446.453145602583	-57.88032576806472	3350.132111017297	238592914.77929595	6257.574530899925	-0.3704519464154145	39157239.00976741	0.1372346446029692	7362.825340073459	9303.966412698312	1.170862	22.666431	0.0505679124095486	0.0278239448956361	-0.088410692	-0.0159305827	-0.0521419636	0.0774000053	-0.0801817423	-0.062903622	-0.0563420079	-0.1111581497	0.0416515987	-0.0802257015	0.0022306237	0.1097870566	-0.0165311467	-0.0583387548	0.0382165264	0.0443658547	0.0749727094	0.0898040458	0.1021588438	-0.0018528252	-0.0502902765	-0.0056123058	0.0323755268	0.0561710715	0.0155495147	0.0147607763	0.0160856151	0.1837040902	0.0496345207	-0.1410008996	0.0710422398	-0.1375916104	-0.0402635593	-0.0300324125	0.0345868112	0.0917986894	0.0282520719	-0.0510092923	-0.0216666842	0.0775902771	-0.0223518494	0.0188941773	0.0894511021	0.0643901346	0.0731458087	0.0179519808	0.0957296364	0.0306063823	-0.0634777055	0.0921292636	0.0490550278	-0.0589363328	-0.0708733507	0.0932920569	-0.0100074343	0.0093728592	-0.0010615069	0.0004256532	-0.020435482	-0.0141121782	-0.0610036277	0.006044027	0.0150462852	0.0022584987	-0.0904835768	-0.0488215967	0.0546759612	0.0653875159	-0.0103248336	0.1095968865	-0.030338412	0.0247930449	0.0685573216	0.0523374794	0.015419703	0.0157047814	0.0652608792	-0.0029195461	0.0588094635	0.0020533153	-0.0161617492	-0.0282802522	0.0249544366	-0.0232847432	0.0127476771	0.0806914888	0.096931223	0.1283420825	0.046813556	-0.0135374001	0.0929513461	-0.027260679	0.0305430341	0.0025815241	0.0465418253	-0.0043346542	0.0533561167	0.0284753653	0.0569441838	-0.0316243519	0.033883508	0.0112553466	-0.0186655089	-0.0173674812	0.0949669287	-0.0080864071	-0.0262633443	0.1377401406	0.0346530634	0.0221929068	0.1267462623	-0.0434659986	0.1091663162	0.0282156619	-0.0513470594	-0.0452860666	0.0070753204	-0.1165305397	0.024139754	-0.0409802923	0.0236380253	0.0629789847	0.0896460863	0.031789655	0.1272523549	0.0461963034	-0.0963749021	0.0889159678	0.0201042336	-0.1116969556	0.0440121284	-0.0338290437	-0.0425958976	0.0219674183	-0.0240260982	0.036892717	0.0144444071	0.0250148449	-0.0133537439	-0.0081878835	0.1047049772	0.0025147253	-0.0277659774	0.0090579261	-0.0790799076	0.0291114752	-0.0825258528	-0.0850725926	-0.0521345847	-0.0525452642	0.0447690448	0.0980722311	0.0222008246	-0.0180117782	0.0242428621	-0.12975477	0.0077411347	-0.0810309549	0.0566355086	-0.0108757206	0.0045966813	-0.009856502	-0.0436301321	-0.0196596993	0.0658535966	-0.0535401903	-0.0121479818	-0.0716812768	0.0190703988	-0.0767730255	0.0603188546	-0.015216262	-0.0800040612	-0.0882846163	-0.0342093323	0.0440281638	0.091168361	0.0739159167	0.0044563133	0.0	0.0635469877551742	-0.001168429191523	0.0040382196527562	1.3652267756031018e-06	-0.0145440435638732	-0.01049591276022	0.0001101641846701	0.0002115292031878	-0.0942280451395447	5.54428022069009e-06	0.00887892449082	3.073904316553535e-11	0.0022550244252087	0.0004541095013254	5.085135158287827e-06	2.0621543919409413e-07	0.0029672374579758	-8.794051779650001e-05	7.733534670316537e-09	8.804498132014686e-06	-0.0006858477122921	0.0002359105044296	4.703870844563072e-07	5.5653766100275474e-08	0.0	0.0	0.0	0.0	0.0	0.0	0.0	0.0	0.0	0.0	0.0
6209.500177940275	-1.835174742207528	38557892.45984031	3.367866334436466	15490.980410032636	44.52726443005304	1982.6772776238663	239970474.0640149	6251.75646416548	-5.818066734444983	39084458.88723487	33.84990052645531	7368.394274735369	9320.912991329984	1.264381	24.476831	0.0802226377325354	0.0398654263492445	0.0705190292	0.0495902969	-0.0893380276	0.0528579615	0.0356855359	0.0145824495	0.0883864943	-0.0656639884	-0.0123513547	-0.0107194684	-0.0181069505	0.1215265969	-0.0025779904	-0.1313096416	-0.0049610516	-0.1070733836	0.016375557	0.0689283325	0.1326459415	0.0272674028	0.0214178312	0.0133878814	0.0423918868	0.0192079181	0.0604324829	-0.0117556632	-0.0155258812	0.0973480582	0.0222997399	-0.0724340442	-0.0501371423	0.0102135895	-0.1204999542	0.0531904416	-0.0187534445	-0.0461596135	-0.0329484933	0.0554569757	0.0530616201	-0.0633376072	0.09697239	0.1251439281	-0.055743021	-0.0614898025	0.070948038	-0.0120944867	-0.0670323524	0.0365612038	0.0726098184	0.0192668238	0.0739737632	0.0049122323	0.1681988217	-0.0269338933	-0.0041097705	0.0223992132	0.0654681356	0.0019315786	0.0878945175	-0.0468234124	0.0610451594	0.0454485542	0.011153715	0.0478000592	-0.0665430872	0.0555844283	-0.0360908544	-0.0298408268	-0.0068836467	-0.0171803232	0.1065357057	0.1391110181	0.057410696	-0.0421894412	-0.0503052007	-0.0441917377	-0.0097581728	0.076020897	-0.0325193891	-0.1004746762	0.0413851733	0.0130049256	0.0858986132	-0.0055420732	-0.0536286114	0.0408134185	-0.0600245882	0.1292126114	0.0653229991	0.0035076175	0.033304614	-0.0256271751	0.05753465	0.0336141516	0.1519853524	-0.0562921443	0.03142783	-0.0499245133	-0.0342250061	0.0027543524	0.0258755267	-0.0260981354	-0.1175849407	0.0109895219	0.0179257854	0.0226700016	-0.1387581931	-0.0193878352	-0.0261938992	0.0270328426	-0.038049437	-0.0185854828	-0.0278857119	0.0417085366	0.0982521935	0.0462318299	-0.0207611087	0.0901019525	0.004209571	0.026536913	0.0190832441	0.1169776002	0.030152039	-0.0110674801	-0.1260769436	-0.0835330107	0.0189627443	0.0287870979	-0.0320482864	-0.0781041073	0.0192412148	0.0624484568	0.0271294278	0.000794785	0.0012004227	-0.1083325856	-0.019880909	0.0455915645	-0.037857426	0.0113159302	-0.0362462195	-0.042791127	-0.0400585531	0.0796950816	0.058964418	0.0440674609	-0.0428673531	0.0935914071	-0.0105086124	-0.0807433586	0.0130168886	0.0948322119	0.052883024	-0.0337109937	0.0584003442	-0.0619535086	-0.0764291498	0.0069714509	0.0571170166	-0.058360733	0.0532536696	-0.0020857585	-0.0421639996	-0.0304194597	0.0108358861	-0.0462574211	-0.0053512582	0.0777536897	-0.0734915564	0.0075132393	0.0593418965	-0.0177235635	-0.0818994181	-0.0865132565	-0.0282096273	0.0506096822	0.0926226898	0.0672750948	-0.0069988586	0.0	0.0556123205693808	-0.0079346671857934	0.0030927301991115	6.295894334930656e-05	-0.0062118881730697	0.0083321553908035	6.942481345649583e-05	3.8587554674723214e-05	-0.0867656825479912	0.0074623625915535	0.0075282836680187	5.568685544781709e-05	0.0017080725269646	-0.000546951898244	2.917511757371234e-06	2.991563789928243e-07	0.003281195066523	0.0003139576085472	9.856937996467698e-08	1.0766241064574874e-05	-0.0009548072567885	-0.0002689595444963	9.116568976159804e-07	7.233923657571095e-08	0.0	0.0	0.0	0.0	0.0	0.0	0.0	0.0	0.0	0.0	0.0
6208.919368598301	-0.5808093419736906	38550679.725755125	0.3373394917239115	15475.08332303204	-15.897087000596002	252.7173751045184	239478203.8547844	6258.57385335955	6.817389194070529	39169746.67795581	46.476795423429614	7363.443746070135	9232.698639581413	1.282847	24.834316	0.0447451140523995	0.0339630913537665	-0.0582916249	-0.1069328981	-0.054538572	-0.0098526296	0.0864113341	-0.01169578	-0.1276531793	-0.0481057614	0.0236774385	-0.0364872355	-0.0048357207	0.1664431127	0.1037045912	-0.0889678836	0.0049952805	0.1068414226	-0.0418582027	0.0836900828	0.0617743687	0.01247768	0.0861326159	-0.091418298	0.0709065872	0.1248347298	-0.022708483	0.0674309899	0.0117716444	-0.0435931766	0.1180705214	-0.0771984688	-0.089463975	0.0087775282	-0.0747790166	-0.1073417219	-0.0222903608	-0.0397426357	0.021840247	-0.0533036995	0.0229022012	-0.1165901703	0.0219815549	-0.0168043945	-0.0440947224	-0.0090528271	0.1093713149	-0.0267616931	0.0354431889	-0.0345921702	-0.0303093843	0.0313573743	-0.037315999	0.0013231024	0.0078335057	-0.1326602043	-0.1577743578	-0.1620488664	-0.0006151669	-0.0105963771	-0.0424046697	-0.0193265056	-0.2080572671	0.0531055121	0.0168077919	-0.0260730182	0.0207311709	0.0175957136	-0.046137897	0.019880388	-0.046617935	0.0026144734	0.0924143155	-0.037091673	0.1236296474	-0.1120020719	-0.0449720417	0.0506299223	-0.0944959606	-0.0465717514	0.0055867321	0.0697533795	-0.1555096993	0.0751794194	-0.1154396439	0.0730460455	-0.1405546429	-0.0322677041	0.1452790741	0.0592022532	0.0586340309	0.0292366154	0.0558956576	0.0544494068	0.1097980238	0.0600621741	0.127423001	0.021385518	0.0648303453	-0.0454618326	0.0002329512	0.0312566256	0.0348883819	-0.0241451763	-0.03350012	-0.0713148437	-0.0591736943	-0.0470431739	0.0226757154	0.0616895095	-0.028894884	0.0458205676	-0.0493236959	-0.0394826325	0.0050596817	0.0757677758	0.1106640982	0.0615695805	-0.0216154534	0.0609281903	-0.0981743273	0.102124976	0.0077528733	-0.0220740287	-0.0670095784	0.0376574218	0.1219048792	-0.0278219614	0.0739691865	-0.0476196765	0.0430280073	0.0696495476	0.0711972116	-0.0043318234	-0.0195964181	0.117135177	0.0183544916	0.097170199	-0.1590945468	-0.0836129125	0.0133439404	-0.1443179412	0.0811175579	0.083623621	0.0051780364	0.138213423	-0.0532765272	-0.1710923966	0.0144991628	-0.1186280996	-0.0250261845	-0.1046747282	-0.0728257206	0.0740982605	0.079980101	-0.036508569	0.079021337	0.0722018799	0.0092010805	-0.0620458655	0.0860541052	0.0199425547	0.0715820699	-0.0318703901	-0.0372407503	-0.0276635608	0.0162092745	0.0140738237	-0.1049946521	0.0687894538	-0.0315091849	-0.0943932689	0.0583538671	-0.020217639	-0.0836572738	-0.0844837072	-0.0220783961	0.0568514682	0.0932309089	0.0598317709	-0.0183483952	0.0	0.0658393748008165	0.0102270542314357	0.0043348232741623	0.0001045926382527	-0.0062012825772512	1.0605595818499907e-05	1.1247866266538275e-10	3.845590560291928e-05	-0.0544352572955659	0.0323304252524253	0.0029631972368344	0.0010452563970026	0.0017081064614427	3.3934478100130026e-08	2.9176276836223024e-06	1.1515488039282038e-15	0.0032646712499782	-1.652381654480015e-05	2.730365132062112e-10	1.0658078370434222e-05	-0.00098179008522	-2.6982828431500096e-05	9.63911771436295e-07	7.280730301637701e-10	0.0	0.0	0.0	0.0	0.0	0.0	0.0	0.0	0.0	0.0	0.0
6222.413358471246	13.493989872945347	38718428.00368141	182.0877626911516	15521.972896270108	46.8895732380679	2198.632078448133	240931642.59254384	6265.6695876630765	7.095734303526115	39258615.381765984	50.34944530623724	7372.326215109478	9257.5175421935	1.333047	25.80612	0.097050904868691	0.0478337389048328	-0.0027944055	0.1151717651	0.009049096	-0.0426590344	0.1582126528	-0.099893173	0.0449025582	0.0732673629	-0.0430327234	0.0480757452	-0.0335199191	0.1097347552	0.1315783935	-0.025737506	0.0513590461	-0.0410436639	0.0419127888	-0.0177773299	-0.0609858306	0.0946611215	0.0669951638	-0.0321412278	0.0513154768	0.0380341151	-0.0518513132	0.0042454352	0.1072073091	-0.0931804914	-0.0228524501	0.0394404536	-0.038523165	-0.0602863535	0.1104456479	0.0727967205	-0.0785186217	0.0337373199	0.0392060948	-0.0756649375	-0.0381567672	-0.0716514295	0.0493163088	0.0184661442	0.0461435782	-0.0914256732	0.0436105188	0.0478183467	-0.0575063049	0.0014416392	0.1128298713	-0.0974161879	0.118311379	-0.0928969516	0.0903269257	-0.0045098446	0.0960306038	0.0983461291	-0.0204999554	0.0109560343	-0.0793346496	0.0160175106	0.0085555777	0.1156736542	-0.148100267	-0.0032815351	-0.0367131718	0.1144977191	0.0422345667	0.1327553957	-0.0225240092	-0.0468224467	0.0364320352	-0.0293183745	0.0443422201	0.0079845187	0.0914207521	-0.0673118368	-0.0022444923	-0.1153574229	0.0415505482	0.081553167	-0.0532985539	0.0852488231	-0.0275821513	0.0075930355	-0.0406503437	0.089665851	-0.0278368781	-0.0854202125	0.0129399333	0.0179874452	-0.0091696435	0.0988173454	0.0829029266	0.0359726782	0.0603317535	0.0468488607	0.0770147856	-0.0533438909	0.0463427312	0.0378427724	0.0797879832	-0.0045327059	0.072410858	-0.0041439196	-0.0080419297	-0.0382960981	0.0840825417	-0.1434776124	0.018230901	0.0968909854	-0.001940654	0.0430409392	-0.0212628811	0.0226648579	-0.1606720327	-0.01125236	-0.0200347306	0.0212817593	-0.0035440006	-0.0050863149	0.0074355347	0.0974097137	0.0360125537	0.1366650656	-0.0800202635	-0.0040439426	0.0324303875	0.0657839188	-0.0362208062	0.0524437615	0.0227143138	0.1185575464	0.0164622693	0.0731790422	0.0151395197	-0.0314886844	-0.0043900322	0.1071949589	0.0883618515	-0.1266412314	-0.0243843002	-0.0581548117	0.0835984759	-0.0198092099	0.083303745	0.0307370558	0.0698972	0.0592336961	-0.1433117534	0.0242000421	-0.0745027623	0.0241643575	0.0921242425	-0.0464315088	0.0458698471	0.1602551417	0.0394393284	-0.0260918045	0.0717011846	-0.0477864842	-0.0078575464	-0.0209923119	0.0414109084	0.0193476906	0.0060648392	0.0208414809	-0.0156554377	0.11495005	0.0260507018	-0.1035568067	0.0573549508	-0.0226966273	-0.085274677	-0.0822020253	-0.0158442251	0.0627116218	0.0929874623	0.0516747337	-0.0294209952	0.0	0.0674423076688981	0.0016029328680815	0.0045484648637063	2.569393779576285e-06	0.0219053708359098	0.028106653413161	0.0007899839660875	0.0004798452714587	-0.0336646141595124	0.0207706431360535	0.0011333062465088	0.0004314196162852	0.0011480384823246	-0.0005600679791181	1.317992356898171e-06	3.136761412334325e-07	0.0034358320773322	0.000171160827354	2.9296028820505813e-08	1.18049420636249e-05	-0.0011819747877758	-0.0002001847025557	1.3970643989376474e-06	4.0073915137354097e-08	0.0	0.0	0.0	0.0	0.0	0.0	0.0	0.0	0.0	0.0	0.0
6227.386130892705	4.9727724214590125	38780338.023234814	24.72846555562333	15505.121855015494	-16.851041254614756	283.95759136472844	240408803.7388791	6265.200931380987	-0.4686562820897961	39252742.71057718	0.2196387107422306	7369.365879045793	9291.994378111644	1.276453	24.710541	0.0584604120344987	0.0317037263154802	0.0148164017	-0.097500012	0.0253885862	-0.0688835553	0.0874172676	0.0529424793	-0.0916750741	0.0770996536	-0.0066079238	-0.0263952364	-0.0158054089	0.0359310849	0.1087102604	-0.0471995184	-0.0704982525	0.0862078394	-0.1291149989	-0.0391529137	0.0031038319	0.0467025725	0.0809777739	-0.0424292402	-0.0020735108	0.1394933804	0.0311874159	0.0346704776	0.1212162141	-0.0670542856	0.0469803949	-0.0360829219	-0.0911086996	0.1638612542	-0.0599856113	0.0036040394	0.1127515603	0.1080394855	0.0024565183	0.040853326	0.0385314994	0.0106532853	-0.0914312123	-0.0373196586	0.0075789419	-0.091343397	-0.1106215925	0.0654056173	-0.1048466101	-0.1184491111	0.0484005529	0.1430966565	0.052633511	-0.0213037453	-0.0612853675	-0.0390073583	0.0928097212	0.0560912518	-0.1059757853	-0.0654213831	0.0829510122	-0.0855489022	0.056955072	-0.0897357371	0.1070852663	0.0295662135	-0.0034840342	0.0273934375	0.1364415703	0.0209956604	0.0265848333	0.006908077	0.0167989038	-0.0467985652	-0.0703678725	0.103651379	-0.1274332827	-0.0426741425	-0.1029980612	0.0340379151	0.0690535146	-0.1028084185	0.0226890362	0.0329150529	0.043910279	0.0051057713	-0.016648788	-0.0902959872	0.0689302466	-0.0561760796	0.0626309494	-0.0120528346	-0.0111147201	0.1371879268	0.0228518269	0.0801002513	0.042943086	0.0603974124	0.0267730539	0.0007063	0.0228947597	0.0160960037	0.0300670404	-0.02415343	-0.1460891181	0.0142022755	-0.119058484	-0.1330517317	0.1151677061	-0.0358649726	0.0163121179	0.1129737313	-0.0151994923	0.0068522819	-0.0676560281	-0.050057458	0.0052933254	-0.0101178627	0.0596800997	0.0487543756	-0.0360621967	-0.054967493	-0.092174538	-0.119157439	-0.0437481247	0.0605450339	-0.067679561	0.1649267849	-0.0653820001	-0.0134411231	-0.0653317672	0.0470075904	0.1474644812	-0.0181243826	0.0379392033	-0.0997859194	0.0105551791	-0.0727742916	0.0495730463	-0.0467515092	-0.038475592	0.0386074622	0.1068529486	-0.1231716092	-0.0815987023	-0.0773265005	0.108979638	0.0256979396	0.066435256	-0.0438476936	-0.0091926007	-0.054924948	-0.179658547	3.04415e-05	0.0502862283	0.043267513	0.0679132761	0.1524787541	0.0945602462	-0.042881746	-0.0147230076	-0.0004222783	-0.0345692241	-0.020797686	0.0191721616	-0.0199153623	-0.0565716093	-0.0720104778	-0.0008988858	0.153296104	0.0021781131	0.0028308802	0.0563453339	-0.0251586786	-0.0867489121	-0.0796750203	-0.0095361811	0.0681508051	0.0918945739	0.042901286	-0.0400495376	0.0	0.067554816732013	0.0001125090631148	0.0045636532636958	1.2658289282992314e-08	0.0051951102396401	-0.0167102605962697	0.0002792328091952	2.698917040201341e-05	-0.0352281698547116	-0.0015635556951991	0.0012410239513124	2.4447064119898475e-06	0.0015763192218393	0.0004282807395147	2.4847822891400564e-06	1.834243918392583e-07	0.0037610407029329	0.0003252086256007	1.0576065016509637e-07	1.4145427169118004e-05	-0.0012299671562587	-4.7992368482899965e-05	1.5128192054751131e-06	2.3032674325984493e-09	0.0	0.0	0.0	0.0	0.0	0.0	0.0	0.0	0.0	0.0	0.0
6224.664614594493	-2.721516298212009	38746449.564184815	7.406650961433598	15492.21258673688	-12.909268278614036	166.6492074892306	240008650.8326486	6265.035881925644	-0.1650494553423414	39250674.60181584	0.0272413227088035	7367.416019411744	9312.183508216094	1.308575	25.332382	0.0610867633771584	0.0259848905938758	-0.069281902	0.1142828257	0.0029362602	-0.037929655	0.0643829814	-0.1327264409	0.0345112837	0.0059163394	-0.0339815685	0.0032322958	-0.0374552455	-0.0181559913	0.0478828161	-0.0118660207	-0.0661407576	0.002055155	0.1045734861	-0.0709927087	-0.0174811955	0.0082953562	0.1877860003	0.0544012756	-0.0294047048	0.0294419596	-0.0403327023	0.0674395781	0.0896383396	-0.0513722322	-0.1124686918	-0.0338371599	0.0943543716	0.0849811823	0.0229000286	-0.0265237351	0.1521136293	0.0627612591	-0.0512825064	0.0528797977	-0.0249118051	-0.0100212753	-0.0593225664	-0.0027616215	0.1294286691	0.0053687483	0.1111500352	-0.044771904	-0.0238172822	-0.0485671434	-0.002158871	-0.0715319823	0.0238402905	0.0251430176	0.0099939356	-0.0330528455	-0.0998994808	-0.009038727	-0.0090569124	-0.0167691507	0.0146028789	0.0570232954	0.042832274	0.0460762474	-0.0444168609	0.0831501724	0.1064982076	-0.0560597748	0.0229531016	-0.0194061564	-0.0320248446	0.0554286773	-0.1417246018	0.0328387629	-0.0681639132	-0.0822095722	-0.1145664265	-0.0112955093	-0.0217753576	0.0883688143	-0.0785838003	0.0346798382	-0.0212777597	0.1436626581	0.0255814717	0.0465085671	-0.0305603028	0.1347206604	0.0093171985	-0.0852228411	0.0161571036	-0.0134438044	-0.1297885474	0.0896339501	-0.0200335876	0.0183222245	-0.0214431217	-0.0101677529	0.0861630921	0.005291619	-0.0469716007	-0.0539260243	-0.0044813405	-0.0183574627	0.0157770983	-0.0244505617	0.081881833	-0.0316357461	0.1882021335	0.0304625134	0.0337821754	0.062195658	0.0739401063	-0.0612880606	-0.0894186189	-0.0264592535	0.0237652536	-0.0243156173	0.0526606311	0.0785656312	-0.080464368	-0.0383926829	0.0243848272	-0.0540634282	-0.0216606238	0.0480069314	0.0472802323	-0.0796401599	0.1040816124	0.0722819448	-0.0382104894	-0.032475071	0.1001100262	-0.1096153019	0.0383166795	-0.0213718577	-0.0920706396	-0.0061203391	0.1199572202	-0.039143641	0.0972827286	0.0266499865	-0.0965538493	0.1200535345	-0.1057131414	-0.0170197025	-0.0565978183	0.0264973639	0.0514316876	0.0148650134	-0.1828032507	0.0289170324	-0.0929423036	-0.0058693106	0.0675397643	0.0212078198	0.0552940481	0.1027095987	0.0109808492	0.0265542152	-0.0610547407	-0.0301613864	-0.0796036066	0.0500894257	0.0032733601	-0.0080862671	-0.1061945307	0.0588300729	-0.0737064276	0.0804005758	-0.1103966627	-0.1092642132	0.0553252047	-0.0276019556	-0.0880775042	-0.0769102337	-0.0031836749	0.0731325059	0.0899622271	0.0336160831	-0.0500736032	0.0	0.0649134035842706	-0.0026414131477423	0.0042137499648943	6.9770634170663975e-06	0.0202418110972075	0.0150467008575674	0.0002264032066971	0.000409730916495	-0.0542648425832652	-0.0190366727285536	0.0029446731405865	0.000362394908574	0.001289792536271	-0.0002865266855683	1.6635647866203788e-06	8.209754154275551e-08	0.0036026887681077	-0.0001583519348252	2.50753352628844e-08	1.2979366359849378e-05	-0.0012723280687311	-4.236091247239991e-05	1.6188187144810103e-06	1.794446905494326e-09	0.0	0.0	0.0	0.0	0.0	0.0	0.0	0.0	0.0	0.0	0.0
6220.931313529194	-3.7333010652992016	38699986.407648064	13.937536844164152	15469.63481816159	-22.57776857528916	509.7556338393145	239309601.40727735	6256.012762957139	-9.023118968505514	39137695.69028261	81.41667591980402	7369.557622196736	9358.775061525132	1.448996	28.050751	0.0421440760249937	0.0271207370330116	0.1004813754	-0.0612104711	0.0137828442	0.0192006029	-0.0430955106	0.130676641	0.0078563193	-0.0553935236	-0.0138059415	-0.067673999	-0.015229656	-0.0324185709	-0.0026821739	0.0280640616	-0.0247747551	-0.032993846	-0.097508485	0.0151127098	0.0507547032	0.007276977	0.0211468898	-0.0444690237	-0.026353637	-0.0050184859	-0.0063717452	-0.1324995656	0.0479379917	-0.0506477732	0.1211313759	-0.0424425147	-0.1051003996	0.103059169	-0.0275622814	0.076687711	0.0204942898	0.0107687235	0.0140521483	-0.105472382	0.0200898463	0.0057742316	0.0736375368	0.08695028	-0.0406173561	-0.0506982186	-0.0554434823	-0.0923720701	0.0144292914	-0.0051253009	0.0658773881	0.037412343	0.0901757798	-0.0217201595	0.0279024582	0.093943608	-0.0230558697	-0.064857458	0.0383187139	0.0756855312	-0.0901630592	0.0754673853	0.1174570493	-0.0024311424	0.0461431799	-0.0454560412	-0.0114442739	-0.1110721913	-0.0213269256	-0.0481612183	-0.0538858769	-0.0104634595	-0.059196794	-0.0299129718	0.1008284224	-0.1310307529	-0.0401976459	0.0341370369	0.0159812882	0.031452179	0.1446307731	0.0977170017	0.0204797317	0.0537074753	0.0447804868	0.0047205926	0.0527948364	-0.0892774845	-0.0532557121	0.0438023429	0.0835467855	-0.0099014326	0.0158989672	0.0301428846	-0.0433759953	-0.001039367	-0.0427773914	0.0449382139	0.0865697821	0.0452511027	0.0964984084	0.0641321268	0.0900991941	-0.0009780649	0.007061235	-0.0031751254	-0.087004509	0.0300694354	-0.0511671162	-0.066562511	-0.0833056909	0.0059876455	-0.0727000847	0.0381284403	0.0046345506	0.0151059237	0.0921590936	0.0678032519	0.1016306136	0.0007369452	-0.0319134848	0.0099828761	0.0149736463	-0.009372728	0.079005856	0.0647929904	-0.0333811798	-0.015187573	0.0963690217	0.0185048153	-0.0527980614	-0.0512874687	0.1018078269	-0.0618090763	0.0288686017	0.0939360881	0.0352176934	-0.1031326843	-0.0040268027	0.0692359304	-0.1301255446	0.0636854871	0.0815424759	-0.0063281919	0.0073562394	0.0017821468	-0.0551601494	0.0068174822	0.0099571798	0.0574044257	0.0478674485	-0.0530990453	-0.1080794308	-0.0274306829	0.0567019129	0.038808072	0.0016247626	0.0279328412	0.0093443937	-0.0369490605	-0.0387078516	0.027350717	-0.1159701674	0.0601658773	0.0073048905	-0.0973355427	0.0167507368	-0.0009337083	0.0625731692	0.0181115065	-0.0150538218	-0.0102774314	0.0542947536	-0.0300246349	-0.0892582227	-0.0739159167	0.0031836749	0.077623283	0.087208074	0.0239298853	-0.0593418965	0.0	0.0652827158157549	0.0003693122314843	0.0042618329842806	1.3639152432391362e-07	0.0196930149969745	-0.0005487961002329	3.011771596309486e-07	0.000387814839671	-0.0729779514072817	-0.0187131088240164	0.0053257813916035	0.0003501804418594	0.0015622330452633	0.0002724405089923	2.440572087712644e-06	7.42238309399835e-08	0.0037070795025289	0.0001043907344211	1.089742543299748e-08	1.3742438438069916e-05	-0.0011989021347594	7.34259339716999e-05	1.4373663287306464e-06	5.391367779616434e-09	0.0	0.0	0.0	0.0	0.0	0.0	0.0	0.0	0.0	0.0	0.0
6222.654233613491	1.7229200842966748	38721425.7111079	2.968453616872861	15450.56628572488	-19.06853243670957	363.6089292898452	238719998.54957837	6258.266431630414	2.2536686732755697	39165898.72927208	5.079022488903667	7367.292485090366	9297.489325078202	1.440604	27.888283	0.0706860489772459	0.0407407366447731	-0.1175510927	0.0352827314	0.0024710822	0.0558608392	0.0178993452	-0.1165049851	-0.0158068876	-0.0360694037	-0.0105036486	-0.0248260865	-0.0016820126	-0.0299107296	-0.0872587009	0.0434571641	-0.0104199399	0.0553498811	0.1073353428	0.026325334	-0.0353526516	-0.0595950425	-0.0776206493	0.0409342982	0.0145661421	0.182501306	0.1095615696	-0.0525221708	0.0010920058	0.0284342598	-0.076811048	-0.0920663468	-0.0604561818	-0.0489668729	0.0002486797	-0.0709388027	0.0035056431	-0.0378059047	-0.1237733051	0.0030720069	-0.0911836214	0.0612914067	-0.1150058944	0.0201795252	-0.0666591737	-0.0590434587	-0.1045546828	-0.0022767891	-0.0345549036	0.074936077	-0.0671989891	0.0348683709	-0.0360737255	-0.010227017	0.0446875918	-0.0168462908	-0.0009426184	-0.148848562	-0.0773994928	0.0457540522	-0.0202849009	-0.0633473962	-0.0488292251	-0.0228741088	0.1406968623	0.0051192911	-0.1159517858	-0.0209889179	-0.0913725199	0.0749813381	0.032512562	-0.0103104327	0.0410982492	-0.0364080198	-0.0588611446	-0.0896734893	-0.0565493058	0.0337312895	0.0068182823	-0.0401888629	0.0269704103	-0.0659911082	0.0854435595	0.0552258907	-0.0356382504	0.0036993765	-0.0843704104	0.0918045294	0.0620510128	-0.0349415505	-0.0202086095	0.0315222706	0.0205725071	-0.1154055451	0.0103071049	0.0458620687	-0.0402651657	-0.0196993406	0.0257180248	0.0333757943	0.0885447061	0.0315946975	-0.0307173491	0.0348674848	-0.0704292352	0.0632566364	0.0712176568	0.0285727876	-0.0151475622	0.0601054027	0.0114044662	0.1606215963	0.0183167495	-0.0841201177	-0.0590433815	0.0305221114	-0.0164585612	0.0883019928	-0.0489541295	0.0215980163	-0.0716451157	0.0179264931	-0.0681812125	-0.0495606002	-0.0780444099	-0.1038519152	-0.0111992894	0.0054385072	-0.0554279043	-0.0207450557	0.0782984107	-0.0193866318	-0.0543335848	0.0607290023	0.0656015868	0.0268018449	0.1499238894	0.0589504989	-0.082095756	0.0742585398	-0.0939220204	0.037953865	0.0267909041	-0.0680326787	-0.0505948607	-0.0080632435	-0.0462209901	-0.142303043	-0.0355642621	-0.0559426318	-0.0984954447	0.0293795759	0.0118123983	-0.0741991337	0.0407854496	0.0156339396	-0.081588043	-0.006867744	0.0813607098	0.0490989612	-0.0253854581	-0.0739438378	-0.0553596165	0.0131571566	-0.018391323	-0.0799906056	0.018086628	-0.0305974976	0.0779963821	0.1146847334	-0.0028352256	-0.0388858538	0.0532541728	-0.0324249087	-0.0902890852	-0.0707010056	0.0095361811	0.0815929909	0.0836572738	0.0139582358	-0.0677145291	0.0	0.0735098742449622	0.0082271584292073	0.0054037016115101	6.768613581927685e-05	-0.0186179783754596	-0.0383109933724341	0.0014677322131826	0.000346629118789	-0.0766293151097912	-0.0036513637025094	0.0058720519341956	1.3332456888003885e-05	0.0017118859721289	0.0001496529268656	2.9305535815717087e-06	2.2395998519440626e-08	0.0036026152740491	-0.0001044642284798	1.0912775031879866e-08	1.2978836812811871e-05	-0.0010430886206429	0.0001558135141164	1.088033870514708e-06	2.4277851181332717e-08	0.0	0.0	0.0	0.0	0.0	0.0	0.0	0.0	0.0	0.0	0.0
6225.497836359334	2.8436027458428725	38756823.31051475	8.086076576165125	15471.829108773403	21.26282304852248	452.1076439927787	239377495.971088	6256.238106941981	-2.028324688433713	39140515.25075298	4.11410104170972	7368.7576741496705	9380.967966160995	1.491987	28.883001	0.0509941001434712	0.0290619139287473	0.1265915554	-0.0138809511	-0.0229802859	0.0260494071	-0.0594227806	0.1045487733	0.0705162053	0.0105146265	-0.0212879352	-0.0992002146	0.0176029836	0.0151873176	-0.0333848252	-0.0625083541	0.0337938969	-0.1121140296	-0.0635318046	0.0552587349	0.0259842254	0.0398673879	0.023955069	0.1135754341	-0.0180194775	-0.0228457652	0.0450380551	-0.0279054883	-0.033077306	-0.0902230038	0.0154687491	-0.083171496	-0.0267499435	0.0054311896	0.0650082075	0.0932028017	-0.016374221	-0.030719637	0.0075523137	-0.1057309793	0.0317083268	0.1646686577	0.1513802789	0.0003862201	-0.0748868658	-0.0193000362	0.0749213201	0.0561917878	-0.0019394777	-0.0505538419	-0.0784390934	0.0423331263	0.0436541067	-0.1133703048	-0.1004952268	0.1127056323	0.0843354019	-0.0365631282	0.0642723926	-0.024182958	-0.0355073994	-0.0479090979	0.0821945068	-0.0435117606	0.018836723	0.0365935635	0.0896300586	0.1705758814	-0.0294693226	-0.0172811778	0.0067327789	0.0571078354	-0.0219907202	0.03130586	0.0376623101	0.1029321968	0.0553126967	-0.0149949483	0.0193384258	0.0209994538	0.0252360237	0.0160437075	-0.101214707	-0.0895926202	-0.0609060664	-0.0033678751	0.0477924215	-0.0375234952	-0.1196643897	0.0288464037	0.1181639816	0.0018898042	0.0317692072	-0.0499909874	-0.0392192063	0.0260307855	0.0364112333	0.0365386393	0.0929016135	-0.0233461736	0.016467619	0.04148126	0.0574829312	-0.0050137427	0.1203239399	0.0174960066	-0.0571555822	-0.0174125199	-0.0001106586	-0.0370819396	0.0579740485	-0.0159803543	-0.0952896865	-0.0050954917	0.0481222127	-0.017946527	-0.0418588401	0.1040725131	-0.0135447886	-0.1358038092	0.1205700851	0.0029906931	-0.1318464529	0.0475343048	0.032714311	0.0211006651	-0.0770384015	0.0155731829	-0.015118928	0.0059137952	0.0002051769	-0.1200281857	-0.0215095711	0.0164438778	-0.1533451929	-0.0506791809	-0.042055826	-0.026212351	0.0331107996	-0.1576436323	-0.0031652884	-0.1513928335	0.0846428949	0.0545745589	0.0601934197	-0.0029964751	0.1255718578	0.0510692883	-0.0104523101	0.1071167712	0.0119500106	-0.0837516521	-0.0841714574	0.0249308861	-0.0079589186	0.0809683614	0.0025137226	-0.0328393761	-0.0359788004	-0.043541622	-0.0309567585	-0.0512319172	-0.033038978	0.0607860932	-0.0177574956	-0.0845700227	0.0056087082	0.0657565126	-0.0330793693	0.0366017638	-0.0373247578	0.0392309546	0.0522036565	-0.0348009859	-0.091168361	-0.0672750948	0.0158442251	0.0850149816	0.0793422632	0.0038200832	-0.0750651311	0.0	0.0654856933688563	-0.0080241808761059	0.0042883760359998	6.438747873246368e-05	0.0064658644239301	0.0250838427993897	0.0006291991695844	4.180740274864493e-05	-0.0853254825048068	-0.0086961673950156	0.007280437964678	7.562332736213255e-05	0.0016936792746489	-1.820669747999997e-05	2.868549485375224e-06	3.3148383312823705e-10	0.0036019896041721	-6.256698769999819e-07	3.9146279498517253e-13	1.297432910856388e-05	-0.0012080544347451	-0.0001649658141021	1.459395517307303e-06	2.7213719822401584e-08	0.0	0.0	0.0	0.0	0.0	0.0	0.0	0.0	0.0	0.0	0.0
6214.787448708656	-10.710387650678058	38623583.03262664	114.71240362779704	15446.650235075487	-25.17887369791606	633.9756806956092	238599003.4847576	6260.035267471644	3.797160529663415	39188041.54998878	14.418428088033748	7368.449545662288	9272.965332076616	1.581643	30.618637	0.021484811178483	0.0106240783964662	-0.1461538788	-0.0503230725	0.0447209065	0.086893342	0.0100692343	-0.0796300342	-0.0895031186	-0.0337841915	0.1344665477	0.0746280109	-0.0034320846	0.049589864	-0.0172082829	-0.090032829	0.0277641309	0.0941735039	0.0708015392	0.0111060244	0.0445819503	-0.0948520296	0.0139781474	0.0724482467	0.0267944792	0.0984200792	0.1342116289	0.0605765685	-0.05140502	-0.0122302517	0.0079129036	0.0135888429	0.1018013336	-0.0820696907	0.1165414164	-0.0243736392	-0.0581287313	-0.0912313127	-0.0153663794	0.0188383138	-0.0370467836	-0.0949525146	0.1527239266	0.0006599662	-0.0204365279	0.0138132422	-0.0809577563	0.0130235593	0.0507608986	-0.1459827934	-0.0228032376	-0.1392103891	-0.0292975894	0.0366749813	-0.0537048895	0.0172134138	-0.0485802612	0.0701487112	-0.0124194576	-0.0412777615	-0.1122416558	0.0749468042	0.050880195	-0.0103521655	0.0273937109	-0.0547933552	0.0406439875	-0.0488656021	0.1701068361	0.0856003979	0.0009085576	0.1334902051	0.010265241	0.0805499315	-0.0322230415	-0.1325629896	-0.0773999867	-0.0104291804	-0.002572218	0.1121097039	0.0457890101	-0.117915535	-0.0840213368	0.0656471392	-0.0627097349	-0.1135932935	0.1537109232	0.0491736281	0.1425822876	0.0196550025	-0.0381785087	-0.0364291356	-0.0468238383	-0.1246448947	0.0372587937	0.1226109041	0.0422124796	-0.019914223	0.1018365489	0.0605894124	-0.0072304737	-0.0633003968	0.031471302	0.0370087488	-0.0085382458	0.0088213616	0.0150678246	0.0782636748	0.0771491633	-0.017179904	-0.0757750517	-0.0564809305	-0.0008297198	0.1194132229	0.0314481119	0.0560535124	0.0150567549	-0.1053750452	-0.0781064162	-0.1113753325	0.0388180983	0.1379328851	-0.0121295807	-0.0129047987	-0.0163732292	-0.109297113	-0.0161840699	-0.0187481808	0.1485051352	-0.0258108465	-0.0223188041	0.1025966783	0.0484435404	-0.0333212261	-0.0811296791	-0.0376878682	0.0397200805	0.0622636528	-0.0316492326	-0.1119121793	0.0114700815	0.001393756	-0.1092070388	-0.0411721511	0.0664163034	-0.0626570082	-0.1098400148	0.0404288805	-0.02406555	-0.1374161415	-0.0744685005	-0.0100608311	-0.0306554303	-0.0081179096	0.0453041753	-0.0568086057	-0.0337759351	0.0619942425	-0.0677415864	-0.0491260949	0.097377934	-0.0668933644	-0.0550589016	0.0576159755	-0.0857468512	-0.0111296946	0.1061511547	-0.0149259992	-0.0033495122	-0.0206051607	-0.1025789028	0.0150048445	0.0511434007	-0.0371510932	-0.0918945739	-0.0636484088	0.0220783961	0.087866284	0.0743024598	-0.0063636379	-0.0812827579	0.0	0.0734803007424318	0.0079946073735754	0.0053993545971982	6.39137470576276e-05	0.010834409022749	0.0043685445988189	1.9084181911869783e-05	0.0001173844188722	-0.0848761879863531	0.0004492945184536	0.0072039672870947	2.018655643125417e-07	0.001788823271564	9.514399691509996e-05	3.199888696888932e-06	9.052380148980551e-09	0.0036018583132788	-1.3129089329990198e-07	1.7237298663486252e-14	1.29733833089356e-05	-0.0012862264406894	-7.817200594430001e-05	1.6543784567285226e-06	6.1108625133556765e-09	0.0	0.0	0.0	0.0	0.0	0.0	0.0	0.0	1.0	0.0	0.0
6216.2868342794845	1.499385570828963	38642222.00603645	2.248157090010095	15446.065747997429	-0.5844870780583733	0.341625144417215	238580947.09145936	6259.691705272125	-0.3435621995195106	39183740.24505264	0.118034984938684	7373.367778112787	9360.537150357475	1.60232	31.018906	0.0369983832902422	0.0179711604508253	0.0906588863	0.0955439492	-0.0628416728	-0.0813207553	0.0265182145	0.0016400973	0.0960884913	0.0201101404	-0.070090869	-0.0217494983	0.0775964702	0.0691015022	0.1119072913	-0.1500104138	0.0090735031	-0.1444022731	0.0108712974	-0.0354035405	-0.0195192853	0.1058111126	0.0403820703	-0.1017264551	0.0116834791	-0.048615848	0.0213961843	0.0300232028	0.0310037943	0.0462717101	-0.0288413557	-0.0363417808	-0.0382973448	0.0428484501	-0.191890716	0.010600425	-0.015651883	-0.1237911359	-0.1093905471	-0.0192050949	-0.0036646983	0.0330215304	0.0225818099	0.0123249271	0.0265663504	0.0678294164	-0.1017959367	-0.0807413147	0.0667911533	-0.0398734412	0.0386788233	-0.1079262217	-0.0576900448	0.07661962	-0.0544764384	-0.0682102934	0.0815087348	-0.0029065881	-0.0017177288	-0.0129452904	0.0384117226	-0.0511944935	0.047057166	0.0882213768	0.036590748	0.0606749851	-0.0489157213	-0.1211548965	-0.0041065957	-0.040226983	0.0546032648	0.0265809552	-0.1201688914	-0.0375079789	0.0208841905	-0.0548665257	0.1113383876	-0.1836665999	-0.076548156	0.0013604139	-0.042955453	0.0567635144	0.1150853738	-0.0925643186	0.0462028406	0.0103202268	0.0633863051	0.0427311223	-0.0974221002	0.0157557424	0.0082531937	0.0167786477	0.0630556707	0.1054590522	-0.0020311827	0.0437326577	0.1279410651	0.0830705607	0.0119717403	0.0062271592	-0.0444671696	-0.0342385898	0.0087955459	0.0892816516	-0.0065441158	0.0265581297	-0.0105723727	-0.018800244	-0.130205147	0.0717304909	-0.0723901647	0.0129179864	-0.0816979817	-0.0326786745	-0.0900734719	-0.1591606197	0.029010367	0.0076576105	-0.0203036394	-0.0060478201	0.0378063364	0.0472975597	0.0423711442	-0.0072508658	0.0885039792	-0.0065696685	-0.0112683414	0.0610452964	0.0208782803	-0.0460715349	-0.0256864938	-0.0108423299	-0.0886670299	-0.1107752351	-0.0819042256	0.0752266181	-0.1090382711	-0.0406148333	0.0609678953	0.0923256688	0.0865206153	0.0782946584	-0.1275454514	-0.029523744	0.0138835456	0.03913826	-0.0284312362	0.008283807	0.0052941149	0.1269697862	-0.0638957141	-0.0416334533	-0.0127877362	0.0387136646	-0.0048410027	0.0522251759	0.062644927	0.1032201236	-0.0290269809	-0.0669321513	0.1228784225	0.0112293382	0.0618338116	-0.0454402923	-0.0149568452	0.0301458273	0.0323704876	0.0383914505	0.0342985991	0.0009494855	-0.0329373112	0.039480745	0.0500736032	-0.039473477	-0.0924665046	-0.0598317709	0.0282096273	0.090127758	0.0685839023	-0.0164714492	-0.0862735657	0.0	0.0733642700397609	-0.0001160307026708	0.0053823161184669	1.3463123962302052e-08	0.0034744564025146	-0.0073599526202344	5.416890257209521e-05	1.2071847292974695e-05	-0.089045138737795	-0.0041689507514418	0.0079290367328331	1.7380150367947978e-05	0.0016838041889431	-0.0001050190826208	2.835196546702331e-06	1.1029007714535413e-08	0.0034431336750158	-0.000158724638263	2.5193510791720213e-08	1.1855169504027807e-05	-0.0010429011772554	0.000243325263434	1.0876428655206992e-06	5.920718382522553e-08	0.0	0.0	0.0	0.0	0.0	0.0	0.0	0.0	0.0	1.0	0.0
6216.859989953713	0.5731556742284738	38649348.13468728	0.3285074269002964	15498.658159859571	52.5924118621424	2765.9617854772164	240208404.7561817	6257.787387064449	-1.9043182076757148	39159902.9817029	3.626427836085247	7369.397787670887	9259.197382735072	1.444428	27.96232	0.0682862629058088	0.0370274829743136	-0.0450949582	-0.087156306	0.059565693	0.032797625	0.1207076718	0.0041909222	-0.0913887828	-0.0223217624	0.1392878297	0.0275668168	-0.0653851513	-0.0167321068	0.1332257721	-0.0671595764	0.0730786168	0.0829002624	-0.0196084189	0.0709972773	0.0556104088	-0.0184877169	0.1203913031	0.0796697719	0.1128635845	0.0627245821	-0.1036240996	-0.1349806826	0.0081983475	0.0307554208	0.0861968828	0.029042058	0.0681078735	-0.0820312707	-0.0962479519	-0.0455208985	0.064785423	-0.0809673539	-0.0623518457	0.1760873115	0.0733823925	-0.0215374152	-0.101429737	-0.1767958367	0.0167435387	-0.0106445879	0.0722301898	0.0517490166	0.0105611878	0.0215271805	0.0186008481	0.0183182573	-0.0063468653	-0.0142411468	-0.0652354083	0.043002571	0.0632426535	-0.0307873839	0.0647810885	0.0524238621	-0.0047542021	0.0384895207	-0.0350995769	-0.060023651	0.0307027799	-0.0691568707	0.0509699444	0.0377351557	0.0482497536	-0.078525243	0.0797571389	-0.0896980161	-0.0794022218	0.0075913074	0.0264951923	-0.0570342933	0.1349957935	0.0286311095	-0.0539263487	0.1347025776	0.0404461002	0.0749269634	-0.0353864437	-0.0581368169	0.0097157334	-0.0871756432	0.0461205521	-0.0321043825	0.1240986798	0.0473226138	0.0509886854	-0.0428926602	-0.0776865405	0.0485714548	0.1437478777	-0.031362257	0.0190666525	0.0243179919	0.0095931846	0.0059179162	0.0213163436	-0.01354586	-0.0386916403	-0.1063466819	-0.1925456094	-0.0304636503	0.0875222911	-0.0736554867	-0.0631017324	0.0378755392	0.0599058632	0.002409927	-0.0085065495	-0.0892739372	0.0875095081	-0.002225287	0.0133164498	-0.199967363	-0.0747734135	0.0951209357	0.1073982972	0.0586722764	-0.0467370393	-0.0749677592	-0.0025045081	-0.0288124288	-0.0298792222	-0.0840757613	-0.0775691564	0.003070796	0.0559626465	0.0535448243	0.0170192261	0.0173679615	-0.0581974178	0.021850118	-0.0496220705	0.0168270728	0.0001785482	-0.0423866345	-0.1531784105	0.0603956407	-0.141561239	-0.071326728	0.0507824395	-0.009130162	0.0003931538	0.152297935	-0.0334236053	-0.0830911762	-0.0016125283	-0.0690006601	-0.0840852706	0.0035118469	-0.0249903264	-0.0670143191	0.0437131333	0.0330192208	0.0592653204	0.0466831149	0.0284180179	-0.0166876291	0.0133097835	0.0636877226	0.0462339701	0.051336196	0.066660458	-0.1076837639	0.0267533277	0.0327821794	-0.0470124764	0.0239846414	0.0489944635	-0.0417664042	-0.092883193	-0.0558365714	0.0342093323	0.0917842227	0.0622388298	-0.0263827782	-0.0899622271	0.0	0.0551851745175753	-0.0181790955221856	0.0030454034865352	0.0003304795140047	0.00297584562216	-0.0004986107803546	2.486127102858232e-07	8.855657166928838e-06	-0.0964578522796486	-0.0074127135418536	0.0093041172664025	5.494832205357982e-05	0.0020240049039697	0.0003402007150266	4.096595851293396e-06	1.1573652650461e-07	0.0036016010964134	0.0001584674213976	2.5111923644404606e-08	1.2971530457686206e-05	-0.0013881499020595	-0.0003452487248041	1.9269601505878e-06	1.1919668197885721e-07	0.0	0.0	0.0	0.0	0.0	0.0	0.0	0.0	0.0	0.0	0.0
6226.166967665218	9.30697771150517	38765155.1092455	86.619834122454	15453.635932761406	-45.02222709816488	2027.000932878732	238814863.5423345	6260.106638765228	2.319251700779205	39188935.12871248	5.378928451567234	7365.846411991539	9369.10969324178	1.338855	25.91855	0.0441104768945537	0.0222980484969364	0.0061324851	0.0923623699	-0.0529190743	-0.0936853885	-0.008718448	-0.0472476557	0.0300920815	0.0295937037	-0.1260544659	-0.0473399305	0.0254943584	0.0190164845	0.0524083036	-0.0165701715	0.0313122065	-0.0439292552	0.0826209711	0.0293629434	-0.0730307289	0.0837509201	-0.0202514364	-0.0312826024	-0.0234040684	-0.0221383289	-0.0709496262	0.0817356759	-0.0103005795	-0.0080391342	0.0739479247	0.1581561731	-0.0542238341	0.098286979	-0.0500306981	0.1622261554	-0.0161789739	-0.0763928296	-0.0134890673	0.0688861781	0.0616907629	-0.0192304676	-0.0832461814	-0.0284138769	0.0720712183	-0.0630761767	-0.1320912474	-0.024031107	0.1455410161	-0.0643591327	0.014913956	0.0958009243	-0.0626224877	-0.0902299625	0.2229992073	-0.0270689742	-0.0371506793	0.1019881395	-0.0039603042	0.01433745	0.0293255169	-0.0159837204	0.0211415161	-0.0375660913	-0.023687272	-0.0176935639	0.0350861766	0.0104275743	0.0263411099	-0.1348863866	0.0027893159	0.0870423707	-0.0814403073	-0.0636434876	0.0646410915	-0.0951829598	-0.0237477292	0.0297854687	0.0871873128	-0.0448260623	-0.0704797759	-0.0221005089	0.0194871078	-0.0385509956	0.0120056188	0.0097332945	-0.0046891845	0.0648827777	-0.0503858902	-0.0609212358	0.0218679983	0.0741734979	0.0531208593	0.062009819	0.0035830098	-0.0728879098	0.0142658828	0.0577400971	0.0274743305	-0.0812098349	0.0511698553	-0.0809725322	-0.0525150774	0.070222124	0.0398428368	-0.0268774145	-0.0360296975	0.0028090286	0.0389081942	-0.1425846311	-0.0197145133	-0.1371880775	-0.023430061	-0.0158508501	-0.1832609361	0.0439965869	0.0203228179	-0.1169743972	0.0548627422	0.084711741	0.0270838711	0.0688606157	0.0230230994	0.0154415013	0.0432966146	0.0865931954	-0.0120485428	0.0540340068	-0.0719029511	-0.1322104972	-0.0344455459	-0.1200601028	-0.0528236868	-0.0636721826	0.0547731378	-0.1093622431	-0.0111210107	-0.0870222292	-0.0415085806	0.0026611404	-0.112803138	0.0762858156	-0.0544946657	0.0433909671	0.0274208156	0.009919374	-0.0611086599	0.0102679733	0.0018946915	0.0599311758	-0.0910219843	0.0001964419	-0.0178725123	-0.0234941666	-0.0207629052	0.0715616784	0.0622284962	0.0249367471	-0.0104914906	-0.0554691022	-0.0535504928	0.0413137851	0.0473585884	-0.0690640675	0.063755076	0.0431591922	0.0527730955	0.0244819222	-0.0420423684	-0.090671129	0.0229335249	-0.0333835088	0.047906183	-0.0440281638	-0.0931439394	-0.0516747337	0.0400495376	0.0928245585	0.0553252047	-0.0359793958	-0.0922930681	0.0	0.0537155183748154	-0.0014696561427599	0.0028853569142751	2.15988917795191e-06	0.0124454129503135	0.0094695673281534	8.96727053824322e-05	0.0001548883035038	-0.0942466154097232	0.0022112368699254	0.0088824245161882	4.889568494917484e-06	0.0022670674482238	0.000243062544254	5.139594814795971e-06	5.90794004192762e-08	0.0037271596147256	0.0001255585183122	1.5764941520755072e-08	1.3891718793641485e-05	-0.0016387291705675	-0.000250579268508	2.6854332944688467e-06	6.278996980600438e-08	0.0	0.0	0.0	0.0	0.0	0.0	0.0	0.0	0.0	0.0	0.0
6228.038835433764	1.8718677685455989	38788467.73567116	3.503888942919879	15502.54931743638	48.91338467497371	2392.519200361953	240329035.3395472	6258.8032467238845	-1.3033920413436135	39172618.08120144	1.698830813437872	7373.294008583923	9316.288508677031	1.242395	24.05121	0.0515728845667367	0.0248629319297941	0.0230254415	-0.0653217841	0.0838863555	0.0642016068	0.0602053669	0.0522142157	-0.0224030919	0.0208954446	0.0241789177	0.0402519805	-0.1277521047	-0.0207107745	-0.0175535688	0.0109610872	0.0538201013	0.0491711401	-0.008816851	0.0128642732	-0.0808164066	0.0044841359	0.031301541	0.0287516011	0.0620291066	-0.0054836709	-0.0115352554	-0.0780978618	-0.052824416	-0.0161482021	-0.0499064613	-0.0784305631	-0.062455558	0.0027122385	-0.0349581695	0.0046730954	-0.0345119743	0.0191479177	0.1017971654	0.0137998144	0.0098840772	0.0797919015	0.0320558596	0.0843282584	0.0111874483	0.1297937963	-0.0100840152	0.0412519343	0.0258969057	-0.0486557516	0.0071289664	-0.0626921454	0.09774227	-0.1316862716	-0.0050842268	0.0862409145	0.019491354	0.0602720884	0.1020912436	0.0057674529	-0.0594108646	-0.0578799622	-0.0793170571	-0.0339746653	-0.0673574763	0.0885323613	0.1024681163	-0.0319015535	-0.0520480959	0.0634719345	0.0901875534	0.0382636896	0.2102984815	0.0460159191	-0.0528029581	0.0170088472	0.0881737671	0.0477663198	-0.1382455869	0.0070776562	0.0896545653	0.0494550337	0.0177002641	0.0018904145	0.0441543285	-0.0356311228	0.0469618755	-0.0534771541	0.0249155691	-0.0267067207	0.0272525931	-0.0110190538	-0.0784183556	-0.0417737389	-0.0030607853	-0.0038938565	-0.050294643	0.0360830875	0.0497857913	-0.0272917817	0.0440534527	0.0960148101	-0.0108975707	0.071069266	-0.1185131021	-0.0573130018	-0.0539426382	0.0774041472	-0.1150787372	0.0243058479	0.0290397937	0.0637281058	-0.0453788487	0.0691747273	0.1076180939	-0.0271645738	-0.0583877069	-0.0336519485	0.0258337588	-0.1066816643	0.0300676394	0.0753501081	0.0512732176	0.0845562533	0.0126130259	0.0552401208	0.005029622	-0.0517450692	-0.0311206663	0.068113945	0.0161392238	-0.0171731496	-0.0619497496	0.0480041265	0.0743916715	0.103895647	0.0113125963	-0.0500956811	0.0297659167	-0.0863619352	0.056340387	0.0071700424	-0.0169312609	0.0275844218	-0.0025107584	0.0682185958	0.1211598072	-0.1514542813	0.0009686258	-0.0154360655	0.016591416	-0.0323573487	-0.0929284431	-0.075512121	-0.0061351258	-0.038007565	-0.0165913821	-0.0113913281	0.0083234866	0.0644794809	-0.0384047112	0.0016861656	0.0091564613	0.0836970766	0.0375062107	0.0055367664	0.0635704526	-0.1192119695	0.0320192671	-0.0151013629	-0.0068740143	0.0259957697	0.0468089647	-0.0462570678	-0.0932483061	-0.0473586783	0.0457030134	0.093241782	0.047906183	-0.0451468273	-0.0932309089	0.0	0.0517975772292373	-0.001917941145578	0.0026829890068188	3.6784982379014255e-06	-0.0047136543484498	-0.0171590672987633	0.0002944335905634	2.2218537316659705e-05	-0.0880799371933278	0.0061666782163954	0.0077580753359805	3.802792022456568e-05	0.0021078820155006	-0.0001591854327231	4.443166591270872e-06	2.534000199127236e-08	0.0039209719789274	0.0001938123642017	3.756323251749101e-08	1.537402125953385e-05	-0.0014651430093725	0.0001735861611949	2.146644037913106e-06	3.01321553584165e-08	0.0	0.0	0.0	0.0	0.0	0.0	0.0	0.0	0.0	0.0	0.0
6231.739149916168	3.7003144824038823	38834572.83259788	13.692327268687915	15456.462358048191	-46.08695938818892	2124.0078256485745	238902228.62576064	6261.461162860577	2.65791613669262	39205895.89401133	7.064518189691023	7370.663374922715	9379.588220813705	1.156671	22.391705	0.0211635830559694	0.0098014765640209	-0.0167771456	0.0477586168	-0.0221702513	-0.0342621396	-0.0463153049	-0.0325728874	0.0060797893	0.0518416264	-0.0983634074	-0.0918360502	0.0114196649	0.0024434253	0.007682721	0.0644542477	-0.050706326	0.0196245896	0.0485116887	-0.0021087703	-0.03114843	0.029600733	-0.0500281497	-0.0499312883	-0.1593683445	0.0324162371	0.0587735127	-0.0923368207	0.0498821519	0.0509665667	-0.0006065923	0.1298347038	0.0434121469	0.0104822293	0.008844307	-0.0712251435	-0.0072721147	-0.0306459557	-0.0409533531	-0.071879495	-0.1452296553	0.0086999069	-0.1232479009	0.0813346287	-0.0242328341	0.0032545259	0.0676095156	-0.0028666535	0.0871086413	-0.0231278003	0.0363497925	-0.0237867591	-0.003631156	0.0390418962	0.0753099064	0.0126832101	-0.024458441	-0.0245526011	-0.0813254698	0.0107107242	-0.0134846343	0.0266000573	0.0305539908	0.009212214	-0.1547966812	0.0050394606	-0.0529488491	-0.019252276	-0.0606573833	0.0645598901	-0.0923493207	-0.0682999632	0.055984763	-0.0038146123	-0.1025720963	0.0717243357	-0.0769066873	-0.0206902444	0.0191395899	-0.0392694973	-0.1263095475	0.1084109076	-0.0266385188	-0.0310810982	0.1029268708	-0.0366194027	-0.1293183168	0.0478435647	-0.0174624079	-0.0695089865	0.0277343289	0.0280720896	0.0728495895	0.0367987164	-0.0658137896	0.0088879349	-0.1151007583	0.065828082	-0.0443614436	0.0376128035	0.0460554972	-0.1032784923	0.0027732336	0.0577087381	0.0226658536	0.0608816128	0.0175783229	0.0423873094	0.0220030262	-0.0213122761	-0.0997829408	-0.0149310982	0.1241456447	-0.0918355687	-0.0490740458	0.1512123916	0.0244615093	0.0681992701	0.0190075887	0.0950019416	0.0202087087	-0.0344673313	-0.0093918006	0.0096088548	0.0403515797	0.0007768777	-0.0220780863	0.0210675645	-0.0525251846	0.0225954534	-0.0882846417	0.0885271879	-0.0306271994	0.0149675977	0.0400437029	-0.0326489855	-0.0435559571	0.0436305644	0.0233439777	0.0876001557	0.0348888222	-0.0549055164	-0.0038783883	0.1193115582	-0.1350530491	0.009330903	-0.0559853167	-0.0682681583	0.0357910726	0.0251209618	-0.0832059127	0.0111740141	-0.0523993068	-0.07427607	-0.0326072716	0.0656974624	0.013059538	-0.0129694056	0.013795552	-0.063135784	-0.0880219787	0.0492826244	0.042355013	-0.0448249617	0.0411979432	0.003304003	-0.0293165637	0.0362285332	-0.0056950737	0.0068748956	-0.0221558575	0.0395206511	0.0457030134	-0.0484514532	-0.0931961179	-0.042901286	0.0511434007	0.0930330924	0.0400495376	-0.0537757173	-0.0927615946	0.0	0.0447710839478645	-0.0070264932813728	0.0020044499578667	4.937160783317712e-05	-0.0050414346197271	-0.0003277802712773	1.0743990623862085e-07	2.5416063024982933e-05	-0.0841311353838634	0.0039488018094644	0.0070780479409779	1.559303573042932e-05	0.0021879110894991	8.002907399849973e-05	4.786954935553138e-06	6.404652685057345e-09	0.0038468660522641	-7.410592666329957e-05	5.491688366626334e-09	1.4798378424061983e-05	-0.0015082181625878	-4.307515321529988e-05	2.2747220259597194e-06	1.8554688245215598e-09	0.0	0.0	0.0	0.0	0.0	0.0	0.0	0.0	0.0	0.0	0.0
6239.123777297318	7.384627381150494	38926665.508436754	54.53272155843761	15509.40383537711	52.94147732891906	2802.800021768451	240541607.3288102	6259.21704247427	-2.2441203863072587	39177797.984800346	5.03607630823984	7371.808691191569	9314.405835305735	1.125752	21.793146	0.0279410351733536	0.0155115094006045	0.0184636937	-0.0417056758	0.106108462	-0.0069391314	0.1118926622	0.0350816613	-0.0321639286	0.1187911395	0.0050927441	0.0121934151	-0.1705038533	-0.1107533182	0.0159458793	-0.011194645	0.0050155075	0.0382518594	-0.0587899068	-0.03398788	-0.0926102197	-0.0568423757	0.0915242702	0.0217041264	-0.0429739207	0.034323293	0.0424680502	0.0147722639	0.0763006835	-0.0230084791	0.0049931781	0.1253602113	0.048532265	0.0129083222	-0.0505271117	0.0138412422	0.123066187	0.0737024689	0.0534646194	-0.0560038967	0.0715431115	0.0574163516	0.1370166887	-0.0348651036	0.0070382783	0.0064309712	-0.0353441797	-0.0477143726	-0.071391689	-0.0293811159	-0.0760255277	-0.0314148902	0.0398385101	0.0115398044	0.0257830568	0.0331108009	-0.0650898642	-0.0821456392	0.0025026695	0.0593279199	-0.0355365013	-0.0162021973	-0.0208645311	-0.0939994917	0.0611225311	0.0078548718	-0.0751167419	-0.0265739957	-0.0874282556	0.0166382766	-0.0076809897	-0.0103553726	0.0508092996	-0.0164629006	-0.1577617349	0.0167317025	-0.0179626029	0.048480444	-0.0942102768	0.0328909392	-0.0798720828	-0.0685478774	0.084739896	-0.0115184281	0.0804443413	-0.0296072935	0.0702663743	-0.0521065048	0.0095736681	-0.1070910348	0.0645467007	-0.0117107834	-0.1481106154	-0.0144190775	-0.0402567118	0.0213152311	-0.0406544843	0.0531359992	-0.0619772592	0.1086672787	-0.0487903921	-0.0132563912	0.0188643781	-0.1037734317	-0.0600914225	-0.047513768	-0.0822066256	0.081136338	0.0147552373	-0.0134836003	-0.0159914504	0.0217840073	-0.0258512336	0.0142048421	-0.0906650481	-0.0108702451	-0.01647594	-0.0752298837	0.0475869011	-0.0901802702	-0.078261724	0.0379776616	0.0225208588	0.010480218	0.0767513234	-0.0278062068	-0.0458883753	-0.0433302205	0.0889823295	0.0729697721	0.0966071071	0.0172506712	0.0017618449	0.0012730306	0.1194430115	-0.0046759111	0.0824988671	-0.0407243201	0.0027090815	-0.0041860852	0.052818627	0.0800237984	0.109857012	0.0030657011	-0.0543830548	-0.0747512391	-0.1011344927	-0.0636120994	0.0489467941	-0.011631585	0.0028451836	0.0370567603	-0.1333253711	-0.0884065562	-0.0454763334	0.0080136045	-0.0404740556	0.0379156145	-0.0272272321	0.0828232302	-0.0865211297	-0.0643906593	0.0172782667	0.0034849818	-0.0128268759	0.0180243338	-0.1045779781	-0.0922495333	0.0576509146	-0.0090530012	0.0700544657	0.0921114332	0.0445885354	-0.0506096822	-0.0929874623	-0.0383158593	0.0563453339	0.0921998906	0.031827039	-0.0617631348	-0.0908922084	0.0	0.0488113335327398	0.0040402495848753	0.0023825462812443	1.6323616708085064e-05	-0.005301285031436	-0.0002598504117088	6.752223646528455e-08	2.810362298452739e-05	-0.0709966928415539	0.0131344425423094	0.0050405303944379	0.0001725135808972	0.0021488521886875	-3.905890081160003e-05	4.617565728827058e-06	1.5255977326104091e-09	0.0039489704247892	0.000102104372525	1.0425302888744345e-08	1.5594367415859795e-05	-0.0014392515832353	6.896657935249995e-05	2.0714451198453178e-06	4.7563890675846725e-09	0.0	0.0	0.0	0.0	0.0	0.0	0.0	0.0	0.0	0.0	0.0
6241.615944318797	2.492167021478963	38957769.59637463	6.210896462947325	15481.093281291203	-28.310554085906915	801.4874726510607	239664249.1840396	6266.420108399167	7.203065924896691	39268020.97494942	51.88415871840783	7375.955980860902	9456.4329313764	1.100885	21.311766	0.0377602753902681	0.0206464602366609	-0.0215410721	0.0597819981	0.0555454826	-0.0902233986	-0.0881576082	-0.0441018361	0.0151435086	0.0959659355	-0.0374634255	-0.0887608103	0.0156370279	-0.0523358799	0.0094339887	0.0954665115	-0.1070904822	0.0142513298	0.0474289597	-0.0929314172	-0.0509283945	0.0798976512	0.0041928702	-0.0839144355	-0.1473997644	-0.0263122881	-0.0648313933	0.0162687079	0.0231813176	-0.0579267132	0.0227280323	-0.0577930902	0.0987296505	-0.0928992531	0.0411237492	0.064190006	0.0170520867	-0.039453506	0.0856005846	0.0385637537	-0.1188185972	0.0269355251	0.0309358649	-0.0431624548	0.0741438914	-0.1522180043	-0.0170153083	0.0807779848	0.0599654508	0.107134424	0.0211658305	-0.0094295813	-0.0164847437	0.0294445976	0.0059165765	0.0220609012	0.0394703895	-0.0731413336	-0.0062290563	0.0063252323	-0.0318035393	0.0156685694	0.0139183878	-0.0525266835	-0.0019402836	-0.1056081764	-0.1716185027	-0.137851091	0.0344013126	0.0721690171	0.0589631027	0.0922378605	0.1313594204	0.0426824777	-0.0316380335	0.0223742452	-0.0597010818	-0.0036428447	-0.0666544893	0.040353134	-0.0328815215	-0.024511127	-0.0838085579	-0.0720271219	-0.0070983569	0.1231818043	0.0905717904	0.0464425198	-0.0256685103	-0.1271127538	-0.0001006896	-0.0408786259	0.0383473118	0.052149069	-0.064122235	0.0077396471	-0.0917442911	0.1096035159	-0.0101596219	-0.0204032121	-0.0171258261	-0.0936782268	0.0246205302	-0.006751142	0.1154470938	-0.0160826696	0.0237645899	0.0152854339	0.0548522323	0.0231938436	0.0779827784	0.0912110389	0.0416174574	-0.0375074051	0.0353180362	0.0508522427	-0.0345097748	-0.0462812494	-0.0150866956	0.031028681	-0.0520486455	-0.0399275713	0.0979835065	0.0989706772	-0.0146514022	-0.0996994065	-0.0143545794	0.0255254296	-0.0715541052	0.0475713033	-0.0211220561	0.0812423314	0.0278867604	0.0852931671	0.0268455361	0.0238576476	0.0811694595	-0.0072923561	-0.0030387387	0.0414521121	-0.1130906391	-0.0679685941	0.0082713215	0.0457069617	-0.0028470717	-0.1125473789	-0.0943567256	0.0890226759	0.0439750076	0.0102068858	-0.0566468681	0.0741602721	-0.0618137204	-0.0662871469	-0.0754550883	0.0667159928	0.0098476645	0.0108954783	-0.0102121348	-0.0815363595	-0.0721638225	0.0328264915	0.0186375369	0.0148787797	0.0324689473	-0.0172119725	-0.1525978464	0.0030858918	0.0388079379	0.0053368137	-0.014425389	0.0548047864	0.0434657385	-0.0527301444	-0.0926226898	-0.0336160831	0.061284559	0.0907477697	0.0233138	-0.0690138005	-0.0876509655	0.0	0.0466920776374593	-0.0021192558952805	0.0021801501141025	4.491245549681166e-06	-0.0034703525296748	0.0018309325017611	3.352313826005526e-06	1.2043346680220284e-05	-0.0760072699144203	-0.0050105770728664	0.0057771050798435	2.510588260313452e-05	0.0022972468962809	0.0001483947075934	5.277343302472228e-06	2.202098924173073e-08	0.0036007682532885	-0.0003482021715007	1.2124475223780296e-07	1.2965532013890314e-05	-0.0015186449025484	-7.939331931309992e-05	2.306282340036239e-06	6.303299151551844e-09	0.0	0.0	0.0	0.0	0.0	0.0	0.0	0.0	0.0	0.0	0.0
6235.840905156437	-5.775039162360372	38885711.79442225	33.35107732679599	15480.219293908229	-0.8739873829745193	0.763853945598649	239637189.38748857	6257.762128993769	-8.657979405397782	39159586.86306863	74.96060738429213	7371.351734364504	9364.3804831226	1.083613	20.977394	0.0160502015202665	0.007980585005218	0.017488877	-0.0527689601	0.0798380605	-0.0640091715	0.0627315301	0.044097773	-0.0221943414	0.0505660547	0.0056884436	0.0355607207	-0.054589213	-0.1472844811	0.0665527963	-0.0164521806	-0.0558052557	0.0166460588	-0.0621612714	-0.0358648854	-0.0521858068	-0.0243330423	0.0833004108	0.0985187788	-0.0719235632	-0.0994580633	-0.0333495854	-0.0261715123	0.0277529394	-0.030762353	0.0786097958	-0.0009274129	0.1385152304	-0.0456189231	-0.0337569063	-0.0855610999	-0.034324458	-0.0056535775	0.0032711562	-0.0548956916	0.0210252985	-0.0584335886	-0.1258304889	-0.026123416	0.0620490495	0.0865189728	0.112490728	0.0276317311	-0.0409439051	-0.0845519481	-0.0867187771	-0.0628844633	-0.0082848317	-0.0038635436	0.0287016838	0.0766287444	-0.0532456216	-0.0244498745	0.0589469132	-0.006157559	0.0389015759	0.0848356857	-0.1267671601	0.01499782	0.1359264511	-0.0415224403	0.0907236243	-0.0618240649	-0.0192206684	-0.0885516419	-0.0134654203	-0.2267503992	-0.0389598662	-0.0190573213	0.0268730941	0.0254856281	-0.1004555313	-0.0653974748	0.1442603404	-0.0786469202	-0.0168863897	0.0444828663	0.0656562689	-0.0390276821	0.0843385184	0.1502122566	-0.0198955877	-0.0667294886	0.0037925118	-0.0811645329	0.038118279	-0.0114086312	-0.1258708935	0.0003830621	-0.0697697037	-0.0362138942	-0.0050341333	0.0838664431	-0.030339837	0.0848453173	-0.0233321931	-0.0757474373	0.0018557613	0.0248776642	-0.0358450109	-0.0515863445	0.092726395	-0.052386546	-0.0255604315	0.0898536933	-0.0350125017	-0.1010167461	0.0890911021	-0.0015584624	-0.0121468705	0.0828849676	0.036565066	-0.0745999205	-0.0353530395	0.0179100073	-0.0425727073	-0.0657005833	-0.0234066589	-0.0105858159	-0.0340475427	0.0326869395	0.0602637396	-0.099724761	0.1590941908	-0.0071006783	0.0890321598	-0.0264926409	-0.0870936216	-0.0912479077	-0.0793242257	0.0572263554	0.04670509	0.0401753076	-0.0683858892	0.0206898351	0.0549374432	0.0267098838	0.0455675203	0.003382671	-0.1587786913	-0.0627388104	0.0651957866	-0.0348950255	0.0523020653	-0.0171123859	0.0255888948	0.0272040265	-0.1019579915	-0.0768133581	-0.0473527962	0.0261958181	-0.0173242501	0.0468179751	-0.0314549892	0.0940144508	-0.0495489332	-0.0099500094	0.0011957905	0.0098655098	-0.0289251761	0.0316640012	-0.1183348105	0.0196547192	0.0830560989	0.0053388121	0.103420835	0.0128052487	0.0423348324	-0.0548112574	-0.0921024127	-0.0288159833	0.0659380473	0.0886864774	0.0145875891	-0.0754412237	-0.0830867868	0.0	0.0463300283515764	-0.0003620492858828	0.0021464715270578	1.3107968540831562e-07	-0.0047583150794565	-0.0012879625497817	1.6588475296401789e-06	2.264156239538312e-05	-0.0810567938951223	-0.0050495239807019	0.0065702038365563	2.5497692431684493e-05	0.0021861063315429	-0.0001111405647379	4.779060892811956e-06	1.235222513028154e-08	0.0036009341698219	1.659165334002774e-07	2.7528296055565366e-14	1.2966726895390938e-05	-0.0014429380697418	7.570683280659998e-05	2.0820702731101918e-06	5.731524533606481e-09	0.0	0.0	0.0	0.0	0.0	0.0	0.0	0.0	0.0	0.0	0.0
6231.862804702433	-3.978100454003652	38836114.01663368	15.825283222144062	15495.26042284744	15.041128939210466	226.23555976595455	240103095.5718622	6262.959909884942	5.197780891173352	39224666.832826	27.01692619264684	7377.864771855536	9445.872142477952	1.146313	22.191189	0.0170813686076517	0.0096554728034912	-0.032849914	0.0652785147	0.0224535222	-0.0618260692	-0.0834921306	-0.0517842739	0.0209361753	0.0472691179	0.0072582258	-0.0003625908	0.0213451321	-0.0888330751	0.0230520317	0.0981434531	-0.0825203416	-0.016382566	0.0633953099	-0.0696641099	-0.074312806	-0.0071620966	0.0202085767	-0.0300588887	-0.0129123229	-0.0022287354	-0.0421876893	-0.0120981162	-0.1355550345	-0.0331906767	-0.011941302	0.0141184446	0.0651587538	0.0530197176	-0.0678834135	-0.0974884911	-0.0219406993	-0.0198674849	-0.0193290925	-0.0052469128	0.0514171679	0.1052019571	0.0766271809	0.104513617	-9.6289e-05	-0.1202570943	0.0825420385	-0.0233575612	-0.0407305877	-0.0593631911	-0.0612748153	0.040274763	-0.0583856771	0.1482959294	-0.0018207227	0.0506630913	0.0143408762	0.0674614495	-0.0086198882	0.0041803505	-0.0436877432	-0.036400899	-0.0864191824	-0.0722290435	-0.1384097314	0.0427104431	0.0145842697	0.086992826	-0.0447979887	0.040800704	0.0039210308	0.0479848967	0.057123983	-0.0236131873	-0.0229919883	0.0524241661	0.0178681215	-0.0372988523	0.1194407419	-0.0406479893	0.1791270432	-0.0315459976	-0.0205042	-0.0956014535	-0.0233935802	-0.0446958709	0.0366798293	0.0486051775	-0.0279577702	-0.0670727136	-0.0611946474	-0.0201283705	0.0081863324	0.0203801765	-0.0301969739	-0.009449861	-0.0692215376	0.0556830502	0.0223774622	-0.0518487905	-0.0954016785	-0.051767341	-0.0992126733	-0.1036330557	0.0028343781	-0.0804911884	-0.0787901259	0.0743029387	-0.0104046617	0.0408565195	-0.0707175149	0.0338897414	-0.0110692336	-0.0503833767	0.0421180418	0.0196363422	0.069030808	0.1058697799	-0.0360585815	0.0194108896	0.0876507231	-0.0490941747	0.0157139333	-0.0330094743	0.0161614655	-0.0968665681	-0.1007558696	0.0153226421	-0.0283499927	0.0817111267	-0.1309240231	0.0293942308	-0.1241919657	-0.0038743022	-0.0979383154	-0.0534250667	-0.0107801684	0.0407441681	0.0001423169	-0.1305476349	0.0912910547	0.0098628889	-0.0081727369	-0.0300111015	0.0260391784	-0.0479401353	0.1090394231	0.0503320101	0.0509463396	0.0048744186	-0.0269556641	0.0728009399	0.0073217863	-0.0647299835	-0.0199973306	0.0273349681	-0.0228832094	0.011904083	0.0024665078	-0.0310346025	-0.082217524	0.0175618082	-0.0201757327	0.0098193941	0.0042604377	-0.021906714	-0.0862423702	0.0532603489	0.0224601188	0.0061268108	0.0539216491	0.0649691045	0.0411960279	-0.0568514682	-0.0914275044	-0.0239298853	0.070284102	0.0860298509	0.0057281203	-0.0809687338	-0.0772685604	0.0	0.0475240247772887	0.0011939964257122	0.0022585329310323	1.425627464613735e-06	-0.0014601179189668	0.0032981971604897	1.0878104509462324e-05	2.1319443372879383e-06	-0.0882036231911271	-0.0071468292960047	0.0077798791440423	5.107716898623243e-05	0.0022279861041523	4.187977260939994e-05	4.963922080295744e-06	1.7539153538150455e-09	0.0036009797455995	4.5575777599810026e-08	2.077151503827345e-15	1.296705512821784e-05	-0.0013760165036199	6.692156612189996e-05	1.8934214182343343e-06	4.478496012207828e-09	0.0	0.0	0.0	0.0	0.0	0.0	0.0	0.0	0.0	0.0	0.0
6219.780259721885	-12.082544980547937	38685666.47922604	145.98789320696417	15482.000380117684	-13.260042729754788	175.82873319492276	239692335.76996413	6253.162408032464	-9.79750185247849	39102040.10123036	95.99104254931945	7372.9837743091075	9379.210221108173	1.203383	23.29599	0.0470857907621703	0.0277570705699333	0.0630379859	-0.0359319617	0.0165083491	0.0466655494	-0.0239269148	0.0792881595	0.0386678363	-0.0524517846	0.0569373555	0.0905319939	-0.0167435397	-0.0712520279	-0.0855326164	0.0631741905	0.0036755877	-0.0123846394	-0.0578280965	0.0003364295	-0.1115360854	-0.0661673932	0.0124106432	0.0557191489	-0.0377369611	-0.0136199655	-0.0538639294	-0.0315629115	-0.0253466962	0.0200435785	0.0392974784	-0.0214117763	-0.0233265728	0.1124997183	0.0957999268	0.0204265789	-0.0194194031	0.0183727252	0.0326972422	0.0118087477	-0.0228225781	0.0175131722	0.0651973456	0.1140686817	-0.0302827141	0.1306407649	-0.0591742906	0.0778621706	0.0469309132	0.1040180039	0.011598656	0.0450711063	0.0054541542	0.0481285701	-0.0410850736	0.0259775105	-0.1079109821	0.0385717189	-0.0063797709	-0.0765587329	0.1024049583	0.0473226213	0.0703456472	-0.0996775843	0.0677521487	0.0543010049	0.0032120667	0.0449569452	-0.0598412751	0.049382428	-0.054241271	0.0818579863	0.0849024674	-0.0186290875	0.027505984	0.0113338863	0.0440336734	-0.0564722467	0.1389226602	0.0276776806	-0.0527745283	0.0350682381	0.1053692535	0.037321318	-0.0236086261	-0.072159343	-0.0751137727	-0.0536812825	-0.0574925083	0.0330222529	-0.0251613966	0.0329993393	-0.0965018027	-0.0808911855	-0.0390938557	-0.0005887013	-0.0658050803	0.0468850143	0.0410070765	-0.092829569	0.0903240908	0.023366552	-0.0557883159	0.0335214171	0.0509817954	0.0078691909	-0.116385675	0.1093277079	-0.0261785447	0.0069319876	0.0318179792	-0.1262593653	0.0095110575	0.0544311635	0.0295631537	0.0221949203	0.0693493552	0.0645363076	0.1244449103	-0.0306611431	0.0570809684	-0.0058599826	0.0477052796	0.0035588374	-0.0926576868	-0.0062431791	0.0463805595	-0.0800076181	-0.0342343983	0.0884537928	0.0796457226	-0.0232645691	-0.0004791001	0.0160574678	0.0118467476	-0.1444881291	0.0291929807	-0.0021950773	0.0504107993	0.0203565077	0.0171680695	-0.069002723	0.0406242654	-0.0525963283	-0.0115924353	0.0024592583	0.0006549788	-0.1023358815	0.03151445	0.0326668696	0.0703979359	-0.0264376116	0.0245624757	-0.0450681317	0.0154266307	-0.015178577	-0.0884680783	0.0008863006	-0.0655817399	0.0451216284	-0.0525830363	-0.012115461	0.0599701915	0.0380442796	-0.0396332053	-0.0275784568	-0.0074736066	0.087299773	0.0466322785	-0.0698283861	0.0390745839	-0.0539371001	0.0400495376	-0.0588492543	-0.0905990982	-0.018972371	0.0743024598	0.0827957235	-0.0031836749	-0.0855303949	-0.070284102	0.0	0.046477008235044	-0.0010470165422446	0.0021601122944803	1.0962436397340445e-06	-0.0231742457416288	-0.021714127822662	0.0004715033470989	0.0005370456656934	-0.0999177981550758	-0.0117141749639487	0.0099835663881584	0.000137221895086	0.0024719744840505	0.0002439883798981	6.110657849796735e-06	5.953032952534828e-08	0.0036008200639188	-1.596816806997449e-07	2.549823915109528e-14	1.2965905132720193e-05	-0.0013679551365325	8.061367087399936e-06	1.871301255565651e-06	6.498563931781491e-11	0.0	0.0	0.0	0.0	0.0	0.0	0.0	0.0	0.0	0.0	0.0
6213.258981347191	-6.521278374693793	38604587.16929154	42.52707164024892	15459.068664293249	-22.93171582443574	525.8635906526766	238982803.96733344	6249.39137820756	-3.7710298249039615	39054892.59801498	14.22066594031521	7373.463678327373	9380.460878823982	1.1297	21.869577	0.0259472038114906	0.0134316594620108	-0.0381106971	0.0169043618	-0.0527669978	0.0357556617	-0.1020054977	-0.0170121602	-0.0004315647	-0.0839820204	0.015133813	0.0194670469	0.0551558183	0.0108531394	-0.0973844372	0.1145352412	-0.0323350558	-0.0025525793	0.0373479931	0.0480746923	-0.0062893958	-0.0408551477	-0.1240110503	-0.1502825286	-0.0748108088	-0.1125796062	0.0190976426	0.0452924014	0.0030719334	0.0074156672	0.0434439812	0.0383015843	0.0995183721	-0.1163447924	-0.0025249188	0.0172876631	0.0226770667	-0.0431311636	-0.0392823364	-0.0086012949	0.0374108699	-0.0025835005	-0.0180622881	-0.0166138441	-0.0602080842	-0.012872996	-0.045207924	0.0648775436	0.0152013197	0.0741484788	0.0150502705	0.0606727219	0.0142074996	0.091313663	-0.0581904871	0.0223540763	0.0122385545	-0.0340555234	-0.0318453698	0.0117682877	0.0662228532	0.0383903654	0.0857948338	0.010322149	0.0483957541	0.1271069043	0.0074512909	-0.0172633498	0.0392393961	0.1171874774	-0.0801676043	-0.0819237784	-0.0555430617	-0.0372022112	0.0325530526	0.0367817512	-0.0153669774	0.068055236	-0.0460015181	0.0393503474	-0.1198739017	0.033597734	0.1838367189	0.1364611662	-0.0062291344	-0.0035572375	-0.0947053464	0.021969002	0.0011156946	0.0714404043	-0.0903311959	0.035605169	0.112526149	-0.0437147003	-0.0180489782	-0.0220296624	-0.0805926401	-0.0194981262	-0.085607798	0.0506508105	-0.0468539592	-0.022963498	0.0407611857	-0.0521096407	0.0958920204	0.0312240806	-0.0226303173	0.0078892928	-0.0603018887	0.0669241395	-0.0287580148	-0.0664271877	-0.0111142534	-0.0549715952	0.120407597	-0.046012867	0.0269814647	-0.0569343989	0.0095115355	-0.014554392	-0.0126978586	-0.0388960842	-0.0054918485	0.0738086155	-0.0172421214	-0.0998040595	0.0381097168	-0.0153837482	-0.0679336531	-0.0487034046	0.0107137476	-0.0285075245	0.0414476442	-0.031002147	0.0923763758	0.0410256486	-0.0127664962	0.0596136672	0.0575764958	0.0447303809	-0.0539647135	-0.026654442	-0.0007637799	-0.0671342887	-0.0575501049	-0.0372753912	0.0783098231	0.0449745117	-0.0065338378	-0.0205408888	0.0206088495	0.0179076934	0.1193104113	-0.0512288591	0.002960248	-0.0063474634	-0.056196317	-0.0636144453	0.0484688063	-0.0535110972	-0.0787604027	0.0324474702	0.0114967753	-0.0263542648	-0.0539562538	0.0293207816	0.0292685227	0.0908663497	0.0596753533	0.0619636711	0.0064579377	0.0554447151	0.0388955753	-0.0608031248	-0.0896185849	-0.0139582358	0.0779743851	0.0790058053	-0.0120663873	-0.0890717925	-0.0622388298	0.0	0.0443277516667279	-0.002149256568316	0.001964949567827	4.619303796449889e-06	-0.0299101167419877	-0.0067358710003589	4.5371958133476025e-05	0.0008946150835193	-0.1110130094349415	-0.0110952112798656	0.0123238882638024	0.0001231037133448	0.0024318332976625	-4.01411863879997e-05	5.91381318762007e-06	1.6113148446361322e-09	0.0036009466169037	1.2655298489965688e-07	1.6015657987012784e-14	1.2966816537790202e-05	-0.0012888855766464	7.906955988610013e-05	1.6612260296871228e-06	6.2519953005815755e-09	0.0	0.0	0.0	0.0	0.0	0.0	0.0	0.0	0.0	0.0	0.0
6210.152820128787	-3.1061612184039404	38565998.04935353	9.648237514716651	15442.551642438028	-16.517021855221174	272.8120109658539	238472401.2293654	6249.287798584532	-0.1035796230280539	39053597.9895375	0.0107287383066337	7367.829162150403	9338.85123373283	1.086878	21.040596	0.0487487266068642	0.0248672222122815	0.0589281979	-0.0170155825	-0.0309256441	0.0730078336	0.0190102098	0.0525587107	0.0620535423	-0.0844292886	0.0272298745	0.0897651829	0.018884816	-0.0507170178	-0.0377711303	-0.0115425396	0.0648839583	-0.0588387981	-0.0617532517	-0.033501794	0.0435994856	-0.1212311888	-0.0919497147	-0.0030490687	0.0168024752	-0.0888240379	-0.0065341076	-0.0099224923	-0.0190074101	0.0060761231	0.0307563713	-0.0574934279	0.0075221961	-0.048713208	0.045489281	0.0687808419	-0.0007511093	-0.0080642926	-0.0049485708	0.0034084165	0.134777609	-0.0422133186	-0.0084411358	-0.0506711351	-0.0373231247	-0.0381947799	-0.1000146369	-0.0149454886	0.0044111621	-0.0674938088	0.09289802	-0.0076017083	-0.0069460108	0.0492331548	-0.0603663758	0.1092618369	0.0188647131	0.0013943141	-0.0892839265	-0.0530366254	-0.0561065592	0.0229138034	0.0184416136	0.149315522	-0.0005306787	0.1872168226	-0.0424118252	0.0147346123	-0.0569597729	-0.0687217574	0.0555944529	-0.0508979323	-0.0856167911	-0.1080525259	0.0567994178	0.1197423524	0.0508539901	0.0821926074	-0.0518633441	0.0332595757	-0.0055221603	0.1085825591	-0.0122146783	-0.0148457506	-0.0641001845	0.0180912905	-0.0917225961	-0.0385843787	-0.0622672347	0.0939784962	-0.0567960351	0.0134886427	-0.0786915046	-0.0962873471	-0.0048249085	-0.0170361274	-0.0101179846	-0.0271237989	0.0159801103	-0.0134467436	0.0126532929	-0.0343262089	0.0436316867	-0.0224054959	0.0675395796	-0.0015833403	-0.0139862581	-0.0356946101	-0.0493076503	-0.0870793769	-0.0560603641	-0.1050080791	-0.0709250167	0.0117793672	0.1082399825	-0.1092353246	0.0381684951	-0.0730961842	0.0174383369	-0.1126408529	-0.0533165257	-0.0593038184	0.0262785103	-0.024031138	0.0219479088	-0.0033430113	-0.0749332152	0.0492952614	-0.021896719	-0.1622593334	-0.0537512803	0.0017442194	-0.0144654103	-0.1697378364	0.023260094	0.0788089364	0.0238422344	0.0646043553	0.0570723298	0.1060758426	0.0178383369	0.043970374	-0.0035694562	0.0547454228	0.0482122877	0.0925564926	0.0309782908	-0.0107829534	-0.0155841303	0.0412012141	0.0769789332	-0.0528958892	0.0840548818	-0.0621638873	-0.0318590564	-0.041395525	-0.0969868881	-0.0485519287	-0.0659270159	0.1116136815	-0.0081968849	-0.0174876027	0.0238826003	-0.0046166039	-0.0508873585	0.0196458284	0.0203031185	0.0802242689	0.0123459157	-0.0846823259	0.0060419611	-0.0563943689	0.0377343563	-0.0627116218	-0.0884876105	-0.0089024437	0.0812827579	0.0746855372	-0.020838873	-0.0915506825	-0.0532541728	0.0	0.0347408319982065	-0.0095869196685213	0.0012069254079276	9.19090287306824e-05	-0.034877183977116	-0.0049670672351282	2.467175691828507e-05	0.0012164179621735	-0.1301502263955711	-0.0191372169606296	0.0169390814308184	0.0003662330729982	0.0025722893978484	0.0001404561001858	6.616672746283283e-06	1.972791607943149e-08	0.0034643261332454	-0.0001366204836582	1.8665156555027724e-08	1.2001555557487024e-05	-0.0013129594476539	-2.4073871007500173e-05	1.7238625111836344e-06	5.795512652857574e-10	0.0	0.0	0.0	0.0	0.0	0.0	0.0	0.0	0.0	0.0	0.0
6205.633037414779	-4.519782714008215	38509881.39505378	20.42843578184747	15442.24767602848	-0.3039664095467742	0.0923955781327572	238463013.28780705	6256.802091842093	7.514293257561803	39147572.4164796	56.46460316063878	7380.18834059752	9357.40504847244	1.135551	21.982855	0.0313409281213155	0.0150075720491292	-0.0505101465	-0.0031666299	-0.0609449462	0.06789555	-0.0909398362	-0.0248048919	-0.0256300415	-0.067881807	-0.0018213505	-0.0182495298	0.0208362112	-0.0062631086	-0.0813049379	0.0865001977	-0.0727380045	0.0381964355	0.0756378622	-0.0269996758	0.0295641979	-0.0258077769	-0.1192540443	-0.0278286432	0.0106882507	-0.0571351936	-0.0697725858	-0.0436829558	-0.0864713812	0.0628519169	-0.1335901873	0.0551161508	-0.0325266248	-0.0163172103	0.0908565431	-0.0642797711	0.0323418867	0.0286146688	0.0309351011	-0.0510719192	-0.1086707924	-0.1827751997	0.0535221999	-0.1060826231	-0.0030202145	0.0059091156	0.1838431951	-0.0037419519	0.0138051216	0.094455958	-0.0478476631	-0.0858690529	-0.0057571045	0.0290652958	0.0008384937	0.015180482	0.0257213532	-0.0393865432	0.0840616584	0.0446844805	0.0038990159	0.0382084453	0.0163517685	-0.0857100177	0.1045183492	-0.0119167318	0.0132751015	0.1754595666	0.0806154868	0.0124001281	0.0912983315	-0.1174681756	-0.022170431	0.118988701	0.0107092667	-0.0285209229	0.0402369574	-0.0839429135	-0.0206078973	-0.0677752765	-0.0261473425	-0.0619502912	0.0550067597	-0.0333440765	0.054021989	-0.0681537811	-0.0591139978	0.0256309873	0.0384295269	0.076933467	-0.0887537967	-0.0028931177	0.0866178071	-0.0281404498	-0.046846123	-0.0039429457	-0.1091904249	-0.0081832085	-0.0802836593	-0.0071947966	-0.0773619588	0.1280429029	-0.0327448015	-0.0214995177	-0.0046299456	0.0109623291	0.0954654357	0.0471031462	-0.0797470976	-0.0664344102	0.0388832462	-0.0262547307	0.1258628272	0.0436842641	0.0894773988	-0.0251332581	-0.1390502286	0.0875602355	-0.1503605428	0.0371775776	-0.0504226198	0.1049073016	0.0541756933	-0.0009000779	-0.0910962672	0.0709061906	0.0672447121	-0.0656723675	0.0257398714	0.0554040644	0.0843548507	0.0449749293	0.0314237306	0.0136721199	-0.1155022853	0.0407177074	-0.0062572658	0.0846771074	-0.0203353384	-0.044610134	0.0197410316	0.0540833347	-0.0058509597	-0.0493540857	0.055830004	-0.003028415	0.0766091228	0.0859764104	-0.0053502166	-0.040768504	0.0095369394	-0.0324269316	0.1068256046	-0.0541232905	-0.0121941606	-0.0708807578	-0.1055235611	-0.059625438	0.0426969929	-0.0862681395	-0.0120755612	0.1137516462	0.0529740285	0.0002783087	-0.0172930715	0.0030347166	0.1083964395	-0.0140197078	0.0660047146	0.0291395241	-0.0123747763	0.0368092096	0.0365660973	-0.064573321	-0.087208074	-0.0038200832	0.084212153	0.0698639202	-0.0294209952	-0.0929374951	-0.0434657385	0.0	0.0398180768868741	0.0050772448886675	0.001585479246969	2.5778415659501264e-05	-0.0255305378169481	0.0093466461601679	8.735979444338135e-05	0.0006518083612226	-0.121084918576571	0.0090653078190001	0.0146615575066948	8.217980585322458e-05	0.0025699078442587	-2.381553589699773e-06	6.604426327982399e-06	5.671797500611876e-12	0.0036008038646395	0.000136477731394	1.8626171166480017e-08	1.2965788471602755e-05	-0.0013311347477397	-1.817530008579979e-05	1.7719197166400345e-06	3.3034153320887385e-10	0.0	0.0	0.0	0.0	0.0	0.0	0.0	0.0	0.0	0.0	0.0
6205.139278713327	-0.4937587014519522	38503753.46823095	0.243797655259518	15444.642110446335	2.394434417854427	5.733316181405868	238536969.91977224	6248.557771621488	-8.244320220605005	39044474.2252913	67.96881589987655	7367.74401384362	9290.484159350512	1.139828	22.065641	0.0417146510734159	0.0198498645801862	0.060215194	0.0046473417	-0.068724774	0.1009860788	0.0535494438	0.0505880182	0.0727858379	-0.0523898224	-0.0120704744	0.1060095074	-0.0227137259	0.0093400668	-0.100318017	-0.0349386868	0.090374544	-0.0755191094	-0.0309465845	-0.0104588947	0.0133647734	-0.1090075565	-0.0203476568	0.0674038988	-0.0639533658	-0.0460732209	0.0329491311	0.0790717255	-0.0316275272	-0.089318003	-0.0920658359	-0.1261180667	-0.1550044434	-0.0673297656	0.1117036664	0.0745941318	-0.0079529384	-0.035937618	-0.0519535898	-0.0374907173	-0.0433997183	0.0274256124	-0.0080807307	-0.0691541301	0.0531673849	-0.0182201164	-0.0489652465	0.1244301305	-0.13967648	0.0314436485	-0.0035113118	0.0036695866	0.0430979193	-0.0805023808	-0.0227838199	-0.0108741966	0.0344695137	0.0527672628	-0.0028504903	0.0381733414	-0.0165861661	0.0721992966	-0.0223363666	0.041593221	-0.1025659297	-0.0416918669	0.0484601745	0.050151589	-0.0836808859	-0.0186811849	0.088449942	-0.0240500745	-0.0760650483	-0.0878792279	0.0196648546	0.0602502386	-0.0306679147	-0.0237827996	-0.048958026	-0.0264273524	-0.1513858761	-0.0755137398	-0.1288498891	-0.0884061094	0.1059210549	-0.0525578832	-0.0233412875	-0.0080964813	-0.0820270613	0.0625125627	-0.0405135994	0.049776343	-0.0850974256	-0.1017815662	-0.0472853252	0.0419809944	0.0184146043	-0.0552357643	0.0069496115	-0.0276414048	0.0008609873	0.0512895314	0.0921236329	0.1029032094	0.1205300332	-0.0510010534	0.0195733418	-0.0630063707	0.0843040636	-0.0413216683	0.0498360329	0.0379061037	-0.093809688	-0.0592189607	-0.0013474228	-0.0346536184	-0.0404478118	-0.0079606618	-0.0847868866	-0.042455751	0.022850103	-0.0879467282	-0.018597065	-0.0829758578	-0.1385365185	0.0099638032	-0.1069079385	0.0387404114	-0.0548480708	0.0369700957	0.0290393868	-0.0395208652	-0.0601082252	0.1037996651	0.0129059776	-0.0215289164	-0.0205194266	-0.0269960292	0.0257099804	0.0263204283	-0.0282067506	-0.1166433106	-0.0010790869	0.1464777866	0.1356198586	-0.0121338353	0.0771186879	0.0402357292	0.0086802062	0.0687773453	0.0514545054	-0.049266188	0.0961712687	-0.0365980019	-0.0139675088	-0.1040705115	-0.0694649388	-0.0299516252	-0.0976908726	0.0721121808	-0.0344964334	-0.0558454297	0.0283885139	-0.0145880961	0.0316412403	0.0276061989	0.0527478192	0.0620969688	-0.0238132789	-0.1075045754	0.0237620168	-0.0674114414	0.0353910162	-0.0663868332	-0.0857821235	0.0012736779	0.0867489121	0.064573321	-0.0377343563	-0.0932156873	-0.033021266	0.0	0.0260273774622987	-0.0137906994245754	0.0006774243775649	0.0001901833906189	-0.012147414798818	0.01338312301813	0.0001791079817184	0.0001475596862945	-0.1238137597171515	-0.0027288411405805	0.0153298470952965	7.446573970524691e-06	0.0025655935665505	-4.31427770820024e-06	6.5822703487253135e-06	1.8612992143473517e-11	0.003515996086796	-8.480777784349979e-05	7.192359182752414e-09	1.2362228482364786e-05	-0.0011840170534888	0.0001471176942508	1.4018963829523e-06	2.164361596170124e-08	0.0	0.0	0.0	0.0	0.0	0.0	0.0	0.0	0.0	0.0	0.0
6214.843363685151	9.70408497182416	38624278.03514136	94.16926514038347	15466.460878782636	21.81876833630122	476.0586517131806	239211412.11491376	6251.501112945762	2.943341324273206	39081266.165162094	8.663258151174348	7364.890193072656	9367.874949066798	1.233292	23.874996	0.0515918800172711	0.0255926603595797	0.0047343898	-0.0252533582	0.0612267275	0.0276642795	-0.1101531542	0.0567376832	-0.0360954311	0.0180792984	0.0153337508	-0.0218607534	0.0551871173	0.0896065664	-0.0449447178	0.1729222699	0.0200058415	0.0239035219	-0.0497474279	0.0137228084	-0.0157612481	-0.0166065658	-0.1534511092	-0.1536434941	0.006674347	0.0755401846	-0.078916451	-0.0671883887	-0.0061634193	-0.0679377081	-0.0507831168	0.0333741337	0.0867858953	0.0458303274	-0.007384462	-0.1163566193	-0.0453239944	0.0417805736	0.0097625709	0.0016321387	0.0234355233	-0.0050476946	-0.0209029572	0.1998538713	-0.0508040908	-0.0477696449	-0.0463292562	0.0508423092	-0.0102236955	-0.0122484766	0.0644505779	-0.0193541675	0.0740467592	0.0495364977	-0.0916870235	-0.167971564	0.0874994776	-0.0151280028	0.1342764714	-0.0149609857	0.0062819379	-0.0648268769	-0.0538195474	-0.067719685	0.0300121969	0.0716167675	0.0222542711	0.0501414063	0.1500415427	-0.0215527876	-0.011967284	0.0357138036	-0.1096208015	0.0181693635	0.048904198	0.045792189	0.0018839034	0.0214210206	-0.0521122741	-0.2155092571	-0.1263143995	0.0241926391	-0.0630974431	-0.0839371106	-0.0040443938	-0.0051976027	0.0939743965	-0.0734092024	0.0070501866	0.0167358379	-0.0793455155	-0.0188044242	0.165069495	0.0173139483	0.133751928	0.0029854662	-0.1976894919	0.0105063036	-0.0925064572	-0.0563546332	-0.0479434085	0.0297223154	0.0295673578	0.0114331227	-0.0740264495	0.0480398278	-0.0159289442	0.0417765725	0.017763707	0.0838461075	-0.0747202865	0.0208599834	-0.0380722537	0.0462676621	0.087432082	0.0042066996	0.0267114585	0.0323261212	0.0111261148	0.0892063479	-0.0851463779	0.0220473513	0.0415882744	0.0280621783	-0.0039171809	0.0052715304	-0.0048034554	0.1188286313	0.0271786435	0.0220175127	-0.014344748	0.0010270376	-0.0266189705	0.0248382686	-0.014513349	-0.096335545	0.0139581667	0.0567314065	0.1096541732	-0.0694542974	0.053857165	0.0069867419	0.1688688051	-0.0316165145	0.0656336984	-0.0005167101	0.0499013631	0.0159221221	0.0108822001	-0.022311077	0.0677400356	0.0352999565	0.0695292304	-0.0507652615	-0.0055992184	-0.0814607067	-0.0220431397	-0.0345741427	0.1296110972	-0.1287972786	-0.0118892265	0.105391114	0.0042415049	0.0105374459	-0.0478698873	0.0526740472	0.0909802577	-0.012100239	0.0676879959	0.0082870737	0.0972701143	0.0281082635	0.0342093323	-0.0681508051	-0.084212153	0.0063636379	0.0888812078	0.0588492543	-0.0457030134	-0.0923819408	-0.0220783961	0.0	0.0439085173237288	0.0178811398614301	0.0019279578935681	0.000319735162744	-0.017617173305382	-0.005469758506564	2.9918258120129248e-05	0.0003103647952718	-0.1135015403815344	0.0103122193356171	0.012882599668981	0.0001063418676258	0.0024308950378792	-0.0001346985286712	5.909250685185717e-06	1.8143693626212975e-08	0.0036017389614353	8.574287463929998e-05	7.351840551410711e-09	1.2972523546321034e-05	-0.0010458832105262	0.0001381338429626	1.0938716900605917e-06	1.9080958571616248e-08	0.0	0.0	0.0	0.0	0.0	0.0	0.0	0.0	0.0	0.0	0.0
6215.900582722329	1.0572190371776742	38637420.05428779	1.1177120925708883	15459.46970080927	-6.991177973366575	48.87656945528597	238995203.43023983	6254.726195103914	3.225082158151963	39121599.77571909	10.401154926830124	7374.785926956751	9340.820473405369	1.416928	27.429956	0.0241091848552713	0.0199667335572315	0.0007223653	-0.0055563867	-0.1389713167	-0.1451468709	0.0709186292	-0.0095356291	-0.0240706952	0.048455425	-0.1166950081	0.1435532624	0.0295365805	-0.0823180154	-0.0323115155	-0.1598163893	-0.0690663224	-0.0492558539	-0.0250596737	-0.0392168273	-0.0672971059	-0.0361628522	0.0461088154	-0.0284376666	0.0447231554	-0.1447159014	0.0789577245	0.0310581238	-0.0617864481	0.1284204192	-0.0594162582	0.0023134717	-0.1008808942	-0.0145139702	-0.0794339659	0.0194770647	-0.0501974872	-0.0101891312	-0.0097169651	0.0439210716	-0.169794675	-0.0170158297	0.0817410663	0.0309368024	0.1086541976	0.0633106529	0.0964122461	-0.0365516805	-0.0280477126	-0.0453660505	0.0680932342	-0.0001714982	-0.1157442756	-0.0024052696	0.0125605723	-0.0624325246	0.004875292	-0.0179144102	-0.0098911869	0.0087589834	0.0690415356	0.0106870117	-0.1056433123	-0.0159014948	0.0447176363	-0.0008034568	-0.0829758223	-0.0005512723	-0.0479473036	0.0237376425	0.0363558155	0.0153831931	0.0062857037	-0.0163459546	0.0722171709	0.0140171168	-0.0479379307	0.0251947372	0.124413184	0.1346211904	0.0233708596	0.046350759	-0.0562301533	0.0597700148	-0.0780080819	0.0643925382	-0.0332233866	-0.0320458696	-0.0137917724	-0.0141810481	-0.10338024	0.1336770279	-0.0762251316	0.0220637141	-0.1063571953	-0.0129668807	0.1868832706	0.0337994773	-0.0364744147	0.0230992171	-0.0802414922	-0.0140713917	-0.0193229274	0.0459369568	0.0196343388	0.0491269175	0.107314591	0.0856946076	-0.0844749075	-0.0341268358	0.0274143123	0.0082268778	0.0226886329	0.0003018768	-0.071621656	-0.112800931	0.0519136998	0.1292617585	-0.0829586197	-0.0480920112	0.0352393723	-0.0299768365	0.0227929251	0.0865586138	-0.0115890758	0.0750429824	0.0754839362	-0.0597270304	-0.0489373687	0.0203411285	0.0486761863	0.0930431619	0.0289935099	0.0743755607	0.0227327854	0.0585957561	-0.0714942877	0.0534284002	-0.0531896974	-0.013579984	-0.0190373992	-0.0014592385	0.0018569773	-0.0050235757	-0.0273777201	0.1584223135	-0.0937852516	0.0212180522	0.0400421894	0.0144625057	0.0580990303	0.0162964989	0.1069648544	-0.009786374	-0.0039663118	0.0361255917	0.0558397754	0.0456708595	-0.1687498408	0.0512642462	0.0179129435	-0.0061909326	0.0311916531	-0.0718405038	0.0591895902	0.0923812281	0.0841877733	0.0080445822	0.0167809987	-0.0035007936	-0.0292557278	0.1117250452	0.033021266	-0.0698639202	-0.0825007985	0.0114346062	0.0905990982	0.0527301444	-0.0532541728	-0.090446201	-0.0108022918	0.0	0.0438357958505832	-7.272147314560384e-05	0.001921576997854	5.2884126564667805e-09	-0.0179927924223761	-0.000375619116994	1.410897210514267e-07	0.0003237405791547	-0.120135418675936	-0.0066338782944015	0.0144325188204424	4.400834122493263e-05	0.0027588723227745	0.0003279772848953	7.611376493371165e-06	1.0756909940729292e-07	0.0036010869553597	-6.5200607559995e-07	4.251119226192478e-13	1.2967827260061795e-05	-0.0010339731820825	1.1910028443700043e-05	1.0691005412658106e-06	1.4184877752974409e-10	0.0	0.0	0.0	0.0	0.0	0.0	0.0	0.0	0.0	0.0	0.0
6208.051501864827	-7.849080857502486	38539903.44980613	61.60807030761195	15508.102956264836	48.63325545556654	2365.1935362063928	240501257.30211017	6255.825914971236	1.0997198673221646	39135357.8784257	1.2093837865830794	7371.848809566973	9329.148938302833	1.419986	27.489149	0.0419835277214693	0.0242387871834382	-0.0001419922	-0.0012215453	0.0976691685	0.0778912104	-0.0238454224	0.0223462667	0.0188288816	0.0078040965	0.1200488844	0.1763066981	0.0231751852	0.0907308813	0.0188890452	0.1100614603	0.0088186305	0.0067240568	-0.0358739143	-0.1089910297	0.1160003061	-0.1475585176	-0.043229352	-0.0095494978	0.1527964919	0.1090851246	-0.0440948444	0.0945721979	0.0263411625	0.0382101664	-0.0599291101	0.1181583922	-0.0393705776	-0.0039406454	0.0377467655	-0.0607234356	0.0414924083	-0.1129402424	-0.0503099667	0.0608003591	0.0520041555	-0.0326783798	-0.104528045	0.0027121064	0.0145622729	-0.0319738849	-0.0022346584	0.0757570595	0.033944513	0.0259827022	0.0301181692	0.0046090136	-0.0468887914	-0.0463236669	0.0580286414	-0.0188748795	-0.1197371238	-0.0016781985	0.0005529751	-0.1361080057	0.0783383346	0.033574119	0.0494830281	0.0062833163	-0.0014420844	-0.0880224466	-0.0215025587	0.0274656879	-0.0474380889	0.0650810617	0.0491679515	-0.0007912454	0.1285665592	0.1141595281	0.0017561874	0.0887633771	0.1874894296	0.0201911427	0.0300274931	0.012769876	0.0711663547	-0.1786666303	0.0625708102	0.0122070113	-0.1675234543	0.0085916856	0.0122059471	-0.0454976088	0.0118599515	0.0808141646	-0.1994338284	-0.0796387834	-0.0522337081	-0.0054442291	0.1865677512	0.0842752364	-0.0129527683	-0.048964451	-0.0628490634	-0.0500273184	-0.0521985695	-0.061079351	0.0197678994	0.008118062	-0.002726543	-0.0085007583	0.0350739393	0.0648747019	-0.0255666763	-0.0557473285	-0.0035825548	-0.0267822903	0.0198308861	-0.0368775125	-0.022991673	0.0225103901	-0.047986664	0.040127817	-0.0656991948	0.010378915	-0.0471465293	0.0227567403	0.0244824385	-0.155922001	-0.0446031649	0.1092940833	0.036869193	-0.029737614	-0.0437937067	-0.0876719816	0.0292112947	-0.1139139207	0.0869240552	0.0493689128	-0.0189394321	-0.0668616947	-0.0472345952	0.032925524	-0.0218233919	0.0429591187	0.0420132627	0.1091748065	-0.1253902413	-0.0645565185	0.0365143424	0.0197028449	-0.0804757753	-0.0958828103	0.0172308331	-0.0080039435	0.072376968	0.0672274688	0.1213078519	-0.0064213905	0.0239869515	-0.1530796382	-0.0039285613	0.0320131197	-0.0189390497	-0.0356932416	0.0654178442	0.0366423554	0.0634544785	0.0489201589	-0.134964252	0.0178211649	0.0577958953	-0.0716531069	-0.0800201117	-0.1221733491	0.0006206764	-0.0282154236	0.031827039	-0.0715249003	-0.080650933	0.0164714492	0.0918945739	0.0462570678	-0.0603188546	-0.0874315588	0.0006368538	0.0	0.0438782697487312	4.247389814800162e-05	0.0019253025561424	1.8040320238868155e-09	-0.0006447735091796	0.0173480189131965	0.0003009537602126	4.157328781397758e-07	-0.1191895059363261	0.0009459127396098	0.0142061383253455	8.947509109562958e-07	0.0027599949060392	1.1225832646996614e-06	7.6175718813623316e-06	1.26019318618375e-12	0.00329835056704	-0.0003027363883197	9.164932081285634e-08	1.0879116463093088e-05	-0.0012030566539084	-0.0001690834718258	1.4473453125132756e-06	2.8589220444699903e-08	0.0	0.0	0.0	0.0	0.0	0.0	0.0	0.0	0.0	0.0	0.0
6216.232111750101	8.180609885273952	38641541.66715311	66.9223780950419	15445.728365226134	-62.37459103870242	3890.589607245376	238570524.7323512	6253.433736879492	-2.392178091743517	39105433.50154261	5.722516022617655	7380.053801998256	9397.089009098776	1.408195	27.260895	0.1301501146808902	0.0607166508040475	0.000168535	-0.0220282237	-0.0883929976	-0.0487473202	-0.1113986998	0.0252040829	-0.0362953893	0.0083909729	-0.1251216111	-0.1146488493	0.0945441032	0.0625938369	-0.0573918645	0.0228253519	-0.0276848806	0.0014411449	-0.0235602456	0.0387790883	0.0466731735	0.1436127727	-0.053732675	-0.0397763061	-0.0503767811	-0.0836853474	0.0739278802	0.1366797551	0.0302026705	-0.0253801528	-0.0901670005	0.0351659599	-0.0431363498	-0.0303170482	-0.0656694346	0.0656662124	-0.0039600012	0.0419253374	0.1113262561	-0.1099707381	-0.0260826837	-0.0711038437	-0.0230403566	-0.0544189205	-0.2390213292	0.1305761192	0.0134438164	0.006018401	0.0067916357	0.0910740968	0.0150267252	0.1055072337	0.0143628075	-0.0364586334	0.1172473144	-0.0190342683	-0.1165943278	-0.0082175929	-0.0657058559	-0.0065563698	-0.0698419701	-0.0757621594	0.0921253343	0.0195899015	0.054496885	-0.0304540571	0.0093042562	-0.1279043418	0.0708277493	-0.0039320676	0.01533198	-0.1030050982	0.0217950159	0.0187227984	-0.0510258489	-0.0385837567	-0.0174778995	0.0655276815	-0.148995484	-0.0790309201	0.1251219735	-0.1061253323	0.0223998167	-0.0836372885	-0.0419819659	0.0596881005	0.0389056586	-0.011727441	0.0064532113	0.0018084967	0.0573908903	0.0059728571	0.1512767295	0.0636222066	-0.1225487641	0.0138589697	0.0619154349	-0.1458054648	-0.1860001273	0.0687527007	-0.1240916575	0.1127526929	0.0371362767	0.1229993236	0.0799859953	0.0571984252	-0.1254848923	-0.0177614078	-0.0561545274	0.0653966015	0.0441511085	-0.0276555689	-0.0835041096	0.1106535582	-0.0066913206	0.0157650055	-0.1108835963	-0.0018015012	0.0447545596	0.087049448	-0.0245595704	0.0957924945	-0.1174698762	0.044849423	0.0040545302	-0.0257188287	0.0465870353	-0.1052602158	0.0085087833	0.0063038706	-0.0570333584	-0.0578622254	0.1050631049	-0.0933616522	0.0832851674	-0.0249483864	0.0443892504	-0.0955833024	-0.0773752873	0.0002821304	0.0520933669	0.0366229734	-0.0447539824	0.0116184948	-0.0320798658	-0.1853666934	-0.1274062454	-0.1519360808	0.005781679	-0.0177567727	0.0591041971	0.0169533257	0.1086268836	0.051801535	-0.0387349653	0.0761152619	-0.0286690986	-0.0017394	0.0251237789	-0.1701191912	-0.0455598398	-0.0137462333	0.0589361593	-0.148877882	0.0247030453	0.0253031053	-0.0752296571	0.0003381632	-0.0875243666	-0.0655064105	-0.0378471884	-0.0558140712	0.0306268741	-0.0731325059	-0.0786656624	0.021459135	0.0927615946	0.039473477	-0.0668325226	-0.0833739747	0.0120663873	0.0	0.0604395848879022	0.016561315139171	0.0036529434214219	0.0002742771591389	-0.0405448750617836	-0.039900101552604	0.0015920181039081	0.0016438868937756	-0.1317289616171564	-0.0125394556808302	0.0173525193287342	0.0001572379487715	0.0035073769245288	0.0007473820184896	1.2301692890717102e-05	5.585798815615889e-07	0.0036007143628573	0.0003023637958173	9.14238650210459e-08	1.2965143922886852e-05	-0.0010298176220496	0.0001732390318588	1.0605243346838923e-06	3.0011762159374346e-08	0.0	0.0	0.0	0.0	0.0	0.0	0.0	0.0	0.0	0.0	0.0
6231.093668382751	14.861556632650718	38826528.30415961	220.86586554548452	15507.78713512823	62.058769902096174	3851.290921761318	240491461.82844865	6260.8031333142735	7.369396434781265	39197655.87411782	54.30800381296682	7385.296351832999	9408.51770373402	1.079495	20.897675	0.0754061751290665	0.0404225806888698	0.0157004862	0.0023767185	-0.0067787393	-0.1005321857	-0.0799105484	0.0126847497	-0.0107687116	0.1176701596	-0.0918100597	-0.0265143382	0.1265881986	0.0315570198	-0.015095854	0.0441193079	-0.0202652872	-0.0187522766	-0.0156486588	-0.0633843324	-0.0226228923	0.0994141562	-0.0652765404	-0.0821776339	-0.0218669717	-0.0590605957	0.0485357779	0.1423697491	0.0086751772	-0.003847618	-0.0043467245	-0.0095704847	0.012742024	0.100589425	0.0641011927	0.076936667	-0.0551087939	0.0422909233	0.0134238292	0.1242882645	-0.0848520912	0.0699249325	-0.0173984091	-0.0420902799	0.0007068525	-0.0449764614	0.0206417326	-0.0782585824	-0.0930202827	0.0065894998	-0.0537154842	-0.0281240303	-0.0851323558	-0.0900367092	-0.0774724602	-0.0815973965	-0.0555509956	-0.0004269394	0.0168786738	0.0223305154	-0.0560742755	0.0219876117	-0.0249282978	-0.037752806	0.053332375	-0.0355612705	0.1755907935	-0.0510166242	-0.0036982047	0.0118853558	0.0118325096	-0.0288073923	-0.1833820804	0.0931708615	0.0043450381	-0.0076474526	0.0545748094	0.061192445	0.0289509331	0.046776695	-0.0025278732	-0.0849211027	-0.1259268269	0.0390019979	-0.0560030375	-0.0959991194	0.0811609867	-0.0368915746	-0.0387136858	-0.0458802852	-0.0747135975	-0.0016841202	0.1491995996	0.07382314	-0.0597630533	-0.0141482772	0.0228218841	-0.014554748	-0.0930835884	-0.0203228001	-0.0653269157	0.0224526541	0.0579004123	0.073451981	-0.0496986492	0.0448934883	-0.0528381716	-0.0154647107	0.1035398978	0.0082002735	0.16047647	-0.0256224259	-0.0201262784	0.0668578196	-0.0681558801	-0.0809428429	0.0933986363	-0.0403867765	-0.0723694992	-0.0736016795	-0.069905271	0.0112963526	-0.0648953864	-0.0206058121	0.0466037217	-0.0958764588	0.0519845219	0.0410284649	0.0245109262	0.052911087	0.0154242744	-0.0832550322	-0.0638691866	0.056654422	-0.0108409672	-0.0300978706	-0.0614534613	0.0902547246	0.060971854	-0.0836637174	-0.0710811115	0.0636138511	-0.0784698353	-0.0067783337	0.0019271269	0.0012597882	-0.0205860206	0.134919189	0.0031851734	0.0004818149	0.0762221991	0.1004439591	0.0883603097	0.0126723342	-0.0834789064	0.0695454687	-0.0454769836	0.0118416592	0.0175591058	-0.1153216564	0.0575951054	0.0287246167	-0.0621899643	-0.0909269692	0.030148901	0.0233855261	0.1270028205	-0.0124576111	-0.0301535994	-0.0215073681	0.0371711467	0.0118875602	0.0294209952	-0.0746855372	-0.0765483197	0.0263827782	0.0931961179	0.0324249087	-0.0727356746	-0.0783218503	0.0233138	0.0	0.0642856059690615	0.0038460210811592	0.0041326391348094	1.4791878156721696e-05	-0.0121357697339306	0.028409105327853	0.000807077265529	0.0001472769070349	-0.1299438243483521	0.0017851372688042	0.0168853974862753	3.186715068473992e-06	0.0030146892488434	-0.0004926876756853	9.088351267091982e-06	2.427411457722818e-07	0.0032689673560224	-0.0003317470068348	1.10056076543915e-07	1.068614757474008e-05	-0.0010269340755449	2.8835465046999666e-06	1.0545935955152582e-06	8.314840444767394e-12	0.0	0.0	0.0	0.0	0.0	0.0	0.0	0.0	0.0	0.0	0.0
6226.07073748151	-5.022930901241125	38763956.82812356	25.22983483864298	15484.09611002604	-23.691025102190903	561.2646703926397	239757232.34452352	6253.450874129189	-7.352259185084222	39105647.83514712	54.05571512465531	7379.745383154082	9424.187361476206	1.116536	21.614748	0.0561472745468621	0.0306277897364554	0.010724757	-0.0633354258	-0.030931925	-0.1408246675	-0.017369796	0.0430139243	-0.0444901496	0.0424945727	-0.0333193752	0.0868970853	0.0562864318	-0.0761059186	-0.0104986894	-0.0429915184	-0.0329357953	0.0586211014	-0.097080969	-0.0408586384	0.0379338634	0.0068526683	0.0232288017	-0.0630508783	0.0595430496	-0.0474419568	-0.1129675656	0.043304457	-0.0402443571	0.00739005	-0.1169813027	0.0987424212	-0.1272499854	-0.0766873615	-0.0135957287	0.0178422822	0.005438752	0.0962159135	-0.028292876	0.0025376771	0.031342755	-0.0129121957	-0.0198917208	0.0296453942	0.0663714555	-0.0511318718	-0.016654114	-0.0479313112	0.0571584111	-0.000378381	0.000234486	-0.0841823066	-0.0112058376	0.0331004335	0.0372527958	0.1461906988	0.0516453826	0.016493738	-0.0224619532	0.0587177468	0.0764173018	-0.1277337117	0.0312501322	0.0795767162	0.0203865105	-0.0832563307	-0.0774397369	-0.0689456556	-0.0507641047	-0.1330206939	-0.1303144024	0.0430832499	0.0434526068	-2.065e-05	-0.0034282506	-0.0744224022	-0.0321420973	0.0772464366	0.045065961	0.0543433549	-0.0278127895	-0.0214095162	-0.1160079944	-0.0072482585	0.024935827	0.0848970214	0.1445242761	-0.1045187181	0.0263997196	0.0340724605	-0.1293180705	0.0370270302	-0.0467796936	0.0899501498	-0.0814801799	-0.0834941055	0.0741431864	-0.0121895077	-0.050317631	-0.0622203353	-0.0251928264	0.0163979734	-0.0580075508	-0.0122466924	-0.0273303353	-0.0348549723	0.0244424695	0.0233877224	0.0544985027	-0.0953195819	-0.0904278241	0.0189918972	0.0129797484	-0.052709705	0.0105490624	-0.0215566986	-0.2300869411	0.0970112749	-0.0233869746	0.0046776762	-0.0108488323	-0.0270725365	0.0521187425	-0.0220897144	0.0263529417	-0.0386910944	-0.0314497004	0.0071021782	0.022343349	-0.0236094193	-0.0431959996	0.0179876834	-0.0714353845	-0.0839941434	0.0049641207	-0.0927341286	-0.020549135	-0.0390596047	-0.0463196694	0.0227371311	-0.1379036531	-0.0207496775	0.0611522602	-0.039899392	0.0160819202	0.0662025837	-0.1267985003	0.0070818921	-0.0022015074	-0.0457035757	0.138468068	0.0384005169	0.1073025322	0.0564210124	-0.0409558899	0.0899290457	0.0663835453	0.0864359473	-0.0286026346	0.1375602326	0.019490687	-0.0119506712	-0.0152807376	0.0123031647	-0.0076403501	0.0149237101	-0.0494804542	0.0133192483	0.044029818	-0.0048560845	-0.0212236134	-0.0274287722	0.0282096273	-0.0761828353	-0.0743024598	0.0312276849	0.0931961179	0.0251586786	-0.0779743851	-0.0723354508	0.0342093323	0.0	0.056701769225711	-0.0075838367433504	0.0032150906333257	5.751457974979305e-05	-0.0384042817201617	-0.026268511986231	0.0006900347219707	0.0014748888544415	-0.1298538209044366	9.000344391552062e-05	0.0168620148034814	8.100619916654266e-09	0.0033321983073908	0.0003175090585474	1.1103545559778113e-05	1.0081200225965637e-07	0.0031767436553076	-9.22237007148002e-05	8.505210973533041e-09	1.0091700251537091e-05	-0.00106129976375	-3.436568820510007e-05	1.1263571885358058e-06	1.1810005258101543e-09	0.0	0.0	0.0	0.0	0.0	0.0	0.0	0.0	0.0	0.0	0.0
6197.595066162345	-28.475671319165485	38410184.60411984	810.8638570771438	15469.66420877835	-14.431901247689892	208.2797736230731	239310510.73235783	6240.08003947092	-13.370834658268905	38938598.8990034	178.77921945876494	7364.959040907807	9297.785532744365	1.390395	26.916311	0.0187706869748077	0.0123821032001532	-0.1149148307	0.0547340526	-0.0461852881	0.0886150361	-0.0121435724	-0.1164251006	-0.0205187368	-0.0921957464	-0.0221590605	0.0137096968	-0.0408027732	0.0185609284	0.0379956336	0.0956422091	0.0068305755	0.0304883768	0.1173589668	0.1244141724	0.0889876111	-0.0406088638	0.0970208868	-0.0811433931	-0.0487315379	0.048865127	0.0403995754	-0.0361664402	-0.1553841086	-0.0131790161	-0.0557612848	0.0737096232	0.0895250352	0.1118545018	0.0608207346	-0.0659875314	-0.1103302999	0.0593385551	-0.0196838011	0.0195218025	-0.0073489083	0.0747136127	-0.0799341273	-0.0096912751	-0.0316333391	0.0393774799	-0.0146130025	-0.0133145298	-0.0247039067	-0.0187605312	-0.0382031241	-0.0730905212	0.0614162548	0.0541707693	0.0276931731	-0.0665994531	0.0628819174	-0.0434062889	0.015616967	-0.018402826	0.0268483491	-0.1277966151	-0.0759731764	0.0943085507	0.0085477607	-0.0032863852	0.0721060835	0.1395214863	-0.0300549871	-0.1119444983	0.0140188168	0.0753336628	-0.0324715004	0.0057850241	0.0310983829	0.0378309326	-0.038253199	-0.0136044415	0.0773990951	0.1138423114	0.0774952385	0.0220111811	0.0977431155	0.042297281	0.0370679774	0.0602982621	-0.0238295238	0.114696413	0.0775570641	0.0798910896	-0.001686964	0.0430503097	-0.0093431944	0.0359713646	0.0143721555	-0.0327070355	-0.092882749	-0.1253171098	-0.0270765024	0.0604606169	-0.034326325	0.0435242505	-0.1984402476	0.007716577	-0.0223422117	0.084511599	-0.0317645209	-0.0073734962	0.1181189939	0.0808504561	-0.0025555796	0.0793130804	-0.0081270129	0.0723990916	-0.0222953281	0.16864322	0.0451616072	0.0181535513	-0.0213164244	0.0542063032	0.0302839826	0.0274909671	-0.0317063698	0.0156393367	0.0570913365	-0.0157909585	-0.0365636192	0.0518056212	0.0496675606	0.0080360138	0.0174175874	0.0567320842	-0.1193642202	0.0023291243	-0.0587979631	0.0317739674	-0.0451982258	-0.0699567089	-0.0263516508	-0.0314216269	0.0083400383	-0.0394513371	-0.1030520626	0.0265833123	-0.09469405	0.0280143733	0.0169120744	0.0494424382	-0.0087542753	-0.0727151248	-0.0595117327	-0.0002870022	0.1393223431	0.0998122303	-0.017233156	-0.0170245257	-0.0387384643	-0.0434380575	0.0807082703	0.0499923887	-0.0603223712	0.0179123972	0.0075795972	0.006634962	-0.0166675003	-0.0093097212	-0.0852156873	-0.0662949903	-0.0590922873	0.0202614134	-0.0515326261	-0.0116267394	0.0269929964	-0.077623283	-0.0719318531	0.0359793958	0.0927615946	0.0177235635	-0.0825007985	-0.0654861859	0.0445885354	0.0	0.0456510846260727	-0.0110506845996382	0.0020840215275368	0.0001221176301206	-0.0401634812850488	-0.001759199564887	3.0947831090989563e-06	0.0016131052289344	-0.1298068813264592	4.693957797738402e-05	0.0168498264397014	2.203323980694914e-09	0.0034247444859647	9.25461785738998e-05	1.1728874794145615e-05	8.56479516863215e-09	0.0031766580873628	-8.55679448000593e-08	7.321873177305995e-15	1.0091156604007482e-05	-0.0010869452818774	-2.5645518127400064e-05	1.1814500457955407e-06	6.576926000228052e-10	0.0	0.0	0.0	0.0	0.0	0.0	0.0	0.0	0.0	0.0	0.0
6209.931850392539	12.336784230194098	38563253.5865197	152.1962451423658	15476.0564150267	6.392206248350703	40.860300721453775	239508322.16108903	6242.45641989562	2.376380424699164	38968262.15429603	5.647183922893379	7366.355127406342	9299.089588917635	1.486142	28.769857	0.0626006130983186	0.0316568950265028	0.1193126799	0.0306830195	-0.0681756614	0.053379959	0.0698196333	0.0661032998	0.1080898053	0.0259081039	-0.0636131611	-0.0269000651	-0.1104254705	0.0969017909	-0.0144673428	-0.0718920121	0.0732509288	-0.1376031068	-0.0780828537	0.0756333505	-0.0580775665	0.0415554731	0.0286359325	0.1101089598	0.0232485967	0.0356404294	-0.107826824	0.0156770952	0.0478683113	0.00900974	-0.0243066245	-0.0528805222	-0.0146238462	-0.0459845697	-0.0079495352	0.0307729044	0.0659886684	0.1648662457	0.0014447646	0.0014614603	0.0850329399	-0.0444735687	-0.0763267863	-0.0058876556	-0.0690723178	0.1002192612	-0.0240542708	-0.0249969371	-0.0952445837	0.1146094564	-0.0244653351	0.0327461101	0.0566901907	-0.0220043143	0.0123981847	-0.0787015303	-0.0228854917	-0.0311440504	0.0209443918	0.0346152816	-0.0035111713	-0.0313727967	-0.0181744079	-0.0088055026	-0.1108930237	-0.0387026803	-0.0409957804	0.0608808104	-0.0274597761	0.0854588764	-0.1212204187	-0.0444248613	-0.0131843804	-0.0727732932	0.0059589342	-0.0030558636	0.0039357703	0.0236301662	0.0297592836	-0.1057779691	0.0206017958	-0.0595089482	-0.0139687678	-0.0531884894	0.0394449306	-0.0083574962	0.0450499383	-0.0049532025	-0.127180134	0.0139955676	0.1299051419	0.0631711032	0.0143344248	-0.0364242281	0.043513921	0.0368928809	0.0649240185	-0.0320752928	-0.1013969894	-0.0710652945	0.0198257067	0.1375303207	-0.0224267402	-0.1092484697	0.0006394448	0.0235590567	0.0143636574	-0.0995098877	0.0510102175	0.047240536	0.0727689255	0.0074185628	-0.0017408343	-0.0580664179	0.0845291682	-0.0695529885	-0.0600797026	-0.0518470373	0.0989205821	0.1380817028	-0.0115535687	-0.0897881633	-0.0149093095	-0.0175744116	0.039754958	0.0676475451	0.020304559	-0.0445447671	0.0303800734	0.0277771918	0.0110451198	-0.0378515114	-0.0294902856	0.0783578614	0.045930737	-0.0616722059	-0.039575629	0.0137329744	-0.0710059283	-0.0045143374	0.0916482467	-0.0681870531	0.0657010441	-0.0051346344	-0.0160854663	-0.0784267707	0.0241197549	-0.0698623545	-0.0084191297	0.1051457664	0.0357931566	-0.0707420302	0.049098342	0.1192635206	-0.0565351032	-0.0617655057	0.0201373226	-0.0466662952	-0.0273576072	-0.0158202284	0.0319531799	-0.1204131056	-0.0649056659	-0.0458142949	0.0296851142	0.0548263327	-0.06429931	-0.043220687	-0.096669882	-0.0035389312	-0.0206904752	-0.0406809353	0.0257713294	-0.0790058053	-0.0694404798	0.0406237301	0.0918945739	0.0101694736	-0.0862735657	-0.0578557582	0.0542947536	0.0	0.0479296111003151	0.0022785264742423	0.0022972476202274	5.191682893823494e-06	-0.0165134373505821	0.0236500439344666	0.0005593245781022	0.0002726936131316	-0.1436299181882887	-0.0138230368618295	0.0206295533987745	0.0001910763480834	0.0029757261107793	-0.0004490183751853	8.854945886373698e-06	2.0161750125413658e-07	0.0031769087449713	2.5065760850002256e-07	6.28292366989506e-14	1.009274917387512e-05	-0.0010792341981157	7.71108376170014e-06	1.164746454382438e-06	5.946081277995555e-11	0.0	0.0	0.0	0.0	0.0	0.0	0.0	0.0	0.0	0.0	0.0
6218.135660141323	8.203809748783897	38665211.087921165	67.3024943942417	15465.925528868342	-10.130886158358408	102.63485435361795	239194852.4645015	6247.616640508309	5.160220612689045	39032713.68675633	26.627876771620905	7353.87558828707	9272.372310490982	1.436727	27.813232	0.0285573393756474	0.0147155769248198	-0.0725496434	-0.1058141037	0.0549719295	-0.0397421645	0.061796305	-0.0052518362	-0.132515318	0.0099930229	0.0955586851	-0.028783929	-0.0468479895	0.0768013455	0.0409365481	-0.0272951812	0.0191490864	0.1269861659	-0.0268127228	0.0758323954	0.0205399598	0.0070765918	0.0128214684	0.0802000937	-0.0244520335	0.0190226452	0.0243482947	0.0918940846	0.1018389033	-0.0152938297	0.0314718243	0.0441411801	0.0446479188	-0.0651643983	0.0194293435	-0.007063012	-0.0468685162	-0.0221358674	-0.0703862858	-0.0272967916	0.0945895679	-0.0016553565	0.0643596659	0.1014487653	0.0333845587	0.0350446324	-0.0006647981	-0.1315943398	-0.0243928119	0.0771373092	-0.0379697102	0.1203153268	-0.0449821804	0.0224634297	-0.1307191922	-0.109018406	-0.0591035091	0.1112057532	-0.0010307726	-0.0515546133	0.0762310674	0.0703705879	-0.0042650859	0.0313231342	-0.0438467766	0.1132005783	0.0643380295	-0.0143334494	-0.048214767	-0.0229396475	-0.053685797	-0.0394051049	-0.0468527772	-0.1062884798	0.0154920987	-0.0975730727	0.027787149	-0.0668704929	-0.1143317765	-0.0992562283	0.0490658841	-0.0097767077	-0.0816180185	0.0545503427	0.1105642795	0.0877054239	-0.0379078641	-0.0543068334	0.1458109259	-0.0483189638	0.0608718347	-0.0104366356	0.0161065438	-0.0376971814	0.1090184258	0.0316675212	0.0876911968	-0.0307606331	-0.0476710608	-0.0123822975	-0.0325854715	-0.0617891373	0.0533007291	-0.0930528724	0.1234008032	0.0545282808	0.0345147471	0.0389037858	0.0685058544	0.0518526322	-0.0733769023	-0.0880350946	-0.0329713267	-0.027413855	-0.0276690887	0.0073613516	0.0541442863	0.0576061009	0.0720320861	-0.0221393414	-0.0252897208	-0.0934460189	-0.032227198	-0.0959332305	0.0204065762	-0.0495354791	0.1610928806	4.95839e-05	-0.0337478365	-0.0476832826	0.0290372787	0.0330598724	0.0553970793	-0.0580239134	0.0859709864	0.0624873097	0.0686909555	-0.0647385209	0.0265828423	-0.0058102168	0.057557723	-0.0483178022	-0.0199885422	0.0097089521	0.0987065371	0.0297997122	0.1213303531	-0.0209119625	-0.0196265659	-0.1307615782	0.0486469747	0.0064711501	-0.0008594015	0.0785536683	-0.040948517	-0.0083928164	0.0986874562	0.0559369879	0.0295925158	0.0356286166	0.111947114	-0.0573337201	-0.0877055687	0.0521212571	0.0170206925	0.0447554635	-0.0701803606	-0.0333479603	-0.1251291129	-0.0081887928	-0.0637151957	-0.0654951037	0.0245448544	-0.0803293705	-0.0668325226	0.0451468273	0.0905990982	0.0025471182	-0.0892582227	-0.0495351885	0.0631814888	0.0	0.0573726405519465	0.0094430294516313	0.0032916198839028	8.917080522437797e-05	-0.0164083356272328	0.0001051017233493	1.1046372250992877e-08	0.0002692334780559	-0.140519664149302	0.0031102540389867	0.0197457760126326	9.67368018703314e-06	0.0031792197083775	0.0002034935975982	1.0107437954135917e-05	4.1409644263458154e-08	0.0032603489747766	8.344022980529995e-05	6.962271949961267e-09	1.0629875437326824e-05	-0.0010481889422856	3.104525583009989e-05	1.098700058729805e-06	9.63807909556351e-10	0.0	0.0	0.0	0.0	0.0	0.0	0.0	0.0	0.0	0.0	0.0
6221.278664169855	3.143004028532232	38704308.217255056	9.87847432336984	15424.287644012064	-41.637884856278106	1733.7134553046735	237908649.3252232	6246.214032743652	-1.40260776465675	39015189.74284372	1.9673085414754048	7361.348097480211	9270.040086577976	1.375402	26.626064	0.0447622108044786	0.0252209008476388	0.024507283	0.1123626792	0.0295255478	-0.0519711398	0.1259780929	-0.0683253473	0.0744913363	0.0375834234	-0.0383396551	0.0048254252	0.0429689596	0.0056017247	0.0409124483	-0.0524976837	0.1119157408	-0.065574858	0.0400484951	-0.0427823905	0.021169531	-0.0328223507	0.0501135959	0.0054869824	0.0998264724	-0.0551314729	0.0040919774	-0.032189052	0.0532861219	-0.0415047021	0.0653982557	0.0311515438	-0.0823779625	0.0948007374	0.0256054384	-0.0515433463	-0.0271242945	0.0822831233	-0.0250756914	0.0525044837	-0.1331238169	0.0990788996	-0.0420793835	-0.0912508294	-0.1140468482	-0.017554075	-0.1428804295	-0.0931683997	-0.0184542336	-0.1230002564	0.0304359351	0.0252397915	0.0333241349	-0.0172403296	-0.036661297	0.0035088165	-0.0254081281	0.0504464278	-0.0185527123	-0.0632328376	-0.005575753	0.0182712716	-0.0382062525	0.1339573217	-0.0297599999	-0.0391785622	-0.0621805707	-0.0078439619	0.000398907	0.0607749592	-0.0990378943	-0.046756785	0.0188140456	0.0609758069	0.1608842196	0.0275421964	-0.0342635089	0.0843503157	-0.0113775855	-0.0817315086	0.0281591978	0.006814759	-0.1299359882	-0.0609455957	-0.0382278769	-0.0189004163	-0.0444541216	0.0695507885	-0.066842299	-0.049755782	-0.001593687	-0.0049682212	-0.0422592799	0.0411369905	0.0502079879	-0.085749371	0.0825095252	-0.0318839487	-0.0420013922	0.0780743963	0.1364632148	0.0403271997	-0.0079461631	0.0489664263	0.021083541	-0.0163163681	0.0130761216	-0.077108868	0.0701144653	-0.0403332173	-0.0380488986	0.0723387446	-0.0141003171	0.0527913169	-0.0742306207	-0.090979152	0.0525655288	0.005677333	0.054411545	0.0062462729	0.0119810963	0.0378250341	-0.1112460651	-0.0485848419	0.0525253902	0.0885455141	-0.0899710467	0.0622858921	-0.0219260827	-0.0339243405	-0.0437498925	-0.0029159533	0.037636789	-0.0561747639	-0.0780183766	0.0119071872	-0.0351741618	0.1630799871	-0.0751431234	0.0225542208	-0.0253246504	0.0319535382	0.0765645088	-0.1075177668	0.0573543194	0.1127451261	0.1037017762	-0.0551770143	-0.0148424427	0.078737341	-0.0487617713	0.0438384309	0.0309509836	0.0706560636	-0.0651595174	0.049184809	0.0631331555	0.0489093001	0.06926483	0.101315993	0.1577692739	-0.030061783	-0.0792755961	-0.0187984355	0.0478000414	0.060708892	-0.0273145967	0.044444539	-0.0094704776	0.054154425	0.0032027906	-0.0405235833	0.0233138	-0.0815929909	-0.0641123601	0.0495351885	0.0888812078	-0.0050923356	-0.0914275044	-0.0406237301	0.0711146114	0.0	0.0476613365073319	-0.0097113040446146	0.0022716029976651	9.43094262469479e-05	-0.0166041407907755	-0.0001958051635427	3.833966206998369e-08	0.0002756974913998	-0.1438308565130484	-0.0033111923637463	0.0206873152852771	1.096399486973237e-05	0.0027676003785149	-0.0004116193298626	7.659611855155817e-06	1.69430472716536e-07	0.0030430642702363	-0.0002172847045402	4.721264282716533e-08	9.260240152788788e-06	-0.001046214792037	1.974150248600093e-06	1.094565391077023e-06	3.897269204047808e-12	0.0	0.0	0.0	0.0	0.0	0.0	0.0	0.0	0.0	0.0	0.0
6220.414460141224	-0.8642040286313204	38693556.05593403	0.746848603102604	15471.953132210903	47.66548819883974	2271.9987652337304	239381333.7253308	6253.090560856108	6.876528112456072	39101141.56226775	47.28663888139866	7370.34238793504	9377.909388289816	1.328694	25.721857	0.0583165163949522	0.0269349439207701	0.0310678514	-0.104861748	0.0388458758	-0.0229985646	-0.0071097905	0.0614822728	-0.0502083464	0.0029297643	0.096619766	-0.052335571	-0.0375116174	-0.0911373072	0.0690435744	-0.001770086	-0.0923345525	0.0631444993	-0.0700616793	-0.0874263064	0.1073654392	0.0301483217	0.0544550663	0.0073968721	0.0138520406	-0.0371855216	-0.005834524	-0.2243579518	0.0599268655	-0.0392657966	0.0197919764	0.0489665307	0.0017378145	-0.0785295821	0.1237326181	0.1427549591	0.0341897933	0.0106332957	0.0401261755	0.0752929224	0.0648805092	-0.0324286476	-0.0503697527	-0.0702289598	0.0096296206	0.019140656	0.0576661112	-0.0957812193	-0.1155456205	0.0356568737	-0.1145736155	0.0004065553	-0.0467865913	0.117548512	-0.0068807575	-0.0004537322	-0.0297543353	-0.1029944084	0.083010005	-0.0472765332	0.0151894421	-0.1262469423	0.0498113574	0.0490173996	-0.0824524704	0.0057945454	0.0050892945	-0.11049185	0.0433204603	-0.0294666698	0.0204907471	0.1181829281	0.1069988957	0.003644087	-0.0148919781	-0.0643528832	0.0648065893	-0.105595647	0.0295502211	-0.1160062162	0.018654911	0.0829340364	0.037968146	0.018618861	-0.076693155	0.0075163472	-0.1583488598	-0.0836009357	0.0534300356	0.0382632364	0.0354492717	-0.0982274394	-0.0736739339	0.1265189071	-0.0418315133	-0.0374554062	-0.0509362549	-0.0043416305	-0.0305039148	0.0974522594	0.1356270404	-0.0054937529	0.043030456	-0.1147283362	-0.0567909421	-0.0351769243	0.1314481777	-0.0362987889	-0.049384331	-0.0534072706	0.149709275	0.0486048756	-0.0185242828	0.0839634297	0.0131439984	0.0026136375	-0.0388946531	-0.0638185979	-0.0193886331	0.0743289803	-0.0075070912	-0.1750345854	0.0439710583	-0.0299422536	0.011686363	-0.0690711799	-0.0560274844	-0.0718956837	0.1188870424	-0.1835210681	-0.0194571258	0.0541502467	0.0101730434	0.0182204857	-0.0144964125	0.0784401888	-0.0383838089	-0.1546492774	0.0554900133	-0.0532455341	0.0008005463	-0.0992793814	0.036859668	0.0505333422	0.0365173663	0.079971736	-0.0149059696	-0.0612316172	-0.0337014072	-0.0548479128	0.0970693378	-0.0538221462	-0.0480244862	0.0611922959	-0.0933810119	0.0641893027	0.044708243	0.0017342643	0.1131778366	0.1047534486	0.0557112525	0.0760536285	-0.0924792122	0.0931795419	-0.028430109	0.0567858601	-0.025994052	0.0045855953	0.0670805326	0.0474488137	0.0115315697	-5.49012e-05	0.0220783961	-0.0827957235	-0.061284559	0.0537757173	0.0867489121	-0.0126976055	-0.0927615946	-0.0312276849	0.0779743851	0.0	0.0559441170042305	0.0082827804968986	0.003129744227383	6.860445275980386e-05	-0.0326209256036946	-0.0160167848129191	0.0002565373957433	0.0010641247872417	-0.1529342623140479	-0.0091034058009994	0.023388888589542	8.287199717767131e-05	0.0030052411520367	0.0002376407735218	9.031474381894872e-06	5.64731372400396e-08	0.0033019387764214	0.0002588745061851	6.701600995257937e-08	1.0902799683235251e-05	-0.0010479704180128	-1.7556259758000434e-06	1.0982419970299228e-06	3.082222566903855e-12	0.0	0.0	0.0	0.0	0.0	0.0	0.0	0.0	0.0	0.0	0.0
6207.216069922916	-13.198390218307395	38529531.338709295	174.19750435471232	15426.067152063555	-45.88598014734816	2105.52317408283	237963547.7799742	6250.602537786186	-2.4880230699218373	39070032.08537911	6.190258796463284	7366.386509137324	9334.04815087068	1.413374	27.361155	0.0199537832443408	0.0164195462340562	-0.0754558006	0.1144076884	-0.078173337	0.0203457204	-0.0045563164	-0.1265303766	0.0418779353	-0.0629564147	-0.0332112189	0.0285266069	-0.0256634948	-0.0756404287	-0.0559786187	-0.0333680192	-0.0584743592	-0.0125432447	0.1106555771	-0.0217805681	0.0426041696	0.0107267964	0.1001663585	0.0406662261	-0.0940968078	0.0016833118	0.0396107752	-0.0368470353	-0.025688079	0.0412695548	-0.067225153	-0.0252386632	0.0016669037	-0.0312795843	-0.0147565075	0.0465737677	-0.080498752	0.1233853568	-0.028513843	0.0197055747	0.1695270812	0.0036363061	0.0014994169	-0.034262653	-0.0166866778	-0.02124454	0.0044779796	-0.0887660786	0.0221449887	0.058165634	0.0499580307	-0.0553863611	-0.0282734217	-0.0400437129	-0.0473468927	0.008932994	0.0406921664	0.0693713327	0.0118282015	0.1324672133	-0.1015821058	-0.0224328472	0.0101452486	0.0016607677	0.1338140101	-0.1191410928	-0.0106763923	-0.0268618681	-0.0093114457	-0.0732803082	-0.0534686516	0.0041781729	-0.0676129921	0.0111642345	-0.0429174291	0.0894676029	-0.1121419927	0.0578291858	0.0361935608	0.0352236789	-0.0315512829	-0.0149772891	0.0031860988	0.0997415111	0.0563417429	0.0959805186	0.0109601465	0.1281039003	-0.0020304599	0.0253015337	-0.010416438	0.0241014673	-0.0719825054	0.0322899204	-0.0776329389	-0.0377085832	-0.0155019658	-0.0738145882	-0.0146535879	-0.0404181751	-0.0073598373	0.0001071807	-0.0386138057	-0.0623052957	-0.0028323343	0.1029416292	0.1090121236	-0.1154165328	0.0503202216	-0.0704900304	0.0233546986	0.0381860447	-0.106753297	-0.0130983036	0.0001675259	0.0437264754	0.0247475409	-0.0356281593	0.0607690793	-0.0837739805	-0.0105243832	-0.0199845915	-0.0451888773	0.1025978737	0.0539295537	-0.0303844327	0.02396843	0.0577019718	0.0356727317	-0.0506029668	0.0470482017	-0.0436302251	-0.0027743744	-0.0864882017	-0.0636464629	0.0421674976	0.0182981966	0.0037257131	0.0045744521	0.108407674	0.0108050419	0.0466171003	0.1229165917	-0.0231904035	-0.0767680945	-0.051749079	-0.0048385059	0.1404249267	-0.0156235236	-0.003604378	-0.1042119582	0.0151049704	0.0928771961	0.0803314067	-0.0261016379	0.0213784536	0.0062875533	0.0154512574	-0.0391243504	0.0555022964	-0.049021262	0.0649380873	-0.0577626971	0.0733592901	0.0704256956	-0.0128905215	-0.0084234519	0.0382805347	-0.0433862949	0.042174155	-0.0365932636	0.016001264	0.020838873	-0.0839366709	-0.0583538671	0.0578557582	0.084212153	-0.020217639	-0.0932483061	-0.021459135	0.0836572738	0.0	0.059037744353759	0.0030936273495284	0.0034854552583798	9.57053017775072e-06	-0.0164886901582406	0.016132235445454	0.0002602490204675	0.0002718769031344	-0.1529077023617446	2.655995230327335e-05	0.0233807654415478	7.054310663521551e-10	0.0030002371865684	-5.003965468300311e-06	9.001423175667867e-06	2.503967040794195e-11	0.0032929431203021	-8.995656119300307e-06	8.092182901670506e-11	1.084347439354493e-05	-0.0010479428296593	2.7588353499917104e-08	1.0981841742343409e-06	7.611172488363883e-16	0.0	0.0	0.0	0.0	0.0	0.0	0.0	0.0	0.0	0.0	0.0
6209.470404526423	2.254334603507232	38557522.70468955	5.082024504570108	15438.39455700323	12.327404939675034	151.96491254672443	238344026.49770692	6248.255868856189	-2.3466689299966674	39040701.40269581	5.5068550670117045	7364.652004970593	9366.269407123002	1.423522	27.557604	0.0334005326924344	0.0216264232666466	0.1097119276	-0.0466025974	-0.0107213537	0.1085578065	-0.0624599727	0.1164857232	0.0373957338	-0.0640311488	0.0216329615	-0.0849091376	-0.0520374628	0.0303229777	-0.0264153842	0.0674348423	0.0186940256	-0.0436628196	-0.058150304	0.0346752915	-0.0106424751	0.0382491043	-0.0177314069	0.1125496418	-0.0240206468	0.0720149197	-0.0347897264	-0.1248080512	-0.0107694639	-0.0234418209	-0.0922773967	-0.1056174267	-0.0128626257	0.0509734716	-0.0192084586	-0.050243001	0.0931981687	-0.0571031082	0.0328459173	-0.0574766075	0.0628653646	0.0181429122	-0.0002918565	-0.0216632305	-0.0994948688	0.0595663448	0.0425213711	0.0003038591	0.119665561	0.0180464733	0.0881798094	-0.0295964142	0.0600310356	0.048362787	0.0322748918	-0.110390435	0.0048740496	0.099894693	-0.122212417	0.1113583514	-0.1064294921	0.1460306643	-0.0625713917	-0.0241848397	-0.0783068191	-0.1050564187	-0.0334113039	-0.0636669862	-0.0366060797	-0.0044181526	-0.0795196502	0.1390299914	-0.016624384	-0.0090226066	-0.1054234083	-0.0785403245	0.0040297271	-0.0366258182	-0.0221160335	0.0825530486	-0.0906272532	0.0028522902	-0.0628933537	-0.0393894851	-0.0578939515	0.0045066253	-0.0329448324	-0.0621953732	-0.0597637207	0.0553389525	0.125033525	-0.0377214224	0.0029235875	-0.0527642263	0.0075828927	-0.0034199249	-0.094627575	-0.058073259	0.0988071407	-0.1003529168	0.0270284002	0.0454417325	-0.0243247279	-0.0770867855	0.0293799805	0.0362782134	0.0279224474	-0.0626243048	-0.0477430211	0.0100755057	0.0048570652	0.1173767234	-0.063717746	-0.0877170609	0.0103517596	0.0122502152	0.0158927836	0.0341930137	0.1793056784	0.033985093	0.0273625023	0.0505757305	-0.0194939922	0.0011916104	-0.0099599531	0.0800666338	0.0014542661	-0.0123264644	-0.0231568794	0.0435421607	0.0231871969	0.0632647915	0.0378055218	0.0265312701	-0.0229835748	-0.0873282303	0.0571426339	0.0854431981	-0.047275116	-0.0242597474	0.1295635195	-0.0124983305	-0.0939620183	0.034335319	0.0362637208	0.0068349975	-0.1185889253	-0.0285265797	-0.0010214468	0.0570137779	0.076282091	-0.0679047976	-0.0483776448	0.0652885731	-0.0053785036	-0.0661739652	-0.0290277916	-0.0459189406	0.0003062059	-0.0660159592	-0.0224595304	-0.0047236732	-0.0716569348	0.0823774252	0.0724935839	-0.0212436696	-0.0124323196	0.0666631903	-0.1109690271	-0.0353432416	-0.0019735408	-0.0503904189	0.019595462	-0.0850149816	-0.0553252047	0.0617631348	0.0812827579	-0.0276019556	-0.092883193	-0.0114346062	0.0880775042	0.0	0.0437313900849289	-0.01530635426883	0.0019124344787602	0.0002342844810029	-0.0166343827575161	-0.0001456925992755	2.1226333483651453e-08	0.0002767026897235	-0.1529613230258135	-5.362066406888744e-05	0.0233971663418072	2.875175615188476e-09	0.0027403540450002	-0.0002598831415681	7.509540291948959e-06	6.753924727135692e-08	0.0032729727407159	-1.9970379586199943e-05	3.988160608169113e-10	1.071235056146935e-05	-0.0011259866117101	-7.804378205079985e-05	1.2678458497503913e-06	6.090831916792749e-09	0.0	0.0	0.0	0.0	0.0	0.0	0.0	0.0	0.0	0.0	0.0
6211.604170356051	2.1337658296279187	38584026.36918469	4.55295661568772	15365.20136965981	-73.1931873434205	5357.242673489051	236089413.13019568	6245.267480942809	-2.988387913380393	39003365.90852174	8.93046232083802	7354.867341206023	9264.428593766936	1.392155	26.950382	0.0287929193726868	0.0155139233240801	-0.1193788228	-0.01128413	-0.0186354189	0.0401713604	0.0209712579	-0.0814615398	-0.071835321	-0.0685097663	0.0033790663	-0.0060677629	-0.0318545063	0.0642122128	-0.0678862673	-0.1020188659	0.0332902259	0.0316615196	0.0807852185	0.1116811796	-0.0720866102	0.0007748463	-0.063874319	0.0607849844	-0.0098677012	-0.0540019986	-0.0177864708	-0.044658761	0.038601963	0.0833619708	0.0227735884	0.0491163737	0.0360050934	-0.0618707562	0.0119311742	0.0550375664	0.0297449361	-0.0160784611	-0.0154196448	-0.0656253572	0.0808754174	-0.0921129856	0.0405016857	-0.0599276429	0.1129722224	0.1172500722	0.045900966	0.0967691988	-0.0280568939	-0.1301155427	-0.0108633415	-0.0109852475	-0.0630697931	0.0251491493	-0.0040545279	0.0712823777	-0.0476496987	-0.01052357	0.0096822568	-0.1057577465	0.050981534	0.0265146925	0.1239288163	-0.0167773501	-0.0332208063	-0.0644694936	-0.0621509462	0.0506672568	0.0052834734	-0.0359879548	0.1567601749	0.0505026939	-0.0404997927	-0.0240724878	-0.1086411048	-0.0916483525	-0.0386539727	0.1186043094	-0.0154559301	0.0426366058	0.1754513665	-0.0242966868	-0.0375832763	-0.1024344615	0.0498791204	-0.0104067491	0.0202575315	0.0744148094	0.0820848357	-0.0270618181	0.0618802819	0.0529838324	0.0319818406	-0.0998081636	0.0146327069	0.0278890472	0.0296283744	0.0004583788	0.0111266265	0.0161714386	0.0084929906	0.0099877482	0.0850825278	-0.0535480342	-0.044886876	-0.0789576963	0.0703639068	0.0938900982	-0.043742831	0.0069541697	-0.0109182183	-0.1965367387	0.0101220231	0.1164498359	-0.0376723313	-0.0052987238	-0.0338139005	-0.1413558183	-0.0335916282	-0.0723684199	0.1250022415	-0.1175290184	0.0330245082	-0.0050573792	-0.0702452071	0.1180874946	0.0078700353	-0.0464697799	-0.0356437699	-5.822e-05	0.0162856831	0.0648567344	-0.0158490226	-0.0387843175	-0.0595943123	-0.022870018	0.0269250991	-0.0613538936	-0.0655589164	0.036423793	-0.0103766151	0.1066945006	-0.0517591501	0.1088390344	-0.0662201852	-0.1108750091	0.0400439852	0.0876326013	-0.0114012984	-0.0813740381	-0.0756289255	-0.001997534	-0.0054902662	0.0173465181	0.0291233766	-0.0537934805	0.0486196625	-0.025886176	-0.0797868162	-0.022903236	0.0352616249	-0.0454993906	-0.0712679209	-0.0115438258	-0.0466016336	0.0202746955	0.0027342516	-0.0254396065	-0.0343044478	-0.0664671388	0.0514129067	0.0751472321	0.0183483952	-0.0860298509	-0.0522036565	0.0654861859	0.0779743851	-0.0348009859	-0.0916695905	-0.0012736779	0.091168361	0.0	0.0484091956081584	0.0046778055232295	0.0023434502194289	2.1881864513156432e-05	-0.0164820807929402	0.0001523019645759	2.31958884136794e-08	0.000271658987265	-0.152675184864627	0.0002861381611864	0.023309712073448	8.187504728719141e-08	0.0027868589601678	4.650491516759985e-05	7.766582863867551e-06	2.162707134745658e-09	0.0034761359065182	0.0002031631658022	4.1275271938812826e-08	1.2083520840585107e-05	-0.0013498520052141	-0.0002238653935039	1.8221004359805265e-06	5.0115714408700754e-08	0.0	0.0	0.0	0.0	0.0	0.0	0.0	0.0	0.0	0.0	0.0
6222.476598006481	10.872427650429929	38719215.01273831	118.2096830138332	15497.567578537051	132.36620887724166	17520.813252533568	240174600.8513228	6249.750696502754	4.483215559945165	39059383.76843666	20.09922175693444	7365.639852921673	9314.553064503212	1.308715	25.335083	0.0495144922655273	0.0226960712167323	0.0764599789	-0.0003535975	0.0886933381	0.0573014599	0.0386580923	0.04949336	0.0695883313	0.0710888577	0.0835405941	-0.0430094836	-0.0446731268	0.0989580861	0.0321461464	0.0095189417	0.0135956136	-0.0431547253	-0.0554805687	0.00329722	0.0017094878	0.0570150129	-0.011416446	0.0410763547	-0.0017193005	0.1128046656	0.0469339566	0.0521784782	0.0943923764	0.1081635815	0.0355180276	0.0481628138	0.0040514365	0.050858095	-0.0865038388	-0.0504426745	-0.0197069604	-0.0325696939	0.0799213538	-0.0051599734	0.0848672029	-0.0312157715	0.07391887	-0.0601432125	0.0684128671	-0.1119886363	-0.0797852188	0.0541110759	-0.0234032663	-0.0457144414	0.1098207946	0.0231103082	-0.0029730061	-0.0382316373	-0.0037802297	0.0018860259	0.0402804468	-0.0508792908	-0.0151518805	-0.0311593855	0.0512564637	0.0316333094	-0.1601139797	-0.1165957207	-0.1291557228	0.1334530429	-0.0226913268	-0.0409182881	0.0247875348	-0.0561638284	-0.0175585945	0.0475203234	0.0858767271	0.1158896106	0.0641773411	0.0138879057	0.037283082	-0.0227021717	0.1009919233	0.0391421207	0.0205262113	0.0563917419	0.1337119897	0.0211112728	0.0942354437	0.0411731049	-0.0336654971	-0.0245468437	-0.0533103921	-0.0320424265	0.0954502162	-0.0797309453	0.0339982577	-0.0226953448	0.0970932124	0.0672380066	0.0380737629	0.0472360562	0.0142380097	-0.0761710671	-0.0510159513	-0.0464877429	-0.039634983	-0.0872880851	-0.0712941129	0.0583136317	-0.0728579961	-0.0380298339	0.0010708521	-0.0681097537	-0.0831377201	0.0375186741	0.0716591605	-0.0310266279	-0.0647924205	0.010823066	0.0531773468	-0.0925082512	-0.0066224515	-0.0789153185	-0.0165196832	0.072572639	0.0493197463	0.0018386054	-0.0778591385	0.0490356031	0.029562582	0.0345381914	-0.0397891485	-0.0473878496	-0.0858889853	0.0484665037	-0.0360250966	0.1066439117	0.0827366063	0.0225002925	0.0711056217	-0.0077079383	0.0908262599	-0.0112695065	-0.0056044731	0.0155102701	0.0537034133	0.0626337848	-0.043572105	0.0740677188	-0.0119599267	-0.0063615856	-0.0024007931	0.0599355597	0.0006520819	-0.0058141941	-0.0794354597	0.0067746274	-0.0597237938	-0.0930489458	0.013633496	-0.0265846538	0.0090233937	-0.04613417	0.0548627837	-0.0143599626	-0.0149200529	0.019156597	0.0153804469	-0.0267364392	-0.0376347235	-0.0702189896	-0.0055540932	0.008068383	0.1031656674	-0.0132566275	0.0170979051	-0.0869805215	-0.0489944635	0.0690138005	0.0743024598	-0.0417664042	-0.0896185849	0.0089024437	0.092883193	0.0	0.0436947257114894	-0.004714469896669	0.0019092290550022	2.222622640659823e-05	-0.0039362409105478	0.0125458398823923	0.0001573980983546	1.5493992505870173e-05	-0.1531370232488029	-0.0004618383841759	0.0234509478895044	2.132946930982113e-07	0.0026019117234208	-0.000184947236747	6.769944616474598e-06	3.420548038035088e-08	0.003176950984401	-0.0002991849221171	8.9511617622275e-08	1.0093017557286482e-05	-0.0011981372820325	0.0001517147231815	1.4355329465962262e-06	2.3017357230069506e-08	0.0	0.0	0.0	0.0	0.0	0.0	0.0	0.0	0.0	0.0	0.0
6225.916099559919	3.439501553437367	38762031.27875939	11.83017093609806	15423.71423494363	-73.8533435934205	5454.316359927825	237890960.8012028	6253.5541576473815	3.803461144627363	39106939.60262885	14.46631667869009	7361.613168184385	9331.173974754553	1.208393	23.392979	0.0390882972057392	0.0210937287811058	-0.0884215956	-0.0335098672	0.0376204078	-0.0312200593	-0.0062112412	-0.0452651247	-0.0642111908	0.0538415025	0.0603396752	-0.0091843676	0.0379947478	0.0030625468	-0.0419202855	-0.0941582065	-0.0209760505	0.0879102733	0.0345931346	-0.0114814798	-0.0325473147	0.0655770497	0.023891418	0.0405127061	0.0668289346	0.0910820391	0.0436486363	0.0003929382	0.0782271253	0.0378277566	0.0178004999	-0.0183914514	-0.063986344	-0.0313104537	0.0449836869	0.0211346227	-0.0700538683	0.0070621711	0.0631544969	-0.0855949885	-0.1173607975	-0.0053199191	0.0913783114	0.007781807	-0.00063845	-0.0117337077	-0.0133861004	0.0972072002	0.0375204083	-0.0032739207	-0.0918544915	0.1044801196	-0.0334163204	0.0526476605	0.1716079248	-0.0343895183	0.0054019034	0.0308444447	0.0368028663	-0.0224401686	-0.1052276755	-0.1289309381	0.1070283035	0.0481384283	-0.0067715514	0.0277901419	0.0234475625	0.0535455278	0.1029113964	-0.088154968	-0.0162002361	0.0417117423	-0.0153841558	-0.0875333783	-0.0181431203	0.0391845075	0.0557044249	-0.0100072116	-0.02393545	0.0024775993	0.0398527011	0.1359367576	0.1568451518	0.0036761706	0.0125419988	-0.0686731873	0.0124151771	0.0263159883	0.0701642482	-0.1128618301	0.0279663299	-0.0248775839	0.0131246568	-0.0629791217	-0.0170122406	0.0784007389	0.0629542861	0.0126333239	0.0701514553	0.0161358195	0.0420508798	0.0634149635	0.0579350197	0.0692449003	0.0133781396	-0.0647376884	-0.0116888112	0.0479897906	0.0218316599	-0.0177276811	-0.0130271738	0.0628405782	0.094142552	0.1748111806	-0.0429749597	0.1248373782	-0.0808105603	0.0324371857	0.0058978144	0.0486692126	0.0921688777	0.0411135128	0.0612534355	0.0906985417	-0.048512857	0.0131837281	-0.0525150805	0.0835312736	-0.0172539645	-0.0536493749	-0.1155088641	-0.1062542195	0.0616705823	-0.0210059349	-0.006183331	-0.0119911311	-0.000471108	-0.0991276159	-0.0875517861	0.0074195874	-0.0202830972	-0.0190119645	0.0603445719	0.0143374555	0.1407831485	0.0598692863	-0.0185978124	0.0721888706	-0.0053143875	-0.0751514991	-0.0565994254	0.0448541399	-0.0575856277	-0.0170393326	-0.0150975751	0.0033805357	-0.0017637325	-0.0658008914	-0.1042501559	-0.0147222504	0.0708331073	0.0041578383	-0.023929798	-0.0442766631	-0.0109735032	0.0233218357	-0.0708080357	0.021041479	0.0275107324	-0.0551252181	0.0785214245	-0.0211990612	0.0158442251	-0.087866284	-0.0457030134	0.0723354508	0.070284102	-0.0484514532	-0.0867489121	0.018972371	0.0931961179	0.0	0.0436645913372615	-3.013437422789977e-05	0.00190659653665	9.080805101071099e-10	-0.016341080174044	-0.0124048392634961	0.0001538800371531	0.0002670309012545	-0.1527338069648678	0.0004032162839351	0.0233276157899815	1.625833716304388e-07	0.0029156823660346	0.0003137706426137	8.501203659605123e-06	9.8452016166277e-08	0.003254073103093	7.712211869200002e-05	5.947821191542939e-09	1.0588991760273306e-05	-0.0013322466664083	-0.0001341093843757	1.774881180156028e-06	1.7985326977656055e-08	0.0	0.0	0.0	0.0	0.0	0.0	0.0	0.0	0.0	0.0	0.0
6222.757475662304	-3.158623897614234	38722710.600911096	9.976904926579737	15471.690171125068	47.975936181437646	2301.690452485378	239373196.7512881	6249.452322563188	-4.101835084193226	39055654.33199043	16.82505105791845	7365.381938179586	9351.760578197103	1.256272	24.319862	0.0411711079219963	0.0250882270049585	0.058850203	0.0614144645	0.1002996309	-0.0472302322	0.04397684	-0.0053534491	0.0433789434	0.0371473745	0.0514559492	0.0213430348	0.0139432821	0.0388099721	0.0954479765	-0.0156920809	-0.0160449695	-0.0138745507	-0.0138324211	-0.0508279125	0.0473734534	0.0596417578	0.0311136705	-0.0472460548	0.1660902262	0.0711271601	0.0758085979	0.0580878038	-0.0042261103	-0.0792700456	-0.0822003392	-0.0697430029	0.018538144	0.1065007412	-0.0334612682	-0.0449712194	-0.0264366203	-0.0487161723	0.0038865581	-0.1763524936	-0.0736542824	9.43017e-05	-0.0226737257	-0.0033257693	-0.0788288166	0.0131330892	0.0250647477	0.0296259572	-0.0302696898	-0.113490822	-0.147262122	0.0193510652	-0.0066952317	0.0776826535	-0.0321841307	-0.0021957567	0.1511903721	-0.1175520733	-0.0416588666	-0.0071608423	0.0170454794	0.2147073832	0.0283045536	0.0446438573	-0.0634493506	-0.0127281131	0.0679600445	0.0098270565	0.0210688395	0.0460504395	-0.0053325922	-0.0192378449	-0.0442537004	-0.0588160394	-0.0303493485	0.0169897676	0.0708625638	0.1107816059	0.1735169133	-0.0006781507	-0.0353398356	0.0108015257	0.0767397069	0.0488807423	-0.0348972877	0.0251508368	0.0927909461	-0.0056132753	-0.0439879526	-0.0625668177	0.0107296947	-0.0882147287	-0.0028322109	0.0621478395	0.1044321424	0.0116552533	0.0534887806	0.0010402527	0.0595966353	0.0789856557	-0.0550653405	0.0511764221	-0.0058078282	0.1049080543	-0.0011234816	-0.0166263757	-0.0144598796	0.0106545111	-0.0088086431	0.058106438	-0.0080822507	0.0451675101	0.0403889152	0.0910009373	-0.0208110603	0.0760525341	-0.0065208997	0.1462362001	0.1190386486	-0.0521812269	0.0118169919	-0.0243704159	-0.0198157748	-0.1161552371	-0.0585697209	0.0118528619	-0.1588441668	0.0607032111	0.0211950761	-0.0300678196	0.0943396595	-0.0895821235	-0.0826642516	0.0015515653	0.047826854	0.068862426	-0.0977864782	0.251013999	0.0420253907	0.0413563139	-0.0110878524	-0.0133466309	0.0106316567	0.0582597721	-0.0149622005	-0.0719313324	0.0115252471	0.0651413826	0.0237705962	0.0709633205	-0.0310277771	0.0658745802	-0.0680520274	0.0052859568	0.0083173226	-0.023533386	0.0761045534	0.0024087081	0.0494094576	0.0191939481	0.0548970005	0.0415037237	0.0555211146	-0.0089948198	-0.0720420194	-0.0042547027	-0.0548790654	-0.0937978626	0.0157293223	0.0048591467	0.0539913298	0.0307398855	0.0145875891	-0.0886864774	-0.0423348324	0.0754412237	0.0659380473	-0.0548112574	-0.0830867868	0.0288159833	0.0921024127	0.0	0.0437763344353498	0.0001117430980882	0.0019163674565955	1.2486519970371178e-08	-0.0086894520427875	0.0076516281312564	5.854741305903583e-05	7.550657680390385e-05	-0.1388094175928813	0.0139243893719865	0.0192680544124749	0.0001938886193826	0.0025907402181011	-0.0003249421479335	6.711934877686535e-06	1.0558739950363661e-07	0.0033022630647758	4.818996168279993e-05	2.322272406989725e-09	1.0904941348982458e-05	-0.0013487815032053	-1.6534836797000088e-05	1.8192115433887489e-06	2.7340082790342816e-10	0.0	0.0	0.0	0.0	0.0	0.0	0.0	0.0	0.0	0.0	0.0
6225.137832242035	2.380356579730688	38752341.030411065	5.666097446667176	15404.576951167754	-67.11321995731487	4504.184293038927	237300991.0444488	6249.463620129586	0.0112975663978431	39055795.5393232	0.0001276350065136	7365.849749812512	9355.963896737228	1.200502	23.240213	0.0490607974763797	0.0244064093658283	-0.023417197	-0.0332649588	-0.0311950508	-0.1091606749	0.0072226551	-0.0031875148	-0.0401352935	0.0180315713	-0.0252710022	-0.0485889726	0.0646200998	-0.038261161	0.0476774625	-0.1181349384	-0.0836859499	0.0190615012	0.0172943895	0.0063208644	-0.0251891222	0.0781918599	-0.0531253692	-0.000938801	-0.0322896231	-0.0480408065	0.0221325836	0.0088989573	-0.0687313542	-0.0050962295	0.0758257993	-0.0375615964	0.0688560491	-0.1019915944	-0.1040288485	-0.0926403048	-0.0350426483	0.0126114935	0.0169852513	-0.097816242	0.0690356535	0.0327747306	0.0188152311	0.0617953186	-0.0224168573	-0.0383742663	0.0876398985	-0.0453876747	0.0218256025	-0.0620892388	-0.0534964778	-0.0366704858	-0.0107296341	-0.1029318793	0.0477771402	-0.0290365398	-0.0315592111	-0.0290901399	0.0443915105	0.0209673793	0.0218084344	0.016039991	0.0469944009	0.0548972651	0.0097611468	-0.019128538	-0.0759501975	0.0621102984	0.0344570074	-0.0883167097	0.0156731953	0.0116683613	0.061211162	0.1035466883	-0.0598503541	-0.0088976433	-0.0078734561	-0.0347549262	-0.0750918531	0.0719461133	-0.1025673338	0.0627705584	0.0311085903	-0.0473270808	-0.1149041447	-0.137915836	0.0384286852	0.0081853243	0.0329585701	-0.0544733437	0.0240380561	0.0008450797	0.0580908337	-0.0181902828	-0.0767697002	0.0028169494	0.0901725428	0.0525603559	0.0478098552	0.0324199379	-0.0670981086	-0.0343127887	-0.0141859181	-0.0540219705	-0.0228769711	-0.062652749	0.0166118704	0.0041046395	-0.0637526652	0.1061340259	-0.0608639622	-0.0533704022	-0.0306012089	-0.0488849655	0.0470705603	0.1038891987	-0.0200008413	0.0715570068	-0.0290866808	-0.0404146698	-0.0281824363	0.0207607763	-0.0254906094	0.0407965778	0.1218787153	-0.0715559858	0.0082935851	0.0032466575	0.0406121455	0.0248042459	0.040080077	0.0548260411	0.0713081758	0.0989037009	-0.047677036	-0.010800537	-0.038467729	-0.0354394496	-0.0617169533	-0.021770334	0.0461503539	-0.0043033592	-0.0754880248	0.056222463	0.0049545519	0.0153557825	0.0041377037	-0.0846248223	-0.0013185492	-0.0314032774	-0.0279873228	-0.0107287292	-0.0738894169	-0.0048363555	-0.0088866091	0.047913411	0.0411391463	-0.0103626591	-0.0963021888	-0.0497328144	0.0599530789	0.0366862045	0.0250974025	-0.0680058371	0.0018748484	0.0170260293	-0.007949574	-0.0153816001	0.0180020057	0.0886831858	-0.0229154941	0.0451907243	0.0133282315	-0.0894404896	-0.0388955753	0.0783218503	0.061284559	-0.0608031248	-0.0786656624	0.0383158593	0.0896185849	0.0	0.0557825425027687	0.0120062080674189	0.0031116920480731	0.0001441490321581	-0.0141843686691061	-0.0054949166263186	3.0194108730192587e-05	0.0002011963145411	-0.1528434760838735	-0.0140340584909922	0.0233611281814016	0.0001969547977285	0.0027720429871142	0.0001813027690131	7.684222322409017e-06	3.287069405181753e-08	0.0033393240909709	3.7061026195100034e-05	1.3735196626338907e-09	1.1151085384538628e-05	-0.0012166330125805	0.0001321484906248	1.4801958873007029e-06	1.7463223574412863e-08	0.0	0.0	0.0	0.0	0.0	0.0	0.0	0.0	0.0	0.0	0.0
6224.991674094549	-0.1461581474859485	38750521.342546456	0.0213622040765242	15463.57833514636	59.0013839786061	3481.1633113909165	239122254.92720783	6248.379887006103	-1.0837331234833982	39042251.2123424	1.1744774829350826	7365.741187561065	9340.029529038458	1.134652	21.965445	0.0453688138588537	0.0236656429038381	0.0267038783	0.0155859397	0.0847246589	0.089396013	0.018418766	-0.0062239009	0.0878348052	0.0160801079	0.1096953765	-0.0011686262	-0.0498253543	0.0070572796	-0.0300168114	-0.0163779478	0.0197299168	-0.0296520438	0.0399040909	-0.0633768603	0.0363854182	-0.0741338857	0.0205863802	0.1245281518	0.0212274267	0.0942888814	0.059843778	0.0112709293	-0.0097885676	0.1296893072	0.068054669	-0.0498602412	0.0098188223	-0.0361485062	0.0482612752	0.0227161816	0.0094627545	-0.0925322905	0.0645958347	0.0364769917	-0.0165876912	0.0194589368	-0.0736562225	-0.0680069864	0.0540927588	-0.0335294375	-0.0283188908	0.08056011	-0.1072461363	0.0022022492	0.0169434999	0.08562879	0.0777101101	-0.0033218734	-0.034192634	-0.0684502291	0.0606027239	0.1464669517	0.0434569753	-0.094991309	0.02084511	0.0668443437	0.0548664179	-0.0204069525	0.0098247014	-0.080986004	-0.044739904	-0.0153100931	-0.0883504389	0.0116781377	0.0193026392	-0.1280412407	0.0161720472	-0.0752436405	-0.0381099952	-0.060234605	-0.0258331941	-0.1902014823	0.0145809281	0.157014084	-0.0233479508	0.0160267503	-0.0220150778	0.0252942017	-0.0113129405	-0.0240209014	-0.0165951	0.0342027462	-0.0312319289	0.0197542846	0.0011213051	-0.0840005855	-0.0964702077	-0.0684040713	-0.0007320073	0.0744178769	0.0303263551	-0.0457944551	0.0639090058	-0.0513235036	0.0306387989	-0.1137670551	-0.0321531913	0.0128171672	0.0184895751	-0.0233835102	0.0088905272	0.0096013698	-0.0872593084	-0.0099076354	0.0777532066	0.039647243	0.0972374185	-0.0094907125	-0.0168191703	0.0699210206	0.0694208536	-0.1218876172	-0.0653705125	-0.040494162	0.0139833738	-0.0699230819	-0.0525508943	-0.0948001416	-0.0410190721	0.0077446202	-0.0456238018	0.027921075	-0.0947279834	0.0444226777	0.0835916984	0.0008873876	0.067196625	0.0731029628	0.0416006215	-0.051838018	0.0431937433	-0.1888283436	0.0107408832	0.0668075952	0.0600314668	-0.0972877685	-0.0613939204	-0.108786769	0.0223643925	-0.0222105555	0.0367606806	-0.02700924	0.0108348948	0.0466276651	-0.0227270473	0.0076371781	-0.0864230793	-0.0037917711	-0.0026736696	-0.0457491562	-0.0218807107	-0.0707877415	-0.017643474	0.0405369037	-0.0399168827	-0.0741480907	0.0486743789	0.0461947348	-0.0467132733	-0.0783348954	0.00402153	0.0011307475	-0.0364738609	0.008649603	0.0213434404	-0.0687989241	0.0120663873	-0.090127758	-0.0353910162	0.0809687338	0.0563453339	-0.0663868332	-0.073525926	0.0473586783	0.0857821235	0.0	0.0438036903491791	-0.0119788521535895	0.0019187632882067	0.0001434928989175	-0.0164318542905732	-0.0022474856214671	5.051191618701358e-06	0.0002700058354266	-0.1557735094453605	-0.002930033361487	0.0242653862449238	8.585095499426841e-06	0.0029799195066907	0.0002078765195764	8.879920266355745e-06	4.3212647391238974e-08	0.0035640064434296	0.0002246823524587	5.0482159506375575e-08	1.2702141928807707e-05	-0.0013483229949915	-0.000131689982411	1.8179748988228489e-06	1.7342251467409527e-08	0.0	0.0	0.0	0.0	0.0	0.0	0.0	0.0	0.0	0.0	0.0
6221.457558469383	-3.534115625166123	38706534.15183581	12.489973252043338	15422.531791847969	-41.04654329839104	1684.8187167466906	237854486.8705613	6254.750560301823	6.3706732957198255	39121904.57159597	40.585478240797705	7366.120857063595	9396.34579987994	1.164462	22.542522	0.0125730830040161	0.0076805633013983	-0.0729916038	-0.0563903611	0.0106803414	0.0041775632	-0.1033227366	-0.0096264557	-0.076156889	-0.002546274	0.0732355844	0.0023616616	0.044893152	0.0200720942	-0.0131723424	-0.0146194297	-0.0605269539	0.090380432	0.0344047811	-0.0372959796	-0.0519861794	-0.0035998167	-0.0411510078	0.0332867057	-0.0685184708	0.071473778	0.1193255898	-0.0486709903	0.0395265853	-0.0206065531	0.0387230882	-0.0085384479	-0.0267203517	0.0685888816	-0.0633635399	0.1019182021	0.0136733886	-0.0651013516	-0.0199607723	0.0957475429	-0.0098454299	0.0400284256	0.0514131038	0.0890836126	0.0082493832	-0.0594842892	-0.0430927088	-0.0605272703	0.0392239616	0.1161727542	0.0383063797	-0.0707941686	0.0045484612	-0.028466022	-0.0527837925	0.0435164362	0.1616556144	-0.0642707849	-0.0651746161	-0.0748905546	0.1292637465	-0.0972674597	-0.0735446252	-0.0193531457	0.0084488872	0.0864676377	-0.0432868898	0.0392337951	0.0762537398	0.1015200901	0.1475555389	-0.0852422513	0.0129773879	0.0430795498	-0.0385783272	-0.0784215758	-0.0440795892	0.0296153505	-0.0633230352	-0.058886558	0.0424747567	0.0982218997	-0.0014238263	0.1134026501	-0.1186239624	-0.0413889911	-0.0816170999	0.0066584817	0.0942465283	0.0092179125	-0.0293099002	-0.0343888971	0.0139833481	-0.0310784123	-0.0569056537	0.0899322408	-0.0391601745	0.0656098045	0.1531515812	-0.022790013	0.0593863928	-0.1116796507	0.0350752315	0.0475182141	-0.0193348911	0.0666279203	-0.0729188257	0.0192391866	-0.0447875898	-0.0207237025	0.0462994806	0.010658959	-0.0278519233	0.0089199605	-0.1078163172	-0.1020907231	0.0012350861	-0.0012839676	-0.0072038718	0.0309570031	0.0728598949	0.064822645	0.0748733982	-0.0253611286	0.1178695858	-0.0481060894	0.0280376298	0.0053371536	-0.0769008829	0.0126741273	-0.1283734963	0.1301803912	0.0755416189	0.0474492654	-0.0264284118	0.1144294509	0.0867371659	0.0389480121	0.1085855686	-0.0323767419	-0.0736734536	0.0098030072	0.000989935	-0.0762306804	-0.1460560996	0.0473152089	0.1252407719	0.0045102907	0.0069746345	-0.0945236235	-0.0432394751	-0.003529065	-0.0958336192	-0.0298517645	0.0647593848	-0.0018259456	-0.0453422276	-0.0158754913	-0.0681808746	-0.0812493624	-0.0097984673	0.0629534932	0.0581656897	0.0408929328	-0.0044809083	-0.1109329032	0.0803338601	0.1264352621	-0.0246296234	-0.0232452745	0.0081542907	-0.0697230806	0.0108022918	-0.0907477697	-0.031827039	0.0833739747	0.0511434007	-0.0715249003	-0.0677145291	0.0558365714	0.080650933	0.0	0.0467372865977608	0.0029335962485817	0.0021843739585212	8.605986949692626e-06	-0.016475509921733	-4.365563115980159e-05	1.9058141319606394e-09	0.0002714424271811	-0.1568297609203952	-0.0010562514750346	0.0245955739103483	1.1156671785129506e-06	0.0028439320985063	-0.0001359874081844	8.087949780914446e-06	1.8492575184710644e-08	0.0035956065469515	3.160010352189994e-05	9.985665425947927e-10	1.292838644048049e-05	-0.001345118913713	3.20408127850013e-06	1.809344892028441e-06	1.026613683923503e-11	0.0	0.0	0.0	0.0	0.0	0.0	0.0	0.0	0.0	0.0	0.0
6207.298556094125	-14.159002375257842	38530555.36448821	200.4773482625572	15441.422035700158	18.890243852189087	356.8413127951676	238437514.4846064	6238.231384231761	-16.519176070061803	38915530.80321411	272.8831780337025	7358.5881539975135	9341.92681385717	1.273203	24.647625	0.0541906845586077	0.0289484702775226	0.0255657997	0.1078889661	-0.0192257783	-0.0211892278	0.0569370219	-0.0661813112	0.0883280151	-0.0290976993	-0.0319066142	0.0573642317	-0.0085425607	-0.0024996872	0.0965234394	0.0031788043	-0.0005035472	-0.0966128648	0.0451844583	0.0227500932	-0.0599376186	0.0126798053	0.0629336382	-0.0233331916	0.0775779006	0.0190961422	-0.0583626757	0.0666170618	0.0229969292	-0.0674207839	0.0550506897	0.0321828112	0.0197387074	-0.0458736474	0.0677438879	0.0358652696	0.0319441087	0.0403213887	0.0666443476	0.0453005626	-0.1008394253	0.044934096	0.10394844	0.0124790955	0.0182435211	0.1152743433	0.026922277	-0.0109716601	0.1274727735	0.0211494084	0.1005964307	0.0587281228	-0.0033063479	-0.007800556	-0.0129537769	-0.0138900232	-0.0069611894	0.0358588592	-0.0307590188	0.0649711349	0.1094423605	-0.021263652	0.0110923707	0.0710047242	0.0826999195	-0.0195288954	-0.0133113285	0.0463950324	0.0532393053	-0.0546130912	-0.0699015701	-0.0142225091	0.058372285	-0.0002376927	-0.0130696885	0.102743077	-0.0390117184	-0.0663949928	-0.0088802258	0.1041693274	0.1028942671	0.0068762921	-0.0869520422	0.1076556196	0.0220602214	-0.0120084759	-0.0853497336	0.073251267	-0.045907614	0.0103785637	-0.0260952247	0.0512062259	-0.0411591971	0.0447360665	0.097656092	-0.0203296691	0.0426755095	0.0772693198	0.075738697	0.0312211097	-0.0014597165	0.0761060117	-0.02489906	0.0320086835	0.0773899436	-0.0359398711	-0.028878349	0.0338366511	0.0361109241	-0.0098345037	0.1000245317	-0.0425363986	-0.0132988819	0.0133959642	0.0727229302	-0.027293161	-0.0650812468	-0.0178503299	0.0193236196	0.0430508901	0.1012274139	0.04071079	-0.0267299818	0.0821440751	0.0740423908	-0.011609361	0.1843289337	-0.0281636098	-0.0100993849	0.0430024399	-0.0194157703	0.0985630439	0.1209543087	0.0422466217	-0.0089402114	-0.0373367001	0.0223852912	-0.03931681	-0.01937132	0.1374607814	-0.0774082604	0.0474116451	0.0858763464	0.0179584471	-0.0391304155	0.1461224998	-0.0032084176	0.0388865756	0.0273637557	0.0723786515	-0.0928229335	0.0045743135	-0.0209399803	0.0170777334	0.0955626167	0.0173609358	-0.0342661006	0.062568952	-0.0126718394	0.0636264781	0.0676887078	0.0412605799	0.1011284735	0.0392797246	0.0460952535	-0.0377373792	0.0482659262	0.0476087064	0.0862649447	0.0207573429	-0.0216169226	-0.0164493095	0.0095361811	-0.0913000619	-0.0282096273	0.0855303949	0.0457030134	-0.0761828353	-0.061284559	0.0636484088	0.0743024598	0.0	0.059303131928317	0.0125658453305562	0.0035168614565073	0.0001579004688714	-0.0198772850799855	-0.0034017751582524	1.15720742273038e-05	0.000395106462151	-0.1456372706930011	0.0111924902273941	0.0212102146149064	0.0001252718374903	0.0025061593606097	-0.0003377727378965	6.280834740771621e-06	1.140904224661651e-07	0.0035139802403925	-8.162630655899998e-05	6.6628539224638436e-09	1.2348057129868932e-05	-0.0012239064813205	0.0001212124323924	1.4979470750183275e-06	1.4692453766506371e-08	0.0	0.0	0.0	0.0	0.0	0.0	0.0	0.0	0.0	0.0	0.0
6206.645423201513	-0.6531328926121205	38522447.40934829	0.4265825754118757	15438.17209853804	-3.2499371621179307	10.56209155771515	238337157.74407843	6244.284623662423	6.053239430661961	38991090.46130697	36.64170760492074	7359.000126542845	9322.29300722211	1.255514	24.305185	0.0367446767848037	0.0222399722114485	0.0446871664	-0.0961219588	-0.0369273481	0.0061994351	0.0413910583	0.0956744447	-0.0967555089	-0.0548142777	-0.0411105336	0.0080631829	-0.0655940449	-0.0253618421	0.0590716656	0.0454602524	0.0669659583	0.069313669	-0.101545027	0.0593634054	0.0043681771	0.0087634143	0.0084932405	-0.0081402728	-0.0423761001	-0.0487930154	-0.085496867	0.0337708587	0.0108275953	0.025428154	0.0815058075	-0.0057370099	0.0254804327	0.0594916854	-0.0233097364	-0.0791094998	0.1213362962	-0.0812728939	-0.0387362331	0.0552922583	-0.0118969794	-0.0897191572	-0.0254482971	-0.0160020579	0.0574767321	-0.0145688307	0.1041271448	-0.0230188574	0.0724729831	-0.0631116442	0.0759497262	-0.1524665067	0.0995039743	-0.0380048697	-0.0194446915	0.150386142	0.0521994174	0.0963314398	-0.0838845871	-0.0575291074	-0.0095699235	-0.0057684856	-0.0018492923	-0.0626266628	0.012150357	-0.0813691528	-0.0391896828	-0.0289129423	0.0119495256	0.0038630653	0.0065925644	0.0980278061	0.1301174597	0.0257330872	0.0334907823	0.0658761678	-0.0971352468	0.0132044385	0.0616001383	-0.1741060454	0.0243293607	-0.0200407754	-0.0028971196	0.0394252611	0.0164287515	-0.0643572181	-0.0240018689	-0.1014215212	0.0429353414	0.0354457514	0.0661100317	0.0438878951	-0.0178574241	0.0627363071	0.0334111494	-0.0908813258	-0.0896840869	0.0201518401	0.0907493219	-0.026077371	-0.0175211812	-0.0447745692	0.0410309529	0.0410259426	-0.0978370576	-0.1234657059	0.031624002	-0.0937076179	0.0059722575	-0.0246076888	-0.0320903839	-0.0895815292	0.1731197658	-0.117828301	0.002957545	-0.0260210897	-0.0041065084	0.0122490531	-0.0818681274	0.0030332373	-0.0108889404	0.0720213508	0.0221688577	0.0368443343	0.0252384477	0.018978495	-0.0345541478	0.005757373	-0.0081043095	0.057629407	0.0221827326	0.0822746915	0.0336013923	-0.0167530801	-0.0612064784	-0.0961793523	0.0877466285	0.0103064601	0.0873950054	-0.012423281	0.0940019707	-0.0310360255	0.0420805994	0.0121668718	-0.0606855973	-0.0465218906	-0.065254445	0.0812147015	0.0498456047	-0.0279909332	0.0534854357	-0.073677176	-0.0894888204	0.0526733528	0.1051391566	-0.0058262441	-0.0218097346	0.0139585446	0.086440773	0.0341984767	-0.0715621619	0.0818153092	0.0388980159	-0.0245033784	0.0262734485	-0.0059733842	0.0523442101	0.0417044528	0.0257702637	0.0512780655	0.0036044121	0.0343254367	0.0082682911	-0.0917842227	-0.0245448544	0.0874315588	0.0400495376	-0.0803293705	-0.0542947536	0.0707010056	0.0668325226	0.0	0.0612015306354294	0.0018983987071123	0.0037456273521194	3.603917651166028e-06	-0.0163477380883989	0.0035295469915865	1.2457701965818012e-05	0.0002672485406068	-0.1441506583574963	0.0014866123355047	0.0207794123048996	2.210016236075003e-06	0.0028978020490482	0.0003916426884385	8.397256715467947e-06	1.5338399540733597e-07	0.0034230793599112	-9.090088048129994e-05	8.262970072275577e-09	1.1717472304250072e-05	-0.0013379652874127	-0.0001140588060921	1.7901511103213488e-06	1.3009411247178064e-08	0.0	0.0	0.0	0.0	0.0	0.0	0.0	0.0	0.0	0.0	0.0
6210.860033015625	4.214609814112009	38574782.34971085	17.762935885209263	15428.94358394317	-9.22851459486992	85.16548162772715	238052300.1165011	6242.887227452273	-1.3973962101499635	38973640.93468673	1.9527161681414813	7361.361266970576	9307.177216453289	1.295992	25.088783	0.0168275574947593	0.0097186220428018	-0.1021045196	0.062095408	-0.0334179488	0.063506896	-0.0085225694	-0.0992018013	-0.0097764342	-0.0349036314	-0.0594921051	-0.0286748341	-0.0620682702	-0.0398764317	-0.0573096295	0.0622848353	0.0020113927	0.0356663144	0.0946953251	0.0224503821	-0.003343366	-0.0241505381	0.0323097823	-0.0043550323	-0.0533084362	0.038715124	0.1292058698	-0.0760558669	0.0145122816	0.0012294532	0.0574538238	-0.0387890964	-0.0947495935	0.1304847157	0.0626322826	-0.0537457256	0.0005580619	0.0081538833	-0.1223827242	0.1100154059	-0.0613917382	-0.0462151698	0.065202852	0.0620287712	0.0833323186	-0.0403961699	0.055660366	0.0436271484	0.0809244562	-0.0194035366	-0.0100270195	0.0946662862	-0.1093558166	0.0226796281	-0.0261924877	0.0575426005	-0.118655175	0.0316344136	0.0527363184	0.1276455416	-0.0662434442	0.1231089381	0.0850823621	-0.0262129351	-0.093385791	-0.0586892799	-0.0147409494	-0.1134001145	-0.0987981582	0.0189687228	-0.0157545388	-0.1088269594	-0.0143149087	0.0328116201	-0.1001033147	0.0662564855	0.0637678983	-0.0281336391	-0.096763064	-0.1477148957	-0.056566405	0.1115660445	0.0314987749	0.0580653391	0.0113610205	-0.0530065175	0.1287602407	0.0974457224	0.0178597856	-0.0244916627	-0.0048358431	0.0350285142	-0.0169268699	0.0125720594	-0.0412457852	-0.0011903488	-0.0729920499	-0.0379793831	0.029862032	0.0774710358	0.1223540506	-0.0251599569	0.0635601908	-0.0134105885	-0.0775673142	0.0531045279	-0.0396481343	0.0429888445	0.0707509133	-0.087287189	-0.0507060048	-0.011485206	0.0262229484	-0.0095975428	-0.0055640742	0.0387022694	0.1760952482	0.0929417208	0.0086327844	0.0129956084	0.0573208414	-0.0035120075	0.0543641908	-0.0381625862	-0.1510825513	-0.0870957791	0.0374452147	0.016410637	-0.0127743345	0.1030751441	-0.1236278029	-0.0989269483	0.0132565305	0.0272616771	0.051242888	0.0690315915	-0.0698002666	-0.0205807971	-0.0277804087	0.0519363254	0.0086556608	0.057393807	-0.0423856136	-0.0067224318	0.1032043078	0.0156851297	-0.0527427265	0.005088863	0.0026286374	-0.029284247	-0.0988364989	0.0384675969	0.0293616661	0.0325472651	0.11038845	0.0230062812	-0.0420428192	-0.021684718	0.0418899101	0.0021468104	-0.0744990461	-0.0389850633	-0.0446244479	0.0066410478	0.0320770199	-0.0402055527	-0.0006798546	-0.0156718259	0.0557903035	0.1155683928	-0.0082264271	0.0890238958	0.0069988586	-0.0921998906	-0.020838873	0.0890717925	0.0342093323	-0.0839366709	-0.0468089647	0.0769102337	0.0583538671	0.0	0.0653513216585679	0.0041497910231384	0.0042707952425216	1.7220765535720862e-05	-0.0164976632028412	-0.0001499251144423	2.2477539940537212e-08	0.0002721728911543	-0.1527179047467299	-0.0085672463892335	0.0233227584302312	7.339771069383599e-05	0.0028577377897038	-4.0064259344399934e-05	8.16666527470116e-06	1.6051448768153372e-09	0.00342315877661	7.941669880008259e-08	6.307012048303041e-15	1.1718016009882072e-05	-0.001298897064097	3.906822331569988e-05	1.6871335831198063e-06	1.5263260730453952e-09	0.0	0.0	0.0	0.0	0.0	0.0	0.0	0.0	0.0	0.0	0.0
6210.558447558909	-0.3015854567156566	38571036.23054533	0.0909537877023912	15457.148616742485	28.20503279931472	795.5238752104193	238923443.3600641	6240.181600512276	-2.705626939996364	38939866.40737195	7.320417138434088	7369.550356627792	9345.454601760426	1.355606	26.242828	0.0270746443944452	0.0156638064926263	0.107606544	0.0135752741	-0.0506670576	0.0399246118	0.0001116886	0.0866230764	0.0814258978	-0.0551061489	-0.0777713897	0.0184842511	-0.0033254583	0.0957035289	-0.0191637702	0.0276589584	-0.0236741074	-0.0736370091	-0.0804868879	-0.0013281854	0.0196635937	-0.0611732377	0.0285053338	0.0199666886	0.0311075693	0.0542105211	-0.0443466867	-0.031985786	-0.0797294266	-0.0438649116	0.1028042686	0.0318932601	-0.0989972497	-0.0842493272	0.0531836415	0.0162170086	-0.0450426677	-0.0251696801	-0.0870097401	-0.0638876934	0.0308893929	-0.0820015268	-0.0157822081	0.0397285148	0.0056603162	-0.0288069463	0.0037502738	-0.0605216527	0.0207550482	0.063065105	0.0516269421	-0.0031045736	-0.0019515659	-0.0257903175	-0.0826539565	0.0312767796	-0.0340896295	-0.1860483213	-0.0703476924	0.070325817	-0.0447425341	-0.0572210252	-0.1000279533	-0.0645281058	0.0537422559	-0.0133850574	0.2095793532	0.0918571575	0.0874770843	0.005626126	0.0757729061	-0.0139277628	-0.0014456142	-0.0279479207	0.0495337908	-0.0192705314	-0.1625973187	0.0329399182	-0.1259956368	0.075434409	0.0107503266	0.0477194278	0.0774581346	-0.0272911625	-0.1113027586	0.0532740668	0.0657102935	-0.0459804687	-0.0963374754	0.0500269606	-0.0077308972	0.0102176003	-0.006662214	0.0033593143	0.0183373982	0.0678913059	0.017848873	-0.0637299451	-0.0182973489	-0.0152799078	0.0997990483	0.0494645255	0.0081591925	-0.0310079968	0.0053421964	0.0062015996	-0.0135022243	-0.0101357172	-0.0026639094	-0.0623369934	-0.0496478019	-0.0535094512	-0.0462256593	-0.1521793926	0.061010321	6.68616e-05	0.0273770438	0.0158943486	-0.0137835769	0.0370584283	-0.0478963375	0.0904663549	-0.0712053224	0.0153792235	-0.031202242	-0.0341208794	0.0592324652	-0.0069007968	0.0724085455	-0.0069247092	-0.0149826416	0.086674243	-0.0617806592	0.0061631263	-0.0146789618	0.1797018903	0.028249185	-0.0378107798	-0.0057405149	-0.0905182635	-0.1477857313	-0.1125929867	-0.0329538804	0.0229270217	-0.0696972998	-0.0575952498	0.0003466666	-0.06604934	0.0267014369	0.0975679239	0.0512502835	-0.0191853241	-0.0249369863	0.0583554497	0.1102162882	0.0217170935	-0.0176012781	-0.0339972764	0.0215023357	-0.0011678196	-0.0290142428	-0.0521615917	-0.0365048095	-0.0377004586	-0.0815461152	-0.0550563051	-0.0049450502	-0.012700608	-0.0236035164	0.1185493346	-0.0214106842	-0.0269719402	0.0057281203	-0.0925467555	-0.0170979051	0.090446201	0.0282096273	-0.0869805215	-0.0388955753	0.0822020253	0.0489944635	0.0	0.0656459646063041	0.0002946429477362	0.0043093926690921	8.681446665068103e-08	-0.0127935508455721	0.0037041123572691	1.3720448355273665e-05	0.0001636749432382	-0.1528868772106548	-0.0001689724639249	0.0233743972232258	2.8551693564856945e-08	0.0027668908520256	-9.084693767820016e-05	7.655684987022951e-06	8.253166085506786e-09	0.0031698742607826	-0.0002532845158274	6.415304595792055e-08	1.0048102829172034e-05	-0.0011848901850923	0.0001140068790047	1.4039647507280651e-06	1.299756846039231e-08	0.0	0.0	0.0	0.0	0.0	0.0	0.0	0.0	0.0	0.0	0.0
6217.376123113302	6.817675554392736	38655765.8562594	46.480699964964295	15406.950874167656	-50.19774257482823	2519.8133596087223	237374135.23901552	6246.373985330412	6.192384818135906	39017187.964612536	38.34562973588006	7361.327966254923	9299.838239565832	1.27529	24.688028	0.0222143877678798	0.0126412272061835	-0.0644257618	-0.0752122406	-0.0025328686	-0.0601534188	0.0093514882	0.000744888	-0.1285278692	0.0223149262	-0.0121077305	-0.004928048	0.0660006215	0.0714127501	0.0044633398	-0.0260691182	0.0395439728	0.092523152	-0.0082866249	0.0589262238	-0.061423156	0.0823628038	-0.0417026983	-0.0780381375	0.0840811824	0.0806470778	0.0547409024	0.011613057	-0.0076170449	0.0339910923	-0.0239166227	0.0211558564	0.1047410726	-0.0222896303	-0.0768948132	0.1337649675	0.0228722575	0.0357602138	-0.0590155469	0.0377060661	-0.0136827564	-0.0522057389	0.1036961586	0.0039413708	0.0806411624	0.0995800115	-0.0290074908	0.033803005	-0.0885743816	0.1229054534	-0.0485209737	0.046876289	0.0586777222	0.0109159852	0.1319162666	-0.0368726663	0.0147218864	0.021148234	-0.0961893851	0.0325318508	-0.0445783945	-0.0039857266	-0.0168042111	0.027532085	0.0266372194	0.0203733307	0.1083773883	-0.0344259213	0.0276417663	0.0376479978	0.0324459577	-0.0073877527	0.0226225505	0.0153356916	-0.0085925544	-0.0249706721	0.0250938449	0.0048552014	0.1384115966	-0.0085100062	0.0167786274	-0.1876179707	-0.0947406386	0.0471131276	0.0856745873	-0.0240509312	-0.0668790177	-0.0478914858	0.0932767188	-0.0690010959	-0.0256406288	0.0317646256	0.0835787954	-0.0100857535	0.0336726934	0.0339133835	0.0636411314	-0.0630793942	0.036613091	0.0344843628	0.051979057	0.0695998214	-0.0381357067	-0.052825889	0.0515843609	0.0737925901	0.0211154359	0.0281725184	-0.0070807514	0.1185398093	-0.0179479924	-0.0143017012	-0.0027903071	0.0690380107	-0.1247779281	-0.0778144347	-0.046329772	-0.0716692868	-0.0339715369	0.0125218506	0.0073009076	-0.0198878794	0.1253229819	0.1036603373	-0.038929538	-0.0134575882	-0.0260543353	-0.0362543189	0.0437253366	0.0330168901	0.0883068291	-0.0352535308	0.0173248901	-0.0942062553	0.1484441526	-0.0315653927	0.0356757094	-0.072296105	-0.003885962	-0.0831690214	-0.0853256307	0.0336858384	0.0145152539	0.0179845057	0.0081902433	-0.0649714158	0.0029068321	0.0399289246	0.0271265902	-0.0957823032	0.0275983883	0.0541646938	-0.0273810116	1.5243e-05	0.1185675412	0.0414654729	0.0178476597	0.038312393	0.0139015473	-0.0361247946	0.0346192066	-0.0862765518	-0.0587790758	-0.0677045096	-0.0423943492	-0.0524005278	0.0660002628	0.0345703247	0.0201124274	-0.0069039778	-0.068772692	0.0205945315	0.0044563133	-0.0928245585	-0.0133282315	0.0915506825	0.0220783961	-0.0894404896	-0.0306268741	0.0865132565	0.0388955753	0.0	0.0649488184151465	-0.0006971461911575	0.0042183490135236	4.860128118455481e-07	-0.0165077840079987	-0.0037142331624266	1.3795527984869508e-05	0.0002725069328547	-0.1528561413039142	3.0735906740603225e-05	0.0233649999343221	9.446959631670587e-10	0.0029763983083506	0.000209507456325	8.858946889952315e-06	4.389337425577186e-08	0.0032798059513279	0.0001099316905452	1.2084976586147588e-08	1.075712707836591e-05	-0.0011488838818115	3.60063032808001e-05	1.3199341738862606e-06	1.2964538759489559e-09	0.0	0.0	0.0	0.0	0.0	0.0	0.0	0.0	0.0	0.0	0.0
6221.9909443898105	4.614821276508337	38713171.312068805	21.29657541411404	15433.93153658195	26.980662414292965	727.9561443140411	238206242.67589885	6243.228065450838	-3.145919879574649	38977896.67723301	9.896811888702972	7363.210984014335	9315.238803678272	1.253441	24.265047	0.0462287001746128	0.0248082005133793	0.0149109073	0.1147719554	0.0406707957	-0.0598182134	0.0867948399	-0.0564142033	0.0655306409	0.0516248127	-0.0737968	0.0226790627	0.0530649884	0.0252396396	0.0571134319	0.0167666205	0.1237992656	-0.0726782452	0.0443724496	-0.0033214473	-0.0726882733	0.0303804876	0.010942315	-0.0590205736	0.1027500515	-0.0186474384	-0.0438240072	-0.0354051952	-0.032261674	-0.0259407217	0.0106091327	-0.0957311655	0.0572527597	-0.1064353984	0.0117980906	0.0143880753	0.0420017768	0.0098806015	0.0256912088	0.0172901552	-0.0515060818	0.1326959653	-0.0833966583	-0.0540790111	0.0687251122	0.0002151479	-0.1022651629	0.0050156348	-0.0490528987	0.0622637458	0.0386920202	0.0753688001	0.0566117433	-0.0866984957	-0.0384660052	-0.0488046784	0.062233749	-0.0605351205	-0.054601258	-0.0312939049	-0.0415406488	-0.0353533785	-0.0115485046	0.0022467747	0.0756467963	0.0409556677	-0.068852704	0.0157855257	0.0300498491	-0.0235086588	0.0213578799	0.0716696957	-0.0193576038	-0.109796017	0.0704220561	0.0121783238	-0.0229019118	-0.0386512513	-0.0940704979	0.0632912409	-0.0935567052	-0.0167003522	0.0666328247	-0.0725220017	-0.0214002634	-0.0100982058	-0.0042835134	0.0669168808	-0.0670553377	-0.0925619242	-0.0143931681	0.0314625726	-0.0004471356	0.0435855798	0.0719387047	-0.0900500954	0.0203106996	-0.0045740176	0.0891482755	-0.0021601066	0.0729816811	0.0510909782	-0.035895812	0.0439576877	0.0678804961	-0.0503609312	-0.0384554577	0.0213303116	0.0096910431	0.0505635491	-0.0043861099	0.1243381157	-0.0229854362	-0.0371796754	0.0835794064	-0.1122043635	-0.0153964593	-0.0713594592	-0.0544216915	-0.0507420039	-0.0701253081	-0.0516194743	-0.0589384938	0.0734100793	0.0963333344	-0.030230157	-0.0010496876	0.0740917794	-0.1046693705	-0.0354220282	0.0623977064	0.0041831816	-0.0166028919	-0.019952058	0.101370251	-0.0119643468	0.0165172977	0.0232345139	-0.0027664949	-0.0507310744	0.0243553955	-0.023843063	-0.002008984	-0.0461714607	-0.0105908196	-0.0355617185	-0.042161268	-0.1362648272	0.0313605945	0.0776652953	-0.058470368	0.0901116276	-0.0168034734	0.0098752286	0.0854715353	0.085844003	0.012103492	0.0222026299	0.052308043	0.0699907137	0.0557538543	-0.0558769086	0.0124505414	-0.0253080964	0.0486774978	-0.0089211227	0.0508118219	0.04376207	0.0552435164	0.0256058896	-0.0308847324	0.0421237694	0.0031836749	-0.0930330924	-0.0095361811	0.0923819408	0.0158442251	-0.0913000619	-0.0220783961	0.0897925	0.0282096273	0.0	0.0514362189227028	-0.0135125994924437	0.0026456846170642	0.0001825903450431	-0.0164159743062981	9.180970170059866e-05	8.429021326352908e-09	0.000269484212425	-0.1433071263061407	0.0095490149977734	0.0205369324501241	9.118368742770318e-05	0.0027897109738171	-0.0001866873345335	7.782487317435551e-06	3.4852160875223075e-08	0.0032211055230277	-5.870042830020007e-05	3.445740282626929e-09	1.0375520790479551e-05	-0.0013650016386317	-0.0002161177568202	1.8632294734672264e-06	4.6706884812995145e-08	0.0	0.0	0.0	0.0	0.0	0.0	0.0	0.0	0.0	0.0	0.0
6223.49463551839	1.5036911285797032	38731885.47832618	2.2610870101693017	15442.607918397283	8.676381815334025	75.27960140545896	238474139.3213465	6243.604096712507	0.3760312616695955	38982592.1164852	0.1413995097528278	7363.456250644044	9390.800619316293	1.286675	24.908428	0.0256505211084848	0.0162445273687228	0.086377865	-0.0754340068	0.0267891697	0.0105329514	-0.0358661806	0.1184774427	-0.0247530702	0.0002511694	-0.0083010178	-0.0611170799	-0.0545218169	-0.0933686189	-0.0498145564	0.0389218123	0.0546194865	0.0618487908	-0.1184420996	-0.0273459502	0.0077644368	0.0498568873	0.0024150544	-0.003905068	-0.052053373	-0.1603012744	0.0156801848	-0.006715493	-0.0464051378	-0.0126693351	0.0499623192	-0.021790528	-0.016653831	0.1596493559	-0.04436444	-0.1323843321	-0.0089833632	0.0092388808	-0.0690697062	-0.0219212118	-0.0197992287	0.0247170014	-0.0750906392	-0.0076313127	-0.0175028437	-0.0025863606	0.0876607635	0.0051647928	0.0118220973	0.0485364292	-0.0572133559	0.0742469892	-0.0243893808	-0.0870978898	0.0167061085	0.0595429322	0.0149189113	-0.0038451119	0.1240698589	-0.0038412621	-0.0325011869	-0.0600616591	0.0352585167	-0.0039994823	-0.0449335356	0.1338135071	-0.0507790563	0.0967077579	0.0370665236	0.085342871	0.0605034355	0.0854906156	-0.0682120098	-0.058123336	0.1010948512	-0.0421304752	0.1026241517	0.0305985976	-0.0846498118	0.0872053182	-0.1437467419	-0.0795438234	0.0091352817	0.0213066762	-0.0315694666	-0.0674813867	0.0756821988	-0.1103592547	-0.0121085593	0.0175005407	0.0716507974	-0.0260457247	-0.0509650613	0.0478119119	-0.0688283867	-0.1118832204	-0.0675421929	-0.0252995867	0.0332462156	-0.0025002781	0.0730828004	-0.0179089939	0.039772679	0.0357027416	-0.0786473567	-0.056563228	-0.0985572882	-0.0303703196	0.0074879831	0.1002956516	-0.0366550376	-0.0700788842	0.0385723889	0.0280966795	-0.0021351069	0.0253018069	0.0386551524	0.1428745987	-0.0861711548	-0.0231616898	-0.0652653092	0.0602387519	-0.0069290336	-0.0184575256	0.0703346119	0.0299347028	0.0131400137	-0.1173922831	-0.0981079432	-0.0029381809	-0.0160131206	-0.1504420595	-0.0671398102	0.021848216	0.0630506674	0.0870583174	-0.1062606859	0.0372662536	-0.0275483165	-0.0776661652	0.0491039669	-0.0060792315	0.0022880017	-0.0127806058	0.0214000333	0.0117419454	0.0122503997	0.0717292693	0.0213964753	0.0119423192	0.0899574725	-0.0246735092	-0.0923659453	0.019554825	0.0601117593	0.0275531922	0.0222810972	-0.0141233152	0.056663376	0.0004271613	-0.0612678462	0.0059729699	-0.0242788251	0.0726500284	0.1289091413	-0.0915171953	0.0120605566	-0.0049233042	0.0479478446	-0.0205322981	-0.030582987	0.0343728925	0.0019104426	-0.0931722015	-0.0057281203	0.0929374951	0.0095361811	-0.0925467555	-0.0133282315	0.0920006388	0.0170979051	0.0	0.0463333404622119	-0.0051028784604909	0.0021467784383872	2.6039368582541982e-05	-0.0163481779560328	6.779635026530131e-05	4.596345109295422e-09	0.0002672629224821	-0.1566697639536443	-0.0133626376475035	0.0245454149372906	0.0001785600848984	0.0028931637965321	0.000103452822715	8.370396753564035e-06	1.0702486527701276e-08	0.0032050713462123	-1.6034176815399835e-05	2.5709482614750556e-10	1.0272482334311124e-05	-0.0013421444651576	2.2857173474100144e-05	1.80135176535318e-06	5.224503792251073e-10	0.0	0.0	0.0	0.0	0.0	0.0	0.0	0.0	0.0	0.0	0.0
6215.062004826934	-8.432630691456325	38626995.72384339	71.10926037849117	15411.04084359342	-31.56707480386285	996.4802116726728	237500179.88290465	6249.362915312559	5.758818600052109	39054536.84728389	33.16399166830613	7359.849343825854	9306.99114064726	1.383759	26.787851	0.00590770246959	0.0040018437386662	-0.122072707	0.0177629037	0.008503104	0.0560473584	-0.0352139218	-0.0909237582	-0.0554527628	-0.0401078118	-0.0238986104	0.0326927643	0.0077572394	-0.0133398038	-0.0950609713	0.1032909724	-0.0590799563	0.0472181376	0.1003562443	-0.0112191432	0.0019313388	0.0052970856	0.0039826248	0.0513877201	0.0286070054	0.0039447859	0.022845779	-0.0327174991	-0.0310988482	-0.0132555239	0.1091857211	-0.0222864245	0.0373812094	-0.0785010565	0.0590069264	-0.0613010997	0.1456808865	-0.1109313966	0.1538355433	0.0172342999	-0.0181142825	-0.1060443991	0.009487202	-0.0154864538	-0.0872801122	0.0198754727	0.0005471899	-0.003344313	-0.0480709494	0.0059548794	-0.0172947353	-0.0860136659	0.1029917872	-0.0573522503	-0.0667865611	-0.0970757257	0.0539335696	0.0670979846	-0.0096880368	0.0259350852	-0.0289329396	-0.0703622903	-0.0137470315	-0.0804232775	0.0326032321	0.1123055726	0.0694763519	-0.0508099934	-0.0924257728	0.0812602964	-0.0718251955	0.0997131047	-0.0441371594	0.0566138923	0.0670051688	0.0382053981	-0.0301099732	0.0462173554	-0.0267824851	-0.1304879097	0.0530621813	0.0198395734	-0.0361145849	-0.0120279494	0.122708787	-0.0075735326	0.0158265583	0.0780887973	0.0688986657	-0.0116586408	-0.0158401742	0.007345069	0.0145043177	0.000317201	0.0049730022	0.0547051705	-0.0912804924	-0.0915649873	0.042109076	0.0326266124	0.0590435186	-0.0286404074	-0.0033823255	-0.0153167445	0.0128749395	-0.1215779262	0.0423989715	-0.0139808953	-0.1516688355	-0.0086761478	0.0428897934	-0.0004954746	0.0914550959	-0.0253863248	0.012190823	-0.0513673525	0.012069821	-0.0298599246	0.0798482783	0.0188018804	-0.0580531475	0.07225661	-0.0993767531	0.082320478	-0.0795720678	-0.0419674876	0.0304395538	0.007075512	0.0309959128	0.0475540441	0.0518971839	0.0179760462	-0.0415019037	0.014986116	0.0123215545	-0.0686584091	0.0299623376	-0.0060028927	0.1078151406	-0.0328466979	0.0942965574	-0.0243724564	0.0173512105	-0.0064090501	-0.0280980662	-0.0412055101	0.0546464287	0.026491594	0.0168355841	-0.0790894496	-0.0915893646	0.0498632125	-0.0090227511	-0.0284097536	0.0934826966	-0.0079392479	-0.0111677882	-0.0636854004	-0.0018553357	-0.0112012496	-0.0361482566	-0.0390993346	-0.0212979203	-0.0107974818	-0.0152314337	-0.0471364642	0.0402246039	-0.0865762449	0.0526474925	-0.011416091	-0.0557100068	0.0709510151	0.0006368538	-0.093241782	-0.0019104426	0.0932156873	0.0031836749	-0.0931722015	-0.0044563133	0.0931113328	0.0057281203	0.0	0.0462683409807169	-6.499948149499973e-05	0.0021407593771078	4.224932594618813e-09	-0.0163211062234296	2.707173260320037e-05	7.328787061391815e-10	0.0002663785083564	-0.1527997306528874	0.0038700333007568	0.0233477576875949	1.4977157748967242e-05	0.002904117374691	1.095357815889984e-05	8.433897725982145e-06	1.1998087448312762e-10	0.0032021011199176	-2.9702262947001352e-06	8.822244241728095e-12	1.0253451582177548e-05	-0.0013171563105165	2.498815464109993e-05	1.7349007463334386e-06	6.24407872367524e-10	0.0	0.0	0.0	0.0	0.0	0.0	0.0	0.0	0.0	0.0	0.0
6214.237850846651	-0.824153980282972	38616752.0668952	0.6792297832162655	15442.49838990803	31.457546314610227	989.5772201358476	238470756.52231213	6243.282995450488	-6.07991986207162	38978582.56128121	36.965425529212986	7366.987835726158	9339.085087726093	1.370723	26.535475	0.0231502795868909	0.0172469326612521	0.0858083075	0.0556191766	0.0065564995	-0.031232576	0.0512895761	0.0184389648	0.0695321656	0.0218301924	-0.0701745942	0.0369103933	0.0235387579	0.1017702335	0.0403928064	0.0002458923	-0.0233892355	-0.0926042655	-0.0380849156	-0.0580798127	0.0859351919	0.0253587563	0.0137741885	-0.0652956782	0.0345739018	0.0464514319	0.0656098193	0.0615612859	0.0300339193	-0.0714914986	0.0567842328	-0.0273400821	0.0171739101	-0.0792234731	0.0730136867	-0.0407179902	0.0440127977	-0.00857843	-0.136731791	0.0247619331	0.0361004386	0.0815599835	-0.0669427603	0.0245599917	0.0902986883	-0.0045562703	-0.0498020315	-0.0414444715	0.1226081948	0.0239426305	0.1508647454	-0.145589375	-0.0450297809	-0.0136319422	0.0733078609	0.077151566	-0.0599259712	0.021818361	0.0160900661	0.0154207207	0.0517013371	0.087497573	0.1114609546	0.0930741116	0.0660730935	0.064952121	-0.0936864253	0.001368038	0.0696460401	0.0251824724	0.0793305678	0.00981092	-0.1421244317	0.0442880424	-0.0096542086	0.0097261844	0.0338132056	-0.0791415193	0.0252036187	-0.03935812	0.0312950089	-0.0353090881	0.1169798685	-0.074048935	0.0093444173	0.0899044439	0.0460726471	-0.0069844776	-0.0806568607	0.0022467908	-0.0172716162	-0.0073413852	0.0261729767	0.0672157157	0.0411953293	0.0662229153	0.0768562039	-0.0266687562	0.0405624792	0.0730160897	0.0926564124	-0.0391501006	0.0112880522	0.0598469798	0.0219286724	-0.0194769829	-0.0259156785	-0.0398570228	0.0815057198	0.0085784934	0.0016226516	0.001851364	-0.0409924076	-0.1402776261	0.0944357274	-0.0360094369	-0.0597648367	0.0280895269	-0.037237419	-0.0967965727	-0.0251556315	-0.0110671274	0.0336192522	-0.0469291693	0.079856165	0.0039570703	0.0350598156	-0.0520133164	0.1093264675	-0.0488828957	-0.0423846328	0.0074051279	-0.0129021696	-0.1288338903	-0.0147308031	-0.0457844998	0.0959368837	0.016840661	0.0822106659	0.153385199	-0.0282927494	0.1683696655	-0.1711584585	-0.0708473318	0.1131418748	-0.020068949	-0.0347924881	0.0388317072	0.0369701394	0.1058882807	-0.009375168	0.0273649621	-0.0610880083	-0.0009173278	0.0819947031	0.0390500175	0.0277636985	-0.0428102478	0.0770860807	0.0077109159	0.0548072952	-0.0628066936	0.073535632	-0.0792709349	-0.0898543699	0.0175091944	0.011452484	-0.0754677415	0.0647729955	0.031155716	-0.0096309251	0.0200378205	-0.0006368538	-0.093241782	0.0019104426	0.0932156873	-0.0031836749	-0.0931722015	0.0044563133	0.0931113328	-0.0057281203	0.0	0.0463122623524867	4.3921371769797823e-05	0.0021448256442055	1.929086898140793e-09	-0.016414195574228	-9.30893507984018e-05	8.665627232067911e-09	0.000269425816349	-0.1529410932006101	-0.0001413625477227	0.0233909779893977	1.998336989865448e-08	0.0025939666459379	-0.000310150728753	6.728662960238319e-06	9.619347454607894e-08	0.0032414396978133	3.933857789569992e-05	1.54752371085605e-09	1.0506931314559975e-05	-0.0012092074908333	0.0001079488196832	1.462182755887365e-06	1.1652947670996043e-08	0.0	0.0	0.0	0.0	0.0	0.0	0.0	0.0	0.0	0.0	0.0
6216.19531015646	1.9574593098095647	38641084.13401117	3.831646949560137	15434.775042441324	-7.7233474667064	59.65009609148017	238232280.6107696	6244.329945023688	1.046949573200436	38991656.46231954	1.0961034088245754	7359.672573728799	9347.309740049515	1.210315	23.43018	0.0342969878379831	0.0231382395158919	-0.012023502	-0.0826034637	-0.0086396926	-0.0725893045	0.0496187477	0.0426308137	-0.0861621452	-0.000613679	-0.0106968326	0.0494037927	0.0173688742	-0.0599174821	0.0800379713	-0.013138883	0.0407637134	0.065071938	-0.0885588621	0.0378269885	-0.0099252298	0.0147922689	0.0427894587	-0.0145863455	0.064116125	-0.0542315934	0.0196273477	0.049831576	-0.0482195515	0.0369997422	0.0003197865	-0.1298240081	0.1085657701	0.0588028526	-0.0528149847	0.0163776969	-0.087400828	0.0295598583	-0.0282940335	0.0766042747	-0.0080505067	0.0695940074	0.0589514863	0.0798824523	0.0957620826	-0.0886886174	0.0143674473	-0.0036687845	0.029233775	0.0400625301	-0.0229977711	0.01280234	0.0883107189	0.0658490173	-0.0385848469	0.0135687817	-0.1306301512	0.0538993079	0.0170668074	0.0535658334	0.0027331833	6.69045e-05	-0.0717891043	-0.0637244308	0.0426668369	0.0283779959	-0.1847704388	-0.0356930259	0.0015870818	0.08139182	-0.1254545463	-0.0717111184	0.0980227314	-0.0623969119	-0.0256560314	0.0367148773	0.0027825713	0.0610246956	0.0688212101	0.027631233	0.021875166	0.0850816595	-0.0801197844	-0.0775948345	-0.0557792019	0.0368750033	0.018020019	-0.0845461239	0.0614445608	-0.0376712863	0.0108599622	0.0493744819	-0.0449131044	0.0527462729	0.0313608094	-0.0463738315	0.0548120798	-0.0232791543	0.0834478796	-0.0164006467	-0.0815799698	-0.0422390581	-0.0300561039	0.0100390468	-0.0209523393	0.0478413459	0.016554986	-0.003716455	0.0150492973	0.0358076079	0.0161103972	-0.0093870706	-0.0101446518	-0.019311305	0.0182002309	-0.0175659539	0.1318127771	0.0305026511	-0.0087239338	-0.0214852564	-0.0414539505	-0.0800253714	0.1422364311	0.049421156	0.0494622453	-0.0638460733	0.0174612631	0.008976995	0.0503049792	0.1562408512	-0.042325506	-0.0642601444	-0.038027397	-0.0119354136	-0.0398173796	-0.0771676852	0.1297091053	0.0016120194	-0.0321053581	0.0675672067	-0.0208945216	-0.0923552395	0.1093648884	-0.1383539553	-0.0110587323	0.0307728781	-0.0070821013	-0.0532809088	0.0395400854	-0.0737598911	0.0440762272	-0.008015399	-0.0884255231	-0.0169970153	0.0845864329	0.0320429746	0.0579997808	-0.0141623622	0.043054475	0.0714529323	-0.0830462593	0.0556052166	0.1223753112	-0.033634137	-0.0381554897	0.0023179131	0.0197041389	-0.0441126706	0.0558825316	-0.0042564421	-0.053505403	0.0663341686	-0.0019104426	-0.0931722015	0.0057281203	0.0929374951	-0.0095361811	-0.0925467555	0.0133282315	0.0920006388	-0.0170979051	0.0	0.0462870137736786	-2.5248578808097225e-05	0.0021424876440847	6.37490731828696e-10	-0.0164246319337024	-1.043635947439725e-05	1.0891759907884123e-10	0.0002697685341575	-0.1527205405134495	0.0002205526871606	0.0233235634947201	4.864348781376985e-08	0.0029792771033248	0.0003853104573868	8.87609205839541e-06	1.4846414857170198e-07	0.0034230426707686	0.0001816029729552	3.2979639786203424e-08	1.171722112590263e-05	-0.0013231090647419	-0.0001139015739086	1.7506175972021855e-06	1.29735685388563e-08	0.0	0.0	0.0	0.0	0.0	0.0	0.0	0.0	0.0	0.0	0.0
6219.391499649927	3.19618949346659	38680830.62591777	10.215627278146222	15435.455454122166	0.6804116808416438	0.4629600554257509	238253285.07618973	6251.497597977152	7.167652953463403	39081222.2175141	51.37524886129264	7364.516667636709	9333.810218289302	1.230991	23.830442	0.0441313555061233	0.0292819870089783	-0.0510446987	0.0899726577	0.011792819	-0.0084800307	0.0138233932	-0.0797113191	0.0063732189	-7.39866e-05	-0.0315639023	-0.0357281439	-0.0211051538	-0.0535633953	0.0248079374	0.0282043049	0.0218378497	0.0164431455	0.1032564671	-0.0266594038	-0.0286185193	0.0014871496	0.0287139616	0.0295593287	-0.0866874969	-0.0483882491	-0.1344791051	0.0053925372	-0.1643545796	-0.1033949909	-0.1091476646	-0.0458887915	-0.008554433	0.0105504538	-0.0835926583	0.0085415978	-0.0661094733	-0.0603763774	0.014564002	0.0107656274	0.0379323011	-0.0234342864	-0.0186835853	0.0066144362	-0.0010277271	-0.0040313829	-0.1056826414	-0.0612537029	-0.0366165578	0.0283214691	-0.0356503364	0.0164532587	0.0510869669	-0.0470865438	0.0448518707	0.1186586418	-0.0511162317	-0.0411811846	-0.0274964146	-0.1076211096	0.0077928865	0.1141060867	-0.0447029759	-0.1666604405	0.0012635018	-0.0455503287	0.0877108838	-0.0798892833	-0.022221084	0.0039241398	-0.041717434	0.0278495593	0.0705103786	0.0369733348	0.0037590252	0.0338377202	0.0195497777	0.0654591305	-0.1705126062	0.0682970681	-0.0896018873	-0.0491423432	0.0837067798	-0.079335044	0.0587333384	-0.028747276	-0.1020294754	0.0857575346	-0.0020768339	-0.0413545785	-0.0061602251	0.0030652894	-0.023584893	0.0280875389	-0.0210796807	-0.0599755441	-0.0823047158	-0.0132989208	0.0135236277	-0.1448752796	-0.0465857288	-0.0210049186	-0.0685364762	0.055550121	0.048298954	-0.0640785831	0.0459974179	-0.040287011	-0.0595693821	0.0004519324	-0.0771281782	-0.0357526176	-0.1259526622	-0.0220464481	0.0160100499	0.0148259472	0.0544384489	-0.0457444679	0.0513738568	0.0559993947	-0.0733266819	0.0260028256	0.0182679959	-0.0287423046	-0.0029178014	0.0093757696	-0.0350169961	-0.0492157744	-0.0378585199	0.0204499701	0.0204223537	-0.097030092	0.0324663374	0.042794267	-0.1450581381	0.058190902	-0.0367119876	0.0358905528	0.0613231527	-0.154802005	-0.133387021	0.0700460151	-0.0190778658	0.0449653362	0.0128544969	-0.1367586211	0.0239584763	-0.1933123744	0.0063515802	0.011417628	-0.0972680278	0.034085197	-0.0042287291	-0.0382126238	0.0474244174	-0.0490133019	0.0528772465	0.0222939841	0.0141806172	-0.0449364782	-0.1156782666	-0.0056031727	0.129314781	0.040990136	0.1245071031	0.0176020134	-0.0033869325	0.0738281376	-0.0193557321	-0.0866897932	-0.0161708654	0.0737379677	-0.0031836749	-0.0930330924	0.0095361811	0.0923819408	-0.0158442251	-0.0913000619	0.0220783961	0.0897925	-0.0282096273	0.0	0.0464146165937791	0.0001276028201004	0.0021543166335475	1.6282479697600285e-08	-0.0165148035560065	-9.01716223041006e-05	8.130921468953375e-09	0.0002727387364934	-0.1529750057944383	-0.0002544652809887	0.0234013523978084	6.475257922870745e-08	0.0025067973048805	-0.0004724797984442	6.284032727756139e-06	2.2323715993796625e-07	0.003151189776231	-0.0002718528945375	7.390399626847135e-08	9.92999700582278e-06	-0.0014519586874146	-0.0001288496226726	2.108184029958728e-06	1.6602225262897157e-08	0.0	0.0	0.0	0.0	0.0	0.0	0.0	0.0	0.0	0.0	0.0
6222.310504166759	2.919004516831592	38717148.01026398	8.520587369283236	15470.462924619264	35.00747049709753	1225.5229906051538	239335223.1020192	6247.720534833889	-3.77706314326224	39034011.88138506	14.266205988190029	7375.108926733004	9404.773955709044	1.322807	25.607882	0.048123577522184	0.0240841351016023	0.1048985623	0.022520364	-0.0080895056	0.0200800825	-0.0288923453	0.0917570246	0.0949904635	0.0270898063	0.0010682771	-0.0591609151	-0.029983591	-0.0127753158	0.0113880806	-0.044513259	-0.0237842596	-0.0930576473	-0.0270319259	-0.0516389955	0.0332947576	0.0119443139	-0.0087111488	0.0119972505	-0.1169515608	0.0396834499	-0.0669007949	0.1146097151	-0.1081419321	0.0035480689	0.0344074474	-0.0883258961	-0.0508638808	0.0965625197	0.0114705816	-0.1176326331	0.0993014719	-0.0485745147	-0.0180066404	0.0205210379	0.009122652	-0.1550492885	-0.0407318935	-0.020878263	-0.0174238186	-0.0383951362	-0.0647875086	0.0533334698	0.0476016018	0.0185521656	-0.0181723856	-0.1351767666	-0.0716648331	-0.0181615826	0.0308213941	0.040799056	0.0178301059	-0.0610063695	0.0339817251	0.0337251656	-0.0993241387	-0.0137286706	0.0627809691	0.0821634711	-0.093228591	0.0431952494	0.1573574196	-0.0283898556	-0.0830123803	-0.0411884696	-0.0620913108	-0.0266147129	0.0542728388	-0.03178766	-0.0840506366	-0.0455817601	0.0128853729	0.0542455697	0.0271487103	0.0420173886	0.0138738457	0.0411825746	-0.0777166745	0.0206305612	0.0334879913	0.0630997979	-0.0052865553	-0.0304932665	-0.1065032758	0.02680498	0.038127552	-0.0181047568	-0.0058753152	-0.0439341459	-0.0814260769	0.0645961083	-0.0028181081	0.0378904788	0.0188176788	-0.0798754039	-0.0718096765	-0.0161974331	-0.0552449958	0.0432466419	-0.042183098	-0.0665202875	-0.1636422642	-0.0905174822	0.0422286656	-0.0070834729	-0.0551306884	-0.0040076663	0.0790532993	-0.0665608423	0.0656619266	-0.0378668093	0.0335026746	-0.0037776648	-0.0347006927	0.0523516144	-0.06127395	0.0765512199	0.0587464482	-0.0332427284	-0.1267266665	-0.0669132629	-0.0328452266	-0.0096831196	0.0546996596	-0.0875625897	0.0303739774	-0.0518216542	0.0207813208	-0.0291309327	-0.0007555245	0.0319878368	-0.1090134419	0.0934771797	0.0138561182	0.0907366317	-0.0518194389	-0.0089882041	-0.1478705335	0.1414240341	0.0055584985	-0.0312073893	0.0048470173	0.0043980135	-0.000566422	0.1125141639	0.0006548561	-0.0529416564	-0.0740285968	-0.0751117846	6.5651e-06	-0.0130675887	-0.0026324885	-0.0726148178	-0.0685232186	-0.0033420981	-0.0571037792	0.0018893442	0.0490275469	0.0007097405	0.0589373959	-0.043091719	-0.0059379951	0.0217570897	-0.0827241308	0.0122163822	0.0272505839	-0.0480836125	-0.0044563133	-0.0928245585	0.0133282315	0.0915506825	-0.0220783961	-0.0894404896	0.0306268741	0.0865132565	-0.0388955753	0.0	0.0285773362058279	-0.0178372803879512	0.0008166641446209	0.0003181685716383	-0.0060673710498946	0.0104474325061118	0.0001091488459697	3.68129914570991e-05	-0.1645432198864043	-0.011568214091966	0.0270744712105855	0.0001338235772775	0.0025062107717752	-5.865331052998246e-07	6.281092432562045e-06	3.440210836126551e-13	0.0030011753406726	-0.0001500144355584	2.2504330875905372e-08	9.007053425461297e-06	-0.001466770729474	-1.4812042059399916e-05	2.15141637284169e-06	2.1939658996943208e-10	0.0	0.0	0.0	0.0	0.0	0.0	0.0	0.0	0.0	0.0	0.0
6211.601558963369	-10.708945203389703	38583993.92731615	114.68150736920332	15436.211766754022	-34.25115786524111	1173.141815109668	238276633.7080753	6240.477172942728	-7.24336189116093	38943555.34601927	52.46629148632245	7356.230195448465	9348.76453465442	1.344185	26.021736	0.0779746933455737	0.0380988935163978	-0.0410393604	-0.1190564653	0.0183020915	-0.0502986606	0.0190710323	0.0222940581	-0.1176581387	-0.0421385493	0.0643303504	0.0009674059	0.0421042925	0.0061880256	0.1206133854	0.0247012398	-0.0156661004	0.0813223985	-0.0527153297	0.0643121621	0.009906967	-0.0323849578	-0.0014449666	-0.0328558783	0.0557166945	-0.0073652859	-0.0408411947	-0.0177382808	0.0110438719	-0.0058202327	-0.0140114701	0.0632778496	0.0639781629	-0.1216300917	-0.1266229521	0.0164869965	-0.0617611823	-0.0049557747	0.1034855633	-0.0627689113	0.0165688473	0.1304722852	-0.072651184	0.0905397349	0.0122780721	-0.1367207392	-0.0138849133	-0.0140378463	0.01214038	-0.0931450073	-0.0655765817	0.0162129188	0.0302035101	-0.0284493938	0.0676249677	0.0738335914	0.0184530768	0.1081412262	-0.0178107657	0.0240915976	0.0099178282	0.0058663278	-0.0195983171	0.058613108	0.040271809	-0.0194652429	0.0052749144	0.0775096048	-0.1406079925	0.0460939633	-0.0019740005	0.0089771498	-0.0521663443	-0.0056287542	0.0115524758	0.0413849817	0.0256434505	-0.1660425522	0.0076870553	-0.0060928256	-0.0569584987	-0.073931524	-0.0863593793	0.0316228385	0.0029698413	0.0145229293	-0.000880802	-0.0761313667	0.1153188349	0.0257103152	-0.0061854211	-0.0019925227	0.0138798139	-0.0007411595	0.0544492276	-0.0370372139	0.0138209351	0.0865016385	0.0173432581	-0.0107810841	-0.0830846934	-0.1047717217	-0.0592071666	-0.0047575915	0.0700655852	0.0500306639	0.0591757384	-0.0119377227	-0.1141711575	-0.0774285895	-0.0557418359	0.0304331038	-0.0590007226	-0.0409895367	0.0026870068	0.1164940775	-0.0955495952	-0.0107289706	0.0597849057	-0.0012631643	0.011396099	-0.0422258098	-0.0545898212	0.0350596458	0.1203249752	0.0205765595	-0.0589220428	0.0529872005	-0.0157656206	0.0629642081	-0.0153600949	-0.1011472726	-0.0448049947	0.0291376469	-0.1294831948	-0.0839792862	-0.0548147569	-0.0948153649	-0.1122556455	-0.0051492986	0.0595276821	0.0456279475	0.0418788099	0.0213081575	0.0238491869	0.1003024186	0.0065769974	-0.0282840221	-0.0335952341	-0.1052081288	0.0288737761	-0.0600572122	-0.0700500004	-0.0913590872	-0.048044057	-0.0011579479	0.0305094502	-0.0033411111	0.0541529353	0.0255664902	0.0151467918	0.101430569	0.0820023838	-0.0025420321	-0.093990723	0.0469769683	-0.0166521369	0.0141808644	-0.0272163653	-0.0319885995	-0.0325199032	-0.1172501285	-0.0057281203	-0.0925467555	0.0170979051	0.090446201	-0.0282096273	-0.0869805215	0.0388955753	0.0822020253	-0.0489944635	0.0	0.0460896731387805	0.0175123369329525	0.0021242579700396	0.0003066819448532	-0.0163309443835686	-0.010263573333674	0.0001053409375757	0.0002666997444592	-0.1834395850294115	-0.0188963651430071	0.0336500813557626	0.0003570726156178	0.002899059442317	0.0003928486705417	8.404545650087355e-06	1.5433007794645965e-07	0.0030925937191705	9.141837849789992e-05	8.35731992718529e-09	9.564135911852824e-06	-0.0013249894197949	0.000141781309679	1.7555969625684256e-06	2.0101939774320847e-08	0.0	0.0	0.0	0.0	0.0	0.0	0.0	0.0	0.0	0.0	0.0
6213.473930081605	1.872371118236515	38607258.27980375	3.505773604406258	15403.023356119793	-33.18841063422951	1101.470600426239	237253128.50917184	6235.160593661023	-5.316579281705344	38877227.62874328	28.26601525865852	7354.144168393462	9303.118209672515	1.383688	26.786474	0.0494461998532568	0.0240024322408737	-0.0935367577	0.0977244806	-0.0737815937	0.0193900209	0.0297800465	-0.1285777424	0.0177924414	-0.0316036108	-0.0863029403	-0.0553636431	-0.0203337523	-0.0826230423	-0.0203007198	-0.0200588849	0.042220788	-0.0609727225	0.1579779405	0.0990986346	-0.0184954856	-0.0407795498	0.0630362661	-0.048651001	0.0336384752	-0.0916276003	0.0460478232	-0.0968517331	-0.0667789124	-0.0529357155	0.0697565405	0.0697858018	-0.089980677	0.0152600466	-0.0253869138	-0.0493725397	0.0497182129	0.0123401952	-0.0123204971	-0.0455749512	0.0330555065	0.0433433765	-0.02130193	-0.0511920829	-0.1118675863	-0.0738593527	0.030599197	0.0647007395	-0.1268845586	-0.0814143548	-0.0679965213	-0.0932133392	-0.0908629551	0.1030095843	0.0085652109	0.0200369442	0.0025021182	-0.017711397	0.0182878479	0.0351576716	-0.0392380362	-0.0516476199	-0.0518130967	-0.0656541495	0.0416580653	0.0137411665	-0.0867398593	0.034400166	-0.0141417374	-0.0356129912	-0.0692630809	-0.0356436665	-0.0254987837	-0.0514738395	0.0164179444	0.0342220953	0.0254930137	-0.055790096	0.0538677597	0.0001728185	-0.0502146179	-0.1567869267	-0.0129944877	-0.0026298123	0.0532799144	0.0091996046	0.0951958303	0.1426107542	-0.0069710959	-0.0089041458	0.0135575701	0.1074284038	0.0039107885	-0.0167849222	-0.0248708397	-0.107564038	-0.0434874156	0.0057474762	-0.0862296332	0.1018848085	-0.0118346447	-0.0431122098	-0.0432699925	-0.0521308955	-0.0380595891	-0.0248381864	-0.0432381779	-0.0015559569	-0.0952994433	-0.0710457471	-0.0170078437	0.0491723652	-0.0722478667	-0.0456510793	-0.0228646737	0.0094701419	0.0454456412	0.0500678765	-0.0092105639	-0.0510026116	-0.0258768062	-0.0006462887	-0.0818235219	-0.0399348167	-0.1451922418	0.0554931427	-0.1433329485	0.0031253395	0.0836481393	-0.0133829031	0.08086438	0.0499349021	-0.0412086278	-0.0632430139	-0.0460675569	-0.0105082191	-0.0726774684	0.03592014	-0.0631942469	-0.0784707573	0.0125748742	-0.0769402648	0.1255368574	-0.0464275237	-0.0405346249	0.0262908822	-0.0379121006	0.1068061222	-0.0695628933	-0.001480849	-0.1313918189	-0.0188691481	0.0703467575	-0.094268084	-0.0606150619	0.0083157937	0.0131973838	-0.0677625212	0.0392681577	0.0785172496	-0.1425532214	0.0219027507	0.0053673443	-0.0462125344	0.0501376702	0.0545256533	0.0152474301	0.0192945257	0.0610402549	0.0763382563	-0.0156053313	-0.0291063759	-0.0069988586	-0.0921998906	0.020838873	0.0890717925	-0.0342093323	-0.0839366709	0.0468089647	0.0769102337	-0.0583538671	0.0	0.0298459724079123	-0.0162437007308682	0.0008907820689738	0.000263857813434	-0.0263711952196104	-0.0100402508360417	0.0001008066368506	0.0006954399373108	-0.1876452728902933	-0.0042056878608818	0.0352107484380726	1.768781038316873e-05	0.0027692394667958	-0.0001298199755212	7.668687224459487e-06	1.685322604432498e-08	0.0030009547673692	-9.163895180129988e-05	8.397697487240964e-09	9.00572951579593e-06	-0.0014826617009817	-0.0001576722811867	2.1982857195579475e-06	2.4860548254649313e-08	0.0	0.0	0.0	0.0	0.0	0.0	0.0	0.0	0.0	0.0	0.0
6225.723330936748	12.249400855142994	38759630.99337016	150.0478213099779	15468.23469434006	65.21133822026786	4252.518632478168	239266284.5591856	6246.029657524855	10.869063863831798	39012886.48268005	118.1365492760542	7364.265209889377	9360.953589054709	1.459417	28.252495	0.0394859972092505	0.0206971975428803	0.0979780843	-0.0284551847	0.0544017582	0.0662799863	-0.0331319802	0.0908339042	0.0570579043	0.0657703157	0.019979171	-0.0896542315	-0.0135227666	-0.0351366187	-0.0133495865	0.0230732148	0.0559660281	-0.0598810267	-0.0535075041	0.0484757572	0.0111240043	-0.0025455227	-0.0704158645	0.0864501189	-0.0748956216	-0.0007797526	0.0060279709	-0.0278999764	0.0869564251	-0.0331733054	-0.0873558064	-0.0045182508	0.0396720176	0.0470019042	0.0587991331	-0.0465004273	0.0069134519	0.008310274	0.0195734565	-0.0484995341	-0.1250982089	0.0660033839	0.0147058383	0.0262926595	-0.0150226185	0.0494162391	-0.1189685365	-0.0323513019	0.0552739013	-0.1245711296	0.038819307	-0.0004336059	-0.0024043915	-0.0136221991	0.1046941952	0.0053855206	0.0408732849	-0.0687133134	-0.0402721499	0.0129872636	-0.0164743049	0.0321753882	-0.0611142504	-0.0581563624	-0.0002022198	-0.0718252209	0.0221939771	0.0405441755	-0.1157091718	0.0976288384	0.0766209589	0.0214924654	-0.062955305	0.0839709693	0.0351769078	-0.1594394764	0.0476780395	-0.1136169517	-0.0174638085	0.0181367975	0.0380291482	0.0257699842	-0.0448229328	-0.0447837522	0.0187590839	0.0340756758	-0.0493851803	-0.0490955808	-0.072993171	-0.0012762611	0.0911236515	-0.0518281642	0.0332916288	-0.1081321461	0.0105491964	0.0091859901	-0.0468672126	0.0597838418	-0.0535451066	-0.0046519365	-0.0740061984	-0.0777300115	0.0031556201	0.0748501389	0.044719028	0.1069545447	0.0268584274	0.0315356049	0.104988647	-0.0382294572	-0.0033793434	0.1122098669	0.0745024477	0.0418583936	-0.0184352569	-0.0579046441	-0.0130052136	-0.0042101142	0.0411047924	0.0265673472	0.0527230231	0.0285715744	-0.0395899092	0.0153025254	0.0022384637	0.164332236	-0.0059077011	0.0369670169	0.0460508386	0.019997746	0.0667629109	0.096964493	-0.1048270514	0.0362895376	-0.0750226548	0.0343253503	0.0240079696	-0.0120229349	-0.0641486488	-0.0616559283	-0.0924191588	0.1036307725	-0.1158280348	0.0217294869	0.0010274633	0.0056367173	0.0607700951	-0.0270003823	-0.0774492946	0.0666118706	0.0429685642	-0.068278446	-0.0501195149	-0.1199484742	-0.1337200213	-0.0601379817	0.0062882552	-0.0682220659	-0.0376603227	-0.0176611191	-0.041164474	-0.0438084312	0.0074829807	0.0846552059	0.0423059463	-0.00833005	0.0007306765	0.0460156257	-0.0262548814	-0.0475112931	-0.0440610373	-0.0501899761	-0.0082682911	-0.0917842227	0.0245448544	0.0874315588	-0.0400495376	-0.0803293705	0.0542947536	0.0707010056	-0.0668325226	0.0	0.0253431738233587	-0.0045027985845535	0.0006422764594409	2.027519509305789e-05	-0.0162564355933341	0.0101147596262762	0.0001023083622973	0.0002642716982002	-0.206048094997044	-0.0184028221067506	0.0424558174519108	0.0003386638614927	0.0026646992454987	-0.0001045402212971	7.10062206896134e-06	1.092865786884668e-08	0.0030010681951821	1.1342781290005904e-07	1.28658687392908e-14	9.006410312133547e-06	-0.0014580030122583	2.465868872339981e-05	2.125772783754277e-06	6.080509295575251e-10	0.0	0.0	0.0	0.0	0.0	0.0	0.0	0.0	0.0	0.0	0.0
6225.961363874149	0.2380329374009306	38762594.90445366	0.0566596792877153	15440.70324243473	-27.53145190532996	757.9808440154966	238415316.6209344	6251.008909218342	4.979251693486731	39075112.38312708	24.792947427090475	7372.365527385494	9386.426024604243	1.247729	24.154465	0.0433349987293468	0.0249450292642233	-0.0794777751	0.0057241827	0.0018199632	-0.0228312679	-0.0790478748	-0.0772439685	-0.0245456507	0.0519387316	0.0545494201	-0.0856171503	0.0018630138	-0.0982861739	-0.1077343014	-0.0653119509	-0.0727366368	0.0391210024	0.0748514263	-0.0739710791	0.0138067113	-0.0672293183	-0.003754178	-0.0517132056	-0.01889015	-0.0739329495	0.0080647361	0.042368576	0.0254051474	0.0281082019	-0.0759519344	-0.0293343633	-0.0170385644	-0.0366915419	-0.0907284704	0.076748005	0.0897268618	0.0545569422	0.0077117028	0.0157030452	0.0071373277	-0.0041531405	-0.0936315091	-0.0424679534	-0.0373157633	-0.0441924636	0.0829893317	0.1223441607	0.0118461899	-0.0829739733	-0.0345818245	0.0684477354	0.0230111094	-0.0075852447	-0.0064361415	0.0244715397	-0.1467036095	-0.0440078129	0.0188104004	0.0473414689	0.0436023887	0.0196324402	-0.0060673649	-0.0227115997	0.0161739964	0.0130876382	0.0162023299	-0.1313028072	-0.0048247778	0.0646448681	0.0644409493	-0.091797354	-0.06113236	0.0544914132	0.127227822	0.0161815726	-0.0066597678	0.0408613822	0.0570923352	-0.0737923643	0.0748447389	0.0881028083	0.0690119368	-0.0058782599	-0.0648173526	0.0090248752	0.007028074	0.0552351277	0.046137915	0.0038955513	-0.0348262611	-0.0433774368	0.0162691998	-0.0221743911	-0.1316146274	0.0088357593	0.0113904516	0.0984651222	-0.0685238897	0.0892832654	-0.0980604229	-0.0133945683	0.0709980844	-0.0075771003	-0.0910861727	-0.0082906894	0.0844532391	0.0034324826	-0.0508578459	0.0376650034	0.0814663633	0.0127472203	-0.0184641175	-0.0172837541	0.0359159223	-0.0218652737	-0.0021641042	-0.0571152532	-0.0071846858	0.0096988023	-0.0620111825	0.0086347166	-0.023789053	-0.0692072179	-0.0695063938	0.1324997554	-0.0147104752	0.0055469973	-0.0128442547	0.0510654804	-0.0481612151	-0.1580779825	-0.0179034221	-0.0344156837	0.1027748537	0.0178008207	-0.0674635183	0.0144721511	0.0180607614	0.0308026974	-0.0108718736	0.0111809593	0.0721522179	-0.0618828489	-0.0233478069	0.0401726177	-0.0636600322	0.0022837715	-0.1008021595	-0.0406196175	-0.040955744	-0.0229045504	0.045498894	-0.110486187	-0.1321667168	0.026634285	0.0366611321	-0.0264539024	-0.0598868987	-0.0713012539	-0.0774150403	0.0067888657	-0.0047335917	-0.0286091142	0.0186605127	0.0073897237	-0.0052268113	-0.0699223564	0.0061925851	-0.0609077686	-0.0973355202	-0.0345048143	-0.0095361811	-0.0913000619	0.0282096273	0.0855303949	-0.0457030134	-0.0761828353	0.061284559	0.0636484088	-0.0743024598	0.0	0.0293542330269644	0.0040110592036056	0.0008616709966013	1.6088595934829986e-05	-0.0264188189174632	-0.010162383324129	0.0001032740348265	0.0006979539929937	-0.2045021932962569	0.001545901700787	0.0418211470629796	2.389812068496397e-06	0.0031060330105923	0.0004413337650935	9.647441062889066e-06	1.9477549221169286e-07	0.0030009213862833	-1.4680889879985226e-07	2.1552852766825263e-14	9.005529166652484e-06	-0.0013471704962342	0.0001108325160241	1.8148683459239008e-06	1.2283846608232413e-08	0.0	0.0	0.0	0.0	0.0	0.0	0.0	0.0	0.0	0.0	0.0
6224.259560472355	-1.7018034017946777	38741407.07613151	2.8961348183599367	15478.554307382316	37.851064947584746	1432.7031176662786	239585643.44658363	6249.790959467186	-1.2179497511551745	39059887.037037775	1.4834015963389513	7375.983023341132	9385.81986072491	1.196576	23.164219	0.0657389541817735	0.0340335883752877	0.0725052643	0.0063067667	0.0486097022	0.0376541198	-0.0319241986	0.0369698622	0.0997719738	0.0438093822	0.0680507205	-0.0490623096	0.0134608824	0.0087936902	-0.0056320577	-0.0439009202	-0.0737283772	-0.04627544	-0.025612924	-0.0605512821	0.0774988279	-0.0371167956	-0.061271432	-0.0001762517	-0.041342876	-0.0523491181	-0.0118206451	0.0152361723	0.0402295827	0.0253541107	0.0041006465	0.0050484088	0.0352590568	-0.0311022178	-0.0447199655	-0.0265506587	-0.0423201632	-0.0217633807	-0.0120562948	0.0440632124	0.0070410954	-0.0050293058	-0.0616951978	0.0560353688	-0.0604162778	0.0353683968	-0.0565216158	0.0916402441	0.0425043247	-0.1165064936	-0.0390498437	0.0235688796	-0.1563429652	0.0171848234	0.0429011563	-0.0369786751	-0.0450423076	-0.0557612497	0.0685100994	-0.0925648698	0.034601485	-0.0735272654	-0.005933154	-0.0854425839	-0.059034766	-0.0568739621	-0.1037371368	0.0282381763	0.0982980919	-0.072667065	-0.0160346547	-0.0313628255	0.0011622666	-0.0370847063	0.0191171092	-0.1164646584	-0.0526991585	-0.0570599651	0.025785813	0.009959694	-0.0306233094	0.0271741909	-0.0510110223	-0.0325564599	0.1397212234	-0.0497741447	-0.130366682	-0.0170799961	-0.0558493429	0.0598435951	-0.0126463721	-0.0939189269	0.0074391614	-0.0405630926	-0.0270078878	0.0087499276	0.0294321831	0.0719953663	-0.0513752842	-0.0147781028	-0.05961678	-0.1128290159	-0.002567789	0.0708567221	-0.0550306273	0.0384669609	-0.0027413056	-0.0014997183	0.019705592	0.0779470324	-0.0104587124	-0.0288432126	0.0036888879	-0.0135656696	0.0290485728	0.0206095544	-0.0108392384	-0.0390825609	-0.0192458409	0.0083714217	0.0309089487	-0.0059328624	0.0574617981	-0.0320811513	-0.0766007841	0.0075198701	0.0063807366	-0.017522105	-0.0120710791	-0.1011517613	-0.0719981463	0.0613157865	-0.0171979775	0.0296119639	-0.0004071403	-0.0679385202	-0.0394277388	-0.0140074708	-0.1712214492	-0.0025185137	-0.0077744422	-0.0371245445	0.0027521948	-0.0302069785	-0.0838261442	-0.0642859818	-0.0371892421	-0.0292254123	-0.0794873234	0.0775042005	-0.0009467971	-0.0631836978	-0.0386823843	-0.0952081426	-0.1303169995	-0.0380825224	0.0525836541	0.0023273271	-0.0469776763	-0.0518876303	-0.0016554234	-0.0596866658	0.0655946459	0.0301222793	-0.0272780354	0.0155990676	0.0246155655	-0.0555951588	0.006730388	-0.031049154	-0.048145545	-0.0176017005	-0.0108022918	-0.0907477697	0.031827039	0.0833739747	-0.0511434007	-0.0715249003	0.0677145291	0.0558365714	-0.080650933	0.0	0.0294751778807977	0.0001209448538333	0.0008687861111046	1.4627657668758424e-08	-0.0045196544655823	0.0218991644518809	0.0004795734036905	2.0427276488258025e-05	-0.1961048638796825	0.0083973294165743	0.0384571176372688	7.051514133046567e-05	0.002652199187374	-0.0004538338232182	7.0341605295073065e-06	2.0596513909693898e-07	0.0029060159946652	-9.490539161810008e-05	9.007033358184943e-09	8.444928961249973e-06	-0.0015048615905875	-0.0001576910943533	2.2646084068255404e-06	2.4866481238341393e-08	0.0	0.0	0.0	0.0	0.0	0.0	0.0	0.0	0.0	0.0	0.0
6222.481968488285	-1.7775919840696588	38719281.84816184	3.159833261828706	15426.222856095068	-52.331451287247546	2738.580793829563	237968351.60590988	6244.917955439869	-4.87300402731762	38999000.27017527	23.746168250253746	7372.469379911437	9430.148779242434	1.17343	22.716131	0.071551575345694	0.0326240328388802	-0.0497634083	-0.0089365905	0.0070155368	-0.0554255345	-0.1023250799	-0.0428819963	-0.0241686572	-0.0164169565	0.0360595625	-0.1092070508	0.0433755609	-0.0741700192	0.0099601636	-0.0454870357	-0.0953489823	-0.0037903827	0.0515138511	0.0582220684	0.0103175018	-0.0716221908	-0.068098592	-0.0330485123	-0.0581559085	-0.0771417808	-0.0534031248	-0.0538758807	-0.0524875042	-0.01808702	-0.0259987015	0.0237409751	-0.0055874433	0.0052125751	-0.1021150945	0.0705736698	-0.0253439592	-0.0641742757	0.0423618766	0.0242732348	-0.0208336424	0.0103128559	0.130513071	-0.03271921	-0.00412243	0.0101921056	0.0178692724	0.0136361129	0.0590210276	-0.0892613289	0.0130025065	-0.0554030956	0.0320514429	0.029662079	-0.0350128342	-0.1267932653	0.0355875105	-0.017801346	0.063080641	-0.053503496	-0.002415782	-0.0572234087	0.0600583782	-0.0281092413	-0.0291086235	0.0196925846	-0.0472334601	-0.0549568562	0.0039725856	-0.0230983054	-0.0622132031	-0.0063647048	-0.0188635412	-0.0384104922	-0.1449149255	-0.0471196381	0.0617897088	0.0099797981	0.0165075932	-0.0400538491	0.0178038359	0.0824501985	0.0607885787	-0.0001285323	-0.0406114463	0.050967584	0.0367441374	0.0376930018	0.0296043592	0.023453402	0.0164861708	-0.0090169725	0.073791983	-0.0562112076	-0.1025599007	-0.031982742	-0.0284253427	0.1445020377	-0.030767329	0.058317215	-0.1091565751	0.0015339136	-0.0700638715	0.0158311053	-0.0135065913	-0.0153080307	0.0597586209	0.1041119392	-0.0610358257	-0.0059174425	0.0283875452	0.0132321889	-0.1042977035	0.0030929066	-0.0286768122	-0.0526534842	0.0456498326	-0.0214510134	-0.0286942699	0.0289357535	0.0545581658	0.0513350498	0.045170296	-0.0040036093	0.0171784066	-0.0021563361	-0.0147389806	0.0241694466	0.0394200967	-0.0351283506	-0.0349510131	0.0423696314	-0.0233280592	0.0101623565	0.0099885778	-0.0270141246	-0.0325069099	-0.0276459529	0.0468166839	0.0808642896	0.0300890086	-0.0960207341	-0.0547591396	-0.0454206658	0.0816311946	-0.0304457497	-0.0247781189	-0.0326826315	-0.0756788672	-0.0415027246	-0.0420776127	-0.0405758483	-0.0080585864	-0.0919143957	-0.1009185806	0.0828895323	-0.0298882181	-0.0018621727	-0.081706829	-0.0835310078	0.0161438954	0.0708585666	-0.0014877972	-0.028689145	-0.0397034454	-0.018403448	-0.0242467497	-0.1450638087	-0.0087122173	-0.0751594261	0.0041506275	-0.0097467636	-0.0120663873	-0.090127758	0.0353910162	0.0809687338	-0.0563453339	-0.0663868332	0.073525926	0.0473586783	-0.0857821235	0.0	0.0460907351579891	0.0166155572771914	0.0021243558674038	0.0002760767436316	-0.0162378564572236	-0.0117182019916413	0.0001373162579169	0.0002636679823253	-0.1879456987021512	0.0081591651775313	0.0353235856606398	6.657197639423968e-05	0.0031109842224414	0.0004587850350674	9.678222832279322e-06	2.1048370840179558e-07	0.0027172537575634	-0.0001887622371018	3.563118215567627e-08	7.383467982992416e-06	-0.0014512358447701	5.3625745817400096e-05	2.1060854771455857e-06	2.875720614472404e-09	0.0	0.0	0.0	0.0	0.0	0.0	0.0	0.0	0.0	0.0	0.0
6210.858363538804	-11.623604949480978	38574761.61193992	135.10819202159868	15448.165510861683	21.942654766615306	481.48009820686536	238645817.6509764	6240.710515404745	-4.207440035123909	38946467.73708336	17.702551649163482	7365.044927599842	9388.735003559275	1.127519	21.82736	0.018110344671538	0.0123520026983813	0.067879702	0.0051081738	0.0072681378	0.0644151774	-0.0432206825	0.0414813195	0.1065652938	-0.0444623331	0.0522443155	-0.0128827342	0.0064708516	-0.0235513317	0.003646587	-0.0359661523	-0.0210188253	-0.0769009419	0.0111840743	0.0293776454	0.0354312783	-0.0908041755	-0.0208738967	-0.0024860169	-0.0458098569	0.0079415349	-0.0271527667	-0.0400559735	0.0890970943	0.1704663037	-0.0847869267	0.0326636722	0.0680743171	-0.007031332	-0.0367360048	-0.0635132846	-0.1183010757	-0.0016307126	0.1728583092	0.0285445278	-0.066314117	0.0234267931	-0.0153481447	-0.0450029248	-0.1191302845	-0.0540174225	-0.010647326	-0.0918512346	0.0265771936	-0.0229934298	0.0468613836	0.0304995568	-0.0536109824	-0.0472847751	-0.0693205716	0.08502615	-0.0106793884	0.0426987978	-0.0047342672	-0.1291217854	0.0066637581	-0.0956982175	0.0744554662	0.0757971306	-0.0945889217	-0.082318847	0.121658157	0.0267875302	0.0346968274	-0.0486931235	0.1055459651	-0.0763513806	0.0806268274	-0.0332870784	0.0699653521	-0.0359641704	0.0325415287	-0.0159306654	-0.101528419	-0.0353128003	0.0264677671	-0.0113665861	-0.0485304042	0.1036520935	0.085472934	0.125383708	0.1003292776	0.0059578744	-0.0738929249	0.0826052992	0.025736318	-0.0100432987	-0.024865933	-0.1030459425	-6.92423e-05	-0.0287538677	0.0270094583	0.0582055573	-0.0724843171	-0.0694733641	-0.0517849887	-0.1040368024	-0.0312866292	0.0133001362	-0.0595214484	0.0852789176	-0.041581669	0.0135452921	-0.0414104526	-0.0052809181	-0.0351527614	0.1564631393	0.1273659161	0.1436598112	0.0218576215	0.0175578705	-0.0188637052	-0.0233664098	0.0185758066	-0.0003672836	-0.0147405937	0.0037275999	-0.0916434965	-0.0346678257	0.0369123632	-0.0558736858	-0.002010665	-0.0481768468	-0.1871423433	-0.0581007695	-0.0897646903	0.0794236641	-0.0080855902	-0.0608955095	-0.0339184264	0.0393575252	-0.0769767825	-0.0827825828	-0.0589166239	-0.0044369621	0.0150209052	-0.0135879854	0.0132479721	0.1020180255	0.0978729021	-0.0224049176	0.0139917071	-0.0846703222	-0.0658170785	0.0690042388	-0.0116344037	-0.1034798982	-0.0055498343	-0.0258619155	-0.0718521787	0.0317295823	-0.0818292603	0.017837467	-0.0610166756	0.0255617584	0.0032273427	-0.0235142738	-0.0023237304	0.0488848166	-0.0987551164	-0.0115478049	-0.0802603208	-0.0409522024	-0.0825810828	-0.0160604211	0.0299235585	-0.1401596966	-0.0133282315	-0.0894404896	0.0388955753	0.0783218503	-0.061284559	-0.0608031248	0.0786656624	0.0383158593	-0.0896185849	0.0	0.0460073012486645	-8.343390932460254e-05	0.0021166717681853	6.9612172251859994e-09	-0.0162147701772994	2.3086279924200422e-05	5.329763207385395e-10	0.0002629187719026	-0.185822171090102	0.0021235276120492	0.0345298792686391	4.50936951913539e-06	0.0029068884378686	-0.0002040957845728	8.45000039021415e-06	4.16550892803868e-08	0.0027465238377544	2.9270080191000185e-05	8.567375943875813e-10	7.543393191353158e-06	-0.0013669957721291	8.424007264099995e-05	1.8686774410188344e-06	7.096389838560949e-09	0.0	0.0	0.0	0.0	0.0	0.0	0.0	0.0	0.0	0.0	0.0
6204.379847435634	-6.478516103170477	38494329.29126541	41.97117089903919	15435.742778794172	-12.42273206751088	154.3242720211631	238262155.13309643	6240.361794344251	-0.3487210604935171	38942115.324311405	0.1216063780317232	7367.473401045881	9412.284206424409	1.210307	23.430037	0.0544509654485881	0.0348738114652665	-0.061455823	-0.0410338163	-0.0034824036	0.0269199623	-0.1188915949	-0.0368330762	-0.0426904249	-0.0720486216	0.0878383442	-0.0567944133	0.0683214284	-0.0238338405	0.0426402642	0.0362524421	-0.008385573	0.020216602	0.0376401925	0.0552197919	-0.0191305888	-0.0696976111	-0.1259542665	-0.1104151928	-0.1234219456	0.0593689256	-0.0097383896	0.0068595401	0.1584186686	-0.0189790207	-0.0497684127	0.0205015197	0.0599348088	-0.0675548464	-0.0529056326	-0.0385767359	-0.0242622135	0.0489623087	-0.067780553	-0.0023669146	-0.0128741234	0.0082869071	0.1435619043	0.0276213444	-0.0621389438	-0.049410429	-0.0147061258	0.0581121379	-0.0329191135	0.059669959	-0.0503542745	0.0139110303	-0.0510219397	-0.0342822323	-0.1604141057	0.0209526483	-0.0322093932	-0.0092978116	-0.0472650385	0.1527931341	0.0375955967	-0.0145839554	0.0323445147	0.0021074345	0.0044039015	0.1024083819	-0.0294037108	-0.056016265	-0.0561792334	-0.1533176954	-0.0403414222	0.0370387349	-0.0274080483	0.143575546	0.0056435489	0.045875735	-0.0444473576	-0.0189173196	0.0756727517	0.0890905986	-0.0068764127	-0.0848314287	0.0089205389	0.0410285857	-0.040806226	-0.0419574779	-0.1055428717	0.0190231534	0.0809809212	0.0878115735	-0.0255374326	-0.0263345804	0.1115568863	-0.0800370208	-0.0155713036	0.0133145785	-0.0378069323	0.1458754344	-0.0948555312	0.0661612206	-0.070379942	0.0206272958	0.0730479038	-0.0821757596	0.0197474793	0.0994430519	-0.0300017327	0.0267693388	0.0738442712	0.0041006325	-0.108699887	0.0186797563	-0.0657930687	0.0285367213	0.0466079409	-0.0726644301	-0.0157589992	0.0277523859	0.0138307711	-0.0630590832	0.0770701759	0.0138447173	-0.046768675	0.0085492482	-0.0129064367	-0.1939138474	0.0565316288	0.0070340349	-0.0017635506	0.0741139127	0.0348448068	-0.0060239205	0.0551961737	-0.008449133	0.0296201509	-0.0838267497	0.0292311991	0.0148839813	0.0880795312	0.1059368118	0.0070553661	-0.0236852286	0.0268569699	0.0570489252	-0.1051446322	0.1236932544	-0.0662040881	0.0803090525	-0.0985904065	-0.0800585138	-0.0201304424	-0.0828039499	0.0769533688	-0.0737041469	-0.0861577288	0.0441489097	-0.0898739715	0.0632973983	0.0052563369	-0.0667427152	0.0100646412	0.0784287973	-0.013849911	-0.0283534306	-0.1862193346	-0.033032127	-0.0567755706	0.0222817584	-0.1207065866	-0.0787012699	0.0417026602	-0.0452965699	-0.0145875891	-0.0886864774	0.0423348324	0.0754412237	-0.0659380473	-0.0548112574	0.0830867868	0.0288159833	-0.0921024127	0.0	0.0462075401945867	0.0002002389459222	0.0021351367708343	4.0095635464033775e-08	-0.0161224029283317	9.236724896770009e-05	8.53170868186109e-09	0.0002599318761834	-0.2043502088195552	-0.0185280377294532	0.0417590078445958	0.000343288182104	0.0033650042058191	0.0004581157679504	1.1323253305180232e-05	2.098700568448763e-07	0.0026339732172713	-0.0001125506204831	1.2667642171130836e-08	6.9378149093025225e-06	-0.0015089358141804	-0.0001419400420513	2.2768872913162668e-06	2.0146975537524832e-08	0.0	0.0	0.0	0.0	0.0	0.0	0.0	0.0	0.0	0.0	0.0
6191.042566982275	-13.33728045335829	38329008.06618648	177.8830498915331	15402.247322694158	-33.49545610001405	1121.9455793479683	237229222.58943936	6235.089768994469	-5.27202534978278	38876344.4274195	27.794251288752243	7367.290660446309	9325.513596473293	1.404994	27.198931	0.068601871372296	0.045694198150538	0.0584049032	0.0848078236	-0.1193126141	0.035917252	0.0414057915	-0.0310736883	0.1060984975	-0.0535295696	0.0061687159	0.0096505165	0.0211714142	-0.0552150296	0.014294842	-0.1142688321	-0.0141148874	-0.1546035909	0.025752092	0.0632421391	0.0845238814	-0.1093473805	0.0882589086	-0.07280363	-0.0171288458	-0.0365010522	-0.0189094351	0.0233573028	0.1266922374	0.019314261	0.0486786103	0.117279683	-0.0722561354	0.0355527288	0.027585564	0.0509477157	0.096961607	0.0984124349	0.0527550387	0.0144699249	-0.0264996524	0.0539105197	0.0120909374	0.0593979276	0.0380940476	0.0696768895	0.0435129122	-0.078973562	-0.0163287052	-0.0698329342	0.0188143214	-0.0284861509	0.0281751165	0.0219631005	0.0684674591	0.0084268059	-0.0078255363	-0.0468263621	-0.0211153607	0.0479728387	0.0424742431	0.0682647428	-0.1225628139	-0.0068373522	0.0808267173	0.0183978626	-0.0266410153	0.0442065092	0.0496218512	0.1017255856	0.0825826848	-0.069900815	-0.0155245186	-0.0609774864	-0.1415669851	-0.1309732308	0.0361269249	-0.0169628075	0.0155675044	-0.0339116574	0.0271310662	-0.0457223639	-0.0811079295	-0.0139418233	-0.0582840909	-0.0115312515	0.0119166	0.06706244	-0.0830900983	0.1593671293	-0.0587350683	0.0504050321	-0.0291122342	0.0100574296	0.024477869	-0.0438235135	0.1100265649	0.1128362844	-0.1392683886	0.1472461818	-0.0008167171	-0.043498007	0.0543613327	-0.0545182862	-0.0404199443	-0.0671329147	-0.0519278948	0.10671376	0.065028946	-0.0480573568	0.074429616	0.0473858168	0.0175277273	0.0179618269	-0.0098364059	-0.0015744437	-0.070018516	0.0362731028	0.004218024	-0.0149627786	-0.0033448747	-0.0177103408	0.0171940455	-0.0422033702	0.1159713487	0.1236807651	0.019023087	0.031639912	0.1042014501	0.0210841435	0.0578360527	0.143430422	0.0294544724	-0.0749839438	0.1300356602	-0.0047470121	0.1158265915	0.0501747927	0.0060738874	-0.1354498723	-0.0211232041	0.0227833087	-0.0633393339	-0.0633556166	0.0522610223	-0.0616365396	0.0628978406	-0.0453726104	-0.0990768601	0.1096363714	-0.0252210317	-0.1403469033	0.1431428042	-0.0153533035	-0.0990311972	0.0242120722	0.0206016968	0.1570460455	0.0369700402	0.0228070769	0.0610793158	0.0041668711	-0.0510090239	0.0187628975	-0.0689361668	0.0488736585	0.06816215	-0.0438707456	0.0369851292	0.0436291147	0.0315217659	0.0743090931	-0.0158442251	-0.087866284	0.0457030134	0.0723354508	-0.070284102	-0.0484514532	0.0867489121	0.018972371	-0.0931961179	0.0	0.0460477036432109	-0.0001598365513758	0.0021203910108129	2.5547723155709606e-08	-0.0164169661717892	-0.0002945632434574	8.676750439620146e-08	0.0002695167782856	-0.2050796932754579	-0.0007294844559027	0.0420576805939559	5.321475714036684e-07	0.002608883334963	-0.0007561208708561	6.806272255447664e-06	5.717187713441874e-07	0.0024100213514284	-0.0002239518658429	5.015443821451628e-08	5.808202914340771e-06	-0.0011406488084482	0.0003682870057322	1.301079704214299e-06	1.356353185911895e-07	0.0	0.0	0.0	0.0	0.0	0.0	0.0	0.0	0.0	0.0	0.0
6194.47766815899	3.435101176714852	38371553.58132044	11.799920094267762	15433.924469895504	31.677147201346088	1003.4416548157484	238206024.5424392	6237.023865612164	1.934096617695104	38900466.7002157	3.740729726579642	7361.164092167797	9283.8760960922	1.324929	25.648972	0.0431207374369184	0.0240227953326515	0.0152577516	-0.0936067705	-0.054044064	0.0220726765	0.0770365462	0.0804280105	-0.0912479457	-0.0883932177	0.0405182848	-0.009161547	-0.0360803184	-0.0834145799	0.1480751091	0.0258656571	0.1092613954	0.0780555311	-0.0619907352	0.0846959991	0.0891442238	-0.1102766532	-0.0092716181	-0.0073330389	-0.1006573087	-0.0793925283	-0.1217711126	0.0579481868	0.0637819156	-0.0155504994	0.0073101054	0.1210904397	0.0070271376	0.1300766558	0.0634816055	0.0574223822	-0.0626746384	0.0249228623	0.1131547024	-0.0597852265	0.0042766976	-0.0713183707	-0.0023734998	0.0873059518	0.019752303	0.0203747066	-0.0006673528	0.0370502852	-0.038127174	-0.0638991713	0.0271711378	0.1507618652	0.0032231657	0.0928951114	-0.0956137642	-0.0909331227	0.0038609962	-0.0084374641	0.1078463172	-0.1146863869	-0.1067045514	-0.0514235525	-0.0579817077	0.1439966907	0.0639687055	-0.001594874	0.113911695	-0.0788455192	0.0631841295	-0.0965289566	-0.0053394186	-0.0047860501	-0.033956544	-0.0727690107	-0.0416250798	0.084048603	-0.024427549	-0.0367542039	0.0619558486	0.0659669041	-0.1103716989	0.0421542525	-0.017727407	-0.0115265816	-0.1158777139	0.0041896818	0.0012991806	-0.0817523369	0.0806293101	0.1428614148	-0.0065198205	0.0254248515	-0.0275694587	0.0080841855	0.0364006699	-0.1168517108	-0.0490948381	0.1517238965	-0.1002852824	0.0199456302	-0.0762441955	0.0180326976	0.0274022956	0.0833890783	0.0194324921	-0.0126380286	-0.0805262076	0.0721740178	0.1485007385	-0.0545962821	-0.003235226	-0.1422690658	0.0140977691	0.1025192642	-0.067596124	0.0500938449	0.0357097128	-0.0624117425	0.0139913447	0.1147924128	-0.0034068293	-0.131616081	-0.0068320741	0.0550967506	-0.0099470761	0.0284634011	0.0659853333	0.0971658877	0.0103927374	-0.2136818661	-0.0422948732	-0.0843724204	0.0866384735	0.0062816173	-0.1082630428	0.0909001216	-0.0033972794	-0.0513139959	0.1014217475	-0.0593057739	0.1076826382	-0.147880599	0.067267552	0.0304559542	-0.0254788235	0.0601130661	-0.0227878284	0.0322597341	-0.1115572841	-0.0597753547	0.0720982061	-0.1602850735	0.077264793	-0.0343020862	-0.1147856993	-0.0181499357	0.0055298231	0.17728447	0.1227618364	0.0313429449	0.038998364	0.0482228357	-0.051955962	-0.0154202409	0.0844879492	0.0649548258	0.040692807	0.0973786535	0.0085723798	0.0176898598	0.1091012127	0.0397475581	-0.0170979051	-0.0869805215	0.0489944635	0.0690138005	-0.0743024598	-0.0417664042	0.0896185849	0.0089024437	-0.092883193	0.0	0.046015917763313	-3.178587989789705e-05	0.0021174646875999	1.010342160883536e-09	-0.0230736271094116	-0.0066566609376224	4.431113483846795e-05	0.0005323922679841	-0.2047981776815248	0.0002815155939331	0.0419422935816734	7.925102962751005e-08	0.0029900680272312	0.0003811846922682	8.940506807470281e-06	1.453017696196026e-07	0.0022899723205818	-0.0001200490308465	1.4411769807207845e-08	5.243973229030795e-06	-0.0013624305858427	-0.0002217817773945	1.856217101239683e-06	4.918715678426356e-08	0.0	0.0	0.0	0.0	0.0	0.0	0.0	0.0	0.0	0.0	0.0
6195.297438024863	0.8197698658732406	38381710.34559744	0.6720226329938309	15417.208540389309	-16.715929506195607	279.4222992561009	237690319.17785305	6245.863033827425	8.839168215261452	39010805.03733193	78.13089473768832	7372.070703101146	9327.44071508281	1.237229	23.9512	0.0137518975598271	0.0119837387886019	-0.0878599687	0.0470503597	-0.0913711985	0.0772651595	-0.0505130862	-0.1074281199	0.0093005164	-0.0967139781	0.0267772589	-0.0803514837	-0.0435274801	-0.048896967	-0.0326344458	-0.0387792584	0.0399178275	0.0004312548	0.0711766654	0.0519861421	0.006342881	-0.0258089733	0.0111421618	-0.0488461219	-0.0830622146	0.0279807572	-0.1640443051	0.0025455669	0.1288795923	0.0157580714	0.028958001	0.0244774785	-0.013192911	0.0704400625	0.0853678733	0.0524799827	-0.0215048011	0.0251807293	0.0744891821	0.0039254306	0.0070059125	-0.0542418273	-0.0611714095	0.0059442154	-0.0490958434	-0.0596363055	-0.010137109	-0.024447816	-0.0417813492	0.0540587931	-0.0011555282	-0.051196711	-0.1042829621	-0.0866908191	0.088496462	-0.0799997554	0.0487266609	0.0317643783	0.0726176581	0.1667595015	0.0140213935	0.0262437287	0.0746310266	0.0285367494	0.0577291745	0.0278446619	0.0849768478	-0.0053517184	-0.0494352675	0.1156430172	-0.0745917153	-0.0274222536	0.069786564	-0.0266725172	0.0577234554	0.0417951176	-0.0448167372	0.1313591491	-0.0114810838	0.0465814674	0.1442533975	0.0597304271	0.0653175458	-0.0617165956	-0.0638547152	-0.1552916408	0.1236952818	0.1028026684	0.0391325957	0.1329518517	-0.0131419534	0.0483313888	0.0430177403	-0.0119503267	-0.0339305353	-0.0821714285	-0.0415085329	0.1149842906	-0.1573300232	-0.0700680386	0.0825769693	0.0191273208	0.0799175596	-0.0735488991	-0.0311951966	-0.0312038322	-0.0598841889	-0.0377919869	0.0145966122	-0.0238437073	0.0842062346	0.0225489637	0.0533526483	0.0810167807	-0.0616222858	0.0412359636	-0.078561985	0.0068706013	0.0519756346	0.062453438	-0.0634391582	0.0379052967	-0.0630376836	0.0433835981	-0.0038040541	-0.0264606595	0.0030881036	-0.0337136793	0.1353481979	0.0009694846	0.0371087418	-0.0767437111	-0.0025105476	0.1086853235	0.1020094003	0.0018287747	0.0002616328	0.080625888	-0.0645804977	0.1326196192	-0.0561172364	0.0808680171	-0.0716401175	-0.1054730427	0.0422075751	0.0010771896	0.029081906	0.0130148284	-0.1354719692	-0.0259353363	-0.0842261497	-0.1381603509	0.1877097053	-0.0286287006	-0.1114598123	0.0271510854	-0.009955493	0.0954077312	0.0486745713	0.0012401864	-0.0270574262	-0.0088856341	-0.1361799016	0.0543041679	-0.0385182735	0.0278368029	-0.0348051443	0.021677136	0.0570188079	0.1187205341	0.1103557776	0.0200465776	-0.0183483952	-0.0860298509	0.0522036565	0.0654861859	-0.0779743851	-0.0348009859	0.0916695905	-0.0012736779	-0.091168361	0.0	0.0460168656500314	9.478867184012364e-07	0.002117551924253	8.984892309214646e-13	-0.0260620573086782	-0.0029884301992666	8.930715055888611e-06	0.0006792308311608	-0.204941517513582	-0.0001433398320571	0.0420010256007698	2.054630745418437e-08	0.0027780692231696	-0.0002119988040616	7.717668608722145e-06	4.494349292354866e-08	0.0022901118528626	1.395322807998603e-07	1.9469257385211063e-14	5.244612298621771e-06	-0.0013621853293494	2.452564932999696e-07	1.855548871494733e-06	6.015074750579802e-14	0.0	0.0	0.0	0.0	0.0	0.0	0.0	0.0	0.0	0.0	0.0
6198.843916726011	3.546478701147862	38425665.903931074	12.577511177695426	15440.40102415447	23.192483765160432	537.8913031972302	238405983.7867104	6250.04695267282	4.183918845395056	39063086.9106148	17.505176904851893	7379.331427696687	9254.974913159494	1.304318	25.249956	0.0618501440516252	0.0385199778846597	0.0084433464	0.0013638698	-0.0608799625	0.1568297625	0.1008355092	-0.0105050662	0.061732908	-0.0774277494	0.0622518046	0.0430627387	-0.0858605322	0.0401300347	0.0330065909	-0.0048748271	0.1073136085	0.0047652311	0.0151385141	-0.005278047	0.0560938629	-0.0898571292	0.0575523008	0.070901731	-0.0886572704	0.1011093914	-0.2084917558	0.0283698209	0.1114992553	-0.0138584524	0.0199770949	0.0195111066	-0.1968527093	-0.0437559335	-0.0841331115	0.0835786691	-0.0445175192	0.1220872268	-0.0937433388	-0.1582097097	0.1071729109	0.1153524527	0.0444841638	-0.1383851711	-0.0486975864	0.0904338768	0.0592664284	0.0769853935	-0.0127202797	0.1218732473	0.063039618	-0.0379888049	-0.0790997255	0.1508574868	-0.0079079999	-0.0603523218	0.0667427662	0.0418196957	0.0703076746	-0.0894325818	-0.0497253763	0.0673284978	-0.054110681	-0.0151817491	0.0188676433	0.0260143647	0.0096668983	0.0355170411	-0.0298703992	0.0438221589	0.0089480743	0.1136816958	0.0348201752	0.1078887082	-0.040382162	0.031732784	0.0326735025	0.1024850016	0.0812874151	-0.0335166859	-0.0012595556	-0.0935972919	0.0191330214	-0.0263995327	0.0841860785	-0.1237184001	-0.1188166626	0.0312949635	-0.0033136209	0.1176676777	0.0286554474	-0.0649243888	-0.0562725682	-0.0467594029	0.0654784056	0.0070674108	0.0686470277	0.1330914893	-0.2555695047	-0.0492781583	0.2004201935	0.2670583942	0.0296366948	-0.0266669498	0.1059836517	-0.0336436494	0.0815544272	-0.0696678983	0.0810777625	0.0489740513	0.0181920918	-0.0168783768	-0.1062314865	-0.1152786397	-0.0997279978	0.1459817505	-0.032777827	-0.0481612527	0.084713181	-0.0638532808	0.0340849672	0.0745671643	0.1483254024	0.0567152465	-0.09256553	-0.0501937218	-0.0991848214	-0.0894125724	-0.1100549178	-0.0488582258	-0.0475514697	0.0305836071	0.0339626024	0.0380155115	-0.0110438332	0.0066403332	0.0653766784	0.0790713512	0.1011946411	-0.108922247	0.1876766033	0.1011616791	0.0718001005	-0.0302818885	-0.0394732632	-0.0784519005	0.0886465976	0.0536353201	-0.1299020108	0.0391730387	0.0181030409	-0.0669098514	0.1070088741	0.0124120534	-0.0472820286	-0.1650152628	-0.0479648242	0.237160447	-0.0330464254	0.0422093991	-0.0605223703	-0.1326681336	-0.1184400115	-0.1550070499	0.0727819954	0.0086219153	0.0816642246	-0.0424755945	-0.0439560594	0.0292505345	0.1003360404	0.1004955522	-0.019595462	-0.0850149816	0.0553252047	0.0617631348	-0.0812827579	-0.0276019556	0.092883193	-0.0114346062	-0.0880775042	0.0	0.0460166964826953	-1.691673360976198e-07	0.0021175363551805	2.861758760236506e-14	0.0080936627933709	0.0341557201020491	0.0011666132156895	6.550737741279644e-05	-0.1906794932247919	0.01426202428879	0.0363586691364634	0.000203405336814	0.002925637140345	0.0001475679171753	8.559352676966069e-06	2.177629017948565e-08	0.0024040278075518	0.0001139159546892	1.2976844732751892e-08	5.779349699482315e-06	-0.001355024591345	7.160738004400192e-06	1.836091643149684e-06	5.127616876766124e-11	0.0	0.0	0.0	0.0	0.0	0.0	0.0	0.0	0.0	0.0	0.0
6238.717318676789	39.87340195077741	38921593.7823577	1589.8881831282597	15537.550221889836	97.14919773536712	9437.96662062546	241415466.8977489	6271.025068264563	20.978115591742608	39325755.406802565	440.0813337805143	7391.626857591712	9325.59215836766	1.59828	30.940706	0.1405039859926617	0.0977240160319911	0.0237863813	-0.030860017	0.1549141697	0.0129329616	0.0332332554	0.0665655647	-0.0019053402	0.194110492	0.0389724166	0.1870655917	-0.0400761837	0.0867796483	-0.1385360609	0.0696099266	0.1048202441	0.0651079589	-0.0851397573	-0.1936654926	-0.0970444789	0.0711500147	-0.14345814	0.0902981535	0.1182783642	0.0548083669	-0.0301371554	-0.0252750323	0.121017235	0.0062258093	-0.0905095007	-0.0450738002	-0.0349849708	0.0441340029	0.1711601242	0.047856166	-0.0671084838	-0.0593388798	-0.0976501512	0.124046176	0.0172753065	0.0261442531	-0.0608967506	0.0366582622	0.0365230555	-0.044858359	0.11461774	-0.0795087143	-0.0702787776	-0.0089579542	-0.000172487	-0.0851926975	-0.0263305255	0.0373937557	0.0332338511	-0.0450777682	0.0673182477	0.080547241	0.0118395643	0.0546619171	-0.0189908064	-0.1033110848	0.1347429434	-0.1469468308	0.0875461063	0.063231576	0.0668523608	-0.0407500333	-0.1083854113	-0.1288058728	0.0045219872	0.0709986089	0.0260817295	0.0426063484	0.0090652177	0.0441183191	-0.0873356743	0.0737478061	-0.0238078195	0.0225796302	-0.0406477943	-0.0400164202	-0.041605854	0.0194363114	0.0969755928	0.095125031	-0.0573904404	-0.1093444664	-0.0388021486	-0.1518977109	-0.1398359388	-0.1221098129	-0.0494139023	-0.0190688485	0.0459676928	0.049560085	-0.0787459986	-0.1275028721	0.040913848	-0.1802530926	0.1029474044	0.1340572068	0.1744065066	0.0831723091	-0.0181251963	0.1236351751	0.0086815581	0.0193230399	0.0251929363	-0.0619018067	0.1106723139	-0.0002931698	-0.0136517027	-0.0450002462	-0.0497293813	-0.0252435806	-0.0384548876	0.057532888	-0.177454828	-0.0087089477	-0.031946461	0.0100360326	-0.0086423382	0.0238401889	-0.031513279	-0.1502488323	0.000467588	-0.0438799471	0.0196561909	0.0137252027	0.0259775891	0.0287052155	-0.0031087237	-0.0806410369	-0.0443778825	-0.1544864625	-0.114568945	-0.1488730113	0.0662601044	-0.0552818551	0.0982480607	0.2467727957	0.0124235759	0.065280459	-0.1201500342	0.0879635257	-0.0529242943	-0.0126179055	0.0650391294	0.0055782139	0.1509177399	0.2346533991	-0.0020742107	0.0231298328	0.0994380847	-0.1288136251	-0.1320647968	0.0830113821	-0.0143981794	-0.0784359093	0.0669191164	-0.1526650665	0.0133697394	-0.0208828023	0.1355717541	-0.1205104924	0.0182411693	0.0706359373	0.0592917256	0.0338557869	0.1784545328	-0.0335296177	-0.020838873	-0.0839366709	0.0583538671	0.0578557582	-0.084212153	-0.020217639	0.0932483061	-0.021459135	-0.0836572738	0.0	0.0458110437921845	-0.0002056526905108	0.0020986517333294	4.2293029114331686e-08	0.0025362786655165	-0.0055573841278544	3.088451834452801e-05	6.432709469154157e-06	-0.1128699439190654	0.0778095493057265	0.0127396242402929	0.0060543259631602	0.0021652547200786	-0.0007603824202663	4.688328002822657e-06	5.781814250501879e-07	0.0022918274197103	-0.0001122003878415	1.2588927031783031e-08	5.252472921735972e-06	-0.0010889794020815	0.0002660451892634	1.185876138157781e-06	7.078004273025153e-08	0.0	0.0	0.0	0.0	0.0	0.0	0.0	0.0	0.0	0.0	1.0
6232.131321609003	-6.585997067785684	38839460.80977998	43.37535737688162	15453.758942551754	-83.79127933808195	7020.978493112479	238818665.45449832	6258.935124779745	-12.089943484817924	39174268.89620164	146.16673346609133	7375.530227400235	9449.575643911823	1.256848	24.330997	0.0709546477499967	0.0455423341948953	-0.0736958097	-0.0265059494	0.0839455702	-0.0807029097	-0.1663953196	-0.0342482975	-0.0659499217	0.1250743632	0.0212954398	0.0822544708	0.1068455871	0.0520076748	-0.1903080917	0.0135455588	-0.0446006846	0.0530349741	0.0015597049	-0.0851306968	-0.0991055395	0.0438330526	-0.0733852498	-0.0114093936	0.017889574	0.0606265184	0.0287997456	-0.0617128033	-0.1696939583	0.0207305991	-0.0382357065	0.0067733258	-0.0518434596	0.0319975837	0.0754605752	0.0630819279	-0.0498312287	-0.0505610329	0.0215012083	-0.1066173609	0.0245167149	-0.0155822381	-0.0176875962	-0.1382518172	0.0292470562	0.0990508952	-0.0097203332	-0.0419332296	0.0949631744	0.0624401661	-0.0109116559	0.0262014567	0.1695879271	0.0349564273	0.0572816115	0.0187153005	-0.1184440377	0.0090666975	0.0378691579	-0.0040162024	0.0747566997	-0.0079224286	-0.0483345425	-0.0890221581	-0.0059517943	0.0209515242	0.0124870448	0.032744927	0.1500201026	0.0744298076	0.0664408412	-0.0665029025	-0.0212220807	0.0083923673	0.1108898318	0.0300417399	0.0073296344	-0.0836021519	0.009410754	-0.0143070358	0.016951937	-0.1073064192	-0.0438860104	-0.0005726157	-0.0300812726	0.0444560942	-0.0124295328	-0.0161176733	0.0286298259	-0.0877964154	-0.1181053921	-0.0194478794	0.0789058239	-0.028753578	-0.0983641811	0.0573710204	-0.0022464212	-0.1182375696	0.0937142266	-0.079636788	0.0335527869	0.1119295399	-0.0031711245	-0.0143509391	0.0681665367	-0.0083316504	-0.0204907265	0.0483903588	-0.0855217815	-0.0026907028	0.0170994056	-0.006558994	-0.0400337065	0.0421645931	0.0395028768	0.0521209959	-0.0329121577	-0.1259179495	-0.0138338148	0.0148909676	-0.0630651492	0.094529499	-0.0423899809	-0.1680738152	0.0989411718	0.1308873105	0.1207369674	-0.0956815738	0.0039125776	0.1109126676	-0.007149361	-0.0030434334	-0.0615823784	-0.0240511062	-0.0056785376	0.0196946828	-0.0728826541	0.000194083	0.0208416225	-0.0890011992	-0.0611832551	-0.1223146885	-0.0044069619	-0.0486901222	-0.015299358	0.0036292113	0.0566618914	0.0271748274	0.1036457497	-0.0779899991	0.0706886327	0.2037763198	0.0576291208	0.0567302128	0.0728203685	0.1056055178	-0.0394693151	0.0159275649	-0.1317292689	-0.1278846994	0.0160359238	-0.0528892257	-0.0630200535	0.1230842833	-0.0242291904	-0.0699601731	-0.0631781418	-0.0007033832	0.0229927922	-0.0529180072	-0.0112594088	0.0933187646	-0.0220783961	-0.0827957235	0.061284559	0.0537757173	-0.0867489121	-0.0126976055	0.0927615946	-0.0312276849	-0.0779743851	0.0	0.055758593852957	0.0099475500607724	0.003109020788459	9.895375221157491e-05	0.0135650899829329	0.0110288113174164	0.0001216346790751	0.000184011666245	-0.1127344561940475	0.0001354877250178	0.0127090576133676	1.8356923630525144e-08	0.002890945638732	0.0007256909186533	8.35756668610357e-06	5.266273094160151e-07	0.0022918255662029	-1.8535074000798622e-09	3.435489682150811e-18	5.252464425901243e-06	-0.0008178162013065	0.0002711632007749	6.688233391193937e-07	7.352948145454294e-08	0.0	0.0	0.0	0.0	0.0	0.0	0.0	0.0	0.0	0.0	0.0
6199.154928159338	-32.97639344966501	38429521.82332221	1087.4425249471094	15478.401483592104	24.642541040349897	607.254828925329	239580912.48726624	6242.323578405059	-16.61154637468553	38966603.65751175	275.943472958328	7370.169520301241	9401.670877386725	1.398447	27.072193	0.0190366054141233	0.0120715031050681	0.0412468457	0.088919263	-0.0082873758	-0.128522485	-0.0228348146	-0.0133068122	0.0568321919	0.0223322676	-0.0563047772	0.2124683306	0.1309685231	0.0380789426	0.0179298632	0.0508275544	-0.0095392766	-0.1136602757	-0.0152302715	-0.0831246597	-0.0424145176	-0.0669488761	0.0061661719	-0.1328923995	0.0852220407	0.0208267682	0.1106626433	-0.0911853897	0.0003136899	0.060034641	-0.0054699548	-0.0165159651	-0.0333002028	-0.0838008392	0.0038003482	0.098051265	-0.0816150848	-0.0477872248	-0.049620703	-0.0637442239	-0.0032413576	-0.0145039702	0.0730185059	-0.0159833364	0.0944474659	0.0657211239	0.0110047878	0.0245365254	-0.0913028781	-0.0079822067	-0.0798986004	-0.0027833525	0.1356201502	0.0020832553	-0.0012852323	-0.0263657267	0.0286694267	0.0326735716	0.1079591823	-0.0699935104	0.0258880939	0.0320435092	0.1099652025	0.1456794041	-0.0125742691	-0.1063680304	-0.0028368609	0.0359796115	0.0181091349	0.0760545678	-0.0385146207	-0.0310242577	0.0854752997	-0.0225862217	-0.074793117	0.0625690748	-0.2067369224	0.0118237417	-0.0582348168	-0.0358632867	0.0281109796	0.0066920709	-0.0321427089	-0.0165428756	-0.0941909873	-0.0739731401	-0.0820059876	-0.0139667651	-0.0882943927	-0.026083159	-0.2142995419	0.0715242724	0.0013837743	0.047622504	0.0613110346	0.0183608136	0.0530065761	-0.051493863	0.0726660358	0.0649075853	0.0216595299	0.1141248764	0.0721974048	-0.0204982662	0.0580499142	0.0105043569	0.0959658407	0.0600911463	-0.0792659218	-0.0266966489	-0.0261992519	0.0264481599	-0.0070032045	0.0733717704	-0.0416777785	0.0860806091	0.0472393731	-0.0847042482	-0.0624744133	-0.0227051805	0.1036309945	-0.1226725808	0.0641831136	0.0251190699	0.0542299821	-0.0297796389	-0.0861466085	0.0623238912	0.0211040246	0.0536633188	0.0787757939	-0.0022231821	0.0559496221	0.0777732651	0.0021611473	0.0176156974	0.0058017116	-0.0501778257	-0.0398881648	0.1104794004	0.0341888838	-0.0598128824	0.0114686149	0.0765081423	0.0175443983	-0.1276321485	0.0661021195	-0.0173943253	0.0990701071	0.0560787389	0.0735755452	0.1619161765	0.1314001833	0.0420277622	0.1183808233	0.052666166	-0.0561226151	0.0915116278	-0.0418777867	-0.0017267917	0.1002636699	0.0975716883	0.0481753013	0.0101833457	-0.0404169977	-0.0126199264	-0.0909621327	-0.0204526555	-0.0521902399	-0.042871022	0.0419357039	-0.020149467	-0.0233138	-0.0815929909	0.0641123601	0.0495351885	-0.0888812078	-0.0050923356	0.0914275044	-0.0406237301	-0.0711146114	0.0	0.0457627873267085	-0.0099958065262484	0.0020942327039095	9.991614811019208e-05	0.0201158729991277	0.0065507830161948	4.291275812526624e-05	0.000404648346517	-0.1126733076464674	6.114854758010324e-05	0.0126952742559954	3.73914487115615e-09	0.0028424450397661	-4.850059896589981e-05	8.079493804090906e-06	2.352308100051042e-09	0.0022918443468935	1.8780690599906613e-08	3.5271433940942064e-16	5.2525505103876935e-06	-0.000817758234481	5.796682550000647e-08	6.687285300614821e-07	3.3601528585482e-15	0.0	0.0	0.0	0.0	0.0	0.0	0.0	0.0	0.0	0.0	0.0
6205.8339176649015	6.67898950556355	38512374.6136401	44.60890081542803	15437.494946186049	-40.90653740605558	1673.344802553024	238316250.21351975	6249.578062095956	7.25448369089645	39057225.954231046	52.62753362148258	7359.863544234894	9264.57259517855	1.290704	24.986418	0.0513343780208065	0.0367873626686795	0.0141829648	-0.0876625935	-0.0126329351	-0.1061751497	0.0871730973	0.0988482954	-0.097475929	0.038228681	-0.1282257925	0.1234081607	0.0522242032	0.046755612	-0.0044119813	-0.0100739301	0.0496729248	0.0540356106	-0.1229236408	0.0187227857	-0.0793491589	0.0640364065	-0.0570319122	-0.0060585014	0.1206232535	-0.0627117737	0.0430371449	0.0672707596	-0.0257838133	-0.1843226597	-0.0167432498	-0.0884085078	0.0827908575	0.0685429013	-0.0538458167	0.0363168553	-0.0327857082	0.0419293509	-0.1172748857	0.0954335175	0.0289713573	0.0198463081	-0.1070795395	-0.0022938732	0.1097794347	0.0642525622	0.043707968	-0.1111087407	-0.0302976311	0.0972002655	-0.0285872021	-0.0044341572	0.1355158808	0.1341220121	0.0658005706	-0.0290242532	-0.0726219831	-0.1016803846	0.0170214885	-0.112676771	0.0247599235	0.0430300381	-0.0128777431	0.1541489083	-0.0892291928	-0.021590063	-0.0403307465	0.1000962693	-0.038801603	0.0058597785	-0.0393804486	0.0859475459	0.0380014775	0.0471727402	0.0365373323	0.0673710624	0.0426481139	0.0523430607	0.0199281128	-0.035509864	0.1108729656	0.0513343147	-0.0229104789	-0.0195800475	0.0815812563	-0.0159302698	0.0745023025	-0.1441069215	0.0329880383	-0.0994272997	-0.022200386	0.1048868308	-0.0159239293	0.0527254113	0.0494161303	-0.0451034165	0.0085686597	-0.1208166718	0.0451582685	-0.0172979277	-0.0297863734	0.0375628832	0.0025216754	0.0121703911	0.0433594959	-0.0046743017	-0.0149547917	-0.0789391958	0.0845616778	0.1189308148	0.0799093016	-0.0375546717	-0.0919116087	-0.0062408198	-0.0355849512	-0.0581871134	0.0426628967	0.0463177056	-0.0243527533	0.1667021494	7.1936e-06	-0.1521808495	0.1722715244	-0.0790389602	0.1807982654	-0.0366093251	-0.0479527687	-0.045908969	-0.0167788268	0.0450744115	0.0851054351	-0.0068875016	-0.093928799	-0.0305176561	-0.0234637978	-0.0119807657	-0.0337816047	0.0928882128	-0.0074169214	-0.0026421255	-0.0034296342	-0.0055462489	-0.0405361621	-0.0175120758	0.0410153543	0.0635537452	0.0179694965	-0.0546479192	0.1061457934	-0.0509645592	0.1551520917	0.0817137671	0.0482121301	0.0531038127	0.0795403256	0.0121666546	-0.039320048	0.0220192685	0.0507723146	0.0561654324	0.0690970458	0.0037160248	0.0323952958	0.0001504082	0.0663226471	0.0436339901	-0.1170280376	0.007066576	0.0714947997	0.0014881878	0.0497943152	-0.0603289754	-0.0245448544	-0.0803293705	0.0668325226	0.0451468273	-0.0905990982	0.0025471182	0.0892582227	-0.0495351885	-0.0631814888	0.0	0.0457383797426871	-2.440758402139781e-05	0.0020919993814862	5.957301577615937e-10	-0.0083882607784175	-0.0285041337775452	0.0008124856424081	7.036291888673737e-05	-0.1127581956036323	-8.48879571649086e-05	0.012714410675787	7.2059652716313585e-09	0.0024809070955338	-0.0003615379442322	6.154900016669956e-06	1.3070968511971758e-07	0.0021999902945986	-9.18540522948999e-05	8.437166922994207e-09	4.839957296328035e-06	-0.0008167312569667	1.0269775142999734e-06	6.670499461064057e-07	1.054682814877752e-12	0.0	0.0	0.0	0.0	0.0	0.0	0.0	0.0	0.0	0.0	0.0
6218.742395191317	12.90847752641548	38672756.97774984	166.62879204997355	15451.793804184796	14.298857998746826	204.4573400683261	238757931.76704365	6260.222147000735	10.644084904779447	39190381.3297985	113.2965434601537	7365.917046454224	9302.868901202652	1.278819	24.756336	0.0800836259541112	0.0557760022797202	-0.0333376048	0.0898808603	0.07872809	-0.0566416579	0.0474851307	-0.0670721866	0.0241975632	0.1382084821	0.0022073798	0.0250066266	0.0027217385	0.020390746	-0.0612782687	0.0613257869	0.06225646	0.0470176113	0.0561174715	-0.1069741329	-0.1212739366	0.1222229877	-0.0582072567	0.1049251429	0.0613636517	0.0141933593	-0.0130955166	0.045893566	-0.0142310181	0.094880338	-0.0120931302	0.1376972508	-0.0576643452	0.0764951039	0.0699558334	-0.036151705	0.1549465597	-0.1592479898	-0.0766066117	-0.0026951256	0.1126872382	0.0144324582	0.0538614622	-0.0687634146	-0.0126749463	-0.0376352685	0.0567727291	-0.0016477535	0.1214018717	0.0530688249	-0.0371930044	0.0120305774	0.0841730509	0.0351434321	-0.0910712522	-0.0255306018	-0.0554622675	0.0636442178	-0.0899611057	0.0888481302	0.0268453199	0.001889957	-0.0921730622	0.0290890587	0.0323377915	-0.0560781468	-0.0721464773	0.1058869006	-0.0205771981	0.0203731345	0.0885893528	-0.0609365876	-0.0632285345	0.0091039651	0.0909644284	0.0683186407	0.1318527036	0.0207235972	0.0490071685	0.0084450115	-0.0874475735	0.0782778774	0.0844851433	0.1268014058	0.0299285084	0.0245788342	0.0425429502	0.0381340888	-0.0169840905	-0.1676186421	-0.0353938792	-0.0257137097	-0.0237530229	0.0094229233	0.0131502767	-0.0296260836	-0.0307874551	-0.1276992806	0.0316977099	-0.1696994763	-0.0212243939	-0.007344683	0.0417200144	-0.1600575989	0.0016170477	-0.0227123621	0.0003572809	0.0779834656	0.0148670755	-0.008430986	-0.0203381337	-0.0992950483	0.059032685	-0.1712159473	-0.1298975596	-0.027523155	-0.0069546692	-0.0021762138	0.030382782	0.0068576556	0.0195705177	0.1434312266	-0.094464542	-0.0967718595	-0.0064978609	0.0113205917	0.0727796463	0.0266244194	-0.064252355	-0.0024412992	0.0446032937	0.0018304509	-0.0510497498	-0.0865714819	0.0055715408	0.069536437	0.0592183273	0.0492787958	-0.0236853937	-0.007423014	0.0055687449	0.0018322838	0.0081668286	-0.0083086872	0.1208549091	0.1151300857	0.0190808153	0.1826788606	0.0754610271	0.003956385	0.0069352796	0.1728632677	0.0491140038	0.0543303746	0.0611962192	-0.0274693374	0.0757068808	0.0369256013	0.0308731699	-0.0324590522	0.0249074999	-0.0178469653	-0.1438009794	0.1014920423	0.1181504818	0.0303526443	0.0077498175	0.0131112285	-0.0024579151	-0.093223207	-0.0959759515	-0.0486562317	-0.0257713294	-0.0790058053	0.0694404798	0.0406237301	-0.0918945739	0.0101694736	0.0862735657	-0.0578557582	-0.0542947536	0.0	0.0459129289037179	0.0001745491610307	0.0021079970405178	3.046740961655471e-08	0.0454377063232982	0.0538259671017157	0.0028972347344349	0.0020645851559222	-0.112940217743457	-0.0001820221398246	0.0127554927839394	3.3132059386361695e-08	0.0020559367761877	-0.0004249703193461	4.226876027681073e-06	1.8059977232512638e-07	0.0022921669845057	9.21766899071e-05	8.496542162229672e-09	5.254029484857954e-06	-0.0008158565151891	8.74741777599948e-07	6.656218533765022e-07	7.65173177478717e-13	0.0	0.0	0.0	0.0	0.0	0.0	0.0	0.0	0.0	0.0	0.0
6206.205406592446	-12.536988598871176	38516985.54881731	157.17608312822586	15494.136274764309	42.34247057951325	1792.884814776945	240068258.9009672	6250.322815169319	-9.89933183141602	39066535.293826126	97.99677070848648	7371.381859671737	9447.45235132344	1.463922	28.339708	0.0326782094964071	0.0214074043196189	0.1289454218	-0.0169714217	-0.0613365911	-0.0534715292	-0.0860629786	0.1027871692	0.0745147584	-0.0080506792	0.0077098617	0.037242141	-0.0026176224	0.0426219982	-0.1051894718	-0.0018663968	-0.1442870574	-0.0559143169	-0.0857244594	-0.0697385692	0.03258163	0.0441193828	0.0013263372	0.0593500517	-0.0577630252	-0.0733741066	0.065860928	0.007986675	-0.1013999948	0.0732917629	0.0394332931	0.0213779912	0.0402382988	-0.0402189233	0.0704986932	0.0386319471	0.0702780119	0.0078231448	0.0335188032	0.0529832599	0.0429276631	0.0596596117	0.0811640835	0.0193736838	0.0242728156	0.0781453748	0.0699814895	0.0020305532	-0.0470097791	0.0906512282	-0.0852672647	0.1225370545	-0.1044263539	-0.0117727342	-0.0300794009	-0.0274147766	0.1613929754	-0.0522838497	-0.145846149	0.0730065907	0.0394214992	0.0583492753	-0.0612098741	0.0227685291	-0.0974589349	-0.0999451382	0.001016434	0.0201705246	0.1408042017	-0.066507836	0.0036678843	0.023892118	0.052948425	0.0417330273	0.0157475659	-0.1696367793	-0.058296159	0.0129988911	0.0624410667	-0.0821709618	0.0609184703	-0.0210678974	0.004923542	0.1100766983	0.0610033133	0.1687730557	0.0346299059	-0.0730377302	-0.097408267	0.0266309558	0.0021742385	-0.0240670123	-0.0537837972	0.0267848829	-0.0925132725	0.0898860833	0.0055179668	-0.0935526766	0.0759581186	-0.0124940908	0.0193084715	-0.0483032708	-0.0573640706	-0.1383357261	0.1510276044	0.0071514321	0.0300944064	-0.0447080886	0.0049428332	0.047760989	0.0747201302	-0.068484254	0.0243198528	-0.0104417283	-0.0186122991	-0.0112191914	-0.0425433244	0.0627676827	-0.0205354511	-0.0499856376	0.1791435738	-0.0936591885	-0.0250533905	0.0762433481	-0.0008378476	0.0132450499	0.0544920101	0.0540917179	-0.0136994614	0.0161317264	-0.0635347422	0.0892113575	0.1289392011	0.0657552201	0.0944640387	0.0343802539	-0.0840893447	0.0304387282	-0.1530660385	-0.1016191388	-0.089282795	0.0183565834	0.0344805399	0.0618696887	-0.1237422065	0.0155737518	-0.0551834432	0.0806626243	0.109226222	0.0830534185	0.1049617419	0.0212910085	-0.0040284152	0.1021476578	0.0493842895	0.0068934119	0.0374153831	-0.0313162393	-0.1025632116	-0.0400378607	0.0235719606	0.0470571677	-0.0778695347	0.1072434778	0.0763640585	-0.0292575269	-0.0423808536	0.0156241862	-0.0459350379	-0.074705757	-0.1357952296	0.0210782596	-0.0269929964	-0.077623283	0.0719318531	0.0359793958	-0.0927615946	0.0177235635	0.0825007985	-0.0654861859	-0.0445885354	0.0	0.0384443237919498	-0.007468605111768	0.0014779660318202	5.578006231552856e-05	0.0394466217459381	-0.0059910845773601	3.5893094413082106e-05	0.0015560359671671	-0.1128267158997431	0.0001135018437139	0.0127298678207213	1.2882668526456001e-08	0.0024369420237787	0.000381005247591	5.938686427258626e-06	1.4516499869187926e-07	0.00229201242669	-1.5455781569992041e-07	2.3888118393930565e-14	5.253320964101384e-06	-0.0008167970690537	-9.40553864599964e-07	6.671574520147147e-07	8.846415722139272e-13	0.0	0.0	0.0	0.0	0.0	0.0	0.0	0.0	0.0	0.0	0.0
6187.897824365135	-18.307582227310377	38290079.48478278	335.1675670097308	15429.280269316983	-64.85600544732551	4206.301442583517	238062689.6291344	6243.923371933929	-6.399443235390208	38986579.07458276	40.9528737229815	7358.873488284113	9285.802096923586	1.273569	24.654696	0.0322398337874349	0.0182527294397809	0.0318921255	-0.1037030169	-0.0275445471	0.0088357746	0.0629762279	0.1091983909	-0.0927082667	-0.0875421849	-0.0332607991	0.0510197881	-0.0232593409	0.0307600581	0.0320281471	0.0498645208	-0.0914477709	0.0814238538	-0.0932082606	-0.0254774671	-0.0211683413	0.0361701994	0.0793927607	-0.0394339556	0.0647054866	-0.036023377	0.0528524051	0.044572948	-0.1271043405	0.0263086678	-0.0502628511	0.0219627317	0.0934336385	0.0200275665	0.0340534	-0.0015379157	0.0100939493	0.1348234696	-0.118309178	0.0199673483	0.1277860631	-0.0708997723	0.029596428	-0.002662945	-0.0643925267	0.052177431	-0.0902009834	0.259034233	-0.0346071963	-0.0189058276	-0.0153220659	-0.0717715404	-0.0267826737	-0.1509638783	-0.04866577	0.0539765385	0.092332359	-0.0802526023	-0.0655291333	-0.0078651149	-0.1036010654	-0.0149198663	-0.0525685665	-0.016231214	-0.0291699828	-0.0804724591	-0.0016048874	-0.051978385	0.063632898	-0.0488861955	-0.0659037154	-0.0283669116	0.0011791421	0.0101744539	0.0611475314	0.034488315	0.047382459	-0.059595624	-0.0586830982	-0.0156521621	-0.0150656608	0.0155371452	-0.0011002193	0.055376699	-0.0514858321	0.0153558983	-0.0495928825	-0.1083893923	0.0570244671	-0.0209621272	0.0193775568	0.0221010374	-0.0501553298	0.1074594255	0.0571427524	0.1017232578	-0.0572015604	-0.1395249064	0.0436508217	0.0405815799	-0.0203455315	-0.0105918611	-0.0574329523	-0.0757785692	-0.0802465675	0.0734393151	0.0248251848	-0.1276347486	0.0469871013	0.1290912585	-0.0134624945	-0.1068630478	-0.0108189293	0.0200588056	0.0452741211	-0.0963336439	-0.073552427	-0.0566849957	-0.0092776406	-0.1776194802	0.0562646476	0.064541502	0.1025746025	0.1176575773	-0.1301957783	0.1143087338	-0.0997655767	0.0803172288	0.0425658034	-0.0120117468	-0.0380109453	-0.0965607374	0.0433871589	0.0734553545	-0.0536023986	0.0741591746	0.0075299229	-0.002027972	-0.0436012269	0.0097057792	-0.0468946779	-0.0862805992	0.0586976102	-0.0323354351	-0.0906303266	-0.0098224646	-0.0634572742	-0.0255521362	0.1302305046	-0.0593032034	0.0896301541	-0.0152988352	-0.0358522765	0.1334574542	0.1217085582	-0.0587075488	0.019762956	-0.0131313243	0.0237637662	0.0508565419	0.0061578684	0.0438706682	-0.0761808689	0.0013653879	0.0043423482	0.0471820168	-0.0287891419	-0.0822727598	-0.0807466887	-0.0793513887	-0.0385966595	0.0684129257	-0.0282096273	-0.0761828353	0.0743024598	0.0312276849	-0.0931961179	0.0251586786	0.0779743851	-0.0723354508	-0.0342093323	0.0	0.0458827177265277	0.0074383939345779	0.0021052237859722	5.532970432596533e-05	0.0406904278689523	0.0012438061230142	1.547053671647623e-06	0.0016557109201584	-0.0959836070093302	0.0168431088904128	0.0092128528145215	0.0002836903170943	0.0024820469797832	4.510495600449976e-05	6.160557209850904e-06	2.034457056167859e-09	0.0022918804035942	-1.3202309579992202e-07	1.7430097824595392e-14	5.252715784379114e-06	-0.000905850586742	-8.905351768829996e-05	8.205652855008256e-07	7.930529012660354e-09	0.0	0.0	0.0	0.0	0.0	0.0	0.0	0.0	0.0	0.0	0.0
6205.650225518543	17.752401153407845	38510094.72147835	315.1477467115162	15378.44470472376	-50.83556459322244	2584.2546275116915	236496561.53624627	6242.361651214759	-1.561720719169898	38967078.98455665	2.438971604684544	7350.9148195804355	9260.501192816891	1.20605	23.347616	0.0280397350934926	0.0145812236300017	-0.0851604918	-0.0257053184	0.0063472332	0.0301996665	0.0007579401	-0.0619717759	-0.0689171052	-0.0076508423	-0.084024877	-0.0407413368	-0.0028366333	0.1211292704	-0.0733759817	0.0338871889	0.0712816075	0.0383886153	0.0353115072	0.1103977454	-0.0578142604	0.1264351239	0.0255695518	0.0863363368	-0.0061757986	0.113042983	0.0907053201	0.034567202	-0.1106443195	-0.0923141623	-0.095468747	-0.0102806668	0.058946317	-0.0670741324	0.0999605998	-0.065654842	-0.0861587346	0.0362674624	-0.0120732065	0.003107435	0.0107792097	-0.0687013652	0.0632084286	0.0989349413	-0.0049401424	-0.0556239331	0.0322606915	0.0449980565	0.0420747642	0.0217538175	0.0094438121	0.0162715663	-0.1172977574	-0.0506493918	0.006905693	0.024039569	-0.0259184397	0.009494604	-0.082328331	-0.0399487584	0.0346325163	-0.0137068869	-0.0106159023	0.1587667338	0.0573595603	0.0496584509	0.0355807844	-0.0241163106	-0.1207740647	-0.0313349502	-0.0170396167	0.085688257	-0.1463967671	-0.0769284942	-0.0566714117	-0.0867067369	-0.0614671968	0.0267785287	-0.1225409561	-0.0662384878	0.0482647304	-0.0606861009	0.0869912992	0.0092162533	0.008370249	-0.1462356836	0.0834505663	0.0434394686	0.0441738989	-0.1042862905	0.0939712697	0.0694784432	0.0781369518	-0.0386531807	0.0085069878	0.1026741802	-0.0500504301	-0.1214511585	0.0538643094	-0.0225280154	-0.0058435952	-0.0226023023	-0.0949919122	-0.0505013286	-0.0092847307	-0.0548414501	0.029416367	0.0392384065	0.0947900401	0.0085356601	-0.0436469819	-0.0138461317	-0.0720462061	0.1139142855	0.0041094695	0.0697567461	-0.1306095409	0.1309749703	-0.0007731141	-0.0471819149	0.0092900653	-0.0351777648	-0.0693006043	0.0743552745	-0.0752128353	-0.0725672914	0.0786232113	-0.0064905207	0.0208171027	0.0371147179	-0.0873213249	-0.0989490176	-0.0572433414	-0.0442806613	-0.0417053484	0.0404102702	0.1572348247	0.05857257	0.0925291018	0.1148869206	0.030822254	-0.02029039	-0.1101552591	-0.0180095953	0.0757974209	-0.0075760607	-0.0779179504	-0.1009973627	0.0978656176	-0.0727304113	-0.0532713156	0.0449535714	-0.016618946	0.0636501176	0.0629387799	-0.016254409	-0.0111132878	-0.0979221144	0.0051817453	-0.0788803266	0.0602736483	-0.0176118568	-0.132931457	-0.0642411768	-0.0227568479	0.0681866389	-0.0339144029	-0.0479937742	-0.0314331087	-0.0927487052	-0.0190212311	0.0233808474	-0.0294209952	-0.0746855372	0.0765483197	0.0263827782	-0.0931961179	0.0324249087	0.0727356746	-0.0783218503	-0.0233138	0.0	0.0458638724910684	-1.884523545930133e-05	0.0021034947998769	3.5514289951650835e-10	0.0356787567691014	-0.0050116710998509	2.511684721308073e-05	0.0012729736845886	-0.0981374509462327	-0.0021538439369025	0.0096309592782242	4.639043704531672e-06	0.0022867419876386	-0.0001953049921445	5.229188918029335e-06	3.814403995660221e-08	0.0023788128175794	8.693241398519992e-05	7.557244601294183e-09	5.658750421080044e-06	-0.0010407206770378	-0.0001348700902957	1.0830995276140169e-06	1.8189941256397238e-08	0.0	0.0	0.0	0.0	0.0	0.0	0.0	0.0	0.0	0.0	0.0
6208.049434118703	2.399208600159909	38539877.77646155	5.75620190708127	15478.686073271032	100.24136854727112	10048.331968229835	239589722.5548746	6242.52596296064	0.1643117458806955	38969130.39823766	0.0269983498343622	7359.751842921806	9315.521191690555	1.310995	25.379221	0.0430452226377753	0.0175044354870234	0.0492888099	0.0879185683	0.0438069142	-0.0474077723	0.0915519835	-0.0430271535	0.0899072439	0.0531207162	0.013036042	0.0495177975	-0.0343848876	0.0918195672	0.0837941434	-0.046339072	-0.0344086476	-0.0904861305	0.0204285607	-0.0017739751	-0.0225312146	0.0754422842	0.0680383979	0.1309144606	0.0678175878	0.1058026304	0.0543096028	-0.0980889214	-0.0070479808	-0.0671532797	-0.0052171794	0.0439683612	-0.0764883525	0.0383155289	-0.0799586836	-0.082471036	-0.0040672492	0.1327396315	-0.0742172727	0.016629919	-0.1101117202	-0.0910859663	0.0628471018	-0.0852143683	-0.0417526049	0.0872423365	-0.0112364892	0.0336611598	-0.0219459391	0.0016782777	0.0575649361	0.0762653747	-0.0074564243	0.0244798237	-0.0817079851	0.1259878508	-0.0995945518	0.0647940709	0.0630612035	-0.0103018608	0.0526679259	0.0223699323	0.0007295351	0.0395761797	-0.1086445215	0.0036654271	-0.0063042099	0.0093526274	0.0995730413	-0.0873573611	-0.039164289	0.0346183886	-0.0543055633	-0.0433741294	-0.061679348	0.0201981505	0.1002202491	-0.0112543371	0.0258910625	0.0269072118	0.0185142249	0.0026681309	0.1237355098	0.0085362349	-0.1435706007	0.0999996212	-0.0201530151	0.0448609888	-0.0707612069	-0.0952913093	0.0703651458	-0.0039366354	-0.0076118935	0.0150393493	0.0879893948	0.0585604821	0.0903060539	-0.0216304233	0.0295157877	0.0738065519	0.0598324033	0.1523179433	-0.1241887536	0.0189958013	-0.1497500931	0.0513324343	0.0537088365	-0.0256742083	0.035422174	-0.0474648418	-0.1230141752	-0.0609654107	-0.001445353	0.0752827108	0.0338794053	-0.0652032973	0.0369142893	0.0544226103	0.0240604978	0.0083643201	0.1445218891	-0.0519333869	-0.0637675571	-0.1372470141	-0.0396171778	0.0122618819	0.0718881818	-0.1224362528	-0.0081723584	0.0353061249	-0.0118672593	0.0255073507	0.0426164167	-0.0154017795	-0.0167996923	0.0430200469	0.0218152817	0.0731683883	0.0692280883	0.0511576654	0.0318704979	-0.0665396874	0.0435899555	0.0292467492	0.1108842094	-0.0756622872	-0.0088973044	-0.0318114331	0.09744987	0.0811650609	-0.0488651774	0.0528961607	-0.0270324074	0.065821337	-0.0101933552	-0.0234052237	0.0229330361	-0.0741428488	-0.0223751031	0.0969966401	0.1530636239	0.0215039986	-0.0551300134	-0.0113266008	-0.1012380028	0.0856634864	-0.0457246737	-0.0634189165	0.0729653585	0.0376788917	-0.0637760113	0.0272508043	-0.0306268741	-0.0731325059	0.0786656624	0.021459135	-0.0927615946	0.039473477	0.0668325226	-0.0833739747	-0.0120663873	0.0	0.0363911661402482	-0.0094727063508202	0.0013243169730471	8.973216560886942e-05	0.0442843289714147	0.0086055722023133	7.405587292922745e-05	0.0019611017924484	-0.1066653263934895	-0.0085278754472567	0.0113774918546296	7.272465964392522e-05	0.0020626767588124	-0.0002240652288262	4.254635411344828e-06	5.020522676893739e-08	0.0022919501756542	-8.686264192520011e-05	7.545118562225532e-09	5.253035607681318e-06	-0.0010228671750415	1.7853501996299963e-05	1.0462572577773786e-06	3.1874753353188675e-10	0.0	0.0	0.0	0.0	0.0	0.0	0.0	0.0	0.0	0.0	0.0
6198.564622345072	-9.484811773631009	38422203.3773879	89.9616543812094	15429.224697966112	-49.46137530491978	2446.427647054129	238060974.78032747	6245.67952905474	3.153566094099915	39008512.77965344	9.944979109856597	7362.3276986484125	9367.315250937365	1.300444	25.174967	0.0606385840845733	0.0248154988800131	0.0345530389	-0.1073211552	-0.0244991329	-0.0330945941	-0.0035294885	0.0927588184	-0.0848342212	-0.0591919563	-0.0288145395	0.0177000008	-0.0282379591	-0.0636269599	0.0638750876	0.052490995	-0.0966700439	0.0894025609	-0.0957268287	-0.0606492165	0.0195297606	-0.0369894726	0.0933556373	-0.0628702852	0.0579081438	0.0781151949	-0.0522845129	-0.0626735148	-0.0622129779	0.0568350479	-0.0366358118	-0.1178809789	-0.0034175784	-0.0467571694	0.037471325	-0.0534849864	-0.007448384	0.0235063007	-0.0238088713	-0.0187193434	-0.1073516859	-0.0122041191	-0.0059380454	-0.0513521116	0.0738259245	0.025856319	-0.0052281907	-0.0868800062	0.0132598036	-0.0290947498	0.0646651371	0.1220402028	-0.1104651507	-0.0257950364	-0.0697269364	0.0331751958	-0.0490441165	-0.0274327439	-0.1139849201	-0.0039236057	-0.0741814988	0.0922640714	0.0290648866	0.0193307632	-0.0424721581	-0.0195497352	-0.0921604114	-0.0814557226	0.1186239908	-0.0592115013	-0.017043615	-0.0889579646	-0.042504254	0.0388029708	0.108622456	0.0701647756	-0.0179388908	0.0691442309	0.0009894828	-0.055914434	0.0735634896	-0.003623867	0.0280641958	-0.1295273588	0.0980305038	-0.0524019948	0.0101705809	-0.1010827023	0.0482080431	-6.39335e-05	0.0133541286	0.0079544583	-0.0544959862	0.1234051085	-0.0045521126	0.0131663767	-0.043130533	-0.027179919	0.0362999827	0.0111666006	0.0226862567	0.134011919	-0.0028792226	-0.0342312803	-0.0310782317	-0.0356239203	0.1336019071	-0.028074858	0.0228355751	0.0184105607	-0.0780725345	0.0544676799	0.1190841286	0.0225535646	0.097661198	-0.0021692946	0.1026844673	0.0617228025	0.0142183854	-0.1021280025	-0.0705127092	-0.0700991441	-0.0236854551	-0.0317388566	-0.0121701649	-0.0032486228	0.0504219193	0.1130125148	-0.0324494629	-0.0444685154	-0.1665426033	-0.032578958	0.0559255903	-0.0465999667	0.0361190856	0.0287129396	0.0238830529	0.0726441839	-0.040373856	0.0285468577	-0.1254079915	-0.0117285	0.0236861214	-0.0539590787	0.0599450962	-0.0635406334	-0.0828113566	0.036303212	0.0937994433	-0.0549412184	0.0907305869	-0.0387548796	-0.050419781	0.0900090099	0.024029297	0.0222697018	0.0342249789	-0.0556089872	0.0664916708	0.0843042955	0.0417024642	0.1614423762	-0.0362003157	0.0526373558	-0.0134458388	0.087259782	-0.0024980957	0.0095281208	0.0200497733	0.0222940311	-0.0425939671	0.0337539794	-0.031827039	-0.0715249003	0.080650933	0.0164714492	-0.0918945739	0.0462570678	0.0603188546	-0.0874315588	-0.0006368538	0.0	0.0460225260127344	0.0096313598724862	0.0021180729005928	9.27630929933374e-05	0.0326364805745527	-0.011647848396862	0.0001356723722762	0.0010651398642931	-0.1023763142802494	0.00428901211324	0.0104809097256083	1.8395624907520247e-05	0.0023080405997811	0.0002453638409687	5.3270514102379e-06	6.020341445491362e-08	0.002542063817656	0.0002501136420017	6.255683391540456e-08	6.462088453035797e-06	-0.0008169373839723	0.0002059297910691	6.673866893315051e-07	4.2407078849804335e-08	0.0	0.0	0.0	0.0	0.0	0.0	0.0	0.0	0.0	0.0	0.0
6194.104858664952	-4.459763680119977	38366935.00013677	19.88949208251728	15417.568203310424	-11.65649465568822	135.87386765808805	237701409.3037286	6250.153335992928	4.473806938188318	39064416.723423526	20.01494852018193	7365.1139084481	9308.27095181453	1.285377	24.883287	0.040826979759169	0.0222885950165437	-0.1020451802	0.0718354739	-0.087851395	0.0520978432	-0.0077616148	-0.1103289008	-0.0016481319	-0.0865746965	-0.0328153347	0.0482813744	-0.0289244819	-0.0077906853	-0.0532009431	0.0475013672	-0.0868065201	0.0404539359	0.1020493265	-0.0347981966	-0.0545203626	-0.002642294	0.0757992476	-0.0130685922	0.0109399075	-0.0218272982	0.125990526	0.0093362752	-0.0546284191	0.0132455765	0.0350765334	-0.0056107149	0.0053059693	0.0536664699	-0.0009499887	0.0366885062	0.0677255732	0.1014210121	-0.0552421576	-0.0861290151	0.0153289443	-0.0260130277	-0.1125259813	0.0123413346	-0.0639849844	-0.0813780238	0.0549739322	-0.1639833149	-0.1401907132	0.0224610906	0.0178510707	0.0756989028	-0.0749554369	-0.0205118666	0.0044530857	0.0610978241	0.0405051654	0.0058271438	-0.0939948108	-0.0042487722	-0.0258888882	-0.1023340677	0.0163272116	0.0576172545	-0.0068919839	-0.0718397623	0.0021114552	-0.0397970924	-0.0377608188	0.0800690909	-0.0398751651	0.0130660002	0.067385635	0.1042292477	-0.0051173569	-0.0085906278	-0.0162206184	-0.0495613528	-0.014178859	0.0797328711	-0.1012443458	0.0073753181	0.0351941993	-0.085534686	-0.0477992667	-0.0900625653	0.0674724051	0.1167060597	0.0452144394	-0.0109533964	-0.0299534674	0.040791271	-0.0615449902	0.0550431043	-0.0489696005	0.0327082862	-0.0247702774	-0.0822584156	0.0196760351	0.0751598793	-0.0229297622	0.0472392568	-0.0289145121	-0.0707280872	-0.0230707435	0.018378526	-0.0284514404	-0.0930968562	-0.0439862863	0.036731743	0.0437746494	-0.0048359536	0.0392316518	-0.0008320711	-0.1111430147	-0.0042766715	0.0532401667	0.1089709268	0.0438079639	0.0546893323	-0.086282645	-0.1161929849	-0.1413613078	0.0450709859	0.0232906224	-0.0160238891	-0.0706469152	0.0221702221	-0.0590586819	-0.0684539706	-0.0094523658	-0.0287489842	-0.0585111762	0.0576325105	-0.0563069883	0.091277862	-0.0167524177	-0.0857513097	0.0335069523	0.0639544787	-0.0611069414	0.0344939904	0.0343440677	-0.0354059922	-0.1098996966	0.0105248139	-0.0028301176	-0.0366445639	0.061935492	-0.0441679062	-0.0971512203	0.021947349	0.0782944231	0.0804622241	0.0307546086	-0.0523720716	-0.0862757166	-0.1082623856	0.004918467	0.0602653714	-0.025961649	0.0472086844	0.0096390041	-0.0096055932	0.0141931475	0.0639050098	-0.0300668965	0.0257107187	-0.0034380362	0.1052187697	-0.0187954995	0.0092056203	-0.033021266	-0.0698639202	0.0825007985	0.0114346062	-0.0905990982	0.0527301444	0.0532541728	-0.090446201	0.0108022918	0.0	0.0404690676217001	-0.0055534583910342	0.0016377454341697	3.084090010094927e-05	0.032817225455858	0.0001807448813053	3.26687121180681e-08	0.0010769702866206	-0.1063081220718089	-0.0039318077915594	0.0113014168184346	1.5459112509767947e-05	0.0022578145350761	-5.022606470500004e-05	5.097726474800906e-06	2.522657575750851e-09	0.0022917190262745	-0.0002503447913814	6.267251457184668e-08	5.251976095388543e-06	-0.0011395859017912	-0.0003226485178188	1.2986560275612622e-06	1.0410206605073297e-07	0.0	0.0	0.0	0.0	0.0	0.0	0.0	0.0	0.0	0.0	0.0
6194.430806856495	0.3259481915429205	38370973.02093281	0.1062422235701004	15418.901372338149	1.3331690277245798	1.7773396564841013	237742519.52989125	6241.354014116761	-8.799321876166687	38954499.92953141	77.42806548038561	7359.750358369098	9320.614723969262	1.292422	25.01968	0.0353773339700198	0.0166638494571062	0.0908019663	0.0040580797	-0.0659901109	0.1047881588	-0.0137765739	0.0818699557	0.0585421836	-0.0863341479	-0.059698319	-0.005321875	-0.0222343098	0.0763635231	-0.0378116883	0.0139677333	0.0007531956	-0.0945550977	-0.0677188368	-0.0208485111	0.04874377	0.0367836394	0.0807067299	-0.0024387497	-0.0012379073	0.0986676356	0.1740105366	-0.0521872097	0.049672772	0.0203002161	0.0298586129	-0.0943991608	0.0574463397	-0.0502091012	0.0868811634	0.03504417	-0.0239606562	-0.0233623603	0.1530150556	-0.0571450584	0.0890284964	-0.0052338144	-0.0476096356	0.0997702583	-0.0290140997	0.0279560037	0.0130321545	-0.0012662713	-0.0471657585	-0.0203220373	0.1366385109	-0.0773234292	0.1403131912	-0.0398535753	0.0659727144	-0.0189541669	0.0136239629	0.0538617525	0.0171743404	0.0330004534	-0.01208017	-0.0127759273	0.0077398624	-0.0055490954	0.0412532271	-0.0330036187	0.0399778243	-0.0805032642	-0.0328532417	-0.0206786383	-0.0203874411	0.0405122525	-0.0404319043	-0.0235918955	-0.0105772446	0.1099108365	0.0901194116	0.0150114966	0.10103434	0.0527144946	-0.1009201955	0.0188885847	-0.0419649928	-0.0096702484	-0.0404992024	0.0895355174	-0.0425723516	-0.0251657531	-0.0899199907	0.0662421161	0.0458817266	0.0327827562	-0.0009859686	0.0106077363	0.0199895114	0.1211054533	0.0173372635	-0.0775904157	0.0847903745	-0.0213741148	0.0371045089	-0.0686751556	0.0372756448	0.0539754392	0.0419370974	0.073079785	-0.0470267858	-0.0217973581	-0.0973381411	-0.0805851477	0.0765677307	0.1174898809	-0.0075249595	0.0217566212	0.1084275271	0.0950986994	0.0367594584	-0.0149291998	0.0529601377	0.0045465781	-0.0790887294	-0.1249251905	-0.0579138407	0.1549701028	0.0726165908	0.104268864	-0.0394232242	0.0701637593	0.1089023745	-0.0427011016	0.1000840297	0.018793407	-0.0134117363	-0.0283052436	0.0151688962	-0.0988691945	0.0139926569	-0.0163313362	0.1382005466	0.0261752766	0.067428568	-0.0292941024	0.0386900466	0.0533204255	0.0488286344	0.0050630858	-0.0279875622	0.020538217	0.0706069723	0.0757768024	0.0401077712	-0.0680674617	-0.0042493442	0.0897876742	-0.0021576867	-0.022308273	-0.0767185337	-0.1202911799	0.0108572857	-0.0198129504	0.0056777366	-0.018823185	0.0660152588	-0.0609716071	-0.0239785885	0.0343941896	0.0123784305	0.0709358353	-0.0915405263	0.0700901291	-0.042681522	-0.1018074153	-0.0342093323	-0.0681508051	0.084212153	0.0063636379	-0.0888812078	0.0588492543	0.0457030134	-0.0923819408	0.0220783961	0.0	0.0382058494432442	-0.0022632181784559	0.0014596869316798	5.1221565232932434e-06	0.0229687209792075	-0.0098485044766505	9.699304042660496e-05	0.0005275621434206	-0.1125858691765273	-0.0062777471047184	0.0126755779382341	3.941010871080027e-05	0.0023939940904891	0.000136179555413	5.731207705296734e-06	1.8544871312482353e-08	0.0023910205617669	9.930153549239998e-05	9.860794951148373e-09	5.716979326792103e-06	-0.0012438620950897	-0.0001042761932985	1.547192911600938e-06	1.0873524488826176e-08	0.0	0.0	0.0	0.0	0.0	0.0	0.0	0.0	0.0	0.0	0.0
6199.141540529617	4.710733673121467	38429355.83951991	22.19101173908047	15393.40588224387	-25.495490094279376	650.0200151474978	236956944.6555001	6244.433547438037	3.0795333212754485	38992950.32836959	9.483525476845797	7348.688591924014	9241.788620615149	1.318466	25.523863	0.0402057880856984	0.0207375481608854	-0.1122089269	-0.0660655042	-0.0061476924	0.0421741811	0.0360367481	-0.0224773895	-0.1166030416	-0.0220485768	0.0119265219	0.0424143828	-0.0076202012	0.1111313459	0.0077229848	-0.035296039	0.0233895902	0.0739963167	0.0376676299	0.0950601259	-0.0183184643	0.0319352101	-0.0400547831	0.0155352533	-0.0109099663	0.0288058029	0.0593360156	0.144774897	0.0144536157	-0.0386247596	0.0550547938	0.0343945962	-0.0836094583	-0.0082661406	-0.0060792296	-0.0327209245	0.061158134	-0.040305841	0.0522079655	-0.0527884127	-0.0224165178	-0.0339010405	-0.0544238586	-0.0125731171	0.1525283817	-0.0253994252	-0.090055911	-0.0785694925	0.0177403123	-0.0411553268	0.0558552006	-0.0522708235	-0.0238085327	-0.0236503883	-0.0388465474	0.014669223	0.1387583695	-0.0116297297	0.1362629363	-0.0791140725	-0.0735572812	-0.0258246023	-0.0450338635	-0.0219087406	-0.0004952689	0.0244013814	-0.0908788992	0.0659230455	-0.0107682849	-0.0638802707	0.0801595994	0.068200665	0.0129742968	-0.0987397511	-0.0565064657	0.0474943413	0.0387915665	0.0640089541	0.0226467145	0.0761064313	-0.0316199749	0.0992528692	-0.0107884993	-0.0265476756	0.0669602565	0.0430140411	-0.0825711732	0.0189583843	0.1182673209	-0.0148047966	0.0204529251	0.0547312191	0.0253800032	-0.0669743735	0.0698931808	0.0688968757	0.006813197	-0.0297188605	0.0723477363	0.0163557852	-0.0179921061	-0.0468694711	0.0028752669	0.1813649111	0.0534103736	-0.0339812394	-0.0875607324	0.0057110747	0.0364587082	-0.0820719231	-0.0052631363	-0.0571989366	0.0756013283	-0.0187998063	0.0171477311	-0.0001798327	-0.0506713727	-0.026925381	-0.0152857374	-0.0212056069	-0.0619280946	0.0181737942	0.0844532631	-0.0264155085	0.0705090719	0.0418311681	0.0073138055	0.0076643101	-0.0715752098	-0.1296350669	0.1306602367	0.0519968587	-0.0079578824	0.0658251296	0.0084659	0.0735860581	0.0107307699	0.001782216	-0.0325258758	-0.0276059101	0.0451750904	0.0495790012	0.0868866373	0.1076325977	-0.0004733183	0.0259827861	0.0255735994	0.1275890272	0.0680760775	-0.1278766265	-0.046169204	-0.0136562115	-0.0205403262	0.0271413904	0.0048074077	-0.0547440632	-0.0741370069	-0.0726326891	-0.0481156372	-0.0281746642	0.0866917528	-0.0256042404	0.0804649174	-0.0537123711	-0.0133902301	0.0401780797	0.0374871866	0.1564347649	0.0113813683	0.0556970497	0.0162262742	-0.0314317895	-0.0353910162	-0.0663868332	0.0857821235	0.0012736779	-0.0867489121	0.064573321	0.0377343563	-0.0932156873	0.033021266	0.0	0.0459949012526976	0.0077890518094533	0.0021155309412454	6.066932809034926e-05	0.0109930516380813	-0.0119756693411262	0.0001434166561679	0.0001208471843175	-0.1051833422653985	0.0074025269111288	0.0110635354901199	5.479740466998615e-05	0.0022339263413108	-0.0001600677491782	4.990426898402257e-06	2.5621684327007152e-08	0.0022911176979347	-9.990286383220002e-05	9.9805822018751e-09	5.2492203057896e-06	-0.0012430619076204	8.001874693000857e-07	1.545202906176868e-06	6.402999860248756e-13	0.0	0.0	0.0	0.0	0.0	0.0	0.0	0.0	0.0	0.0	0.0
6206.18671683496	7.045176305343375	38516753.5642187	49.63450917337173	15426.800286787977	33.3944045441076	1115.1862548555143	237986167.0884416	6238.4701258664345	-5.963421571602339	38918509.51132797	35.56239684065211	7353.020109637866	9283.186728047427	1.328035	25.709089	0.0588087706423981	0.0290955517503687	0.0370092133	0.1019434223	-0.0027998353	-0.0548501689	0.1140155728	-0.0507112163	0.0598533083	0.0682784556	-0.0684874362	0.0280119794	-0.0003757049	0.0122111878	0.1107633044	-0.0448682939	0.0298901928	-0.0817800686	0.0114212299	0.0741043807	-0.0301088379	0.0774155236	0.0316634797	-0.0442002211	0.0789236664	-0.0439842938	-0.0458477524	0.1012383999	-0.1354418047	0.0133475112	0.0064421337	0.0018233785	0.0326823843	-0.0633673624	0.0383311226	0.0213725174	-0.1097633499	-0.0483538186	-0.0096481232	0.0377896	-0.0763844729	-0.0320062417	0.0267585111	0.0088616863	-0.067026287	-0.0924130444	-0.1402289104	-0.0371079057	-0.0630165285	-0.0045049753	0.0007739005	0.0211624419	0.1204017797	0.0040135143	0.007408463	-0.1050545248	-0.0469618156	0.042978027	0.0455943831	0.102844674	0.1625913308	0.0517289333	0.083692601	-0.0891229476	-0.0447752252	0.0603077952	0.038428661	0.0155807477	-0.093954883	-0.0358332521	0.109951968	-0.0318082483	0.0746566564	-0.0013393528	-0.1154944677	-0.0364165186	-0.0347478167	-0.0122935897	-0.0055573819	0.0071489174	0.0707529499	0.0985475809	-0.0112694744	0.0182804879	-0.0141599255	0.0571791066	0.0503594228	0.0579974537	-0.0624471156	-0.0636605819	0.0381028495	0.0488020664	-0.0082654263	0.0446443531	0.0707103441	-0.036293557	0.0667839781	-0.0193139281	0.0169566768	-0.04976996	-0.0493606072	-0.0335320414	-0.14168575	0.0801507181	0.0476758574	-0.0329093865	-0.0251578103	0.0960073764	-0.0276077143	-0.0316182843	-0.0156275394	-0.0909818381	-0.0741729176	0.1282161938	0.1236646441	-0.0447810508	0.0544146734	-0.0551603578	-0.05614799	0.0495329008	-0.0416224102	0.1189412899	-0.052093756	-0.0587778301	-0.0134886756	-0.0661141721	-0.1055554789	0.0547493489	0.0206032225	0.0615486445	0.0387545359	0.0251767965	-0.0395316102	0.1087731539	0.1025951563	-0.0244185994	-0.0130210638	-0.1294033381	0.0055490488	0.1461561312	-0.0083072092	0.1122199206	0.0068182748	0.103821104	-0.0283980831	0.0934631883	0.1089696034	-0.017341093	0.055841703	0.0726972418	-0.0816746551	0.0155038418	-0.0325031679	0.0219604249	-0.0239557335	0.00927533	-0.0306279123	-0.0226973588	0.0109864127	0.0412105707	0.1085662668	0.008729777	0.1284607072	-0.0416551609	0.043311755	0.0945624389	0.0500779184	0.1107719293	0.0388387435	0.0526335372	-0.0265714942	-0.0385130781	-0.0365660973	-0.064573321	0.087208074	-0.0038200832	-0.084212153	0.0698639202	0.0294209952	-0.0929374951	0.0434657385	0.0	0.0461668559613315	0.0001719547086339	0.0021313785893543	2.9568421821370647e-08	0.03282207401719	0.0218290223791087	0.0004765062180276	0.0010772885427898	-0.112632829003104	-0.0074494867377055	0.0126861541692424	5.549485265525033e-05	0.0019060918474391	-0.0003278344938717	3.633186130873801e-06	1.0747545537211385e-07	0.0025503195167282	0.0002592018187934	6.718558286585826e-08	6.504129637404759e-06	-0.0012429320839466	1.298236737999267e-07	1.544880165303838e-06	1.6854186278909778e-14	0.0	0.0	0.0	0.0	0.0	0.0	0.0	0.0	0.0	0.0	0.0
6213.054992454872	6.868275619912311	38602052.339268416	47.17320999108183	15449.92626953125	23.1259827432732	534.8110778421698	238700221.7339518	6245.80798895952	7.337863093085616	39010117.43495057	53.844234772868006	7359.488180230406	9307.073389936131	1.196959	23.171621	0.0150214982513064	0.0092697087654484	0.0332189984	-0.0941730019	0.0430299162	-0.0193700555	0.0659655306	0.0716985538	-0.0604335167	0.0573030456	-0.0225866785	-0.0420810449	-0.0940760506	-0.0774149397	0.0970065344	0.0090117825	-0.0048628106	0.0607216608	-0.067873725	0.0446557765	0.0224972721	0.0532849257	0.0368689925	0.1116312945	-0.0331047196	-0.0974604038	0.0149571571	-0.0402332417	-0.0226535677	0.0421804759	-0.0068305391	0.0504315806	0.0188948231	-0.0636290591	-0.014557507	-0.0826340341	-0.0219099654	-0.0953616535	-0.0433705648	0.082191588	-0.060235674	0.0279812984	-0.0893051742	-0.0361894771	-0.021214645	0.0176946664	-0.0160233138	0.0091712426	0.013481246	0.0244572708	0.0710869955	0.0692767563	0.0254518346	0.0253417883	-0.0351922471	0.0036788488	0.1013525492	0.1206828014	0.0466880984	-0.0006397147	0.0388238778	0.0528047959	0.0585628664	-0.0249640197	0.1012827093	0.1262881803	-0.036622291	0.0106232599	-0.0033158424	0.0796560705	-0.0679863701	-0.0159396085	0.133900447	0.0688016719	0.035186215	-0.0630160962	0.0420679722	0.0137177741	-0.0553542564	-0.0729558412	-0.0851667532	0.0341774359	-0.0699358582	-0.0280959875	-0.0687053955	0.029657579	0.1148796009	-0.0778046932	0.0388105122	-0.04403013	0.0939165953	0.0071949342	-0.0412487189	0.0687366784	-0.0147169574	-0.0473412937	-0.0334815933	-0.0361990462	-0.0269815822	0.0071633703	-0.011946531	-0.0562347997	-0.0151794517	0.0751570254	-0.0262522004	0.0009778202	0.081448719	0.001444435	-0.0521571827	-0.0145430635	-0.0204902015	-0.0277835918	0.0539793443	-0.0364810188	0.0571411136	0.034681151	-0.0112890622	-0.0095277633	-0.1188884158	0.0567687651	0.0760806841	0.0521186128	-0.0724771382	0.0331823157	0.0173387209	-0.027607826	-0.0348842489	-0.0423683597	-0.0897049259	-0.0868776078	0.0079400284	0.0304285397	0.0664420604	-0.0060627872	0.0202482371	-0.1118701855	0.0367588485	0.0243364524	0.0145062254	-0.0296220548	0.0518644063	0.0157623352	0.0517989784	-0.0939422659	0.0435364703	0.0464028395	0.1879454565	-0.0241822853	0.0401600631	-0.0368244535	0.0461296232	-0.0238319327	-0.1204594909	0.0035806658	-0.0520165357	0.0223730659	0.0212777158	-0.0864562191	0.0852568051	0.0632636085	0.0104320191	0.0581270326	0.0429400483	-0.0153579234	0.0568142066	0.0845737879	0.0504629628	0.0252420949	0.0218063331	0.0631608982	0.0208043225	-0.0320634774	-0.0377343563	-0.0627116218	0.0884876105	-0.0089024437	-0.0812827579	0.0746855372	0.020838873	-0.0915506825	0.0532541728	0.0	0.0460656853286707	-0.0001011706326608	0.0021220473648001	1.0235496912987209e-08	0.0326577535656014	-0.0001643204515886	2.700121081028221e-08	0.0010665288679515	-0.112722395103276	-8.956610017199496e-05	0.012706338357819	8.022086300019834e-09	0.0019509999894514	4.490814201230011e-05	3.806400958839363e-06	2.0167412189969143e-09	0.0026749175652118	0.0001245980484836	1.552467368592154e-08	7.155183980678624e-06	-0.0011191094531048	0.0001238226308418	1.2524059680285248e-06	1.5332043908584686e-08	0.0	0.0	0.0	0.0	0.0	0.0	0.0	0.0	0.0	0.0	0.0
6216.42949647751	3.374504022637666	38643995.68467563	11.387277398797789	15417.973431937302	-31.95283759394806	1020.9838303052204	237713904.7479245	6242.290769478739	-3.517219480781023	38966194.05071947	12.370832875985528	7355.177467901531	9310.668054949305	1.216836	23.556416	0.0142914788620982	0.0082221806460753	-0.0945247237	0.0521071443	-0.0065074732	0.0125666278	-0.0157321292	-0.0938128641	-0.027858755	0.0009219347	-0.067541011	-0.0578795683	-0.0760617082	-0.0691671366	-0.1078513012	0.0541619907	-0.0695177084	0.0124898305	0.1020360947	0.0259923493	-0.0191285975	-0.0052785204	0.0062443641	0.0138788321	0.0554527415	-0.0812950988	0.133227958	-0.0897246799	-0.012216378	-0.090589132	-0.0856448272	0.0392875113	-0.0924835338	-0.0687891514	-0.0464368198	-0.1484670056	0.079610019	0.0456538103	0.0250921489	0.0100192213	-0.0713522226	-0.0691567715	0.0475218755	-0.0220896697	-0.0277662951	-0.0858609672	0.0533717638	0.0775506039	0.0117039475	0.0377466681	-0.0453302926	0.0035396703	0.0599569974	-0.0246873917	0.1103831656	-0.0804798691	0.0832310743	-0.125810516	-0.0752837042	-0.0717215183	0.0911891237	0.0237789613	0.0805378757	-0.0162496249	-0.0472193607	0.017695284	-0.0511623155	-0.0898122319	-0.0501561795	-0.040803207	0.0408657983	0.002408866	0.0100822458	-0.0194296137	0.054407464	0.0142157637	-0.0075096267	0.0969894028	0.009290509	0.0382522233	0.0130361698	0.0301378554	-0.0302424173	0.0518296135	0.0650628639	0.0515173891	-0.110323275	0.093229679	0.0282665946	-0.0775522135	0.0303615262	0.023785875	-0.0058380275	-0.0233924899	-0.0668738567	-0.0260776462	-0.0536997349	-0.1134421527	-0.0163544145	0.1680437111	-0.0236288862	-0.0742638649	-0.0349958196	0.0024349141	-0.0249320562	-0.0219939843	0.0350054563	0.0133095073	-0.0485518787	-0.0288721409	-0.0796011765	0.1053993119	-0.0491907918	-0.0074848087	-0.0102030389	-0.0451525655	-0.0479937187	0.0802783721	0.0383498856	0.0752277012	-0.0048237031	0.0235038092	0.010432067	-0.0012143262	-0.1552336868	0.0813865553	-0.0334256268	-0.0334045454	-0.0681438847	0.0200049813	0.0904208197	0.0035299757	0.0857696107	0.0203977146	0.0141453304	0.0437331738	-0.0966555897	-0.0245461791	-0.0126525715	0.0804345058	-0.1251315468	-0.0051845885	-0.009487444	0.0722440307	-0.0774572189	0.0521543244	-0.0010619045	0.0091446394	-0.0030810875	-0.0395973956	-0.0941454103	0.0623175484	-0.0127759328	0.0051571963	-0.0516200953	0.0477995286	0.0106197338	-0.165797127	0.0152459812	0.0445446067	-0.099700833	-0.01675753	-0.013923695	-0.0241269918	0.0301534943	0.0223510602	0.0228762575	0.0437917714	-0.0342760773	0.1289067419	-0.0535264599	-0.0015042256	-0.0388955753	-0.0608031248	0.0896185849	-0.0139582358	-0.0779743851	0.0790058053	0.0120663873	-0.0890717925	0.0622388298	0.0	0.0461090446698762	4.335934120550111e-05	0.0021260440003686	1.8800324697750662e-09	0.0300672167292646	-0.0025905368363367	6.710881100417855e-06	0.0009040375218445	-0.116039739548917	-0.0033173444456409	0.0134652211545804	1.1004774171025168e-05	0.0019661623963978	1.516240694639996e-05	3.86579456900874e-06	2.2989858440823776e-10	0.0026522773054946	-2.264025971719999e-05	5.125813600622686e-10	7.034574905241695e-06	-0.0012481115512195	-0.0001290020981146	1.5577824442875467e-06	1.664154131799468e-08	0.0	0.0	0.0	0.0	0.0	0.0	0.0	0.0	0.0	0.0	0.0
6221.7358590146205	5.3063625371105445	38709997.0993484	28.15748337525025	15447.66730843717	29.69387649986857	881.7263015894466	238630425.2721585	6247.032380814157	4.741611335417474	39025413.56694059	22.48287805615948	7361.43847703957	9368.626200257257	1.254206	24.279856	0.0327366107972378	0.0191190710735529	0.0929019343	0.0059568164	0.0126585131	0.0558464543	-0.0265108139	0.0692713139	0.0605104915	0.0338020872	-0.0231859627	-0.0800745801	-0.0679522253	-0.0252053739	-0.0951065755	-0.0113739052	-0.0426640732	-0.0653190284	-0.046502164	-0.0477568929	0.0696641436	0.006395472	-0.0082448622	0.0943585368	-0.0376925303	0.0416851813	0.1695541417	-0.0038439263	0.0505544985	-0.0708828797	0.0104337753	0.0256634606	0.056152353	-0.0755261519	-0.0711231061	-0.1272838239	0.0428562076	-0.1155201531	0.0886696249	0.0584540672	0.0525082482	0.0322619656	-0.1533385135	-0.0352564493	0.0356811764	0.0826549953	-0.0249862092	-0.0235684261	0.1268357036	0.0535663111	-0.0554225054	-0.0561329846	0.0434092638	0.0279210771	-0.0356584514	-0.0527869999	-0.1170664158	-0.0319401374	-0.0177188023	0.0665098445	0.0185060874	-0.0236450051	-0.0202440061	-0.0539280561	-0.0953967451	0.129994477	0.0248019422	0.0525775975	0.1495593942	0.0508708522	-0.0733155909	0.0236200772	-0.0976313439	-0.0054922374	-0.0389771657	-0.0144445211	-0.0948334978	0.0022960957	0.0218516125	0.006037316	0.0436555276	-0.0789534031	0.0119793247	-0.0515462276	-0.0048974481	0.0039876038	0.0657489573	-0.023112999	-0.0917053994	-0.0143067839	0.083742672	-0.0643347938	-0.0172268538	-0.0374096421	-0.0465052567	0.0823535796	-0.0105339406	-0.099466232	-0.0269915078	0.1077964852	-0.0042807765	-0.1259067616	-0.0012351111	0.0676823059	0.0022963228	-0.0030261142	-0.0098098031	-0.1083695715	-0.0918891016	-0.0044454286	-0.021496123	0.1074082484	0.0257087495	-0.135430969	0.0489439059	0.0560287054	0.0246438637	-0.0618434932	-0.0095772671	0.0837083208	0.0138542483	-0.016868358	-0.0063906607	-0.0912467061	0.0489382003	-0.0092410387	0.1874482156	-0.0140070839	0.0395837444	0.010942865	-0.0165327499	-0.031607572	-0.1012359974	-0.1189331702	0.1047342623	-0.0950128656	0.0585380816	0.1085921289	0.0233603648	-0.0389254252	0.0450759297	0.0055436101	-0.0370440542	0.0267359901	-0.0013680187	-0.0591098649	-0.0056695685	0.0508153135	-0.0006036426	0.0732622014	0.0209304884	0.0097047218	-0.0816417138	0.0259017456	-0.0762160267	0.0071087105	0.026879335	-0.1438435946	-0.0673751248	-0.0177711964	-0.1092955884	-0.0735740629	0.08401057	0.0795722954	0.0465982935	0.0213260836	0.0473283184	0.0201471075	-0.0552239905	0.0270236379	-0.0965224261	0.0167321998	-0.0400495376	-0.0588492543	0.0905990982	-0.018972371	-0.0743024598	0.0827957235	0.0031836749	-0.0855303949	0.070284102	0.0	0.046273074543663	0.0001640298737868	0.0021411974277233	2.690579949451449e-08	0.0328626264335127	0.002795409704248	7.814315414604428e-06	0.0010799522161086	-0.1296793550144599	-0.0136396154655429	0.0168167351169663	0.0001860391100478	0.0019127907353996	-5.337166099819994e-05	3.658768397430543e-06	2.848534197706777e-09	0.0029048273317593	0.0002525500262647	6.378151576630083e-08	8.438021827335855e-06	-0.0012312821234092	1.6829427810300095e-05	1.5160556674270685e-06	2.8322964042210227e-10	0.0	0.0	0.0	0.0	0.0	0.0	0.0	0.0	0.0	0.0	0.0
6220.203255500901	-1.5326035137195504	38690928.539744005	2.348873530265512	15414.84588854826	-32.821419888910896	1077.2456035241958	237617473.7676932	6250.7310700762	3.6986892620434446	39071638.91041596	13.68030225715548	7362.061560291166	9340.982652435454	1.286093	24.897154	0.0246434285348416	0.0178254871699009	-0.1018116363	-0.0523171237	0.04762197	-0.0041402545	-0.0610423733	-0.0426495044	-0.0820622203	0.0339666742	0.0546587615	-0.0554272998	-0.0086257685	0.0084628878	-0.028447368	-0.0275868926	-0.0338249291	0.1097216006	0.0220866548	-0.0206284767	-2.37484e-05	0.0120683789	-0.0446370401	-0.0176574012	-0.0097506766	-0.0832333293	-0.0123368572	0.0653627799	-0.0159491045	-0.0437597228	-0.0089304971	-0.007310524	-0.0178289048	-0.0602995435	0.0959566156	0.1138166687	0.1039043585	0.0033053968	0.0502448321	0.0213105684	0.0511503009	0.0582848839	0.0678859928	0.0390563702	-0.0182931601	0.1020806426	-0.1728554367	0.0161641149	0.1687672076	-0.0806973611	-0.0837823795	-0.0613208923	-0.0231125744	-0.0003998617	0.0640292578	-0.0971040375	0.006769601	0.0083141855	-0.0157041632	-0.0152064169	-0.0607565401	0.0015454599	0.0141352942	0.018751517	0.0162286981	-0.099595272	-0.0568142309	0.1933418017	-0.0658131049	-0.0038223236	-0.0844032	-0.0791539359	0.0471386516	0.0033269864	-0.0228651695	-0.0169660105	0.0721006211	-0.0071956366	-0.077886584	0.0178778054	-0.0679643521	0.0108408906	-2.64146e-05	-0.0321899618	-0.0131941536	0.0755757565	0.0185425172	0.0162496812	0.1049802388	-0.0418877834	0.002336791	-0.0449823514	0.0397665929	-0.025254465	-0.0572046065	0.0667913779	0.0104326645	-0.0388053843	0.0469658002	0.0188601442	0.0046532414	-0.0461957766	0.0793509086	0.0547008333	0.0859625656	-0.0548347233	0.003607625	0.0862738234	0.004778767	-0.0054932918	0.0535868217	-0.0603344246	-0.0652437096	-0.0450583164	-0.004371783	-0.0674172588	-0.1097349814	-0.067276333	0.1233621646	-0.0182055274	0.0117617708	0.0891375511	0.1094722074	0.0533164886	0.0255355394	-0.0060403744	-0.0122133249	0.102453863	0.0359998472	-0.0232847831	-0.0213176613	0.0481527661	-0.0063206005	0.0013159303	-0.0730475369	-0.08480065	-0.0259050374	-0.002741056	-0.2266900987	0.0095512842	0.0558554551	0.0178333695	0.0006211017	-0.0161830938	0.0330697004	-0.0629044117	0.1124767317	-0.0958305613	-0.001494641	-0.1128309398	-0.0397364444	0.0494199973	-0.0667301469	0.0032905727	-0.0591772901	0.0221729011	0.0190291652	-0.1002331359	-0.0656275705	-0.0606922253	-0.0485686337	-0.0562487789	0.1112046203	0.005760046	-0.0178786004	-0.0224914021	0.0881000581	0.0822445702	-0.0724118676	-0.0875054062	-0.062185508	0.0137954369	-0.0411960279	-0.0568514682	0.0914275044	-0.0239298853	-0.070284102	0.0860298509	-0.0057281203	-0.0809687338	0.0772685604	0.0	0.0462380470304424	-3.502751322059794e-05	0.0021379569931894	1.2269266824191632e-09	0.0329032293272746	4.0602893761905456e-05	1.648594981840581e-09	0.0010826225001632	-0.1223968988921058	0.0072824561223541	0.0149810008584043	5.30341671740128e-05	0.0022567957772687	0.0003440050418691	5.093127180297837e-06	1.1833946883136129e-07	0.002904120877075	-7.064546843002506e-07	4.990782209697669e-13	8.433918068662867e-06	-0.0012322774669659	-9.953435566999614e-07	1.5185077555918946e-06	9.907087958641293e-13	0.0	0.0	0.0	0.0	0.0	0.0	0.0	0.0	0.0	0.0	0.0
6214.38489470364	-5.818360797260539	38618579.619520776	33.85332236709829	15438.063288048852	23.217399500592364	539.0476395701065	238333798.0858017	6239.193117787003	-11.537952289197165	38927530.7610407	133.1243430277901	7361.74147893163	9380.110944916163	1.411685	27.328459	0.0953657954818602	0.065344725045227	0.0649822057	0.0899315155	0.0208885319	-0.056008439	0.0300496801	-0.0186025197	0.1067422629	0.0491501008	0.0102844084	-0.0286397138	0.0473117658	-0.001326375	0.0552286001	-0.03086506	-0.0567339149	-0.1037526349	0.014516978	-0.0052901517	0.0585445739	0.0777527136	0.0861105862	0.0277287055	0.0724614466	0.0280973443	-0.0593556236	-0.0201276041	-0.0945650641	0.0837859066	0.0033384799	0.0108662577	0.0891230767	-0.0676333617	-0.0187464945	-0.0024429209	-0.0491675057	-0.0042026257	0.0514582786	-0.0865395798	-0.0927607251	-0.0628718953	0.0991669474	0.1469804845	-0.0470410261	-0.0415798035	0.0430712794	-0.0197921809	-0.0265802859	-0.0147016032	0.0435317752	-0.0434092743	-0.1164772272	-0.0633665377	0.011914738	0.0733932554	-0.032711231	0.1194061565	0.0558882948	-0.0899808806	0.1289621964	-0.0676208456	-0.0282437485	-0.1035726314	-0.0762120723	-0.0867287156	0.0257950857	-0.1097072888	0.0608238272	0.0229123494	0.002694568	0.0428183192	-0.106847566	-0.0825981818	-0.0177141804	-0.0216868175	0.0465440993	0.0842351217	0.0004284472	-0.0768638652	-0.0545453718	-0.0508457453	0.0757224627	-0.0523365763	-0.0162714037	-0.0931510764	-0.1468099252	0.0376798638	-0.0932957932	0.0307932839	0.0134873449	-0.0329611338	0.005867066	0.0855118665	0.0381216058	0.0063266075	0.099241674	0.0567090305	0.0377879162	-0.0416926139	-0.0004730851	-0.0649520734	-0.1251373302	0.0520452021	-0.072551439	-0.0751236959	0.0173339214	0.0930029064	-0.1028720077	0.026966694	-0.0387544788	-0.0441621223	0.0430968883	0.1189802324	0.0710258574	-0.004801032	-0.0887256684	0.0426792681	0.0052133809	-0.0856940928	-0.1047461196	-0.0290961609	-0.06388382	0.0378110774	-0.0441685358	-0.0207097976	-0.0134571362	-0.1136046491	-0.0416687809	0.0383013449	-0.1480314887	0.0362173244	0.0257132461	0.1128419936	-0.0577423982	-0.0955108874	0.014838144	0.0284536631	0.1374913096	-0.0624334815	0.020470988	0.0363319655	0.0064421927	-0.0413512448	0.1230049638	-0.0717219149	-0.1024780217	-0.028737374	-0.0272448414	0.1214639763	-0.0684510459	0.0179243515	-0.0550307302	-0.0022666104	-0.038551916	0.0241759976	0.1279210774	-0.0400925075	-0.0090823409	0.0612877483	-0.0035041963	0.0087467369	0.0521554235	-0.0553774026	-0.1504730906	0.0167473553	0.1031128936	-0.0984838155	0.0463440437	-0.0411568342	0.0740082532	0.0714750297	-0.0423348324	-0.0548112574	0.0921024127	-0.0288159833	-0.0659380473	0.0886864774	-0.0145875891	-0.0754412237	0.0830867868	0.0	0.0463601893299738	0.0001221422995313	0.002149267154711	1.491874133481784e-08	0.0733553844098366	0.040452155082562	0.0016363768508236	0.0053810124219148	-0.121816865296104	0.0005800335960017	0.0148393486705691	3.36438972490776e-07	0.0011772887786051	-0.0010795069986636	1.386008868229488e-06	1.1653353601636942e-06	0.0029057799043967	1.6590273217002328e-06	2.752371654147848e-12	8.443556852795697e-06	-0.0012292142028759	3.063264089999849e-06	1.5109675565518344e-06	9.383586885082604e-12	0.0	0.0	0.0	0.0	0.0	0.0	0.0	0.0	0.0	0.0	0.0
6209.598284563248	-4.78661014039244	38559110.85565084	22.911636636107737	15425.916090824434	-12.14719722441805	147.5544004089096	237958887.2411562	6234.670599415375	-4.522518371627484	38871117.48321448	20.45317242170811	7349.424277107601	9325.411004874586	1.273827	24.659698	0.0633602619447373	0.0365855207325676	-0.018576579	-0.1014979938	0.0035362651	-0.0598547483	0.0527957349	0.0283479912	-0.1117882083	-0.0098204851	0.0355404603	-0.0455334195	-0.000930291	-0.0292293856	0.1095842213	-0.0403567505	0.001067483	0.0543716746	-0.0307976611	0.1044224565	0.0480019557	-0.04386199	-0.0375417196	-0.056111251	-0.0752417662	-0.0042156686	0.0920932491	0.0056911065	0.1987339222	-0.0549869373	0.0064093992	-0.0108679151	-0.0113713002	0.0075147301	-0.0495399549	0.0011418813	-0.1400990649	-0.1079908578	0.0422006682	0.0497955869	-0.0090184671	0.0161865791	-0.0676340708	0.0004321072	-0.0523047533	-0.0969140701	0.1258371218	-0.0808425092	-0.0213603887	0.117419509	-0.0213289583	0.0455898896	0.0361663768	-0.0625387472	-0.0777508311	0.0633701767	-0.1427804186	0.0291805816	-0.097268602	0.0046999296	-0.0558807027	0.0896507581	0.0082423561	-0.0039442343	0.0601403712	-0.0376234176	-0.0232112984	0.0542636848	-0.0535269418	-0.0436207168	0.0162872338	0.0258516949	-0.000438819	-0.1812035003	-0.0874546329	-0.0076275434	0.0260748082	-0.0516822397	0.0420506143	0.0294976496	0.0704294498	-0.0347869487	-0.056778274	-0.1095725394	0.0499977001	-0.0153238182	-0.0256150669	-0.0561705861	0.09442017	0.0385385403	0.0415122995	0.0144787347	0.019943449	0.0134795668	0.0505571517	-0.0875181968	0.0231683069	0.0693723125	0.010835298	0.0363791381	-0.0453637719	-0.1330918117	0.1405134828	-0.0253405377	0.0236127714	0.0912907366	-0.0209047357	-0.0725277165	-0.0089824155	-0.132986839	0.0271192181	0.0840037298	-0.0547406095	0.0252413531	-0.0080966284	0.1063211521	0.0893429548	0.0922094989	-0.0128012084	0.0123677261	0.0179104914	-0.0536716344	-0.0612654376	-0.0931413774	0.0388304984	-0.0987277692	0.0847679418	-0.0541718486	-0.1184341432	0.0428927079	0.1009833396	-0.057414494	0.0113694029	-0.0391143322	-0.0371063191	-0.0454389483	0.1773148312	-0.0404065148	-0.0498342309	-0.0462163175	-0.0237120747	-0.0884199596	-0.0522002154	0.05390761	0.016221373	-0.020869152	-0.0327707233	-0.0092664574	-0.0355656518	-0.0738396838	0.0188273313	-0.0487883029	-0.1018207865	-0.0152678772	-0.0307247236	0.0157452624	0.1104040583	0.0064259757	0.0378162652	0.0641014195	-0.0513548259	0.0470186211	0.0938792951	-0.0346831168	-0.0989513178	-0.0155209994	0.0725321034	0.0402398768	-0.0425350705	0.0370003506	0.080083667	-0.0192539967	-0.0434657385	-0.0527301444	0.0926226898	-0.0336160831	-0.061284559	0.0907477697	-0.0233138	-0.0690138005	0.0876509655	0.0	0.0462792260747733	-8.096325520050296e-05	0.0021417667660799	6.555048692661769e-09	0.0421629766962752	-0.0311924077135614	0.000972966298969	0.0017777166038906	-0.1290764232279144	-0.0072595579318104	0.0166607230333116	5.270118136531138e-05	0.0014890560873057	0.0003117673087006	2.2172880311421607e-06	9.71988547744153e-08	0.0029049547453108	-8.251590859001401e-07	6.808875170435548e-13	8.438762072303734e-06	-0.0014131683959727	-0.0001839541930967	1.997044915376054e-06	3.383914515789474e-08	0.0	0.0	0.0	0.0	0.0	0.0	0.0	0.0	0.0	0.0	0.0
6220.669135830927	11.070851267679243	38696724.49747949	122.56374779107514	15429.64465177512	3.728560950685278	13.902166762975105	238073934.08005247	6245.872850322652	11.20225090727672	39010927.66239761	125.49042538958211	7360.624542012702	9311.906263670908	1.274927	24.680994	0.0489495983534126	0.0232303232493239	-0.0212322287	0.1240440044	0.0460198066	-0.0550580184	0.0938442514	-0.0839467573	0.0377992112	0.026654537	-0.0502742497	-0.0637842951	-0.022233893	-0.015862421	0.1087708517	0.0561582015	0.0925810313	-0.0516605015	0.0896701978	-0.0150538858	0.0038596886	0.0246587136	0.0309500547	-0.0454325192	0.058919542	-0.0915184779	-0.0253753971	-0.002966059	0.0932169139	-0.14338944	0.0435848748	-0.0570035781	-0.0982671094	-0.0806875249	-0.1034712382	0.0048452306	0.0930314056	-0.0325467018	-0.0520388301	-0.0079592563	-0.1056406612	-0.141643336	-0.0184890874	0.0144431549	0.0492448247	-0.0190751364	-0.0559653249	-0.0576566429	-0.089297486	-0.0004605172	-0.1138686392	-0.010604274	-0.1517119877	0.0759629771	-0.0416059759	-0.0755069138	0.0682976854	0.0603392669	0.0018173775	0.0093795105	-0.0354108959	0.0144072079	-0.0607367865	-0.1439836927	0.0686396783	-0.014377812	-0.0551476374	0.0865648738	-0.0258825641	-0.0116698112	0.0666979517	-0.0558275436	0.0179402871	-0.0476526833	0.0548487517	0.0079668931	0.0923423859	-0.0135964005	-0.0234513387	0.0467293197	-0.0282790154	0.0229871321	-0.0691888098	0.0718828005	0.0777969228	-0.0235856242	0.0717362318	0.0961973261	-0.0385515199	-0.0432481273	0.0220660768	0.0017895935	-0.0130919152	0.0546683	0.0363485938	-0.090653517	0.0404266172	0.0887693326	0.0184643719	0.023527374	0.0046094421	-0.0347367272	0.099456254	0.0734040895	0.0042832536	-0.0425602462	0.0121440579	-0.0230803043	-0.0522208921	-0.0376093216	-0.0719103972	-0.0122204073	-0.0227358133	-0.0251302687	0.0116945984	-0.1659952157	-0.0293737561	0.0785055113	0.0208498866	0.0500331903	-0.1855187256	-0.0134108816	0.1170800282	-0.087275172	-0.1653283697	-0.1030762869	-0.0468450608	-0.0783915077	-0.0556674481	-0.013271996	0.0864626526	0.1159770976	-0.0665060373	0.0418845303	0.100836456	0.0166464121	0.0147886763	-0.0359492079	-0.153197805	-0.0999595427	0.030837921	-0.0026575309	0.0287743713	-0.0983505199	0.0130385155	0.0210884491	-0.0208825702	0.0700546142	-0.0284805416	0.0543998456	-0.1479112221	0.0363260334	-0.0520733728	-0.0322540532	-0.0298070141	0.0470612506	0.0872498054	0.0150075229	0.061315612	0.0744481523	-0.04836894	-0.042861721	0.1106098659	-0.0695669784	-0.000613254	0.0129772918	0.10813604	0.0971950481	0.0429442893	-0.0558490227	0.1560187809	-0.0472994196	-0.0445885354	-0.0506096822	0.0929874623	-0.0383158593	-0.0563453339	0.0921998906	-0.031827039	-0.0617631348	0.0908922084	0.0	0.0464655995801166	0.0001863735053432	0.0021590519443397	3.4735083493948543e-08	0.0543956695869098	0.0122326928906345	0.0001496387753565	0.0029588888698082	-0.1185464374032747	0.0105299858246397	0.0140532578210085	0.0001108806014671	0.0012398594546818	-0.0002491966326239	1.5372514673638507e-06	6.2098961711091e-08	0.0030400469960718	0.0001350922507609	1.8249916215672883e-08	9.241885738325174e-06	-0.0015488904352437	-0.000135722039271	2.3990615803894187e-06	1.8420471943878893e-08	0.0	0.0	0.0	0.0	0.0	0.0	0.0	0.0	0.0	0.0	0.0
6221.74830311792	1.0791672869927424	38710151.94735072	1.1646020333152762	15464.034765831026	34.39011405590645	1182.6799447782546	239136371.23883063	6244.263140746068	-1.6097095765844642	38990822.170879945	2.591164920947735	7364.99670326669	9447.726047209637	1.340502	25.950443	0.0539550404489879	0.0285536823023291	0.0694305429	-0.0801694511	0.0640853072	0.0004617443	-0.0709190542	0.0918276673	-0.0036486367	0.0380404178	0.0604805901	-0.0891279105	-0.0059691759	-0.1280565982	0.0836457787	0.0609120274	0.018601997	0.0441466335	-0.072853487	-0.0023401983	0.0953664951	0.0105829518	0.0585274109	-0.0122063038	-0.0521479246	-0.090355203	-0.0700884508	-0.0043921035	-0.0982659782	-0.0049844145	0.0664120998	0.015646699	0.1258392353	0.0653385413	-0.1041512175	0.0609019085	0.0584429286	0.027402487	0.1610691442	0.0542879726	0.0687228958	0.0354117144	0.0100921091	-0.0567675782	-0.0492617098	-0.0468882962	0.0276080393	-0.035115073	0.0448777696	-0.0045666732	-0.0171080891	0.002283067	-0.0467588027	-0.0677341608	0.0375705034	0.0029593539	-0.0298547975	-0.0033056361	-0.0012396751	0.0918397894	-0.0297678287	-0.0297195588	-0.0069187286	-0.128643813	-0.0484076847	-0.0484887001	0.0214705064	0.0676388164	-0.0696728539	0.0787208793	0.0400204334	0.0531886998	-0.147407983	-0.0180970142	-0.0735583628	-0.0049302922	0.003753027	-0.0563493636	-0.0633688319	-0.0005097313	0.0431859468	0.0520158945	-0.0431687304	0.0577047547	-0.0338599545	-0.1308946143	-0.077499435	-0.0738921465	-0.0020257422	0.0402979972	0.0767736864	-0.072869166	-0.0490051209	0.038674718	-0.0853761997	-0.1089084526	-0.0678676705	0.0755836683	0.0109930391	0.0358327393	-0.0799032638	-0.0484992799	-0.0734070752	-0.0571708779	-0.0124770378	-0.0887282491	-0.0885776582	-0.0291291926	-0.0214079454	0.0343655072	0.0892731619	-0.0485359934	-0.0075474301	-0.004139563	0.0464966021	0.0060283091	0.0692991018	-0.0336760282	0.1279553049	-0.0501376528	-0.0684430017	0.1097297955	0.0069701988	0.0341801171	0.0958815643	-0.0029690443	0.0418705115	-0.0781506593	-0.0126987114	0.0106046005	-0.0924411706	0.0090140255	0.0026534868	0.0599998193	0.0042543232	-0.0164140091	0.0034078353	-0.0319189895	-0.0955850923	-0.1409278143	-0.0496195788	0.0494832741	-0.0643850736	0.0287138335	0.1902547652	0.0229731501	-0.0625816253	0.0013860459	-0.0404290782	0.0062216916	0.034299532	-0.054329998	-0.1483151951	-0.0441145363	-0.0472813426	0.0466225024	0.040893234	-0.0331786143	0.044801754	0.0404391322	-0.1261254696	0.0748039561	-0.0480561037	0.015019542	-0.0770343602	-0.0369420904	0.1127695413	0.0722925391	0.0584189802	-0.0763314182	0.150168933	-0.0336990102	-0.0457030134	-0.0484514532	0.0931961179	-0.042901286	-0.0511434007	0.0930330924	-0.0400495376	-0.0537757173	0.0927615946	0.0	0.0564476649156233	0.0099820653355067	0.0031863388744264	9.964162836232457e-05	0.0767666286575377	0.0223709590706278	0.0005004598097397	0.0058931152754442	-0.133963169553688	-0.0154167321504133	0.0179461307968701	0.0002376756301975	0.0011653304588508	-7.452899583100005e-05	1.3579950783254162e-06	5.554571219577222e-09	0.0030601180005538	2.007100448200025e-05	4.0284522091647416e-10	9.364322177313388e-06	-0.0015197847577079	2.9105677535800007e-05	2.3097457097612605e-06	8.471404648179732e-10	0.0	0.0	0.0	0.0	0.0	0.0	0.0	0.0	0.0	0.0	0.0
6208.500587742415	-13.247715375505322	38545479.54799791	175.50196267040013	15421.348860471058	-42.68590535996736	1822.0865164000909	237818000.676352	6246.292436162423	2.029295416355126	39016169.19805989	4.118039886839924	7369.5963210202335	9352.13277148728	1.338588	25.913395	0.0648715283822801	0.0302506166435929	-0.1060663099	0.0225567756	-0.0519605854	0.046747249	-0.0663547081	-0.0947922339	-0.0185727109	-0.1044325114	0.011007327	0.014574319	-0.0449077822	-0.0165793641	-0.034415207	-0.0335167276	-0.0932097853	0.0230002085	0.1058809009	0.047282207	-0.013644555	-0.0643473186	0.0487274982	-0.0746599896	-0.0565284818	-0.0893786016	-0.0634438329	-0.0150702988	0.0580789756	0.0047680209	0.0775171559	-0.0345259062	-0.0497944988	0.0369688516	-0.0194170994	0.0261537651	0.1135705124	-0.0422977613	-0.0645409906	0.1606099989	0.0147014505	0.0786158707	0.052945981	0.0214512856	0.0274521904	0.0687823017	0.0245008186	-0.0003035707	-0.0699098174	-0.0375946483	0.1031075744	-0.0595178161	0.1417213279	0.0171031975	0.0645280516	-0.013797376	-0.1222112532	0.0083525794	-0.0114363112	-0.135271674	-0.0375146329	-0.0721092828	-0.1063961076	0.0294052819	-0.0325162492	0.0389466988	-0.001067741	-0.0088985568	0.0102432503	-0.0370799559	0.0287034813	0.081680684	-0.0538861924	0.0438683715	-0.0043048117	0.0614806239	-0.0804994898	-0.0347468668	-0.0359107983	-0.0334327137	-0.0442534354	-0.0359322078	0.0550089501	-0.0059985587	-0.0877490318	-0.038826567	-0.0162861584	0.0984728604	0.0683602179	0.0909712731	-0.0389670202	0.036528972	-0.0041704422	-0.0245123887	-0.0792837997	0.0263353989	-0.0198278849	0.0530078063	0.0136153178	0.0343009794	0.0086814744	-0.0446890248	0.0249151338	-0.0476451756	-0.0546318195	-0.1364884579	0.0015515143	0.0377467205	0.0262466565	0.0211549637	0.0853107238	-0.0101479329	-0.0447453229	-0.1028665541	-0.0377897161	-0.1677866453	0.1272627473	0.0264932988	0.0010173925	0.018953563	0.1299815955	0.0211979299	0.0278661742	0.0529079058	0.010738872	0.1058484507	0.009965506	-0.0250274768	0.023410413	0.0570473777	0.002528902	0.0808697515	-0.0794815538	-0.0050014536	-0.0295426467	-0.0328490562	0.1278508427	-0.1047906233	0.0991259701	-0.0446421268	0.1253205207	0.0523779522	-0.0165659454	0.035219588	-0.0575556118	-0.0522353612	-0.0767420938	-0.0773168972	-0.0431732436	-0.049486736	-0.1083302307	-0.0457014954	-0.003693469	-0.0519460328	0.0185842148	0.0240037632	0.0259409375	-0.0281964338	-0.0659107508	0.0116367396	-0.0913018639	0.0044399858	0.0049421346	-0.0241726401	-0.1491667406	-0.0652997887	0.0774270597	-0.0473154076	0.064012438	-0.0173767007	0.0667897443	0.0713378702	-0.0468089647	-0.0462570678	0.0932483061	-0.0473586783	-0.0457030134	0.093241782	-0.047906183	-0.0451468273	0.0932309089	0.0	0.049275090065862	-0.0071725748497613	0.0024280345009988	5.144582997542839e-05	0.0499919671779593	-0.0267746614795783	0.000716882497346	0.0024991967823221	-0.1255832723051426	0.0083798972485454	0.0157711582828675	7.022267789617883e-05	0.0014113335156997	0.0002460030568489	1.9918622925372755e-06	6.051750397900314e-08	0.003199979461482	0.0001398614609281	1.9561228252970395e-08	1.023986855390663e-05	-0.0014547613793971	6.50233783108e-05	2.116330670985353e-06	4.2280397269494154e-09	0.0	0.0	0.0	0.0	0.0	0.0	0.0	0.0	0.0	0.0	0.0
6212.455004267324	3.954416524908993	38594597.18004611	15.637410052473316	15442.604394325224	21.25553385416606	451.7977194255995	238474030.47963277	6239.135157635712	-7.1572785267107975	38926807.515246	51.22663590891548	7359.709362930126	9273.308818896532	1.348259	26.100616	0.0444123094430679	0.0261618152586357	0.0351411931	0.0399020241	0.0603711041	0.1083105166	0.0510807293	0.0002442204	0.0751874897	0.0241500405	0.0634479849	-0.0889400794	-0.0569148089	0.0693603998	-0.004082371	-0.0593431904	0.0592662381	-0.0219365685	0.0237039292	0.057796476	0.0996328147	-0.000482791	-0.0624869523	0.1199637515	0.081225805	0.0514821237	-0.0478533692	0.0552148434	0.0432374647	0.0329059716	0.0088950725	-0.1518574753	0.0546540267	0.0133750545	-0.0890845741	0.0652274285	0.0074134116	0.0247156568	0.1205147743	-0.1106929989	-0.102787199	0.0116447694	-0.0758144484	-0.0056900791	0.0233377191	0.0261195836	-0.0647829961	0.0055298414	0.071849655	0.0205576518	0.0893355359	-0.0785993589	-0.0454565218	0.251528397	0.0097699998	0.0962459859	-0.0027843295	-0.0089374624	0.0746461461	0.1105339852	-0.1549612395	0.0124464745	-0.0563783016	-0.0274703556	-0.0275247158	0.0747264023	0.0090518246	-0.0523866803	-0.0132932056	-0.0072645165	0.0157917782	-0.0598410705	0.1371119678	0.146203073	-0.0215975694	-0.0294844919	-0.1114839238	-0.0831444436	-0.0079629602	-0.0297713318	-0.0432186166	-0.0353250065	0.0027810242	0.0536309702	-0.0975678023	0.000268692	-0.0750030208	0.0487433924	-0.0163909023	0.0137898361	0.1372359312	-0.1162391264	-0.0079438557	-0.0778749349	0.0385492358	-0.0270007738	0.0742891904	0.0484638713	-0.0255543811	0.0333750709	-0.0229906496	0.1211212962	-0.0247429479	0.1380579995	0.0651492393	0.1036885008	0.0054610199	0.0059179517	-0.0442617491	0.0815350092	0.0617809547	0.112589948	0.1180720101	-0.1223764159	0.0520417716	0.0476977404	0.0137522418	-0.1625011354	0.0634346488	0.0488439437	-0.0460190491	0.0101126511	0.1504146044	0.0418180313	-0.019299491	-0.0969659009	-0.0303920179	-0.0622845955	0.0831015985	0.0408837492	-0.2106147641	0.0358694734	-0.0834810673	-0.0081069872	0.0122399665	0.100315363	0.0412165407	-0.0191778411	0.0242171	-0.0087465617	0.0918973125	-0.0136927609	-0.0390625938	-0.0412704347	-0.1340286421	0.1117493391	0.0004969233	-0.010101587	-0.0544554696	0.0521390965	-0.0323351497	-0.0214092534	-0.0607845037	-0.0307414387	-0.0336844807	-0.1247400379	-0.056584491	0.0222595195	0.023931092	-0.0437723858	-0.070883977	-0.1246069783	0.1914409254	-0.0738742792	0.0424112898	-0.0747681027	-0.074599107	-0.0850058444	0.0381355159	0.0604353113	-0.0352130443	0.1377693792	-0.047906183	-0.0440281638	0.0931439394	-0.0516747337	-0.0400495376	0.0928245585	-0.0553252047	-0.0359793958	0.0922930681	0.0	0.0540181070964251	0.0047430170305631	0.0029179558942808	2.2496210552211635e-05	0.0258399216521922	-0.024152045525767	0.0005833213030787	0.0006677015509914	-0.1317233657799903	-0.0061400934748477	0.0173510450924091	3.770074787986733e-05	0.001381824779749	-2.950873595070004e-05	1.9094397219283725e-06	8.707654974081371e-10	0.0033060406763221	0.00010606121484	1.1248981293357823e-08	1.0929904953496287e-05	-0.0014027882619501	5.197311744700012e-05	1.967814907864982e-06	2.701204937159668e-09	0.0	0.0	0.0	0.0	0.0	0.0	0.0	0.0	0.0	0.0	0.0
6231.738405006705	19.28340073938125	38834563.54843551	371.8495440755693	15464.071140723892	21.466746398667965	460.82120094472407	239137496.24536955	6253.814522957606	14.679365321893783	39110196.08755547	215.48376625361777	7366.337459949965	9406.083439958344	1.326458	25.678577	0.1128038371716263	0.0560041059062832	0.0385320094	-0.0082391251	0.1619911111	-0.07286664	-0.122240451	0.0690490762	0.0101520319	0.1480408491	0.052518244	-0.0391876719	0.1202268316	0.0492607823	-0.022771603	0.0382178442	0.0794413307	0.0273747191	-0.0152009878	-0.0910601355	-0.0373362366	0.0564430981	-0.1310880842	-0.0463229999	0.0173970786	0.0190862464	-0.1221767149	-0.0316180418	0.0294663086	0.1273424566	-0.02141271	0.0454679649	0.1142781989	0.0120183524	-0.0264140974	-0.1191026162	0.0973592477	0.0163845745	-0.024345151	-0.0354299139	0.0659480528	-0.0598337215	0.080064312	0.0707343578	-0.0804164861	0.0699299673	-0.0415777592	0.0343749038	-0.047668559	-0.0502222916	0.0840041371	0.0827615254	0.0748311957	-0.0023002541	0.0284989097	-0.0431383918	0.0524831348	-0.0779940117	0.0096740876	-0.0777496672	0.0392120997	0.1004596936	0.0885365237	0.0601137377	0.1710597582	0.0807937051	0.0486316114	-0.1319020735	0.0519662431	-0.0172045687	-0.0095931416	-0.1730787997	0.0548546802	0.0222109506	-0.0371817637	0.0312716444	0.0053234031	-0.0043369268	0.0536336469	0.1083185191	-0.0071986422	0.0293621052	-0.24674279	0.0079322613	0.0992405751	0.0169037819	-0.0183553388	-0.0788557629	-0.0376476349	-0.1056642878	-0.0566757341	-0.1122945296	0.1391525543	-0.0496297684	0.0246143544	-0.0510239186	-0.0143806372	0.0011168059	-0.0377890094	-0.1446891532	-0.0878489414	0.0190741115	0.0336569372	-0.0868406692	-0.032889196	0.0153906607	0.0010668281	0.1103929844	-0.0182950907	0.1106784602	-0.1132350043	-0.0102536046	0.0833935506	0.0149851734	0.0081656026	-0.0364133419	0.0883039285	-0.0643124538	0.0547571194	0.0659867906	0.0198921238	-0.0219011825	0.0014721606	0.0495082664	-0.0223973347	0.1011078463	0.0055355342	0.0084009075	0.0889405805	-0.1266589448	0.1175646139	0.0005215095	0.2244170492	-0.0729695644	-0.0020747736	-0.0296284077	-0.05355707	-0.0243457704	0.0256036366	0.0774941003	-0.1428085808	-0.0254683971	0.025902841	-0.0286643434	-0.1645074734	-0.0215016358	0.1505865781	0.0088679345	-0.0922147599	0.0265551145	0.1066824349	0.1629150212	-0.0295971654	-0.1371738003	0.0069163555	-0.0732013209	0.0623418146	0.0416357226	0.0307835705	-0.1728030446	-0.0886143875	-0.0038947414	0.0090927233	0.0010227018	0.0708027485	-0.0940192234	-0.0539950391	-0.1521728092	-0.056008339	0.0212408538	-0.0263832082	0.0189615033	-0.0489944635	-0.0417664042	0.092883193	-0.0558365714	-0.0342093323	0.0917842227	-0.0622388298	-0.0263827782	0.0899622271	0.0	0.0466853040129677	-0.0073328030834573	0.0021795176107832	5.377000106076235e-05	0.0761226852231544	0.0502827635709621	0.0025283563123332	0.0057946632055834	-0.1533403064425371	-0.0216169406625467	0.0235132495798911	0.000467292123608	0.001061646558077	-0.0003201782216719	1.1270934142767411e-06	1.0251409363304433e-07	0.0034838575147737	0.0001778168384516	3.1618828036922475e-08	1.2137263183245182e-05	-0.0012293567249805	0.0001734315369696	1.5113179572547806e-06	3.0078498015637737e-08	0.0	0.0	0.0	0.0	0.0	0.0	0.0	0.0	0.0	0.0	0.0
6225.808164621905	-5.9302403847996175	38760687.30267277	35.16775102150832	15455.509776956422	-8.561363767470539	73.29694955895734	238872782.46559557	6259.698312384767	5.883789427160991	39183822.9620727	34.618978023171465	7380.839431978868	9458.278317650907	1.246235	24.125561	0.1379032747003604	0.0755192236863921	-0.033892642	-0.0667789833	0.023162815	-0.1468934525	-0.1381498385	0.0001349911	-0.0558463669	0.0386233248	0.0789432429	0.0139448817	0.1651042009	-0.0212965523	-0.0455724546	-0.109195814	-0.0430119197	0.0953966855	-0.0210480693	-0.0852318951	-0.084561926	-0.064658417	-0.0919202998	-0.0717219249	-0.0935796609	0.0134720284	-0.0004057841	0.0283507244	0.0370697964	0.19656825	0.2084628072	-0.013856511	-0.0496793185	0.0025059513	-0.0003598905	0.0284609919	-0.1522165747	0.051504967	-0.0317318483	-0.0243568711	0.0212393593	0.0062424331	0.0570543528	-0.0264192282	-8.426e-07	-0.011063809	0.1294484533	0.0660706931	0.0900131601	-0.0509964591	0.0436446704	-0.0271900019	0.0847041924	-0.0989207172	0.004947173	0.0207926143	0.0172143629	-0.0288694774	-0.2157884443	0.0149686319	-0.0043493441	0.0084777068	-0.086446389	0.1024492854	-0.0722070245	0.0465625642	0.0859277297	0.0103548145	-0.0719918402	0.0216883942	-0.0594837598	0.0213977484	-0.0821622655	-0.0123540456	-0.0177100598	-0.0979784321	-0.0227530162	-0.05876085	0.0409441817	0.0453596693	-0.0274285567	-0.0496128263	0.0891130289	-0.0790939614	-0.0887935946	-0.0991269604	0.0274529318	-0.0763057172	0.0749234828	0.0172164566	-0.143093079	-0.0303223254	0.0741605732	-0.054327514	-0.0933210328	-0.0284139508	0.123661297	0.0844097453	-0.08267667	-0.0991186995	0.1448195709	-0.0308900156	0.0507077511	-0.1372449926	0.0196477534	0.0493825752	-0.0628579911	-0.0687390471	-0.0125060756	-0.0185528434	-0.0369689286	-0.0072640171	0.023032791	-0.0105639356	-0.0446015311	0.0752415294	0.0848075394	-0.0162267153	-0.064795984	-0.0671931219	0.0683784882	0.0388686832	-0.0788743252	0.1460143726	0.0969130147	0.0519817523	0.0106109457	0.1595758647	-0.0816628618	0.1474816754	-0.0245836721	0.0580394953	-0.0334533193	-0.1214090541	0.0527180199	0.0735210184	-0.0783710316	0.1143584141	0.0506257117	0.062079575	0.0197381525	-0.0841286487	-0.2246545708	0.0422958313	-0.0306592086	-0.057129543	-0.0883438873	-0.0298154082	-0.1047083939	-0.078894913	0.0947777791	0.0164312012	0.0625235424	-0.1084847456	-0.0411653155	0.1031338463	0.1388512446	0.1053466186	-0.1260147659	-0.0371458392	-0.0228894486	-0.0208320217	0.0846923173	0.0842718888	0.0022755223	-0.1281675465	-0.1642659668	-0.0449702385	0.0104149613	0.0143899144	-0.0689169935	0.0258619585	-0.0500736032	-0.039473477	0.0924665046	-0.0598317709	-0.0282096273	0.090127758	-0.0685839023	-0.0164714492	0.0862735657	0.0	0.0611619646516601	0.0144766606386924	0.0037407859200509	0.0002095737032478	0.0066109358025983	-0.069511749420556	0.0048318833075061	4.370447218607603e-05	-0.1639705478396891	-0.0106302413971519	0.0268863405588477	0.0001130020321617	0.0015881894375657	0.0005265428794887	2.522345689595255e-06	2.772474039402517e-07	0.003256445749449	-0.0002274117653247	5.17161110080965e-08	1.060443891910446e-05	-0.0013410945450463	-0.0001117378200657	1.798534578752942e-06	1.2485340433057092e-08	0.0	0.0	0.0	0.0	0.0	0.0	0.0	0.0	0.0	0.0	0.0
6199.268546028636	-26.53961859326955	38430930.50578	704.3513550762189	15430.341088146097	-25.16868881032497	633.4628964309771	238095426.0965297	6242.528872956439	-17.169439428327678	38969166.72969479	294.78965028301303	7366.052843057532	9324.379013560572	1.343027	25.999325	0.058074603336568	0.035483998440137	-0.0260062559	0.1000056356	-0.0094406536	-0.0391690822	0.0041537085	-0.0795676713	0.0582899031	-0.0651623249	-0.0032108831	0.0182222164	0.0789263442	-0.0718455878	0.0791835134	0.044207461	0.0680442312	-0.0189449744	0.0575591639	-0.0142994629	0.0275450225	-0.0291405743	0.0014383251	-0.0515172462	-0.010080632	-0.0441953824	-0.0735491961	-0.0099958596	0.0058261864	0.0547151213	0.0419718334	0.0401036149	-0.0155182943	0.1787384958	0.0683862783	-0.1189538765	0.0063373135	-0.0308668461	-0.0100530857	-0.0918173318	-0.0275030476	0.0139079753	0.0299207027	-0.0342327513	0.0710368416	-0.0817419459	0.0099328249	0.0680392867	-0.009827484	0.1028213409	0.0088510965	-0.0337222852	-0.0679069274	0.1068565147	-0.012942241	0.0089276107	0.02395339	-0.0463278684	0.0539852954	-0.1037268013	0.0040702083	0.0539634834	-0.0081601945	-0.0371670425	0.045799468	-0.1373221262	-0.0584244417	-0.0223285209	-0.0337787592	0.0557643505	0.1138376046	0.0985694425	0.0369989228	-0.0979941933	-0.0638368255	0.0890152143	-0.0417041837	0.049962675	-0.0598015293	-0.1003518969	-0.0310431316	-0.0498188397	-0.0284167814	-0.0048802387	-0.1256168297	0.044282135	0.120260123	0.0634530255	-0.0297039515	0.032452971	-0.1214400397	-0.0015406082	-0.0321137772	0.0337712921	-0.0125555353	-0.1503015242	0.0209507198	0.0085739696	-0.0219185517	-0.0570722894	0.0076665248	-0.0219205748	-0.0217584518	-0.0111701743	0.0904961694	0.0178742606	-0.1012330845	0.0364288471	0.0451118555	0.0639905142	-0.0375565121	-0.0227084584	0.0829416152	0.0075571745	-0.1241634209	0.0903377399	0.0326073959	0.0236114351	0.0078956869	0.0189272312	-0.0072364929	-0.0285443568	0.0408265453	-0.0928939555	-0.0940571483	0.0490587399	0.0314789188	-0.0679327514	0.0174217641	-0.0072951435	0.0117191565	0.0812913693	0.0729607992	0.1115778559	-0.1716249169	0.0657518195	-0.0325932601	0.0310174587	0.0504279107	0.025107404	0.0794054463	-0.0549646475	0.0157023381	0.0587313965	0.0260324717	-0.0460265738	-0.0667983791	0.0807175319	-0.0796388307	0.0213377227	-0.0204195138	0.0318588165	0.1458192178	-0.0348313313	0.0757018367	0.0585895063	0.0443462428	0.1534306605	0.0162077235	0.004499901	-0.0799282166	-0.0152775783	0.0447036048	0.0093430136	0.0801911657	-0.0971921774	-0.1772195421	-0.0367741233	-0.0596167363	-0.082673273	0.0578521104	-0.0876825925	-0.0511434007	-0.0371510932	0.0918945739	-0.0636484088	-0.0220783961	0.087866284	-0.0743024598	-0.0063636379	0.0812827579	0.0	0.073804728757878	0.0126427641062178	0.0054471379870239	0.0001598394842454	0.0376843893243119	0.0310734535217136	0.000965559513766	0.0014201131987463	-0.1522848607347526	0.0116856871049365	0.0231906788090029	0.0001365552831144	0.0015812203387543	-6.96909881140015e-06	2.500257759690263e-06	4.856833824305899e-11	0.00323792793008	-1.851781936900018e-05	3.4290963418291816e-10	1.0484177280392152e-05	-0.0013690615989399	-2.796705389360014e-05	1.874329661691876e-06	7.821561034875346e-10	0.0	0.0	0.0	0.0	0.0	0.0	0.0	0.0	0.0	0.0	0.0
6201.598591144581	2.3300451159457225	38459825.08568646	5.429110242342516	15416.513793430247	-13.827294715849348	191.1940791589553	237668897.54302508	6240.265448139353	-2.263424817086161	38940912.86324184	5.123091902601522	7357.18298002913	9370.006451337378	1.279026	24.760345	0.030049081404501	0.0170235749033616	0.095346758	-0.0570940671	-0.0411658816	0.0124090142	-0.0585748084	0.119456395	0.0040055139	-0.0741011441	-0.0327774113	-0.021261756	0.0231022883	-0.0816904281	0.0287723321	0.0311916852	0.1304254207	-0.0108354004	-0.0908665227	0.0688785245	-0.004986447	-0.0302429049	-0.0559845234	0.0027933529	-0.040119727	0.0514249964	-0.0256472966	-0.0861084506	0.028897137	-0.0250442961	-0.0376327468	0.0391751996	0.0321035827	0.0881332859	-0.0108905332	0.0138437525	-0.1053999203	0.0587203979	-0.1057165135	-0.0340125059	0.0495263039	0.093824364	-0.0710101523	-0.0515716171	-0.0088307703	-0.0755261254	-0.0401692092	0.0740561686	0.0869112227	-0.0028704081	-0.0197005591	-0.1501524818	0.0037636949	-0.0478373647	-0.0127950307	0.0263093204	0.0664772981	-0.1141413752	-0.0523904322	-0.0477742573	0.1061057324	-0.0364328716	0.0982408199	-0.0416853251	0.0927043344	-0.0501396274	0.0095023106	-0.1490053927	-0.0201592278	-0.027216209	-0.0372858153	-0.0001580357	0.1035525554	-0.0869170856	0.0899253736	-0.0680365535	0.0088177191	-0.05981041	-0.0611600421	0.021285477	0.0527242038	0.0275700009	0.0192268808	0.1111643964	0.0100809323	-0.0397442982	0.0915998568	-0.1059412768	-0.0489711	0.0754529712	0.017125	0.0499171494	-0.0002424828	-0.0203831564	0.0041480958	-0.1069491852	-0.0994445918	0.005929467	0.0294420309	-0.0482175866	0.0814246449	-0.058794258	0.0058987428	0.0139565301	-0.0202369391	0.1288462482	-0.0443935048	-0.0204905722	0.0768495745	0.0266422768	-0.0489534706	0.03002629	-0.0598643949	0.016136036	-0.0913266889	0.0819853825	-0.1000785348	-0.0297527655	-0.0250850568	-0.0937161576	-0.0037224263	0.085993894	0.0152456611	-0.039040342	0.0082768043	0.0234805911	-0.1121594506	-0.0320691666	-0.0453914897	0.0320190858	0.0664880143	0.0187497693	0.1256877547	-0.0697319889	-0.109429298	0.0036654423	-0.1415292258	-0.0209593833	0.0828937832	0.0711196631	-0.0981183664	-0.0212710959	0.018453533	-0.0770225611	-0.1066150173	-0.0378558541	-0.0718514651	-0.1425887606	-0.0486229684	0.0434933947	0.1182995326	-0.0782993321	0.022877111	-0.0115943032	0.097688132	0.0508339119	-0.0154173271	0.0688287895	0.0451010529	-0.0180385115	-0.0589807346	-0.0524795202	-0.0799251511	-0.0004536205	0.050780504	-0.1031625485	-0.1188622459	-0.0479364187	0.0186467129	-0.0789235587	0.0999515708	-0.0664713586	-0.0522036565	-0.0348009859	0.091168361	-0.0672750948	-0.0158442251	0.0850149816	-0.0793422632	0.0038200832	0.0750651311	0.0	0.073616108936946	-0.0001886198209319	0.0054193314950163	3.5577436848415995e-08	0.041485250456887	0.003800861132575	1.4446545349120068e-05	0.0017210260054706	-0.1482450673338036	0.0040397934009489	0.0219765999888039	1.6319930722350946e-05	0.0013291594161356	-0.0002520609226186	1.7666647535019292e-06	6.353470871139022e-08	0.0030785815270282	-0.0001593464030517	2.5391276165546605e-08	9.477664218559283e-06	-0.0013980504142703	-2.898881533039996e-05	1.954544960841357e-06	8.403514142600314e-10	0.0	0.0	0.0	0.0	0.0	0.0	0.0	0.0	0.0	0.0	0.0
6197.923829013324	-3.674762131257012	38414259.79025119	13.503876721320577	15417.819795375131	1.306001944883974	1.7056410800407225	237709167.24266127	6246.474286649902	6.208838510548958	39018441.0137784	38.5496756500758	7360.676678469778	9289.18480096369	1.357474	26.279005	0.0546486760953728	0.0335178273917274	-0.1158398812	0.0314604313	-0.0362139219	0.0874205807	-0.0410856313	-0.1026596181	-0.0288377966	-0.0777436979	-0.0051475645	-0.0301561382	-0.0405743898	-0.0179156761	-0.0742928348	0.0525998153	0.0348697199	0.0178721749	0.0773450672	0.0454082925	0.0699382356	-0.0257800378	-0.0198082942	-0.0178405773	-0.002385111	0.0696807516	0.0152300977	0.0555236983	-0.0144790061	0.0418965528	-0.0681467738	0.0042800684	-0.0550771315	-0.0584082165	0.1201982446	0.0822988387	0.0138706071	0.0030102863	-0.026331554	-0.0141772201	0.115108225	0.0902706936	-0.0790643655	-0.0987663821	-0.0564146587	-0.016728714	0.0535756875	-0.0390938575	-0.0782679135	-0.0771069193	-0.0284239166	-0.0546068535	-0.0968318188	-0.0572287439	0.0442309887	-0.0401316029	0.0004584489	-0.0923069057	0.0538934618	0.04574603	-0.0615234861	-0.0585931563	-0.0177415696	-0.0558848487	0.061396014	0.1203906609	-0.0101106936	-0.0072392446	-0.0333992281	-0.0258838247	-0.1035964582	0.0446576349	0.0262413435	0.0186901121	0.0570747377	-0.0171792365	0.0134762465	-0.1245804463	0.0372061748	-0.1052840306	0.0304897477	0.0647586876	0.0426338029	0.0010356788	0.0130091127	-0.0436412004	0.0241217409	0.0917634863	0.0535263449	0.0373118445	0.0166225383	0.014723966	0.04004227	-0.0422274824	0.0020809547	0.0105097534	-0.0351158046	-0.0503962395	-0.0684325923	0.0049418552	0.0108992013	0.0807033966	0.036310783	-0.0702542626	-0.038615055	-0.0144351803	0.0660384648	-0.0383263024	0.07303104	-0.0457341068	0.0940308266	0.0346733632	0.0456569092	-0.0576642895	-0.0339770403	0.062231625	-0.0156623043	0.0032735055	-0.0320267538	-0.166382405	-0.096968086	0.0686909671	-0.0067553781	-0.002180079	0.0016119868	-0.0601305702	-0.072192431	0.0279431781	0.0993091901	-0.1762988432	-0.0018917629	-0.0724424545	-0.1266353276	-0.0041784601	-1.70402e-05	-0.0599222822	0.0195778708	-0.018047746	0.0049136258	-0.0423491916	-0.0385399304	-0.0197334533	-0.0375522884	-0.027977111	0.0787363752	0.0338764753	0.0182673807	-0.0749357996	-0.0545714854	-0.0546906127	-0.0777479131	-0.0118421264	0.0872191366	0.0409485901	0.0628580709	-0.0176592098	0.0282288655	0.0148045469	0.046401065	-0.0106433352	-0.0643633823	-0.0316530052	-0.1835455881	0.0088468989	-0.0386246073	-0.096157507	0.0294946151	-0.1365692456	0.0659014418	-0.0191218683	-0.0590473018	-0.0359834214	-0.0532541728	-0.0324249087	0.0902890852	-0.0707010056	-0.0095361811	0.0815929909	-0.0836572738	0.0139582358	0.0677145291	0.0	0.0760965034105396	0.0024803944735935	0.0057906778313102	6.152356744633631e-06	0.0720218518338953	0.0305366013770082	0.0009324840236583	0.0051871471415835	-0.1484553885082746	-0.000210321174471	0.0220390023771427	4.423499643086356e-08	0.0010698937453588	-0.0002592656707768	1.1446726263578808e-06	6.721868804334407e-08	0.0030788469351126	2.6540808439976665e-07	7.044145126475367e-14	9.47929844985225e-06	-0.0012291543117255	0.0001688961025448	1.510820322033387e-06	2.852589345482363e-08	0.0	0.0	0.0	0.0	0.0	0.0	0.0	0.0	0.0	0.0	0.0
6198.370950348433	0.4471213351089318	38419802.43812334	0.1999174883095937	15459.08051386966	41.26071849452819	1702.4468906847007	238983170.33430463	6246.724338431782	0.2500517818798471	39021564.96035598	0.0625258936212866	7369.9477214953	9330.856046164356	1.337986	25.901741	0.0234836335601659	0.0143455474582393	0.099812832	0.0323193417	-0.0615475394	0.0809146445	-0.0264228165	0.040927132	0.1079055675	-0.0350788583	0.0096065511	-0.0261638193	-0.0230884244	0.0668728072	-0.0071449749	-0.0057649532	-0.014819793	-0.0795464039	-0.0295974154	-0.0537735722	0.0685471415	-0.0079593711	0.0211576019	-0.0510084986	-0.0304227508	0.0040748348	-0.029104355	-0.0408585815	-0.0133659453	0.1207332398	-0.0202241177	0.0090648536	-0.0074526187	0.0482433418	-0.0381790747	-0.0674087687	0.0219721483	-0.090475229	-0.1012362162	-0.0245116372	0.1515374807	0.1286030775	0.1087167687	0.0127935705	0.0390814963	0.0311782333	-0.1026201396	-0.0518934286	-0.0504115264	-0.0217235165	-0.077063951	0.0350686287	0.0677946976	-0.060725592	0.0557084813	-0.0196791754	-0.0218625898	-0.067192745	0.0220504469	0.0434737493	-0.1544422009	-0.0249489229	-0.0382840108	0.012366745	0.1156260596	-0.0099049019	-0.0411332977	0.01291925	0.035893174	0.0350450984	-0.0036221283	-0.0450363806	0.1080348224	0.0210080666	-0.0324572241	-0.0612849916	0.0451231531	-0.0035216602	0.0905759448	-0.0523336071	0.0457190686	0.025175637	0.0788607636	-0.019879601	0.0271880848	-0.0370076052	0.0622667527	-0.0042350641	-0.0890150808	0.1209271154	-0.0026262009	-0.0288938582	0.0032973054	0.0066908253	0.0104294317	0.0694641988	-0.0141983147	0.0162971285	-0.0573972553	-0.1037052222	0.0360359733	-0.0213001966	-0.0077365295	-0.0722105141	-0.0114751466	-0.0169678091	-0.0181996761	0.05574159	-0.0320642121	0.0476633531	-0.1015404338	0.0747578773	-0.0214081328	-0.0075101426	-0.050493352	-0.0371041392	0.0581480756	0.0082041752	-0.09006415	-0.1070864863	0.057106104	0.0319872201	0.075914626	0.0034717137	0.131913524	-0.0015938939	-0.0494927731	0.0514566614	0.1054664652	-0.1237780926	0.0831171505	-0.1161691507	-0.040908716	0.0239792146	-0.0204880737	-0.0008533135	0.0372722807	-0.0328198969	-0.1056638699	-0.0381971483	0.004973085	-0.021338846	0.0852283519	-0.1078940419	-0.0264078368	-0.0255419695	0.0113501564	0.019478633	-0.0344661983	0.1100460602	0.0226277693	-0.0994521322	0.02838926	0.044387578	-0.0198639984	-0.0292799701	-0.0111715692	0.0118170608	0.012013469	-0.0256374101	0.0252687351	0.0103116087	-0.0895948173	-0.0162823088	-0.0693492044	-0.1080123884	-0.0331130437	-0.0591953115	-0.0333227728	0.0250925924	-0.0517660233	-0.0986016663	-0.0542947536	-0.0300246349	0.0892582227	-0.0739159167	-0.0031836749	0.077623283	-0.087208074	0.0239298853	0.0593418965	0.0	0.0736919493894845	-0.002404554021055	0.0054305034048223	5.781880040172209e-06	0.0683031472126742	-0.003718704621221	1.3828764059891105e-05	0.0046653199191562	-0.1484368369713848	1.8551536889815923e-05	0.0220334945700694	3.44159520974201e-10	0.0008498156549081	-0.0002200780904506	7.22186647326883e-07	4.843436589642647e-08	0.002952986371876	-0.0001258605632365	1.5840881378234173e-08	8.720128512485382e-06	-0.0012282564977928	8.978139326998053e-07	1.5086140243702348e-06	8.060698577498905e-13	0.0	0.0	0.0	0.0	0.0	0.0	0.0	0.0	0.0	0.0	0.0
6199.591861282807	1.2209109343739328	38434939.24648402	1.4906235096738296	15402.2504759197	-56.83003794995966	3229.653213393856	237229319.72296864	6251.389808159074	4.665469727292475	39079874.53355514	21.76660777628252	7364.693246100667	9300.469425016165	1.300204	25.17033	0.0292645720403216	0.0184929449839017	-0.0944661185	-0.0503356817	-0.0493559351	0.0497441972	-0.0353965319	-0.0506949707	-0.0685562548	-0.0656811947	0.0733043818	0.0028795703	0.0376361994	0.0947168851	-0.0665413844	-0.0568847985	-0.0163224204	0.100550048	0.0847326462	-0.0395609888	0.0595855485	-0.0274860177	0.0778301881	-0.0833710754	-0.0842929869	0.1060555488	-0.0855753604	-0.0734290151	-0.0634096491	0.0117427983	-0.023682555	-0.1990103911	-0.0074081279	0.0190969878	0.0048624822	0.0323912904	0.0406936788	0.0905249617	0.1009573512	0.1123013441	-0.0951677553	0.0168496348	0.0590277325	0.0458991585	0.0491445075	0.0369471615	-0.0551248434	0.0049668918	-0.0159084359	-0.0194431899	-0.0933153236	-0.026976871	0.0051195799	0.1551009802	0.0798448557	0.106450612	0.0373490185	-0.0686325665	-0.0912871504	-0.0863268858	-0.005128278	-0.0169515414	0.0949950897	0.0335194003	-0.0291503854	0.1347652017	0.1123769129	0.0168860797	-0.0157940023	-0.0623122306	0.1048766488	-0.0849932756	-0.1174773033	0.0503604047	0.1191557239	0.0329653682	-0.0284232538	0.0642793446	0.0856185668	0.0709982896	0.0011407616	-0.0094610477	0.0105660945	-0.0793830292	-0.0546245462	0.0379003242	0.0324172682	0.0506452787	0.1172881846	0.0741848059	-0.022717481	-0.0329049931	0.0056313313	-0.0102604554	-0.051534362	0.0830074688	0.0211936435	0.0738669199	0.0359837142	-0.062677992	0.0473729658	0.0688160511	-0.0380384924	0.0576080136	-0.0044601233	-0.0985970771	0.0535564352	0.0356642811	0.0215178061	0.0192813998	0.0150518077	0.1527553815	0.0252234729	0.1365622951	0.0552955825	-0.0835915566	0.0751077204	-0.0639229818	0.1129401145	0.0641094908	-0.0367275194	-0.0910832402	0.1308466911	0.0481334092	-0.066769024	-0.0685071627	-0.0347533307	0.0682321722	0.0770423213	0.0456739878	-0.0421867227	-0.0444264432	0.021772774	-0.1929684141	-0.0393922254	0.0481018237	-0.1110903525	0.0326285128	0.0658058546	-0.0606361843	-0.1593475692	0.0301349574	-0.085505481	0.0522068794	-0.1054049124	0.0839941028	0.0592909012	0.0594447467	-0.0463851351	-0.0963019487	-0.0439657994	-0.0826077233	0.0344329348	0.0116426221	0.0069820401	-0.0577678393	-0.0276983044	0.0610402069	-0.0322301438	-0.0352132341	0.0936241939	-0.0055136104	-0.0885098989	0.0029102469	-0.0085663243	-0.1270781876	0.0535095273	0.0838776154	0.0444249861	-0.0353686156	-0.0227192946	-0.0046083703	-0.0553252047	-0.0276019556	0.0880775042	-0.0769102337	0.0031836749	0.0731325059	-0.0899622271	0.0336160831	0.0500736032	0.0	0.0736494360390054	-4.251335047911198e-05	0.0054242394288635	1.8073849689598107e-09	0.0563574629001948	-0.0119456843124794	0.0001426993736934	0.0031761636245468	-0.1483120357416467	0.000124801229738	0.0219964599458314	1.557534694414136e-08	0.0006905848756359	-0.0001592307792722	4.769074704570515e-07	2.5354441067632092e-08	0.0029550212428766	2.03487100059992e-06	4.14069998908252e-12	8.732150545851966e-06	-0.0014100223104725	-0.0001817658126796	1.9881629160302078e-06	3.303881065911178e-08	0.0	0.0	0.0	0.0	0.0	0.0	0.0	0.0	0.0	0.0	0.0
6196.926884051504	-2.6649772313030557	38401902.806280285	7.102103643363698	15453.629798341904	51.379322422204496	2639.834772564845	238814673.94420084	6244.353496662621	-7.036311496452981	38991950.5912827	49.50967947511639	7370.42637872067	9350.815770673798	1.332314	25.791927	0.0351186885590552	0.0214098995091916	0.0817852106	0.0649965135	-0.0763877553	0.020723261	0.0020507782	-0.0101206975	0.131287963	-0.038062228	0.0409148994	0.0445546204	0.0004471027	0.0483440331	0.0607449578	-0.0798070082	-0.0410543095	-0.137634815	-0.0295762991	-0.0226347844	0.0095176604	-0.0560099933	0.0332275302	0.0160147356	-0.0112549662	0.0837740192	-0.1740874729	0.1077423796	0.0100971143	-0.0309526732	-0.0759268347	0.0565948161	0.0131714559	0.018364712	-0.0188779478	0.0537657222	0.0528253139	0.0742372318	0.0774799849	-0.0856887441	0.0030504027	-0.0667186662	0.0143786307	0.0376133978	0.0893361057	0.022037744	-0.0280375604	0.0827368106	-0.0025073383	-0.0219530483	-0.0567618099	0.0740207425	-0.0036802605	-0.1596585327	-0.0270394538	0.0389153168	-0.089820536	0.0263677066	-0.0784882311	-0.0329582121	0.1113199485	0.0031039672	0.0527753847	0.0182768482	-0.0970967899	0.016393663	-0.0540280143	0.1222865673	0.031283819	0.0761653844	-0.0207471897	-0.0145798118	-0.0400968244	0.023422312	0.0321267943	-0.0360140857	-0.0301802893	0.0126104899	-0.0217863619	-0.028996613	-0.0287578905	0.0566179804	0.025071417	0.037735128	0.1051141192	-0.0075470024	0.0453475052	0.0355033593	-0.0923409471	0.1347669407	-0.0275176125	-0.0051210879	-0.0236774095	0.0270503735	0.0418347503	0.0541872657	0.0571988426	0.1191153178	-0.03888163	-0.081682437	-0.1122035897	0.1091601019	-0.0295357534	-0.0614597202	-0.0533475752	-0.0794608625	-0.0274128378	-0.0203855949	0.0768890051	0.0214570401	-0.0256691552	-0.0734185494	0.0148006811	0.0264834918	-0.0264460648	-0.0357814517	-0.1740371443	-0.0243260984	0.0336525206	-0.0167318845	-0.0675206812	-0.045872413	-0.0510855223	-0.097150463	0.0223277421	0.0510136964	0.0894200102	0.0439424994	-0.0689132433	0.130573693	-0.0660745107	-0.0855079378	-0.0065772852	0.0060762281	0.0675724438	-0.1173439976	0.0279360466	0.0185394479	-0.0866568465	0.0114212804	-0.1147340011	-0.0540941235	-0.0308320524	0.056760804	0.0485898307	-0.0253520824	0.070185316	0.0449825295	-0.0164117792	0.1061009702	-0.0127989655	-0.0831431575	0.0714739388	0.0345257903	-0.0259239943	-0.0426981669	0.0228967011	0.0892450137	-0.034966067	-0.0090519197	0.0668478916	0.0413759606	-0.0104590474	0.0450656843	-0.0484465443	-0.0743224433	0.0056079696	-0.0542997613	0.096381367	-0.0258102098	-0.0694839698	0.0841141805	-0.0563453339	-0.0251586786	0.0867489121	-0.0796750203	0.0095361811	0.0681508051	-0.0918945739	0.042901286	0.0400495376	0.0	0.0737128455826905	6.34095436851112e-05	0.0054335836038975	4.020770230354026e-09	0.0735718986161089	0.0172144357159141	0.0002963367970173	0.005412824265979	-0.1484418375163727	-0.0001298017747259	0.0220349791252371	1.6848500722016794e-08	0.0007388924683779	4.830759274200005e-05	5.45962079825586e-07	2.333623516526936e-09	0.0030790510631726	0.000124029820296	1.5383396322658126e-08	9.48055544962432e-06	-0.0012281388930159	0.0001818834174565	1.5083251405383203e-06	3.3081577545691817e-08	0.0	0.0	0.0	0.0	0.0	0.0	0.0	0.0	0.0	0.0	0.0
6188.360145598594	-8.566738452910613	38295801.29163305	73.38900772057733	15427.261120244924	-26.368678096980148	695.3071845821606	238000385.67222068	6240.571912633029	-3.7815840295925223	38944737.79674426	14.300377772869222	7360.273164884254	9262.14098250027	1.224343	23.701754	0.0566909542468219	0.0337516460941754	-0.0366545439	-0.0772866389	-0.1091063214	0.0013074446	0.0648823027	0.0154205692	-0.0854144987	-0.1146707632	0.0166058693	0.0457967738	-0.0070576795	0.0175940555	0.0807620089	-0.0706051719	0.0012669364	0.0535542395	-0.0538238721	0.0673950193	-5.33222e-05	-0.0664854499	0.0250953801	-0.006510028	0.036586626	0.0669803932	-0.1533577094	-0.0039726889	-0.0165415043	-0.0840805614	0.0627701223	0.002735813	-0.006309396	0.063530305	0.1416303769	0.0107536777	-0.1252949994	-0.0474194869	-0.0044766941	-0.0190758594	-0.040800938	-0.0085055692	0.0246866999	-0.0057449418	0.06850837	0.0468011173	0.0662724776	0.015645402	-0.0074688916	0.0287840134	-0.0358453252	0.0782610792	-0.005190264	0.0272853661	-0.0130537741	0.0904705717	-0.0184256883	0.1159402961	0.0715332009	0.1357211456	0.086536938	-0.0316606243	-0.0868229293	0.1015795723	0.0643150738	-0.1019509811	-0.0354911604	-0.0607338141	-0.0077699332	-0.0265979319	-0.0165460092	0.0155063041	-0.0147836539	0.0756612968	0.0466006131	-0.0059518521	0.0295732008	-0.1255261636	-0.166521786	0.0360928711	-0.0218260875	0.0397660368	0.0956927306	0.0179252366	0.12007688	0.1178466738	0.0007352514	-0.0388542223	0.0994243673	0.1110219929	-0.0005648842	0.0471709973	-0.0441625052	0.0374938327	0.0525623168	-0.0242434206	0.0043326364	0.0750228668	0.040764719	-0.0576162456	0.0080576436	0.099909946	-0.0404905982	-0.0147197786	0.08223548	-0.0458684205	-0.0180366659	0.008711234	0.0352918803	-0.0427120143	0.0603951205	-0.0413808165	-0.042201754	0.0345516647	-0.0378395318	0.0752361871	-0.0210520145	0.0265253884	-0.0481482059	0.0359549152	0.1110823682	-0.0253331	-0.1260692298	-0.045911197	-0.0426049894	-0.0084834061	0.0703735734	0.0494695744	0.0869351	0.1255894386	0.0743011934	-0.0021227259	-0.0602110893	-0.0045920679	0.0151262888	0.0975417354	-0.0155106611	-0.064468938	0.0128892946	-0.0496270881	0.0482421213	0.0739360266	0.009448937	-0.0285958569	-0.0094620247	0.0985820537	-0.0607828941	-0.0100339072	-0.0184111838	-0.0805162328	7.70044e-05	-0.122210404	0.0296707819	0.0112889474	0.0534536428	-0.0628307604	0.0055929546	0.1092259414	0.0041147535	0.0158191623	0.0908022042	0.0566218204	-0.0280676982	-0.0159100415	0.0482556802	-0.0650022056	-0.0164861911	0.0279227204	0.0452875079	0.0024352046	-0.0085457871	-0.0120194076	-0.0573549508	-0.0226966273	0.085274677	-0.0822020253	0.0158442251	0.0627116218	-0.0929874623	0.0516747337	0.0294209952	0.0	0.0740599035108005	0.0003470579281099	0.005484869308029	1.204492054639986e-07	0.0475504746937929	-0.0260214239223159	0.0006771145029448	0.002261047643605	-0.1481196203096217	0.0003222172067509	0.0219394219206664	1.0382392832641086e-07	0.0005938144952197	-0.0001450779731582	3.526156547330272e-07	2.104761829569141e-08	0.0034031029319003	0.0003240518687276	1.0500961362591433e-07	1.1581109565108417e-05	-0.0013590141549229	-0.0001308752619069	1.846919473280804e-06	1.7128334179225822e-08	0.0	0.0	0.0	0.0	0.0	0.0	0.0	0.0	0.0	0.0	0.0
6198.984792576015	10.624646977421436	38427412.4585887	112.88312339483043	15455.61581742814	28.35469718321656	803.988852351909	238876060.29593492	6237.001929239696	-3.5699833933322225	38900193.06533969	12.74478142866785	7357.819744726944	9278.710819754777	1.158088	22.419138	0.0451145550004398	0.0238514591042723	0.0239018329	0.0895873656	-0.0326341333	0.0092432706	0.0869262827	-0.0400844854	0.0548016547	0.0017462304	-0.0299236148	0.0438790246	-0.0402263229	0.0125249519	0.0580781578	-0.0081909356	0.0251470096	-0.0985682348	0.0501005995	-0.0186454814	0.0173426432	-0.0748067213	0.034482875	-0.0666035841	0.0235091273	-0.1037492196	-0.0486497649	-0.0918622123	-0.0223431662	0.0068344046	-0.0219051176	-0.0729250276	0.0502060396	-0.0121839012	0.0388046836	0.09037566	-0.0192356655	-0.0543850458	-0.0369897387	0.1699796896	0.1097505316	0.0489143009	-0.0538272842	0.0418873757	0.0262780298	0.0326709078	0.052622448	0.047630967	-0.084197277	-0.0739056053	0.0456040837	0.1036111945	-0.1204017374	0.0159562043	-0.077317997	-0.0333479914	-0.015943417	-0.0249500892	0.0434485524	0.0525986638	-0.0075120828	0.0300814241	0.0219930402	-0.0164728797	-0.1261463421	0.0163423655	-0.0141870248	0.0674298925	-0.0092791652	0.0984047939	9.70126e-05	-0.0240334504	0.0403148012	0.1223112549	-0.0295534833	0.0204108005	-0.0499448873	0.1019679824	-0.0444950113	0.0726096975	0.0675618601	-0.0481737042	-0.0168970297	0.0353995964	0.1075387041	-0.0058529179	0.063825758	0.0591763335	-0.0458308836	0.0358384918	-0.0537475467	0.0121135675	-0.0218765478	0.033573949	0.074032917	-0.0094572162	0.0103976072	0.0581462436	-0.0163294299	0.033906263	-0.0281807123	0.0032865753	0.0841993722	-0.0693477662	-0.0808875975	-0.003046665	0.079212793	0.0252652923	0.0026997981	0.02361736	0.1233983356	-0.0389997233	-0.111668497	-0.0128532183	0.1017690353	-0.0445180383	0.1182898089	-0.0571474213	-0.0288891548	-0.021330506	0.0560806416	-0.1032330309	-0.0350071871	0.0016478839	-0.0194389711	0.0023209663	-0.0311351897	-0.0197201681	-0.0390611098	-0.0431473448	-0.1055326491	-0.0299243247	-0.078657527	0.0971655376	0.0369566858	-0.0139941146	-0.0991304139	0.0953278474	-0.0935553785	0.031898419	-0.0341505669	0.0440635044	-0.0221021329	-0.0116667922	-0.057261308	0.0256985969	0.0138294783	-0.0274263299	-0.0047989828	0.0637949498	-0.0605092669	-0.0335015881	0.0725009596	0.0063139315	0.0097709537	-0.0619634821	-0.0101357628	0.0906924878	0.0387830648	-0.0033000627	0.1251172329	-0.0025165739	0.000569941	0.027558785	0.0547344202	-0.0298395183	0.0141320908	0.0816556433	0.0599110557	-0.0140295069	-0.0283540949	-0.0124783545	-0.0583538671	-0.020217639	0.0836572738	-0.0844837072	0.0220783961	0.0568514682	-0.0932309089	0.0598317709	0.0183483952	0.0	0.0738431352105237	-0.0002167683002767	0.0054528086177196	4.6988496004891036e-08	0.0561398490240776	0.0085893743302847	7.377735138575373e-05	0.0031516826484462	-0.1485170658696901	-0.0003974455600684	0.0220573188545418	1.579629732180878e-07	0.0003308904668542	-0.0002629240283655	1.0948850105499045e-07	6.912904469194224e-08	0.0030798069757969	-0.0003232959561033	1.045202752328115e-07	9.485211008167246e-06	-0.0012270148031956	0.0001319993517272	1.5055653272611372e-06	1.7423828856427432e-08	0.0	0.0	0.0	0.0	0.0	0.0	0.0	0.0	0.0	0.0	0.0
6204.039597615751	5.054805039735584	38490107.328784205	25.551053989736257	15433.742810728178	-21.873006699963295	478.42842209663934	238200417.1477037	6242.564180723138	5.562251483441287	38969607.55044754	30.9386415650448	7357.240756110791	9268.13372603115	1.210364	23.431129	0.0547514171670406	0.0312485791107297	0.0358009027	-0.1020833735	-0.0311246003	-0.0084055848	0.0624381769	0.0963818537	-0.0712618676	0.0107417165	-0.0325263828	-0.0213179435	-0.032546296	-0.0227367909	0.0425940644	-0.0126037255	0.0573338844	0.0306531834	-0.1268400544	0.0122229205	0.0241926344	0.0045882401	0.0421172876	0.0934827843	-0.0317415461	0.0234077368	0.0442107631	0.008743327	0.0623475011	-0.0988067598	0.0453223383	0.0755644912	0.0797425218	0.0481308184	-0.0949541084	0.132288829	0.036313409	0.0507997524	-0.0970476589	0.0762640046	-0.1659162151	-0.0515612815	-0.0437568121	0.0714241168	-0.1194378309	-0.0646507416	0.025943503	-0.0044041318	-0.0516246171	-0.0431851139	-0.0097506174	-0.1058146005	0.10711786	-0.0362621972	-0.0646011978	0.0175297118	-0.0376402093	0.1142449012	0.0800237018	-0.0356761838	-0.0827816394	-0.0579719777	0.0922677482	0.0310337901	-0.0181976858	-0.1513915294	-0.040292045	0.0708032614	-0.0067244865	-0.1053928078	-0.0082039231	0.0075395234	-0.0057599742	0.015721047	0.0165030015	-0.0970819882	-0.0392193029	-0.0578243871	-0.0445907226	-0.0130569289	0.0283192596	-0.0516260477	0.0957730725	-0.0165942298	-0.0765462546	-0.0223499332	-0.0146322056	-0.0944659453	0.0315054915	0.0102881186	0.0620383937	0.0078713924	-0.0221454712	0.0576043021	0.0076619334	-0.0127812285	-0.0197881343	0.0412051508	-0.0204813992	0.0872144212	0.0253244757	-0.0199968646	0.017946522	0.0848821659	-0.0722340125	0.0888814546	0.0092046952	-0.0796952353	0.0536446529	-0.0713823257	0.0298930063	-0.1101981302	-0.0025075371	0.01799463	-0.0466886843	-0.0664123202	-0.0136262135	-0.0259429479	-0.0522318531	0.1780568811	-0.0163930499	-0.0178954804	-0.1325231265	0.0323767759	0.1024056607	-0.0954330965	-0.1883203884	0.0159158851	-0.0079336304	0.1894206267	0.0071583761	-0.041053291	0.0501870592	-0.0206024392	-0.0876196841	-0.0333357077	0.0598535025	-0.0654278494	-0.0367502186	0.0040306083	0.0492627328	-0.1135743414	-0.0860117739	-0.0417657743	0.1292550584	-0.0040414117	-0.0403114826	0.0397131566	-0.0049575899	-0.0391919513	0.0588109499	-0.0972059697	-0.034807265	0.019282561	-0.0052043665	0.0064166756	-0.0186512218	0.0229844594	0.0708354777	-0.0159093109	0.0337792553	0.0571782469	-0.0285246852	-0.0421339833	0.1152268066	-0.0119378748	-0.0315048881	0.0165983264	0.0987373689	0.027910362	0.0179872568	-0.0158280228	-0.0593418965	-0.0177235635	0.0818994181	-0.0865132565	0.0282096273	0.0506096822	-0.0926226898	0.0672750948	0.0069988586	0.0	0.0837400580286953	0.0098969228181716	0.0070123973186492	9.794908126884572e-05	0.0554223294623312	-0.0007175195617463	5.148343214887448e-07	0.0030716346030311	-0.1596102433333328	-0.0110931774636426	0.0254754297769257	0.0001230585862398	0.0007842102193953	0.0004533197525411	6.149856682040245e-07	2.0549879804392413e-07	0.0030789475649499	-8.594108469998397e-07	7.385870039409819e-13	9.479918107710918e-06	-0.0014337115862771	-0.0002066967830814	2.0555289126251987e-06	4.2723560136240655e-08	0.0	0.0	0.0	0.0	0.0	0.0	0.0	0.0	0.0	0.0	0.0
6208.025719432918	3.986121817167259	38539583.3331406	15.889167141296811	15431.584355736584	-2.1584549915933167	4.658927950734105	238133795.7282141	6247.325416844135	4.761236120997637	39029074.86394675	22.669369399892627	7362.262682849044	9269.301222650927	1.276489	24.711233	0.0465658601529222	0.0240042361391282	-0.1183438118	0.0282361875	-0.0153894245	0.0762578778	0.0034133655	-0.1159699581	-0.0231897567	-0.0006594892	-0.0073474139	-0.0383939521	-0.0912478632	0.0249559738	-0.1174366345	0.0196299297	-0.0155853834	0.0525729491	0.1290475552	0.0093848582	-0.0359723063	-0.0283872133	-0.0364734497	0.0239251266	-0.0604865811	0.009683628	0.0332791745	-0.0309640627	-0.0712228403	-0.0355412811	-0.0119845028	0.040774993	-0.1237170633	0.0861337683	-0.027932502	0.0431931566	0.0104913315	-0.0723109913	-0.0876048297	-0.0760594975	0.0063768937	-0.0135065268	-0.0319146005	0.0862424374	0.0581558564	0.0165743256	0.0190781613	0.1280867501	-0.009215998	0.012841202	-0.08100287	0.0716765559	-0.0034103129	-0.0451456314	0.0268378152	-0.0551012949	0.0004785171	0.079705308	-0.0475444216	0.0763535184	0.0124816439	-0.0743430632	0.0170940082	0.0286646591	0.0024740878	0.0322899608	0.0863678718	0.0313616825	0.0074566283	-0.0826504267	-0.07349051	-0.024027069	0.0111030299	-0.0088878931	0.0580104308	-0.023094347	0.0748304842	0.0251194496	0.0999581608	-0.0861086262	0.0783550018	0.0690141436	-0.1171325089	0.0889709103	-0.0179810801	0.0113348756	-0.0689727438	0.1179007152	0.055549505	-0.0206372474	0.0125694347	0.0114332827	-0.007756335	-0.0495406286	-0.0629514612	0.0430428468	-0.0953222858	-0.0046424275	-0.0055604393	0.0117306561	0.0871252774	0.0804354832	0.0085260301	0.0682366251	-0.016816711	0.0124435111	-0.0184355403	0.0326873544	-0.0182380413	0.0087951548	-0.067204311	-0.0683624538	-0.0448419471	-0.0534147338	-0.1157356139	0.0335134098	0.0118693334	0.0351099634	-0.099580978	0.0495902667	0.0479648741	-0.0053266072	0.0634675838	-0.0296990243	-0.0890662965	0.0398157317	0.0350402549	0.0770313695	0.0047696972	-0.0124915907	0.0024511431	-0.1080037596	-0.0165677822	-0.0394016077	0.0538905552	-0.0788313896	0.0188964712	-0.0891208968	-0.0364802788	-0.0044800114	-0.0250782003	-0.0850443303	0.0068242313	-0.0425306054	0.0026542971	0.0192354174	-0.0234772436	-0.026443173	-0.019152164	-0.0613036182	-0.0909440392	0.0134548412	0.0465166363	-0.0128804094	0.0067940621	-0.0127605903	-0.0748458984	-0.0434096474	0.0196356853	0.0043657807	0.0078754232	-0.0361477102	-0.1039561915	0.0022351915	0.0037999129	0.0030002452	-0.0646023291	-0.0161217178	0.0818369411	-0.0135181658	-0.0499334892	-0.004783605	-0.0603188546	-0.015216262	0.0800040612	-0.0882846163	0.0342093323	0.0440281638	-0.091168361	0.0739159167	-0.0044563133	0.0	0.0740403361099595	-0.0096997219187358	0.0054819713712757	9.40846053008038e-05	0.0538990810857313	-0.0015232483765999	2.3202856168142366e-06	0.0029051109418862	-0.1481621008506763	0.0114481424826564	0.0219520081284859	0.0001310599663032	0.0006816917893177	-0.0001025184300776	4.647036956231674e-07	1.0510028505575772e-08	0.0032139362824368	0.0001349887174869	1.8221953848758142e-08	1.032938642756368e-05	-0.0016740993862112	-0.000240387799934	2.802608754912717e-06	5.778629435715688e-08	0.0	0.0	0.0	0.0	0.0	0.0	0.0	0.0	0.0	0.0	0.0
6207.099812034424	-0.9259073984940188	38528088.07655778	0.8573045105859616	15433.33906394218	1.754708205595307	3.079000886783502	238187954.66260368	6245.893511475157	-1.4319053689787324	39011185.75668746	2.05035298571012	7356.486895122817	9288.475728241963	1.265344	24.495472	0.0370356394177389	0.0205603906160136	0.0588022427	0.0844024438	0.0109730101	-0.0198341885	0.0691083371	-0.0051728184	0.0886432164	0.0515829012	0.0126487734	-0.0490682743	-0.0243966895	0.0246958361	0.0112971843	-0.0379690664	-0.0447045349	-0.0782136797	0.0182224861	0.0008759892	0.0465625176	-0.002040756	0.0171836506	0.0230470674	0.0186853505	0.0666874434	-0.0501762952	0.0036011638	0.0056181406	-0.0300746505	0.0979454046	0.0025469282	-0.061914041	-0.0421962404	0.0696388588	-0.0551288364	-0.132598197	-0.0246363852	-0.0855957801	-0.0916757414	-0.0290061504	-0.0329447061	0.0681736045	-0.106183073	0.1508439753	-0.0742664226	-0.0217164937	-0.0642590736	0.019245372	-0.102380727	-0.0422739599	-0.0060399713	0.0153772307	0.0147813665	-0.0149615275	0.0134194006	0.1456811689	-0.0070989823	-0.01449873	0.0831455821	-0.0187333026	-0.0199642157	0.0457935994	-0.0337551757	-0.024075215	0.0062971406	0.0320902591	-0.075937564	0.0447389271	0.1298287854	-0.0340242835	0.0212223133	-0.0932927614	0.0785117017	-0.0325695291	0.0123096464	-0.0090068621	0.0549803699	-0.0511248646	-0.1136605443	-0.0446419899	-0.0590978589	0.0546243796	0.0979041156	0.0003920422	0.0666292228	-0.0883279027	0.0374681863	-0.0735827586	-0.0407565901	0.0531372901	-0.0282350161	0.0224975765	0.0130568669	0.0483469178	0.0019634623	0.0778104528	0.0660121482	0.0058489769	0.0619062737	0.0447825148	0.0461977114	-0.0091602331	-0.0705552504	0.0882249903	-0.0631662575	0.0571605612	-0.0507301311	0.0208852651	-0.0678426442	-0.0671528221	-0.012320074	0.0504167069	-0.0046080596	0.0332472433	0.1162911913	-0.027995564	0.07071021	-0.1585429248	-0.0386465961	0.0299437532	0.0474332427	0.0691813218	-0.0722730518	-0.0209241054	0.0120736551	0.0456914765	0.0917024223	0.0795489386	0.0300588826	-0.064394581	0.0497624596	-0.1063689799	0.0158675815	0.0363179938	0.0917267401	-0.0734951279	0.0256193853	0.1378251688	0.0352540647	0.0137101155	0.1179937833	0.1302186821	-0.0609304056	0.0518685098	-0.109835608	-0.0300564357	-0.0559417295	-0.0003240479	0.1073375818	-0.0538805888	-0.0103844019	-0.0019212515	0.0072982025	0.0059088577	0.0434228838	0.0042014113	0.0609233673	0.0164638791	0.0078853882	0.1331164676	-0.0292410943	-0.0256895087	-0.0526059813	0.0473486822	-0.0230449909	-0.0571326637	-0.0438092646	0.1372703648	-0.1210784366	-0.020631309	0.0386262169	-0.061284559	-0.0126976055	0.0779743851	-0.0897925	0.0400495376	0.0371510932	-0.0888812078	0.0796750203	-0.0158442251	0.0	0.0695054205847895	-0.0045349155251699	0.0048310034906684	2.056545882042782e-05	0.0725065208352759	0.0186074397495445	0.0003462368140329	0.0052571955636362	-0.1563738260702507	-0.0082117252195743	0.024452773479849	6.743243108179405e-05	0.0006072249694739	-7.446681984379997e-05	3.687221635525788e-07	5.545307257648961e-09	0.0032529966501955	3.9060367758699845e-05	1.5257123294448782e-09	1.0581987206183145e-05	-0.0016739953953447	1.0399086649995685e-07	2.8022605836352587e-06	1.0814100315411846e-14	0.0	0.0	0.0	0.0	0.0	0.0	0.0	0.0	0.0	0.0	0.0
6209.880875686816	2.781063652391822	38562620.49022085	7.734315038654941	15410.584734309072	-22.754329633107773	517.7595170521265	237486121.8533198	6241.039901949916	-4.853609525240245	38950579.05773103	23.557525423502835	7350.802853165455	9296.266500663947	1.216874	23.557161	0.0619621749734392	0.0299479663062941	0.0573616025	-0.0698122225	0.0281066503	0.0110686349	0.0398750437	0.091818601	-0.0277336185	0.0080922454	-0.0386563522	-0.0265554607	-0.0200698939	-0.1819308027	-0.0056514862	0.0751563837	0.0337020049	0.0230245033	-0.0397597848	0.0972231319	-0.0175823274	0.0063148253	-0.0498824451	0.0303219454	-0.0073860867	-0.0847984781	0.0672139453	-0.0784853002	0.1045137889	0.0305286894	-0.0339552351	0.0916367975	-0.097505348	-0.0112463205	-0.0604418666	-0.0322528663	-0.0436981695	0.0258273841	0.0597925334	0.1659654461	-0.0255003418	-0.1103681936	0.0072856615	-0.0247525545	-0.0565341579	0.0314836699	0.0086035506	-0.081838935	0.0340985393	-0.0205879247	-0.0492793246	-0.1002574856	0.0351372558	-0.0777046138	-0.0052510039	-0.018808208	0.0537206686	-0.1125753122	0.1785171987	0.1148106578	-0.0738896823	0.085894368	-0.0419730486	0.1234481971	-0.0062463599	0.2007515208	-0.0701133484	0.0015109694	0.0196818458	0.0744729952	0.0240575212	0.1003966393	-0.0198995917	0.0106314864	-0.0754564401	0.0893940229	-0.0407002941	-0.0008480084	0.0414209281	0.0054264835	-0.0222874123	-0.0095930566	-0.0155588118	0.0219519157	0.0101305875	0.0657585346	-0.0405080304	-0.0863987866	-0.0082878728	-0.037570911	0.0494418392	0.0525699764	-0.0102293185	-0.0335976237	-0.0235204051	-0.0966708913	-0.0883713803	-0.0342087375	-0.0369036853	0.1011551057	-0.0057488093	-0.0771033451	0.0434389399	0.0471408448	-0.1248381931	0.0682685154	0.0675554523	-0.0424728254	-0.0312945824	-0.1759507039	-0.0002598834	0.025614397	0.0449544525	0.0475726389	0.0362571705	-0.0386736322	-0.0453967617	0.0341290055	-0.0087499939	0.064989991	0.0923090365	0.1187495634	0.0864880688	0.0134672665	0.1417458366	-0.0311025772	0.033852149	0.0080459845	0.1040286414	-0.1049053422	0.0487071705	-0.0165477145	0.0625581336	0.0796972245	0.1516065167	0.1013642148	-0.0290026194	0.1082718669	0.0931330705	0.0534977537	0.1733928673	-0.0172597661	0.0136030076	0.0676573963	-0.0368024751	0.0224474329	0.0324356614	0.0376128785	-0.0103063261	-0.0049459834	0.0908895707	-0.0314783262	-0.0343193589	-0.0366559306	-0.0184373701	0.0276359321	-0.0737787386	-0.0150131751	0.0649354456	0.0245109909	-0.0394158527	0.0419470202	-0.0746188285	0.1229945911	0.108628501	0.2052087852	-0.0174051668	0.0175577756	-0.1097458575	0.2016993894	0.0378363681	-0.0395384689	-0.0622388298	-0.0101694736	0.0758137976	-0.0910324077	0.0457030134	0.0300246349	-0.0857821235	0.0844837072	-0.0269929964	0.0	0.076390204554599	0.0068847839698094	0.0058354633518934	4.74002503109457e-05	0.0514411139811841	-0.0210654068540917	0.0004437513659284	0.0026461882076251	-0.1661506508520887	-0.009776824781838	0.0276060387785726	9.558630281476169e-05	0.0004064596344982	-0.0002007653349757	1.652094344764103e-07	4.030671972790504e-08	0.0035361673871574	0.0002831707369619	8.01856662715456e-08	1.2504479789995596e-05	-0.0016732282799283	7.671154164000035e-07	2.7996928767518176e-06	5.884660620785508e-13	0.0	0.0	0.0	0.0	0.0	0.0	0.0	0.0	0.0	0.0	0.0
6209.533540282378	-0.3473354044372172	38558306.787891805	0.1206418831755652	15392.773559055247	-17.81117525382433	317.23796392244424	236937477.8403504	6245.515368643227	4.475466693310409	39006462.21995874	20.029802122930807	7355.2415132210435	9301.324098857354	1.234979	23.907654	0.0413516497688695	0.028612186129669	-0.1019101619	0.0038131344	0.0206140183	0.0358213474	-0.0336393326	-0.062432987	-0.0427650255	-0.0104835894	0.0306688712	0.0329696108	0.0512319721	-0.0077543261	-0.1229865985	0.0582325735	0.0330465771	0.0136175765	0.0787483987	0.0296651116	-0.1434670329	0.0036690101	-0.1059397788	0.0181812392	0.0166616949	0.0367558408	0.0701079874	-0.0017894138	-0.0188100306	-0.0702998326	0.0201355463	-0.0102957289	-0.1717632567	0.0086907667	-0.0078220589	-0.071956334	-0.0595084971	0.0083513473	0.1602272472	0.0124759436	0.1135695273	0.044572152	0.0100682164	0.0057369205	-0.1111128302	0.0250664171	0.0536252695	-0.127726587	0.1417820974	0.1520989004	-0.0074659073	-0.0081080047	-0.0602711968	0.0594388942	-0.0080783379	0.0356021432	-0.0298330785	0.0002017777	0.0952847289	-0.0979522992	0.0933172955	-0.0733285558	-0.0164190678	-0.0779066346	-0.0753606277	-0.0684315685	0.0142520081	-0.1161331781	-0.0382279488	0.0116179719	-0.0179234566	-0.1057830611	-0.0677421756	-0.0014424185	0.0461390406	0.1002660949	-0.0821701111	-0.0766145197	0.079764919	0.0230507507	-0.0232365185	-0.008137941	-0.1442441713	-0.0825151983	0.0381203736	0.0584870885	-0.0070598859	0.0328815192	0.0410547551	-0.0713515376	-0.0549629177	0.0475697784	0.064745751	-0.1512936713	-0.0309538581	0.0462058472	-0.0478896788	-0.0314642988	0.0149375558	0.0343595312	0.0343506352	0.0365111775	-0.0367689702	0.0142257508	-0.0866568505	-0.0532638179	-0.0838283671	-0.0489304718	-0.1183941806	-0.0800671137	0.0855016323	0.0720037582	-0.0758534642	-0.0103302567	-0.0175997755	0.0379062359	-0.0619302077	0.1418962852	0.1144617571	-0.0161705553	0.0210976935	0.0313237688	0.0804031853	-0.04508012	0.0564908242	0.003845129	0.1658229335	-0.1168042385	-0.0181790308	-0.0742012732	0.0085642168	-0.0032968463	-0.0427158023	0.0552723864	-0.1703361183	0.0370451394	0.0209034186	-0.1326285859	0.0765385409	0.0809381849	-0.003379641	0.0147093031	0.0779865888	-0.0030491155	-0.0605830911	-0.001900135	-0.0142089179	0.0709505199	-0.0110140427	-0.0519219494	-0.0299311326	0.0690616868	0.0182050125	-0.0911854092	0.041198996	0.0275211858	-0.1119642989	-0.0624416376	0.0011825004	-0.038009246	0.0026235799	0.0040826483	-0.1330032228	0.067057949	-0.0651734219	0.1749149834	0.0614964907	-0.0864381167	-0.1471923363	0.1653250188	-0.0221838277	0.0761310757	-0.0631814888	-0.0076337529	0.073525926	-0.0920006388	0.0511434007	0.0226966273	-0.0818994181	0.0882846163	-0.0377343563	0.0	0.0743549467719191	-0.0020352577826798	0.0055286581094549	4.142274241959069e-06	0.0792556651461922	0.027814551165008	0.0007736492565108	0.0062814604577653	-0.1660039066953871	0.0001467441567016	0.0275572970381307	2.153384752606384e-08	0.0001799589092199	-0.0002265007252782	3.2385209007616215e-08	5.1302578551595926e-08	0.0035363605870144	1.9319985699976785e-07	3.7326184744730735e-14	1.2505846201388831e-05	-0.001672820271774	4.080081543000706e-07	2.79832766165804e-06	1.6647065397535025e-13	0.0	0.0	0.0	0.0	0.0	0.0	0.0	0.0	0.0	0.0	0.0
6209.454578384712	-0.0789618976668862	38557326.16102286	0.0062349812831558	15423.141115341508	30.36755628626088	922.1884747992226	237873281.8637377	6240.226267671478	-5.289100971748667	38940423.87173711	27.97458908935269	7355.7924218487615	9335.83884099501	1.30425	25.248653	0.0263993481376578	0.0147330172455523	0.0898865995	0.0333643048	-0.0081859817	0.0254614485	-0.0204621045	0.0365647059	0.0992608911	0.038284234	-0.019356817	0.0794673619	0.0833706899	-0.0206713986	-0.0656548905	-0.0338318254	-0.0255950105	-0.1322602349	-0.0568007712	-0.0117687983	-0.0630953264	0.0511928123	-0.0519639328	0.0481797573	0.0724080993	-0.0052201786	-0.0026477038	0.138468213	-0.0098991874	0.0615897764	-0.0637224729	0.0117412341	0.0111591146	0.0451841463	-0.046058239	-0.1696597712	0.0380952555	0.0657116284	-0.1068692613	0.0495571472	-0.091101466	0.0604710043	0.0230654374	-0.0044732267	0.0237867717	-0.0510669431	0.032540932	0.0212647661	-0.0017882364	-0.0068545995	0.08314952	-0.0354884253	0.0219317455	-0.0135324645	-0.0091824074	-0.0143625829	0.0403366435	-0.002270827	0.0932093489	-0.0262597421	-0.0320405293	-0.0930000188	0.0112379162	0.0470047119	0.0185973578	-0.0469867043	0.121647267	-0.0633486645	0.0001316126	0.1441247507	-0.0541389143	-0.0526895925	0.0617955456	-0.0752193091	0.005534981	0.0062971392	-0.0253026763	0.0397429339	0.0654366696	0.2183630114	0.0149375129	-0.0131154531	-0.0286252013	-0.0033391333	0.0021449287	-0.0253380327	0.04077601	-0.0281002633	-0.1294641105	-0.0523461801	-0.044830607	0.0377544716	0.0129296452	-0.0728440614	0.0211969598	0.0342031803	0.0625012583	-0.0642933949	-0.0456794733	-0.0317361552	-0.0562964256	-0.0568568903	-0.1029635859	0.067771437	-0.053226548	-0.0036106759	-0.0112025141	0.003441187	0.0915311534	0.1202118202	0.0111954294	0.0692464689	0.0625110359	-0.0487705251	-0.0678474563	-0.0568897571	-0.0257306155	0.0466001794	-0.0978214621	-0.0056538849	0.0248474439	0.0381119872	-0.0324941567	0.0426117471	-0.0137157636	0.0360930864	-0.0448022614	-0.0776477452	0.0051111847	-0.0176876669	0.0173298111	-0.0672862082	0.083021977	0.0374777979	-0.0315342391	0.0115215184	-0.0475614117	-0.0131835557	0.05813851	0.0812773441	0.0176127082	-0.0211430467	0.0785671372	-0.0919918099	0.0089617325	-0.0192218664	0.0636779226	0.0112180425	0.0040111313	0.1174111	0.0515076482	0.0047403145	0.0053310316	-0.0598571711	0.0344948499	0.0632065689	-0.0824559698	-0.0109983528	-0.0598756951	-0.0125652184	0.05732075	-0.0282340775	0.0232082507	0.053983501	-0.0390772889	0.0835270258	0.0719647827	-0.0864221892	-0.0419478321	0.0829909254	-0.0626315788	0.0598321054	-0.0641123601	-0.0050923356	0.0711146114	-0.0926943039	0.0563453339	0.015216262	-0.0772685604	0.0910324077	-0.047906183	0.0	0.0874647843920399	0.0131098376201208	0.007650088508746	0.0001718678424259	0.0778714181826814	-0.0013842469635108	1.9161396559888827e-06	0.006063957769782	-0.1685750728459183	-0.0025711661505312	0.0284175551850066	6.610895373637492e-06	0.0002700395338217	9.008062460180004e-05	7.292134982664108e-08	8.11451892865042e-09	0.0036327884923232	9.64279053088002e-05	9.29834092224294e-09	1.3197152229955867e-05	-0.0016729936899333	-1.7341815929995156e-07	2.7989078865566387e-06	3.007385797498337e-14	0.0	0.0	0.0	0.0	0.0	0.0	0.0	0.0	0.0	0.0	0.0
6205.26801293572	-4.186565448991132	38505351.11236323	17.52733025868632	15412.782849790678	-10.358265550830764	107.29366522152738	237553875.17480165	6244.432753935423	4.206486263944498	38992940.41842153	17.694526688753744	7356.310606926199	9313.461409433628	1.316868	25.492912	0.0311031508221279	0.0214572488465268	-0.0592055849	-0.1128583359	0.0269568575	-0.009876383	-0.0131122939	0.0090440531	-0.1097612251	2.14635e-05	0.0484727883	0.0321618603	0.0789534008	0.0395750419	0.006750849	-0.0148710472	-0.0026904391	0.1038426094	-0.0095976307	0.0085968789	-0.0091306549	-0.0900112228	-0.0225111311	0.0367736088	0.0664989339	0.0067424933	0.0513356912	-0.0137495239	0.0629443347	0.1143332295	-0.1434338984	-0.0063537818	0.0906267172	-0.0377957561	-0.0694776963	0.0528814923	-0.0284764546	0.0630329117	0.0772458473	-0.0592077017	-0.051639281	0.0263294096	0.0441608225	-0.0392314194	0.0263794713	-0.0933749485	-0.0216244814	0.0185303169	-0.0022280042	-0.0316376699	0.0086500119	0.0616890387	-0.111476109	0.0095501825	0.0492757111	-0.0568221698	-0.0383199107	-0.0230186188	0.0678818515	0.0783058953	-0.0403632015	0.0930173535	-0.0323740354	-0.0331770262	0.0292634174	0.0475393545	-0.0519809793	0.0231780669	0.1164380984	-0.0192962906	0.0025661931	0.0827762679	-0.0106806819	-0.0827490782	0.1908568369	0.0123892293	0.038851991	0.0471965964	-0.0521063596	0.0599262921	0.0173833542	-0.0448280168	0.0750662455	0.0098825774	0.0011862274	-0.0410833858	-0.1321516563	-0.0670814461	0.0987463538	-0.013391771	-0.0315335683	-0.0183532416	0.0139559999	-0.0472370068	0.0438913071	-0.004075904	0.0332953351	-0.0047030854	0.0115402779	-0.0007595406	-0.0454535168	-0.0151375421	0.0165403063	0.0146180516	0.0381339972	0.188344868	0.0792578565	0.0756033363	-0.0309954954	0.0052690865	-0.0391762203	0.0822943632	0.0514840651	0.0498935906	-0.0186795729	0.0086777075	0.0062186133	-0.0617425686	0.0201130376	-0.058639299	-0.0881542562	0.0051016991	-0.035407768	0.0533673967	-0.0774354327	0.0129323109	0.0710816535	0.0034508484	-0.0349395908	0.0436447978	-0.0956337611	-0.0356803144	0.0714353746	0.0338358957	0.1135862088	0.0302296302	-0.0023964836	0.0292598629	-0.0311719467	-0.0805009229	-0.0401937106	0.0873036393	0.1000763888	-0.0526804255	0.1152348884	0.0132663149	0.00760125	0.0053308467	0.0062552146	-0.1046979815	0.0361643232	-0.0061900581	-0.0336722274	-0.0438716209	0.0345462123	-0.0034871847	-0.0487806844	0.0573385313	-0.0281691676	-0.036620807	0.0328116074	0.0048814516	0.0564332148	0.0522779167	-0.0026460296	0.0738314877	0.0298158528	0.0488756227	-0.1466160396	0.1031329255	-0.0923431618	-0.054384285	-0.0650312701	-0.0025471182	0.0685839023	-0.0931113328	0.061284559	0.0076337529	-0.0719318531	0.0926943039	-0.0573549508	0.0	0.0875939696378651	0.0001291852458251	0.0076727035169192	1.6688827738916685e-08	0.0569888842838111	-0.0208825338988702	0.0004360802220374	0.0032477329319136	-0.1653595124882159	0.0032155603577024	0.0273437683703404	1.0339828414027198e-05	0.000310959303321	4.091976949929999e-05	9.669568832188169e-08	1.6744275358758416e-09	0.0035362497131492	-9.653877917400024e-05	9.319735884406382e-09	1.2505062033747798e-05	-0.0016730525676546	-5.8877721299983865e-08	2.7991048941356496e-06	3.4665860654785736e-15	0.0	0.0	0.0	0.0	0.0	0.0	0.0	0.0	0.0	0.0	0.0
6205.652074816498	0.3840618807771534	38510117.6736743	0.1475035282660844	15432.854940808777	20.072091018098945	402.8888378388484	238173011.62404588	6244.95942087437	0.5266669389475283	38999518.16836755	0.2773780645803594	7355.149269092823	9318.696382853392	1.375962	26.636911	0.0774189553164579	0.037137901464538	0.0042049591	0.1203435109	-0.0131764805	-0.0795266705	0.0584677046	-0.0822739467	0.0672932045	0.0188000063	-0.0862519668	0.0432836871	0.0292158683	-0.0342526134	0.1222081455	-0.0032332079	0.0478723763	-0.0918379635	0.0698121922	-0.0381971699	-0.1140240589	0.0484348655	0.0738982379	-0.0793194634	0.0254146141	-0.1057161114	-0.0234249808	0.042737151	0.0381917371	-0.0756684273	0.0033466355	-0.0826418135	-0.0130921614	-0.0209067677	0.0185952582	0.1200518	0.0433257213	-0.0434659159	0.0068119509	0.03030731	0.001757114	0.0136091305	-0.0770060213	0.0184729252	-0.1039495104	-0.0295438945	0.0626163106	0.1125581513	0.0924652272	0.0458360879	0.0001614538	0.0297145041	0.0803079017	-0.001481496	-0.023354101	0.1131615587	0.0488927624	-0.000251993	0.0047200512	-0.0080357883	0.0030991448	-0.0808652701	0.0356408479	-0.0130220466	-0.0516916317	-0.0099528907	0.00971072	-0.0368991812	0.0418911091	0.090821288	0.0047310694	0.0428984547	-0.0601228752	0.0475243258	-0.0080185062	-0.0036948989	-0.0444954965	-0.0048731588	0.0429897125	-0.0468192827	0.0701210462	0.0033608329	-0.0279429005	0.0917132589	0.0793883102	0.0112351636	-0.0213812868	0.0767817406	-0.071785646	-0.078556195	-0.0557847682	0.0724614034	-0.0353882428	0.0377325245	0.03027916	-0.0659478031	0.0071176922	0.0535911524	0.0529442553	-0.0056006895	0.0329275027	-0.0207898723	0.0678693899	0.005249889	0.0339162045	-0.043582689	-0.0743863445	-0.0495962176	-0.0335554895	0.0677196665	0.1752485092	-0.0016460955	-0.0201420819	-0.0505980993	0.072737438	-0.0409928227	-0.0811967322	-0.006125165	0.055257786	0.075453224	0.0767672719	0.0376200609	-0.0146196278	0.0182557842	-0.0090068274	0.0123189967	-0.0465254715	-0.0271317665	-0.0511186914	0.0364034652	-0.0707749887	-0.0789793181	-0.0535069358	-0.0778710393	0.018090208	0.0226605853	0.0073735285	0.0023971853	0.0455677993	0.0334382272	-0.0280440355	-0.029548359	0.0546193671	0.0432380949	-0.0064149742	-0.135486831	0.0054830377	0.0774514174	0.0165174282	0.0636786789	-0.0765834412	0.0362646269	0.0215619464	-0.0347638383	0.0555042921	0.0664818669	-0.0523616955	0.065533582	-0.0030158366	0.0562933811	0.0382439421	0.0158155582	0.0658328298	-0.0480908764	0.1072356823	0.0852240351	0.0508592104	-0.0190322502	-0.1737446679	-0.1026345454	0.0032376732	-0.0366644969	-0.0659380473	-0.0	0.0659380473	-0.0932504808	0.0659380473	0.0	-0.0659380473	0.0932504808	-0.0659380473	0.0	0.0780769182581764	-0.0095170513796886	0.0060960051646939	9.057426696363453e-05	0.0768717350677832	0.0198828507839721	0.0003953277552977	0.0059092636523314	-0.176408289583513	-0.0110487770952971	0.0311198846337805	0.0001220754753015	0.0006081156464478	0.0002971563431268	3.698046394546257e-07	8.83018922604925e-08	0.0036979194958413	0.0001616697826921	2.6137118635710862e-08	1.3674608597723171e-05	-0.0019536319629857	-0.000280579395331	3.816677846799359e-06	7.872479708436562e-08	0.0	0.0	0.0	0.0	0.0	0.0	0.0	0.0	0.0	0.0	0.0
6216.004453030978	10.352378214480268	38638711.36010095	107.17173469564568	15444.041406043974	11.18646523519783	125.13700445828962	238518414.95160076	6240.987983139528	-3.9714377348418566	38949931.005692	15.772317681725816	7354.984558373821	9298.825825172324	1.315206	25.460735	0.0538205305068806	0.0305667255188182	0.0597766557	-0.0829140419	0.071274611	0.0084084201	0.0155883426	0.1040676744	-0.0308229677	0.0320590126	-0.0014176989	-0.0206194295	-0.0057680896	-0.0375631717	-0.0152266899	0.0345323579	0.0996484657	0.0240314314	-0.1143427001	0.0284195829	-0.0644696896	-0.0151176282	-0.0655026602	0.0390237524	-0.0384701101	-0.0740404406	-0.0592848797	0.0238771528	-0.0228546569	-0.1175759413	0.023773008	0.0747881077	0.0276784864	-0.0870910431	-0.0524035568	-0.0187076973	-0.0643245509	0.0152506723	-0.0421571681	-0.0438229583	-0.0633251011	-0.0367776817	-0.0198217175	-0.0460841341	0.0768647912	0.1533918137	0.0168141729	0.0006726671	0.0707170891	-0.1281328983	0.0758037194	0.0041199304	0.0927935312	-0.1179279748	-0.04069167	-0.000171544	-0.1126124646	-0.0485803242	0.0276636853	0.0162227121	0.0859258083	0.1156112698	-0.0237680511	0.0232281958	0.0350805851	-0.0174933691	0.0435648759	0.0503995279	-0.0914650008	-0.1120156998	-0.0071000625	0.0204793274	0.0325379899	0.0398789963	0.0193488535	0.0190174605	0.0147110473	0.1410239983	-0.0093659651	0.0362757055	-0.0350024913	-0.0565902707	0.0163461157	0.1435925538	-0.0406696567	-0.0808465263	-0.0629812999	-0.1161778306	-0.0186457072	-0.0649001118	0.0557255011	0.0279004234	0.0205302831	-0.0338793028	0.0257308992	-0.0640298981	-0.0904039916	0.0505141513	-0.0030718151	0.0405610363	-0.0041379526	0.0248841131	0.0258427211	0.1096418939	-0.0257900807	-0.0367660335	0.1044660122	-0.0498238708	0.1080859588	-0.0396710016	-0.1214447342	-0.1860936263	-0.0699301445	-0.0286704978	0.0443157211	0.0265385861	-0.0072691968	-0.0701757754	0.0201542311	-0.0677314788	-0.0138134778	0.027373592	-0.0328573657	0.0482003256	0.059241914	0.0914107207	0.078536202	-0.0370051087	-0.0155871717	0.052103626	0.1133983318	0.0381083216	0.0285279062	0.0256390687	0.0277929471	0.0105423424	-0.0774497498	0.0925290173	-0.0367137114	0.0553230489	0.0218608655	-0.0498103443	0.0170709472	0.0409015499	0.0528783573	0.1282078021	-0.0321975442	-0.1316412394	0.0017656856	-0.0006437361	0.0749186232	-0.0030510197	-0.0939051834	-0.0608285376	-0.0008858413	0.0085861535	-0.0680999587	-0.0257800671	0.0596424382	0.0026613693	0.013492932	0.021842656	-0.0825130835	-0.005260481	0.063146577	0.1588696632	0.0117717424	-0.0576056306	-0.021232482	0.0021595867	0.0166870616	0.0312402008	-0.0668325226	0.0025471182	0.0631814888	-0.0931113328	0.070284102	-0.0076337529	-0.0593418965	0.0926943039	-0.073525926	0.0	0.0773616036055102	-0.0007153146526662	0.005984817712416	5.11675052318977e-07	0.068249669389047	-0.0086220656787362	7.43400165684408e-05	0.0046580173717142	-0.1814464809301412	-0.0050381913466281	0.0329228254419321	2.5383372045239232e-05	0.0001470388552397	-0.0004610767912081	2.162042495020145e-08	2.125918073907579e-07	0.003709887782809	1.1968286967700258e-05	1.4323989294122383e-10	1.3763267361035478e-05	-0.0016377778645845	0.0003158540984011	2.6823163337229646e-06	9.976381147683489e-08	0.0	0.0	0.0	0.0	0.0	0.0	0.0	0.0	0.0	0.0	0.0
6219.134004776256	3.1295517452781496	38677627.76936435	9.794094126373512	15453.964539346816	9.92313330284196	98.4685745459712	238825019.98338887	6250.145709105443	9.157725965914324	39064321.38504918	83.86394486678144	7362.939794737011	9378.61837596156	1.302189	25.208748	0.0343729287994044	0.0165172668018278	-0.0742742224	0.0788090142	-0.0010870508	-0.0081328599	-0.0476291623	-0.0932250527	0.0263900781	0.0351726437	-0.025418241	0.0430495352	-0.0438630609	-0.1370729214	-0.1292745848	0.0478897207	-0.0198255533	-0.0212099353	0.1095114722	-0.0499724932	-0.0882636539	-0.0101071043	-0.0803817218	0.0346446078	-0.0778804783	-0.049148267	0.0937847611	-0.0030325332	0.0072205778	-0.0448565608	-0.0690774653	0.0636004831	0.0790078004	0.0198275795	-0.0895516733	0.0070090045	-0.0974871091	-0.0082417896	-0.0545967558	-0.0039714599	0.0039057566	0.0458632375	-0.025229488	-0.0644698786	-0.003894057	-0.0032341875	-0.0651253053	-0.0587641304	-0.1252302463	0.0140869415	0.0352618828	0.0285139262	0.0064806564	0.1138264093	-0.0486302689	-0.0828992059	0.0128076315	0.1122592489	-0.0530244085	0.0724348607	-0.0506232053	0.0287531509	-0.047641046	-0.0485614746	-0.0838052814	-0.0463249488	0.1332841184	0.118945209	-0.0046639391	0.0039878013	0.0590690805	0.0209811432	0.1065842282	-0.0890170572	0.0520681435	-0.004829511	-0.0006937075	-0.0513689617	-0.1212582862	0.0440810651	-0.0094985954	-0.0979952947	0.075043792	-0.0625180191	-0.0584531771	0.0926470388	-0.1218441624	0.0897218349	-0.0242558604	-0.0758410348	-0.0533504721	0.0220898754	-0.0423467872	-0.0452362946	-0.0472299813	-0.0169406189	-0.1010645023	-0.0196828723	-0.0578424528	0.0090989675	-0.0686793213	-0.021144822	0.0069461133	-0.0247156414	0.0507784124	0.1349755187	0.0001646837	-0.1013001313	0.0038294882	0.0162785208	-0.0375416078	0.0030965396	-0.0463502375	-0.0371408265	-0.0748304568	-0.0047935746	0.059439449	-0.0406837137	-0.0342440075	-0.02159924	0.0341555755	-0.0468756259	-0.0324062311	0.0562160312	0.0035219681	-0.0773459464	-0.0697643213	-0.070661061	-0.1026999045	0.0489433946	-0.0095956002	0.0749402702	-0.0693193275	0.0310094257	0.0788008434	0.0574080271	-0.0416261348	-0.0280471879	-0.0838606837	-0.0648261196	0.0559343013	0.0936075649	0.0371196236	0.0639999235	0.0557183835	0.0908277836	0.1194949882	-0.022816509	-0.0097375495	-0.0080980979	-0.0736776053	0.0921551604	0.0391275072	-0.0656921012	-0.0281764971	0.0422021974	-0.0688850088	-0.0485141338	-0.0566649997	0.0518986696	-0.042517921	0.0178618341	-0.0317012371	0.0788853413	0.0896894945	0.0502136136	-0.0009649762	0.0450256459	-0.0600673475	0.0828304908	-0.0561745451	0.0188526617	-0.0677145291	0.0050923356	0.0603188546	-0.0926943039	0.0743024598	-0.015216262	-0.0522036565	0.0910324077	-0.0800040612	0.0	0.0790079796547758	0.0016463760492655	0.0062422608491294	2.710554095595394e-06	0.0569698299140952	-0.0112798394749518	0.0001272347785806	0.0032455615204409	-0.1880512745647991	-0.0066047936346578	0.0353632818654454	4.3623298956417245e-05	-1.7131505136983873e-05	-0.0001641703603766	2.9348846825850475e-10	2.695190722621025e-08	0.0036380244370524	-7.186334575660014e-05	5.164340463332658e-09	1.3235221804590433e-05	-0.0015769731779072	6.08046866772999e-05	2.4868444038387336e-06	3.697209921924611e-09	0.0	0.0	0.0	0.0	0.0	0.0	0.0	0.0	0.0	0.0	0.0
6206.046602176792	-13.08740259946444	38515014.4283901	171.2801068004686	15414.578954254022	-39.38558509279392	1551.2243131017103	237609244.33693105	6240.532099113436	-9.613609992006786	38944240.88006514	92.42149707841271	7361.7482043379505	9383.144373913588	1.390721	26.922613	0.0255267442194313	0.0109907741096005	0.1180003063	-0.030474816	-0.0238839708	0.0573400667	-0.126465036	0.1210893847	0.059607206	-0.0418446147	-0.008764223	-0.0846904618	0.024654475	0.0184686219	-0.1209491623	-0.0126276626	-0.0893440889	-0.0791308986	-0.115393299	0.0010995014	0.0571342724	-0.0195203865	-0.033229276	0.0174593126	-0.115896022	-0.0373846808	0.0927464559	0.0895386132	-0.029129558	-0.0261884277	-0.0419529445	0.0566496448	0.070603252	-0.089205481	0.0303040068	0.0066126941	0.1224465003	-0.0817903458	-0.0295666266	-0.0431985662	0.0152094455	0.1155445968	0.0237227952	-0.0043290205	-0.0004894922	-0.0323100943	-0.0049736347	0.0584113903	0.0403077194	0.0517484694	-0.1339707885	0.0776445614	0.0212624475	0.0508806964	0.0519138894	0.0928545621	0.0912862857	0.0479855834	-0.0675793286	-0.0517540102	-0.0379718513	0.0473167625	-0.1385629369	0.0349398042	-0.0838994367	0.0048236201	0.0021570397	-0.0107544715	0.0372447552	0.0456357256	0.0339225568	0.0554674595	-0.0350477654	5.8806e-05	0.0359152724	0.0246227147	0.0126551415	-0.0499881581	-0.0108097231	0.0204794847	0.0956189403	0.0074346635	-0.0829593727	-0.0793634687	0.0240589098	-0.0576771671	-0.0094994498	-0.071686574	-0.0960620413	0.0782060674	0.0292573959	-0.0189021461	0.0314643952	-0.0298494727	-0.0777231916	0.0919617492	-0.0629854686	-0.047776579	0.0453631944	0.0701811371	-0.0839013162	-0.1318755153	0.0065000492	-0.056027143	0.1610886792	-0.0572368056	-0.0016105128	-0.0110778822	0.0692756939	0.0608790115	0.0169972466	0.0020684415	-0.0017919739	-0.0908310878	-0.0200043038	-0.0330261343	-0.1100513787	-0.0258926879	0.0183301116	-0.089540084	0.0849275591	-0.0181264486	-0.0328540414	-0.0366932246	-0.0050160967	0.0306631368	-0.0706581262	0.0115557249	-0.0905198565	0.0194404459	0.009067283	-0.0649478336	-0.0136555453	-0.0463121245	0.0008465934	0.0497193942	0.0701383231	0.0195615455	-0.0341008725	-0.1532458015	-0.0261441302	-0.0229072676	-0.0110075352	0.0301115296	-0.0428739107	0.0752755844	0.0318537965	0.0521415805	0.0028017219	0.082287989	0.0812978114	-0.0472122143	-0.0240634004	-0.009439529	-0.0207138662	0.035016567	-0.0502993462	-0.0705532455	-0.0744660529	-0.0664298845	-0.0410271927	0.018153436	0.0498763484	0.0784697586	0.060962597	0.0086596789	-0.0196844105	0.0975713514	-0.1075727154	-0.0153638536	-0.0381788788	-0.0118292018	-0.0685839023	0.0076337529	0.0573549508	-0.0920006388	0.0779743851	-0.0226966273	-0.0445885354	0.0882846163	-0.085274677	0.0	0.0743794102701542	-0.0046285693846215	0.0055322966721359	2.1423654548256356e-05	0.0541097015058653	-0.0028601284082299	8.180334511563729e-06	0.0029278597970538	-0.1899889214146952	-0.0019376468498961	0.0360957902603192	3.75447531491233e-06	9.617152631379066e-05	0.0001133030314507	9.248962473524131e-09	1.2837576935935202e-08	0.0037099404735718	7.191603651939991e-05	5.171916308659662e-09	1.3763658317446151e-05	-0.0014401842543437	0.0001367889235635	2.074130686459519e-06	1.8711209609661068e-08	0.0	0.0	0.0	0.0	0.0	0.0	0.0	0.0	0.0	0.0	0.0
6206.334739625285	0.2881374484932166	38518590.90027965	0.083023189224181	15422.509348422664	7.9303941686412145	62.89115167001858	237853794.60218444	6242.346853083866	1.8147539704305016	38966894.23420605	3.29333197319327	7356.752304651123	9274.814412505468	1.427884	27.642057	0.0339977482733607	0.0186270166601434	-0.1121770822	-0.0524253735	0.0095430609	0.05635773	0.0317444102	-0.057023832	-0.0772076593	-0.0494352872	0.0543860439	0.0914144452	-0.0024898725	0.053259311	-0.0775812685	-0.0700160858	-0.0040702836	0.0692829295	0.0221123368	0.041444648	-0.053164841	-0.0432600698	0.0350292675	0.0213941548	-0.0462957103	0.084726577	0.0051043307	0.06401485	0.071200634	0.0269216686	-0.1375399864	-0.0242993616	0.0033563618	0.0081257941	0.0471134783	-0.0368229381	0.0786831822	-0.0097930876	0.0280505192	-0.0678670251	-0.0221388715	-0.0144273234	-0.0766108336	0.053637997	0.0259943362	-0.0533557682	-0.056715682	-0.0031643536	0.0293185354	0.0018017188	-0.0620084757	0.0319798148	-0.0408075854	-0.0292401221	0.047257862	-0.0221807203	-0.1033243563	0.0649043297	0.0437380045	-0.0242540417	-0.0141344428	-0.0168291899	-0.0106528219	0.0235682224	0.0863942688	-0.0537308629	0.0005446756	0.0085270815	0.0370364471	0.0077397725	-0.0101565829	-0.013607393	0.1162630306	0.1027990593	-0.0729536061	0.0288556802	0.0860858403	-0.0448020181	0.1065064721	0.0314462725	0.0797039339	0.0187874147	-0.0002841592	-0.033906723	0.0267560748	0.0171205213	0.0650194214	0.0259637784	0.0977657058	-0.0016435229	-0.0289328114	0.0277511662	-0.0513308877	-0.0728886878	0.0134422243	0.0807431165	0.0200911664	0.0132161132	0.0495489251	-0.0177576124	-0.0275384397	0.0385769059	0.0595737038	0.0613408177	0.0371977103	0.0337722726	-0.0077421982	0.0584583402	0.0281570269	0.0167853956	-0.0452269374	0.0432478885	0.0624503915	0.0177051344	0.0051026848	0.016050002	-0.0582771472	-0.0498726682	0.0315999171	0.0644812471	-0.0132044532	-0.010172736	-0.0464773785	-0.0703319546	-0.0318417143	-0.0076121798	0.0415115541	0.0386315384	0.0210929422	0.0152822651	0.0551864754	-0.110061135	-0.0087860725	0.0161212546	-0.060663043	0.0144042846	0.0375817118	0.0159569945	-0.0837720874	-0.0440220873	0.0837867056	0.1123126809	-0.0557757707	-0.0237531955	-0.0833154243	-0.0585210983	-0.034469978	0.009037199	0.0113058202	-0.1013811316	-0.0394096651	0.0104046088	-0.0120524211	-0.0279321288	0.0280177658	-0.0537944222	-0.0278975146	0.0018832798	-0.0951831141	0.0167895566	0.0390711054	-0.05048606	-0.0016012638	-0.0134117315	-0.0021656149	0.0197383786	0.0954633176	0.0662316909	-0.0854774393	-0.1029862113	-0.0213808591	0.0291382195	-0.0694404798	0.0101694736	0.0542947536	-0.0910324077	0.0812827579	-0.0300246349	-0.0365660973	0.0844837072	-0.0892582227	0.0	0.0744512108529562	7.180058280199797e-05	0.0055429827974713	5.1553236907065665e-09	0.0660609974745938	0.0119512959687285	0.0001428334753321	0.0043640553873382	-0.1813384578724495	0.0086504635422456	0.0328836363035581	7.483051949572184e-05	-0.0001067839968541	-0.0002029555231678	1.140282198413644e-08	4.11909443843522e-08	0.0037730896683332	6.314919476139991e-05	3.987820799013217e-09	1.4236205645282736e-05	-0.0014398052086813	3.7904566239986396e-07	2.073039038945802e-06	1.4367561418415158e-13	0.0	0.0	0.0	0.0	0.0	0.0	0.0	0.0	0.0	0.0	0.0
6214.945499050627	8.610759425342621	38625547.55616965	74.1451778811268	15438.89137802446	16.382029601796603	268.37089387414017	238359366.98243803	6236.194184420801	-6.152668663065015	38890117.90580382	37.85533167746224	7356.223918756393	9358.272034356803	1.397825	27.060146	0.0208043512422512	0.0138662323455242	0.0744101208	0.0650287858	0.0470738331	-0.0715489591	0.0204677341	0.0246925425	0.0563323397	0.0749181227	-0.0217172082	0.0137666999	0.0401155871	0.0218448732	0.0619685967	-0.0253406516	-0.0482469473	-0.1254600985	0.0130804451	-0.006869733	-0.1051956871	0.0734191518	0.0099342844	-0.093917222	0.083988879	0.0769865837	0.0854436843	0.033138348	-0.0159674497	-0.1323327826	0.0163996035	-0.0586506506	-0.0137739419	-0.0511209645	0.0217897447	-0.1199672199	0.0377713759	0.0211385169	0.0966609601	0.0222960729	0.1297461482	0.0324779532	-0.0100312124	-0.0664822113	-0.1013221284	-0.0222492466	0.1029892622	0.05751422	-0.0235388761	0.0040694609	0.1117268317	0.1722976929	-0.0673926791	0.0164674437	-0.0864691695	0.0830676235	-0.0736932816	0.0094199744	-0.0228550221	-0.0759360875	0.0574418209	-0.0135667732	0.0554218204	0.0024398584	0.0682069637	0.0275074683	0.0121129372	0.037701028	-0.1010754267	-0.0700589184	0.1112680522	0.0379593728	0.0068752903	0.0641976238	-0.0709797088	-0.2334546383	0.0187765564	-0.0187691594	-0.0158652483	-0.0952216551	-0.0650010249	0.0875399146	-0.0833596671	0.0083243211	0.0005186657	0.0057099408	0.0230318823	0.0043251004	-0.0973228653	-0.0723272308	-0.0030456568	0.0173407011	0.0785481085	0.0026565618	0.0710629604	0.0272386089	0.0572511723	0.0455773176	0.0783749733	0.0562780887	-0.0812444412	0.0111670175	-0.005870556	-0.0923562014	-0.0801285063	-0.078885147	-0.1529133981	-0.0065531638	0.0225724144	0.0528983641	0.0260286581	0.0831332982	-0.0882403146	0.0325416791	0.1301117998	0.0536116613	0.0198576624	0.0155463867	-0.0097693817	-0.0343788071	0.034723096	-0.0256521997	-0.1271904131	0.0079110533	-0.0824504293	-0.0180387601	0.0284312759	-0.0783323311	-0.1250703687	-0.1136422836	0.0579885893	0.0001939726	0.0497275648	-0.1503523073	-0.0020898148	-0.0470581258	0.0862345703	-0.0102963781	-0.0079385381	-0.0041139634	0.0056010844	0.0716496165	0.006478491	0.0749352094	-0.0721879317	0.0904330528	-0.0097892716	-0.0507253422	0.0497775061	0.0939469843	-0.011474414	0.0558985965	-0.0539331873	-0.0243156625	-0.0091007313	0.0041436293	-0.0107762316	0.012928102	-0.0164110175	-0.0560859394	0.0678143036	0.001481785	0.0921067006	-0.028000431	-0.0604744979	0.0576821481	-0.0210849041	-0.0517005741	0.0237946924	-0.0214880732	0.0347544989	0.0294228394	-0.070284102	0.0126976055	0.0511434007	-0.0897925	0.084212153	-0.0371510932	-0.0282096273	0.0796750203	-0.0918945739	0.0	0.0745125265858064	6.131573285020342e-05	0.0055521166182005	3.759619094957515e-09	0.069667016598288	0.0036060191236941	1.3003373920448257e-05	0.0048534932017061	-0.1707926617146427	0.0105457961578068	0.0291701332955723	0.000111213816602	-0.0002342840916473	-0.0001275000947932	5.488903559900046e-08	1.6256274172274982e-08	0.0037766757647454	3.586096412200139e-06	1.286008747759471e-11	1.4263279832015252e-05	-0.0014390669953287	7.382133526000374e-07	2.0709138170443727e-06	5.449589539569872e-13	0.0	0.0	0.0	0.0	0.0	0.0	0.0	0.0	0.0	0.0	0.0
6216.371692485697	1.426193435069763	38643277.01913749	2.0340277142360903	15458.35119268361	19.45981465915065	378.6843865684946	238960621.5963428	6245.428260763338	9.234076342536357	39005374.16034137	85.26816589978958	7361.502326611257	9312.675654884844	1.183014	22.901678	0.0199241413951098	0.0124761077639513	-0.0135047742	-0.0757144323	0.0516579697	-0.0906332635	0.0894783458	0.0380098565	-0.0791065237	0.0848252653	-0.0027140561	0.0541126805	0.0214486918	-0.0462854652	0.0802439147	-0.0507068822	0.0281732371	0.0727376603	-0.0460144553	-0.0312589845	-0.0958533879	-0.0166574268	-0.0446169325	0.0630890254	0.0896754686	-0.1395907278	0.1069525197	0.031595254	-0.0474581379	0.0960896159	0.0723296314	0.0403270489	-0.0201416716	0.0085280261	0.0362566806	0.0678847927	0.0647181673	-0.0556302544	-0.006167055	-0.0344462036	0.0117640113	-0.0621007716	-0.0669965528	0.0232641601	-0.0132675694	-0.0668001726	-0.0606014959	-0.07126707	-0.0528101963	-0.1230677819	0.0811074396	-0.0035247283	-0.0216122273	-0.0597056617	0.01421481	0.0276785328	0.0274930601	-0.0212080693	-0.0034979219	0.0046967698	0.0830282696	-0.029716317	-0.0196159412	0.0633372343	0.0681490158	-0.0476950433	0.0046960277	-0.0086670674	0.0908799724	-0.0074303765	-0.0735724155	-0.0318358364	0.0817049906	-0.0763160629	-0.1366762683	0.0006825683	0.0353059671	0.0723879106	0.0803161175	-0.104978601	-0.0130731072	-0.162708185	0.1188739989	-0.1042080523	0.0651025783	-0.038724593	-0.0784159105	-0.0801909958	0.0451703981	-0.1081473243	-0.0318719036	0.0060058007	-0.043246498	-0.0295703181	-0.0042804908	-0.0549213986	0.071874645	0.002406559	0.0589879539	0.00941766	-0.061932057	-0.0219138706	0.0255678372	0.0279566989	-0.0378140841	0.0475875544	-0.0971702855	0.0412045886	-0.0931502527	-0.0787419537	-0.022376537	-0.1003769294	0.0592462547	-0.08083389	-0.0390545067	-0.0198533822	-0.0030628516	-0.0757193223	-0.0529721641	-0.015419793	-0.0377601424	-0.0709304307	-0.1589914621	0.0818482512	0.0062865552	-0.041302116	-0.0391934267	0.0966032368	0.0785458333	-0.1150976647	-0.0082162273	0.0808106918	-0.0094274691	0.0796418681	0.0114496149	-0.067203772	-0.0084651351	0.0794711739	0.0465752765	-0.0030488025	-0.0656135511	0.0060522773	-0.0629078862	-0.0881070964	0.0006668466	-0.1552590187	0.0910129082	-0.0583111609	0.0469400753	-0.0458879318	0.0438265852	0.0462012446	-0.0673123141	-0.0601081668	0.0394092581	-0.0024537497	0.0211135738	0.0563040503	-0.0421858406	0.0721149186	-0.0015849368	-0.0159815723	0.0441341878	-0.0335179299	-0.0138604802	0.0303434583	-0.0360043275	-0.0577810833	-0.0515881832	-0.0381703177	0.0870719164	0.0112492059	-0.0711146114	0.015216262	0.047906183	-0.0882846163	0.0867489121	-0.0440281638	-0.019595462	0.0739159167	-0.0931439394	0.0	0.0743225841939221	-0.0001899423918843	0.0055238465212626	3.607811223472948e-08	0.0712828909520197	0.0016158743537317	2.611049927047839e-06	0.0050812505424775	-0.1792971626206565	-0.0085045009060138	0.0321474725238181	7.232653566038985e-05	-0.0001088293015468	0.0001254547901005	1.1843816875164329e-08	1.573890435916051e-08	0.0037105884970831	-6.608726766230014e-05	4.367526947068502e-09	1.3768466994685416e-05	-0.0014398014124355	-7.344171067999016e-07	2.0730281072512603e-06	5.393684867603382e-13	0.0	0.0	0.0	0.0	0.0	0.0	0.0	0.0	0.0	0.0	0.0
6222.881196221741	6.50950373604428	38724250.38229013	42.37363888957445	15467.954331281317	9.603138597705764	92.22027092674624	239257611.1946045	6248.021873650754	2.593612887416384	39037777.33361828	6.726827809772353	7360.673287425672	9355.0249951063	1.158414	22.425453	0.0333622099091196	0.0244686944633934	0.0350681269	0.0501147178	0.1580466516	-0.0693882751	0.0346717676	0.0155414182	0.0356882842	0.1149315091	0.0267682076	0.0471286468	0.0384715159	0.063622194	0.04239339	0.0439425139	0.0090679695	-0.0339147552	-0.0228785483	-0.1017829686	0.0092053684	-0.0351525041	-0.0392090713	-0.0224186393	0.0439938165	0.0527824189	0.0730916692	-0.0090087022	0.1073253974	-0.1623515081	0.0518011851	-0.0521778384	-0.0466157052	0.0149779559	0.0483384906	-0.049057636	0.0265104162	0.1245601735	0.0260982063	0.0898881915	0.0769214764	-0.013543446	0.1222300331	-0.0490879037	-0.0338717396	0.0146077632	0.0452684578	0.0262098521	0.0595969656	0.0291623084	0.018095283	0.0127708769	-0.0172817117	-0.0002578306	0.1365805862	-0.0562963927	0.0775673212	0.0128753137	0.0280493808	-0.0080461437	0.0004977526	0.055962194	-0.0161632876	-0.0095094243	0.0574177818	-0.0022146392	0.0047217297	-0.0932171491	0.1317608877	0.0335239316	-0.0393914843	-0.0041245333	-0.0815898316	-0.1131747497	-0.1138359593	-0.0319665931	0.1024788235	0.0158725033	0.1077158014	-0.0136718379	-0.0390291156	0.0548935243	-0.0096382001	-0.1118136355	-0.0900742467	0.0341117127	0.0825116152	-0.0281398218	-0.064977859	-0.1159073522	-0.0505166874	-0.0808887321	0.0088849943	-0.0345048302	0.0467734018	0.0517143457	0.0177340892	0.0319448442	0.0661701293	0.0937948621	0.0559152424	-0.0511840832	0.0303124671	-0.0251813146	-0.0161449288	0.0327915928	-0.0525853732	-0.015580314	0.1278035333	-0.0206378118	0.06084043	0.072840961	-0.0946008858	0.0443932666	0.0375370007	0.0368579503	0.0152632629	0.0888170471	0.0296525357	0.0527356276	0.0213831681	0.0144165807	0.1288745261	-0.0067326162	-0.0465719202	0.0298523265	0.0229764271	-0.0625488883	0.0930580769	-0.0863239473	0.0481880916	0.0373237415	0.124565189	0.0175829043	0.0353334823	-0.0455883889	-0.0031400223	-0.0163715891	0.0074421452	0.0106897535	-0.0039643231	0.0122243848	-0.0148554207	-0.0152530942	0.0879803626	-0.1174327762	-0.0708057195	0.0320750886	0.0484664345	0.0537383043	-0.0034304103	0.1268069493	-0.0652506424	-0.0850873102	0.0371997704	-7.4822e-06	-0.0366684242	-0.0121113996	0.0385361858	-0.0113878866	0.0594847322	-0.0401532683	0.0409685885	-0.0636201921	-0.1037089947	0.1187881264	-0.0774550791	-0.0069367028	-0.0242307512	0.0014482955	0.1141517831	-0.086810985	-0.0719318531	0.0177235635	0.0445885354	-0.0865132565	0.0888812078	-0.0506096822	-0.0108022918	0.0672750948	-0.0929874623	0.0	0.0744785113623578	0.0001559271684356	0.0055470486547528	2.431328185637394e-08	0.0594168704397048	-0.0118660205123149	0.0001408024427986	0.0035303644928486	-0.1814882639916106	-0.0021911013709541	0.0329379899666885	4.800925217796944e-06	-0.0004898341208839	-0.000381004819337	2.399374659821032e-07	1.4516467235809617e-07	0.0037108632093076	2.747122245000573e-07	7.546680628976989e-14	1.37705057581927e-05	-0.0014380977268488	1.7036855866998588e-06	2.0681250719676857e-06	2.902544578328842e-12	0.0	0.0	0.0	0.0	0.0	0.0	0.0	0.0	0.0	0.0	0.0
6214.863594592177	-8.017601629564524	38624529.4993872	64.28193589039572	15435.793596098694	-32.160735182622375	1034.3128874867646	238263723.94136143	6240.213137500584	-7.808736150170262	38940260.00143488	60.97636026297588	7361.825894935805	9416.317760486432	1.248372	24.166912	0.025404154970312	0.0242090687577514	-0.0160533171	-0.0943571916	0.0478820534	-0.0909719195	-0.0666862231	0.0321455488	-0.0445129739	0.0139339798	0.064448092	0.0281703634	0.0950761781	-0.0622594315	0.0649179567	-0.0041104642	-0.0839006026	0.1034538204	-0.0851697998	-0.045625746	0.0376432172	-0.0460960338	-0.011655012	-0.0373357318	0.0031337047	-0.0348267661	-0.0234918872	-0.0315047122	-0.1626003133	-0.0926297428	-0.0344098811	-0.0408523994	0.0349025586	-0.2012117158	-0.0499343705	0.0854206477	0.1044894399	0.069510834	-0.1235109412	-0.099980144	0.0246119747	-0.0374525726	0.0783606541	0.0833889183	-0.0433184108	-0.0388477359	0.0016725428	-0.0277629312	-0.021132002	0.0396019377	0.170605955	-0.011331001	-0.1354486186	0.01014104	-0.0186635224	-0.1030435684	0.0739039427	0.0519055043	0.0222932721	0.0370392627	0.0408953176	-0.0003240459	0.0069784134	0.0298354474	-0.0621012466	-0.0152516351	0.0269746662	-0.1020899336	0.0311481	0.0685688173	0.1310039766	0.0401969653	0.0432362152	0.0129225067	-0.046004338	0.029315042	-0.0197349878	-0.1327698042	0.0759047648	-0.0037345229	-0.0806563311	0.0510626348	0.0750787661	0.0870546001	-0.0327409319	0.0846289588	0.0875821194	-0.086936282	0.0590007468	-0.0057237468	-0.076606052	-0.0364431937	-0.0123676306	0.0174617096	-0.0494460016	0.0104863398	0.0242648514	0.0358804505	0.0507664038	0.03620928	-0.0254241359	0.0079433314	-0.160833266	-0.0442974327	0.0849041535	0.0591244732	0.070010183	0.0313519744	0.0227804128	0.0844083584	-0.0953069855	-0.0133884145	-0.1781363458	-0.1157831672	0.0605750813	-0.0611702372	-0.0945884474	0.0686952394	0.0408859848	0.011679134	-0.1366965358	-0.0401279319	-0.1166677497	0.1206458737	-0.1008300825	-0.0368256085	-0.0344988762	-0.0251910963	0.0433373577	-0.0843495109	-0.1065932643	0.1121473648	0.0185626711	0.1267584551	0.0368290925	0.040606592	-0.0610608718	-0.1285693421	0.0892761954	-0.0226812275	0.0454306127	-0.0592344113	-0.087887782	-0.0165858933	0.0230207361	-0.0774184039	-0.0351033606	0.0721775348	0.0542719231	-0.0744070925	0.0536745504	0.0276137308	-0.0640932254	-0.0530917645	0.0119771448	0.0662762507	0.0258360886	0.0087542794	-0.048978739	0.0224373551	-0.0033555193	0.088293632	0.0534012945	-0.0026253486	-0.1432938701	-0.0123637096	-0.0622384939	0.0417862706	-0.0153557038	0.0290447142	-0.0049818967	0.0021064796	-0.0727356746	0.020217639	0.0411960279	-0.0844837072	0.0905990982	-0.0568514682	-0.0019104426	0.0598317709	-0.0914275044	0.0	0.0743234353542021	-0.0001550760081556	0.0055239730428502	2.4048568305503152e-08	0.0574985761582667	-0.001918294281438	3.679852950198101e-06	0.0033060862602279	-0.1814675529940217	2.0710997588907487e-05	0.032930472789638	4.2894542112773175e-10	-2.58287971862134e-05	0.0004640053236976	6.671267640865453e-10	2.153009404197949e-07	0.0037105281800264	-3.350292812000395e-07	1.1224461926141517e-13	1.3768019374770029e-05	-0.0014399588475325	-1.8611206836999328e-06	2.0734814825871256e-06	3.463770199295705e-12	0.0	0.0	0.0	0.0	0.0	0.0	0.0	0.0	0.0	0.0	0.0
6191.991800945339	-22.87179364683834	38340762.462974295	523.1189446235547	15424.97539484853	-10.818201250163838	117.03347828904644	237929865.9316826	6242.740857398537	2.5277198979529203	38971813.41263302	6.389367882507122	7361.395845906119	9326.52683574877	1.340938	25.958874	0.0371870319298057	0.0182772007091119	-0.0181221659	0.1013952356	-0.0305588955	-0.0394882359	0.0240740493	-0.0666452746	0.0310671639	-0.0446683395	-0.0762673048	0.0762947435	0.0428033828	-0.0376600511	0.0605618998	0.0974683091	-0.058376895	-0.0265234703	0.082023842	-0.0446830502	0.0235218633	-0.0040714966	0.082263051	-0.0607943893	0.0849008433	0.0158106608	-0.0503330743	-0.0847164402	-0.0737651267	0.0328620769	0.005627999	-0.078862964	0.1315185748	0.0704790697	0.0562590195	-0.0153060717	0.0330161329	-0.0985447322	0.0156242531	-0.0129049005	-0.0354167125	-0.0134403624	-0.0420987219	-0.0814380513	-0.0721372493	0.0575858104	-0.044015583	-0.0715332619	0.1184593935	0.062148597	0.0251588806	0.0038049641	0.0237224762	-0.0235386461	-0.005154558	-0.1345721994	-0.1213572284	-0.0268215152	-0.1160428212	-0.0355452771	-0.0751945759	-0.0667951232	0.0588816812	0.0300875476	0.1939486476	-0.0089471156	0.0463920762	-0.004731413	0.0075483919	-0.0843274776	0.0223181327	0.0180972326	-0.0381735864	-0.0857794176	-0.1168154913	0.159715223	0.0814527679	-0.0007021901	-0.0333977744	-0.0652225453	-0.0169515436	0.0025170706	-0.0501942989	0.0309118366	0.0496371603	-0.0728347021	-0.0396949487	0.0768211977	-0.0237325342	0.0119504448	-0.0803414691	0.0432160753	-0.0530508821	0.0996952178	0.0145511039	-0.0268679938	-0.056920466	-0.0494858187	0.0666891066	0.0085390823	0.0442743635	0.0748443072	-0.0432868245	0.0393991419	0.0876142618	-0.0079655579	0.0345419276	0.0140916005	-0.0530697221	0.1118951898	0.0576480868	0.0530287014	0.0278524338	0.0246533056	0.0249489709	-0.0393013211	0.1134669348	-0.0174444291	-0.0078123758	0.0821692914	-0.0331092055	0.1021653588	-0.0541594916	-0.0027342397	0.0480635616	0.03729912	0.0756398468	0.0486475221	0.042753495	-0.1500713943	0.0446975735	0.0220764296	0.0615558691	-0.1223491809	-0.1440924239	-0.150866523	0.0748077862	0.018004402	-0.0737529021	-0.0114607158	0.0605100592	-0.0273147143	0.0415866062	0.0111792096	0.0315667399	-0.041378782	-0.1066070055	-0.004208647	0.0677783983	0.0280498297	-0.0603830848	0.0454981329	0.0478591728	0.0081734183	0.0396851078	0.0267755228	-0.0378775155	0.0249672221	0.0214814646	0.0741440884	-0.0301900328	0.0654160726	0.0761085631	-0.0332400143	-0.0332236287	-0.0108022523	0.0310576627	0.1046192892	-0.0185045996	-0.0930630433	0.0367371099	-0.024019842	-0.073525926	0.0226966273	0.0377343563	-0.0822020253	0.0918945739	-0.0627116218	0.0069988586	0.0516747337	-0.0884876105	0.0	0.0777438728063231	0.0034204374521209	0.0060441097589257	1.1699392363871942e-05	0.0615573416521897	0.0040587654939229	1.647357733466e-05	0.0037893063112844	-0.1760144302518043	0.0054531227422174	0.0309810796568672	2.973654764168865e-05	-0.0002556534329024	-0.0002298246357161	6.535867775478194e-08	5.281936318207788e-08	0.0035861726873367	-0.0001243554926896	1.546428856209799e-08	1.2860634543399728e-05	-0.0013090448511075	0.0001309139964249	1.713598422211057e-06	1.713847445996488e-08	0.0	0.0	0.0	0.0	0.0	0.0	0.0	0.0	0.0	0.0	0.0
6196.125088508331	4.1332875629923365	38391966.11244237	17.084066078387128	15404.943072999076	-20.03232184945409	401.29391868011584	237312271.08234224	6238.310928857532	-4.429928541004301	38916523.24510333	19.624266878404494	7355.156166482915	9336.155165884966	1.261345	24.41806	0.0332110730488928	0.0142961876200925	0.0796555143	-0.0612659598	-0.0138851349	0.0575616601	-0.0367584015	0.1003464362	-0.0051272719	-0.0636468036	0.0054600407	0.0046895799	-0.0121746631	-0.0035009217	0.0094089262	0.0351342335	0.0250826913	-0.0062553576	-0.1079476795	0.0318385535	0.0493769902	0.0073635367	-0.0281343946	-0.0541503975	0.018064812	0.0855822354	-0.0459398305	-0.0210394957	-0.0009809541	0.0588762588	0.0009168216	-0.0374426773	-0.0355489484	0.0067936622	0.0083830631	-0.0015832628	0.102468923	-0.0320206904	-0.0081670761	-0.1292185201	-0.0481754943	-0.0683179319	-0.1029649095	0.0405530182	-0.0660631383	-0.0154983535	-0.0115242938	-0.0413504254	0.0452119435	-0.0589326301	-0.1642724464	-0.0239330931	0.0888229548	-0.0258591798	-0.1278504276	-0.0517403578	0.0104335629	0.1234412522	0.0227910885	-0.1355420575	-0.0964027971	-0.0072014238	0.0940875572	-0.024590039	-0.0892261747	0.0196301318	-0.1155448653	-0.0143893644	-0.0056637064	-0.1326808052	0.1039745874	0.0183391042	-0.0702869005	0.0092387204	0.0224272831	-0.0119430738	-0.1047075807	0.154313866	-0.0027818244	-0.0093896757	-0.0338476425	-0.020619397	0.1189134308	0.0311354118	0.0837083464	0.0606153824	0.0370598749	-0.0772733918	-0.0244812254	0.0580062358	0.0574341272	0.0014757986	0.0009540715	0.0198375724	0.0194099455	0.0150094066	-0.0575808124	-0.0236108858	0.0750916487	0.0121667963	0.0644111077	0.0335707481	0.0677841824	0.0661986836	-0.038882774	-0.0860019552	0.0369471013	0.0908156098	-0.0073717858	0.0423184935	-0.0365387092	-0.091304211	0.083418167	0.009910431	0.0016057758	0.030862298	-0.0312427681	0.0073073567	0.1159650309	-0.0364986011	-0.138114096	0.0519452451	-0.0265955117	-0.147149493	0.0121805332	-0.0084085941	-0.121510568	0.0945746754	-0.1409869385	0.0405023015	0.0114158856	0.0141017072	-0.0001782432	-0.0619296543	0.0136829255	0.0497214226	0.0359919888	-0.0747693794	-0.060955312	0.0518901794	0.0912163454	0.0200440157	0.0539575922	0.1039317668	-0.1020849848	-0.0802332284	-0.0934909019	0.1268667103	0.064308473	0.0140196963	0.0713029059	-0.0578686829	-0.0444119445	0.0730541974	0.0309603834	-0.0003218412	-0.0157228476	-0.050958382	0.0320353988	0.0222718731	-0.0476006607	0.029161329	-0.0254578816	-0.0436136875	-0.06989745	-0.0372145496	0.0517085755	0.065661088	0.0982838181	-0.113803476	0.0930945928	-0.0096339644	-0.0743024598	0.0251586786	0.0342093323	-0.0796750203	0.0927615946	-0.0681508051	0.0158442251	0.042901286	-0.084212153	0.0	0.0744160379314706	-0.0033278348748524	0.005537746701418	1.107448495428454e-05	0.0563963353184249	-0.0051610063337647	2.6635986377160345e-05	0.0031805466373482	-0.1814101921473749	-0.0053957618955705	0.0329096578149474	2.9114246433691517e-05	-0.0001413465977102	0.0001143068351922	1.997886068424912e-08	1.3066052571656777e-08	0.0037105958970446	0.0001244232097079	1.54811351140161e-08	1.3768521911164222e-05	-0.0011612454971135	0.000147799353994	1.34849110456638e-06	2.1844649041043728e-08	0.0	0.0	0.0	0.0	0.0	0.0	0.0	0.0	0.0	0.0	0.0
6193.610712251656	-2.51437625667495	38360813.65491846	6.322087960130735	15417.420924705795	12.477851706718866	155.6967832148669	237696867.9695561	6243.02712385934	4.716195001807137	38975387.66924342	22.24249529507062	7354.319050187417	9281.176798401786	1.300486	25.175774	0.0433874589317767	0.0227761079246407	-0.0939060466	0.0241679082	-0.063531553	0.1037366787	-0.0455134138	-0.0711039347	-0.055124392	-0.0818329249	-0.0457293336	-0.0583042265	-0.1116832937	0.0690176514	-0.1261234791	0.070623857	-0.0719743287	0.0407711639	0.0814249561	0.0052565943	0.006614506	0.02088561	0.0630236484	-0.0236104872	0.0002235326	-0.0113974304	0.0598048795	-0.1129453657	-0.0356324787	0.1148965787	0.1371241553	-0.0064954876	0.0260966895	0.108932657	-0.0153139246	-0.0055209101	0.0286972522	0.0381769137	0.0155339974	0.0001325118	0.0583927441	0.0643449506	0.0631417016	0.0236001594	-0.0458304385	-0.0048174863	0.0975930048	-0.0191366774	-0.0648764722	-0.0081799415	0.0429700398	0.0337965414	0.10823387	0.0627286312	0.009799344	-0.0259618353	0.1492394514	0.0335753201	-0.0113205406	-0.0090622394	0.0423756562	0.0340209051	-0.0004498531	0.0127948097	0.0582363939	-0.0505872928	-0.0506893126	0.0364204441	-0.0630280763	-0.0730755971	-0.1182363431	-0.092004488	-0.0123436085	0.0760270776	0.1740539535	-0.1324082112	-0.0144800936	0.0936215105	-0.1719675535	-0.0093800924	-0.0420484524	-0.0438495674	0.0015416851	-0.1401300403	-0.0327229086	-0.0128726833	0.0230993479	0.1001380666	0.0594230247	0.0346553026	0.0488796075	0.020676407	0.0097525745	0.0397032034	-0.0311756547	0.030845088	-0.0794833262	-0.0905055422	-0.0358962817	-0.0155986728	0.0285657447	0.0420922241	0.0470982391	-0.1506875837	-0.0463598102	-0.0580355825	-0.0727512671	0.063987837	-0.1493263367	0.0161331311	0.0557633828	-0.0228687289	0.0736570408	0.0527744977	0.0082680415	0.0329966323	0.1745150374	0.0958424245	0.0003098106	0.0387567266	-0.0018324448	-0.0442824899	0.0483686533	0.0735156791	0.064066388	0.0361692682	-0.1300518781	0.0193581866	-0.0866639947	0.0921415185	0.0191974443	0.07333916	0.0308471646	-0.073993551	0.0141456238	-0.0137350998	-0.0203794603	0.0937458758	-0.0238957929	0.0201414395	-0.0481702869	0.1486754466	0.1177149976	-0.0714539945	0.137559711	0.0327544092	0.0872068911	-0.0502123992	0.0613496755	-0.0537407551	-0.0642367469	-0.0012438955	0.0574850117	0.1081683769	0.0501093809	-0.0826774432	0.0332706586	-0.0653125261	0.0324971257	-0.0510744798	-0.114769621	-0.0111262971	-0.0368307274	0.0254865925	-0.0774103316	-0.0469398266	0.0815912784	0.0525987617	0.0979495872	-0.0386788128	0.0323070833	0.0920600019	-0.0750651311	0.0276019556	0.0306268741	-0.0769102337	0.0931961179	-0.0731325059	0.0245448544	0.0336160831	-0.0786656624	0.0	0.089480703225675	0.0150646652942044	0.0080067962497613	0.0002269441404264	0.0643979644538461	0.0080016291354211	6.40260688208214e-05	0.0041470978257988	-0.181471413753421	-6.122160604610238e-05	0.0329318740096653	3.7480850468641605e-09	-0.0004427778593654	-0.0003014312616552	1.9605223274420601e-07	9.086080550304567e-08	0.0036602779449395	-5.03179521051003e-05	2.5318963040511675e-09	1.3397634634210529e-05	-0.0012146951412753	-5.344964416179997e-05	1.475484286237821e-06	2.856864461023038e-09	0.0	0.0	0.0	0.0	0.0	0.0	0.0	0.0	0.0	0.0	0.0
6205.872509909505	12.261797657849456	38512853.6092505	150.3516818020424	15480.41158091871	62.99065621291447	3967.822770133581	239643142.7146421	6247.8112714566605	4.784147597320953	39035145.68374089	22.888068232951845	7371.554311866928	9349.737956323992	1.323991	25.630816	0.042652266789842	0.0230611831767646	0.0900959249	0.0204046356	-0.0640074291	0.0459165734	-0.0076574657	0.0563577414	0.082798268	0.0196366698	-0.000382552	0.0253006067	-0.0705044342	0.0483967658	-0.0096758709	-0.0237671805	-0.0214612264	-0.0897423948	-0.0395894549	-0.0643063728	0.038659149	0.0251573846	0.0366354709	0.0726415674	-0.1349350082	0.1496690162	0.0316833236	-0.1204905294	-0.0458000808	0.0879430648	0.0366732403	-0.0118780082	0.0255211698	0.034002416	0.071755191	-0.0456151239	-0.0997252182	0.0290131729	-0.0881261642	-0.0219330923	-0.0222518687	0.0264355078	-0.0324479933	0.0570127428	0.0340512558	-0.0100433279	-0.0195365579	-0.0132082601	-0.0304248426	0.0400820393	0.0095066282	-0.1709589338	-0.0117704923	0.1256783762	0.1069248184	-0.0053863336	-0.108921175	-0.0002697349	-0.0753061957	-0.0105313185	0.0240113721	0.0359028222	0.008035812	-0.0321805851	-0.0996998239	-0.0337343893	-0.08249428	0.1127678494	0.0277587147	-0.1225000225	0.0280012664	-0.0368576017	0.0232742098	0.0087682687	0.0619898837	-0.0045037534	0.0511692885	0.06083558	-0.0185761886	0.0399465049	-0.0099074684	0.0584336478	-0.1566165096	-0.0721739124	0.0189440049	-0.0226777874	-0.042418461	-0.0173117541	-0.0900480125	0.0437996546	0.0379071032	-0.0250411816	-0.0487856982	-0.0053185987	-0.0449116691	0.1247025853	0.0213507481	-0.0496149774	-0.0306794951	-0.1033503236	0.1452606895	-0.0046585047	-0.0041870398	-0.048854618	-0.0251846454	0.032246561	0.0205728894	0.0527968432	0.0456811513	0.0128407211	-0.0913069934	0.0370759578	0.0417610336	0.0539627286	-0.0140352532	0.0908900317	0.0500536336	-0.0114968857	-0.0734335051	0.0060185215	-0.1067223613	-0.0809439634	0.1119784618	-0.0610211568	0.0315206254	-0.0722938104	-0.0713510702	-0.0519141756	-0.0014418417	0.1301847471	-0.0097959788	0.1483163925	-0.0413396888	-0.0562116467	-0.1174652008	-0.0191599029	0.0332518121	0.0392617721	-0.1159425934	0.0036729417	-0.06767961	-0.0243917919	-0.0898612447	0.0965487255	-0.0008858443	0.1035578589	0.0217543648	-0.0268210042	0.0630453542	0.0836753068	0.0318065261	-0.0245088712	0.0185756943	0.0919689581	0.0063743585	-0.0649279037	0.0396737082	-0.0445412769	-0.0639164553	-0.0214811265	-0.0732388434	-0.1516920612	-0.0162358442	-0.0530315103	-0.0035717893	-0.0341479277	0.0131277672	0.0520200813	0.0626113598	-0.0588559543	0.0603627289	0.0605178917	-0.0758137976	0.0300246349	0.0269929964	-0.0739159167	0.0931961179	-0.077623283	0.033021266	0.0239298853	-0.0719318531	0.0	0.0741955597567738	-0.0152851434689011	0.0055049810876209	0.0002336356108648	0.0647404121534407	0.0003424476995946	1.1727042695763353e-07	0.0041913209657973	-0.1815691768448672	-9.776309144621242e-05	0.0329673659801226	9.557622049120492e-09	-0.0001918684657328	0.0002509093936326	3.6813508142658655e-08	6.295552381307905e-08	0.0034091290669584	-0.000251148877981	6.307575891116537e-08	1.1622160995180652e-05	-0.0012511751202596	-3.6479978984299945e-05	1.5654391815566243e-06	1.3307888666949656e-09	0.0	0.0	0.0	0.0	0.0	0.0	0.0	0.0	0.0	0.0	0.0
6187.849640627163	-18.02286928234207	38289483.17500971	324.82381716838944	15420.538820419632	-59.87276049907814	3584.747449779972	237793017.51206887	6242.112124362572	-5.699147094088403	38963963.77311422	32.48027760005628	7356.541728665902	9309.79718900743	1.349299	26.120735	0.0655009055135229	0.0370520312881822	-0.0318547063	-0.1241242954	-0.0341016654	0.0092425769	-0.0117549941	0.0538385869	-0.0978682319	-0.1014425971	0.0586974877	0.0420916082	-0.0270332574	0.0888203383	0.0834168012	0.0232758082	-0.0216030268	0.1704533181	-0.0574516991	-0.0316496037	0.1166496952	0.0097815239	0.1041530847	-0.0173176489	0.0613994567	-0.0148881707	-0.0136832381	-0.0920522303	0.0307961108	-0.0525684847	-0.0669558155	-0.0051491856	-0.0299132169	-0.0182091822	-0.0161997544	0.0828191815	-0.0166396586	-0.0253425886	0.0486186154	0.1039061047	-0.0044083737	-0.1135223976	-0.0228105215	0.0765193692	-0.0389316772	0.1762180618	-0.1204643761	0.0617689125	0.0176181894	0.0407972782	-0.0301230068	-0.0113565136	-0.0468579572	0.0107431615	-0.0191840716	0.0208478096	0.0358981637	0.0866923844	-0.1050017139	0.0778099516	0.086568781	0.0728390602	-0.0769038412	-0.0075615852	0.0489492681	0.0341071698	0.0168913825	0.0219121479	-0.2123700986	0.0146011478	0.0301899071	-0.0289621018	0.0252181708	0.0145050343	-0.0265427387	0.0225825717	0.0178696044	-0.0405407515	-0.0060434791	-0.066068345	-0.0563077955	-0.0633796228	0.0750220302	-0.0501891498	-0.0405072265	0.016924579	0.0398052893	-0.0732485657	0.1444471118	0.1036113192	-0.0156261476	-0.0473131613	-0.0522592593	0.1224785902	0.0201632328	0.0177757622	-0.0060427516	-0.0590487816	0.0023641373	-0.0410609742	0.0811113816	-0.0153427995	-0.0344320554	0.0542079626	0.0544287308	0.0360930048	0.1115910012	0.0008455733	-0.1096863362	-0.0507984313	-0.03817048	-0.0347146377	-0.0711298869	0.0529134397	-0.025612647	-0.1054157579	-0.0655989919	0.0322363671	0.2045481983	0.0656947415	0.0662553104	-0.0307679777	0.0501028689	0.0220722315	-0.0827573326	-0.0273047452	0.0282614635	0.0183103515	-0.0183702136	-0.0165344149	0.0537351252	-0.0130975878	-0.1148089314	-0.0622843768	0.0784266377	-0.0827178832	0.011935167	0.0524269149	0.0656041696	0.0628944847	0.016028608	-0.0285054876	-0.0935629136	-2.34915e-05	0.0721462443	0.0280174554	0.0994674087	-0.0895420321	0.031397856	-0.1259303907	0.0814983618	-0.0523412817	0.0102758232	0.0896779889	0.0084547507	-0.0184846621	0.0784616963	-0.0253842013	0.0606495136	0.0154091259	-0.0379504345	0.0089036258	0.0554114987	-0.0305151773	-0.1031477317	-0.0732108975	-0.0365886816	0.106085946	0.0474423227	-0.0763240219	-0.0047825667	0.0127650801	-0.0765483197	0.0324249087	0.0233138	-0.0707010056	0.0927615946	-0.0815929909	0.0411960279	0.0139582358	-0.0641123601	0.0	0.0739567983107889	-0.0002387614459849	0.0054696080163827	5.700702808880309e-08	0.0389811466556722	-0.0257592654977685	0.0006635397589845	0.001519529794591	-0.2005092749780317	-0.0189400981331644	0.0402039693522159	0.0003587273172939	0.0001490913893702	0.0003409598551029	2.2228242384336584e-08	1.1625362279185873e-07	0.0033399134659184	-6.921560103999996e-05	4.790799427328444e-09	1.115502195982306e-05	-0.0012522552728487	-1.0801525891000838e-06	1.5681432683773723e-06	1.1667296157396145e-12	0.0	0.0	0.0	0.0	0.0	0.0	0.0	0.0	0.0	0.0	0.0
6189.200904167725	1.3512635405613764	38306207.83215058	1.825913156050467	15387.241771327796	-33.297049091836016	1108.6934782241376	236767209.32929492	6239.840876105653	-2.2712482569195345	38935614.15911896	5.158568644560024	7356.983853040582	9238.52256728022	1.288244	24.938799	0.0096886501116424	0.0067427789127934	-0.08706907	0.0617427345	-0.096270321	0.0543757612	0.0144616839	-0.0896268922	-0.0126643291	-0.0504574462	-0.1239026298	0.0041531274	-0.0033570186	0.0362125142	-0.0333285226	0.0756948549	0.065932671	0.0085187867	0.0796011464	0.0361483872	-0.0087474145	0.0203590981	0.0073429214	0.0212495537	-0.1157427213	-0.0516979535	0.0553289193	0.0513995905	-0.1300254649	-0.0293075775	0.1225169303	0.0507289525	-0.0246623179	0.0195341964	0.049432182	0.0057427295	-0.022062027	-0.0207099961	0.0384728843	-0.0420850771	-0.0321657263	-0.0723381997	0.0130630044	-0.0417238776	0.078075852	0.0235615168	-0.01567451	0.0245050162	-0.1037793009	0.2286664293	0.1069335468	-0.0328053605	-0.0494193151	-0.049392004	-0.0449089546	-0.0431738737	-0.1238050703	-0.1505317703	0.0296841433	-0.1152417932	-0.0311054101	0.0240026631	0.0176587378	0.0499729053	0.0010089124	0.0799009355	-0.0238220884	0.0208975148	0.0329466633	-0.0543221015	-0.0111194989	0.0783059243	0.0109229965	0.0493267226	0.0296494296	-0.0259954815	-0.004108219	-0.0795566792	-0.0441867809	0.0536900959	0.0210055078	0.0420626142	-0.0501450151	-0.0012801766	0.1442994732	-0.0131923875	0.1226419961	0.0843897769	0.0128547761	0.001325349	-0.0161648686	0.0924479695	0.0304966544	0.0145003042	-0.0528524716	0.0040095516	-0.0570772525	-0.1337397395	-0.1027416196	0.0181452209	0.0667504916	0.0632034997	-0.0832931415	0.0045764704	0.0579380517	-0.0744449254	-0.1141867785	-0.0695440609	-0.0260431816	-0.0032504244	-0.0128784152	-0.070407343	-0.0369906669	0.0459302945	-0.0285576601	0.0312713494	0.0602771883	-0.0558452626	-0.1657259841	0.0145469088	-0.1369368349	-0.0368244123	0.0757596459	0.0575630443	-0.0174967309	-0.0087925781	0.1162189442	-0.0046537624	0.0232791175	-0.0823114683	-0.0187583536	-0.0398677933	0.0967407132	0.0521590645	-0.0620834247	0.0198661682	0.1252816687	0.0517766961	0.0387905692	-0.0439568948	-0.0764268239	-0.1238320411	-0.0787161264	0.1062446386	0.0654028059	0.0376461841	0.0312258748	0.0406874864	0.0393709889	-0.0254523348	-0.0556081041	0.0291809694	0.1437917659	0.0704336286	-0.0043854817	-0.0025098215	0.0089197741	-0.0999682106	0.0694244232	0.0427196899	-0.0935869956	-0.0438080095	-0.0394756129	-0.1134021884	-0.0323618405	0.0286535392	-0.0067662683	0.0225646567	0.127913309	-0.0089132776	0.0077778132	0.0490236528	-0.0772685604	0.0348009859	0.019595462	-0.0672750948	0.0918945739	-0.0850149816	0.0489944635	0.0038200832	-0.0553252047	0.0	0.0739900078479678	3.3209537178904847e-05	0.0054745212613423	1.1028733596370634e-09	0.0405603653645272	0.001579218708855	2.493931730397662e-06	0.0016451432385039	-0.2005248159849202	-1.5541006888497577e-05	0.0402102018257861	2.415228951083292e-10	0.0002600622669342	0.0001109708775639	6.763238268295508e-08	1.2314535667324277e-08	0.0032903450624961	-4.9568403422300174e-05	2.4570266178358995e-09	1.0826370630292464e-05	-0.0012529296090368	-6.743361880999152e-07	1.5698326052011085e-06	4.5472929458112423e-13	0.0	0.0	0.0	0.0	0.0	0.0	0.0	0.0	0.0	0.0	0.0
6202.787902652283	13.586998484558537	38474577.76528951	184.60652781939592	15432.384097071135	45.14232574333983	2037.8295735178012	238158478.9195341	6230.6862876840805	-9.154588421572043	38821451.61553443	83.80648916838092	7343.528687268859	9242.224153668014	1.266515	24.518156	0.0420988514561732	0.0284009031512378	0.0787726012	0.0275228377	0.0218591394	0.043109346	0.0748629856	0.0385582389	0.0704385344	0.060928818	-0.0321762304	0.0080118488	-0.0625102354	0.154908792	0.0168499095	-0.0279819244	0.0811628113	-0.0689474478	-0.0164128999	0.0831618461	0.0595542322	-0.0057263123	-0.0119978664	-0.0056068545	0.0527847292	-0.0079806851	0.1185097044	-0.0544451035	0.0509460062	0.0040510832	0.0592288281	0.0585902933	0.0332236321	-0.0895938619	0.0349764484	0.0378487159	-0.0792400759	0.0334617156	0.0560910802	0.0524856932	-0.0676138205	-0.0137564882	-0.100557233	0.128868686	0.0308564283	0.015452452	-0.0214850433	0.0004485673	-0.0835206321	0.0724315084	-0.0236251579	0.0270034292	0.0556155436	0.0229811871	0.0278230947	-0.0308250849	0.0223864223	-0.0717554633	-0.056165746	-0.0227566755	-0.0539624528	0.0759931832	-0.0477129954	-0.0805120267	-0.0684027555	-0.0408787011	0.0157416917	-0.0753622567	-0.1033723854	-0.1002002349	0.0112621714	-0.0427609359	-0.0252869371	0.0046888021	-0.0301120737	0.0946530236	0.0235235509	0.1189908188	0.0635717568	0.0806471749	-0.0264266946	0.1135349302	0.0764878772	-0.0048381801	0.0326393765	-0.1372623664	-0.0202859724	-0.008770837	-0.0666033958	0.0001831273	0.0802570653	0.0176513063	0.033133793	-0.0229504158	0.1234183934	0.0569627764	0.0725193457	-0.0937879751	-0.1099169949	0.1285998245	0.0587686356	-0.0297567846	0.0045244222	0.046851575	0.0004993745	0.0397515223	0.0186565508	0.0446957518	-0.0421702147	-0.0323436923	0.0103018212	-0.0276967893	-0.0195024858	0.0859198895	0.0849470786	0.0344579136	0.0471016303	-0.0545497948	0.0186211457	0.0726131264	-0.0234583313	-0.1210060384	0.0382367863	0.0073175742	0.0373864207	-0.0090584306	0.0037953131	0.0695859071	-0.0612230527	0.0045992791	-0.0329440372	-0.020086238	-0.0611978127	0.1505313955	0.035192145	-0.0679278658	0.0166414469	0.0892458383	0.0667768605	-0.0652696385	-0.0776963591	0.0156720822	-0.0704773758	0.0773956371	-0.088471523	0.0735066145	-0.0349060311	0.0369336557	0.0015367754	0.0784593763	0.0502722022	0.0249892808	0.0414200965	0.0912999204	-0.1119338023	-0.0225169518	0.0311688889	-0.090023283	0.0681531485	0.0054753025	0.038079546	-0.1595263409	0.0077649398	-0.0969792556	-0.0796762062	0.0240705025	-0.0015438193	0.0336771477	0.1292169363	-0.0063080395	-0.0830806495	-0.0514833852	-0.0779743851	0.0371510932	0.0158442251	-0.0636484088	0.0905990982	-0.087866284	0.0563453339	-0.0063636379	-0.0457030134	0.0	0.073834483863294	-0.0001555239846738	0.005451531007359	2.4187709808818078e-08	0.0428992090439379	0.0023388436794107	5.470189756719388e-06	0.0018403421365954	-0.2246281383466239	-0.0241033223617037	0.05045780053707	0.0005809701488722	0.0003006395243378	4.057725740360004e-05	9.038412359405865e-08	1.646513818398014e-09	0.0032998609267778	9.515864281699898e-06	9.055167302773192e-11	1.088908213607484e-05	-0.0009929995021144	0.0002599301069224	9.860480111994464e-07	6.756366048469028e-08	0.0	0.0	0.0	0.0	0.0	0.0	0.0	0.0	0.0	0.0	0.0
6216.383994440904	13.59609178862047	38643429.96634105	184.85371192459297	15406.357147860628	-26.026949210507155	677.402085206319	237355840.56743628	6237.980708697022	7.294421012941711	38912403.3220762	53.208577914045584	7344.9553703080755	9282.582592120138	1.217843	23.575916	0.0502632059691962	0.0278918250262409	-0.0167860013	-0.0583706348	-0.0077325706	-0.1175951444	0.0937881116	0.0083401932	-0.0712238373	0.1368963639	-0.0533626665	-0.0310072786	-0.0676982741	-0.0621773304	0.0058123754	-0.059500557	0.0914880163	0.0505730374	-0.047734708	0.0628703416	-0.0341931686	0.026650871	0.0187251235	0.0728446795	0.1198781339	-0.0217573733	-0.0305084892	-0.0883770541	0.0151929906	0.0332274628	0.0211305311	0.0889144045	-0.0537812598	-0.050158242	0.0432637457	-0.0033366996	0.0248702689	-0.0454914884	0.0301092821	-0.0430766454	-0.0623835832	0.0900239689	-0.0123393026	-0.0322893613	0.0815908206	0.0023546082	-0.0177494621	-0.0808589346	-0.066212574	0.0049193869	-0.1082982457	-0.1538261174	-0.025381455	-0.0567445233	0.0029734651	0.0720024839	-0.0195636834	0.032691245	-0.0453073463	0.0132052856	0.0603166069	0.1112627034	-0.1026512128	-0.0790578948	0.0925320683	0.0898741738	0.0344288781	0.0208061987	0.1819273642	-0.0118504303	-0.1243837331	-0.0642659994	-0.0515793491	-0.1049469235	0.0658966424	0.029732449	-0.0110072224	0.0185546306	-0.0810972098	-0.0377500859	0.0502802998	-0.0085532802	-0.0736843019	0.0650894487	-0.0738027108	0.0464956059	0.0256207105	-0.0490692757	0.0493962908	-0.0848967362	0.0734221128	0.0438246466	-0.0108104497	0.0108657623	0.0229707974	-0.0931138539	0.0841641491	-0.0172269849	-0.0480495555	0.0163082791	0.0721847286	-0.0390843675	-0.0064061794	0.0072550284	0.0387081771	-0.0305161279	0.1499507894	0.065425218	-0.1084390342	-0.1260304769	-0.0353531104	0.0231830874	0.074585585	-0.0291293113	-0.0247974497	-0.0064226923	-0.0953659325	0.0074519627	0.0260847116	-0.1222598364	-0.0141110732	-0.0461728063	-0.0325976011	-0.1227048904	0.0695469392	0.0551399149	0.0533977562	-0.0353696459	0.1732942641	0.0722564402	-0.0298090359	-0.0043836069	0.0740247436	0.0223770023	-0.0477667059	-0.0686559848	-0.0070134898	0.1161440956	0.0382793879	-0.097264253	-0.0820755946	-0.0237290093	0.000807496	-0.0799686063	-0.0738574475	0.0429926365	0.0579146849	0.0895386283	0.0018190191	-0.0620846415	0.0690537687	0.0146320625	0.0188978956	0.0368149214	-0.1422458142	0.0399395045	0.2036212389	-0.028645372	0.0080080337	0.0821444152	-0.0316253061	-0.0961610735	-0.0129727065	-0.0114973247	0.0022378002	-0.0012631854	0.0361710324	0.0623612288	0.1788191124	-0.1158265564	-0.1056780643	-0.017537126	-0.0786656624	0.039473477	0.0120663873	-0.0598317709	0.0888812078	-0.090127758	0.0631814888	-0.0164714492	-0.0353910162	0.0	0.0738632949846191	2.881112132510633e-05	0.0054557863459848	8.300807120099964e-10	0.0419817743741504	-0.0009174346697875	8.416863733281082e-07	0.001762469379602	-0.2411801608604875	-0.0165520225138635	0.0581678699926906	0.0002739694492994	-0.0001666721963657	-0.0004673117207035	2.7779621041366455e-08	2.18380244306866e-07	0.003300075794212	2.1486743420010693e-07	4.6168014279737295e-14	1.0890500247543964e-05	-0.0008052273369677	0.0001877721651467	6.483910642000938e-07	3.525838600387959e-08	0.0	0.0	0.0	0.0	0.0	0.0	0.0	0.0	0.0	0.0	0.0
6206.237677222896	-10.146317218007423	38517386.10618105	102.94775308843394	15464.305232438355	57.94808457772706	3357.980506227409	239144736.3220203	6250.34395038129	12.36324168426745	39066799.49806798	152.84974494360827	7366.785088476228	9325.317792939715	1.32678	25.684799	0.0481710233658206	0.0227907266743196	-0.0415501072	0.0651504435	0.0866961091	-0.0019953088	-0.0136431048	-0.0674807478	-0.0136255384	0.0469370944	0.0585615094	-0.0432266114	-0.040176646	0.0348730495	0.0136743977	0.0731444851	0.0030990119	0.0836373628	0.0733362664	-0.0618331693	0.1127397669	0.1862565576	0.0933760662	0.0797978757	0.0634805513	-0.1426726255	-0.0102566926	0.1705714589	0.0848505386	0.0415436674	0.0749976998	0.0007475321	0.0589306049	0.000659465	0.0228061582	-0.0160410002	-0.0980191312	-0.0562683643	0.0049055159	-0.0503822787	0.0098216827	-0.0004793001	0.0093418633	0.0272886552	-0.0534403054	-0.0078815151	-0.1331685976	0.021061124	-0.098289234	0.1249035774	0.0325597957	-0.0304468759	0.0786903059	0.1565756966	-0.0112619433	0.073071377	0.0035236328	-0.0855794732	0.0303344154	0.06748894	0.0537487453	-0.0713927486	0.0643023953	0.0455720875	-0.0348222448	-0.047661065	-0.0252707574	0.096449867	0.0457929072	-0.0089042125	-0.0179560458	-0.0961911756	-0.0260120879	0.0555796642	-0.1265120738	0.0439144127	0.0309080065	0.0525347651	-0.0926915898	0.1145090901	0.075858556	0.0434719817	-0.0128245536	0.0939540811	-0.0570062947	-0.0676780822	-0.0602171383	0.0690385922	0.0658100576	-0.0181375783	0.0193244952	-0.1315025544	-0.0336019353	0.1446351608	-0.0185538638	-0.0493244288	0.1108519206	-0.1744641782	-0.1518239232	-0.0756102862	-0.0517515919	-0.0782265875	0.0754977297	0.0417473991	0.0974937919	-0.0083009997	-0.1488396552	-0.0294389433	-0.06617373	0.0640124263	0.0557506992	-0.0792162143	0.0502539049	0.0737498188	0.0391713565	-0.0060543615	-0.0088174646	-0.0374031168	0.0239945809	0.0063078836	0.0801802873	0.0275057875	-0.0082398594	0.0059132242	-0.0204231572	-0.0745705756	-0.0712414497	-0.0454772157	0.0794681809	0.0931532952	-0.0291215445	0.0385625745	-0.0187515973	0.0878068029	-0.0324082435	0.1006773815	0.1493284762	-0.0067196454	-0.0170542208	0.153967686	-0.0328384857	0.0571875357	0.1070566249	-0.0427738503	-0.0354173863	0.0710106079	-0.0194004423	-0.0241844239	-0.0289683667	-0.0284977226	0.0089732894	0.0960994039	0.0745341034	0.0942236029	-0.1399599152	-0.056585553	0.1107808645	0.0085155014	0.0651567929	-0.0152401935	-0.0666976484	-0.0194773739	0.0832752429	0.0922843589	0.1028610827	-0.0317472462	0.0359295957	0.01227229	0.0696574485	-0.0108022926	-0.1893563532	-0.0693657414	-0.0793422632	0.0417664042	0.0082682911	-0.0558365714	0.0867489121	-0.0917842227	0.0694404798	-0.0263827782	-0.0245448544	0.0	0.0741318390556813	0.0002685440710621	0.0054955295617774	7.211591810265637e-08	0.0349935906169918	-0.0069881837571585	4.883471222381522e-05	0.0012245513842696	-0.2296182281762426	0.0115619326842448	0.052724530710797	0.000133678287395	0.0001694310733388	0.0003361032697045	2.8706888612737828e-08	1.1296540790605587e-07	0.0035499429125984	0.0002498671183864	6.243357685072327e-08	1.2602094682707611e-05	-0.0008063042059439	-1.076868976200053e-06	6.501264725228232e-07	1.1596467919021504e-12	0.0	0.0	0.0	0.0	0.0	0.0	0.0	0.0	0.0	0.0	0.0
6215.712307989538	9.474630766641894	38635079.49569263	89.76862816419717	15423.95273149064	-40.35250094771436	1628.3243327352884	237898317.8632576	6250.531842938994	0.1878925577038899	39069148.31959433	0.0353036132405095	7367.8622491386495	9387.237226200765	1.29472	25.064165	0.0898785067463921	0.0429300536678021	0.0532721222	0.0359035689	-0.0079396444	-0.1142427361	-0.0966767647	0.0298433005	0.0087881474	0.081093106	-0.1119701783	-0.1621486691	0.0637136633	0.0603938316	0.0542692247	0.0008851936	-0.0916777575	0.0010847535	-0.0355748779	-0.0590542416	0.0764703282	0.2051589699	0.0438183156	-0.0504429898	-0.1183382622	0.024863554	-0.0455037365	0.0689394803	0.0888086836	0.0792641628	0.0155208873	0.0640896102	-0.0775890165	-0.0175648354	-0.0315759397	0.0635888364	-0.1055782182	0.067294683	-0.0659483531	0.1234164967	0.0331586221	-0.0520431327	0.0376391027	-0.1128571014	-0.0523261362	-0.0456106285	-0.007978904	0.0976945416	0.1206357828	-0.0556163253	-0.0552686971	0.0204779236	0.0818434461	0.0291653121	-0.0294970735	0.0138792476	-0.0542850942	-0.0392074287	-0.0537319818	0.0470477356	0.1127962894	-0.0726661449	-0.0523304787	-0.0810954073	-0.1063877202	-0.1143792438	-0.0520398644	-0.0703724925	0.0203917915	0.0357077761	0.104809078	0.0224814991	0.0146161368	-0.0651803943	0.0214332594	0.1021409845	0.0018849581	0.0200972003	-0.0140058775	-0.0355833583	-0.0588015195	0.0373812704	-0.0049762879	-0.1177804962	-0.1230793763	0.0660263239	-0.0074759622	-0.0074504703	-0.0238718367	0.0129254227	0.0562716909	-0.050069044	0.1412646894	0.1936853146	-0.0963390362	0.0546342995	0.0452610709	-0.0245248849	-0.0993795501	-0.1297179135	0.0579574277	-0.1236054919	0.0679204729	-0.049691473	-0.0598805021	-0.0116178038	0.0284918722	-0.058650956	0.0677783626	-0.0068273433	0.0836797504	-0.0638660121	-0.077803142	0.0744843638	-0.0174495337	-0.036228242	-0.02406224	-0.0872632242	-0.0038955348	0.0568966798	0.0626976572	0.1596008124	0.076341144	-0.1025642867	0.0032290177	0.0059966191	0.0891719921	-0.0203614132	-0.0865205283	0.0617923614	-0.0387491458	0.0528616116	-0.0540803015	0.0006657414	0.0216070001	0.0338575549	-0.0408372299	-0.1020546684	0.0371523999	0.0933035653	-0.02037463	-0.010741481	0.1488381986	0.0828716658	0.0417652409	-0.0156433643	-0.0603256201	-0.0217918124	-0.0324431032	0.0405336739	0.0123247348	0.0762462567	-0.0365243605	0.1165525033	-0.1562149483	0.0450198465	0.0929484746	-0.0310101742	0.0537044541	-0.1633532978	0.0515828685	0.0640697375	-0.0716939543	-0.1496685864	0.08700177	-0.0295945085	0.0832189358	-0.0401724806	-0.049323323	-0.0437540422	-0.0044937102	-0.1137693898	-0.0800040612	0.0440281638	0.0044563133	-0.0516747337	0.084212153	-0.0928245585	0.0750651311	-0.0359793958	-0.0133282315	0.0	0.0889770452754277	0.0148452062197464	0.0079169145859455	0.0002203801477067	0.0712887344484016	0.0362951438314098	0.0013173374657427	0.0050820836592547	-0.2411022184361186	-0.0114839902598759	0.0581302797348178	0.0001318820322889	0.0001102195177578	-5.9211555581000015e-05	1.2148342094761988e-08	3.506008314321854e-09	0.0032999494189003	-0.0002499934936981	6.249674689138207e-08	1.0889666167300426e-05	-0.001042182485372	-0.000235878279428	1.086144332816159e-06	5.563856270596079e-08	0.0	0.0	0.0	0.0	0.0	0.0	0.0	0.0	0.0	0.0	0.0
6215.613885483636	-0.0984225059019081	38633855.97341698	0.0096869896680111	15462.629741684796	38.67701019415472	1495.911117558748	239092918.5284352	6248.845770404978	-1.6860725340156932	39048073.46230818	2.842840589962101	7372.020566015052	9428.480157646129	1.315898	25.474131	0.0669203901028549	0.035604777502185	-0.0409492871	-0.067575533	0.0459027877	-0.084863806	-0.039476031	-0.0118213874	-0.0461445383	0.0302836395	0.068986312	0.0059908979	-0.0361099706	-0.0821589274	0.0403368497	-0.0521127178	-0.0830713717	0.0860192586	-0.034100118	-0.0329031737	-0.0233730227	0.0670974101	0.027701975	-0.0046150944	0.0255338274	0.0122989143	-0.0452351318	0.0089092676	-0.0469092751	0.0150168125	0.0082141221	-0.0313448206	0.0856640028	-0.0341439317	0.0359862004	-0.0245082139	0.0279707174	0.1344540666	0.0709266954	-0.0701629042	0.1088392875	-0.0069276025	-0.0009300816	-0.0262407873	0.1663022216	0.013508831	0.0045044537	-0.0949974375	-0.1022970849	-0.0493128192	-0.1221252523	-0.0095847031	-0.0245718313	-0.0584677998	0.0144901716	0.002713867	-0.0450923307	0.0104599424	0.0105385289	-0.0342791048	-0.0178918934	-0.076077321	0.0024573042	-0.0178487345	-0.0248409145	0.0549133124	0.0283626792	-0.0852339459	-0.1251260213	0.0673838335	0.1112663865	0.0041386536	0.0395116324	0.0491936943	-0.0199254731	-0.0564340862	0.0818766198	-0.0350582099	0.10658256	-0.0934869922	-0.0482150626	0.0432964273	-0.0621305835	0.0999164385	-0.132484948	-0.0160182344	0.0586281136	-0.0275735285	0.0741315943	0.0087670553	-0.0014012889	-0.0351205662	-0.0584450369	0.0494439505	-0.0776126951	-0.0319812004	0.0524241179	0.07868016	0.0662992259	-0.083355107	-0.025076194	0.0273302383	-0.1198814777	-0.0802853074	-0.0261905424	-0.0234608526	-0.0313747732	-0.0114762025	0.034991364	0.0484274562	-0.0303845579	0.0153219727	0.0455453719	0.055149234	0.0213063589	-0.003676758	-0.0614579963	-0.0404732996	-0.0083102747	-0.1142058598	-0.0959093839	-0.1426935199	0.0285081014	0.0168847563	0.0205585877	-0.0002699203	0.042521429	-0.0214838137	0.0223715134	-0.0190346666	0.1233069857	-0.0771143624	-0.1864023501	0.0168895171	0.0486084154	0.0074485538	-0.1032069089	-0.1403750292	0.0102196037	-0.046644973	0.0625338383	0.0222334142	-0.0459109598	0.0011773468	-0.0164656951	0.0236530326	-0.0384866837	-0.0005329614	-0.021882807	-0.0984157638	0.0286949654	0.0164266963	-0.0281197353	0.0607956378	-0.1259594824	0.0443864647	0.0759839046	-0.0259231429	-0.0507392011	0.0845152077	0.0333348314	0.0793103023	0.0135244696	0.0488814977	0.0080464152	-0.0735215783	0.0279762195	-0.0122596194	-0.0021340567	0.047123766	-0.0503181869	-0.0361060702	-0.080650933	0.0462570678	0.0006368538	-0.0473586783	0.0812827579	-0.093241782	0.0800040612	-0.0451468273	-0.0019104426	0.0	0.0777591425054993	-0.0112179027699284	0.0060464842431905	0.0001258413425555	0.044176623752719	-0.0271121106956825	0.0007350665463749	0.0019515740861892	-0.2412168317767324	-0.0001146133406138	0.0581855599324044	1.3136217846655069e-08	-6.692760525260296e-05	-0.0001771471230104	4.479304344848248e-09	3.1381103190862845e-08	0.0033000270264669	7.760756660013178e-08	6.022934393593888e-15	1.089017837541197e-05	-0.0006498919500164	0.0003922905353556	4.223595466961189e-07	1.538918641295833e-07	0.0	0.0	0.0	0.0	0.0	0.0	0.0	0.0	0.0	0.0	0.0
6187.8467372245805	-27.76714825905583	38289447.24338089	771.0145224403872	15393.140630150649	-69.48911153414701	4828.736621805124	236948778.4595947	6238.166891723359	-10.678878681618698	38914726.16899347	114.03844989673031	7358.13076825461	9335.536804017747	1.18923	23.022011	0.0545589818669575	0.0301688119143053	-0.0716920093	0.0517460115	-0.0540882392	0.0414541771	-0.0504818372	-0.0826082653	-0.0010475353	-0.0726976528	-0.0317010147	-0.0595928621	-0.0442193513	-0.0348514428	-0.025395984	0.015140306	-0.0229209587	0.0330275042	0.121705317	0.0694574837	-0.0304173535	0.0336824746	0.0322563883	-0.0234034909	-0.0605144607	-0.0241479111	-0.0211444991	-0.079334687	-0.0104609615	0.0452405968	-0.054445153	0.0480970698	0.0491005654	0.10211882	0.0398863393	-0.0898379771	-0.0317868434	0.0228740247	0.0787261133	0.0275059261	-0.0567329806	-0.1166125453	0.0283397443	-0.0471928515	0.1937379641	0.0889676071	-0.0274448534	0.0363362584	-0.0573113677	0.0114549655	0.060676981	0.0162476542	0.0483995045	-0.0169575115	-0.1131777084	-0.0103960852	0.0473867872	-0.0241180939	-0.0156285836	0.0019770267	-0.0139862154	-0.0207184763	0.0841234243	0.0927046451	0.018657955	0.0173233295	-0.1645757985	-0.0158789714	-0.0774141623	0.1230057874	-0.0945664159	0.1417590733	-0.0509177331	-0.039068516	0.0324199325	-0.0841590855	0.0321271987	-0.03957031	0.0193211244	0.0147086208	-0.0505084508	0.001887836	-0.0355092563	-0.0015659172	-0.0647037772	-0.012250492	-0.0443770418	0.1135984363	0.0347612595	0.0286761972	0.0280151391	0.028748305	0.0004084062	0.0478100238	-0.0550795511	-0.0644277163	-0.0613559047	-0.0027359305	0.0132480382	-0.0406114148	-0.0749436254	0.0766613188	-0.0072202574	-0.016288031	-0.0128069211	0.0099244524	-0.0106107715	-0.0239127061	-0.0337457676	-0.0253301012	-0.0326648089	0.0250100673	0.1088627244	0.1224272473	-0.0193012132	-0.0008821427	0.0356007695	-0.0211920202	-0.0582452997	0.0129708455	0.1033387175	-0.0772597635	0.0429937659	0.0113771542	-0.0040367334	0.1016767485	0.1239635043	-0.0088872595	-0.0511551303	0.0167344508	0.0975745514	0.0935897153	0.0389156306	0.0525162547	0.0123279077	-0.0090974175	-0.0511765635	0.0162569895	0.0813307411	-0.0244144091	0.0360571638	-0.0745977172	-0.0734607987	-0.0770576888	0.0376410271	0.0159961962	-0.014789218	-0.0753640304	-0.0103651854	-0.0327683316	-0.0777827056	0.0115933378	0.0519772187	0.0970932421	-0.0113987451	-0.0086879709	-0.0238149452	-0.0512052092	-0.0163857276	0.0138837545	-0.0467846466	0.1317472712	-0.0463439708	0.0457906505	0.0247478824	-0.0694363284	-0.0392454653	-0.0563657975	0.0461608277	0.1022930265	0.0469571481	0.0504170584	-0.0812827579	0.0484514532	-0.0031836749	-0.042901286	0.0779743851	-0.0930330924	0.084212153	-0.0537757173	0.0095361811	0.0	0.0740533206967768	-0.0037058218087225	0.0054838943062196	1.3733115278003328e-05	0.0513299934722226	0.0071533697195035	5.1170698343910944e-05	0.0026347682298584	-0.2338910488028958	0.0073257829738365	0.0547050227101185	5.366709617975418e-05	-0.0003672240085379	-0.0003002964032852	1.3485347244664366e-07	9.017792982608577e-08	0.0033002056066868	1.785802198998876e-07	3.189089493949221e-14	1.0891357046406988e-05	-0.0010768971138091	-0.0004270051637927	1.1597073937303695e-06	1.823334099056306e-07	0.0	0.0	0.0	0.0	0.0	0.0	0.0	0.0	0.0	0.0	0.0
6192.822287265395	4.975550040814596	38351047.881651	24.75609820865013	15418.146834618934	25.006204468285432	625.3102619096983	237719251.81386983	6232.119534276688	-6.047357446671413	38839313.88951308	36.57053208781219	7352.044869695457	9306.688927006791	1.202246	23.273983	0.0297932854849462	0.01673840607947	0.0779396135	0.0395192519	-0.0120019697	0.0719420983	0.0265491699	0.0287691542	0.1065360913	-0.0296481162	0.0019515545	0.0106288169	-0.0804855246	0.0812349945	-0.0239520587	-0.0387796327	-0.0164307655	-0.1074892971	-0.0400904384	0.0581630316	0.0642772203	0.0409066557	-0.0862726201	0.0597278644	0.0579430772	0.1228877546	-0.045368519	0.1088318318	-0.0663438127	0.1354206965	-0.1239958079	-0.0291157657	0.0231979272	0.0722471581	-0.0457483912	0.0348620916	-0.0389204244	0.0418883282	-0.0294457931	0.0526352916	0.0485675373	-0.0396961887	0.0316194674	-0.0554014563	0.0657464082	0.0673131417	0.0402545666	-0.0393481823	0.0803026423	-0.064543173	0.0589754844	0.0979752946	-0.038877595	0.0385129947	-0.0050713661	-0.02411161	0.0043941577	-0.1477735402	-0.0932178226	0.1634174958	-0.0818499849	-0.087083038	0.0945698287	-0.1098025727	0.0081281289	0.0713845406	-0.1180813619	0.1722225628	-0.1225526488	-0.0267884752	0.0456392101	-0.0524894872	-0.0004870443	-0.0690515526	-0.0381214074	0.1314763326	-0.0617987441	-0.0289229496	-0.031240387	-0.0681825281	-0.0051803721	0.0853732311	-0.0467710499	-0.0025425588	-0.0142135671	-0.1070840586	0.0517628041	0.0047879273	-0.0905862118	0.0204498092	0.0835657112	-0.0078391457	0.0328994123	-0.0748585827	0.0637464003	0.0529354088	0.0477719913	-0.0359111932	0.0237227339	-0.0822292136	-0.1558522395	0.1138489274	-0.083506473	-0.0697910651	-0.0703239215	0.0962186399	0.0924835152	0.0526160759	0.091952621	-0.0204817414	0.0654617576	-0.0166190781	0.0891654979	-0.0379297623	0.0033016025	-0.0254513161	0.1033856099	0.0553961116	-0.0220769476	-0.0215719013	-0.0127780159	0.1117650866	0.1097632594	-0.0371911513	0.0702056383	0.0132611977	0.0444470213	0.0462525374	-0.0152238126	-0.0835554174	-0.0598748123	0.049248093	-0.1415851439	-0.0747742086	0.0620877584	-0.0601866	0.0107272272	-0.0770499984	-0.0993459574	0.0924342041	0.0267932286	-0.0762085408	0.0675427083	-0.0070774418	-0.0251062334	0.0358094546	0.0155781371	0.0028203509	0.009543168	0.0935011736	0.002076728	-0.0327825991	-0.0112695256	0.0824270211	-0.0294498801	-0.0629739183	-0.0201676095	-0.0222783572	-0.0346313797	-0.0518876682	0.0401583397	-0.0125269787	-0.0026669242	0.0216099371	-0.0218459301	-0.0351108625	-0.0651795759	-0.1027618599	-0.0292504733	0.1023275361	0.0579286883	-0.0012706088	-0.0818994181	0.0506096822	-0.0069988586	-0.0383158593	0.0743024598	-0.0921998906	0.0876509655	-0.0617631348	0.020838873	0.0	0.0798547458595066	0.0058014251627298	0.0063767804362863	3.365653391875449e-05	0.0557921792849498	0.0044621858127271	1.991110222730389e-05	0.0031127672693639	-0.23592882284062	-0.0020377740377242	0.0556624094469606	4.152523028822809e-06	-0.0006637545935691	-0.0002965305850312	4.405701604840812e-07	8.793038785894573e-08	0.0032478679914658	-5.233761522099997e-05	2.7392259670214474e-09	1.0548646489988087e-05	-0.001075927304626	9.698091831000528e-07	1.1576195648397694e-06	9.405298516251915e-13	0.0	0.0	0.0	0.0	0.0	0.0	0.0	0.0	0.0	0.0	0.0
6193.370442065691	0.5481548002962882	38357837.43265298	0.3004736850878635	15439.937121942576	21.79028732364168	474.8166216468592	238391658.3295404	6239.020581474048	6.90104719736064	38925377.81605677	47.62445242019914	7357.531231334632	9298.974891201357	1.231934	23.848703	0.0344976694422412	0.0185567150679854	-0.0208618957	-0.1027012266	0.0085864504	-0.0747659031	0.044919872	0.0264822802	-0.1046365595	-0.0018408808	0.0866867536	0.0001020961	0.0082039593	0.041866832	0.0605863404	-0.0626317551	-0.0471623586	0.1093143588	-0.0413380041	0.0433685845	-0.0388554011	0.0169967882	0.0266933609	0.017437968	0.1609527511	-0.003957832	-0.0562126189	0.0356532608	0.0096471493	0.0040719111	-0.0752849861	-0.0183077609	-0.0168016644	0.0653022084	-0.052323502	0.0220254062	0.0603146855	-0.1094063154	-0.031016916	-0.0634548308	-0.0291934063	-0.0120995421	0.0947120137	0.0150630461	-0.0926622154	-0.0102159324	0.033738998	0.0093889031	-0.0392266073	0.0109891357	-0.0386562388	-0.0968028208	-0.0769531076	0.0229661408	-0.0207640522	0.0427522642	0.0311356037	-0.0428237996	0.0585744054	-0.0737201976	0.0576624947	0.0400444715	-0.0399860316	-0.0858375927	-0.1154486508	0.0245159199	-0.0019940776	0.0437784688	0.0455586558	-0.009898347	-0.2023649104	-0.0406803079	-0.0690117933	-0.0590660304	-0.060730185	-0.0355770938	-0.2342828161	-0.1122564133	0.0125423315	0.1373619287	-0.0354237743	-0.0132662145	0.0486420239	-0.0438623258	-0.0547506844	0.073175882	0.0835911574	-0.0627910808	0.1102861908	-0.0134793562	0.045445723	-0.015582876	-0.0029717405	0.0327323539	0.0405100771	-0.0588152814	0.0588398844	0.0628469473	0.0529486098	-0.0586384537	-0.1120354086	0.0972781183	-0.0383748464	0.0273209807	0.0265701998	0.0239961147	0.0153250394	0.0661903598	-0.0681238207	-0.0012258245	0.0053766127	0.0220558274	0.0157480393	-0.089208043	-0.0939440544	-0.0452310429	-0.0158033906	0.086036562	0.0806192088	-0.0616366784	0.0792954347	-0.0104324719	-0.0235251391	-0.0449697607	-0.0381186854	-0.0185911636	-0.0802400356	-0.1111615616	0.0803131043	0.036443295	-0.0629896135	0.00472906	0.0133379174	0.0793315518	-0.0225008574	0.0084345545	0.0012492404	0.0735209227	0.0077028292	0.0559296391	-0.0031065146	-0.1059175693	-0.0490196685	0.0234104525	-0.1254283955	-0.0531476349	-0.0504969099	0.0335292975	-0.0076298845	-0.099095204	0.0232173161	-0.0438028277	-0.0515462722	0.0527074935	-0.0423328733	-0.0251717314	0.0428739467	0.0479880623	-0.0483219495	-0.0045640665	0.1259930722	0.1239600554	-0.0072424018	0.0196352785	0.0439586315	-0.0149137412	-0.0751227089	-0.0760207015	-0.0831588491	0.0469348823	0.0584798569	-0.0200051719	-0.0825007985	0.0527301444	-0.0108022918	-0.0336160831	0.070284102	-0.0907477697	0.0902890852	-0.0690138005	0.031827039	0.0	0.0775407862055601	-0.0023139596539464	0.0060125735253763	5.354409280092199e-06	0.0431001996520024	-0.0126919796329473	0.0001610863470031	0.0018576272100424	-0.2434736311048624	-0.0075448082642423	0.0592794090433866	5.6924131744180295e-05	-0.0004602709416039	0.0002034836519652	2.118493396849407e-07	4.140559661709466e-08	0.0032132505320192	-3.461745944659993e-05	1.1983684985369907e-09	1.032497898152167e-05	-0.0010767646310363	-8.373264103001075e-07	1.1594220706507395e-06	7.01115517386064e-13	0.0	0.0	0.0	0.0	0.0	0.0	0.0	0.0	0.0	0.0	0.0
6192.883799318009	-0.4866427476827084	38351809.751855455	0.2368211638721762	15418.86718853013	-21.069933412445607	443.94209400489177	237741465.37753105	6244.136642535825	5.116061061776236	38989242.41065856	26.174080787822987	7363.205999600812	9316.361653444195	1.26823	24.551355	0.0608455443817345	0.0345960696592989	-0.0794161293	0.0820825533	-0.0095246284	0.0284989198	-0.006485957	-0.1096836627	0.0261206731	-0.0007099005	0.0042530652	0.0064364365	-0.0404162465	-0.0400489343	-0.0493047461	0.0456199775	-0.0027250597	0.0032675345	0.1050576583	-0.0406742695	0.0176546187	-0.0121742923	0.0234069694	0.0064105441	-0.0537552425	-0.0849054147	-0.1397506425	0.1346967385	-0.0398647181	-0.0075938557	-0.0067323626	-0.0432401008	-0.0400774395	-0.0914404257	-0.0021871071	-0.0350189513	0.0279323826	0.0068789245	0.0950075062	0.0312248629	0.0729131488	-0.0189032799	-0.0715023992	0.1016158546	-0.083925402	-0.0379016659	0.0017352241	-0.0444957309	-0.0418020974	0.0142496706	0.0574638291	-0.0928764108	-0.0416565674	-0.1093123623	0.0690156677	-0.0487430907	0.0159519183	0.0550755454	-0.0715020584	-0.0040343053	-0.1136524855	0.0435339386	-0.0412704124	0.0209839973	-0.0714478095	-0.0009679364	-0.0995511637	-0.0353319603	0.0803588595	-0.0973917048	-0.0364087401	0.0290797962	0.0728625402	0.0489769694	0.067194496	-0.0797625157	-0.0200167846	-0.0255575392	0.0581302724	0.0272059226	0.019591564	0.0480681057	0.0325681578	-0.0759969984	-0.0934040749	0.0613510466	-0.0529099578	0.105250791	0.0081123859	0.0013969341	-0.0429394876	-0.0089501688	-0.0710612388	0.0217225188	-0.0433160493	-0.023851923	-0.0366098217	-0.0189564868	-0.0910613567	-0.1132376648	-0.0649656471	-0.018895424	-0.0173798755	0.0749422718	-0.0233771717	-0.0990296103	-0.0093406273	-0.1022073222	-0.0081889801	0.0044130433	0.0165975863	-0.00340506	-0.0105507688	-0.0510868075	0.1333793223	-0.0038253956	-0.0452474531	0.0345056986	-0.0123328683	-0.0184701493	-0.1045354981	-0.0036528073	0.0156209793	0.0870708483	0.0541586683	-0.0088017952	-0.0580644759	0.0704164927	0.0100988791	-0.0991486572	-0.052742115	-0.0161096743	0.113981937	0.0690015028	0.0581575618	-0.0488538553	0.0736716435	-0.0156029926	-0.0508738956	-0.0061968935	0.0287539629	-0.0575481516	-0.0760070288	-0.0427452994	-0.0280499805	0.1071575404	-0.0943527303	-0.0024535424	-0.0246711429	-0.016959673	-0.0889324096	0.027171617	0.0733701002	0.0439562466	-0.0359053318	0.0071254339	-0.0648180413	-0.045286252	-0.0192910324	0.0759761308	-0.0266375646	0.0722774648	0.0032360079	0.0160804736	0.0266652976	-0.008695808	-0.0720010568	-0.0267410976	-0.0763950839	0.0498702334	0.0359221098	-0.03671164	-0.0830867868	0.0548112574	-0.0145875891	-0.0288159833	0.0659380473	-0.0886864774	0.0921024127	-0.0754412237	0.0423348324	0.0	0.0864369268110465	0.0088961406054864	0.0074713423165382	7.914131767258407e-05	0.0352547718202203	-0.0078454278317821	6.155073786370124e-05	0.0012428989360957	-0.2575972384666087	-0.0141236073617463	0.0663563372656228	0.0001994762849087	5.078064941199548e-05	0.0005110515910158	2.578674354703996e-09	2.611737286798781e-07	0.003299979571794	8.67290397748e-05	7.521926340258841e-09	1.0889865174257711e-05	-0.0010785913719	-1.8267408636999437e-06	1.163359347537124e-06	3.3369821831112158e-12	0.0	0.0	0.0	0.0	0.0	0.0	0.0	0.0	0.0	0.0	0.0
6185.462742628031	-7.421056689977377	38259949.34043948	55.072082395857976	15406.334970208663	-12.532218321466644	157.05649605690422	237355157.2142744	6235.090834898945	-9.045807636879545	38876357.719440825	81.82663580342829	7361.46970074108	9366.33390377109	1.376014	26.637918	0.0600596008092036	0.0351578466241798	0.0983122889	0.0117714415	-0.0750119585	0.0527599806	-0.0608542828	0.0555009704	0.0670722189	-0.05341701	0.0086877217	-0.0232990642	-0.0319767684	0.0188752031	-0.069467928	-0.0633321236	-0.0849712942	-0.0891630382	-0.0561562646	-0.0082666807	0.1168873894	-0.089146048	0.0241768076	-0.0155758493	-0.0337783945	0.0338404936	0.0224367311	-0.0763445713	0.0287766734	0.0237510605	0.0214466501	0.1023919336	-0.0587073317	-0.0398578458	-0.0583240004	-0.027693548	-0.015951656	0.0386400294	-0.0707296369	0.05522991	-0.0667372593	-0.0363015232	0.0796449792	0.0801762367	0.0078808482	0.1156716028	0.0219522535	-0.1474435454	0.0143868553	-0.0301083231	-0.0093461915	0.0485578775	-0.021136615	-0.0250771292	0.035687411	-0.124731982	0.0185308304	0.0139206426	0.0589652534	-0.1511991293	0.0552824908	-0.085794944	0.0151938313	-0.031341567	0.0420291866	-0.0480325262	-0.0482079543	0.0911590383	-0.0620688296	0.0768284503	0.0732618422	0.0385392605	-0.0714313497	0.0461358605	-0.0197811695	0.0524402878	-0.0160319241	-0.0434253421	0.0184140708	-0.023866306	0.0988714598	0.061808627	0.0758217539	0.0107998387	0.0837762478	0.0892740538	0.0502451119	-0.0168749224	-0.076600422	0.1120134529	0.0184828567	-0.0242909434	0.0081838187	-0.0093090036	-0.0051579126	0.0746211538	0.0377794975	-0.0233341036	-0.0608626213	0.1057369968	0.0238773383	0.0114214305	-0.048598021	-0.025234421	-0.0661950436	-0.0016862387	0.1681229947	0.0611797631	0.0530381206	-0.0206600313	-0.0433972074	-0.0272950177	-0.0103465443	0.0641316978	-0.0928507964	-0.083122836	0.0972232061	0.1254136293	0.0727139671	0.0497384613	0.0025082695	0.0162361319	-0.0145407572	0.0105901628	0.0423922673	0.0588013408	0.08531563	0.0525740639	-0.064088281	-0.0575064887	0.068793504	0.085258558	-0.0673190668	0.0198978449	-0.0531621633	0.0336994996	0.0602362046	-0.1532367582	-0.0567668668	-0.008335906	0.021568593	0.0537137726	-0.0161710319	0.0156708361	0.0167933605	-0.1250001166	0.0824718304	0.1085596872	-0.0061010826	0.0797606831	0.0366321971	-0.0773035933	0.0154284233	0.0750807252	-0.0024623057	-0.0272494699	0.0465729723	-0.0294026792	-0.0695334273	-0.0133807982	-0.0282109642	0.0520793622	0.0027975911	0.0643907352	-0.0300917975	-0.0758470376	0.0009935382	-0.0299641993	-0.0488767021	0.1042303173	-0.0991364012	-0.0074468901	-0.0836572738	0.0568514682	-0.0183483952	-0.0239298853	0.061284559	-0.0860298509	0.0930743832	-0.0809687338	0.0522036565	0.0	0.0740511776380685	-0.012385749172978	0.0054835769095847	0.0001534067825759	0.0517915061052605	0.0165367342850402	0.000273463580814	0.0026823601046512	-0.2551982600572131	0.0023989784093956	0.0651261519362289	5.755097408746361e-06	-0.0005217243085152	-0.0005725049579271	2.721962540956636e-07	3.277619268512199e-07	0.0033002884223334	3.0885053940027385e-07	9.53886556878401e-14	1.0891903670587885e-05	-0.0010766424015308	1.9489703692000208e-06	1.1591588607740082e-06	3.7984855000196655e-12	0.0	0.0	0.0	0.0	0.0	0.0	0.0	0.0	0.0	0.0	0.0
6185.300334226417	-0.1624084016139022	38257940.22458143	0.0263764889147825	15402.171859548062	-4.163110660601888	17.331490372417083	237226897.99105415	6238.372902469194	3.282067570248728	38917296.47026192	10.771967535678389	7356.462945562604	9270.15824637588	1.300954	25.184847	0.0390952295687621	0.023814503193062	-0.0369402014	-0.1129392227	-0.0020545039	-0.0015566509	0.0576367239	0.0381646655	-0.0994329317	-0.0683844097	0.0938343349	0.0310115976	0.0118408246	0.0114072942	0.0549174122	0.0317967531	-0.0092619687	0.0853329622	-0.0178646171	0.0460766804	0.0210287306	-0.0367707714	0.0420391371	0.0202296269	-0.0073249745	0.0826952851	-0.0076258989	0.0761094599	-0.0344320728	-0.069332859	-0.0958799855	0.0261187207	-0.0562407105	0.0162851292	-0.0436927302	-0.0024750083	-0.0163157663	-0.152379035	0.0465165532	0.0297885939	-0.0810346928	0.0901884925	-0.0347314143	-0.1111275807	-0.1059059363	-0.0233464829	0.0122198906	0.1086307454	0.0239373853	-0.0400245227	0.0747134624	0.0170209	-0.0737813384	-0.0422889584	0.0766451574	0.1117594053	0.0450374491	-0.006148197	0.0951859312	0.066016418	-0.0059229901	-0.0131571149	-0.0410387273	0.0949478021	-0.0168512616	0.0111094582	-0.0276823222	0.0043266767	-0.0572744606	0.1379916545	-0.1162099323	-0.0534228984	-0.02521871	-0.0116307115	-0.0524156171	0.0463642088	-0.0716311661	0.1802522114	-0.0008858487	-0.0134683479	-0.0290655349	-0.0145345689	-0.0045150757	-0.0447793739	0.0275058167	-0.0031589794	0.0215363033	-0.0599689746	0.1030750549	0.0404006336	0.017134408	-0.0110675996	-0.0344556218	0.0178806356	0.0526311922	0.0159057286	-0.0295039437	0.0410180752	0.0251603441	-0.0339693747	-0.1049433863	-0.0051906178	-0.0820109348	0.113766945	0.0845826015	-0.0606032008	0.0316795124	-0.0413691045	-0.020028044	-0.0921423638	0.0333352525	0.0841158372	-0.0087639137	-0.0805919444	-0.095524962	0.0865332683	-0.0208748835	0.0040234975	-0.0132995307	0.005548556	0.149248211	0.0660826053	-0.0968802337	-0.0016717146	-0.0784724576	0.0164762269	-0.0345730384	-0.076503154	0.0103524555	0.0003174651	-0.1136821466	-0.1112312375	-0.0831614519	0.0073614029	0.0727478935	-0.0056973871	0.0259157418	0.1614364359	-0.079853716	0.1170837926	0.0138268555	0.045069669	0.0523876991	0.0085413729	-0.0504498061	-0.1151401762	0.0436384065	-0.0018159741	-0.0080133611	-0.1076047112	0.0423674547	-0.0749144106	-0.0201101752	-0.0008912727	-0.0230495193	-0.0917005958	0.0274568299	0.080177664	-0.0032854104	-0.020751394	0.0588656711	0.014244057	0.0860378798	0.0298444927	0.0922845324	-0.0175065769	0.0246931494	0.0085729868	-0.0130239126	0.0447889954	0.0420448434	0.0627998245	-0.084212153	0.0588492543	-0.0220783961	-0.018972371	0.0563453339	-0.0827957235	0.0931961179	-0.0855303949	0.061284559	0.0	0.08408919930514	0.0100380216670715	0.0070709934397795	0.0001007618789885	0.03174643843424	-0.0200450676710205	0.0004018047379357	0.0010078363532589	-0.2576240121937232	-0.0024257521365101	0.0663701316587916	5.884273427783508e-06	-0.0005788482591821	-5.712395066689998e-05	3.350653071581477e-07	3.2631457397944223e-09	0.0033002978467342	9.424400799692978e-09	8.881933043325363e-17	1.0891965877158397e-05	-0.0010020480147153	7.459438681550008e-05	1.0041002237948738e-06	5.564322544380452e-09	0.0	0.0	0.0	0.0	0.0	0.0	0.0	0.0	0.0	0.0	0.0
6186.896513953237	1.5961797268200826	38277688.47436672	2.547789720311433	15399.82515513746	-2.3467044106018875	5.507021590738352	237154614.80880448	6232.501127532207	-5.871774936987094	38844070.30469023	34.4777409106298	7355.129250396445	9328.1177812771	1.273995	24.662954	0.0249187667961617	0.0157015653419245	-0.05811349	0.0720722154	-0.0555416849	0.0002217867	-0.0134694283	-0.0750484514	0.0180810859	-0.0478257786	-0.0544180695	-0.0445915845	-0.0527277595	-0.0699961877	-0.0214606485	0.0137495437	-0.0111258777	-0.0242990481	0.1038889339	0.070240968	0.0057386595	0.0715213316	-0.0740541297	0.0011397551	-0.0316705053	0.0173555264	-0.0360216355	-0.0787561995	0.0966494715	0.0670378869	-0.1575648538	-0.0581679983	-0.0190839514	0.0072210597	-0.0338288445	-0.0167421434	0.0656696225	0.0402746112	0.0491067768	0.0534468139	0.0414753816	0.0253614381	-0.0370713418	-0.0515812056	0.1022205469	-0.0117632936	0.1409746633	-0.0067694018	-0.0072691616	-0.0659886363	0.0402293921	-0.0312785546	-0.0292954378	0.0749557924	0.0257790253	0.0642687195	0.0258799418	0.0279498688	0.0082049665	-0.0567125289	0.0852692772	0.1042844431	0.0970988638	0.0134758624	-0.0385433867	-0.050127873	0.1806625298	-0.0795926155	-0.0034495753	0.0422966321	-0.024071311	0.0860516053	0.0251032073	-0.069501425	0.0505740947	0.0393582584	0.0360220136	-0.0543744005	-0.1271749144	-0.0839434252	0.0165279505	-0.0530204762	0.0039548114	0.0308177182	0.0135127746	-0.0209701029	-0.0043392646	0.1016137352	0.0016999151	-0.0039342732	0.0338440234	0.045823379	0.0208155898	6.5485e-05	-0.0315022978	-0.0852579946	-0.0514525477	-0.0054170513	0.0130737313	-0.0580129593	-0.0744765652	0.0135784187	0.0487471786	-0.0294309979	-0.092752909	0.0766248408	0.0781972505	-0.0751400711	0.0308290567	-0.0214278977	0.0217220806	0.0968746087	0.0930836405	-0.0762099953	0.0188300066	0.0254900299	-0.0806076918	-0.0109949454	-0.0145164074	-0.043934492	0.0676310172	-0.1263127412	0.051424266	-0.0074518405	-0.0410030924	0.017233039	-0.0126148659	-0.0803926435	-0.0278581518	0.0141510148	0.0113203327	0.0192514166	0.1272911103	-0.0976146752	-0.0436771553	-0.0413946381	-0.15510093	-0.0455299471	0.0803360647	-0.0492945166	0.0524986669	0.1097011252	-0.0367789547	0.1142390022	0.137837091	0.0057474629	-0.0263627738	-0.092636219	-0.0075050348	-0.00498933	-0.1040285482	-0.0098740611	0.0272592106	0.012994392	0.0298915642	-0.0133022981	-0.0629252467	0.0042547705	-0.0312849339	0.0349751448	-0.0146966213	0.0932326005	-0.0296799998	0.0399880373	0.1041241914	-0.0331153432	-0.0481467536	-0.0696732139	-0.0293356133	0.1018537253	0.0818219247	0.0569480457	-0.0847513209	0.0608031248	-0.0257713294	-0.0139582358	0.0511434007	-0.0790058053	0.0924665046	-0.0890717925	0.0694404798	0.0	0.0740367055890374	-0.0100524937161026	0.0054814337744778	0.0001010526299122	0.0439066468677822	0.0121602084335422	0.0001478706691471	0.0019277936391721	-0.2576579854031351	-3.397320941189719e-05	0.0663876374420021	1.1541789577446194e-09	-0.0006268403689177	-4.799210973560001e-05	3.9292884810487836e-07	2.303242596873873e-09	0.0033008265673228	5.287205886001477e-07	2.795454608096866e-13	1.089545602754402e-05	-0.0010069690131332	-4.920998417900059e-06	1.013986593410451e-06	2.4216225428974887e-11	0.0	0.0	0.0	0.0	0.0	0.0	0.0	0.0	0.0	0.0	0.0
6190.282590021567	3.386076068329203	38319598.54432412	11.465511140511753	15376.7767761488	-23.04837898866026	531.2277740049158	236445264.02350903	6238.29868262521	5.797555093003211	38916370.45364343	33.611645056407475	7355.381075726292	9257.886425369912	1.306909	25.300125	0.0380875602455011	0.0220853959343865	0.0716330018	-0.0115207724	0.0007794838	0.1249248983	0.0306334523	0.0591563886	0.057362783	-0.0201411542	0.0059474669	-0.0195299962	-0.0755102661	0.0517806335	-0.0709452005	-0.018863541	0.045044469	-0.0526112009	-0.0481909732	0.0403016904	0.0298942827	-0.003074758	-0.0166119601	0.0810323368	-0.0815824202	0.0295303229	0.0541543925	0.0185585585	-0.0497684838	-0.0377549184	-0.0042015875	0.0127193189	-0.0335470539	0.0132464213	0.0441829315	0.0764398857	-0.0800559891	-0.0432811894	-0.0352557109	0.1431827338	0.0190622364	0.1117518612	0.0635521937	-0.0206819483	-0.0346839141	0.0712506685	0.1578504904	0.0494380383	-0.0673055858	-0.143416551	0.0391395874	0.0012762779	-0.0427405712	0.0040897438	-0.0439315473	-0.0720065592	-0.0156953641	-0.0201180686	-0.0559818642	-0.0869574769	-0.094227368	0.0128774718	0.0907757138	-0.118289469	0.0434176496	0.0665852086	0.0828007692	-0.0080729875	0.0312502447	0.0883060627	-0.0090978624	-0.1509312031	0.0046722472	0.0065897556	0.0486659604	-0.0781073669	-0.0049945079	0.038384959	0.0595156634	-0.0172934486	-0.0452535143	-0.0352277124	0.0020291008	0.0435112866	-0.009431913	-0.0501615147	-0.0191864492	-0.0231100422	-0.0603089858	0.0383609891	0.0894976628	-0.0181952417	0.0092265919	-0.0884122329	0.0195799571	0.0576320133	-0.0319303843	0.0085127735	-0.0087809535	-0.0336696371	-0.0306755038	-0.05562889	0.0269286604	0.0471838387	-0.0798624307	0.0061506102	0.064344968	0.044255676	0.0692607721	-0.1147598558	0.1550595188	-0.0057481049	-0.0702086813	0.0033515659	-0.0249368327	0.042426965	0.1551923217	0.0520731235	-0.0622446343	-0.1081459281	-0.015528328	0.0197973601	0.0063176699	0.0696761793	-0.028823135	-0.0133470028	-0.0254367846	-0.0747353279	-0.0349054726	0.052271669	0.0272086325	0.0261876145	0.0426871187	-0.134090258	0.0097362245	-0.0010012162	-0.1234952241	-0.0054844012	-0.0233977067	-0.028726715	0.0214509404	-0.1235212156	-0.0600642081	-0.1664527841	-0.1121369842	-0.0799672751	0.0769163152	0.0118349613	0.0042060564	0.0683849397	-0.0031077694	-0.0679805931	-0.0707718982	0.0392029664	0.0332267911	-0.0898560096	-0.0572292283	-0.0153391613	-0.0490720172	-0.0638712086	0.0010723462	-0.0581733279	0.0142787112	0.0298191703	0.040703099	-0.0913914731	0.0682230877	0.0187445356	-0.041508009	0.0933938398	0.1450997395	0.0581707844	-0.085274677	0.0627116218	-0.0294209952	-0.0089024437	0.0457030134	-0.0746855372	0.0908922084	-0.0915506825	0.0765483197	0.0	0.0742917062379007	0.0002550006488633	0.0055192576157385	6.502533092070486e-08	0.0521305664834841	0.0082239196157019	6.763285384552653e-05	0.0027175959618889	-0.2576410612158142	1.6924187320910278e-05	0.0663789164244109	2.8642811647326015e-10	-0.0010091512780327	-0.0003823109091149	1.0183863019550318e-06	1.4616163122833776e-07	0.0034425507221111	0.0001417241547883	2.008573605045801e-08	1.1851155474307655e-05	-0.0010747682651022	-6.779925196900003e-05	1.1551268236707929e-06	4.596738567555955e-09	0.0	0.0	0.0	0.0	0.0	0.0	0.0	0.0	0.0	0.0	0.0
6208.856883203253	18.5742931816867	38549903.796100415	345.0043671992529	15403.140648692972	26.36387254417241	695.0537755253678	237256741.84341773	6251.597129497001	13.298446871791384	39082466.669535145	176.84868920185806	7372.717413130305	9330.982707693744	1.276753	24.716337	0.0405006742586468	0.0189598921402909	-0.0720313311	-0.0394943985	0.0621112458	-0.0161850633	-0.042705029	-0.0339346588	-0.0726338763	0.1172163985	0.083874819	-0.0753793537	0.0118537055	0.017627591	0.0150972872	-0.0221855539	0.0051365797	0.1023435713	0.0785752193	-0.1170355282	0.0417988208	0.0090640279	-0.0388134062	-0.0898007835	-0.1074586069	-0.0351188999	0.0268641803	0.039815383	0.0618794603	-0.0339009434	-0.036467698	-0.0512306507	-0.1066839616	0.0002856263	0.1273745386	-0.024579582	0.0061869775	-0.109175106	-0.0424728918	-0.0880478139	-0.004747207	-0.0518890763	0.02628748	0.0434980101	-0.0114966758	0.0547542436	-0.0586188212	-0.0277221502	0.0454320336	-0.0745662829	0.0385469509	0.1552999865	0.0074814248	-0.0363567996	-0.056736184	0.0780970414	0.0424083543	-0.0596905606	0.0950086226	0.0320409546	0.0490834754	-0.0046197837	-0.0538835075	0.0124206167	-0.0565867553	0.0306563201	-0.07413733	-0.0040375445	-0.0752750198	-0.0426030037	-0.1198260817	0.0323488457	0.0085939062	-0.0154989252	0.0383512186	0.0118989468	-0.0341032874	-0.1112174972	0.043533303	0.0163984436	0.1573977943	-0.1432745484	-0.013359693	0.0576306763	-0.0750935699	-0.083065442	0.0573418633	0.0318332413	0.0794270727	-0.0257591056	-0.0263323481	-0.1225186485	0.0562597378	0.0139691507	-0.1310778586	0.0614365245	-0.0035666399	0.078207216	0.0554948168	-0.0298248545	-0.0032942423	0.0553060953	0.1746108171	0.0757224882	0.077187279	-0.0375010272	-0.0837590678	-0.0129291101	0.0411432592	-0.0902335576	-0.0797111531	-0.017432205	0.0322575926	-0.0126944951	0.120303893	0.0103045169	0.0497108638	0.0517543583	0.0494223787	0.0192996175	0.1357187991	0.017017286	-0.0679353767	-0.051255733	-0.0413897265	0.0645202718	-0.0078405324	-0.0136226948	0.0126647761	-0.0911987975	0.0030440467	-0.0851822135	-0.0875023186	0.0952031664	0.0298063954	0.0225376468	-0.0350583911	0.02010453	0.0157595266	0.0122539682	-0.0126273634	-0.0778403595	-0.0201144488	-0.0985526426	-0.0632347366	0.0765179012	-0.0369659669	-0.0824667795	-0.013447618	-0.0851445443	-0.0565923665	0.0232783786	-0.0743521016	-0.0357319058	0.0164531368	-0.0428771548	0.0002183992	0.0131358481	-0.0045161328	-0.0828440214	0.0060154099	-0.0144803771	0.0402385332	0.0407470373	0.0588972792	-0.0502127093	0.0006029612	-0.0289159141	0.0025693408	0.0005192324	0.2531099134	0.0724439924	-0.0857821235	0.064573321	-0.033021266	-0.0038200832	0.0400495376	-0.0698639202	0.0884876105	-0.0929374951	0.0825007985	0.0	0.0791478595970716	0.0048561533591709	0.0062643836787977	2.358222544778685e-05	0.0368031909926287	-0.0153273754908554	0.0002349284394376	0.0013544748672399	-0.2537559516397536	0.0038851095760605	0.0643920829925969	1.5094076417997664e-05	-0.0009078706566319	0.0001012806214007	8.242291291732372e-07	1.0257764271332186e-08	0.0033009547661899	-0.0001415959559211	2.0049414733238368e-08	1.089630236843182e-05	-0.000989004125773	8.576413932919998e-05	9.78129160796016e-07	7.355487594878426e-09	0.0	0.0	0.0	0.0	0.0	0.0	0.0	0.0	0.0	0.0	0.0
6191.436128913055	-17.4207542901986	38333881.33840987	303.482680039473	15398.859144251055	-4.281504441916695	18.331280286152392	237124862.94448432	6244.755528627357	-6.841600869644026	38996971.61232194	46.80750245951389	7368.569781520976	9365.572318251943	1.201844	23.266203	0.0343702063449996	0.0187902534462336	-0.0408163298	0.0875753339	0.0143753124	-0.0154318445	-0.0396601985	-0.0855496755	0.0507812459	-0.0155398076	0.052066885	-0.0210193168	0.0111291841	-0.0045739913	-0.0146667141	-0.0563470757	-0.0942258314	-0.0417325415	0.0911560673	-0.0934321589	0.058845699	-0.049208659	-0.0188409428	-0.0213331004	-0.031827063	-0.0279294036	0.0004204705	0.0423126407	-0.010509416	0.0116503479	0.055531443	0.0390736093	0.0249827736	-0.0344371923	-0.0866489934	-0.025324854	-0.0088479165	-0.0647986675	-0.0380169758	0.0008441907	0.0124756406	-0.0186981372	0.0604748187	-0.0720365605	0.0189089994	0.0169942017	0.0034363236	0.084203785	0.0061091462	0.0418618364	-0.1008454037	0.021019223	0.0237075977	-0.0795177916	-0.0057418921	0.1299377523	0.0638248189	0.003333403	0.015378321	0.019438237	-0.1162907829	-0.0188715094	0.050458541	0.1252034781	0.0909675741	-0.0085878809	0.0491699591	0.0250445902	0.0136419785	-0.0069734022	0.036450258	0.0246858031	0.0531218363	0.0036876867	-0.000942559	0.0989660878	-0.0429477791	-0.1229653618	-0.0301310084	-0.0411737339	0.0864107753	0.0497032907	-0.0237245959	-0.0224343574	0.0510729209	0.1406466723	-0.0647470906	0.0933614985	-0.0044422955	0.0377304732	-0.080944473	-0.0746186166	-0.0321321948	0.0486171901	-0.0226468552	0.0139294655	-0.0231078853	0.0322766873	0.0497994938	0.0578452403	-0.0141782327	-0.0164695405	0.0116697855	-0.0154682119	0.043624285	0.0297322947	-0.0390671395	-0.1639319473	-0.0491331447	-0.0255139333	-0.0380894342	-0.0189466804	0.0295734485	-0.0290852824	0.0014160475	-0.0411358378	-0.0643016317	-0.0145802146	-0.1212335584	-0.0857373061	0.071275757	0.06192695	0.0325765789	0.0308189105	-0.0055120988	-0.0703067184	-0.0063440375	0.0414450523	0.0115874273	-0.0096320531	0.0310163367	-0.0901629105	0.1431363866	-0.0824798571	0.0140154705	0.0760949124	-0.0074664409	-0.0501852366	-0.0688053583	-0.0660806859	0.0452779945	-0.0755720784	0.0385724003	0.0394580734	0.0111389041	-0.0169796683	0.0440761009	-0.0206382617	-0.0008856556	0.019451777	-0.1287706492	0.0209864751	-0.0235512873	-0.0110939416	0.0388043964	0.0069608004	-0.0123579002	0.0454676978	-0.1145272803	0.0461471637	0.0398754421	0.0621082119	0.0612681119	0.0787782085	0.0028474646	-0.0857081276	-0.0629756347	-0.0872483595	-0.0345267596	0.0212632555	0.1415603885	0.074713105	-0.0862735657	0.0663868332	-0.0365660973	0.0012736779	0.0342093323	-0.064573321	0.085274677	-0.0932156873	0.087208074	0.0	0.0740777261438268	-0.0050701334532448	0.0054875095106397	2.5706253233712117e-05	0.0482915984132574	0.0114884074206286	0.0001319835050623	0.0023320784773073	-0.2576668102727097	-0.003910858632956	0.0663921851161125	1.5294815246967203e-05	-0.0007167265737195	0.0001911440829124	5.136969814756938e-07	3.6536060432422446e-08	0.0033008965966672	-5.816952270039367e-08	3.3836933711916136e-15	1.0895918341889102e-05	-0.0010758180101013	-8.681388432830008e-05	1.157384390858321e-06	7.536650512167466e-09	0.0	0.0	0.0	0.0	0.0	0.0	0.0	0.0	0.0	0.0	0.0
6174.781399366677	-16.654729546377894	38127925.3299647	277.3800162629928	15346.28266230716	-52.57648194389549	2764.2864535967683	235508391.55142933	6225.209165793911	-19.54636283344644	38753229.15788452	382.0603000167362	7343.798313903063	9277.52698540286	1.076888	20.847197	0.0359991252690464	0.0221861327529579	0.0099360094	0.0956264916	-0.0271225282	0.021009725	0.0573505956	-0.044329484	0.0665167127	-0.1157225268	-0.0280069926	-0.0218567531	-0.01218583	-0.04375409	0.0954293937	-0.0145745896	0.0217188441	-0.0841922272	0.0404982252	0.0826491176	0.0132274563	-0.0992670147	0.1316047749	-0.0593405981	0.0594816636	-0.0648716306	-0.0628361214	-0.0449978868	-0.0201141998	-0.0505573444	-0.0983293852	-0.049208643	0.0738656493	0.0081655563	0.0262783188	0.0149091981	-0.0315220762	0.0753080365	-0.1930898912	-0.0634652974	0.0321648691	-0.0544805695	-0.0356270867	-0.0697604203	-0.1184620672	-0.1503206471	0.0392115411	-0.0684478037	0.1999799345	-0.1079698469	-0.0138423334	0.0151198641	0.1730614874	0.052226549	0.0178698551	-0.0397199841	0.0037069335	0.0723092856	-0.0449608891	0.0038954847	-0.0301481715	-0.037424941	-0.0283744804	-0.0773193804	0.052214859	0.068749499	-0.042046608	0.0242221476	0.0639189326	-0.0977127148	-0.0258299422	-0.0223839562	-0.003425397	0.0605834737	-0.0575978233	-0.0493181581	0.0218030173	-0.1041160252	0.0181370751	-0.0245418863	0.0722581897	-0.024389464	-0.1307266009	0.1372712902	0.0179487726	-0.0648376281	-0.0834039886	0.0744138342	-0.0456218911	0.0402922698	0.0170420333	0.0523430961	-0.0587882287	0.0081075102	0.0489902327	-0.0730919809	-0.0073125348	0.037511385	0.0750643007	0.0993700825	-0.1026113057	0.0232864605	0.1023347743	-0.1045840382	0.0845374452	0.0607674161	0.1079959237	0.0227966826	0.0695395954	0.0716300599	-0.0820417375	-0.0067089086	-0.0920558795	0.0260632835	0.1788869283	0.0096853841	0.0015859458	0.0260752184	-0.0518152627	0.1182788433	-0.0345633752	0.2180992724	0.0137417397	-0.1240729976	0.0576368785	0.0886190323	-0.1166543379	0.1036318345	0.0251025523	0.0038581918	-0.0958650543	-0.0260101291	0.0555861907	-0.0966418956	-0.1118589691	-0.0508369699	0.0293590182	-0.0988553144	0.0885440692	-0.0231588235	-0.0069820941	-2.92637e-05	0.0007877244	-0.0400722849	-0.0510762053	0.0917247097	-0.0370071761	-0.0144833716	-0.0234175336	0.0745848028	-0.0817595367	-0.0250959147	0.0272872041	-0.0231745507	0.0221880115	0.0126897667	-0.011336863	0.0297582077	0.0213886685	0.0166701985	-0.0219673987	0.0655955831	0.0574015777	-0.0305173957	-0.0131887482	0.0328433647	-0.1110895583	-0.0293297178	-0.0622442866	-0.0890553977	0.092642112	-0.0160684761	-0.0867489121	0.0681508051	-0.0400495376	0.0063636379	0.0282096273	-0.0588492543	0.0812827579	-0.0923819408	0.0905990982	0.0	0.0740076435097591	-7.008263406770021e-05	0.0054771312978675	4.911575597867174e-09	0.0360340616227006	-0.0122575367905568	0.0001502472081718	0.0012984535970285	-0.2750959097734267	-0.0174290995007169	0.0756777595740693	0.0003037735094058	-0.0006538284102359	6.289816348359996e-05	4.274915900316044e-07	3.956178969609667e-09	0.0033008416614941	-5.493517309974882e-08	3.017873243499367e-15	1.089555567425513e-05	-0.0010139229818839	6.189502821740017e-05	1.0280398131923392e-06	3.830994518032763e-09	0.0	0.0	0.0	0.0	0.0	0.0	0.0	0.0	0.0	0.0	0.0
6180.302447704569	5.521048337892353	38196138.34510309	30.48197474934391	15356.09893567049	9.816273363330764	96.35922274363708	235809774.5221004	6221.268125299022	-3.941040494888512	38704177.08686161	15.531800182351084	7339.821463491256	9275.670704020264	1.212676	23.475893	0.0452243496452416	0.0269626475122211	0.0956167577	-0.0071237891	-0.0479898655	0.0516857913	0.0139501549	0.1050593699	0.0434631964	-0.0564324422	-0.0639397995	0.0125621269	0.02144081	0.0299047514	-0.0284296974	0.0044490846	0.1229145045	-0.1097476222	-0.0886493625	0.1081879367	-0.0317446051	-0.0915481931	-0.0251381082	0.074091856	0.0077907836	-0.0891958323	0.0176948112	0.0202886172	0.0993389892	-0.0209163752	-0.1038391408	0.0202113424	-0.0007632539	-0.0310213219	0.0320589041	0.040005659	0.0927441629	-0.0135906105	0.0420560218	0.0077080912	-0.0615818184	0.0383320662	0.0283245865	0.1144168119	0.0253898808	-0.1434300548	0.0499172302	0.0538874933	0.0127351721	0.1345561707	-0.083687064	-0.0344991042	0.0425620128	-0.0355712726	-0.0293236744	-0.0137521923	0.007608258	-0.0362081342	-0.1259969566	-0.1157334156	-0.0698647093	-0.1127568187	-0.0525852189	-0.0494895112	0.0246675993	-0.0581632075	0.1054484072	-0.0467018035	0.0069972598	0.0951746143	-0.0178024092	0.0267871244	-0.05416757	0.0750955294	0.0236189593	0.0097962044	0.1026896067	0.0947762948	-0.0203193876	-0.0080299519	0.039025459	0.0833936854	0.1047508097	-0.0070397367	-0.0275924433	0.0011641131	-0.0254095537	-0.0660469518	-0.0976739403	0.0100283825	0.0209263417	0.1020725003	0.0151840436	-0.1130886391	0.0983152791	-0.0195600678	-0.0156551672	-0.0689421942	-0.0597185793	0.0757834798	-0.0521558594	-0.082361072	0.1225803031	-0.0258791191	0.0296377244	-0.0435661608	0.0285813192	0.0896285228	0.0244790386	0.0029851315	0.0698310494	0.0735685565	0.025560904	-0.0632794681	-0.1071186268	-0.0921483574	-0.1300476602	0.0217959278	0.053670589	0.0713622984	-0.0820591711	-0.021783455	-0.0029883964	0.0987718916	-0.0842869988	-0.0457495507	0.0027684472	0.0584654565	-0.0815980429	0.1013993972	-0.0168095143	-0.0752814935	0.0659611774	0.0224042499	-0.1027513023	0.1731480503	0.066154678	-0.0512489201	0.0709620411	-0.1455260301	-0.0951281761	-0.0210244433	-0.0236152075	0.0069820154	0.024255321	-0.049034966	0.0318040029	-0.0179844036	-0.0425638348	0.0922010075	0.0861028637	-0.0458209185	0.0352465896	-0.0892953992	0.0620936194	-0.0144707277	0.0337275407	-0.0177068318	0.0514086351	0.0018560467	-0.0458358736	-0.0958601454	-0.0306889829	-0.0852751777	-0.0509426661	0.0943728621	-0.0536857732	-0.0031918957	-0.1308074932	0.0081369624	-0.054823863	-0.1434057821	-0.087208074	0.0698639202	-0.0434657385	0.0114346062	0.0220783961	-0.0527301444	0.0765483197	-0.090446201	0.0926226898	0.0	0.0738946818703567	-0.0001129616394024	0.0054604240087212	1.2760331976478024e-08	0.0379342090964058	0.0019001474737052	3.610560421828272e-06	0.0014390042197698	-0.3002481870045557	-0.025152277231129	0.0901489737995226	0.0006326370499115	-0.0007589695118852	-0.0001051411016492	5.760347199712587e-07	1.1054651256028432e-08	0.0030558865755527	-0.0002449550859414	6.00029941285587e-08	9.338442762643207e-06	-0.0010028399034545	1.1083078429399968e-05	1.0056878719606308e-06	1.2283462747223084e-10	0.0	0.0	0.0	0.0	0.0	0.0	0.0	0.0	0.0	0.0	0.0
6205.70301041132	25.40056270675086	38510749.85342812	645.1885858195826	15350.490174627505	-5.608761042985861	31.45820043731585	235637548.6013356	6238.066977491657	16.798852192634513	38913479.615671895	282.2014349899814	7345.37664669691	9216.87349577678	1.387119	26.852884	0.0395658191497959	0.022688001415091	-0.0308596918	-0.1021012835	0.0320067028	-0.0843969582	0.0688736008	0.0258383441	-0.1310533527	0.1096731616	-0.0194170022	-0.0479216731	0.1176799022	0.0322257698	-0.0244652431	-0.0386349032	0.1266665515	0.0594573541	-0.0574607365	0.0417673037	-0.0616411034	0.00097089	-0.0421617329	-0.0643008042	0.0803400449	0.0425397522	-0.0239371902	0.0603483805	0.0736859929	0.0664002035	0.0917284209	-0.0453411726	-0.0682720308	-0.0472328511	-0.0159735274	-0.0201854912	0.1104216262	-0.0470538798	0.0655837458	0.0726815815	-0.0073728266	0.0780877397	0.1397493762	-0.091540516	0.0708345817	-0.0482987179	-0.0951218994	0.0097628263	-0.141605299	0.0574690269	-0.0579727845	-0.0406846672	0.0640480218	-0.022882418	0.0966567096	-0.063872132	-0.1184792664	0.0406656919	0.0553118918	0.0927384034	-0.0545317506	0.1172186765	0.0629560666	0.0041842411	-0.0344229245	0.0570860619	0.0347834473	-0.0656976721	-0.0025055018	-0.0677303216	0.0826438806	-0.0041663662	-0.0538185267	-0.0390725197	0.0244790644	-0.1282909383	0.0100153737	-0.0445087479	-0.0452416881	0.0347000389	-0.0271747796	-0.0460464608	0.0196547209	-0.0494651081	0.0022897362	0.0221671259	-0.0526960573	-0.0913083885	0.0730695345	-0.0896973124	0.0098924643	0.0320240544	0.0848543241	-0.0647105167	0.0409202158	-0.0307017152	0.1305206109	0.010734077	-0.0655703401	-0.002411626	0.0451807715	-0.0124430302	0.0030547293	-0.0005312927	0.0745224857	-0.1110088019	-0.077960081	0.0396275217	-0.0460418907	-0.076306627	-0.0347732896	0.1573316988	0.0312784144	-0.0275496331	-0.0473196279	-0.1051422889	0.1011461823	-0.168096671	0.0172007373	-0.0753346001	-0.0437548508	0.0153203639	0.0388497127	-0.0277743526	-0.0114292446	-0.0471332412	-0.0383531307	0.0006800159	0.0981527939	0.0762757147	0.1294243888	-0.0766006593	0.1041707824	0.0086202979	0.1268223269	-0.0437036658	-0.0301499185	-0.0612502883	0.0088016354	-0.0487876696	0.0509833829	0.0259023431	-0.0622877416	0.0725944789	0.0841094771	-0.0284950658	-0.0587150981	0.0607510653	-0.0481267435	-0.0813966528	0.079809175	0.0087272295	-0.0367579325	-0.1277557016	0.0318431703	0.0133427094	0.1551637151	0.0498392432	0.039125482	-0.0350993299	-0.047119106	-0.156713144	-0.013222169	0.0014817768	0.0187243104	0.0716814904	0.0725539196	-0.0075277722	0.0129767573	0.0627137707	-0.098455687	-0.0751991813	-0.0876509655	0.0715249003	-0.0468089647	0.0164714492	0.0158442251	-0.0462570678	0.0711146114	-0.0874315588	0.0932483061	0.0	0.0741566973839411	0.0002620155135844	0.0054992157668934	6.865212935889772e-08	0.0232182243338314	-0.0147159847625744	0.0002165602075323	0.0005390859412161	-0.3001608688234185	8.731818113716372e-05	0.0900965471728294	7.624464757102534e-09	-0.0009317288917212	-0.0001727593798359	8.681187276680156e-07	2.984580332131932e-08	0.0033010111658675	0.0002451245903147	6.008606477699847e-08	1.0896674717181911e-05	-0.0010749659471537	-7.212604369920012e-05	1.1555517875400516e-06	5.202166179698926e-09	0.0	0.0	0.0	0.0	0.0	0.0	0.0	0.0	0.0	0.0	0.0
6201.382193290169	-4.320817121150867	38457141.10725639	18.669460594430465	15409.03544674644	58.54527211893583	3427.5488874802445	237438373.39908823	6247.745494611767	9.678517120109971	39034323.765441634	93.67369364426185	7372.329201896306	9366.57904693936	1.332922	25.803699	0.0327502034553407	0.0257814125335207	-0.0716373863	0.0667706411	0.024033261	-0.0390817162	-0.0557422516	-0.083823059	0.0315637416	0.0560417224	0.0088952485	0.0659272948	0.1301405157	-0.1247135343	-0.0565828644	0.0863430679	0.0159289098	-0.0026926063	0.0717210258	-0.1172887575	-0.0344587315	-0.107080246	-0.0742679704	0.0218419814	-0.0211205293	-0.0260188594	-0.0405550406	0.0676493376	0.0215952551	-0.0008492707	0.0171596795	0.0245436944	-0.0710610876	-0.0093906284	0.0370132693	-0.1196055758	-0.089433159	0.0264229841	0.0046779069	0.0108777552	0.0868760003	0.1251337291	-0.1045438488	-0.0018787811	-0.0157275129	-0.0390040032	-0.059873848	-0.0116707612	-0.0040326786	-0.0344263646	-0.0297771928	-0.0655760873	0.0083937235	0.0037070806	-0.0050506077	0.0199649925	0.0161103829	-0.0543376236	-0.0010672468	0.0083929028	0.0894816807	0.0626514355	-0.0250236177	0.0217463862	0.0671930018	-0.1211624618	0.0491482578	0.0095124712	0.1141152255	-0.0096288316	-0.0967159804	0.0758074066	0.0603771468	-0.010906603	0.0307301456	-0.0874388427	0.0209916406	-0.0748812492	-0.0634540934	-0.0462884088	-0.0094400338	0.0774555273	0.0448994423	0.0212043478	0.1559717974	-0.0496295044	-0.0471346687	0.047691137	-0.0246715524	-0.0553521706	-0.1779854656	-0.0320324198	-0.0365605436	-0.0484508223	-0.0551660233	-0.0416474438	-0.0268657314	-0.025456395	-0.068494021	-0.016142322	0.0175295272	-0.0880076304	0.0399775702	-0.0091465797	-0.0676573178	-0.062490214	-0.0542497756	-0.0953775435	0.0647806066	0.0068018731	-0.0240398133	0.0255490605	0.0070056752	-0.1044886366	-0.0254699586	0.1279490276	-0.0331380987	-0.0399752441	0.0495556248	-0.0787929075	0.0841813971	-0.000393564	0.0122793466	-0.0637287988	0.0213996533	-0.0338187355	-0.0517585288	0.0450605307	0.0673148508	0.0268496821	-0.0143105756	0.0345630498	0.0683050585	0.0713904133	-0.0721816025	0.0153172701	0.0219462942	0.0525867117	-0.0219666044	-0.0039260556	-0.0970051507	0.0527639578	0.0541029683	-0.0850183918	0.0605392322	0.0108610774	-0.0215740032	-0.1682196588	-0.039133581	0.017572253	-0.032864294	0.0921921691	0.0849982676	-0.1651603311	0.0549481143	0.0044748338	0.0494218467	0.0339026133	-0.0353138867	0.0301493918	-0.1186041579	-0.025039762	-0.0402983591	0.068832231	0.0066895906	0.0109402975	0.0479233699	0.0083752205	-0.0121358833	0.0243568666	-0.1057334438	-0.0095837722	-0.0880775042	0.0731325059	-0.0500736032	0.021459135	0.0095361811	-0.039473477	0.0650312701	-0.0833739747	0.0924665046	0.0	0.0741654974507923	8.800066851208377e-06	0.0055005210121234	7.744117658573652e-11	0.0490417848277218	0.0258235604938904	0.0006668562765816	0.0024050966590885	-0.3001637736092277	-2.9047858091657552e-06	0.0900982909873317	8.437780597130752e-12	-0.0010697261534644	-0.0001379972617432	1.144314043405741e-06	1.9043244248621275e-08	0.0033010835538456	7.238797810000044e-08	5.240019373406144e-15	1.0897152629469895e-05	-0.0010747368346992	2.291124545001668e-07	1.155059263859255e-06	5.2492516807090976e-14	0.0	0.0	0.0	0.0	0.0	0.0	0.0	0.0	0.0	0.0	0.0
6191.737482271266	-9.644711018902854	38337613.04936292	93.02045063814612	15379.66663679292	-29.36880995352112	862.5269980860413	236534145.85888124	6239.29939736102	-8.446097250746789	38928856.96990959	71.33655876907247	7368.36179881429	9336.453225293646	1.236772	23.942356	0.0270343208601782	0.016007349178355	0.0803286072	0.0460638005	0.0091155101	-0.0378882148	-0.009664403	0.0305675428	0.0912049019	0.0009811468	-0.0026827243	0.0771677516	0.0943971116	-0.0256099066	0.0739082806	-0.0149568563	0.013764863	-0.0847524763	-0.0292464763	-0.1118317049	-0.0149279329	-0.0429853149	0.067785255	0.0128997615	-0.0414202965	0.0256841484	0.0487671209	-0.0507378003	-0.0278033744	0.0266768188	0.0604785392	0.06131546	0.0096574203	-0.0094432468	-0.0847514136	-0.0581362814	-0.0063401866	-0.0140529994	0.0763969164	-0.0018398142	0.1100187766	-0.0525519485	-0.0622263904	0.1045703853	0.021372594	-0.0540041149	-0.0524033694	-0.0615694833	0.1153686387	0.0317267769	-0.1590211914	0.0314146135	0.0230989739	0.0841078822	-0.0355930296	0.0543964785	0.0443789937	0.139143915	-0.0043914728	-0.0266422404	0.0204538598	0.0203674926	0.0548888979	0.0887799664	0.0171283639	0.0396174813	0.024843893	-0.0365603496	0.0096682869	0.058680795	0.0487922478	-0.044042357	0.01491899	0.0315106399	-0.0111317801	-0.0297704056	-0.0376157245	0.076237926	-0.0216273341	0.0154504879	-0.0346591417	-0.1675795066	-0.0389691909	0.0614165774	-0.0240418751	-0.0373957248	-0.0296420484	-0.0216938499	-0.1040870915	0.0167340156	-0.1074205196	-0.0256746233	-0.0385022835	0.033021798	0.0024499807	0.0535379821	0.0209665052	0.0054841673	0.0557981222	0.0834934998	0.0678483052	-0.1221816361	-0.0077954436	-0.0227656036	-0.0913207694	-0.0542105668	-0.0111530818	0.0073001366	-0.1043729215	0.0896261733	-0.0815681552	-0.0642692233	-0.0204250187	0.0342923695	-0.0683134516	0.1418467684	-0.1215780945	-0.0297508505	0.1097221236	0.0790451137	0.0119883573	-0.0146918435	0.0132968318	-0.0980260083	0.0682878618	-0.1225560643	0.0596270945	0.0770469504	-0.0332256434	0.0022277535	-0.029664177	-0.017115672	0.0313787016	-0.0246404236	0.0012398566	0.0696331602	0.0070463368	-0.0254325595	0.0483452232	-0.0270755065	0.0556887896	0.0416123378	0.0096328445	-0.0591542803	-0.0237594813	-0.0325600003	0.0856319861	0.0521994947	-0.0123356265	0.1165850206	0.0387152691	0.014934323	0.0220942532	-0.1120441922	0.089000756	0.0408149803	0.05069149	0.0205171983	0.0430211686	-0.0166403893	0.016084655	-0.0328223626	0.0084590746	-0.0094918727	-0.1109775484	0.0588800033	-0.0315641926	-0.049280835	-0.0359258217	0.0338174866	-0.0394040697	0.0045201879	-0.0884876105	0.0746855372	-0.0532541728	0.0263827782	0.0031836749	-0.0324249087	0.0583538671	-0.0783218503	0.0902890852	0.0	0.0739011459019849	-0.0002643515488073	0.0054613793656264	6.988174135687028e-08	0.0379641588560986	-0.0110776259716232	0.0001227137971671	0.001441277357651	-0.3002967356858903	-0.0001329620766626	0.0901781294636014	1.767891383044041e-08	-0.0009798462598749	8.98798935895001e-05	9.6009869299083e-07	8.07839527165986e-09	0.0030800351236834	-0.0002210484301621	4.8862408477172956e-08	9.486616363123416e-06	-0.0010749961362092	-2.593015100001931e-07	1.155616692864709e-06	6.723727308838024e-14	0.0	0.0	0.0	0.0	0.0	0.0	0.0	0.0	0.0	0.0	0.0
6190.789676556072	-0.9478057151945904	38325876.81935323	0.8983356737555291	15360.96481799677	-18.701818796149382	349.75802628400635	235959240.1397345	6228.992748531145	-10.306648829875485	38800350.66125359	106.2270101023737	7353.395030652947	9322.329956357142	1.089118	21.083961	0.0234886067556026	0.0125779577756851	0.0858146551	-0.0754804805	0.0211502661	-0.0042662261	-0.0270486868	0.1145831437	0.0038505106	-0.055381199	-0.0187179777	0.0093523228	0.0591936252	-0.1169944905	0.0420135201	0.0728580384	0.0720968511	0.0040140791	-0.1219436005	0.0451481469	-0.0322312426	-0.0794053977	-0.035722922	-0.0361853787	-0.0292402316	-0.0991340159	0.1197643205	-0.0791026074	-0.0865205934	-0.1570079526	-0.0428296836	-0.0664232338	0.0037080997	0.0153927382	-0.0051937466	-0.0677702739	-0.0292736154	0.1109548567	0.1198248063	0.0553496383	-0.0348525678	0.0554103903	0.1024901214	-0.058599298	0.1389948777	-0.0632759049	0.0453923418	0.1108047108	0.1304727795	-0.0973376039	0.1625720004	-0.045008705	-0.0720375754	0.0792487529	0.0801068257	-0.1156976883	0.0270194786	-0.0017122761	0.0120926466	0.057102728	-0.0240736523	-0.0407880673	-0.0305344472	0.0328584347	-0.0031661686	0.005713252	0.09400358	-0.0111255597	0.0095156718	-0.1370912891	0.0834148355	-0.0643646466	0.1372057327	-0.0578219975	0.0112059923	0.0352822696	-0.0227532672	0.0160184975	-0.0148367459	-0.0255993796	0.0747654724	-0.1740581521	0.0734109737	-0.0365605881	0.0546481249	0.0735847611	0.0585245131	-0.1358799709	-0.0525669848	-0.0033108053	-0.0227559951	0.0608964782	-0.0209221527	-0.072910462	-0.0218910582	-0.0889947642	-0.0546733014	-0.0066409318	0.083862601	0.12558293	-0.0085239175	-0.0282128481	-0.0654320505	0.0379762558	-0.03313422	-0.0656938902	-0.0472346066	0.0966259418	0.135534422	-0.0133239353	-0.06840195	0.152216462	-0.1586144304	0.0681386927	-0.0102724732	0.0356235985	0.0449008722	-0.0633456671	-0.0655436927	0.0163783343	-0.018853167	0.00909597	0.0674883995	0.185047057	-0.1003608352	0.0159109319	0.0776987962	-0.0045742863	-0.0445295447	0.020012648	-0.0940879713	0.1152708797	-0.085872167	-0.0140872375	0.0490370247	-0.0262678028	-0.1364718274	0.0804226722	0.0433985745	0.0278723249	0.0393472725	0.0487492684	0.0441966176	0.0241903704	0.0694488643	0.0069032162	-0.0239235551	0.0661607826	-0.0149608986	0.044219401	0.1198465943	-0.026508191	-0.0202851868	-0.139917034	0.0899625132	0.0380240083	-0.0375862819	0.007887434	0.1139512537	0.0469779428	-0.0418113763	-0.0250977169	-0.0636654052	-0.0114112336	-0.0853379229	0.0977629596	-0.022076553	0.0035997178	0.0252506046	-0.0979714614	-0.045061651	-0.1080375397	-0.0888812078	0.0761828353	-0.0563453339	0.0312276849	-0.0031836749	-0.0251586786	0.0511434007	-0.0723354508	0.0867489121	0.0	0.07395016778338	4.902188139509212e-05	0.00546862731519	2.403144855514478e-09	0.0268531861733549	-0.0111109726827436	0.0001234537139566	0.0007210936076608	-0.3002274504662665	6.928521962384915e-05	0.0901365220134745	4.800441658325011e-09	-0.0008879563819746	9.188987790029991e-05	7.884665362894218e-07	8.443749660532029e-09	0.0031424411787954	6.240605511200013e-05	3.894515714641997e-09	9.874936562189024e-06	-0.0009841055297847	9.089060642450018e-05	9.68463693752825e-07	8.261102336213393e-09	0.0	0.0	0.0	0.0	0.0	0.0	0.0	0.0	0.0	0.0	0.0
6193.957743938991	3.1680673829196166	38365112.5337018	10.036650942719149	15336.109574845068	-24.85524315170187	617.7831121302228	235196256.89165455	6228.466171663496	-0.5265768676481457	38793790.85155653	0.2772831975421327	7346.281352480621	9257.887031819822	1.209243	23.40943	0.01607129295257	0.0077680843012954	-0.0748169577	-0.0815013861	0.065102783	0.0203910291	0.0069935084	0.0091166892	-0.1046424643	0.0008329736	0.0124828496	0.002201107	0.1091841701	0.0862410513	-0.011845062	0.0352820831	0.0556119863	0.0285594155	-0.006493112	0.1283794589	-0.1054614669	-0.0070404363	-0.1108065692	-0.1027122094	0.0755701364	0.02068474	0.0427494233	0.0794337933	0.0128910297	-0.0098026627	0.0998847964	-0.0013087233	-0.0026007628	0.1020253551	-0.0455986659	-0.0268027615	-0.010359628	0.2339477671	-0.019933736	-0.0424550786	-0.0021833101	0.0150478775	-0.0454746416	0.0254635168	-0.0730292023	0.0475040028	-0.060036554	-0.0427216414	-0.009247615	0.0322299762	-0.01974292	0.0224264488	0.0368766076	-0.0349451323	-0.093136593	0.0624700648	0.0484624481	-0.0346841454	-0.0969958586	0.0140784255	-0.0522874431	-0.0464171792	0.0140934415	-0.0449975545	-0.1112115185	-0.0147981649	-0.0132903484	0.0113059871	0.0656817548	0.0409270161	0.0321039135	0.0017761593	0.0763654021	0.0948314839	-0.0256144832	0.0156561721	0.1365909487	-0.0468848861	0.0214187929	0.0119443748	-0.1644125763	-0.0463183132	-0.0029096172	0.0626182245	0.1383406064	0.0382172929	-0.0594262628	-0.0461061357	0.0868849211	-0.0636543017	-0.0176757408	0.0608016267	0.1055320563	-0.122408358	0.0774628074	-0.0262050417	0.0643715023	-0.0018748381	-0.0432608041	0.060648199	0.0349413307	0.042071061	-0.0632748798	-0.0956886202	-0.0040839007	0.0695777506	-0.2567130572	-0.1119724006	0.011326093	-0.0085035853	-0.0405269068	-0.0279997821	0.0451891565	0.0200972519	0.0450792752	-0.077778147	-0.0212531395	0.0539376998	0.0215897867	-0.0159794352	-0.0819995588	0.0121566789	0.0342702499	0.0237288313	0.082414663	-0.0287021046	-0.0404563303	0.0513851861	-0.0948175398	0.0533238595	0.0084062995	0.008792163	-0.0787440717	-0.0130484491	-0.0078955005	-0.0208045687	-0.1459065534	0.0192570072	0.0265166434	-0.0574067595	0.0279662265	0.0219734508	0.0631437686	-0.0010169571	-0.1104967812	-0.1076303739	-0.0234014991	-0.1276529395	-0.0189376796	-0.0891519929	0.0011639626	0.0135799069	-0.0271767675	-0.1362057904	0.1141117239	0.0398048881	-0.0262281246	-0.0135269018	0.0307008584	-0.0003987092	0.03290728	-0.0658664959	-0.0623080357	-0.0733574991	-0.1574737343	0.0300685101	-0.013377433	0.0122206716	-0.0089334836	0.0045040156	-0.0557667866	-0.0894829441	-0.0892582227	0.077623283	-0.0593418965	0.0359793958	-0.0095361811	-0.0177235635	0.0434657385	-0.0654861859	0.0818994181	0.0	0.0763756483893303	0.0024254806059502	0.0058332396668906	5.882956169841022e-06	0.0231690031094728	-0.0036841830638821	1.357320484819571e-05	0.0005368027050867	-0.3002074923498838	1.9958116382667868e-05	0.0901245384630055	3.983264095441155e-10	-0.0009168537534695	-2.8897371494900005e-05	8.406208052511108e-07	8.350580793142592e-10	0.0030639966256766	-7.844455311879989e-05	6.153547914008217e-09	9.388075322157591e-06	-0.0010755970284981	-9.149149871339996e-05	1.1569089677139424e-06	8.370694336824069e-09	0.0	0.0	0.0	0.0	0.0	0.0	0.0	0.0	0.0	0.0	0.0
6195.919609062691	1.9618651236996807	38389419.80196757	3.848914763589165	15369.545538922404	33.43596407733639	1117.9636937809298	236222930.0730096	6236.760398129726	8.294226466229702	38897180.26367926	68.79419267310526	7356.466126770407	9339.307483714683	1.400056	27.103336	0.081147220950554	0.0383133752035084	0.008755722	0.0863064159	0.0052106332	-0.1014692814	0.0001943276	-0.0653938446	0.0741783841	0.0477096329	-0.0649551913	0.0958792703	0.1614168932	-0.0967943974	0.0563824708	-0.0016662207	0.1215958469	-0.0673355767	0.0183188875	-0.0534366047	-0.1404283367	0.0461227584	-0.0556564382	-0.0699858636	0.0665214472	-0.0288621853	-0.1057877378	-0.0457538991	-0.0167266898	0.0475261607	0.055826347	-0.0948392889	-0.0156954842	0.0093898734	-0.0271971764	-0.0228673158	-0.0307385049	-0.1140234755	0.0013571063	-0.0662574136	0.0301465523	0.0291362246	-0.136121589	0.1258374804	-0.089336303	0.0778175338	-0.0410668471	0.1104875009	-0.0614504441	-0.0068816966	0.139027218	0.0708325661	-0.0114170985	0.1220987589	0.1068739247	0.0585442543	-0.0571217584	0.1059619224	0.0456875214	0.0633811115	-0.0974683907	-0.0026967371	-0.1909646123	0.0695809096	0.0645226991	0.00389923	0.0561031612	-0.0446832581	0.0516379128	0.0032332772	0.2139135371	0.0822480172	-0.052913685	-0.0498308102	-0.0061168056	-0.017655824	-0.1167776098	0.1092620582	0.0499293866	-0.0123627637	0.0312414995	0.09712788	0.0382053289	0.1418759842	0.0507117663	-0.1034690518	0.0483670225	-0.0003144334	-0.0859058477	-0.0797200047	-0.124542064	0.0795147836	0.0350231327	-0.0364555464	0.0589753474	-0.1214741179	0.0228586963	0.0725237382	0.0363791367	-0.165298012	0.0985304694	-0.0159028998	0.0072508676	0.1133145246	-0.1052185098	-0.0566031268	-0.0587990329	0.0267729052	-0.0371000181	0.175315584	-0.0189303677	0.0122115801	-0.027315679	-0.0389486242	0.0164174552	0.0608909427	0.0286259302	-0.0954058997	0.1098864853	0.0364583712	0.0693307739	-0.0770523086	-0.1517853565	0.0851835308	-0.0356350678	0.1119496704	-0.0475289253	-0.033007787	0.0857928062	-0.1054841812	-0.0662510794	0.0074010049	-0.0970737735	-0.0862442847	0.0255203752	0.0807463359	0.1555783903	0.025933374	-0.0233690486	-0.0257794635	0.0112402822	0.014990359	-0.0235675365	0.0193508985	-0.0254153292	0.1021519162	-0.0408397044	0.1181149713	-0.0314204321	0.073336184	-0.0064621995	0.070815283	0.0270952344	-0.1480896921	0.1099248724	0.0775325509	-0.0193877692	0.0705295871	0.0426808812	0.0626322141	-0.0007016377	0.0167717933	-0.0246752672	0.0304542173	-0.0156542503	0.0639824138	0.1442186608	-0.0187526877	-0.0413595698	-0.0283656775	-0.1528951898	-0.0265173491	-0.0896185849	0.0790058053	-0.0622388298	0.0406237301	-0.0158442251	-0.0101694736	0.0353910162	-0.0578557582	0.0758137976	0.0	0.0890449220189282	0.0126692736295979	0.007928998137357	0.0001605104943016	0.0567764714060388	0.033607468296566	0.0011294619253046	0.0032235677053207	-0.312424192909404	-0.0122167005595201	0.0976088763150924	0.0001492477725609	-0.001187260919458	-0.0002704071659885	1.4095884908722557e-06	7.312003541793221e-08	0.0032456493214514	0.0001816526957747	3.2997701882251964e-08	1.0534239517837932e-05	-0.001074581320964	1.0157075340999286e-06	1.154725015364735e-06	1.0316617948273576e-12	0.0	0.0	0.0	0.0	0.0	0.0	0.0	0.0	0.0	0.0	0.0
6198.943378540711	3.023769478019858	38426899.01035372	9.143181856204484	15386.104393295094	16.558854372689893	274.1956581359512	236732208.4013746	6247.984278547132	11.22388041740578	39037307.54497212	125.97549162422496	7370.851865379881	9338.49274939848	1.336144	25.866083	0.0927502540421346	0.0561154760729662	0.0958832439	-0.0750516555	0.0108427172	0.0473337626	-0.0782585872	0.1233866571	0.0261085037	-0.0092760785	0.007325714	0.0354506391	0.0326331535	-0.0576542936	-0.0818493333	-0.0132428113	0.026331442	-0.00695841	-0.0895166448	-0.1173569472	-0.054978158	-0.0622905149	-0.1122813474	0.0936771334	-0.0578360638	-0.0385203363	-0.0388951201	-0.0972151743	0.0147861558	0.0206535869	0.0504092408	-0.1024814886	-0.0017992963	-0.0222456659	0.0781732308	0.031220567	0.0360059965	0.0619185148	-0.0853430092	-0.0457503456	-0.0864367093	0.015073093	-0.0451616523	0.0670158413	-0.0153259142	-0.0126889417	-0.0195905976	-0.0671335982	-0.0408332867	0.0401457953	0.0610099052	0.0184691807	-0.0325808694	-0.0806103512	0.0983645055	-0.0039191678	-0.1326901046	-0.024916759	0.1287561791	0.0965568275	0.0799777746	-0.0710120897	-0.026350922	0.0342241901	0.0733799633	-0.0679369656	0.058968743	0.0297832031	0.0097271164	0.1484214351	-0.0368118731	0.077302	-0.0759813724	-0.0646762332	-0.0041098397	-0.0964697621	0.0528657148	0.0145191268	0.017508769	0.1103827591	0.0402550364	0.0238387359	-0.0262489837	-0.0113783905	0.0526154826	0.0054427523	-0.0379122571	-0.1219007582	-0.0686853526	0.0285441363	-0.0618366396	-0.0236147111	-0.0024001583	-0.0715529547	-0.0522736446	-0.0247479433	-0.0734232226	0.056791495	0.0012685188	-0.0550980309	0.1894630146	-0.033713745	0.0319092891	0.0818703569	-0.0475510401	0.0211844426	0.0673404866	0.0501375659	0.0934127096	0.0904268117	0.0767837989	-0.0335655841	0.0177569344	-0.0377739212	-0.0864891509	-0.0077340399	0.0225400245	-0.0065983217	0.0010536291	0.0286965674	-0.0804754222	-0.0510368043	-0.1680974774	0.0951083893	-3.56098e-05	0.0558701243	0.050408207	-0.0787570564	0.0909664299	0.0368678601	0.065562944	-0.0105562522	-0.0601047096	0.0510878532	0.0071842876	0.1260614449	0.06148479	-0.0055373244	-0.0477164644	0.0797504172	-0.1058694727	0.0813026583	0.074587441	-0.0049336702	0.1209250952	-0.0782142338	0.0356381746	-0.0396264943	-0.0334899509	0.0307078122	0.1305509711	-0.0473896308	-0.0016124687	-0.114150412	0.0648434984	0.0588153833	-0.1464759513	0.0713748017	0.0412674494	-0.0491049463	-0.0454448862	-0.0450345035	0.0050996266	0.0474864684	0.0769923643	-0.0226190073	0.0688624333	0.0879531115	0.0941981851	-0.0103604822	-0.1623298741	0.0571281443	-0.0899622271	0.0803293705	-0.0650312701	0.0451468273	-0.0220783961	-0.0025471182	0.0269929964	-0.0495351885	0.0685839023	0.0	0.0921761558605709	0.0031312338416426	0.0084964437092322	9.804625371048484e-06	0.0097430922048857	-0.0470333792011531	0.0022121387590794	9.49278457129045e-05	-0.3183222129401528	-0.0058980200307487	0.1013290312511159	3.478664028311403e-05	-0.0005102239552208	0.0006770369642372	2.603284844811569e-07	4.583790509435237e-07	0.0033002807127102	5.463139125879996e-05	2.9845889108720844e-09	1.0891852782686944e-05	-0.0010766653848398	-2.0840638758001188e-06	1.1592083509122349e-06	4.343322238415013e-12	0.0	0.0	0.0	0.0	0.0	0.0	0.0	0.0	0.0	0.0	0.0
6192.609030454405	-6.3343480863059085	38348406.60406545	40.12396567848732	15380.007538485628	-6.096854809466095	37.17163856770985	236544631.88387477	6246.679860531705	-1.3044180154265632	39021009.2799724	1.7015063589693735	7369.375137903076	9298.266235351562	1.303639	25.236814	0.0606226730410654	0.0281118978458205	-0.0932466241	-0.0264231224	-0.005711968	0.0435931739	-0.025302397	-0.0394976312	-0.0569126769	-0.0065227311	0.0945879642	0.0767218152	0.0197377261	-0.0222174317	-0.086011764	-0.0159239261	-0.069051191	0.0672039902	0.0378778647	-0.0218824138	-0.0381092607	-0.0746067885	-0.0646523577	-0.0059083489	-0.0722282304	0.1593878095	0.0572275546	0.029268459	-0.0320639281	-0.0812495732	0.0373013663	0.0282603969	-0.0069620389	0.0677946449	-0.0882130575	0.1469655493	0.0966880108	-0.0354838398	0.0836524138	0.0513372138	-0.0085814049	0.0391577479	-0.0016466193	-0.040406964	-0.0078845822	-0.0270417708	0.0304738638	-0.0795782228	0.1023246073	0.0369406511	-0.0087348027	-0.0481702872	0.0111556456	-0.1018133614	-0.0924283452	0.0103630949	0.0240039561	0.0425062623	0.1447435048	-0.0142187777	0.0227629239	0.0281821229	0.067682322	0.0234134068	0.0651244926	-0.0058671928	-0.0339321633	0.0421818398	0.0725803836	-0.079069815	0.0612978467	0.0024932917	-0.0361749532	0.183070527	0.0046878905	-0.011398993	-0.0558042068	0.0861968323	0.0509568794	0.007660225	-0.0406363919	0.0189191929	0.0072021624	-0.0159875017	0.0491070682	-0.0568442335	-0.0262640105	0.0216117048	0.0770557034	0.0047986855	-0.0613712555	-0.0062518316	0.0177162477	-0.0980375733	-0.0540040475	0.0941402667	-0.0624176638	0.0997900819	0.0734278539	0.0488809736	0.0370128577	0.1017371349	-0.0672862745	-0.0033770138	-0.0625980007	0.0517280291	-0.0773770257	-0.0167100163	0.0088689575	-0.0623212011	0.0773576842	0.0077798371	-0.050862634	-0.0634508318	-0.0707725939	-0.0309101812	-0.0197353562	-0.0404220652	0.0006347888	0.0513422455	-0.0526807885	0.0995270731	0.0232327869	-0.0398189468	0.1671203512	-0.0801734367	0.0146377154	-0.0391958813	-0.0590940467	-0.0552937095	0.0434253966	-0.0886521476	0.0514576666	0.0398424859	-0.0399499623	-0.1089300949	0.0308742883	0.1366289614	0.0153069333	-0.0035167007	0.0116693806	0.0160009969	0.0384917611	0.0223047793	0.0153039185	0.0133006373	0.0157494221	0.1049756865	-0.0314924265	-0.0769045966	-0.0315153981	-0.0216482171	0.0187175143	-0.0879344587	0.0639356432	0.0360705685	-0.1091797735	0.0742853466	-0.0628265252	-0.0848019028	0.027502215	-0.0698169841	0.0112468306	0.0376242961	0.0265994339	-0.0328535418	0.0690453364	0.0814662159	0.0539379081	-0.0251792259	-0.0930569328	0.1019269703	-0.0902890852	0.0815929909	-0.0677145291	0.0495351885	-0.0282096273	0.0050923356	0.0183483952	-0.0406237301	0.0603188546	0.0	0.1038797144298371	0.0117035585692661	0.0107909950700245	0.0001369732831842	0.0233701188318065	0.0136270266269208	0.0001856958546908	0.0005461624542127	-0.3120797654616893	0.0062424474784634	0.097393780010623	3.896815052137501e-05	-0.00073900978831	-0.0002287858330891	5.46135467217991e-07	5.234295742231926e-08	0.0030448640345879	-0.0002554166781223	6.523767946303067e-08	9.271196989126904e-06	-0.000979875088723	9.679029611680016e-05	9.601551894999069e-07	9.36836142237786e-09	0.0	0.0	0.0	0.0	0.0	0.0	0.0	0.0	0.0	0.0	0.0
6191.589209511346	-1.0198209430591303	38335776.939337336	1.0400347559020142	15377.206381238462	-2.8011572471659747	7.846481923350462	236458476.0912009	6234.060358892189	-12.619501639516784	38863508.558311	159.2518216297668	7362.872819282744	9351.305958939733	1.266656	24.520868	0.0259648427560532	0.0140419201184083	0.0532493547	0.0659530614	-0.0185838594	-0.0366042505	0.0069692692	-0.0183848211	0.0885085323	0.0195053965	-0.0302408327	0.0655755637	0.0334489017	-0.0242506435	0.048321973	-0.0714466762	-0.031574453	-0.0757181452	0.0333104397	-0.046676048	-0.0315040162	-0.0484210464	0.0171212166	-0.083920108	0.0964971378	-0.0218764864	0.0657147115	-0.030902805	0.0212477786	0.0043579099	0.0118268138	0.0487928183	0.0608665346	0.1212894735	-0.0159456724	0.0378252497	-0.0039168262	-0.0382009283	-0.0619699316	-0.0109191018	-0.0892643369	0.022708421	-0.0056432191	0.1018801889	0.0696053327	0.0189493496	0.0055182167	0.02308102	0.1250924378	0.0269382635	-0.1330030574	0.0008324418	0.0482488385	-0.0780594977	-0.1752225117	-0.0259375259	-0.0376334168	0.0399413734	0.06628158	0.0682195617	0.0210895758	-0.0200556782	-0.1001411352	0.0607038133	0.0012097509	0.0307117765	0.0851861842	-0.1133448623	-0.0788875668	-0.0409492947	0.0868782736	0.0188447708	0.0703643904	-5.74278e-05	0.0631408637	-0.1012873356	-0.0268266073	0.0530166907	0.0267455092	0.0133694791	0.0440676701	-0.0165966012	0.0006109248	-0.1310258305	-0.0061490542	0.0365955501	0.0297080216	0.0254474478	-0.0710351415	0.0198484312	-0.0741884874	0.0087015166	-0.0170352285	0.027682572	0.0608312719	-0.0127343554	0.0078761655	0.0828705156	0.0639784741	0.1493185738	0.0330958383	-0.0037113843	-0.0179000424	0.0492033593	-0.095405216	0.1118389082	-0.0519631163	0.1272380057	-0.0422726684	0.1472089723	-0.0162070332	-0.0680402503	-0.0153307144	-0.0271588011	-0.059900164	-0.0209171974	-0.0271536585	0.028554331	-0.0532762406	0.0193179204	0.0558641901	0.0229153408	-0.010817645	-0.0464805992	0.0211760977	-0.0291756731	0.0930182294	0.1156878125	0.0100315212	0.0733486303	0.0410568065	-0.0809767458	-0.0652267549	-0.0194457371	0.0353620504	0.0471095862	0.0369630736	0.0103739816	0.0768076571	0.0119740376	-0.0112597426	-0.0472093475	-0.0140602085	0.0055970218	0.0113768492	0.0735679405	0.0400638069	0.018304665	-0.0149937988	0.0911996887	-0.0143391855	-0.0281906165	0.0168307821	-0.0364611882	0.0192844154	0.0697739352	-0.1221632291	0.0964734888	-0.0138199733	-0.0048802389	0.0911811824	0.0182289782	0.0839161663	0.0222410909	0.0716166093	0.0220096744	-0.0299446953	-0.0006961352	0.0887552782	0.0034553458	-0.1284994373	0.113428995	-0.0905990982	0.0827957235	-0.070284102	0.0537757173	-0.0342093323	0.0126976055	0.0095361811	-0.0312276849	0.0511434007	0.0	0.1008234313160727	-0.0030562831137643	0.0101653643023468	9.340866471481375e-06	0.0239969149511978	0.0006267961193912	3.928733752839901e-07	0.000575851927175	-0.3122628159153819	-0.0001830504536926	0.0975080662034036	3.3507468597067225e-08	-0.000542441776258	0.0001965680120519	2.9424308062993414e-07	3.86389833620752e-08	0.0028962983594045	-0.0001485656751833	2.207175984269948e-08	8.388544186689197e-06	-0.0010767156628717	-9.68405741487001e-05	1.1593166186732444e-06	9.378096801449885e-09	0.0	0.0	0.0	0.0	0.0	0.0	0.0	0.0	0.0	0.0	0.0
6181.641289473952	-9.947920037393487	38212689.03172919	98.96111307037484	15368.221432456488	-8.984948781973799	80.72930461469245	236182229.99701497	6227.312599187827	-6.74775970436167	38779422.20800345	45.53226102780709	7349.879243538562	9309.922734996844	1.158566	22.428385	0.0484914132102154	0.0291125881997796	0.0602738044	-0.0715965802	-0.0279072438	0.0454347427	0.0043657422	0.0736501794	-0.0166235003	-0.0879877744	0.0214723512	-0.0189947473	-0.0682663826	-0.0713741867	0.0595830376	0.0156528326	0.0371849441	0.0204740237	-0.0895252039	0.1027145555	0.0609615721	-0.0044320433	0.0061137027	-0.0549469017	0.0203718111	-0.0095806691	-0.0402612321	-0.1211918479	0.0200168996	-0.0498750029	0.010032652	-0.0372728267	0.0601869608	-0.0125936359	-0.0263767398	-0.062001615	0.0780912081	-0.0333673798	-0.1527669662	-0.0781776294	0.0080491044	0.0524878235	0.0441170679	0.0010101892	0.0134868007	-0.024086023	-0.0467425513	0.1636298013	-0.0175959172	-0.0114471802	-0.030200684	0.1150930952	-0.033606966	0.0038686063	0.0160333277	-0.0539057952	-0.0651830585	0.072716474	0.0700956217	0.0153412816	0.0312343278	-0.0503988283	0.0779097992	-0.0461311133	-0.035793416	-0.0273298248	0.0134534085	0.0402764619	-0.0476332787	0.0747137665	-0.0592256656	0.1091955639	-0.0548196148	-0.0152206653	0.0194518948	0.0028150725	-0.062906416	-0.0392960838	0.0345647969	0.0823894829	-0.1060374808	-0.030678732	-0.0532210113	-0.0123537914	0.0480496546	-0.0023109415	-0.0174901729	-0.0695388577	0.0218524441	0.0976658107	0.0604983737	0.0265771975	0.0023578393	0.0267851473	0.0450821883	-0.0319499429	-0.1060613384	0.0700635101	0.0386045722	0.0612820733	0.076971747	0.0174402711	-0.0021999131	-0.031194431	0.0282545638	-0.0201667924	0.0180247106	0.0766004334	0.046536749	0.0873735318	-0.0785078902	-0.012461151	-0.0594233138	-0.0513422374	-0.0206597129	-0.0386483058	0.0442886531	-0.0015751773	-0.0521266354	-0.0158855339	0.0630584775	-0.0466474485	-0.0232357692	0.0428369657	-0.0950780111	0.0026259646	-0.0202672353	-0.0095983903	-0.007832365	0.0225213225	0.0493357248	-0.0979955066	-0.0667190128	0.0256236674	-0.0008793923	-0.0909693791	-0.0186186925	-0.0750746941	-0.0574962819	0.0874024012	0.0315688034	0.0670193625	0.0417542016	-0.0083240661	0.0992819958	-0.0118354499	-0.0548802372	0.0192205906	-0.0116608438	-0.0107487429	0.0472319843	-0.1114627655	-0.0517867156	0.0230488486	0.010595114	0.0324995125	-0.0937851376	0.0485526635	0.0656896624	0.0450021932	0.0262318231	0.0590119689	-0.0143091581	0.013458056	0.0279239135	0.0074539958	0.0092089955	0.0320155345	0.0436364863	-0.0745080424	-0.0052088303	0.0207599247	-0.0908922084	0.0839366709	-0.0727356746	0.0578557582	-0.0400495376	0.020217639	0.0006368538	-0.021459135	0.0411960279	0.0	0.1096418498505045	0.0088184185344317	0.0120213352386405	7.776450544841028e-05	0.0236439166476856	-0.0003529983035121	1.2460780228249e-07	0.0005590347944427	-0.3176813842487433	-0.0054185683333614	0.1009214618981977	2.936088278330701e-05	-0.0007790814703963	-0.0002366396941382	6.069679375148608e-07	5.5998344841868164e-08	0.0028962506368133	-4.7722591199964026e-08	2.277445710838884e-15	8.388267751241446e-06	-0.000635374518823	0.0004413411440487	4.037007791695589e-07	1.947820054302154e-07	0.0	0.0	0.0	0.0	0.0	0.0	0.0	0.0	0.0	0.0	0.0
6184.6153176043335	2.974028130381157	38249466.62674615	8.844843320298441	15335.228416732594	-32.99301572389413	1088.5390865571255	235169230.59336287	6227.477995253571	0.165396065744062	38781482.18136744	0.0273558585636141	7346.423693233429	9225.283717719722	1.192706	23.089293	0.0285208291092925	0.0169947999225655	-0.091151566	-0.0293245291	-0.0185210374	0.0858688251	0.0240717792	-0.0526215372	-0.0947926384	-0.044420393	0.0218640579	-0.0254327089	-0.0254353169	0.0639641442	-0.027481648	0.0384897866	-0.0303135974	0.0154352436	0.0560438833	0.0782316572	-0.004424375	-0.0431633979	0.0036556926	0.0146637914	0.0119464674	0.1056211551	-0.021914598	-0.0429162494	-0.0963143061	-0.0503565625	0.096898534	0.084363343	0.08773686	-0.0140488176	0.0139594766	0.1321220084	-0.0411759807	-0.0254622379	0.0474601762	-0.1069535552	0.0415860617	0.0297859775	-0.0383346892	-0.1099152566	-0.0098762142	-0.0380673764	0.0167463801	-0.0136780145	-0.1052020582	-0.0723437082	0.0336439025	0.0016855304	-0.0932871217	-0.003418991	-0.0157102097	0.0805435399	-0.0456432106	0.0014762053	-0.0448496603	-0.035808009	0.0586642039	-0.0804333672	-0.0073736305	0.1748154253	-0.0722155029	0.0758161592	-0.0432417482	-0.0425670252	-0.0371294329	0.0176556746	-0.0228422266	-0.1348726306	-0.028354957	0.0380249302	-0.019661777	-0.0044493508	0.094806857	0.0280179135	0.0418493507	0.0907227526	-0.104842863	0.0225847663	-0.0009128121	-0.0175649432	0.0054899649	0.1086140479	0.0400373319	0.0537713114	0.08672497	0.0342024949	0.0320928232	0.0299806555	0.0372470237	-0.0571884705	0.0329976968	0.0562508573	-0.0619424158	0.0622466417	0.011935628	0.0620214838	0.0116137368	0.0812466393	-0.1154921755	-0.0640849	0.0214424894	-0.0570242282	-0.0429147439	-0.0266189747	-0.1022853403	-0.0748816031	0.0679791669	-0.0738788861	-0.0219981849	0.0318715437	-0.0119611249	0.0329528076	-0.0495427655	-0.0613755146	-0.1354085827	-0.0477466697	-0.1152170686	-0.0949811716	-0.0832312897	-0.0474056841	0.0531505599	-0.0194933697	-0.0775857878	-0.0572355482	0.0266013127	-0.0702882888	-0.0950266676	0.0440439752	-0.039268463	-0.0845308901	-0.0243682002	-0.0043635317	-0.0306286004	0.0262073255	-0.0271195545	0.1279487296	-0.0313409434	0.020640916	0.0122431629	0.0581803219	-0.0204218215	0.0250058395	0.0114738427	-0.018147981	-0.0216729223	-0.0772224887	-0.0811268684	-0.0523411886	-0.0224489664	-0.0091803255	0.0439080818	-0.0041703821	-0.1219780238	0.0243537545	0.0198650797	-0.065853737	0.0590381656	-0.0535451356	-0.0443723974	-0.0721954194	-0.0279602551	-8.79621e-05	0.0894894575	0.0411716725	0.0512552964	-0.1052342585	0.0578019438	0.0889476311	-0.091168361	0.0850149816	-0.0750651311	0.0617631348	-0.0457030134	0.0276019556	-0.0082682911	-0.0114346062	0.0306268741	0.0	0.1098281308282338	0.0001862809777292	0.0120622183212236	3.470060266378296e-08	0.0354929503557173	0.0118490337080316	0.000140399599814	0.0012597495249534	-0.3175540087590818	0.0001273754896615	0.100840548478963	1.622451536651165e-08	-0.000861227906758	-8.214643636169998e-05	7.417135073787662e-07	6.748037006926825e-09	0.0028963842981564	1.3366134309989244e-07	1.7865354639267165e-14	8.38904200260694e-06	-0.0008802571997956	-0.0002448826809726	7.748527377919909e-07	5.99675274403282e-08	0.0	0.0	0.0	0.0	0.0	0.0	0.0	0.0	0.0	0.0	0.0
6193.898973310971	9.283655706637546	38364384.4915827	86.18626327938388	15394.305234498615	59.07681776602112	3490.0703973596687	236984633.65291148	6228.548671685377	1.070676431805623	38794818.55555367	1.146348021624021	7347.179641820538	9250.599944856642	1.224652	23.707733	0.048096453432299	0.0239380036360717	-0.0002825655	0.1059140098	-0.0079502098	-0.0225646423	0.1197048776	-0.0918076538	0.05648891	0.0314129417	-0.0688822927	-0.0190984096	-0.0791274176	-0.0030949067	0.0901221488	-0.0144699636	0.0572412899	-0.0760540775	0.0671952116	0.0224899593	-0.1383000084	-0.0103254412	0.0246611279	-0.0497751079	0.0510975164	0.0045740771	-0.030963557	-0.1064596088	0.1113892924	-0.0313866679	0.1084085026	-0.0001374466	0.0658898719	0.0223120793	0.0686353435	0.0365096487	-0.0285559482	0.1285295038	-0.039172914	-0.061836634	-0.099563216	-0.060211498	-0.0764817211	-0.0654080805	-0.0925312591	-0.0089821554	0.0308221881	0.0109321237	0.0088167975	-0.0155400328	-0.0353605537	-0.0770694705	-0.0754705712	-0.0745639766	-0.0134756087	-0.0978971108	0.014657284	-0.0103702355	-0.065106335	0.0169314268	0.01912582	0.1211833222	-0.0218431596	-0.0016129222	-0.0267100383	0.0449267375	-0.1001937994	-0.0165464873	0.0959799974	0.0170114553	0.0791037165	-0.0322318372	0.0892718047	0.0845284892	-0.0793079958	0.009820395	0.1108114797	0.0364682773	0.0051175609	0.1168369119	-0.0255398159	-0.0493577577	-0.039995875	-0.0168811951	-0.0006904502	-0.0068078727	0.0452755677	0.0975370676	-0.0416407831	-0.0514400175	0.0355045764	0.060957666	-0.0338226122	0.0394161789	0.0701302807	-0.0458583526	-0.0237707891	0.1161278671	0.0183907921	0.0381181466	0.1153996764	0.0558459807	0.0848484294	-0.0381458215	0.0321762977	0.1519832053	-0.0328859922	-0.060590983	-0.0027562613	0.0332030306	0.0571532156	-0.0287833637	-0.0017300724	0.1162462718	0.0816040912	-0.020050828	-0.0930977029	0.04700093	-0.0668822837	-0.0178535421	-0.13532219	0.0638511974	-0.0461196162	-0.0552253389	-0.0224551582	0.0688294485	-0.015077045	0.0722641871	-0.0148402926	0.0585099232	0.0235098057	0.1234499418	0.0778012395	0.04690954	0.0240786078	-0.0748204139	-0.0357241358	0.0616721217	-0.1250677892	-0.0298506412	0.0403059005	0.0140967393	-0.11802226	0.0097000982	-0.1511007871	0.0049878129	-0.0158777214	0.0080936996	0.0029333247	0.0686408001	-0.1267903602	-0.005360977	-0.0432803938	0.0174483145	0.0068159495	0.0747744759	-0.0343342275	0.0688694078	0.0439501086	0.0582377881	0.0555757107	-0.0104012825	-0.0186493333	-0.0894577564	0.018027433	0.0207618071	0.0073743845	0.0402337627	-0.025235994	-0.1236386169	0.0252658468	-0.0293932605	-0.0914275044	0.0860298509	-0.0772685604	0.0654861859	-0.0511434007	0.0348009859	-0.0170979051	-0.0012736779	0.019595462	0.0	0.1073477511104812	-0.0024803797177525	0.0115235396684778	6.152283544238459e-06	0.0528077046260335	0.0173147542703162	0.0002998007154414	0.0027886536678704	-0.3112378328898515	0.0063161758692302	0.0968689886219711	3.989407761104686e-05	-0.0010278693729075	-0.0001666414661495	1.0565154477612575e-06	2.7769378240454992e-08	0.0026519420912134	-0.0002444422069429	5.97519925351643e-08	7.032796855149302e-06	-0.0008516380013881	2.8619198407500083e-05	7.252872854083173e-07	8.190585174878553e-10	0.0	0.0	0.0	0.0	0.0	0.0	0.0	0.0	0.0	0.0	0.0
6201.551419699378	7.652446388407043	38459240.01117537	58.55993572744399	15399.22624728046	4.921012781844183	24.21636679907383	237136169.01493144	6243.391266438924	14.84259475354702	38979934.50584583	220.3026190180215	7355.010597038921	9242.134104642688	1.25412	24.278189	0.0285118682816951	0.0135023566757447	0.088140307	-0.0424453807	0.0365769529	0.1009934531	0.0513301833	0.1110969879	0.0342653954	0.0434076857	-0.0052914129	-0.0638013543	-0.1267216069	-0.0212487655	-0.0444311384	0.0092351175	0.0105114576	-0.0666982739	-0.0699442086	-0.0054278443	-0.0671587087	0.0815254778	-0.0196680763	0.1428244557	-0.0649017237	0.0771530362	-0.050108734	-0.0499412358	0.0107118818	-0.0179966545	0.0637079032	-0.0429597405	0.0922866997	0.0738768521	0.0527001541	0.0949904622	0.0036185338	-0.109420047	-0.0159905863	0.0607007458	0.0049385016	-0.014902932	-0.026585045	0.0397295835	-0.1160163922	0.0280076737	0.0279604789	0.0291104214	0.0414218947	-0.0666962343	-0.010628403	0.0400977283	-0.0375329464	-0.052032816	0.0847656342	-0.0341972883	0.0640844081	-0.1886662741	0.0692291231	0.0695526214	0.0276097758	0.0949903431	-0.0464014638	0.0203215322	0.0035188784	0.0290625638	0.0028743992	-0.0455066978	-0.046543281	0.0047459867	0.0038872	-0.0002581173	0.0633885942	-0.0035805941	0.0420676955	0.1103189756	0.0281662483	-0.1611105925	-0.0485801003	-0.0368930283	-0.0738986083	-0.0556381079	0.0969366729	-0.007426673	-0.0520325775	0.0639252288	0.0057976737	-0.0554907451	-0.0725302046	-0.0239769739	0.1353272181	-0.0121770804	-0.0144206676	-0.0399046194	0.0082465152	0.0563677656	-0.1033873239	0.0894642704	0.0493287177	-0.0885778276	0.0940224079	-0.0451756608	0.0001474363	-0.0505211092	0.0293051344	0.08619	0.0359142568	0.0025789228	-0.0646384609	0.0080380486	0.2026111808	-0.0648511206	0.0025926775	0.02849938	-0.0066057105	-0.0185862006	-0.0148924361	0.0493843567	-0.0613064498	0.0984659463	0.0315326743	0.058047315	-0.0047523964	0.0423391473	-0.026468458	0.0210845395	0.0415488553	0.0147832916	0.1598125866	-0.0660002313	0.0136634638	-0.0709572909	-0.0243093069	0.0401399568	0.0365769948	0.0287858901	-0.0434849372	0.0512033065	-0.0076605595	0.0108556971	-0.0099007696	0.0234983971	-0.0398343439	0.0482169118	0.002183545	0.0307082521	0.0074959485	-0.1067814911	0.0066084801	0.0562274596	0.0257567505	-0.047815125	-0.1355054796	-0.0168447814	-0.015593391	0.0507735943	-0.1111750816	-0.0643301188	0.0386628389	-0.0227058335	0.0296219357	-0.0090067899	-0.1442950859	-0.051718912	0.0260235034	0.0118110846	-0.015829071	-0.0051583083	-0.0274675423	-0.0710156928	0.0217239268	-0.0091542246	-0.0916695905	0.0869805215	-0.0793422632	0.0690138005	-0.0563453339	0.0417664042	-0.0257713294	0.0089024437	0.0082682911	0.0	0.1096315879456852	0.002283836835204	0.0120190850754925	5.215910689834625e-06	0.0432346413773103	-0.0095730632487232	9.164353996405482e-05	0.0018692342150246	-0.3177561840819294	-0.0065183511920778	0.100968992522309	4.248890226326321e-05	-0.0011159941629949	-8.812479008739999e-05	1.2454429718386877e-06	7.765978627948312e-09	0.0026209352497303	-3.10068414831003e-05	9.614242187581099e-10	6.869301583278829e-06	-0.0007680372928448	8.360070854329996e-05	5.898812832003691e-07	6.9890784689417875e-09	0.0	0.0	0.0	0.0	0.0	0.0	0.0	0.0	0.0	0.0	0.0
6217.108225796797	15.556806097419212	38652434.6912702	242.0142159526996	15377.618615259098	-21.607632021361496	466.8897615705667	236471154.27636316	6247.11142512486	3.72015868593644	39026401.15792556	13.839580648548338	7356.017625056771	9270.46178524747	1.2982	25.131521	0.0401348528716181	0.0208427238245666	-0.0880496872	-0.0590116522	0.0885124343	0.0173825741	0.030071355	-0.0496866364	-0.081048939	0.0983078568	0.0722757731	-0.0434777858	-0.0314476496	0.0438191556	-0.0897364173	-0.0636737003	-0.0437023241	0.1011560048	0.0291966022	-0.0349731006	-0.0481523311	0.0021763385	-0.0235609847	0.1039640931	-0.0172190882	0.0631913898	-0.0223099406	0.0339714451	-0.0272329147	-0.0202754566	0.1548077828	0.0538803068	0.0197568249	-0.0944963314	-0.1035647692	0.0064478053	0.0218508566	0.0710055748	-0.057747535	0.0291593532	0.015163332	-0.0208312146	0.022589662	-0.0149400874	-0.0099836018	0.0071027965	0.0289388579	-0.0545053896	0.0036852463	0.0348689304	-0.003111217	0.0987508495	0.01641142	0.0256109897	0.0278922363	0.1138296089	0.0411596753	0.0499681213	0.0802244974	0.0124415798	-0.0902271667	0.0109386758	0.0941199468	-0.0755488673	0.0160271902	-0.0207740298	-0.0128883655	0.0021165297	0.01051616	0.0860462856	-0.0097524615	-0.0674540134	-0.065113069	-0.0812964107	0.0527252047	0.0690592947	-0.0629707731	-0.0250232878	0.0751015786	-0.0051335219	-0.0058672717	0.0676616948	0.0379826149	-0.0562861606	-0.0260291023	-0.0027458414	0.0436587062	0.0203172626	0.0934913196	-0.0989222049	0.0487851187	-0.0526264514	0.0013306667	-0.0927956179	-0.0396740436	0.0992034016	0.0462343606	0.0769619396	-0.0381085922	0.0064002359	0.0934188244	-0.0127877031	-0.1063820547	-0.0681312171	0.0683871691	0.0181161725	0.0094623475	-0.1069706632	-0.0231938597	-0.0330773789	-0.0327383147	-0.1039760602	0.0147933826	-0.0258561185	0.1068418346	-0.0511768081	0.0310951358	0.0418691486	-0.0447597676	0.0754127447	0.0313310407	-0.0300551039	-0.0115391343	-0.0112766108	0.0706269825	-0.024332284	0.0070919797	-0.0779049753	-0.0234861036	-0.0457782213	-0.0219792479	-0.0846761965	0.0093971336	-0.0107410976	-0.0049937844	0.0102518952	-0.0615682571	-0.0670854215	-0.0321108126	-0.0702169907	0.0121277801	0.0569934234	0.0391396816	-0.0973675414	0.0178551226	-0.074004123	0.0101490491	0.101947264	-0.0089470667	-0.0922437586	-0.06994518	0.026409537	-0.121560028	-0.0426458856	-0.0502242944	0.0490694171	-0.0769658059	-0.0534231276	-0.0429429342	-0.0269632634	0.1318534665	-0.0691779316	-0.1318022149	-0.041264401	-0.0160124857	0.0560523261	-0.0071562001	0.0106841154	0.0379153381	-0.0230013896	-0.0384075564	0.0175120658	-0.0918945739	0.087866284	-0.0812827579	0.0723354508	-0.061284559	0.0484514532	-0.0342093323	0.018972371	-0.0031836749	0.0	0.104982082138477	-0.0046495058072082	0.0110212375701299	2.161790425126279e-05	0.0293259662727507	-0.0139086751045596	0.0001934512431641	0.0008600122978305	-0.3307438022473548	-0.0129876181654253	0.1093914627250373	0.0001686782256108	-0.0011343531076693	-1.8358944674399903e-05	1.2867569728789984e-06	3.3705084955767665e-10	0.0025870082258852	-3.392702384509994e-05	1.1510429469859802e-09	6.6926115607976896e-06	-0.0008875324002138	-0.000119495107369	7.877137614292689e-07	1.4279080685128849e-08	0.0	0.0	0.0	0.0	0.0	0.0	0.0	0.0	0.0	0.0	0.0
6215.874685252193	-1.2335405446046934	38637098.10275905	1.5216222751836437	15422.959281052215	45.340665793117296	2055.775974563157	237867672.98499468	6246.292604088872	-0.8188210359876393	39016171.29589535	0.670467888975871	7363.231973667639	9396.67633498223	1.314544	25.447937	0.0487055603753534	0.0281233030873346	0.0201884697	0.0988177743	0.0716205903	-0.0911121642	0.0219821056	-0.0727477339	0.0921119013	0.0892681302	0.0081839774	0.0142998191	-0.0120164527	-0.0430720453	0.074746236	-0.0693862479	-0.0289815795	-0.0278618744	0.065047282	-0.0769759577	-0.0179320451	0.0344128143	0.0621215274	0.0467639932	-0.0388171399	-0.0323986605	0.0381145041	0.0522089642	0.0434304101	-0.0680175737	0.0090142015	-0.1014153598	0.0838413963	0.0001745011	-0.1391237463	-0.0371738603	-0.1088542059	-0.0207013099	-0.0011991378	-0.0489813054	0.0229398923	-0.0318003328	-0.0429612658	0.0471639536	0.1176040303	0.0261577403	0.1340242203	-0.0349713048	-0.0899931258	-0.0334416591	0.0398685001	-0.0091754021	-0.0848297276	-0.0390796927	0.054685698	0.0219861078	0.0085911826	-0.0157694713	0.0304036022	0.0104665387	0.0702899067	-0.0266116185	0.0030603173	-0.1378946186	0.079169967	-0.049138022	-0.0213164158	0.0336677813	0.0825573472	-0.0703697869	-0.0240564662	0.0341450731	-0.0609396234	-0.0055544286	-0.0411281522	0.1387980548	0.0181258209	0.0142636667	-0.0413340804	-0.1188486776	0.023218944	0.0174939292	-0.0333727929	-0.0445398292	-0.0378891229	-0.0471769239	-0.1077389585	0.0782111828	-0.0541019306	-0.0945044757	0.0190194496	-0.0412220561	-0.0450252717	0.0341410602	-0.0234727795	-0.0118635618	0.0680293239	0.0809933979	0.0177189944	0.0173240822	-0.0556576113	0.0128554478	0.0625964523	0.0803530441	-0.011318132	0.101142044	0.0921871382	-0.1540065205	-0.0039724932	0.1281670427	-0.0239838421	-0.0759025979	-0.0100742461	0.0174523946	0.0360184171	0.1370552659	0.062828867	0.0919944265	-0.0396997946	-0.0526873352	-0.0190696184	-0.0752036271	0.0283440962	0.0454964682	0.0070646359	0.0260217451	0.1098803978	-0.0824727151	0.0445726607	0.0133331369	-0.0304024477	0.0642352331	0.0275588213	0.04371205	-0.0068249838	-0.0951586823	0.0643452109	-0.0529936556	0.0609646132	-0.132521882	-0.1099985453	0.115800156	0.0877499097	0.0641536254	0.0680717353	0.0433044017	-0.0077924651	0.044524507	0.0032516222	0.0743096761	-0.0954378258	0.0481838336	-0.0611731816	0.0219976343	-0.0623829804	0.0682296721	-0.0054327759	-0.0033433137	-0.0377176378	0.0570503197	0.0785623804	0.05258613	-0.0638654421	-0.0020055156	0.0296644368	0.0478068918	-0.0761169085	-0.0616754351	0.0749057848	-0.0563349348	-0.0237584896	-0.0368719828	-0.0921024127	0.0886864774	-0.0830867868	0.0754412237	-0.0659380473	0.0548112574	-0.0423348324	0.0288159833	-0.0145875891	0.0	0.1093166075235814	0.0043345253851043	0.0119501206804647	1.8788110314114435e-05	0.0529678264447426	0.0236418601719919	0.000558937552392	0.0028055906382803	-0.3355106285074569	-0.0047668262601021	0.1125673818414687	2.272263259399905e-05	-0.0010991327398206	3.522036784869994e-05	1.2080927797455388e-06	1.240474311397736e-09	0.0024938868327142	-9.312139317099993e-05	8.671593866107951e-09	6.219471534385264e-06	-0.0006966271900704	0.0001909052101434	4.852894419453812e-07	3.644479925989575e-08	0.0	0.0	0.0	0.0	0.0	0.0	0.0	0.0	0.0	0.0	0.0
6201.31310737272	-14.56157787947268	38456284.2556727	212.03955033994805	15393.808393904932	-29.15088714728336	849.77422147365	236969336.86825797	6237.569889310761	-8.722714778111367	38907278.12403626	76.08575310028243	7356.282554190393	9371.391235079354	1.272947	24.64266	0.0458215979428354	0.0194004535742076	0.0816045721	-0.0423096433	0.026377508	0.0546908318	-0.0755781313	0.1000876377	0.0525224953	-0.0553704766	0.0316487855	-0.009378236	-0.0290413567	-0.0486806579	-0.0704818864	0.00443331	-0.1382143884	-0.0052101259	-0.0824763805	0.0216659248	0.0676824919	0.0012366385	-0.0059891413	0.0413916613	-0.110519945	0.037856891	-0.0582192178	-0.0529939771	-0.1385609025	-0.0700111511	0.0025102743	0.0199338273	0.0016915635	0.0243740211	0.0435433455	0.0972765811	0.0707040546	-0.0163297896	0.0228757877	-0.0052042972	-0.0936546053	-0.0997537856	-0.0648241706	-0.0197187022	-0.0160736266	-0.096113169	-0.0967558999	0.0769858153	0.0579998749	0.1089745633	-0.0312198712	0.0236804391	-0.012723038	0.1555519601	-0.017727103	-0.0925086363	-0.0211016966	0.0867418507	-0.0318584783	-0.0521905966	0.012550476	0.0247212187	-0.0306759658	-0.0432271438	0.0286457894	0.057667698	-0.0244577428	0.0389764828	-0.0352245918	0.0496851285	-0.1375288803	-0.0056243617	0.0275292712	-0.0260437161	0.0252491021	-0.0956263002	0.0708079189	0.0851459511	0.0714759091	0.0112410513	0.0325720174	0.0768386597	0.0236100638	0.0743210923	-0.0188261922	0.0081252352	-0.0040458323	-0.0527179732	-0.0393818174	0.0496377886	0.0840091034	-0.0390959856	-0.0185149425	-0.001200487	-0.0843740038	0.0005166292	-0.0872434011	0.0252051821	0.0666936104	-0.0049984982	0.0397522316	0.0032326747	-0.1147655837	0.0313096638	0.1292971764	-0.0080522247	0.0540388712	0.0624897487	0.0448677587	-0.0215433369	0.0135007532	-0.0443747913	-0.0146673466	0.0029788566	-0.03161206	0.0590317876	-0.0080224049	-0.07758431	0.0473515962	0.1318270679	-0.1165833348	-0.0119979606	0.0493737221	-0.0613293004	-0.1643770627	-0.0827288094	-0.0202247138	-0.0269054513	-0.0874982033	0.013052375	0.0152345651	0.0366337357	0.0184403574	-0.0338926479	0.0179219378	-0.0046329761	0.0458815012	0.0429074431	-0.015145462	0.0645036986	-0.0552469761	-0.0613129626	-0.0343985641	-0.1113464176	0.0058294001	0.051978785	0.0541952054	0.0453429126	0.0270898979	0.0385797861	0.0310577655	-0.0724277636	-0.1086404064	0.0422923321	-0.0510479889	0.0524838066	-0.0885413172	-0.0433654122	-0.0015398592	0.0084756222	0.0276483917	0.0780119688	-0.0781400751	0.0192265607	0.0212192425	-0.0517182999	-0.0830580774	0.0725310515	-0.0117700723	-0.0921053936	-0.0232944569	0.0010894327	-0.0922930681	0.0894404896	-0.0847513209	0.0783218503	-0.070284102	0.0608031248	-0.0500736032	0.0383158593	-0.0257713294	0.0	0.1051569669580345	-0.0041596405655468	0.0110579876998131	1.7302609634543278e-05	0.0392545884696744	-0.0137132379750682	0.0001880528957608	0.0015409227159234	-0.3291435226537516	0.0063671058537053	0.1083354585049206	4.054003695228846e-05	-0.0008262531292218	0.0002728796105988	6.826942335488166e-07	7.446328188055272e-08	0.0024107576125376	-8.312922017659997e-05	6.9104672471696365e-09	5.811752266407989e-06	-0.0006210037498755	7.562344019489999e-05	3.856456573594325e-07	5.718904706911614e-09	0.0	0.0	0.0	0.0	0.0	0.0	0.0	0.0	0.0	0.0	0.0
6194.311309188311	-7.001798184409381	38369492.5951382	49.0251778151985	15369.98138041436	-23.827013490572423	567.7265718799204	236236327.6342841	6242.263548619539	4.693659308777569	38965854.21042419	22.030437706874327	7362.099801902603	9312.640221496522	1.262331	24.437153	0.0172936225890745	0.0089439633443665	-0.0864640679	-0.0554527294	-0.0088315927	0.0548563766	-0.0417186197	-0.0117113507	-0.0968680781	-0.0538537499	0.0746239042	-0.018834784	-0.0290204677	0.0829711576	-0.0416474336	-0.0210852595	-0.1138912122	0.1052332596	0.0418358163	0.0305880068	0.0389585784	-0.0281522304	0.0123232217	-0.0579715049	-0.0174029838	0.0473397302	0.107707886	0.0589400485	-0.0418402634	-0.0826275001	0.0198039368	-0.0320405096	0.0395249891	-0.0189478847	-0.0535102948	-0.0545402249	0.06772966	0.0066045282	-0.0108101905	0.0112091442	0.0308551919	-0.0388046853	0.0245985139	-0.0210009694	-0.0241238867	0.007461035	-0.0336268161	-0.0211909954	0.0481671708	-0.0366590503	-0.01597359	0.0717776068	-0.02128525	-0.0458646446	0.1128276133	0.066800402	0.0722970256	0.1162634376	0.0539691032	0.0291318941	0.059348327	0.0207967816	0.0560108399	-0.0280113986	0.0611690043	-0.0915422883	0.0113394207	0.0586392082	-0.0548404527	-0.0999730005	0.0097175975	-0.0096821356	0.0329466125	-0.0464344142	0.0366708	0.1540904703	0.0810604045	0.0201370539	-0.001163893	0.0029984697	0.0995306877	0.034064172	-0.1014884109	0.0280092882	-0.0731961538	-0.0102452643	-0.0104960269	0.0291607154	0.1191162041	0.0412218965	0.0252484181	-0.0300505354	0.0125633631	-0.0256006725	-0.0150202292	0.0913501184	0.0328475467	0.0384903205	0.0914114171	0.0489937469	-0.0515513346	-0.0019473277	-0.0173970063	0.0244349353	0.0752637773	0.0247147223	-0.058326164	-0.0203471432	0.0074946784	0.0068487534	-0.0985951911	-0.0146154435	0.0205720051	0.0103729277	0.0966045405	0.0104050687	0.0073795208	0.039142118	0.0206302064	0.0055684609	0.0373805502	-0.0118304637	0.0010116106	-0.0061562878	0.0363858557	-0.0029481376	-0.0650442268	-0.0710363215	-0.0569782583	-0.0457959894	0.0899035183	-0.0475559875	0.021014734	0.0388639218	0.015645136	-0.0423808665	-0.0644617606	-0.01924428	-0.0888950778	-0.0005037074	-0.0126964238	0.0904673393	-0.0308388632	-0.0783844277	0.014859234	-0.0032203695	0.0133958473	0.0716963678	0.011452267	-0.1174645703	-0.0559420885	-0.0363828855	-0.0311206241	0.0428238786	-0.0182807347	-0.0295624054	-0.0418998368	-0.0313102699	-0.0404092874	-0.011850795	0.0691129167	0.0200078175	-0.0079169372	0.007155	-0.0281510617	-0.0608254716	0.0050837803	0.0188848805	0.0011843255	-0.0295423884	0.0126298729	0.0064639461	-0.0924665046	0.090127758	-0.0862735657	0.0809687338	-0.0743024598	0.0663868332	-0.0573549508	0.0473586783	-0.0365660973	0.0	0.1092839850264937	0.0041270180684591	0.0119429893832708	1.703227813738865e-05	0.0330819594355631	-0.0061726290341112	3.810134919275375e-05	0.0010944160400962	-0.3287558103289925	0.000387712324759	0.1080803828250724	1.503208467701004e-07	-0.0008768235432837	-5.05704140619e-05	7.688195260565826e-07	2.557366778392013e-09	0.0023802519970501	-3.0505615487500057e-05	9.305925762712033e-10	5.665599569460989e-06	-0.00056995451619	5.104923368549994e-05	3.24848150525377e-07	2.606024259876781e-09	0.0	0.0	0.0	0.0	0.0	0.0	0.0	0.0	0.0	0.0	0.0
6187.553927027559	-6.757382160751149	38285823.59987417	45.66221366643787	15376.791809854629	6.810429440269218	46.38194916088569	236445726.3636124	6237.548806063001	-4.714742556537203	38907015.10801797	22.228797374422964	7356.547251945015	9358.412291875562	1.250969	24.217196	0.0112761804146382	0.0066770779447728	-0.0081671486	0.1070219931	-0.0615265326	-0.0265073684	-0.0023299751	-0.0802041575	0.0512879543	-0.0643566577	-0.0466437859	-0.0092376742	-0.0299981311	-0.0779509947	0.1150559789	0.0393026256	-0.0707080658	-0.0804489945	0.0713623443	0.0076015036	0.0027518626	0.0064630304	0.0096923794	0.0461911039	0.0293720523	-0.0657764226	0.0551949058	-0.0123112189	0.0675484306	0.0491985143	-0.1065747338	-0.0393821341	0.0330417517	0.0027057498	-0.124889122	0.1073075701	-0.0317029248	-0.1189512526	-0.0760989243	-0.0485926325	-0.0068669863	-0.0608790078	0.0206036946	-0.0171422662	0.0992965638	-0.0993043978	-0.0629589988	0.0452143086	-0.0535003256	0.0097713157	-0.0260860208	0.0365427273	0.0388911769	-0.0021016331	-0.051310656	0.0537571472	0.0106491369	-0.0902739408	0.046915388	0.0633588159	-0.0243585473	-0.0249203426	-0.0308499108	0.0335297861	-0.0171950393	0.0062703515	0.1229118314	-0.0700264773	0.0615990622	-0.0541574966	-0.0350340154	-0.0058791969	0.036735723	0.0598843277	-0.0681193287	-0.0278212062	0.075957746	0.0043596336	-0.0504605853	-0.0574087285	-0.025771065	0.0338931007	-0.0771516888	-0.0915728034	0.0205847733	0.038048601	0.0505467287	0.1029737748	-0.0200176702	0.0287465272	0.0114136547	0.0264818664	-0.0364808045	0.0622947021	0.0140991004	-0.0517579349	0.0021073552	0.0143051691	0.05803433	0.0137035474	-0.1228380343	0.0325847051	0.096715419	0.0174756861	0.0272598633	0.1827086877	0.0690627341	-0.0266448592	-0.1091688711	0.0449517747	-0.0742340228	-0.0115938156	0.0041799628	-0.0782543734	-0.0730737097	-0.0635497883	-0.0262016247	-0.095084456	-0.1222290448	0.0152416975	0.0376073887	0.002908773	-0.0115753522	-0.0220780156	-0.0400745457	-0.0496322666	-0.0603736792	0.0634183963	0.054266476	0.0028850937	0.0362821831	-0.0128069453	-0.0098443476	-0.0123935257	0.0749566917	0.07835205	0.0724446577	-0.0082872979	0.1045531569	-0.0718093424	-0.0466579182	-0.0416618534	0.068961425	0.1004796408	0.0927887633	-0.0036085046	-0.0251016442	-0.0482180319	0.0184164827	0.0322934793	-0.0913518224	-0.0190082823	0.0418486946	0.0652894033	-0.0239617073	0.0025628642	-0.0268339963	0.0307293169	0.002107068	0.0638447092	-0.0067655337	0.103339547	0.1025169703	0.0303872791	0.0917112	-0.0085199688	-0.0290020889	0.0451201253	-0.0779141191	-0.0535913959	-0.0390098288	0.0686648843	-0.0926226898	0.0907477697	-0.0876509655	0.0833739747	-0.0779743851	0.0715249003	-0.0641123601	0.0558365714	-0.0468089647	0.0	0.1092283993441043	-5.558568238939188e-05	0.0119308432232751	3.0897680866943503e-09	0.0336770482476822	0.0005950888121191	3.541306943093235e-07	0.0011341435786767	-0.3270239415654927	0.0017318687634997	0.1069446583570307	2.9993694139862872e-06	-0.0008902280512466	-1.3404507962899996e-05	7.925059832263191e-07	1.796808337274494e-10	0.0024937808241076	0.0001135288270575	1.288879457305176e-08	6.2189427986867806e-06	-0.0006208939243022	-5.093940811219991e-05	3.85509265235386e-07	2.5948232988212583e-09	0.0	0.0	0.0	0.0	0.0	0.0	0.0	0.0	0.0	0.0	0.0
6182.317102965798	-5.236824061761581	38221044.76162341	27.424326253845063	15372.66129248253	-4.130517372099348	17.061173761214505	236318715.21339065	6229.967763044658	-7.581043018343735	38812498.328575656	57.47221324597828	7349.85986930426	9332.646275288758	1.221659	23.649784	0.0199693791299912	0.0111246654510812	0.0917050145	-0.0055465831	-0.1063577609	0.1167566123	-0.033769012	0.0684012723	0.0949044239	-0.0992695978	-0.0122868859	-0.0031971883	-0.0689087144	0.0933421243	-0.0402461356	-0.0158223114	-0.0209240306	-0.0662908592	-0.0502479619	0.0631885308	0.0939313098	0.0448504362	0.0305161911	0.014784159	-0.0113039868	0.0392772162	-0.0226865728	0.0577988394	-0.0239342614	0.0316462928	0.0043537192	-0.0087411692	-0.0141469055	-0.080389088	0.0278392685	0.0147649583	-0.0209075889	0.014814757	-0.0039260578	-0.0243763607	-0.0134723802	-0.0445614516	0.0432286233	-0.009232969	-0.0727613978	0.059309848	-0.0421682983	-0.0496603664	-0.0382371563	0.0219008105	0.0833464161	-0.1010601586	0.0076813176	-0.0120309228	-0.1158374342	-0.0890347688	0.0526872904	-0.0635161593	-0.0939433988	-0.06237356	0.0685815333	0.0341913121	0.0007148346	-0.0891132077	0.1210027349	-0.108038116	0.0035347886	-0.0411664723	-0.0811168205	0.033806571	0.04610238	0.0398145134	-0.0405703002	0.1325266357	0.0922434643	0.0954817884	0.000552624	0.0400869383	-0.0471505229	0.0012378834	0.0313222041	0.0303799428	-0.0636132789	-0.0367456365	-0.0871988218	0.0151079306	-0.0120763615	0.0012578393	-0.0528144408	0.1231310211	0.0876704053	-2.7579e-05	-0.0010061626	0.0230953272	0.0235774487	0.0680540112	-0.0085905988	-0.0815151159	-0.0321708397	-0.0281318924	-0.0607495828	0.023536009	0.0005503342	0.0116793631	0.0380584083	0.0154839139	0.0728572762	-0.0088932203	0.0072917461	-0.0095385449	0.0764325843	-0.0462341821	-0.0166237028	0.0222179042	-0.0074166218	-0.0517160886	0.0302296454	0.0396336146	0.0746724166	-0.088574907	-0.0925067446	0.1098959255	-0.0230850125	0.0611257875	0.0082822671	-0.0320857022	0.0052596166	0.0520572303	-0.039943212	0.0242392918	0.1552778736	0.1427065823	0.0389736473	0.0487131116	-0.1494763263	-0.0071054278	0.0419134458	0.0220930041	0.0223920783	0.0824435987	-0.0361702689	0.059080943	0.0123653423	-0.0060207705	-0.063663898	0.0099755012	-0.0386074223	-0.0363147517	0.0165424725	0.0629837144	0.0356569818	-0.1074899477	0.0130330092	0.1086362665	-0.0348530911	-0.0769803062	-0.0156877658	-0.0524279004	-0.0040314229	-0.062828363	-0.0625116445	0.0204415078	0.0602290926	0.0335660955	0.0184279192	-0.010172007	0.0137070813	0.057894822	-0.0797560349	0.0073084779	0.0058109142	0.0616416813	-0.0927615946	0.0913000619	-0.0888812078	0.0855303949	-0.0812827579	0.0761828353	-0.070284102	0.0636484088	-0.0563453339	0.0	0.1092332101576971	4.810813592798224e-06	0.0119318942013556	2.314392742465216e-11	0.0351055431789717	0.0014284949312894	2.040597768719791e-06	0.0012323991618906	-0.3339807755612867	-0.0069568339957939	0.1115431584445185	4.839753924503509e-05	-0.0008978491025107	-7.621051264099926e-06	8.061330108792694e-07	5.8080422370039085e-11	0.0023307519966913	-0.0001630288274162	2.6578398568733707e-08	5.432404870080482e-06	-0.0005599590151963	6.0934909105899945e-05	3.1355409869961013e-07	3.713063147744288e-09	0.0	0.0	0.0	0.0	0.0	0.0	0.0	0.0	0.0	0.0	0.0
6192.651118467764	10.33401550196595	38348927.87506005	106.79187639487256	15357.873009790348	-14.788282692181385	218.69330498387143	235864263.38484684	6242.256922179857	12.289159135199045	38965771.48250234	151.0234322502461	7353.608445995425	9241.302382500367	1.278036	24.741188	0.0196142774183854	0.0136472271135511	-0.0440940037	-0.0909636667	-0.0522017522	-0.045572682	0.0663248516	0.01842572	-0.15199262	-0.0128184711	-0.0165842288	-0.0556954181	-0.038195372	0.1179391149	0.0205124182	-0.0382018944	0.0193133052	0.0892478088	-0.0404936613	0.0240390665	0.0095815136	0.0347350789	0.046237361	-0.0186684722	-0.0705561566	-0.0161749086	-0.0556625033	0.0312034791	0.017773118	0.0518415237	0.0412052828	-0.05183427	-0.0153902486	-0.1344228928	0.0055409686	-0.1108688172	0.1519532324	0.0115676047	-0.0298044466	-0.1033493744	-0.1019695934	0.0478638704	0.1268414368	-0.0796970801	0.0243552665	-0.1044713827	-0.0052748643	-0.1425870086	-0.0286852069	0.0475178525	0.0927536693	-0.0647406375	0.0962469681	0.0625379339	-0.1036669962	0.0210627929	-0.0829044412	-0.1135337173	-0.0339597221	-0.0222441673	0.0376900154	-0.0013405814	-0.0410779814	0.0383809826	-0.0379111535	-0.055946243	0.0960869786	0.0333441412	-0.1781961523	-0.0498480119	0.0214665843	-0.0080068634	0.0397578439	-0.1183083348	-0.0776335091	0.0381045437	0.0248695598	-0.0321642475	0.0234344928	-0.1129722347	0.0202902849	-0.073675052	0.0911281385	0.0257254867	0.0677878819	0.0028714965	0.0178791797	-0.0436599851	0.1116725082	0.0056977325	0.0793387371	0.0161876393	0.0473859188	0.0550485832	-0.0091193627	0.0496492653	0.0716017029	0.0002141855	-0.0650000426	-0.0155041728	0.0419186108	0.0269438388	0.0348254873	-0.0406859182	0.1483404036	-0.1477481871	-0.0190580428	0.0420351777	0.0281343332	-0.0157804027	-0.1288265532	0.1036378986	0.0846415855	-0.1255577642	0.0797350696	-0.1333581717	0.0668163283	-0.0373836096	-0.0185225197	0.0158499191	-0.0562481763	-0.0295831064	-0.0942474841	0.0105997524	0.0425706828	-0.0202047698	-0.0066864477	-0.078351999	0.0250985315	0.0797077905	0.0720029145	0.042440671	0.039616827	-0.0016618687	-0.1419430863	0.1168263109	-0.0659440455	0.0224503171	0.0885382767	0.145327337	0.0520784251	-0.0009228779	0.0985437574	0.1275472578	0.0569484563	0.0113337701	-0.0009024951	-0.0396883362	0.0140014521	-0.1090694668	0.0231869738	-0.0491178264	-0.0109606009	0.0962916509	-0.012147771	-0.080386871	0.0865592234	0.0261112278	-0.0193316285	-0.0523913434	0.0482605076	-0.0554831948	0.0914111913	-0.0384619704	0.0945217454	0.0114198696	-0.0126972501	0.0111611365	-0.0501467198	0.0437449124	0.0496268922	0.0379255375	-0.092883193	0.0917842227	-0.0899622271	0.0874315588	-0.084212153	0.0803293705	-0.0758137976	0.0707010056	-0.0650312701	0.0	0.1091994486683489	-3.3761489348208e-05	0.0119245195894713	1.139838163009162e-09	0.0218788073450753	-0.0132267358338964	0.0001749465408196	0.0004786822108429	-0.3340289531578975	-4.81775966107989e-05	0.1115753415477608	2.3210808151928613e-09	-0.0008457826653027	5.206643720799997e-05	7.15348316926539e-07	2.710913883534604e-09	0.0023177672318983	-1.2984764792999936e-05	1.6860411672953066e-10	5.3720449412615086e-06	-0.0006210198631659	-6.106084796959996e-05	3.8566567044659325e-07	3.728427154766599e-09	0.0	0.0	0.0	0.0	0.0	0.0	0.0	0.0	0.0	0.0	0.0
6198.070270971717	5.419152503953228	38416075.08390342	29.36721386110254	15385.0513488512	27.17833906085252	738.662114106662	236699805.00678813	6235.630482133063	-6.626440046793505	38883087.50970702	43.90970769374871	7351.198523360692	9301.137306357045	1.321913	25.590582	0.0341439173492814	0.0216677636054387	-0.0838518929	0.0926002699	0.0172317005	0.0100190483	0.0252227619	-0.1209391136	0.0237863178	-0.0089800374	-0.0199983549	-0.0539966188	-0.0449139029	0.0056161762	0.025809045	0.0563319743	0.088119548	0.0161447895	0.1403760993	0.0295006797	0.0197741682	0.0450076785	0.0248136727	-0.0048859273	0.0387351231	-0.086578288	-0.0111414168	-0.0115807054	0.1785351501	-0.0122022272	-0.0993804221	-0.0372839799	-0.0010461995	0.1147819591	0.0123964	-0.068425544	-0.0665658449	-0.0610733162	0.0800119202	-0.0331362388	0.0958892768	-0.0428520164	0.0104118431	-0.0650780154	-0.0005479338	0.1085496307	-0.1049333132	0.0187113464	-0.0044330316	0.0208068984	-0.0181590813	-0.0392187968	0.0450081754	0.0015726698	0.0362716289	0.0098113377	0.0220476249	-0.0153259111	-0.1022201997	0.0318411983	0.0109122229	-0.0060381807	0.0652220012	0.0412661786	-0.0360931344	-0.0658945873	-0.0014663324	0.1253872534	-0.0376876702	0.0288150681	0.0944007957	-0.0284320987	-0.0237041739	-0.0666751486	0.132029959	-0.1479887806	-0.1646987587	0.0189837012	0.0603688211	-0.0543693098	-0.0914180824	0.0043391301	-0.004799643	-0.0153648942	-0.1221025369	0.0968483605	0.0370328602	0.1269125854	0.0195746936	-0.0263788111	0.0284922379	-0.0114810605	-0.0324200474	0.033619914	0.0151539786	-0.11052471	-0.0257814286	-0.0787444805	-0.0211058957	-0.0932539289	-0.0988099517	0.0149585506	0.1237975045	0.0140996952	0.0057859257	0.0665181455	-0.0714022425	-0.1276188409	-0.0542372102	-0.0246221134	-0.096385131	0.0789727067	0.0187701581	0.0505289016	-0.0310816865	0.0134637045	-0.0302495764	0.0052203752	0.0839473284	-0.0102272832	0.0848918454	-0.0076629086	0.0906755782	-0.0244259037	-0.0122906835	0.0601953143	0.0345198812	-0.0001254279	0.019005352	-0.0109759285	-0.0009577103	0.0940083931	-0.0675487554	-0.0702806704	0.0749727229	-0.0785519353	0.0486912208	-0.045272929	-0.102890141	0.0340708085	-0.0220801665	-0.1310539331	-0.0853020772	0.0783329422	0.1092264297	-0.057242632	0.1087828928	-0.0107100558	0.0051109807	-0.0156125246	-0.0867782533	0.0558998976	0.0865860175	0.0681294267	-0.0378566044	-0.0586571725	0.029364382	-0.0636562625	-0.0419441316	0.0463064783	-0.0987630581	0.0424254087	0.1065823084	0.0006732552	0.0345815078	-0.03520132	-0.1013045287	-0.0811941252	-0.0557714697	-0.0339071352	0.0416524819	-0.0076984486	-0.0929874623	0.0921998906	-0.0908922084	0.0890717925	-0.0867489121	0.0839366709	-0.080650933	0.0769102337	-0.0727356746	0.0	0.1092463045283125	4.685585996359876e-05	0.0119347550530927	2.195471612928377e-09	0.0335195394056171	0.0116407320605418	0.0001355066429053	0.0011235595219647	-0.3339343817950464	9.457136285107026e-05	0.1115121713448398	8.943742671508792e-09	-0.000574726503144	0.0002710561621587	3.303105534161303e-07	7.347144304420346e-08	0.0024936795127947	0.0001759122808963	3.0945130570173854e-08	6.218437512532011e-06	-0.0006212865814293	-2.667182633999971e-07	3.859970162641062e-07	7.113863203111024e-14	0.0	0.0	0.0	0.0	0.0	0.0	0.0	0.0	0.0	0.0	0.0
6193.274016991064	-4.796253980653091	38356643.04953663	23.004052246930623	15381.65941764735	-3.3919312038506177	11.5051972916555	236595446.44049945	6226.254127963965	-9.376354169097796	38766240.46598832	87.9160175043576	7347.022038313023	9325.754496790843	1.453934	28.146345	0.1126041883165531	0.0456096272271564	0.0914707191	0.0166556996	-0.031187791	0.0059690789	-0.0131269749	0.0702422042	0.0621840881	0.0497589323	-0.0336274701	0.029256911	-0.0015692102	0.0823475929	-0.0988672642	-0.0307965558	0.0300421403	-0.1019923019	-0.0779813146	0.016850442	0.0789693035	-0.0407393986	0.0218461984	-0.0063066322	0.0279807598	-0.039032513	0.1511730749	0.1770275958	-0.0567895905	0.0455710781	-0.0148800743	0.0473876099	0.0115441593	-0.0082361059	0.0943033523	-0.0387124208	-0.0362313971	-0.0561013976	0.0312146626	0.033764842	0.0204314863	0.0871309047	-0.0323190091	0.0146336174	-0.101294511	0.0913834897	0.0823238806	0.0302169072	-0.0163744686	-0.0170615253	-0.0247238498	-0.0922265945	-0.0480462702	-0.0502294781	-0.0133568555	-0.0545119236	-0.0443349548	-0.0510753676	0.0269366357	-0.0798178655	-0.0542094326	0.1041878431	0.0394876652	0.011596489	-0.0292226667	0.077406842	-0.128857808	-0.0229470485	0.0232387248	-0.0291662495	-0.0105166036	0.1051238773	0.0358082947	-0.0617578476	0.0326550458	0.0663203125	-0.0040291002	-0.0282460662	-0.0324693115	-0.0575540885	-0.0164168459	0.0019542662	0.0105082804	0.1368416587	-0.0455392213	-0.0247275959	-0.0017188944	-0.0571999032	-0.1058028703	0.0079295408	-0.0325600503	0.0295791447	0.0277893029	0.0032127557	0.0712477127	0.0825692689	0.0410226617	-0.1695337116	-0.1055416242	0.1205725975	-0.1074171583	-0.1124423612	0.0300109305	0.0727074135	-0.03656724	-0.1081069616	0.038834655	0.0464776003	-0.0147683726	0.0235686928	0.1727939019	-0.0548903649	-0.0284986614	0.060521362	-0.0388089608	0.1044832278	0.0757379339	0.0243874834	0.0138967755	-0.1472041473	-0.0259581597	0.0538902658	0.014673423	-0.0103629849	0.0280512552	0.0021938019	-0.0128720362	-0.0085108009	0.0089378413	-0.006807946	-0.0803590414	-0.0573212897	0.0682003321	0.0523200038	-0.0039469049	0.006059214	-0.0269288329	0.0641160907	-0.0179453185	0.0266366758	0.0617281643	-0.0729436908	-0.0833974233	0.0445103653	-0.0568279768	0.0296946586	0.0382855087	-0.0201161874	0.0263790594	0.0907803721	0.1003069692	0.0315356036	0.0865850806	0.0076098052	-0.0374934415	-0.1099243436	0.1038073447	-0.0542509304	-0.0373566406	-0.0756385749	-0.0387258342	-0.0332314977	0.074781397	-0.034410277	-0.0862263583	0.013771525	0.0585006233	-0.1196204989	0.0354190181	0.1294673546	0.0191405302	-0.0154579113	-0.0930743832	0.0925467555	-0.0916695905	0.090446201	-0.0888812078	0.0869805215	-0.0847513209	0.0822020253	-0.0793422632	0.0	0.1022139241759845	-0.0070323803523279	0.0104476862954539	4.945437341980876e-05	0.0467652704406447	0.0132457310350275	0.0001754493906522	0.0021869905193866	-0.353479227431194	-0.0195448456361475	0.1249475642253537	0.0003820009909408	-0.0011777918284542	-0.0006030653253102	1.3871935911734878e-06	3.636877865914974e-07	0.0020621211549627	-0.000431558357832	1.8624261621465254e-07	4.2523436577447e-06	-0.0002002856387105	0.0004210009427188	4.0114337073672937e-08	1.7724179377011834e-07	0.0	0.0	0.0	0.0	0.0	0.0	0.0	0.0	0.0	0.0	0.0
6215.79989442732	22.52587743625645	38636168.32756269	507.4151542732475	15372.329196334387	-9.330221312962747	87.05302974886432	236308504.92047465	6237.585645771098	11.331517807132514	38907474.688329645	128.40329581336124	7347.261557209591	9210.342929125542	1.346151	26.059809	0.0466633903058492	0.0221049377903093	-0.037756315	-0.0914333573	0.0193797532	-0.0694924973	0.1123632812	0.0298710594	-0.1375714828	0.1613662132	-0.0479497802	-0.001995693	0.0167651867	0.0758232948	-0.0541938637	-0.0377050303	0.1120768697	0.0670981456	-0.046126458	0.0517825627	-0.029491574	0.0086009763	0.0094063114	0.0633874494	0.1111486238	-0.0700980719	0.0110019928	0.0384778075	0.0034458932	0.0529520117	0.0677834329	0.1017233772	-0.1556245067	-0.0534586462	0.0735988302	0.0168915679	-0.1075731215	0.0166243593	0.0108017879	0.0710643192	-0.0241877281	0.0066940237	0.0087031618	-0.0545114086	0.04252965	0.0156801407	0.0036412905	0.0876283392	-0.0240170671	-0.0291296135	0.1455932198	-0.023364538	-0.0279194239	0.1096962185	0.056004155	0.0813651317	-0.002098656	0.0907093706	-0.1228791231	-0.1146551436	-0.1477434903	-0.0848598134	-0.0210153052	-0.0564939237	0.0315683791	0.0783947699	-0.0196020947	-0.0544645192	-0.0212479147	0.033448855	-0.0502653313	-0.0111961197	-0.0667803732	0.0400523518	0.0596987418	-0.0099073758	0.0261912243	0.0215217187	0.0173582929	-0.007482408	0.0519675585	-0.0090882194	-0.0246716024	-0.0094883613	0.0658673147	0.0122322953	0.0064173337	-0.0787189228	0.0699253839	-0.1081243185	0.0049425547	0.0453005982	0.005160568	-0.0093647029	0.0387675261	-0.0201672083	0.1330290203	-0.1139183718	-0.1352616764	-0.0369621533	0.0305422375	-0.0640126491	-0.0649127064	0.0118373615	0.059913058	-0.0872747489	-0.0200199029	-0.0482583659	-0.0215230879	-0.2288493277	0.0277400543	0.0248797576	-0.0074805949	0.0473288644	0.0014437227	-0.0588148098	0.0333687012	-0.0056245167	-0.0590830858	-0.0593245095	0.0170245655	-0.0220321909	0.0285461328	0.0358831856	-0.1346009122	0.1516154086	0.0075931704	-0.015154361	-0.1236622361	-0.0209480844	-0.1483454218	0.0254285327	-0.0714673918	-0.1126498668	-0.1127214411	0.0199375625	0.0066980721	-0.0153609703	0.0175093743	-0.0414261833	0.0352868047	-0.002671373	0.0103688825	-0.1518311455	-0.0766342765	0.0284052873	-0.0785594267	0.0141424988	0.0196345185	-0.0880644514	0.0969086347	0.0861767835	0.020247673	0.0057831482	-0.0490348586	-0.0638169042	0.1782585091	0.0075621594	-0.025443993	-0.0198312265	-0.0417073105	-0.1732065584	0.0056383085	-0.023536524	0.0955174207	0.0135716475	0.1072347685	-0.0348414595	0.0632251403	0.1193684432	0.1034127535	-0.123922741	-0.0931439394	0.0928245585	-0.0922930681	0.0915506825	-0.0905990982	0.0894404896	-0.0880775042	0.0865132565	-0.0847513209	0.0	0.1090126828180473	0.0067987586420627	0.0118837650151881	4.622311907302352e-05	0.031320977020627	-0.0154442934200176	0.0002385261992436	0.0009810036015266	-0.3536094647657677	-0.0001302373345737	0.1250396535719327	1.6961763316871016e-08	-0.0010560489710781	0.0001217428573761	1.1152394293151135e-06	1.4821323322097428e-08	0.0019597431068687	-0.0001023780480939	1.0481264731537356e-08	3.840593044919385e-06	-0.0004619667514243	-0.0002616811127138	2.13413279421521e-07	6.847700475113251e-08	0.0	0.0	0.0	0.0	0.0	0.0	0.0	0.0	0.0	0.0	0.0
6223.055806813255	7.255912385934607	38726423.57471217	52.64826455235925	15408.513256732924	36.18406039853653	1309.2862269249397	237422280.78291425	6252.254286044565	14.668640273466735	39090683.65736263	215.16900747237025	7373.799810114172	9396.92863895352	1.338226	25.906376	0.0606741450308116	0.0305932149900787	0.0079101471	0.0774334811	0.1050698849	-0.1069336215	-0.0250390653	-0.0361793662	0.0514849123	0.1122808349	0.004300266	-0.0120653245	0.0248958462	-0.0150886127	0.0446054162	0.0321362327	0.0444480192	0.0243228594	0.0014575227	-0.1158507028	-0.0180737571	0.1273901833	-0.0161966147	0.006500038	-0.0176365242	0.050338215	-0.0332824495	-0.0362959317	-0.0821451199	-0.0054354999	-0.1002507691	0.1029722076	-0.0468296624	-0.0007953136	-0.0076553307	-0.1666611792	-0.0843235133	0.0882325824	0.0405527406	0.0527259999	0.0392615414	-0.0270054989	0.0572763186	0.0221296788	0.0258678713	0.0062482319	-0.0783445355	-0.0240593903	-0.0712771195	-0.044870064	-0.0012176241	0.0643067619	0.0913156192	-0.0557256003	0.0121426278	-0.077417831	-0.0105652368	-0.002304848	0.0486762311	-0.0031119473	-0.0742670286	-0.0502231028	-0.0323188292	-0.0604484784	-0.1158954041	-0.0194268594	-0.0253991277	-0.0257923235	0.0076322329	-0.0458612076	-0.0061268162	-0.0560681702	-0.0101815613	-0.0313217424	-0.0197713751	-0.087964862	-0.1809354828	-0.0007601376	0.0254939991	-0.0283141898	0.0933421471	-0.0256923793	0.0574377373	0.0733039984	0.0072162098	-0.1238102982	-0.0466607309	0.0146942401	-0.0506385566	-0.0848546223	-0.0549328355	-0.0868105687	-0.0035445164	0.0731302271	-0.0430128371	-0.0129375261	-0.0022141238	-0.0709959489	-0.0502655415	-0.1253870843	-0.0062485938	0.0227456165	-0.0760958981	0.0077192073	-0.1098070128	-0.0514326362	0.0168884329	0.0687426676	0.1071004691	0.0215851035	-0.1782622047	0.0667536428	-0.0281463733	0.0740259039	-0.0044449239	0.0429600689	0.0017802447	-0.0468400625	0.0005840342	-0.0020209055	0.0913357804	0.0424477865	0.0066030951	0.0099601299	0.0501960413	0.0050765366	0.0128334085	0.0449028687	0.022236414	0.0258948611	0.0174677713	0.0065661052	-0.0353300585	0.1394478679	0.0847436195	-0.0194558134	0.0209611286	-0.047682008	-0.024138715	-0.0752135178	0.0660714517	-0.0437251952	0.0428302071	-0.0212392839	-0.1047693276	0.0023321675	-0.013356996	0.0672709587	0.0181962715	0.030930077	0.0147361615	0.1520224355	0.0275731405	0.0205357671	-0.0643057541	0.0078208596	0.1707618685	-0.0008736091	0.0214661434	-0.0282771202	-0.0405262115	-0.0433627157	-0.0257250142	0.064165367	-0.0116814672	-0.0062414457	0.0255569988	-0.0078830216	0.0581064831	0.0466657623	-0.0050104926	-0.0424310152	-0.0931961179	0.0930330924	-0.0927615946	0.0923819408	-0.0918945739	0.0913000619	-0.0905990982	0.0897925	-0.0888812078	0.0	0.1090463388725879	3.3656054540601166e-05	0.0118911040215152	1.1327300072399203e-09	0.0452736800248203	0.0139527030041933	0.0001946779211232	0.0020497061029898	-0.3339039482726349	0.0197055164931327	0.1114918466720544	0.0003883073802611	-0.0013343655859718	-0.0002783166148937	1.7805315170258654e-06	7.746013812588813e-08	0.002062914194967	0.0001031710880982	1.0644273419387162e-08	4.255614975796345e-06	-0.0006201244380112	-0.0001581576865869	3.845543186187066e-07	2.5013853826520083e-08	0.0	0.0	0.0	0.0	0.0	0.0	0.0	0.0	0.0	0.0	0.0
6203.293102702701	-19.762704110554296	38480845.318038896	390.5644737613197	15384.141188480684	-24.37206825223984	593.9977108918372	236671800.10710788	6241.666879689542	-10.587406355022722	38958405.43701338	112.09317332637552	7375.023958400919	9431.607671701757	1.292622	25.023548	0.0293614010496628	0.0170196055130914	0.0251527353	-0.0611313094	-0.0262386309	-0.0675207429	-0.0624373768	0.0568605128	-0.0162667502	-0.0544188794	-0.0046140802	0.0403888625	0.0282047847	-0.0923412419	0.0515361167	-0.0316716947	-0.1431601101	0.0571781475	-0.056001973	-0.0736905804	0.0748879259	0.0719253545	0.0511646793	-0.0371755016	-0.0053873897	0.0093745078	-0.0793626727	-0.0547057658	-0.0096938354	0.132000016	-0.1236494361	0.0496947665	-0.0861449506	0.0326626546	0.0632947651	0.0311762245	0.0230026333	0.0463080126	0.0493772392	0.1510963143	-0.0084756527	0.1073339526	0.0100755893	0.0146145675	-0.0402067829	0.0511681325	0.0780586846	-0.0327275011	0.0101278564	0.0686162105	-0.1116377257	0.0222326452	0.0034844612	0.0017219885	-0.0103977503	-0.0149703058	0.057536906	0.0074529481	0.0026733415	-0.0180308575	0.0142104019	0.0984895526	0.0182027418	0.1038331507	-0.0294517442	0.0166029257	-0.0285458005	0.0051160581	0.0677941344	-0.0732285709	-0.0284910247	-0.0506425767	0.0406358554	0.0387428889	-0.1521572993	-0.023493073	0.0353469307	0.0068863768	-0.0590097857	0.0612239694	-0.063386792	0.0465589466	0.0253597737	-0.0092971908	0.0338106475	-0.0927087463	0.0310904642	-0.0663786192	0.0225692903	0.0574539491	-0.0322580536	-0.033390671	-0.0651082679	0.0964758493	-0.1328940641	-0.0437539958	0.0331143965	-0.0556466383	-0.0176892728	-0.0621186498	0.030496433	0.078103547	-0.0655689808	-0.0585274422	-0.1323747481	-0.0771028821	0.0424337074	0.1384602179	0.0638783853	-0.0543883101	0.1020852603	0.0985679939	0.0718319854	0.0429406792	0.0095145584	-0.008536145	-0.0135875876	0.036659488	0.0974519872	0.0224830565	0.1155214918	-0.0015730455	0.0522216834	-0.0489733142	0.0595612922	-0.1110818485	-0.0666422176	0.0221825476	-0.0639956125	-0.0552430857	0.0342389448	-0.0628774216	0.1124326234	-0.0228108289	0.097232462	0.004121489	0.0042975331	0.0193095846	0.014540955	-0.0245267886	0.040068389	-0.0387592248	-0.0852124207	0.0089295519	-0.0261315601	0.0231060817	-0.0039272807	-0.0596867415	0.035013925	-0.0237051577	0.0962201564	0.0200296545	0.0202877619	0.0622420962	-0.0242420703	0.0324794567	0.0868430596	-0.0548916577	0.0071006033	0.1109859963	-0.0435442835	0.1042145684	-0.0354320089	0.0176631793	-0.121127249	-0.0236856468	-0.0453117222	0.0093741012	0.0765565599	0.0856787311	0.0550033047	-0.0257811777	-0.0932309089	0.0931722015	-0.0930743832	0.0929374951	-0.0927615946	0.0925467555	-0.0922930681	0.0920006388	-0.0916695905	0.0	0.1091796070667641	0.0001332681941762	0.011920186599253	1.776041157898767e-08	0.0310758249226523	-0.014197855102168	0.0002015790895021	0.0009657068946233	-0.3338903818805363	1.3566392098596223e-05	0.1114827871123303	1.840469945728541e-10	-0.0012130500918641	0.0001213154941077	1.4714905253715013e-06	1.4717449110595432e-08	0.0020627704488576	-1.4374610939971513e-07	2.066294396755487e-14	4.2550219246801855e-06	-0.0004412494510039	0.0001788749870073	1.9470107801124318e-07	3.1996260976861764e-08	0.0	0.0	0.0	0.0	0.0	0.0	0.0	0.0	0.0	0.0	0.0
6183.7780023587065	-19.515100343994163	38239110.38245544	380.8391414361611	15369.733292334193	-14.407896146491112	207.58747136807344	236228701.47748607	6233.537330906635	-8.129548782906568	38856987.655806616	66.08956341365766	7357.7211350374355	9367.763396763115	1.246137	24.123663	0.0503039224206512	0.0285470251516317	-0.0640599691	0.0308574382	-0.046322408	0.0284026957	-0.0908730342	-0.045226418	-0.0063421934	-0.1154403076	0.0100438334	0.060389409	0.0862960672	-0.0169446262	0.0132602505	0.1576730279	0.0101307579	0.0228135971	0.0600626488	-0.0027744421	0.0515833711	-0.0705226182	-0.0230591293	-0.096685145	0.0342736039	-0.0453194276	0.0107971412	-0.0096159557	-0.0073269421	0.0353165812	-0.1141740975	-0.0370667651	-0.0217078876	-0.0085220889	0.0617352179	0.0505488241	0.0704810798	0.0091832266	0.0234018037	0.0061672048	0.0984181662	-0.0759109492	-0.0530444534	0.1336656253	0.1003678513	0.0246678717	0.0917375904	-0.0501456354	0.0467499708	-0.0061183231	-0.0444035742	-0.0227865813	-0.0072996905	0.0397113414	0.0169300378	0.0103715234	-0.0230468223	0.0137882712	-0.0879999159	0.0193225477	0.0795797068	-0.1069986655	0.0024050658	-0.0101863404	-0.0454194579	0.0734956477	-0.0762176942	0.0696354872	0.0721084905	0.0844532568	-0.0776412512	0.0233825967	-0.0699584276	-0.0219500677	-0.0894180306	-0.0265431938	0.0113404934	-0.0626902781	-0.0813120547	0.1170477981	0.027532389	0.0001796368	-0.0082268502	-0.1102632674	-0.0108052309	0.0483277741	0.0064577455	0.0208840108	0.0263029136	0.0779316497	-0.1391646659	0.0160232813	0.0515694299	0.0178105343	0.0111022059	-0.0255772213	-0.0493428391	-0.1015571945	0.0430893465	-0.0133721331	-0.1156432813	-0.0336518339	0.0847864172	-0.0497498436	-0.0724754667	-0.0227854751	0.0214887956	0.0411893595	-0.0391948067	-0.0099275287	0.0429700565	-0.0168831569	0.0217297611	-0.061605452	-0.0044241063	0.0221112537	-0.0895620238	0.0620415841	0.1115337183	0.0376656527	-0.0219700822	-0.1216799767	0.070075553	-0.0382248833	0.0112352952	0.0497684028	0.0639981134	0.0382874871	0.0510704067	-0.0070849709	-0.1193759329	0.0059955134	-0.063579971	-0.0347294673	0.0131142039	-0.0367332158	0.0129877733	-0.0443083184	0.0430479318	-0.0279337616	-0.0108479269	-0.0367237199	-0.0074633241	-0.008642353	-0.0012819397	-0.0853552383	-0.0419016103	-0.040121219	0.019674405	-0.0364151065	0.0073386257	0.0524695826	0.1547783854	0.0367403914	0.0521051921	-0.0483017195	-0.0049101568	-0.0275722896	0.0247283278	0.0317588954	-0.0920107438	0.110397808	0.0314364204	0.0207387709	-0.1324539265	-0.0258786556	-0.0238061163	0.0226737906	-0.1102024822	0.0534612199	0.0678743542	-0.0135426987	-0.0932483061	0.093241782	-0.0932309089	0.0932156873	-0.0931961179	0.0931722015	-0.0931439394	0.0931113328	-0.0930743832	0.0	0.1144100573178548	0.0052304502510906	0.0130896612154748	2.7357609829134635e-05	0.0332331950323379	0.0021573701096856	4.654245790164871e-06	0.0011044452520574	-0.3429805065552713	-0.0090901246747349	0.1176356278769105	8.263036660222549e-05	-0.0008282888862895	0.0003847612055745	6.860624791507002e-07	1.4804118531521958e-07	0.0020000890145239	-6.268143433370028e-05	3.92896221012998e-09	4.000356066019185e-06	-0.0002121725432094	0.0002290769077944	4.5017188091944704e-08	5.2476229684689855e-08	0.0	0.0	0.0	0.0	0.0	0.0	0.0	0.0	0.0	0.0	0.0
